case_id,case_label,destination,bin_start_us,bin_end_us,bin_center_us,wire_bytes_in_bin,bandwidth_gbps,utilization_pct,link_capacity_gbps,bin_width_us,evidence
c0-balanced,均衡 25/25/25/25,dst4,0.000000,0.250000,0.125000,0.000000,0.000000,0.000000,100.000000,0.250000,ns3-simulated/trace-derived
c0-balanced,均衡 25/25/25/25,dst4,0.250000,0.500000,0.375000,0.000000,0.000000,0.000000,100.000000,0.250000,ns3-simulated/trace-derived
c0-balanced,均衡 25/25/25/25,dst4,0.500000,0.750000,0.625000,933.000000,29.856000,29.856000,100.000000,0.250000,ns3-simulated/trace-derived
c0-balanced,均衡 25/25/25/25,dst4,0.750000,1.000000,0.875000,3125.000000,100.000000,100.000000,100.000000,0.250000,ns3-simulated/trace-derived
c0-balanced,均衡 25/25/25/25,dst4,1.000000,1.250000,1.125000,3125.000000,100.000000,100.000000,100.000000,0.250000,ns3-simulated/trace-derived
c0-balanced,均衡 25/25/25/25,dst4,1.250000,1.500000,1.375000,3125.000000,100.000000,100.000000,100.000000,0.250000,ns3-simulated/trace-derived
c0-balanced,均衡 25/25/25/25,dst4,1.500000,1.750000,1.625000,3125.000000,100.000000,100.000000,100.000000,0.250000,ns3-simulated/trace-derived
c0-balanced,均衡 25/25/25/25,dst4,1.750000,2.000000,1.875000,3125.000000,100.000000,100.000000,100.000000,0.250000,ns3-simulated/trace-derived
c0-balanced,均衡 25/25/25/25,dst4,2.000000,2.250000,2.125000,3125.000000,100.000000,100.000000,100.000000,0.250000,ns3-simulated/trace-derived
c0-balanced,均衡 25/25/25/25,dst4,2.250000,2.500000,2.375000,3125.000000,100.000000,100.000000,100.000000,0.250000,ns3-simulated/trace-derived
c0-balanced,均衡 25/25/25/25,dst4,2.500000,2.750000,2.625000,3125.000000,100.000000,100.000000,100.000000,0.250000,ns3-simulated/trace-derived
c0-balanced,均衡 25/25/25/25,dst4,2.750000,3.000000,2.875000,3125.000000,100.000000,100.000000,100.000000,0.250000,ns3-simulated/trace-derived
c0-balanced,均衡 25/25/25/25,dst4,3.000000,3.250000,3.125000,3125.000000,100.000000,100.000000,100.000000,0.250000,ns3-simulated/trace-derived
c0-balanced,均衡 25/25/25/25,dst4,3.250000,3.500000,3.375000,3125.000000,100.000000,100.000000,100.000000,0.250000,ns3-simulated/trace-derived
c0-balanced,均衡 25/25/25/25,dst4,3.500000,3.750000,3.625000,3125.000000,100.000000,100.000000,100.000000,0.250000,ns3-simulated/trace-derived
c0-balanced,均衡 25/25/25/25,dst4,3.750000,4.000000,3.875000,3125.000000,100.000000,100.000000,100.000000,0.250000,ns3-simulated/trace-derived
c0-balanced,均衡 25/25/25/25,dst4,4.000000,4.250000,4.125000,3125.000000,100.000000,100.000000,100.000000,0.250000,ns3-simulated/trace-derived
c0-balanced,均衡 25/25/25/25,dst4,4.250000,4.500000,4.375000,3125.000000,100.000000,100.000000,100.000000,0.250000,ns3-simulated/trace-derived
c0-balanced,均衡 25/25/25/25,dst4,4.500000,4.750000,4.625000,3125.000000,100.000000,100.000000,100.000000,0.250000,ns3-simulated/trace-derived
c0-balanced,均衡 25/25/25/25,dst4,4.750000,5.000000,4.875000,3125.000000,100.000000,100.000000,100.000000,0.250000,ns3-simulated/trace-derived
c0-balanced,均衡 25/25/25/25,dst4,5.000000,5.250000,5.125000,3125.000000,100.000000,100.000000,100.000000,0.250000,ns3-simulated/trace-derived
c0-balanced,均衡 25/25/25/25,dst4,5.250000,5.500000,5.375000,3125.000000,100.000000,100.000000,100.000000,0.250000,ns3-simulated/trace-derived
c0-balanced,均衡 25/25/25/25,dst4,5.500000,5.750000,5.625000,3125.000000,100.000000,100.000000,100.000000,0.250000,ns3-simulated/trace-derived
c0-balanced,均衡 25/25/25/25,dst4,5.750000,6.000000,5.875000,3125.000000,100.000000,100.000000,100.000000,0.250000,ns3-simulated/trace-derived
c0-balanced,均衡 25/25/25/25,dst4,6.000000,6.250000,6.125000,3125.000000,100.000000,100.000000,100.000000,0.250000,ns3-simulated/trace-derived
c0-balanced,均衡 25/25/25/25,dst4,6.250000,6.500000,6.375000,3125.000000,100.000000,100.000000,100.000000,0.250000,ns3-simulated/trace-derived
c0-balanced,均衡 25/25/25/25,dst4,6.500000,6.750000,6.625000,3125.000000,100.000000,100.000000,100.000000,0.250000,ns3-simulated/trace-derived
c0-balanced,均衡 25/25/25/25,dst4,6.750000,7.000000,6.875000,3125.000000,100.000000,100.000000,100.000000,0.250000,ns3-simulated/trace-derived
c0-balanced,均衡 25/25/25/25,dst4,7.000000,7.250000,7.125000,3125.000000,100.000000,100.000000,100.000000,0.250000,ns3-simulated/trace-derived
c0-balanced,均衡 25/25/25/25,dst4,7.250000,7.500000,7.375000,3125.000000,100.000000,100.000000,100.000000,0.250000,ns3-simulated/trace-derived
c0-balanced,均衡 25/25/25/25,dst4,7.500000,7.750000,7.625000,3125.000000,100.000000,100.000000,100.000000,0.250000,ns3-simulated/trace-derived
c0-balanced,均衡 25/25/25/25,dst4,7.750000,8.000000,7.875000,3125.000000,100.000000,100.000000,100.000000,0.250000,ns3-simulated/trace-derived
c0-balanced,均衡 25/25/25/25,dst4,8.000000,8.250000,8.125000,3125.000000,100.000000,100.000000,100.000000,0.250000,ns3-simulated/trace-derived
c0-balanced,均衡 25/25/25/25,dst4,8.250000,8.500000,8.375000,3125.000000,100.000000,100.000000,100.000000,0.250000,ns3-simulated/trace-derived
c0-balanced,均衡 25/25/25/25,dst4,8.500000,8.750000,8.625000,3125.000000,100.000000,100.000000,100.000000,0.250000,ns3-simulated/trace-derived
c0-balanced,均衡 25/25/25/25,dst4,8.750000,9.000000,8.875000,3125.000000,100.000000,100.000000,100.000000,0.250000,ns3-simulated/trace-derived
c0-balanced,均衡 25/25/25/25,dst4,9.000000,9.250000,9.125000,3125.000000,100.000000,100.000000,100.000000,0.250000,ns3-simulated/trace-derived
c0-balanced,均衡 25/25/25/25,dst4,9.250000,9.500000,9.375000,3125.000000,100.000000,100.000000,100.000000,0.250000,ns3-simulated/trace-derived
c0-balanced,均衡 25/25/25/25,dst4,9.500000,9.750000,9.625000,3125.000000,100.000000,100.000000,100.000000,0.250000,ns3-simulated/trace-derived
c0-balanced,均衡 25/25/25/25,dst4,9.750000,10.000000,9.875000,3125.000000,100.000000,100.000000,100.000000,0.250000,ns3-simulated/trace-derived
c0-balanced,均衡 25/25/25/25,dst4,10.000000,10.250000,10.125000,3125.000000,100.000000,100.000000,100.000000,0.250000,ns3-simulated/trace-derived
c0-balanced,均衡 25/25/25/25,dst4,10.250000,10.500000,10.375000,3125.000000,100.000000,100.000000,100.000000,0.250000,ns3-simulated/trace-derived
c0-balanced,均衡 25/25/25/25,dst4,10.500000,10.750000,10.625000,3125.000000,100.000000,100.000000,100.000000,0.250000,ns3-simulated/trace-derived
c0-balanced,均衡 25/25/25/25,dst4,10.750000,11.000000,10.875000,3125.000000,100.000000,100.000000,100.000000,0.250000,ns3-simulated/trace-derived
c0-balanced,均衡 25/25/25/25,dst4,11.000000,11.250000,11.125000,3125.000000,100.000000,100.000000,100.000000,0.250000,ns3-simulated/trace-derived
c0-balanced,均衡 25/25/25/25,dst4,11.250000,11.500000,11.375000,3125.000000,100.000000,100.000000,100.000000,0.250000,ns3-simulated/trace-derived
c0-balanced,均衡 25/25/25/25,dst4,11.500000,11.750000,11.625000,3125.000000,100.000000,100.000000,100.000000,0.250000,ns3-simulated/trace-derived
c0-balanced,均衡 25/25/25/25,dst4,11.750000,12.000000,11.875000,3125.000000,100.000000,100.000000,100.000000,0.250000,ns3-simulated/trace-derived
c0-balanced,均衡 25/25/25/25,dst4,12.000000,12.250000,12.125000,3125.000000,100.000000,100.000000,100.000000,0.250000,ns3-simulated/trace-derived
c0-balanced,均衡 25/25/25/25,dst4,12.250000,12.500000,12.375000,3125.000000,100.000000,100.000000,100.000000,0.250000,ns3-simulated/trace-derived
c0-balanced,均衡 25/25/25/25,dst4,12.500000,12.750000,12.625000,3125.000000,100.000000,100.000000,100.000000,0.250000,ns3-simulated/trace-derived
c0-balanced,均衡 25/25/25/25,dst4,12.750000,13.000000,12.875000,3125.000000,100.000000,100.000000,100.000000,0.250000,ns3-simulated/trace-derived
c0-balanced,均衡 25/25/25/25,dst4,13.000000,13.250000,13.125000,3125.000000,100.000000,100.000000,100.000000,0.250000,ns3-simulated/trace-derived
c0-balanced,均衡 25/25/25/25,dst4,13.250000,13.500000,13.375000,3125.000000,100.000000,100.000000,100.000000,0.250000,ns3-simulated/trace-derived
c0-balanced,均衡 25/25/25/25,dst4,13.500000,13.750000,13.625000,3125.000000,100.000000,100.000000,100.000000,0.250000,ns3-simulated/trace-derived
c0-balanced,均衡 25/25/25/25,dst4,13.750000,14.000000,13.875000,3125.000000,100.000000,100.000000,100.000000,0.250000,ns3-simulated/trace-derived
c0-balanced,均衡 25/25/25/25,dst4,14.000000,14.250000,14.125000,3125.000000,100.000000,100.000000,100.000000,0.250000,ns3-simulated/trace-derived
c0-balanced,均衡 25/25/25/25,dst4,14.250000,14.500000,14.375000,3125.000000,100.000000,100.000000,100.000000,0.250000,ns3-simulated/trace-derived
c0-balanced,均衡 25/25/25/25,dst4,14.500000,14.750000,14.625000,3125.000000,100.000000,100.000000,100.000000,0.250000,ns3-simulated/trace-derived
c0-balanced,均衡 25/25/25/25,dst4,14.750000,15.000000,14.875000,3125.000000,100.000000,100.000000,100.000000,0.250000,ns3-simulated/trace-derived
c0-balanced,均衡 25/25/25/25,dst4,15.000000,15.250000,15.125000,3125.000000,100.000000,100.000000,100.000000,0.250000,ns3-simulated/trace-derived
c0-balanced,均衡 25/25/25/25,dst4,15.250000,15.500000,15.375000,3125.000000,100.000000,100.000000,100.000000,0.250000,ns3-simulated/trace-derived
c0-balanced,均衡 25/25/25/25,dst4,15.500000,15.750000,15.625000,3125.000000,100.000000,100.000000,100.000000,0.250000,ns3-simulated/trace-derived
c0-balanced,均衡 25/25/25/25,dst4,15.750000,16.000000,15.875000,3125.000000,100.000000,100.000000,100.000000,0.250000,ns3-simulated/trace-derived
c0-balanced,均衡 25/25/25/25,dst4,16.000000,16.250000,16.125000,3125.000000,100.000000,100.000000,100.000000,0.250000,ns3-simulated/trace-derived
c0-balanced,均衡 25/25/25/25,dst4,16.250000,16.500000,16.375000,3125.000000,100.000000,100.000000,100.000000,0.250000,ns3-simulated/trace-derived
c0-balanced,均衡 25/25/25/25,dst4,16.500000,16.750000,16.625000,3125.000000,100.000000,100.000000,100.000000,0.250000,ns3-simulated/trace-derived
c0-balanced,均衡 25/25/25/25,dst4,16.750000,17.000000,16.875000,3125.000000,100.000000,100.000000,100.000000,0.250000,ns3-simulated/trace-derived
c0-balanced,均衡 25/25/25/25,dst4,17.000000,17.250000,17.125000,3125.000000,100.000000,100.000000,100.000000,0.250000,ns3-simulated/trace-derived
c0-balanced,均衡 25/25/25/25,dst4,17.250000,17.500000,17.375000,3125.000000,100.000000,100.000000,100.000000,0.250000,ns3-simulated/trace-derived
c0-balanced,均衡 25/25/25/25,dst4,17.500000,17.750000,17.625000,3125.000000,100.000000,100.000000,100.000000,0.250000,ns3-simulated/trace-derived
c0-balanced,均衡 25/25/25/25,dst4,17.750000,18.000000,17.875000,3125.000000,100.000000,100.000000,100.000000,0.250000,ns3-simulated/trace-derived
c0-balanced,均衡 25/25/25/25,dst4,18.000000,18.250000,18.125000,3125.000000,100.000000,100.000000,100.000000,0.250000,ns3-simulated/trace-derived
c0-balanced,均衡 25/25/25/25,dst4,18.250000,18.500000,18.375000,3125.000000,100.000000,100.000000,100.000000,0.250000,ns3-simulated/trace-derived
c0-balanced,均衡 25/25/25/25,dst4,18.500000,18.750000,18.625000,3125.000000,100.000000,100.000000,100.000000,0.250000,ns3-simulated/trace-derived
c0-balanced,均衡 25/25/25/25,dst4,18.750000,19.000000,18.875000,3125.000000,100.000000,100.000000,100.000000,0.250000,ns3-simulated/trace-derived
c0-balanced,均衡 25/25/25/25,dst4,19.000000,19.250000,19.125000,3125.000000,100.000000,100.000000,100.000000,0.250000,ns3-simulated/trace-derived
c0-balanced,均衡 25/25/25/25,dst4,19.250000,19.500000,19.375000,3125.000000,100.000000,100.000000,100.000000,0.250000,ns3-simulated/trace-derived
c0-balanced,均衡 25/25/25/25,dst4,19.500000,19.750000,19.625000,3125.000000,100.000000,100.000000,100.000000,0.250000,ns3-simulated/trace-derived
c0-balanced,均衡 25/25/25/25,dst4,19.750000,20.000000,19.875000,3125.000000,100.000000,100.000000,100.000000,0.250000,ns3-simulated/trace-derived
c0-balanced,均衡 25/25/25/25,dst4,20.000000,20.250000,20.125000,3125.000000,100.000000,100.000000,100.000000,0.250000,ns3-simulated/trace-derived
c0-balanced,均衡 25/25/25/25,dst4,20.250000,20.500000,20.375000,3125.000000,100.000000,100.000000,100.000000,0.250000,ns3-simulated/trace-derived
c0-balanced,均衡 25/25/25/25,dst4,20.500000,20.750000,20.625000,3125.000000,100.000000,100.000000,100.000000,0.250000,ns3-simulated/trace-derived
c0-balanced,均衡 25/25/25/25,dst4,20.750000,21.000000,20.875000,3125.000000,100.000000,100.000000,100.000000,0.250000,ns3-simulated/trace-derived
c0-balanced,均衡 25/25/25/25,dst4,21.000000,21.250000,21.125000,3125.000000,100.000000,100.000000,100.000000,0.250000,ns3-simulated/trace-derived
c0-balanced,均衡 25/25/25/25,dst4,21.250000,21.500000,21.375000,3125.000000,100.000000,100.000000,100.000000,0.250000,ns3-simulated/trace-derived
c0-balanced,均衡 25/25/25/25,dst4,21.500000,21.750000,21.625000,3125.000000,100.000000,100.000000,100.000000,0.250000,ns3-simulated/trace-derived
c0-balanced,均衡 25/25/25/25,dst4,21.750000,22.000000,21.875000,3125.000000,100.000000,100.000000,100.000000,0.250000,ns3-simulated/trace-derived
c0-balanced,均衡 25/25/25/25,dst4,22.000000,22.250000,22.125000,3125.000000,100.000000,100.000000,100.000000,0.250000,ns3-simulated/trace-derived
c0-balanced,均衡 25/25/25/25,dst4,22.250000,22.500000,22.375000,3125.000000,100.000000,100.000000,100.000000,0.250000,ns3-simulated/trace-derived
c0-balanced,均衡 25/25/25/25,dst4,22.500000,22.750000,22.625000,3125.000000,100.000000,100.000000,100.000000,0.250000,ns3-simulated/trace-derived
c0-balanced,均衡 25/25/25/25,dst4,22.750000,23.000000,22.875000,3125.000000,100.000000,100.000000,100.000000,0.250000,ns3-simulated/trace-derived
c0-balanced,均衡 25/25/25/25,dst4,23.000000,23.250000,23.125000,3125.000000,100.000000,100.000000,100.000000,0.250000,ns3-simulated/trace-derived
c0-balanced,均衡 25/25/25/25,dst4,23.250000,23.500000,23.375000,1649.000000,52.768000,52.768000,100.000000,0.250000,ns3-simulated/trace-derived
c0-balanced,均衡 25/25/25/25,dst4,23.500000,23.750000,23.625000,0.000000,0.000000,0.000000,100.000000,0.250000,ns3-simulated/trace-derived
c0-balanced,均衡 25/25/25/25,dst4,23.750000,24.000000,23.875000,0.000000,0.000000,0.000000,100.000000,0.250000,ns3-simulated/trace-derived
c0-balanced,均衡 25/25/25/25,dst4,24.000000,24.250000,24.125000,0.000000,0.000000,0.000000,100.000000,0.250000,ns3-simulated/trace-derived
c0-balanced,均衡 25/25/25/25,dst4,24.250000,24.500000,24.375000,0.000000,0.000000,0.000000,100.000000,0.250000,ns3-simulated/trace-derived
c0-balanced,均衡 25/25/25/25,dst4,24.500000,24.750000,24.625000,0.000000,0.000000,0.000000,100.000000,0.250000,ns3-simulated/trace-derived
c0-balanced,均衡 25/25/25/25,dst4,24.750000,25.000000,24.875000,0.000000,0.000000,0.000000,100.000000,0.250000,ns3-simulated/trace-derived
c0-balanced,均衡 25/25/25/25,dst4,25.000000,25.250000,25.125000,0.000000,0.000000,0.000000,100.000000,0.250000,ns3-simulated/trace-derived
c0-balanced,均衡 25/25/25/25,dst4,25.250000,25.500000,25.375000,0.000000,0.000000,0.000000,100.000000,0.250000,ns3-simulated/trace-derived
c0-balanced,均衡 25/25/25/25,dst4,25.500000,25.750000,25.625000,0.000000,0.000000,0.000000,100.000000,0.250000,ns3-simulated/trace-derived
c0-balanced,均衡 25/25/25/25,dst4,25.750000,26.000000,25.875000,0.000000,0.000000,0.000000,100.000000,0.250000,ns3-simulated/trace-derived
c0-balanced,均衡 25/25/25/25,dst4,26.000000,26.250000,26.125000,0.000000,0.000000,0.000000,100.000000,0.250000,ns3-simulated/trace-derived
c0-balanced,均衡 25/25/25/25,dst4,26.250000,26.500000,26.375000,0.000000,0.000000,0.000000,100.000000,0.250000,ns3-simulated/trace-derived
c0-balanced,均衡 25/25/25/25,dst4,26.500000,26.750000,26.625000,0.000000,0.000000,0.000000,100.000000,0.250000,ns3-simulated/trace-derived
c0-balanced,均衡 25/25/25/25,dst4,26.750000,27.000000,26.875000,0.000000,0.000000,0.000000,100.000000,0.250000,ns3-simulated/trace-derived
c0-balanced,均衡 25/25/25/25,dst4,27.000000,27.250000,27.125000,0.000000,0.000000,0.000000,100.000000,0.250000,ns3-simulated/trace-derived
c0-balanced,均衡 25/25/25/25,dst4,27.250000,27.500000,27.375000,0.000000,0.000000,0.000000,100.000000,0.250000,ns3-simulated/trace-derived
c0-balanced,均衡 25/25/25/25,dst4,27.500000,27.750000,27.625000,0.000000,0.000000,0.000000,100.000000,0.250000,ns3-simulated/trace-derived
c0-balanced,均衡 25/25/25/25,dst4,27.750000,28.000000,27.875000,0.000000,0.000000,0.000000,100.000000,0.250000,ns3-simulated/trace-derived
c0-balanced,均衡 25/25/25/25,dst4,28.000000,28.250000,28.125000,0.000000,0.000000,0.000000,100.000000,0.250000,ns3-simulated/trace-derived
c0-balanced,均衡 25/25/25/25,dst4,28.250000,28.500000,28.375000,0.000000,0.000000,0.000000,100.000000,0.250000,ns3-simulated/trace-derived
c0-balanced,均衡 25/25/25/25,dst4,28.500000,28.750000,28.625000,0.000000,0.000000,0.000000,100.000000,0.250000,ns3-simulated/trace-derived
c0-balanced,均衡 25/25/25/25,dst4,28.750000,29.000000,28.875000,0.000000,0.000000,0.000000,100.000000,0.250000,ns3-simulated/trace-derived
c0-balanced,均衡 25/25/25/25,dst4,29.000000,29.250000,29.125000,0.000000,0.000000,0.000000,100.000000,0.250000,ns3-simulated/trace-derived
c0-balanced,均衡 25/25/25/25,dst4,29.250000,29.500000,29.375000,0.000000,0.000000,0.000000,100.000000,0.250000,ns3-simulated/trace-derived
c0-balanced,均衡 25/25/25/25,dst4,29.500000,29.750000,29.625000,0.000000,0.000000,0.000000,100.000000,0.250000,ns3-simulated/trace-derived
c0-balanced,均衡 25/25/25/25,dst4,29.750000,30.000000,29.875000,0.000000,0.000000,0.000000,100.000000,0.250000,ns3-simulated/trace-derived
c0-balanced,均衡 25/25/25/25,dst4,30.000000,30.250000,30.125000,0.000000,0.000000,0.000000,100.000000,0.250000,ns3-simulated/trace-derived
c0-balanced,均衡 25/25/25/25,dst4,30.250000,30.500000,30.375000,0.000000,0.000000,0.000000,100.000000,0.250000,ns3-simulated/trace-derived
c0-balanced,均衡 25/25/25/25,dst4,30.500000,30.750000,30.625000,0.000000,0.000000,0.000000,100.000000,0.250000,ns3-simulated/trace-derived
c0-balanced,均衡 25/25/25/25,dst4,30.750000,31.000000,30.875000,0.000000,0.000000,0.000000,100.000000,0.250000,ns3-simulated/trace-derived
c0-balanced,均衡 25/25/25/25,dst4,31.000000,31.250000,31.125000,0.000000,0.000000,0.000000,100.000000,0.250000,ns3-simulated/trace-derived
c0-balanced,均衡 25/25/25/25,dst4,31.250000,31.500000,31.375000,0.000000,0.000000,0.000000,100.000000,0.250000,ns3-simulated/trace-derived
c0-balanced,均衡 25/25/25/25,dst4,31.500000,31.750000,31.625000,0.000000,0.000000,0.000000,100.000000,0.250000,ns3-simulated/trace-derived
c0-balanced,均衡 25/25/25/25,dst4,31.750000,32.000000,31.875000,0.000000,0.000000,0.000000,100.000000,0.250000,ns3-simulated/trace-derived
c0-balanced,均衡 25/25/25/25,dst4,32.000000,32.250000,32.125000,0.000000,0.000000,0.000000,100.000000,0.250000,ns3-simulated/trace-derived
c0-balanced,均衡 25/25/25/25,dst4,32.250000,32.500000,32.375000,0.000000,0.000000,0.000000,100.000000,0.250000,ns3-simulated/trace-derived
c0-balanced,均衡 25/25/25/25,dst4,32.500000,32.750000,32.625000,0.000000,0.000000,0.000000,100.000000,0.250000,ns3-simulated/trace-derived
c0-balanced,均衡 25/25/25/25,dst4,32.750000,33.000000,32.875000,0.000000,0.000000,0.000000,100.000000,0.250000,ns3-simulated/trace-derived
c0-balanced,均衡 25/25/25/25,dst4,33.000000,33.250000,33.125000,0.000000,0.000000,0.000000,100.000000,0.250000,ns3-simulated/trace-derived
c0-balanced,均衡 25/25/25/25,dst4,33.250000,33.500000,33.375000,0.000000,0.000000,0.000000,100.000000,0.250000,ns3-simulated/trace-derived
c0-balanced,均衡 25/25/25/25,dst4,33.500000,33.750000,33.625000,0.000000,0.000000,0.000000,100.000000,0.250000,ns3-simulated/trace-derived
c0-balanced,均衡 25/25/25/25,dst4,33.750000,34.000000,33.875000,0.000000,0.000000,0.000000,100.000000,0.250000,ns3-simulated/trace-derived
c0-balanced,均衡 25/25/25/25,dst4,34.000000,34.250000,34.125000,0.000000,0.000000,0.000000,100.000000,0.250000,ns3-simulated/trace-derived
c0-balanced,均衡 25/25/25/25,dst4,34.250000,34.500000,34.375000,0.000000,0.000000,0.000000,100.000000,0.250000,ns3-simulated/trace-derived
c0-balanced,均衡 25/25/25/25,dst4,34.500000,34.750000,34.625000,0.000000,0.000000,0.000000,100.000000,0.250000,ns3-simulated/trace-derived
c0-balanced,均衡 25/25/25/25,dst4,34.750000,35.000000,34.875000,0.000000,0.000000,0.000000,100.000000,0.250000,ns3-simulated/trace-derived
c0-balanced,均衡 25/25/25/25,dst4,35.000000,35.250000,35.125000,0.000000,0.000000,0.000000,100.000000,0.250000,ns3-simulated/trace-derived
c0-balanced,均衡 25/25/25/25,dst4,35.250000,35.500000,35.375000,0.000000,0.000000,0.000000,100.000000,0.250000,ns3-simulated/trace-derived
c0-balanced,均衡 25/25/25/25,dst4,35.500000,35.750000,35.625000,0.000000,0.000000,0.000000,100.000000,0.250000,ns3-simulated/trace-derived
c0-balanced,均衡 25/25/25/25,dst4,35.750000,36.000000,35.875000,0.000000,0.000000,0.000000,100.000000,0.250000,ns3-simulated/trace-derived
c0-balanced,均衡 25/25/25/25,dst4,36.000000,36.250000,36.125000,0.000000,0.000000,0.000000,100.000000,0.250000,ns3-simulated/trace-derived
c0-balanced,均衡 25/25/25/25,dst4,36.250000,36.500000,36.375000,0.000000,0.000000,0.000000,100.000000,0.250000,ns3-simulated/trace-derived
c0-balanced,均衡 25/25/25/25,dst4,36.500000,36.750000,36.625000,0.000000,0.000000,0.000000,100.000000,0.250000,ns3-simulated/trace-derived
c0-balanced,均衡 25/25/25/25,dst4,36.750000,37.000000,36.875000,0.000000,0.000000,0.000000,100.000000,0.250000,ns3-simulated/trace-derived
c0-balanced,均衡 25/25/25/25,dst4,37.000000,37.250000,37.125000,0.000000,0.000000,0.000000,100.000000,0.250000,ns3-simulated/trace-derived
c0-balanced,均衡 25/25/25/25,dst4,37.250000,37.500000,37.375000,0.000000,0.000000,0.000000,100.000000,0.250000,ns3-simulated/trace-derived
c0-balanced,均衡 25/25/25/25,dst4,37.500000,37.750000,37.625000,0.000000,0.000000,0.000000,100.000000,0.250000,ns3-simulated/trace-derived
c0-balanced,均衡 25/25/25/25,dst4,37.750000,38.000000,37.875000,0.000000,0.000000,0.000000,100.000000,0.250000,ns3-simulated/trace-derived
c0-balanced,均衡 25/25/25/25,dst4,38.000000,38.250000,38.125000,0.000000,0.000000,0.000000,100.000000,0.250000,ns3-simulated/trace-derived
c0-balanced,均衡 25/25/25/25,dst4,38.250000,38.500000,38.375000,0.000000,0.000000,0.000000,100.000000,0.250000,ns3-simulated/trace-derived
c0-balanced,均衡 25/25/25/25,dst4,38.500000,38.750000,38.625000,0.000000,0.000000,0.000000,100.000000,0.250000,ns3-simulated/trace-derived
c0-balanced,均衡 25/25/25/25,dst4,38.750000,39.000000,38.875000,0.000000,0.000000,0.000000,100.000000,0.250000,ns3-simulated/trace-derived
c0-balanced,均衡 25/25/25/25,dst4,39.000000,39.250000,39.125000,0.000000,0.000000,0.000000,100.000000,0.250000,ns3-simulated/trace-derived
c0-balanced,均衡 25/25/25/25,dst4,39.250000,39.500000,39.375000,0.000000,0.000000,0.000000,100.000000,0.250000,ns3-simulated/trace-derived
c0-balanced,均衡 25/25/25/25,dst4,39.500000,39.750000,39.625000,0.000000,0.000000,0.000000,100.000000,0.250000,ns3-simulated/trace-derived
c0-balanced,均衡 25/25/25/25,dst4,39.750000,40.000000,39.875000,0.000000,0.000000,0.000000,100.000000,0.250000,ns3-simulated/trace-derived
c0-balanced,均衡 25/25/25/25,dst4,40.000000,40.250000,40.125000,0.000000,0.000000,0.000000,100.000000,0.250000,ns3-simulated/trace-derived
c0-balanced,均衡 25/25/25/25,dst4,40.250000,40.500000,40.375000,0.000000,0.000000,0.000000,100.000000,0.250000,ns3-simulated/trace-derived
c0-balanced,均衡 25/25/25/25,dst4,40.500000,40.750000,40.625000,0.000000,0.000000,0.000000,100.000000,0.250000,ns3-simulated/trace-derived
c0-balanced,均衡 25/25/25/25,dst4,40.750000,41.000000,40.875000,0.000000,0.000000,0.000000,100.000000,0.250000,ns3-simulated/trace-derived
c0-balanced,均衡 25/25/25/25,dst4,41.000000,41.250000,41.125000,0.000000,0.000000,0.000000,100.000000,0.250000,ns3-simulated/trace-derived
c0-balanced,均衡 25/25/25/25,dst4,41.250000,41.500000,41.375000,0.000000,0.000000,0.000000,100.000000,0.250000,ns3-simulated/trace-derived
c0-balanced,均衡 25/25/25/25,dst4,41.500000,41.750000,41.625000,0.000000,0.000000,0.000000,100.000000,0.250000,ns3-simulated/trace-derived
c0-balanced,均衡 25/25/25/25,dst4,41.750000,42.000000,41.875000,0.000000,0.000000,0.000000,100.000000,0.250000,ns3-simulated/trace-derived
c0-balanced,均衡 25/25/25/25,dst4,42.000000,42.250000,42.125000,0.000000,0.000000,0.000000,100.000000,0.250000,ns3-simulated/trace-derived
c0-balanced,均衡 25/25/25/25,dst4,42.250000,42.500000,42.375000,0.000000,0.000000,0.000000,100.000000,0.250000,ns3-simulated/trace-derived
c0-balanced,均衡 25/25/25/25,dst4,42.500000,42.750000,42.625000,0.000000,0.000000,0.000000,100.000000,0.250000,ns3-simulated/trace-derived
c0-balanced,均衡 25/25/25/25,dst4,42.750000,43.000000,42.875000,0.000000,0.000000,0.000000,100.000000,0.250000,ns3-simulated/trace-derived
c0-balanced,均衡 25/25/25/25,dst4,43.000000,43.250000,43.125000,0.000000,0.000000,0.000000,100.000000,0.250000,ns3-simulated/trace-derived
c0-balanced,均衡 25/25/25/25,dst4,43.250000,43.500000,43.375000,0.000000,0.000000,0.000000,100.000000,0.250000,ns3-simulated/trace-derived
c0-balanced,均衡 25/25/25/25,dst4,43.500000,43.750000,43.625000,0.000000,0.000000,0.000000,100.000000,0.250000,ns3-simulated/trace-derived
c0-balanced,均衡 25/25/25/25,dst4,43.750000,44.000000,43.875000,0.000000,0.000000,0.000000,100.000000,0.250000,ns3-simulated/trace-derived
c0-balanced,均衡 25/25/25/25,dst4,44.000000,44.250000,44.125000,0.000000,0.000000,0.000000,100.000000,0.250000,ns3-simulated/trace-derived
c0-balanced,均衡 25/25/25/25,dst4,44.250000,44.500000,44.375000,0.000000,0.000000,0.000000,100.000000,0.250000,ns3-simulated/trace-derived
c0-balanced,均衡 25/25/25/25,dst4,44.500000,44.750000,44.625000,0.000000,0.000000,0.000000,100.000000,0.250000,ns3-simulated/trace-derived
c0-balanced,均衡 25/25/25/25,dst4,44.750000,45.000000,44.875000,0.000000,0.000000,0.000000,100.000000,0.250000,ns3-simulated/trace-derived
c0-balanced,均衡 25/25/25/25,dst4,45.000000,45.250000,45.125000,0.000000,0.000000,0.000000,100.000000,0.250000,ns3-simulated/trace-derived
c0-balanced,均衡 25/25/25/25,dst4,45.250000,45.500000,45.375000,0.000000,0.000000,0.000000,100.000000,0.250000,ns3-simulated/trace-derived
c0-balanced,均衡 25/25/25/25,dst4,45.500000,45.750000,45.625000,0.000000,0.000000,0.000000,100.000000,0.250000,ns3-simulated/trace-derived
c0-balanced,均衡 25/25/25/25,dst4,45.750000,46.000000,45.875000,0.000000,0.000000,0.000000,100.000000,0.250000,ns3-simulated/trace-derived
c0-balanced,均衡 25/25/25/25,dst4,46.000000,46.250000,46.125000,0.000000,0.000000,0.000000,100.000000,0.250000,ns3-simulated/trace-derived
c0-balanced,均衡 25/25/25/25,dst4,46.250000,46.500000,46.375000,0.000000,0.000000,0.000000,100.000000,0.250000,ns3-simulated/trace-derived
c0-balanced,均衡 25/25/25/25,dst4,46.500000,46.750000,46.625000,0.000000,0.000000,0.000000,100.000000,0.250000,ns3-simulated/trace-derived
c0-balanced,均衡 25/25/25/25,dst4,46.750000,47.000000,46.875000,0.000000,0.000000,0.000000,100.000000,0.250000,ns3-simulated/trace-derived
c0-balanced,均衡 25/25/25/25,dst4,47.000000,47.250000,47.125000,0.000000,0.000000,0.000000,100.000000,0.250000,ns3-simulated/trace-derived
c0-balanced,均衡 25/25/25/25,dst4,47.250000,47.500000,47.375000,0.000000,0.000000,0.000000,100.000000,0.250000,ns3-simulated/trace-derived
c0-balanced,均衡 25/25/25/25,dst4,47.500000,47.750000,47.625000,0.000000,0.000000,0.000000,100.000000,0.250000,ns3-simulated/trace-derived
c0-balanced,均衡 25/25/25/25,dst4,47.750000,48.000000,47.875000,0.000000,0.000000,0.000000,100.000000,0.250000,ns3-simulated/trace-derived
c0-balanced,均衡 25/25/25/25,dst4,48.000000,48.250000,48.125000,0.000000,0.000000,0.000000,100.000000,0.250000,ns3-simulated/trace-derived
c0-balanced,均衡 25/25/25/25,dst4,48.250000,48.500000,48.375000,0.000000,0.000000,0.000000,100.000000,0.250000,ns3-simulated/trace-derived
c0-balanced,均衡 25/25/25/25,dst4,48.500000,48.750000,48.625000,0.000000,0.000000,0.000000,100.000000,0.250000,ns3-simulated/trace-derived
c0-balanced,均衡 25/25/25/25,dst4,48.750000,49.000000,48.875000,0.000000,0.000000,0.000000,100.000000,0.250000,ns3-simulated/trace-derived
c0-balanced,均衡 25/25/25/25,dst4,49.000000,49.250000,49.125000,0.000000,0.000000,0.000000,100.000000,0.250000,ns3-simulated/trace-derived
c0-balanced,均衡 25/25/25/25,dst4,49.250000,49.500000,49.375000,0.000000,0.000000,0.000000,100.000000,0.250000,ns3-simulated/trace-derived
c0-balanced,均衡 25/25/25/25,dst4,49.500000,49.750000,49.625000,0.000000,0.000000,0.000000,100.000000,0.250000,ns3-simulated/trace-derived
c0-balanced,均衡 25/25/25/25,dst4,49.750000,50.000000,49.875000,0.000000,0.000000,0.000000,100.000000,0.250000,ns3-simulated/trace-derived
c0-balanced,均衡 25/25/25/25,dst4,50.000000,50.250000,50.125000,0.000000,0.000000,0.000000,100.000000,0.250000,ns3-simulated/trace-derived
c0-balanced,均衡 25/25/25/25,dst4,50.250000,50.500000,50.375000,0.000000,0.000000,0.000000,100.000000,0.250000,ns3-simulated/trace-derived
c0-balanced,均衡 25/25/25/25,dst4,50.500000,50.750000,50.625000,0.000000,0.000000,0.000000,100.000000,0.250000,ns3-simulated/trace-derived
c0-balanced,均衡 25/25/25/25,dst4,50.750000,51.000000,50.875000,0.000000,0.000000,0.000000,100.000000,0.250000,ns3-simulated/trace-derived
c0-balanced,均衡 25/25/25/25,dst4,51.000000,51.250000,51.125000,0.000000,0.000000,0.000000,100.000000,0.250000,ns3-simulated/trace-derived
c0-balanced,均衡 25/25/25/25,dst4,51.250000,51.500000,51.375000,0.000000,0.000000,0.000000,100.000000,0.250000,ns3-simulated/trace-derived
c0-balanced,均衡 25/25/25/25,dst4,51.500000,51.750000,51.625000,0.000000,0.000000,0.000000,100.000000,0.250000,ns3-simulated/trace-derived
c0-balanced,均衡 25/25/25/25,dst4,51.750000,52.000000,51.875000,0.000000,0.000000,0.000000,100.000000,0.250000,ns3-simulated/trace-derived
c0-balanced,均衡 25/25/25/25,dst4,52.000000,52.250000,52.125000,0.000000,0.000000,0.000000,100.000000,0.250000,ns3-simulated/trace-derived
c0-balanced,均衡 25/25/25/25,dst4,52.250000,52.500000,52.375000,0.000000,0.000000,0.000000,100.000000,0.250000,ns3-simulated/trace-derived
c0-balanced,均衡 25/25/25/25,dst4,52.500000,52.750000,52.625000,0.000000,0.000000,0.000000,100.000000,0.250000,ns3-simulated/trace-derived
c0-balanced,均衡 25/25/25/25,dst4,52.750000,53.000000,52.875000,0.000000,0.000000,0.000000,100.000000,0.250000,ns3-simulated/trace-derived
c0-balanced,均衡 25/25/25/25,dst4,53.000000,53.250000,53.125000,0.000000,0.000000,0.000000,100.000000,0.250000,ns3-simulated/trace-derived
c0-balanced,均衡 25/25/25/25,dst4,53.250000,53.500000,53.375000,0.000000,0.000000,0.000000,100.000000,0.250000,ns3-simulated/trace-derived
c0-balanced,均衡 25/25/25/25,dst4,53.500000,53.750000,53.625000,0.000000,0.000000,0.000000,100.000000,0.250000,ns3-simulated/trace-derived
c0-balanced,均衡 25/25/25/25,dst4,53.750000,54.000000,53.875000,0.000000,0.000000,0.000000,100.000000,0.250000,ns3-simulated/trace-derived
c0-balanced,均衡 25/25/25/25,dst4,54.000000,54.250000,54.125000,0.000000,0.000000,0.000000,100.000000,0.250000,ns3-simulated/trace-derived
c0-balanced,均衡 25/25/25/25,dst4,54.250000,54.500000,54.375000,0.000000,0.000000,0.000000,100.000000,0.250000,ns3-simulated/trace-derived
c0-balanced,均衡 25/25/25/25,dst4,54.500000,54.750000,54.625000,0.000000,0.000000,0.000000,100.000000,0.250000,ns3-simulated/trace-derived
c0-balanced,均衡 25/25/25/25,dst4,54.750000,55.000000,54.875000,0.000000,0.000000,0.000000,100.000000,0.250000,ns3-simulated/trace-derived
c0-balanced,均衡 25/25/25/25,dst4,55.000000,55.250000,55.125000,0.000000,0.000000,0.000000,100.000000,0.250000,ns3-simulated/trace-derived
c0-balanced,均衡 25/25/25/25,dst4,55.250000,55.500000,55.375000,0.000000,0.000000,0.000000,100.000000,0.250000,ns3-simulated/trace-derived
c0-balanced,均衡 25/25/25/25,dst4,55.500000,55.750000,55.625000,0.000000,0.000000,0.000000,100.000000,0.250000,ns3-simulated/trace-derived
c0-balanced,均衡 25/25/25/25,dst4,55.750000,56.000000,55.875000,0.000000,0.000000,0.000000,100.000000,0.250000,ns3-simulated/trace-derived
c0-balanced,均衡 25/25/25/25,dst4,56.000000,56.250000,56.125000,0.000000,0.000000,0.000000,100.000000,0.250000,ns3-simulated/trace-derived
c0-balanced,均衡 25/25/25/25,dst4,56.250000,56.500000,56.375000,0.000000,0.000000,0.000000,100.000000,0.250000,ns3-simulated/trace-derived
c0-balanced,均衡 25/25/25/25,dst4,56.500000,56.750000,56.625000,0.000000,0.000000,0.000000,100.000000,0.250000,ns3-simulated/trace-derived
c0-balanced,均衡 25/25/25/25,dst4,56.750000,57.000000,56.875000,0.000000,0.000000,0.000000,100.000000,0.250000,ns3-simulated/trace-derived
c0-balanced,均衡 25/25/25/25,dst4,57.000000,57.250000,57.125000,0.000000,0.000000,0.000000,100.000000,0.250000,ns3-simulated/trace-derived
c0-balanced,均衡 25/25/25/25,dst4,57.250000,57.500000,57.375000,0.000000,0.000000,0.000000,100.000000,0.250000,ns3-simulated/trace-derived
c0-balanced,均衡 25/25/25/25,dst4,57.500000,57.750000,57.625000,0.000000,0.000000,0.000000,100.000000,0.250000,ns3-simulated/trace-derived
c0-balanced,均衡 25/25/25/25,dst4,57.750000,58.000000,57.875000,0.000000,0.000000,0.000000,100.000000,0.250000,ns3-simulated/trace-derived
c0-balanced,均衡 25/25/25/25,dst4,58.000000,58.250000,58.125000,0.000000,0.000000,0.000000,100.000000,0.250000,ns3-simulated/trace-derived
c0-balanced,均衡 25/25/25/25,dst4,58.250000,58.500000,58.375000,0.000000,0.000000,0.000000,100.000000,0.250000,ns3-simulated/trace-derived
c0-balanced,均衡 25/25/25/25,dst4,58.500000,58.750000,58.625000,0.000000,0.000000,0.000000,100.000000,0.250000,ns3-simulated/trace-derived
c0-balanced,均衡 25/25/25/25,dst4,58.750000,59.000000,58.875000,0.000000,0.000000,0.000000,100.000000,0.250000,ns3-simulated/trace-derived
c0-balanced,均衡 25/25/25/25,dst4,59.000000,59.250000,59.125000,0.000000,0.000000,0.000000,100.000000,0.250000,ns3-simulated/trace-derived
c0-balanced,均衡 25/25/25/25,dst4,59.250000,59.500000,59.375000,0.000000,0.000000,0.000000,100.000000,0.250000,ns3-simulated/trace-derived
c0-balanced,均衡 25/25/25/25,dst4,59.500000,59.750000,59.625000,0.000000,0.000000,0.000000,100.000000,0.250000,ns3-simulated/trace-derived
c0-balanced,均衡 25/25/25/25,dst4,59.750000,60.000000,59.875000,0.000000,0.000000,0.000000,100.000000,0.250000,ns3-simulated/trace-derived
c0-balanced,均衡 25/25/25/25,dst4,60.000000,60.250000,60.125000,0.000000,0.000000,0.000000,100.000000,0.250000,ns3-simulated/trace-derived
c0-balanced,均衡 25/25/25/25,dst4,60.250000,60.500000,60.375000,0.000000,0.000000,0.000000,100.000000,0.250000,ns3-simulated/trace-derived
c0-balanced,均衡 25/25/25/25,dst4,60.500000,60.750000,60.625000,0.000000,0.000000,0.000000,100.000000,0.250000,ns3-simulated/trace-derived
c0-balanced,均衡 25/25/25/25,dst4,60.750000,61.000000,60.875000,0.000000,0.000000,0.000000,100.000000,0.250000,ns3-simulated/trace-derived
c0-balanced,均衡 25/25/25/25,dst4,61.000000,61.250000,61.125000,0.000000,0.000000,0.000000,100.000000,0.250000,ns3-simulated/trace-derived
c0-balanced,均衡 25/25/25/25,dst4,61.250000,61.500000,61.375000,0.000000,0.000000,0.000000,100.000000,0.250000,ns3-simulated/trace-derived
c0-balanced,均衡 25/25/25/25,dst4,61.500000,61.750000,61.625000,0.000000,0.000000,0.000000,100.000000,0.250000,ns3-simulated/trace-derived
c0-balanced,均衡 25/25/25/25,dst4,61.750000,62.000000,61.875000,0.000000,0.000000,0.000000,100.000000,0.250000,ns3-simulated/trace-derived
c0-balanced,均衡 25/25/25/25,dst4,62.000000,62.250000,62.125000,0.000000,0.000000,0.000000,100.000000,0.250000,ns3-simulated/trace-derived
c0-balanced,均衡 25/25/25/25,dst4,62.250000,62.500000,62.375000,0.000000,0.000000,0.000000,100.000000,0.250000,ns3-simulated/trace-derived
c0-balanced,均衡 25/25/25/25,dst4,62.500000,62.750000,62.625000,0.000000,0.000000,0.000000,100.000000,0.250000,ns3-simulated/trace-derived
c0-balanced,均衡 25/25/25/25,dst4,62.750000,63.000000,62.875000,0.000000,0.000000,0.000000,100.000000,0.250000,ns3-simulated/trace-derived
c0-balanced,均衡 25/25/25/25,dst4,63.000000,63.250000,63.125000,0.000000,0.000000,0.000000,100.000000,0.250000,ns3-simulated/trace-derived
c0-balanced,均衡 25/25/25/25,dst4,63.250000,63.500000,63.375000,0.000000,0.000000,0.000000,100.000000,0.250000,ns3-simulated/trace-derived
c0-balanced,均衡 25/25/25/25,dst4,63.500000,63.750000,63.625000,0.000000,0.000000,0.000000,100.000000,0.250000,ns3-simulated/trace-derived
c0-balanced,均衡 25/25/25/25,dst4,63.750000,64.000000,63.875000,0.000000,0.000000,0.000000,100.000000,0.250000,ns3-simulated/trace-derived
c0-balanced,均衡 25/25/25/25,dst4,64.000000,64.250000,64.125000,0.000000,0.000000,0.000000,100.000000,0.250000,ns3-simulated/trace-derived
c0-balanced,均衡 25/25/25/25,dst4,64.250000,64.500000,64.375000,0.000000,0.000000,0.000000,100.000000,0.250000,ns3-simulated/trace-derived
c0-balanced,均衡 25/25/25/25,dst4,64.500000,64.750000,64.625000,0.000000,0.000000,0.000000,100.000000,0.250000,ns3-simulated/trace-derived
c0-balanced,均衡 25/25/25/25,dst4,64.750000,65.000000,64.875000,0.000000,0.000000,0.000000,100.000000,0.250000,ns3-simulated/trace-derived
c0-balanced,均衡 25/25/25/25,dst4,65.000000,65.250000,65.125000,0.000000,0.000000,0.000000,100.000000,0.250000,ns3-simulated/trace-derived
c0-balanced,均衡 25/25/25/25,dst4,65.250000,65.500000,65.375000,0.000000,0.000000,0.000000,100.000000,0.250000,ns3-simulated/trace-derived
c0-balanced,均衡 25/25/25/25,dst4,65.500000,65.750000,65.625000,0.000000,0.000000,0.000000,100.000000,0.250000,ns3-simulated/trace-derived
c0-balanced,均衡 25/25/25/25,dst4,65.750000,66.000000,65.875000,0.000000,0.000000,0.000000,100.000000,0.250000,ns3-simulated/trace-derived
c0-balanced,均衡 25/25/25/25,dst4,66.000000,66.250000,66.125000,0.000000,0.000000,0.000000,100.000000,0.250000,ns3-simulated/trace-derived
c0-balanced,均衡 25/25/25/25,dst4,66.250000,66.500000,66.375000,0.000000,0.000000,0.000000,100.000000,0.250000,ns3-simulated/trace-derived
c0-balanced,均衡 25/25/25/25,dst4,66.500000,66.750000,66.625000,0.000000,0.000000,0.000000,100.000000,0.250000,ns3-simulated/trace-derived
c0-balanced,均衡 25/25/25/25,dst4,66.750000,67.000000,66.875000,0.000000,0.000000,0.000000,100.000000,0.250000,ns3-simulated/trace-derived
c0-balanced,均衡 25/25/25/25,dst4,67.000000,67.250000,67.125000,0.000000,0.000000,0.000000,100.000000,0.250000,ns3-simulated/trace-derived
c0-balanced,均衡 25/25/25/25,dst4,67.250000,67.500000,67.375000,0.000000,0.000000,0.000000,100.000000,0.250000,ns3-simulated/trace-derived
c0-balanced,均衡 25/25/25/25,dst4,67.500000,67.750000,67.625000,0.000000,0.000000,0.000000,100.000000,0.250000,ns3-simulated/trace-derived
c0-balanced,均衡 25/25/25/25,dst4,67.750000,68.000000,67.875000,0.000000,0.000000,0.000000,100.000000,0.250000,ns3-simulated/trace-derived
c0-balanced,均衡 25/25/25/25,dst4,68.000000,68.250000,68.125000,0.000000,0.000000,0.000000,100.000000,0.250000,ns3-simulated/trace-derived
c0-balanced,均衡 25/25/25/25,dst4,68.250000,68.500000,68.375000,0.000000,0.000000,0.000000,100.000000,0.250000,ns3-simulated/trace-derived
c0-balanced,均衡 25/25/25/25,dst4,68.500000,68.750000,68.625000,0.000000,0.000000,0.000000,100.000000,0.250000,ns3-simulated/trace-derived
c0-balanced,均衡 25/25/25/25,dst4,68.750000,69.000000,68.875000,0.000000,0.000000,0.000000,100.000000,0.250000,ns3-simulated/trace-derived
c0-balanced,均衡 25/25/25/25,dst4,69.000000,69.250000,69.125000,0.000000,0.000000,0.000000,100.000000,0.250000,ns3-simulated/trace-derived
c0-balanced,均衡 25/25/25/25,dst4,69.250000,69.500000,69.375000,0.000000,0.000000,0.000000,100.000000,0.250000,ns3-simulated/trace-derived
c0-balanced,均衡 25/25/25/25,dst4,69.500000,69.750000,69.625000,0.000000,0.000000,0.000000,100.000000,0.250000,ns3-simulated/trace-derived
c0-balanced,均衡 25/25/25/25,dst4,69.750000,70.000000,69.875000,0.000000,0.000000,0.000000,100.000000,0.250000,ns3-simulated/trace-derived
c0-balanced,均衡 25/25/25/25,dst4,70.000000,70.250000,70.125000,0.000000,0.000000,0.000000,100.000000,0.250000,ns3-simulated/trace-derived
c0-balanced,均衡 25/25/25/25,dst4,70.250000,70.500000,70.375000,0.000000,0.000000,0.000000,100.000000,0.250000,ns3-simulated/trace-derived
c0-balanced,均衡 25/25/25/25,dst4,70.500000,70.750000,70.625000,0.000000,0.000000,0.000000,100.000000,0.250000,ns3-simulated/trace-derived
c0-balanced,均衡 25/25/25/25,dst4,70.750000,71.000000,70.875000,0.000000,0.000000,0.000000,100.000000,0.250000,ns3-simulated/trace-derived
c0-balanced,均衡 25/25/25/25,dst4,71.000000,71.250000,71.125000,0.000000,0.000000,0.000000,100.000000,0.250000,ns3-simulated/trace-derived
c0-balanced,均衡 25/25/25/25,dst4,71.250000,71.500000,71.375000,0.000000,0.000000,0.000000,100.000000,0.250000,ns3-simulated/trace-derived
c0-balanced,均衡 25/25/25/25,dst4,71.500000,71.750000,71.625000,0.000000,0.000000,0.000000,100.000000,0.250000,ns3-simulated/trace-derived
c0-balanced,均衡 25/25/25/25,dst4,71.750000,72.000000,71.875000,0.000000,0.000000,0.000000,100.000000,0.250000,ns3-simulated/trace-derived
c0-balanced,均衡 25/25/25/25,dst4,72.000000,72.250000,72.125000,0.000000,0.000000,0.000000,100.000000,0.250000,ns3-simulated/trace-derived
c0-balanced,均衡 25/25/25/25,dst4,72.250000,72.500000,72.375000,0.000000,0.000000,0.000000,100.000000,0.250000,ns3-simulated/trace-derived
c0-balanced,均衡 25/25/25/25,dst4,72.500000,72.750000,72.625000,0.000000,0.000000,0.000000,100.000000,0.250000,ns3-simulated/trace-derived
c0-balanced,均衡 25/25/25/25,dst4,72.750000,73.000000,72.875000,0.000000,0.000000,0.000000,100.000000,0.250000,ns3-simulated/trace-derived
c0-balanced,均衡 25/25/25/25,dst4,73.000000,73.250000,73.125000,0.000000,0.000000,0.000000,100.000000,0.250000,ns3-simulated/trace-derived
c0-balanced,均衡 25/25/25/25,dst4,73.250000,73.500000,73.375000,0.000000,0.000000,0.000000,100.000000,0.250000,ns3-simulated/trace-derived
c0-balanced,均衡 25/25/25/25,dst4,73.500000,73.750000,73.625000,0.000000,0.000000,0.000000,100.000000,0.250000,ns3-simulated/trace-derived
c0-balanced,均衡 25/25/25/25,dst4,73.750000,74.000000,73.875000,0.000000,0.000000,0.000000,100.000000,0.250000,ns3-simulated/trace-derived
c0-balanced,均衡 25/25/25/25,dst4,74.000000,74.250000,74.125000,0.000000,0.000000,0.000000,100.000000,0.250000,ns3-simulated/trace-derived
c0-balanced,均衡 25/25/25/25,dst4,74.250000,74.500000,74.375000,0.000000,0.000000,0.000000,100.000000,0.250000,ns3-simulated/trace-derived
c0-balanced,均衡 25/25/25/25,dst4,74.500000,74.750000,74.625000,0.000000,0.000000,0.000000,100.000000,0.250000,ns3-simulated/trace-derived
c0-balanced,均衡 25/25/25/25,dst4,74.750000,75.000000,74.875000,0.000000,0.000000,0.000000,100.000000,0.250000,ns3-simulated/trace-derived
c0-balanced,均衡 25/25/25/25,dst4,75.000000,75.250000,75.125000,0.000000,0.000000,0.000000,100.000000,0.250000,ns3-simulated/trace-derived
c0-balanced,均衡 25/25/25/25,dst4,75.250000,75.500000,75.375000,0.000000,0.000000,0.000000,100.000000,0.250000,ns3-simulated/trace-derived
c0-balanced,均衡 25/25/25/25,dst4,75.500000,75.750000,75.625000,0.000000,0.000000,0.000000,100.000000,0.250000,ns3-simulated/trace-derived
c0-balanced,均衡 25/25/25/25,dst4,75.750000,76.000000,75.875000,0.000000,0.000000,0.000000,100.000000,0.250000,ns3-simulated/trace-derived
c0-balanced,均衡 25/25/25/25,dst4,76.000000,76.250000,76.125000,0.000000,0.000000,0.000000,100.000000,0.250000,ns3-simulated/trace-derived
c0-balanced,均衡 25/25/25/25,dst4,76.250000,76.500000,76.375000,0.000000,0.000000,0.000000,100.000000,0.250000,ns3-simulated/trace-derived
c0-balanced,均衡 25/25/25/25,dst4,76.500000,76.750000,76.625000,0.000000,0.000000,0.000000,100.000000,0.250000,ns3-simulated/trace-derived
c0-balanced,均衡 25/25/25/25,dst4,76.750000,77.000000,76.875000,0.000000,0.000000,0.000000,100.000000,0.250000,ns3-simulated/trace-derived
c0-balanced,均衡 25/25/25/25,dst4,77.000000,77.250000,77.125000,0.000000,0.000000,0.000000,100.000000,0.250000,ns3-simulated/trace-derived
c0-balanced,均衡 25/25/25/25,dst4,77.250000,77.500000,77.375000,0.000000,0.000000,0.000000,100.000000,0.250000,ns3-simulated/trace-derived
c0-balanced,均衡 25/25/25/25,dst4,77.500000,77.750000,77.625000,0.000000,0.000000,0.000000,100.000000,0.250000,ns3-simulated/trace-derived
c0-balanced,均衡 25/25/25/25,dst4,77.750000,78.000000,77.875000,0.000000,0.000000,0.000000,100.000000,0.250000,ns3-simulated/trace-derived
c0-balanced,均衡 25/25/25/25,dst4,78.000000,78.250000,78.125000,0.000000,0.000000,0.000000,100.000000,0.250000,ns3-simulated/trace-derived
c0-balanced,均衡 25/25/25/25,dst4,78.250000,78.500000,78.375000,0.000000,0.000000,0.000000,100.000000,0.250000,ns3-simulated/trace-derived
c0-balanced,均衡 25/25/25/25,dst4,78.500000,78.750000,78.625000,0.000000,0.000000,0.000000,100.000000,0.250000,ns3-simulated/trace-derived
c0-balanced,均衡 25/25/25/25,dst4,78.750000,79.000000,78.875000,0.000000,0.000000,0.000000,100.000000,0.250000,ns3-simulated/trace-derived
c0-balanced,均衡 25/25/25/25,dst4,79.000000,79.250000,79.125000,0.000000,0.000000,0.000000,100.000000,0.250000,ns3-simulated/trace-derived
c0-balanced,均衡 25/25/25/25,dst4,79.250000,79.500000,79.375000,0.000000,0.000000,0.000000,100.000000,0.250000,ns3-simulated/trace-derived
c0-balanced,均衡 25/25/25/25,dst4,79.500000,79.750000,79.625000,0.000000,0.000000,0.000000,100.000000,0.250000,ns3-simulated/trace-derived
c0-balanced,均衡 25/25/25/25,dst4,79.750000,80.000000,79.875000,0.000000,0.000000,0.000000,100.000000,0.250000,ns3-simulated/trace-derived
c0-balanced,均衡 25/25/25/25,dst4,80.000000,80.250000,80.125000,0.000000,0.000000,0.000000,100.000000,0.250000,ns3-simulated/trace-derived
c0-balanced,均衡 25/25/25/25,dst4,80.250000,80.500000,80.375000,0.000000,0.000000,0.000000,100.000000,0.250000,ns3-simulated/trace-derived
c0-balanced,均衡 25/25/25/25,dst4,80.500000,80.750000,80.625000,0.000000,0.000000,0.000000,100.000000,0.250000,ns3-simulated/trace-derived
c0-balanced,均衡 25/25/25/25,dst4,80.750000,81.000000,80.875000,0.000000,0.000000,0.000000,100.000000,0.250000,ns3-simulated/trace-derived
c0-balanced,均衡 25/25/25/25,dst4,81.000000,81.250000,81.125000,0.000000,0.000000,0.000000,100.000000,0.250000,ns3-simulated/trace-derived
c0-balanced,均衡 25/25/25/25,dst4,81.250000,81.500000,81.375000,0.000000,0.000000,0.000000,100.000000,0.250000,ns3-simulated/trace-derived
c0-balanced,均衡 25/25/25/25,dst4,81.500000,81.750000,81.625000,0.000000,0.000000,0.000000,100.000000,0.250000,ns3-simulated/trace-derived
c0-balanced,均衡 25/25/25/25,dst4,81.750000,82.000000,81.875000,0.000000,0.000000,0.000000,100.000000,0.250000,ns3-simulated/trace-derived
c0-balanced,均衡 25/25/25/25,dst4,82.000000,82.250000,82.125000,0.000000,0.000000,0.000000,100.000000,0.250000,ns3-simulated/trace-derived
c0-balanced,均衡 25/25/25/25,dst4,82.250000,82.500000,82.375000,0.000000,0.000000,0.000000,100.000000,0.250000,ns3-simulated/trace-derived
c0-balanced,均衡 25/25/25/25,dst4,82.500000,82.750000,82.625000,0.000000,0.000000,0.000000,100.000000,0.250000,ns3-simulated/trace-derived
c0-balanced,均衡 25/25/25/25,dst4,82.750000,83.000000,82.875000,0.000000,0.000000,0.000000,100.000000,0.250000,ns3-simulated/trace-derived
c0-balanced,均衡 25/25/25/25,dst4,83.000000,83.250000,83.125000,0.000000,0.000000,0.000000,100.000000,0.250000,ns3-simulated/trace-derived
c0-balanced,均衡 25/25/25/25,dst4,83.250000,83.500000,83.375000,0.000000,0.000000,0.000000,100.000000,0.250000,ns3-simulated/trace-derived
c0-balanced,均衡 25/25/25/25,dst4,83.500000,83.750000,83.625000,0.000000,0.000000,0.000000,100.000000,0.250000,ns3-simulated/trace-derived
c0-balanced,均衡 25/25/25/25,dst4,83.750000,84.000000,83.875000,0.000000,0.000000,0.000000,100.000000,0.250000,ns3-simulated/trace-derived
c0-balanced,均衡 25/25/25/25,dst4,84.000000,84.250000,84.125000,0.000000,0.000000,0.000000,100.000000,0.250000,ns3-simulated/trace-derived
c0-balanced,均衡 25/25/25/25,dst4,84.250000,84.500000,84.375000,0.000000,0.000000,0.000000,100.000000,0.250000,ns3-simulated/trace-derived
c0-balanced,均衡 25/25/25/25,dst4,84.500000,84.750000,84.625000,0.000000,0.000000,0.000000,100.000000,0.250000,ns3-simulated/trace-derived
c0-balanced,均衡 25/25/25/25,dst4,84.750000,85.000000,84.875000,0.000000,0.000000,0.000000,100.000000,0.250000,ns3-simulated/trace-derived
c0-balanced,均衡 25/25/25/25,dst4,85.000000,85.250000,85.125000,0.000000,0.000000,0.000000,100.000000,0.250000,ns3-simulated/trace-derived
c0-balanced,均衡 25/25/25/25,dst4,85.250000,85.500000,85.375000,0.000000,0.000000,0.000000,100.000000,0.250000,ns3-simulated/trace-derived
c0-balanced,均衡 25/25/25/25,dst4,85.500000,85.750000,85.625000,0.000000,0.000000,0.000000,100.000000,0.250000,ns3-simulated/trace-derived
c0-balanced,均衡 25/25/25/25,dst4,85.750000,86.000000,85.875000,0.000000,0.000000,0.000000,100.000000,0.250000,ns3-simulated/trace-derived
c0-balanced,均衡 25/25/25/25,dst4,86.000000,86.250000,86.125000,0.000000,0.000000,0.000000,100.000000,0.250000,ns3-simulated/trace-derived
c0-balanced,均衡 25/25/25/25,dst4,86.250000,86.500000,86.375000,0.000000,0.000000,0.000000,100.000000,0.250000,ns3-simulated/trace-derived
c0-balanced,均衡 25/25/25/25,dst4,86.500000,86.750000,86.625000,0.000000,0.000000,0.000000,100.000000,0.250000,ns3-simulated/trace-derived
c0-balanced,均衡 25/25/25/25,dst4,86.750000,87.000000,86.875000,0.000000,0.000000,0.000000,100.000000,0.250000,ns3-simulated/trace-derived
c0-balanced,均衡 25/25/25/25,dst4,87.000000,87.250000,87.125000,0.000000,0.000000,0.000000,100.000000,0.250000,ns3-simulated/trace-derived
c0-balanced,均衡 25/25/25/25,dst4,87.250000,87.500000,87.375000,0.000000,0.000000,0.000000,100.000000,0.250000,ns3-simulated/trace-derived
c0-balanced,均衡 25/25/25/25,dst4,87.500000,87.750000,87.625000,0.000000,0.000000,0.000000,100.000000,0.250000,ns3-simulated/trace-derived
c0-balanced,均衡 25/25/25/25,dst4,87.750000,88.000000,87.875000,0.000000,0.000000,0.000000,100.000000,0.250000,ns3-simulated/trace-derived
c0-balanced,均衡 25/25/25/25,dst4,88.000000,88.250000,88.125000,0.000000,0.000000,0.000000,100.000000,0.250000,ns3-simulated/trace-derived
c0-balanced,均衡 25/25/25/25,dst4,88.250000,88.500000,88.375000,0.000000,0.000000,0.000000,100.000000,0.250000,ns3-simulated/trace-derived
c0-balanced,均衡 25/25/25/25,dst4,88.500000,88.750000,88.625000,0.000000,0.000000,0.000000,100.000000,0.250000,ns3-simulated/trace-derived
c0-balanced,均衡 25/25/25/25,dst4,88.750000,89.000000,88.875000,0.000000,0.000000,0.000000,100.000000,0.250000,ns3-simulated/trace-derived
c0-balanced,均衡 25/25/25/25,dst4,89.000000,89.250000,89.125000,0.000000,0.000000,0.000000,100.000000,0.250000,ns3-simulated/trace-derived
c0-balanced,均衡 25/25/25/25,dst4,89.250000,89.500000,89.375000,0.000000,0.000000,0.000000,100.000000,0.250000,ns3-simulated/trace-derived
c0-balanced,均衡 25/25/25/25,dst4,89.500000,89.750000,89.625000,0.000000,0.000000,0.000000,100.000000,0.250000,ns3-simulated/trace-derived
c0-balanced,均衡 25/25/25/25,dst4,89.750000,90.000000,89.875000,0.000000,0.000000,0.000000,100.000000,0.250000,ns3-simulated/trace-derived
c0-balanced,均衡 25/25/25/25,dst4,90.000000,90.250000,90.125000,0.000000,0.000000,0.000000,100.000000,0.250000,ns3-simulated/trace-derived
c0-balanced,均衡 25/25/25/25,dst4,90.250000,90.500000,90.375000,0.000000,0.000000,0.000000,100.000000,0.250000,ns3-simulated/trace-derived
c0-balanced,均衡 25/25/25/25,dst4,90.500000,90.750000,90.625000,0.000000,0.000000,0.000000,100.000000,0.250000,ns3-simulated/trace-derived
c0-balanced,均衡 25/25/25/25,dst4,90.750000,91.000000,90.875000,0.000000,0.000000,0.000000,100.000000,0.250000,ns3-simulated/trace-derived
c0-balanced,均衡 25/25/25/25,dst4,91.000000,91.250000,91.125000,0.000000,0.000000,0.000000,100.000000,0.250000,ns3-simulated/trace-derived
c0-balanced,均衡 25/25/25/25,dst4,91.250000,91.500000,91.375000,0.000000,0.000000,0.000000,100.000000,0.250000,ns3-simulated/trace-derived
c0-balanced,均衡 25/25/25/25,dst4,91.500000,91.750000,91.625000,0.000000,0.000000,0.000000,100.000000,0.250000,ns3-simulated/trace-derived
c0-balanced,均衡 25/25/25/25,dst4,91.750000,92.000000,91.875000,0.000000,0.000000,0.000000,100.000000,0.250000,ns3-simulated/trace-derived
c0-balanced,均衡 25/25/25/25,dst4,92.000000,92.250000,92.125000,0.000000,0.000000,0.000000,100.000000,0.250000,ns3-simulated/trace-derived
c0-balanced,均衡 25/25/25/25,dst4,92.250000,92.500000,92.375000,0.000000,0.000000,0.000000,100.000000,0.250000,ns3-simulated/trace-derived
c0-balanced,均衡 25/25/25/25,dst4,92.500000,92.750000,92.625000,0.000000,0.000000,0.000000,100.000000,0.250000,ns3-simulated/trace-derived
c0-balanced,均衡 25/25/25/25,dst4,92.750000,93.000000,92.875000,0.000000,0.000000,0.000000,100.000000,0.250000,ns3-simulated/trace-derived
c0-balanced,均衡 25/25/25/25,dst4,93.000000,93.250000,93.125000,0.000000,0.000000,0.000000,100.000000,0.250000,ns3-simulated/trace-derived
c0-balanced,均衡 25/25/25/25,dst4,93.250000,93.500000,93.375000,0.000000,0.000000,0.000000,100.000000,0.250000,ns3-simulated/trace-derived
c0-balanced,均衡 25/25/25/25,dst4,93.500000,93.750000,93.625000,0.000000,0.000000,0.000000,100.000000,0.250000,ns3-simulated/trace-derived
c0-balanced,均衡 25/25/25/25,dst4,93.750000,94.000000,93.875000,0.000000,0.000000,0.000000,100.000000,0.250000,ns3-simulated/trace-derived
c0-balanced,均衡 25/25/25/25,dst4,94.000000,94.250000,94.125000,0.000000,0.000000,0.000000,100.000000,0.250000,ns3-simulated/trace-derived
c0-balanced,均衡 25/25/25/25,dst4,94.250000,94.500000,94.375000,0.000000,0.000000,0.000000,100.000000,0.250000,ns3-simulated/trace-derived
c0-balanced,均衡 25/25/25/25,dst4,94.500000,94.750000,94.625000,0.000000,0.000000,0.000000,100.000000,0.250000,ns3-simulated/trace-derived
c0-balanced,均衡 25/25/25/25,dst4,94.750000,95.000000,94.875000,0.000000,0.000000,0.000000,100.000000,0.250000,ns3-simulated/trace-derived
c0-balanced,均衡 25/25/25/25,dst4,95.000000,95.250000,95.125000,0.000000,0.000000,0.000000,100.000000,0.250000,ns3-simulated/trace-derived
c0-balanced,均衡 25/25/25/25,dst5,0.000000,0.250000,0.125000,0.000000,0.000000,0.000000,100.000000,0.250000,ns3-simulated/trace-derived
c0-balanced,均衡 25/25/25/25,dst5,0.250000,0.500000,0.375000,0.000000,0.000000,0.000000,100.000000,0.250000,ns3-simulated/trace-derived
c0-balanced,均衡 25/25/25/25,dst5,0.500000,0.750000,0.625000,3020.000000,96.640000,96.640000,100.000000,0.250000,ns3-simulated/trace-derived
c0-balanced,均衡 25/25/25/25,dst5,0.750000,1.000000,0.875000,1154.000000,36.928000,36.928000,100.000000,0.250000,ns3-simulated/trace-derived
c0-balanced,均衡 25/25/25/25,dst5,1.000000,1.250000,1.125000,3009.000000,96.288000,96.288000,100.000000,0.250000,ns3-simulated/trace-derived
c0-balanced,均衡 25/25/25/25,dst5,1.250000,1.500000,1.375000,3125.000000,100.000000,100.000000,100.000000,0.250000,ns3-simulated/trace-derived
c0-balanced,均衡 25/25/25/25,dst5,1.500000,1.750000,1.625000,3125.000000,100.000000,100.000000,100.000000,0.250000,ns3-simulated/trace-derived
c0-balanced,均衡 25/25/25/25,dst5,1.750000,2.000000,1.875000,3125.000000,100.000000,100.000000,100.000000,0.250000,ns3-simulated/trace-derived
c0-balanced,均衡 25/25/25/25,dst5,2.000000,2.250000,2.125000,3125.000000,100.000000,100.000000,100.000000,0.250000,ns3-simulated/trace-derived
c0-balanced,均衡 25/25/25/25,dst5,2.250000,2.500000,2.375000,3125.000000,100.000000,100.000000,100.000000,0.250000,ns3-simulated/trace-derived
c0-balanced,均衡 25/25/25/25,dst5,2.500000,2.750000,2.625000,3125.000000,100.000000,100.000000,100.000000,0.250000,ns3-simulated/trace-derived
c0-balanced,均衡 25/25/25/25,dst5,2.750000,3.000000,2.875000,3125.000000,100.000000,100.000000,100.000000,0.250000,ns3-simulated/trace-derived
c0-balanced,均衡 25/25/25/25,dst5,3.000000,3.250000,3.125000,3125.000000,100.000000,100.000000,100.000000,0.250000,ns3-simulated/trace-derived
c0-balanced,均衡 25/25/25/25,dst5,3.250000,3.500000,3.375000,3125.000000,100.000000,100.000000,100.000000,0.250000,ns3-simulated/trace-derived
c0-balanced,均衡 25/25/25/25,dst5,3.500000,3.750000,3.625000,3125.000000,100.000000,100.000000,100.000000,0.250000,ns3-simulated/trace-derived
c0-balanced,均衡 25/25/25/25,dst5,3.750000,4.000000,3.875000,3125.000000,100.000000,100.000000,100.000000,0.250000,ns3-simulated/trace-derived
c0-balanced,均衡 25/25/25/25,dst5,4.000000,4.250000,4.125000,3125.000000,100.000000,100.000000,100.000000,0.250000,ns3-simulated/trace-derived
c0-balanced,均衡 25/25/25/25,dst5,4.250000,4.500000,4.375000,3125.000000,100.000000,100.000000,100.000000,0.250000,ns3-simulated/trace-derived
c0-balanced,均衡 25/25/25/25,dst5,4.500000,4.750000,4.625000,3125.000000,100.000000,100.000000,100.000000,0.250000,ns3-simulated/trace-derived
c0-balanced,均衡 25/25/25/25,dst5,4.750000,5.000000,4.875000,3125.000000,100.000000,100.000000,100.000000,0.250000,ns3-simulated/trace-derived
c0-balanced,均衡 25/25/25/25,dst5,5.000000,5.250000,5.125000,3125.000000,100.000000,100.000000,100.000000,0.250000,ns3-simulated/trace-derived
c0-balanced,均衡 25/25/25/25,dst5,5.250000,5.500000,5.375000,3125.000000,100.000000,100.000000,100.000000,0.250000,ns3-simulated/trace-derived
c0-balanced,均衡 25/25/25/25,dst5,5.500000,5.750000,5.625000,3125.000000,100.000000,100.000000,100.000000,0.250000,ns3-simulated/trace-derived
c0-balanced,均衡 25/25/25/25,dst5,5.750000,6.000000,5.875000,3125.000000,100.000000,100.000000,100.000000,0.250000,ns3-simulated/trace-derived
c0-balanced,均衡 25/25/25/25,dst5,6.000000,6.250000,6.125000,3125.000000,100.000000,100.000000,100.000000,0.250000,ns3-simulated/trace-derived
c0-balanced,均衡 25/25/25/25,dst5,6.250000,6.500000,6.375000,3125.000000,100.000000,100.000000,100.000000,0.250000,ns3-simulated/trace-derived
c0-balanced,均衡 25/25/25/25,dst5,6.500000,6.750000,6.625000,3125.000000,100.000000,100.000000,100.000000,0.250000,ns3-simulated/trace-derived
c0-balanced,均衡 25/25/25/25,dst5,6.750000,7.000000,6.875000,3125.000000,100.000000,100.000000,100.000000,0.250000,ns3-simulated/trace-derived
c0-balanced,均衡 25/25/25/25,dst5,7.000000,7.250000,7.125000,3125.000000,100.000000,100.000000,100.000000,0.250000,ns3-simulated/trace-derived
c0-balanced,均衡 25/25/25/25,dst5,7.250000,7.500000,7.375000,3125.000000,100.000000,100.000000,100.000000,0.250000,ns3-simulated/trace-derived
c0-balanced,均衡 25/25/25/25,dst5,7.500000,7.750000,7.625000,3125.000000,100.000000,100.000000,100.000000,0.250000,ns3-simulated/trace-derived
c0-balanced,均衡 25/25/25/25,dst5,7.750000,8.000000,7.875000,3125.000000,100.000000,100.000000,100.000000,0.250000,ns3-simulated/trace-derived
c0-balanced,均衡 25/25/25/25,dst5,8.000000,8.250000,8.125000,3125.000000,100.000000,100.000000,100.000000,0.250000,ns3-simulated/trace-derived
c0-balanced,均衡 25/25/25/25,dst5,8.250000,8.500000,8.375000,3125.000000,100.000000,100.000000,100.000000,0.250000,ns3-simulated/trace-derived
c0-balanced,均衡 25/25/25/25,dst5,8.500000,8.750000,8.625000,3125.000000,100.000000,100.000000,100.000000,0.250000,ns3-simulated/trace-derived
c0-balanced,均衡 25/25/25/25,dst5,8.750000,9.000000,8.875000,3125.000000,100.000000,100.000000,100.000000,0.250000,ns3-simulated/trace-derived
c0-balanced,均衡 25/25/25/25,dst5,9.000000,9.250000,9.125000,3125.000000,100.000000,100.000000,100.000000,0.250000,ns3-simulated/trace-derived
c0-balanced,均衡 25/25/25/25,dst5,9.250000,9.500000,9.375000,3125.000000,100.000000,100.000000,100.000000,0.250000,ns3-simulated/trace-derived
c0-balanced,均衡 25/25/25/25,dst5,9.500000,9.750000,9.625000,3125.000000,100.000000,100.000000,100.000000,0.250000,ns3-simulated/trace-derived
c0-balanced,均衡 25/25/25/25,dst5,9.750000,10.000000,9.875000,3125.000000,100.000000,100.000000,100.000000,0.250000,ns3-simulated/trace-derived
c0-balanced,均衡 25/25/25/25,dst5,10.000000,10.250000,10.125000,3125.000000,100.000000,100.000000,100.000000,0.250000,ns3-simulated/trace-derived
c0-balanced,均衡 25/25/25/25,dst5,10.250000,10.500000,10.375000,3125.000000,100.000000,100.000000,100.000000,0.250000,ns3-simulated/trace-derived
c0-balanced,均衡 25/25/25/25,dst5,10.500000,10.750000,10.625000,3125.000000,100.000000,100.000000,100.000000,0.250000,ns3-simulated/trace-derived
c0-balanced,均衡 25/25/25/25,dst5,10.750000,11.000000,10.875000,3125.000000,100.000000,100.000000,100.000000,0.250000,ns3-simulated/trace-derived
c0-balanced,均衡 25/25/25/25,dst5,11.000000,11.250000,11.125000,3125.000000,100.000000,100.000000,100.000000,0.250000,ns3-simulated/trace-derived
c0-balanced,均衡 25/25/25/25,dst5,11.250000,11.500000,11.375000,3125.000000,100.000000,100.000000,100.000000,0.250000,ns3-simulated/trace-derived
c0-balanced,均衡 25/25/25/25,dst5,11.500000,11.750000,11.625000,3125.000000,100.000000,100.000000,100.000000,0.250000,ns3-simulated/trace-derived
c0-balanced,均衡 25/25/25/25,dst5,11.750000,12.000000,11.875000,3125.000000,100.000000,100.000000,100.000000,0.250000,ns3-simulated/trace-derived
c0-balanced,均衡 25/25/25/25,dst5,12.000000,12.250000,12.125000,3125.000000,100.000000,100.000000,100.000000,0.250000,ns3-simulated/trace-derived
c0-balanced,均衡 25/25/25/25,dst5,12.250000,12.500000,12.375000,3125.000000,100.000000,100.000000,100.000000,0.250000,ns3-simulated/trace-derived
c0-balanced,均衡 25/25/25/25,dst5,12.500000,12.750000,12.625000,3125.000000,100.000000,100.000000,100.000000,0.250000,ns3-simulated/trace-derived
c0-balanced,均衡 25/25/25/25,dst5,12.750000,13.000000,12.875000,3125.000000,100.000000,100.000000,100.000000,0.250000,ns3-simulated/trace-derived
c0-balanced,均衡 25/25/25/25,dst5,13.000000,13.250000,13.125000,3125.000000,100.000000,100.000000,100.000000,0.250000,ns3-simulated/trace-derived
c0-balanced,均衡 25/25/25/25,dst5,13.250000,13.500000,13.375000,3125.000000,100.000000,100.000000,100.000000,0.250000,ns3-simulated/trace-derived
c0-balanced,均衡 25/25/25/25,dst5,13.500000,13.750000,13.625000,3125.000000,100.000000,100.000000,100.000000,0.250000,ns3-simulated/trace-derived
c0-balanced,均衡 25/25/25/25,dst5,13.750000,14.000000,13.875000,3125.000000,100.000000,100.000000,100.000000,0.250000,ns3-simulated/trace-derived
c0-balanced,均衡 25/25/25/25,dst5,14.000000,14.250000,14.125000,3125.000000,100.000000,100.000000,100.000000,0.250000,ns3-simulated/trace-derived
c0-balanced,均衡 25/25/25/25,dst5,14.250000,14.500000,14.375000,3125.000000,100.000000,100.000000,100.000000,0.250000,ns3-simulated/trace-derived
c0-balanced,均衡 25/25/25/25,dst5,14.500000,14.750000,14.625000,3125.000000,100.000000,100.000000,100.000000,0.250000,ns3-simulated/trace-derived
c0-balanced,均衡 25/25/25/25,dst5,14.750000,15.000000,14.875000,3125.000000,100.000000,100.000000,100.000000,0.250000,ns3-simulated/trace-derived
c0-balanced,均衡 25/25/25/25,dst5,15.000000,15.250000,15.125000,3125.000000,100.000000,100.000000,100.000000,0.250000,ns3-simulated/trace-derived
c0-balanced,均衡 25/25/25/25,dst5,15.250000,15.500000,15.375000,3125.000000,100.000000,100.000000,100.000000,0.250000,ns3-simulated/trace-derived
c0-balanced,均衡 25/25/25/25,dst5,15.500000,15.750000,15.625000,3125.000000,100.000000,100.000000,100.000000,0.250000,ns3-simulated/trace-derived
c0-balanced,均衡 25/25/25/25,dst5,15.750000,16.000000,15.875000,3125.000000,100.000000,100.000000,100.000000,0.250000,ns3-simulated/trace-derived
c0-balanced,均衡 25/25/25/25,dst5,16.000000,16.250000,16.125000,3125.000000,100.000000,100.000000,100.000000,0.250000,ns3-simulated/trace-derived
c0-balanced,均衡 25/25/25/25,dst5,16.250000,16.500000,16.375000,3125.000000,100.000000,100.000000,100.000000,0.250000,ns3-simulated/trace-derived
c0-balanced,均衡 25/25/25/25,dst5,16.500000,16.750000,16.625000,3125.000000,100.000000,100.000000,100.000000,0.250000,ns3-simulated/trace-derived
c0-balanced,均衡 25/25/25/25,dst5,16.750000,17.000000,16.875000,3125.000000,100.000000,100.000000,100.000000,0.250000,ns3-simulated/trace-derived
c0-balanced,均衡 25/25/25/25,dst5,17.000000,17.250000,17.125000,3125.000000,100.000000,100.000000,100.000000,0.250000,ns3-simulated/trace-derived
c0-balanced,均衡 25/25/25/25,dst5,17.250000,17.500000,17.375000,3125.000000,100.000000,100.000000,100.000000,0.250000,ns3-simulated/trace-derived
c0-balanced,均衡 25/25/25/25,dst5,17.500000,17.750000,17.625000,3125.000000,100.000000,100.000000,100.000000,0.250000,ns3-simulated/trace-derived
c0-balanced,均衡 25/25/25/25,dst5,17.750000,18.000000,17.875000,3125.000000,100.000000,100.000000,100.000000,0.250000,ns3-simulated/trace-derived
c0-balanced,均衡 25/25/25/25,dst5,18.000000,18.250000,18.125000,3125.000000,100.000000,100.000000,100.000000,0.250000,ns3-simulated/trace-derived
c0-balanced,均衡 25/25/25/25,dst5,18.250000,18.500000,18.375000,3125.000000,100.000000,100.000000,100.000000,0.250000,ns3-simulated/trace-derived
c0-balanced,均衡 25/25/25/25,dst5,18.500000,18.750000,18.625000,3125.000000,100.000000,100.000000,100.000000,0.250000,ns3-simulated/trace-derived
c0-balanced,均衡 25/25/25/25,dst5,18.750000,19.000000,18.875000,3125.000000,100.000000,100.000000,100.000000,0.250000,ns3-simulated/trace-derived
c0-balanced,均衡 25/25/25/25,dst5,19.000000,19.250000,19.125000,3125.000000,100.000000,100.000000,100.000000,0.250000,ns3-simulated/trace-derived
c0-balanced,均衡 25/25/25/25,dst5,19.250000,19.500000,19.375000,3125.000000,100.000000,100.000000,100.000000,0.250000,ns3-simulated/trace-derived
c0-balanced,均衡 25/25/25/25,dst5,19.500000,19.750000,19.625000,3125.000000,100.000000,100.000000,100.000000,0.250000,ns3-simulated/trace-derived
c0-balanced,均衡 25/25/25/25,dst5,19.750000,20.000000,19.875000,3125.000000,100.000000,100.000000,100.000000,0.250000,ns3-simulated/trace-derived
c0-balanced,均衡 25/25/25/25,dst5,20.000000,20.250000,20.125000,3125.000000,100.000000,100.000000,100.000000,0.250000,ns3-simulated/trace-derived
c0-balanced,均衡 25/25/25/25,dst5,20.250000,20.500000,20.375000,3125.000000,100.000000,100.000000,100.000000,0.250000,ns3-simulated/trace-derived
c0-balanced,均衡 25/25/25/25,dst5,20.500000,20.750000,20.625000,3125.000000,100.000000,100.000000,100.000000,0.250000,ns3-simulated/trace-derived
c0-balanced,均衡 25/25/25/25,dst5,20.750000,21.000000,20.875000,3125.000000,100.000000,100.000000,100.000000,0.250000,ns3-simulated/trace-derived
c0-balanced,均衡 25/25/25/25,dst5,21.000000,21.250000,21.125000,3125.000000,100.000000,100.000000,100.000000,0.250000,ns3-simulated/trace-derived
c0-balanced,均衡 25/25/25/25,dst5,21.250000,21.500000,21.375000,3125.000000,100.000000,100.000000,100.000000,0.250000,ns3-simulated/trace-derived
c0-balanced,均衡 25/25/25/25,dst5,21.500000,21.750000,21.625000,3125.000000,100.000000,100.000000,100.000000,0.250000,ns3-simulated/trace-derived
c0-balanced,均衡 25/25/25/25,dst5,21.750000,22.000000,21.875000,3125.000000,100.000000,100.000000,100.000000,0.250000,ns3-simulated/trace-derived
c0-balanced,均衡 25/25/25/25,dst5,22.000000,22.250000,22.125000,3125.000000,100.000000,100.000000,100.000000,0.250000,ns3-simulated/trace-derived
c0-balanced,均衡 25/25/25/25,dst5,22.250000,22.500000,22.375000,3125.000000,100.000000,100.000000,100.000000,0.250000,ns3-simulated/trace-derived
c0-balanced,均衡 25/25/25/25,dst5,22.500000,22.750000,22.625000,3125.000000,100.000000,100.000000,100.000000,0.250000,ns3-simulated/trace-derived
c0-balanced,均衡 25/25/25/25,dst5,22.750000,23.000000,22.875000,3125.000000,100.000000,100.000000,100.000000,0.250000,ns3-simulated/trace-derived
c0-balanced,均衡 25/25/25/25,dst5,23.000000,23.250000,23.125000,3125.000000,100.000000,100.000000,100.000000,0.250000,ns3-simulated/trace-derived
c0-balanced,均衡 25/25/25/25,dst5,23.250000,23.500000,23.375000,1649.000000,52.768000,52.768000,100.000000,0.250000,ns3-simulated/trace-derived
c0-balanced,均衡 25/25/25/25,dst5,23.500000,23.750000,23.625000,0.000000,0.000000,0.000000,100.000000,0.250000,ns3-simulated/trace-derived
c0-balanced,均衡 25/25/25/25,dst5,23.750000,24.000000,23.875000,0.000000,0.000000,0.000000,100.000000,0.250000,ns3-simulated/trace-derived
c0-balanced,均衡 25/25/25/25,dst5,24.000000,24.250000,24.125000,0.000000,0.000000,0.000000,100.000000,0.250000,ns3-simulated/trace-derived
c0-balanced,均衡 25/25/25/25,dst5,24.250000,24.500000,24.375000,0.000000,0.000000,0.000000,100.000000,0.250000,ns3-simulated/trace-derived
c0-balanced,均衡 25/25/25/25,dst5,24.500000,24.750000,24.625000,0.000000,0.000000,0.000000,100.000000,0.250000,ns3-simulated/trace-derived
c0-balanced,均衡 25/25/25/25,dst5,24.750000,25.000000,24.875000,0.000000,0.000000,0.000000,100.000000,0.250000,ns3-simulated/trace-derived
c0-balanced,均衡 25/25/25/25,dst5,25.000000,25.250000,25.125000,0.000000,0.000000,0.000000,100.000000,0.250000,ns3-simulated/trace-derived
c0-balanced,均衡 25/25/25/25,dst5,25.250000,25.500000,25.375000,0.000000,0.000000,0.000000,100.000000,0.250000,ns3-simulated/trace-derived
c0-balanced,均衡 25/25/25/25,dst5,25.500000,25.750000,25.625000,0.000000,0.000000,0.000000,100.000000,0.250000,ns3-simulated/trace-derived
c0-balanced,均衡 25/25/25/25,dst5,25.750000,26.000000,25.875000,0.000000,0.000000,0.000000,100.000000,0.250000,ns3-simulated/trace-derived
c0-balanced,均衡 25/25/25/25,dst5,26.000000,26.250000,26.125000,0.000000,0.000000,0.000000,100.000000,0.250000,ns3-simulated/trace-derived
c0-balanced,均衡 25/25/25/25,dst5,26.250000,26.500000,26.375000,0.000000,0.000000,0.000000,100.000000,0.250000,ns3-simulated/trace-derived
c0-balanced,均衡 25/25/25/25,dst5,26.500000,26.750000,26.625000,0.000000,0.000000,0.000000,100.000000,0.250000,ns3-simulated/trace-derived
c0-balanced,均衡 25/25/25/25,dst5,26.750000,27.000000,26.875000,0.000000,0.000000,0.000000,100.000000,0.250000,ns3-simulated/trace-derived
c0-balanced,均衡 25/25/25/25,dst5,27.000000,27.250000,27.125000,0.000000,0.000000,0.000000,100.000000,0.250000,ns3-simulated/trace-derived
c0-balanced,均衡 25/25/25/25,dst5,27.250000,27.500000,27.375000,0.000000,0.000000,0.000000,100.000000,0.250000,ns3-simulated/trace-derived
c0-balanced,均衡 25/25/25/25,dst5,27.500000,27.750000,27.625000,0.000000,0.000000,0.000000,100.000000,0.250000,ns3-simulated/trace-derived
c0-balanced,均衡 25/25/25/25,dst5,27.750000,28.000000,27.875000,0.000000,0.000000,0.000000,100.000000,0.250000,ns3-simulated/trace-derived
c0-balanced,均衡 25/25/25/25,dst5,28.000000,28.250000,28.125000,0.000000,0.000000,0.000000,100.000000,0.250000,ns3-simulated/trace-derived
c0-balanced,均衡 25/25/25/25,dst5,28.250000,28.500000,28.375000,0.000000,0.000000,0.000000,100.000000,0.250000,ns3-simulated/trace-derived
c0-balanced,均衡 25/25/25/25,dst5,28.500000,28.750000,28.625000,0.000000,0.000000,0.000000,100.000000,0.250000,ns3-simulated/trace-derived
c0-balanced,均衡 25/25/25/25,dst5,28.750000,29.000000,28.875000,0.000000,0.000000,0.000000,100.000000,0.250000,ns3-simulated/trace-derived
c0-balanced,均衡 25/25/25/25,dst5,29.000000,29.250000,29.125000,0.000000,0.000000,0.000000,100.000000,0.250000,ns3-simulated/trace-derived
c0-balanced,均衡 25/25/25/25,dst5,29.250000,29.500000,29.375000,0.000000,0.000000,0.000000,100.000000,0.250000,ns3-simulated/trace-derived
c0-balanced,均衡 25/25/25/25,dst5,29.500000,29.750000,29.625000,0.000000,0.000000,0.000000,100.000000,0.250000,ns3-simulated/trace-derived
c0-balanced,均衡 25/25/25/25,dst5,29.750000,30.000000,29.875000,0.000000,0.000000,0.000000,100.000000,0.250000,ns3-simulated/trace-derived
c0-balanced,均衡 25/25/25/25,dst5,30.000000,30.250000,30.125000,0.000000,0.000000,0.000000,100.000000,0.250000,ns3-simulated/trace-derived
c0-balanced,均衡 25/25/25/25,dst5,30.250000,30.500000,30.375000,0.000000,0.000000,0.000000,100.000000,0.250000,ns3-simulated/trace-derived
c0-balanced,均衡 25/25/25/25,dst5,30.500000,30.750000,30.625000,0.000000,0.000000,0.000000,100.000000,0.250000,ns3-simulated/trace-derived
c0-balanced,均衡 25/25/25/25,dst5,30.750000,31.000000,30.875000,0.000000,0.000000,0.000000,100.000000,0.250000,ns3-simulated/trace-derived
c0-balanced,均衡 25/25/25/25,dst5,31.000000,31.250000,31.125000,0.000000,0.000000,0.000000,100.000000,0.250000,ns3-simulated/trace-derived
c0-balanced,均衡 25/25/25/25,dst5,31.250000,31.500000,31.375000,0.000000,0.000000,0.000000,100.000000,0.250000,ns3-simulated/trace-derived
c0-balanced,均衡 25/25/25/25,dst5,31.500000,31.750000,31.625000,0.000000,0.000000,0.000000,100.000000,0.250000,ns3-simulated/trace-derived
c0-balanced,均衡 25/25/25/25,dst5,31.750000,32.000000,31.875000,0.000000,0.000000,0.000000,100.000000,0.250000,ns3-simulated/trace-derived
c0-balanced,均衡 25/25/25/25,dst5,32.000000,32.250000,32.125000,0.000000,0.000000,0.000000,100.000000,0.250000,ns3-simulated/trace-derived
c0-balanced,均衡 25/25/25/25,dst5,32.250000,32.500000,32.375000,0.000000,0.000000,0.000000,100.000000,0.250000,ns3-simulated/trace-derived
c0-balanced,均衡 25/25/25/25,dst5,32.500000,32.750000,32.625000,0.000000,0.000000,0.000000,100.000000,0.250000,ns3-simulated/trace-derived
c0-balanced,均衡 25/25/25/25,dst5,32.750000,33.000000,32.875000,0.000000,0.000000,0.000000,100.000000,0.250000,ns3-simulated/trace-derived
c0-balanced,均衡 25/25/25/25,dst5,33.000000,33.250000,33.125000,0.000000,0.000000,0.000000,100.000000,0.250000,ns3-simulated/trace-derived
c0-balanced,均衡 25/25/25/25,dst5,33.250000,33.500000,33.375000,0.000000,0.000000,0.000000,100.000000,0.250000,ns3-simulated/trace-derived
c0-balanced,均衡 25/25/25/25,dst5,33.500000,33.750000,33.625000,0.000000,0.000000,0.000000,100.000000,0.250000,ns3-simulated/trace-derived
c0-balanced,均衡 25/25/25/25,dst5,33.750000,34.000000,33.875000,0.000000,0.000000,0.000000,100.000000,0.250000,ns3-simulated/trace-derived
c0-balanced,均衡 25/25/25/25,dst5,34.000000,34.250000,34.125000,0.000000,0.000000,0.000000,100.000000,0.250000,ns3-simulated/trace-derived
c0-balanced,均衡 25/25/25/25,dst5,34.250000,34.500000,34.375000,0.000000,0.000000,0.000000,100.000000,0.250000,ns3-simulated/trace-derived
c0-balanced,均衡 25/25/25/25,dst5,34.500000,34.750000,34.625000,0.000000,0.000000,0.000000,100.000000,0.250000,ns3-simulated/trace-derived
c0-balanced,均衡 25/25/25/25,dst5,34.750000,35.000000,34.875000,0.000000,0.000000,0.000000,100.000000,0.250000,ns3-simulated/trace-derived
c0-balanced,均衡 25/25/25/25,dst5,35.000000,35.250000,35.125000,0.000000,0.000000,0.000000,100.000000,0.250000,ns3-simulated/trace-derived
c0-balanced,均衡 25/25/25/25,dst5,35.250000,35.500000,35.375000,0.000000,0.000000,0.000000,100.000000,0.250000,ns3-simulated/trace-derived
c0-balanced,均衡 25/25/25/25,dst5,35.500000,35.750000,35.625000,0.000000,0.000000,0.000000,100.000000,0.250000,ns3-simulated/trace-derived
c0-balanced,均衡 25/25/25/25,dst5,35.750000,36.000000,35.875000,0.000000,0.000000,0.000000,100.000000,0.250000,ns3-simulated/trace-derived
c0-balanced,均衡 25/25/25/25,dst5,36.000000,36.250000,36.125000,0.000000,0.000000,0.000000,100.000000,0.250000,ns3-simulated/trace-derived
c0-balanced,均衡 25/25/25/25,dst5,36.250000,36.500000,36.375000,0.000000,0.000000,0.000000,100.000000,0.250000,ns3-simulated/trace-derived
c0-balanced,均衡 25/25/25/25,dst5,36.500000,36.750000,36.625000,0.000000,0.000000,0.000000,100.000000,0.250000,ns3-simulated/trace-derived
c0-balanced,均衡 25/25/25/25,dst5,36.750000,37.000000,36.875000,0.000000,0.000000,0.000000,100.000000,0.250000,ns3-simulated/trace-derived
c0-balanced,均衡 25/25/25/25,dst5,37.000000,37.250000,37.125000,0.000000,0.000000,0.000000,100.000000,0.250000,ns3-simulated/trace-derived
c0-balanced,均衡 25/25/25/25,dst5,37.250000,37.500000,37.375000,0.000000,0.000000,0.000000,100.000000,0.250000,ns3-simulated/trace-derived
c0-balanced,均衡 25/25/25/25,dst5,37.500000,37.750000,37.625000,0.000000,0.000000,0.000000,100.000000,0.250000,ns3-simulated/trace-derived
c0-balanced,均衡 25/25/25/25,dst5,37.750000,38.000000,37.875000,0.000000,0.000000,0.000000,100.000000,0.250000,ns3-simulated/trace-derived
c0-balanced,均衡 25/25/25/25,dst5,38.000000,38.250000,38.125000,0.000000,0.000000,0.000000,100.000000,0.250000,ns3-simulated/trace-derived
c0-balanced,均衡 25/25/25/25,dst5,38.250000,38.500000,38.375000,0.000000,0.000000,0.000000,100.000000,0.250000,ns3-simulated/trace-derived
c0-balanced,均衡 25/25/25/25,dst5,38.500000,38.750000,38.625000,0.000000,0.000000,0.000000,100.000000,0.250000,ns3-simulated/trace-derived
c0-balanced,均衡 25/25/25/25,dst5,38.750000,39.000000,38.875000,0.000000,0.000000,0.000000,100.000000,0.250000,ns3-simulated/trace-derived
c0-balanced,均衡 25/25/25/25,dst5,39.000000,39.250000,39.125000,0.000000,0.000000,0.000000,100.000000,0.250000,ns3-simulated/trace-derived
c0-balanced,均衡 25/25/25/25,dst5,39.250000,39.500000,39.375000,0.000000,0.000000,0.000000,100.000000,0.250000,ns3-simulated/trace-derived
c0-balanced,均衡 25/25/25/25,dst5,39.500000,39.750000,39.625000,0.000000,0.000000,0.000000,100.000000,0.250000,ns3-simulated/trace-derived
c0-balanced,均衡 25/25/25/25,dst5,39.750000,40.000000,39.875000,0.000000,0.000000,0.000000,100.000000,0.250000,ns3-simulated/trace-derived
c0-balanced,均衡 25/25/25/25,dst5,40.000000,40.250000,40.125000,0.000000,0.000000,0.000000,100.000000,0.250000,ns3-simulated/trace-derived
c0-balanced,均衡 25/25/25/25,dst5,40.250000,40.500000,40.375000,0.000000,0.000000,0.000000,100.000000,0.250000,ns3-simulated/trace-derived
c0-balanced,均衡 25/25/25/25,dst5,40.500000,40.750000,40.625000,0.000000,0.000000,0.000000,100.000000,0.250000,ns3-simulated/trace-derived
c0-balanced,均衡 25/25/25/25,dst5,40.750000,41.000000,40.875000,0.000000,0.000000,0.000000,100.000000,0.250000,ns3-simulated/trace-derived
c0-balanced,均衡 25/25/25/25,dst5,41.000000,41.250000,41.125000,0.000000,0.000000,0.000000,100.000000,0.250000,ns3-simulated/trace-derived
c0-balanced,均衡 25/25/25/25,dst5,41.250000,41.500000,41.375000,0.000000,0.000000,0.000000,100.000000,0.250000,ns3-simulated/trace-derived
c0-balanced,均衡 25/25/25/25,dst5,41.500000,41.750000,41.625000,0.000000,0.000000,0.000000,100.000000,0.250000,ns3-simulated/trace-derived
c0-balanced,均衡 25/25/25/25,dst5,41.750000,42.000000,41.875000,0.000000,0.000000,0.000000,100.000000,0.250000,ns3-simulated/trace-derived
c0-balanced,均衡 25/25/25/25,dst5,42.000000,42.250000,42.125000,0.000000,0.000000,0.000000,100.000000,0.250000,ns3-simulated/trace-derived
c0-balanced,均衡 25/25/25/25,dst5,42.250000,42.500000,42.375000,0.000000,0.000000,0.000000,100.000000,0.250000,ns3-simulated/trace-derived
c0-balanced,均衡 25/25/25/25,dst5,42.500000,42.750000,42.625000,0.000000,0.000000,0.000000,100.000000,0.250000,ns3-simulated/trace-derived
c0-balanced,均衡 25/25/25/25,dst5,42.750000,43.000000,42.875000,0.000000,0.000000,0.000000,100.000000,0.250000,ns3-simulated/trace-derived
c0-balanced,均衡 25/25/25/25,dst5,43.000000,43.250000,43.125000,0.000000,0.000000,0.000000,100.000000,0.250000,ns3-simulated/trace-derived
c0-balanced,均衡 25/25/25/25,dst5,43.250000,43.500000,43.375000,0.000000,0.000000,0.000000,100.000000,0.250000,ns3-simulated/trace-derived
c0-balanced,均衡 25/25/25/25,dst5,43.500000,43.750000,43.625000,0.000000,0.000000,0.000000,100.000000,0.250000,ns3-simulated/trace-derived
c0-balanced,均衡 25/25/25/25,dst5,43.750000,44.000000,43.875000,0.000000,0.000000,0.000000,100.000000,0.250000,ns3-simulated/trace-derived
c0-balanced,均衡 25/25/25/25,dst5,44.000000,44.250000,44.125000,0.000000,0.000000,0.000000,100.000000,0.250000,ns3-simulated/trace-derived
c0-balanced,均衡 25/25/25/25,dst5,44.250000,44.500000,44.375000,0.000000,0.000000,0.000000,100.000000,0.250000,ns3-simulated/trace-derived
c0-balanced,均衡 25/25/25/25,dst5,44.500000,44.750000,44.625000,0.000000,0.000000,0.000000,100.000000,0.250000,ns3-simulated/trace-derived
c0-balanced,均衡 25/25/25/25,dst5,44.750000,45.000000,44.875000,0.000000,0.000000,0.000000,100.000000,0.250000,ns3-simulated/trace-derived
c0-balanced,均衡 25/25/25/25,dst5,45.000000,45.250000,45.125000,0.000000,0.000000,0.000000,100.000000,0.250000,ns3-simulated/trace-derived
c0-balanced,均衡 25/25/25/25,dst5,45.250000,45.500000,45.375000,0.000000,0.000000,0.000000,100.000000,0.250000,ns3-simulated/trace-derived
c0-balanced,均衡 25/25/25/25,dst5,45.500000,45.750000,45.625000,0.000000,0.000000,0.000000,100.000000,0.250000,ns3-simulated/trace-derived
c0-balanced,均衡 25/25/25/25,dst5,45.750000,46.000000,45.875000,0.000000,0.000000,0.000000,100.000000,0.250000,ns3-simulated/trace-derived
c0-balanced,均衡 25/25/25/25,dst5,46.000000,46.250000,46.125000,0.000000,0.000000,0.000000,100.000000,0.250000,ns3-simulated/trace-derived
c0-balanced,均衡 25/25/25/25,dst5,46.250000,46.500000,46.375000,0.000000,0.000000,0.000000,100.000000,0.250000,ns3-simulated/trace-derived
c0-balanced,均衡 25/25/25/25,dst5,46.500000,46.750000,46.625000,0.000000,0.000000,0.000000,100.000000,0.250000,ns3-simulated/trace-derived
c0-balanced,均衡 25/25/25/25,dst5,46.750000,47.000000,46.875000,0.000000,0.000000,0.000000,100.000000,0.250000,ns3-simulated/trace-derived
c0-balanced,均衡 25/25/25/25,dst5,47.000000,47.250000,47.125000,0.000000,0.000000,0.000000,100.000000,0.250000,ns3-simulated/trace-derived
c0-balanced,均衡 25/25/25/25,dst5,47.250000,47.500000,47.375000,0.000000,0.000000,0.000000,100.000000,0.250000,ns3-simulated/trace-derived
c0-balanced,均衡 25/25/25/25,dst5,47.500000,47.750000,47.625000,0.000000,0.000000,0.000000,100.000000,0.250000,ns3-simulated/trace-derived
c0-balanced,均衡 25/25/25/25,dst5,47.750000,48.000000,47.875000,0.000000,0.000000,0.000000,100.000000,0.250000,ns3-simulated/trace-derived
c0-balanced,均衡 25/25/25/25,dst5,48.000000,48.250000,48.125000,0.000000,0.000000,0.000000,100.000000,0.250000,ns3-simulated/trace-derived
c0-balanced,均衡 25/25/25/25,dst5,48.250000,48.500000,48.375000,0.000000,0.000000,0.000000,100.000000,0.250000,ns3-simulated/trace-derived
c0-balanced,均衡 25/25/25/25,dst5,48.500000,48.750000,48.625000,0.000000,0.000000,0.000000,100.000000,0.250000,ns3-simulated/trace-derived
c0-balanced,均衡 25/25/25/25,dst5,48.750000,49.000000,48.875000,0.000000,0.000000,0.000000,100.000000,0.250000,ns3-simulated/trace-derived
c0-balanced,均衡 25/25/25/25,dst5,49.000000,49.250000,49.125000,0.000000,0.000000,0.000000,100.000000,0.250000,ns3-simulated/trace-derived
c0-balanced,均衡 25/25/25/25,dst5,49.250000,49.500000,49.375000,0.000000,0.000000,0.000000,100.000000,0.250000,ns3-simulated/trace-derived
c0-balanced,均衡 25/25/25/25,dst5,49.500000,49.750000,49.625000,0.000000,0.000000,0.000000,100.000000,0.250000,ns3-simulated/trace-derived
c0-balanced,均衡 25/25/25/25,dst5,49.750000,50.000000,49.875000,0.000000,0.000000,0.000000,100.000000,0.250000,ns3-simulated/trace-derived
c0-balanced,均衡 25/25/25/25,dst5,50.000000,50.250000,50.125000,0.000000,0.000000,0.000000,100.000000,0.250000,ns3-simulated/trace-derived
c0-balanced,均衡 25/25/25/25,dst5,50.250000,50.500000,50.375000,0.000000,0.000000,0.000000,100.000000,0.250000,ns3-simulated/trace-derived
c0-balanced,均衡 25/25/25/25,dst5,50.500000,50.750000,50.625000,0.000000,0.000000,0.000000,100.000000,0.250000,ns3-simulated/trace-derived
c0-balanced,均衡 25/25/25/25,dst5,50.750000,51.000000,50.875000,0.000000,0.000000,0.000000,100.000000,0.250000,ns3-simulated/trace-derived
c0-balanced,均衡 25/25/25/25,dst5,51.000000,51.250000,51.125000,0.000000,0.000000,0.000000,100.000000,0.250000,ns3-simulated/trace-derived
c0-balanced,均衡 25/25/25/25,dst5,51.250000,51.500000,51.375000,0.000000,0.000000,0.000000,100.000000,0.250000,ns3-simulated/trace-derived
c0-balanced,均衡 25/25/25/25,dst5,51.500000,51.750000,51.625000,0.000000,0.000000,0.000000,100.000000,0.250000,ns3-simulated/trace-derived
c0-balanced,均衡 25/25/25/25,dst5,51.750000,52.000000,51.875000,0.000000,0.000000,0.000000,100.000000,0.250000,ns3-simulated/trace-derived
c0-balanced,均衡 25/25/25/25,dst5,52.000000,52.250000,52.125000,0.000000,0.000000,0.000000,100.000000,0.250000,ns3-simulated/trace-derived
c0-balanced,均衡 25/25/25/25,dst5,52.250000,52.500000,52.375000,0.000000,0.000000,0.000000,100.000000,0.250000,ns3-simulated/trace-derived
c0-balanced,均衡 25/25/25/25,dst5,52.500000,52.750000,52.625000,0.000000,0.000000,0.000000,100.000000,0.250000,ns3-simulated/trace-derived
c0-balanced,均衡 25/25/25/25,dst5,52.750000,53.000000,52.875000,0.000000,0.000000,0.000000,100.000000,0.250000,ns3-simulated/trace-derived
c0-balanced,均衡 25/25/25/25,dst5,53.000000,53.250000,53.125000,0.000000,0.000000,0.000000,100.000000,0.250000,ns3-simulated/trace-derived
c0-balanced,均衡 25/25/25/25,dst5,53.250000,53.500000,53.375000,0.000000,0.000000,0.000000,100.000000,0.250000,ns3-simulated/trace-derived
c0-balanced,均衡 25/25/25/25,dst5,53.500000,53.750000,53.625000,0.000000,0.000000,0.000000,100.000000,0.250000,ns3-simulated/trace-derived
c0-balanced,均衡 25/25/25/25,dst5,53.750000,54.000000,53.875000,0.000000,0.000000,0.000000,100.000000,0.250000,ns3-simulated/trace-derived
c0-balanced,均衡 25/25/25/25,dst5,54.000000,54.250000,54.125000,0.000000,0.000000,0.000000,100.000000,0.250000,ns3-simulated/trace-derived
c0-balanced,均衡 25/25/25/25,dst5,54.250000,54.500000,54.375000,0.000000,0.000000,0.000000,100.000000,0.250000,ns3-simulated/trace-derived
c0-balanced,均衡 25/25/25/25,dst5,54.500000,54.750000,54.625000,0.000000,0.000000,0.000000,100.000000,0.250000,ns3-simulated/trace-derived
c0-balanced,均衡 25/25/25/25,dst5,54.750000,55.000000,54.875000,0.000000,0.000000,0.000000,100.000000,0.250000,ns3-simulated/trace-derived
c0-balanced,均衡 25/25/25/25,dst5,55.000000,55.250000,55.125000,0.000000,0.000000,0.000000,100.000000,0.250000,ns3-simulated/trace-derived
c0-balanced,均衡 25/25/25/25,dst5,55.250000,55.500000,55.375000,0.000000,0.000000,0.000000,100.000000,0.250000,ns3-simulated/trace-derived
c0-balanced,均衡 25/25/25/25,dst5,55.500000,55.750000,55.625000,0.000000,0.000000,0.000000,100.000000,0.250000,ns3-simulated/trace-derived
c0-balanced,均衡 25/25/25/25,dst5,55.750000,56.000000,55.875000,0.000000,0.000000,0.000000,100.000000,0.250000,ns3-simulated/trace-derived
c0-balanced,均衡 25/25/25/25,dst5,56.000000,56.250000,56.125000,0.000000,0.000000,0.000000,100.000000,0.250000,ns3-simulated/trace-derived
c0-balanced,均衡 25/25/25/25,dst5,56.250000,56.500000,56.375000,0.000000,0.000000,0.000000,100.000000,0.250000,ns3-simulated/trace-derived
c0-balanced,均衡 25/25/25/25,dst5,56.500000,56.750000,56.625000,0.000000,0.000000,0.000000,100.000000,0.250000,ns3-simulated/trace-derived
c0-balanced,均衡 25/25/25/25,dst5,56.750000,57.000000,56.875000,0.000000,0.000000,0.000000,100.000000,0.250000,ns3-simulated/trace-derived
c0-balanced,均衡 25/25/25/25,dst5,57.000000,57.250000,57.125000,0.000000,0.000000,0.000000,100.000000,0.250000,ns3-simulated/trace-derived
c0-balanced,均衡 25/25/25/25,dst5,57.250000,57.500000,57.375000,0.000000,0.000000,0.000000,100.000000,0.250000,ns3-simulated/trace-derived
c0-balanced,均衡 25/25/25/25,dst5,57.500000,57.750000,57.625000,0.000000,0.000000,0.000000,100.000000,0.250000,ns3-simulated/trace-derived
c0-balanced,均衡 25/25/25/25,dst5,57.750000,58.000000,57.875000,0.000000,0.000000,0.000000,100.000000,0.250000,ns3-simulated/trace-derived
c0-balanced,均衡 25/25/25/25,dst5,58.000000,58.250000,58.125000,0.000000,0.000000,0.000000,100.000000,0.250000,ns3-simulated/trace-derived
c0-balanced,均衡 25/25/25/25,dst5,58.250000,58.500000,58.375000,0.000000,0.000000,0.000000,100.000000,0.250000,ns3-simulated/trace-derived
c0-balanced,均衡 25/25/25/25,dst5,58.500000,58.750000,58.625000,0.000000,0.000000,0.000000,100.000000,0.250000,ns3-simulated/trace-derived
c0-balanced,均衡 25/25/25/25,dst5,58.750000,59.000000,58.875000,0.000000,0.000000,0.000000,100.000000,0.250000,ns3-simulated/trace-derived
c0-balanced,均衡 25/25/25/25,dst5,59.000000,59.250000,59.125000,0.000000,0.000000,0.000000,100.000000,0.250000,ns3-simulated/trace-derived
c0-balanced,均衡 25/25/25/25,dst5,59.250000,59.500000,59.375000,0.000000,0.000000,0.000000,100.000000,0.250000,ns3-simulated/trace-derived
c0-balanced,均衡 25/25/25/25,dst5,59.500000,59.750000,59.625000,0.000000,0.000000,0.000000,100.000000,0.250000,ns3-simulated/trace-derived
c0-balanced,均衡 25/25/25/25,dst5,59.750000,60.000000,59.875000,0.000000,0.000000,0.000000,100.000000,0.250000,ns3-simulated/trace-derived
c0-balanced,均衡 25/25/25/25,dst5,60.000000,60.250000,60.125000,0.000000,0.000000,0.000000,100.000000,0.250000,ns3-simulated/trace-derived
c0-balanced,均衡 25/25/25/25,dst5,60.250000,60.500000,60.375000,0.000000,0.000000,0.000000,100.000000,0.250000,ns3-simulated/trace-derived
c0-balanced,均衡 25/25/25/25,dst5,60.500000,60.750000,60.625000,0.000000,0.000000,0.000000,100.000000,0.250000,ns3-simulated/trace-derived
c0-balanced,均衡 25/25/25/25,dst5,60.750000,61.000000,60.875000,0.000000,0.000000,0.000000,100.000000,0.250000,ns3-simulated/trace-derived
c0-balanced,均衡 25/25/25/25,dst5,61.000000,61.250000,61.125000,0.000000,0.000000,0.000000,100.000000,0.250000,ns3-simulated/trace-derived
c0-balanced,均衡 25/25/25/25,dst5,61.250000,61.500000,61.375000,0.000000,0.000000,0.000000,100.000000,0.250000,ns3-simulated/trace-derived
c0-balanced,均衡 25/25/25/25,dst5,61.500000,61.750000,61.625000,0.000000,0.000000,0.000000,100.000000,0.250000,ns3-simulated/trace-derived
c0-balanced,均衡 25/25/25/25,dst5,61.750000,62.000000,61.875000,0.000000,0.000000,0.000000,100.000000,0.250000,ns3-simulated/trace-derived
c0-balanced,均衡 25/25/25/25,dst5,62.000000,62.250000,62.125000,0.000000,0.000000,0.000000,100.000000,0.250000,ns3-simulated/trace-derived
c0-balanced,均衡 25/25/25/25,dst5,62.250000,62.500000,62.375000,0.000000,0.000000,0.000000,100.000000,0.250000,ns3-simulated/trace-derived
c0-balanced,均衡 25/25/25/25,dst5,62.500000,62.750000,62.625000,0.000000,0.000000,0.000000,100.000000,0.250000,ns3-simulated/trace-derived
c0-balanced,均衡 25/25/25/25,dst5,62.750000,63.000000,62.875000,0.000000,0.000000,0.000000,100.000000,0.250000,ns3-simulated/trace-derived
c0-balanced,均衡 25/25/25/25,dst5,63.000000,63.250000,63.125000,0.000000,0.000000,0.000000,100.000000,0.250000,ns3-simulated/trace-derived
c0-balanced,均衡 25/25/25/25,dst5,63.250000,63.500000,63.375000,0.000000,0.000000,0.000000,100.000000,0.250000,ns3-simulated/trace-derived
c0-balanced,均衡 25/25/25/25,dst5,63.500000,63.750000,63.625000,0.000000,0.000000,0.000000,100.000000,0.250000,ns3-simulated/trace-derived
c0-balanced,均衡 25/25/25/25,dst5,63.750000,64.000000,63.875000,0.000000,0.000000,0.000000,100.000000,0.250000,ns3-simulated/trace-derived
c0-balanced,均衡 25/25/25/25,dst5,64.000000,64.250000,64.125000,0.000000,0.000000,0.000000,100.000000,0.250000,ns3-simulated/trace-derived
c0-balanced,均衡 25/25/25/25,dst5,64.250000,64.500000,64.375000,0.000000,0.000000,0.000000,100.000000,0.250000,ns3-simulated/trace-derived
c0-balanced,均衡 25/25/25/25,dst5,64.500000,64.750000,64.625000,0.000000,0.000000,0.000000,100.000000,0.250000,ns3-simulated/trace-derived
c0-balanced,均衡 25/25/25/25,dst5,64.750000,65.000000,64.875000,0.000000,0.000000,0.000000,100.000000,0.250000,ns3-simulated/trace-derived
c0-balanced,均衡 25/25/25/25,dst5,65.000000,65.250000,65.125000,0.000000,0.000000,0.000000,100.000000,0.250000,ns3-simulated/trace-derived
c0-balanced,均衡 25/25/25/25,dst5,65.250000,65.500000,65.375000,0.000000,0.000000,0.000000,100.000000,0.250000,ns3-simulated/trace-derived
c0-balanced,均衡 25/25/25/25,dst5,65.500000,65.750000,65.625000,0.000000,0.000000,0.000000,100.000000,0.250000,ns3-simulated/trace-derived
c0-balanced,均衡 25/25/25/25,dst5,65.750000,66.000000,65.875000,0.000000,0.000000,0.000000,100.000000,0.250000,ns3-simulated/trace-derived
c0-balanced,均衡 25/25/25/25,dst5,66.000000,66.250000,66.125000,0.000000,0.000000,0.000000,100.000000,0.250000,ns3-simulated/trace-derived
c0-balanced,均衡 25/25/25/25,dst5,66.250000,66.500000,66.375000,0.000000,0.000000,0.000000,100.000000,0.250000,ns3-simulated/trace-derived
c0-balanced,均衡 25/25/25/25,dst5,66.500000,66.750000,66.625000,0.000000,0.000000,0.000000,100.000000,0.250000,ns3-simulated/trace-derived
c0-balanced,均衡 25/25/25/25,dst5,66.750000,67.000000,66.875000,0.000000,0.000000,0.000000,100.000000,0.250000,ns3-simulated/trace-derived
c0-balanced,均衡 25/25/25/25,dst5,67.000000,67.250000,67.125000,0.000000,0.000000,0.000000,100.000000,0.250000,ns3-simulated/trace-derived
c0-balanced,均衡 25/25/25/25,dst5,67.250000,67.500000,67.375000,0.000000,0.000000,0.000000,100.000000,0.250000,ns3-simulated/trace-derived
c0-balanced,均衡 25/25/25/25,dst5,67.500000,67.750000,67.625000,0.000000,0.000000,0.000000,100.000000,0.250000,ns3-simulated/trace-derived
c0-balanced,均衡 25/25/25/25,dst5,67.750000,68.000000,67.875000,0.000000,0.000000,0.000000,100.000000,0.250000,ns3-simulated/trace-derived
c0-balanced,均衡 25/25/25/25,dst5,68.000000,68.250000,68.125000,0.000000,0.000000,0.000000,100.000000,0.250000,ns3-simulated/trace-derived
c0-balanced,均衡 25/25/25/25,dst5,68.250000,68.500000,68.375000,0.000000,0.000000,0.000000,100.000000,0.250000,ns3-simulated/trace-derived
c0-balanced,均衡 25/25/25/25,dst5,68.500000,68.750000,68.625000,0.000000,0.000000,0.000000,100.000000,0.250000,ns3-simulated/trace-derived
c0-balanced,均衡 25/25/25/25,dst5,68.750000,69.000000,68.875000,0.000000,0.000000,0.000000,100.000000,0.250000,ns3-simulated/trace-derived
c0-balanced,均衡 25/25/25/25,dst5,69.000000,69.250000,69.125000,0.000000,0.000000,0.000000,100.000000,0.250000,ns3-simulated/trace-derived
c0-balanced,均衡 25/25/25/25,dst5,69.250000,69.500000,69.375000,0.000000,0.000000,0.000000,100.000000,0.250000,ns3-simulated/trace-derived
c0-balanced,均衡 25/25/25/25,dst5,69.500000,69.750000,69.625000,0.000000,0.000000,0.000000,100.000000,0.250000,ns3-simulated/trace-derived
c0-balanced,均衡 25/25/25/25,dst5,69.750000,70.000000,69.875000,0.000000,0.000000,0.000000,100.000000,0.250000,ns3-simulated/trace-derived
c0-balanced,均衡 25/25/25/25,dst5,70.000000,70.250000,70.125000,0.000000,0.000000,0.000000,100.000000,0.250000,ns3-simulated/trace-derived
c0-balanced,均衡 25/25/25/25,dst5,70.250000,70.500000,70.375000,0.000000,0.000000,0.000000,100.000000,0.250000,ns3-simulated/trace-derived
c0-balanced,均衡 25/25/25/25,dst5,70.500000,70.750000,70.625000,0.000000,0.000000,0.000000,100.000000,0.250000,ns3-simulated/trace-derived
c0-balanced,均衡 25/25/25/25,dst5,70.750000,71.000000,70.875000,0.000000,0.000000,0.000000,100.000000,0.250000,ns3-simulated/trace-derived
c0-balanced,均衡 25/25/25/25,dst5,71.000000,71.250000,71.125000,0.000000,0.000000,0.000000,100.000000,0.250000,ns3-simulated/trace-derived
c0-balanced,均衡 25/25/25/25,dst5,71.250000,71.500000,71.375000,0.000000,0.000000,0.000000,100.000000,0.250000,ns3-simulated/trace-derived
c0-balanced,均衡 25/25/25/25,dst5,71.500000,71.750000,71.625000,0.000000,0.000000,0.000000,100.000000,0.250000,ns3-simulated/trace-derived
c0-balanced,均衡 25/25/25/25,dst5,71.750000,72.000000,71.875000,0.000000,0.000000,0.000000,100.000000,0.250000,ns3-simulated/trace-derived
c0-balanced,均衡 25/25/25/25,dst5,72.000000,72.250000,72.125000,0.000000,0.000000,0.000000,100.000000,0.250000,ns3-simulated/trace-derived
c0-balanced,均衡 25/25/25/25,dst5,72.250000,72.500000,72.375000,0.000000,0.000000,0.000000,100.000000,0.250000,ns3-simulated/trace-derived
c0-balanced,均衡 25/25/25/25,dst5,72.500000,72.750000,72.625000,0.000000,0.000000,0.000000,100.000000,0.250000,ns3-simulated/trace-derived
c0-balanced,均衡 25/25/25/25,dst5,72.750000,73.000000,72.875000,0.000000,0.000000,0.000000,100.000000,0.250000,ns3-simulated/trace-derived
c0-balanced,均衡 25/25/25/25,dst5,73.000000,73.250000,73.125000,0.000000,0.000000,0.000000,100.000000,0.250000,ns3-simulated/trace-derived
c0-balanced,均衡 25/25/25/25,dst5,73.250000,73.500000,73.375000,0.000000,0.000000,0.000000,100.000000,0.250000,ns3-simulated/trace-derived
c0-balanced,均衡 25/25/25/25,dst5,73.500000,73.750000,73.625000,0.000000,0.000000,0.000000,100.000000,0.250000,ns3-simulated/trace-derived
c0-balanced,均衡 25/25/25/25,dst5,73.750000,74.000000,73.875000,0.000000,0.000000,0.000000,100.000000,0.250000,ns3-simulated/trace-derived
c0-balanced,均衡 25/25/25/25,dst5,74.000000,74.250000,74.125000,0.000000,0.000000,0.000000,100.000000,0.250000,ns3-simulated/trace-derived
c0-balanced,均衡 25/25/25/25,dst5,74.250000,74.500000,74.375000,0.000000,0.000000,0.000000,100.000000,0.250000,ns3-simulated/trace-derived
c0-balanced,均衡 25/25/25/25,dst5,74.500000,74.750000,74.625000,0.000000,0.000000,0.000000,100.000000,0.250000,ns3-simulated/trace-derived
c0-balanced,均衡 25/25/25/25,dst5,74.750000,75.000000,74.875000,0.000000,0.000000,0.000000,100.000000,0.250000,ns3-simulated/trace-derived
c0-balanced,均衡 25/25/25/25,dst5,75.000000,75.250000,75.125000,0.000000,0.000000,0.000000,100.000000,0.250000,ns3-simulated/trace-derived
c0-balanced,均衡 25/25/25/25,dst5,75.250000,75.500000,75.375000,0.000000,0.000000,0.000000,100.000000,0.250000,ns3-simulated/trace-derived
c0-balanced,均衡 25/25/25/25,dst5,75.500000,75.750000,75.625000,0.000000,0.000000,0.000000,100.000000,0.250000,ns3-simulated/trace-derived
c0-balanced,均衡 25/25/25/25,dst5,75.750000,76.000000,75.875000,0.000000,0.000000,0.000000,100.000000,0.250000,ns3-simulated/trace-derived
c0-balanced,均衡 25/25/25/25,dst5,76.000000,76.250000,76.125000,0.000000,0.000000,0.000000,100.000000,0.250000,ns3-simulated/trace-derived
c0-balanced,均衡 25/25/25/25,dst5,76.250000,76.500000,76.375000,0.000000,0.000000,0.000000,100.000000,0.250000,ns3-simulated/trace-derived
c0-balanced,均衡 25/25/25/25,dst5,76.500000,76.750000,76.625000,0.000000,0.000000,0.000000,100.000000,0.250000,ns3-simulated/trace-derived
c0-balanced,均衡 25/25/25/25,dst5,76.750000,77.000000,76.875000,0.000000,0.000000,0.000000,100.000000,0.250000,ns3-simulated/trace-derived
c0-balanced,均衡 25/25/25/25,dst5,77.000000,77.250000,77.125000,0.000000,0.000000,0.000000,100.000000,0.250000,ns3-simulated/trace-derived
c0-balanced,均衡 25/25/25/25,dst5,77.250000,77.500000,77.375000,0.000000,0.000000,0.000000,100.000000,0.250000,ns3-simulated/trace-derived
c0-balanced,均衡 25/25/25/25,dst5,77.500000,77.750000,77.625000,0.000000,0.000000,0.000000,100.000000,0.250000,ns3-simulated/trace-derived
c0-balanced,均衡 25/25/25/25,dst5,77.750000,78.000000,77.875000,0.000000,0.000000,0.000000,100.000000,0.250000,ns3-simulated/trace-derived
c0-balanced,均衡 25/25/25/25,dst5,78.000000,78.250000,78.125000,0.000000,0.000000,0.000000,100.000000,0.250000,ns3-simulated/trace-derived
c0-balanced,均衡 25/25/25/25,dst5,78.250000,78.500000,78.375000,0.000000,0.000000,0.000000,100.000000,0.250000,ns3-simulated/trace-derived
c0-balanced,均衡 25/25/25/25,dst5,78.500000,78.750000,78.625000,0.000000,0.000000,0.000000,100.000000,0.250000,ns3-simulated/trace-derived
c0-balanced,均衡 25/25/25/25,dst5,78.750000,79.000000,78.875000,0.000000,0.000000,0.000000,100.000000,0.250000,ns3-simulated/trace-derived
c0-balanced,均衡 25/25/25/25,dst5,79.000000,79.250000,79.125000,0.000000,0.000000,0.000000,100.000000,0.250000,ns3-simulated/trace-derived
c0-balanced,均衡 25/25/25/25,dst5,79.250000,79.500000,79.375000,0.000000,0.000000,0.000000,100.000000,0.250000,ns3-simulated/trace-derived
c0-balanced,均衡 25/25/25/25,dst5,79.500000,79.750000,79.625000,0.000000,0.000000,0.000000,100.000000,0.250000,ns3-simulated/trace-derived
c0-balanced,均衡 25/25/25/25,dst5,79.750000,80.000000,79.875000,0.000000,0.000000,0.000000,100.000000,0.250000,ns3-simulated/trace-derived
c0-balanced,均衡 25/25/25/25,dst5,80.000000,80.250000,80.125000,0.000000,0.000000,0.000000,100.000000,0.250000,ns3-simulated/trace-derived
c0-balanced,均衡 25/25/25/25,dst5,80.250000,80.500000,80.375000,0.000000,0.000000,0.000000,100.000000,0.250000,ns3-simulated/trace-derived
c0-balanced,均衡 25/25/25/25,dst5,80.500000,80.750000,80.625000,0.000000,0.000000,0.000000,100.000000,0.250000,ns3-simulated/trace-derived
c0-balanced,均衡 25/25/25/25,dst5,80.750000,81.000000,80.875000,0.000000,0.000000,0.000000,100.000000,0.250000,ns3-simulated/trace-derived
c0-balanced,均衡 25/25/25/25,dst5,81.000000,81.250000,81.125000,0.000000,0.000000,0.000000,100.000000,0.250000,ns3-simulated/trace-derived
c0-balanced,均衡 25/25/25/25,dst5,81.250000,81.500000,81.375000,0.000000,0.000000,0.000000,100.000000,0.250000,ns3-simulated/trace-derived
c0-balanced,均衡 25/25/25/25,dst5,81.500000,81.750000,81.625000,0.000000,0.000000,0.000000,100.000000,0.250000,ns3-simulated/trace-derived
c0-balanced,均衡 25/25/25/25,dst5,81.750000,82.000000,81.875000,0.000000,0.000000,0.000000,100.000000,0.250000,ns3-simulated/trace-derived
c0-balanced,均衡 25/25/25/25,dst5,82.000000,82.250000,82.125000,0.000000,0.000000,0.000000,100.000000,0.250000,ns3-simulated/trace-derived
c0-balanced,均衡 25/25/25/25,dst5,82.250000,82.500000,82.375000,0.000000,0.000000,0.000000,100.000000,0.250000,ns3-simulated/trace-derived
c0-balanced,均衡 25/25/25/25,dst5,82.500000,82.750000,82.625000,0.000000,0.000000,0.000000,100.000000,0.250000,ns3-simulated/trace-derived
c0-balanced,均衡 25/25/25/25,dst5,82.750000,83.000000,82.875000,0.000000,0.000000,0.000000,100.000000,0.250000,ns3-simulated/trace-derived
c0-balanced,均衡 25/25/25/25,dst5,83.000000,83.250000,83.125000,0.000000,0.000000,0.000000,100.000000,0.250000,ns3-simulated/trace-derived
c0-balanced,均衡 25/25/25/25,dst5,83.250000,83.500000,83.375000,0.000000,0.000000,0.000000,100.000000,0.250000,ns3-simulated/trace-derived
c0-balanced,均衡 25/25/25/25,dst5,83.500000,83.750000,83.625000,0.000000,0.000000,0.000000,100.000000,0.250000,ns3-simulated/trace-derived
c0-balanced,均衡 25/25/25/25,dst5,83.750000,84.000000,83.875000,0.000000,0.000000,0.000000,100.000000,0.250000,ns3-simulated/trace-derived
c0-balanced,均衡 25/25/25/25,dst5,84.000000,84.250000,84.125000,0.000000,0.000000,0.000000,100.000000,0.250000,ns3-simulated/trace-derived
c0-balanced,均衡 25/25/25/25,dst5,84.250000,84.500000,84.375000,0.000000,0.000000,0.000000,100.000000,0.250000,ns3-simulated/trace-derived
c0-balanced,均衡 25/25/25/25,dst5,84.500000,84.750000,84.625000,0.000000,0.000000,0.000000,100.000000,0.250000,ns3-simulated/trace-derived
c0-balanced,均衡 25/25/25/25,dst5,84.750000,85.000000,84.875000,0.000000,0.000000,0.000000,100.000000,0.250000,ns3-simulated/trace-derived
c0-balanced,均衡 25/25/25/25,dst5,85.000000,85.250000,85.125000,0.000000,0.000000,0.000000,100.000000,0.250000,ns3-simulated/trace-derived
c0-balanced,均衡 25/25/25/25,dst5,85.250000,85.500000,85.375000,0.000000,0.000000,0.000000,100.000000,0.250000,ns3-simulated/trace-derived
c0-balanced,均衡 25/25/25/25,dst5,85.500000,85.750000,85.625000,0.000000,0.000000,0.000000,100.000000,0.250000,ns3-simulated/trace-derived
c0-balanced,均衡 25/25/25/25,dst5,85.750000,86.000000,85.875000,0.000000,0.000000,0.000000,100.000000,0.250000,ns3-simulated/trace-derived
c0-balanced,均衡 25/25/25/25,dst5,86.000000,86.250000,86.125000,0.000000,0.000000,0.000000,100.000000,0.250000,ns3-simulated/trace-derived
c0-balanced,均衡 25/25/25/25,dst5,86.250000,86.500000,86.375000,0.000000,0.000000,0.000000,100.000000,0.250000,ns3-simulated/trace-derived
c0-balanced,均衡 25/25/25/25,dst5,86.500000,86.750000,86.625000,0.000000,0.000000,0.000000,100.000000,0.250000,ns3-simulated/trace-derived
c0-balanced,均衡 25/25/25/25,dst5,86.750000,87.000000,86.875000,0.000000,0.000000,0.000000,100.000000,0.250000,ns3-simulated/trace-derived
c0-balanced,均衡 25/25/25/25,dst5,87.000000,87.250000,87.125000,0.000000,0.000000,0.000000,100.000000,0.250000,ns3-simulated/trace-derived
c0-balanced,均衡 25/25/25/25,dst5,87.250000,87.500000,87.375000,0.000000,0.000000,0.000000,100.000000,0.250000,ns3-simulated/trace-derived
c0-balanced,均衡 25/25/25/25,dst5,87.500000,87.750000,87.625000,0.000000,0.000000,0.000000,100.000000,0.250000,ns3-simulated/trace-derived
c0-balanced,均衡 25/25/25/25,dst5,87.750000,88.000000,87.875000,0.000000,0.000000,0.000000,100.000000,0.250000,ns3-simulated/trace-derived
c0-balanced,均衡 25/25/25/25,dst5,88.000000,88.250000,88.125000,0.000000,0.000000,0.000000,100.000000,0.250000,ns3-simulated/trace-derived
c0-balanced,均衡 25/25/25/25,dst5,88.250000,88.500000,88.375000,0.000000,0.000000,0.000000,100.000000,0.250000,ns3-simulated/trace-derived
c0-balanced,均衡 25/25/25/25,dst5,88.500000,88.750000,88.625000,0.000000,0.000000,0.000000,100.000000,0.250000,ns3-simulated/trace-derived
c0-balanced,均衡 25/25/25/25,dst5,88.750000,89.000000,88.875000,0.000000,0.000000,0.000000,100.000000,0.250000,ns3-simulated/trace-derived
c0-balanced,均衡 25/25/25/25,dst5,89.000000,89.250000,89.125000,0.000000,0.000000,0.000000,100.000000,0.250000,ns3-simulated/trace-derived
c0-balanced,均衡 25/25/25/25,dst5,89.250000,89.500000,89.375000,0.000000,0.000000,0.000000,100.000000,0.250000,ns3-simulated/trace-derived
c0-balanced,均衡 25/25/25/25,dst5,89.500000,89.750000,89.625000,0.000000,0.000000,0.000000,100.000000,0.250000,ns3-simulated/trace-derived
c0-balanced,均衡 25/25/25/25,dst5,89.750000,90.000000,89.875000,0.000000,0.000000,0.000000,100.000000,0.250000,ns3-simulated/trace-derived
c0-balanced,均衡 25/25/25/25,dst5,90.000000,90.250000,90.125000,0.000000,0.000000,0.000000,100.000000,0.250000,ns3-simulated/trace-derived
c0-balanced,均衡 25/25/25/25,dst5,90.250000,90.500000,90.375000,0.000000,0.000000,0.000000,100.000000,0.250000,ns3-simulated/trace-derived
c0-balanced,均衡 25/25/25/25,dst5,90.500000,90.750000,90.625000,0.000000,0.000000,0.000000,100.000000,0.250000,ns3-simulated/trace-derived
c0-balanced,均衡 25/25/25/25,dst5,90.750000,91.000000,90.875000,0.000000,0.000000,0.000000,100.000000,0.250000,ns3-simulated/trace-derived
c0-balanced,均衡 25/25/25/25,dst5,91.000000,91.250000,91.125000,0.000000,0.000000,0.000000,100.000000,0.250000,ns3-simulated/trace-derived
c0-balanced,均衡 25/25/25/25,dst5,91.250000,91.500000,91.375000,0.000000,0.000000,0.000000,100.000000,0.250000,ns3-simulated/trace-derived
c0-balanced,均衡 25/25/25/25,dst5,91.500000,91.750000,91.625000,0.000000,0.000000,0.000000,100.000000,0.250000,ns3-simulated/trace-derived
c0-balanced,均衡 25/25/25/25,dst5,91.750000,92.000000,91.875000,0.000000,0.000000,0.000000,100.000000,0.250000,ns3-simulated/trace-derived
c0-balanced,均衡 25/25/25/25,dst5,92.000000,92.250000,92.125000,0.000000,0.000000,0.000000,100.000000,0.250000,ns3-simulated/trace-derived
c0-balanced,均衡 25/25/25/25,dst5,92.250000,92.500000,92.375000,0.000000,0.000000,0.000000,100.000000,0.250000,ns3-simulated/trace-derived
c0-balanced,均衡 25/25/25/25,dst5,92.500000,92.750000,92.625000,0.000000,0.000000,0.000000,100.000000,0.250000,ns3-simulated/trace-derived
c0-balanced,均衡 25/25/25/25,dst5,92.750000,93.000000,92.875000,0.000000,0.000000,0.000000,100.000000,0.250000,ns3-simulated/trace-derived
c0-balanced,均衡 25/25/25/25,dst5,93.000000,93.250000,93.125000,0.000000,0.000000,0.000000,100.000000,0.250000,ns3-simulated/trace-derived
c0-balanced,均衡 25/25/25/25,dst5,93.250000,93.500000,93.375000,0.000000,0.000000,0.000000,100.000000,0.250000,ns3-simulated/trace-derived
c0-balanced,均衡 25/25/25/25,dst5,93.500000,93.750000,93.625000,0.000000,0.000000,0.000000,100.000000,0.250000,ns3-simulated/trace-derived
c0-balanced,均衡 25/25/25/25,dst5,93.750000,94.000000,93.875000,0.000000,0.000000,0.000000,100.000000,0.250000,ns3-simulated/trace-derived
c0-balanced,均衡 25/25/25/25,dst5,94.000000,94.250000,94.125000,0.000000,0.000000,0.000000,100.000000,0.250000,ns3-simulated/trace-derived
c0-balanced,均衡 25/25/25/25,dst5,94.250000,94.500000,94.375000,0.000000,0.000000,0.000000,100.000000,0.250000,ns3-simulated/trace-derived
c0-balanced,均衡 25/25/25/25,dst5,94.500000,94.750000,94.625000,0.000000,0.000000,0.000000,100.000000,0.250000,ns3-simulated/trace-derived
c0-balanced,均衡 25/25/25/25,dst5,94.750000,95.000000,94.875000,0.000000,0.000000,0.000000,100.000000,0.250000,ns3-simulated/trace-derived
c0-balanced,均衡 25/25/25/25,dst5,95.000000,95.250000,95.125000,0.000000,0.000000,0.000000,100.000000,0.250000,ns3-simulated/trace-derived
c0-balanced,均衡 25/25/25/25,dst6,0.000000,0.250000,0.125000,0.000000,0.000000,0.000000,100.000000,0.250000,ns3-simulated/trace-derived
c0-balanced,均衡 25/25/25/25,dst6,0.250000,0.500000,0.375000,0.000000,0.000000,0.000000,100.000000,0.250000,ns3-simulated/trace-derived
c0-balanced,均衡 25/25/25/25,dst6,0.500000,0.750000,0.625000,1976.500000,63.248000,63.248000,100.000000,0.250000,ns3-simulated/trace-derived
c0-balanced,均衡 25/25/25/25,dst6,0.750000,1.000000,0.875000,3125.000000,100.000000,100.000000,100.000000,0.250000,ns3-simulated/trace-derived
c0-balanced,均衡 25/25/25/25,dst6,1.000000,1.250000,1.125000,3125.000000,100.000000,100.000000,100.000000,0.250000,ns3-simulated/trace-derived
c0-balanced,均衡 25/25/25/25,dst6,1.250000,1.500000,1.375000,2081.500000,66.608000,66.608000,100.000000,0.250000,ns3-simulated/trace-derived
c0-balanced,均衡 25/25/25/25,dst6,1.500000,1.750000,1.625000,3125.000000,100.000000,100.000000,100.000000,0.250000,ns3-simulated/trace-derived
c0-balanced,均衡 25/25/25/25,dst6,1.750000,2.000000,1.875000,3125.000000,100.000000,100.000000,100.000000,0.250000,ns3-simulated/trace-derived
c0-balanced,均衡 25/25/25/25,dst6,2.000000,2.250000,2.125000,3125.000000,100.000000,100.000000,100.000000,0.250000,ns3-simulated/trace-derived
c0-balanced,均衡 25/25/25/25,dst6,2.250000,2.500000,2.375000,3125.000000,100.000000,100.000000,100.000000,0.250000,ns3-simulated/trace-derived
c0-balanced,均衡 25/25/25/25,dst6,2.500000,2.750000,2.625000,3125.000000,100.000000,100.000000,100.000000,0.250000,ns3-simulated/trace-derived
c0-balanced,均衡 25/25/25/25,dst6,2.750000,3.000000,2.875000,3125.000000,100.000000,100.000000,100.000000,0.250000,ns3-simulated/trace-derived
c0-balanced,均衡 25/25/25/25,dst6,3.000000,3.250000,3.125000,3125.000000,100.000000,100.000000,100.000000,0.250000,ns3-simulated/trace-derived
c0-balanced,均衡 25/25/25/25,dst6,3.250000,3.500000,3.375000,3125.000000,100.000000,100.000000,100.000000,0.250000,ns3-simulated/trace-derived
c0-balanced,均衡 25/25/25/25,dst6,3.500000,3.750000,3.625000,3125.000000,100.000000,100.000000,100.000000,0.250000,ns3-simulated/trace-derived
c0-balanced,均衡 25/25/25/25,dst6,3.750000,4.000000,3.875000,3125.000000,100.000000,100.000000,100.000000,0.250000,ns3-simulated/trace-derived
c0-balanced,均衡 25/25/25/25,dst6,4.000000,4.250000,4.125000,3125.000000,100.000000,100.000000,100.000000,0.250000,ns3-simulated/trace-derived
c0-balanced,均衡 25/25/25/25,dst6,4.250000,4.500000,4.375000,3125.000000,100.000000,100.000000,100.000000,0.250000,ns3-simulated/trace-derived
c0-balanced,均衡 25/25/25/25,dst6,4.500000,4.750000,4.625000,3125.000000,100.000000,100.000000,100.000000,0.250000,ns3-simulated/trace-derived
c0-balanced,均衡 25/25/25/25,dst6,4.750000,5.000000,4.875000,3125.000000,100.000000,100.000000,100.000000,0.250000,ns3-simulated/trace-derived
c0-balanced,均衡 25/25/25/25,dst6,5.000000,5.250000,5.125000,3125.000000,100.000000,100.000000,100.000000,0.250000,ns3-simulated/trace-derived
c0-balanced,均衡 25/25/25/25,dst6,5.250000,5.500000,5.375000,3125.000000,100.000000,100.000000,100.000000,0.250000,ns3-simulated/trace-derived
c0-balanced,均衡 25/25/25/25,dst6,5.500000,5.750000,5.625000,3125.000000,100.000000,100.000000,100.000000,0.250000,ns3-simulated/trace-derived
c0-balanced,均衡 25/25/25/25,dst6,5.750000,6.000000,5.875000,3125.000000,100.000000,100.000000,100.000000,0.250000,ns3-simulated/trace-derived
c0-balanced,均衡 25/25/25/25,dst6,6.000000,6.250000,6.125000,3125.000000,100.000000,100.000000,100.000000,0.250000,ns3-simulated/trace-derived
c0-balanced,均衡 25/25/25/25,dst6,6.250000,6.500000,6.375000,3125.000000,100.000000,100.000000,100.000000,0.250000,ns3-simulated/trace-derived
c0-balanced,均衡 25/25/25/25,dst6,6.500000,6.750000,6.625000,3125.000000,100.000000,100.000000,100.000000,0.250000,ns3-simulated/trace-derived
c0-balanced,均衡 25/25/25/25,dst6,6.750000,7.000000,6.875000,3125.000000,100.000000,100.000000,100.000000,0.250000,ns3-simulated/trace-derived
c0-balanced,均衡 25/25/25/25,dst6,7.000000,7.250000,7.125000,3125.000000,100.000000,100.000000,100.000000,0.250000,ns3-simulated/trace-derived
c0-balanced,均衡 25/25/25/25,dst6,7.250000,7.500000,7.375000,3125.000000,100.000000,100.000000,100.000000,0.250000,ns3-simulated/trace-derived
c0-balanced,均衡 25/25/25/25,dst6,7.500000,7.750000,7.625000,3125.000000,100.000000,100.000000,100.000000,0.250000,ns3-simulated/trace-derived
c0-balanced,均衡 25/25/25/25,dst6,7.750000,8.000000,7.875000,3125.000000,100.000000,100.000000,100.000000,0.250000,ns3-simulated/trace-derived
c0-balanced,均衡 25/25/25/25,dst6,8.000000,8.250000,8.125000,3125.000000,100.000000,100.000000,100.000000,0.250000,ns3-simulated/trace-derived
c0-balanced,均衡 25/25/25/25,dst6,8.250000,8.500000,8.375000,3125.000000,100.000000,100.000000,100.000000,0.250000,ns3-simulated/trace-derived
c0-balanced,均衡 25/25/25/25,dst6,8.500000,8.750000,8.625000,3125.000000,100.000000,100.000000,100.000000,0.250000,ns3-simulated/trace-derived
c0-balanced,均衡 25/25/25/25,dst6,8.750000,9.000000,8.875000,3125.000000,100.000000,100.000000,100.000000,0.250000,ns3-simulated/trace-derived
c0-balanced,均衡 25/25/25/25,dst6,9.000000,9.250000,9.125000,3125.000000,100.000000,100.000000,100.000000,0.250000,ns3-simulated/trace-derived
c0-balanced,均衡 25/25/25/25,dst6,9.250000,9.500000,9.375000,3125.000000,100.000000,100.000000,100.000000,0.250000,ns3-simulated/trace-derived
c0-balanced,均衡 25/25/25/25,dst6,9.500000,9.750000,9.625000,3125.000000,100.000000,100.000000,100.000000,0.250000,ns3-simulated/trace-derived
c0-balanced,均衡 25/25/25/25,dst6,9.750000,10.000000,9.875000,3125.000000,100.000000,100.000000,100.000000,0.250000,ns3-simulated/trace-derived
c0-balanced,均衡 25/25/25/25,dst6,10.000000,10.250000,10.125000,3125.000000,100.000000,100.000000,100.000000,0.250000,ns3-simulated/trace-derived
c0-balanced,均衡 25/25/25/25,dst6,10.250000,10.500000,10.375000,3125.000000,100.000000,100.000000,100.000000,0.250000,ns3-simulated/trace-derived
c0-balanced,均衡 25/25/25/25,dst6,10.500000,10.750000,10.625000,3125.000000,100.000000,100.000000,100.000000,0.250000,ns3-simulated/trace-derived
c0-balanced,均衡 25/25/25/25,dst6,10.750000,11.000000,10.875000,3125.000000,100.000000,100.000000,100.000000,0.250000,ns3-simulated/trace-derived
c0-balanced,均衡 25/25/25/25,dst6,11.000000,11.250000,11.125000,3125.000000,100.000000,100.000000,100.000000,0.250000,ns3-simulated/trace-derived
c0-balanced,均衡 25/25/25/25,dst6,11.250000,11.500000,11.375000,3125.000000,100.000000,100.000000,100.000000,0.250000,ns3-simulated/trace-derived
c0-balanced,均衡 25/25/25/25,dst6,11.500000,11.750000,11.625000,3125.000000,100.000000,100.000000,100.000000,0.250000,ns3-simulated/trace-derived
c0-balanced,均衡 25/25/25/25,dst6,11.750000,12.000000,11.875000,3125.000000,100.000000,100.000000,100.000000,0.250000,ns3-simulated/trace-derived
c0-balanced,均衡 25/25/25/25,dst6,12.000000,12.250000,12.125000,3125.000000,100.000000,100.000000,100.000000,0.250000,ns3-simulated/trace-derived
c0-balanced,均衡 25/25/25/25,dst6,12.250000,12.500000,12.375000,3125.000000,100.000000,100.000000,100.000000,0.250000,ns3-simulated/trace-derived
c0-balanced,均衡 25/25/25/25,dst6,12.500000,12.750000,12.625000,3125.000000,100.000000,100.000000,100.000000,0.250000,ns3-simulated/trace-derived
c0-balanced,均衡 25/25/25/25,dst6,12.750000,13.000000,12.875000,3125.000000,100.000000,100.000000,100.000000,0.250000,ns3-simulated/trace-derived
c0-balanced,均衡 25/25/25/25,dst6,13.000000,13.250000,13.125000,3125.000000,100.000000,100.000000,100.000000,0.250000,ns3-simulated/trace-derived
c0-balanced,均衡 25/25/25/25,dst6,13.250000,13.500000,13.375000,3125.000000,100.000000,100.000000,100.000000,0.250000,ns3-simulated/trace-derived
c0-balanced,均衡 25/25/25/25,dst6,13.500000,13.750000,13.625000,3125.000000,100.000000,100.000000,100.000000,0.250000,ns3-simulated/trace-derived
c0-balanced,均衡 25/25/25/25,dst6,13.750000,14.000000,13.875000,3125.000000,100.000000,100.000000,100.000000,0.250000,ns3-simulated/trace-derived
c0-balanced,均衡 25/25/25/25,dst6,14.000000,14.250000,14.125000,3125.000000,100.000000,100.000000,100.000000,0.250000,ns3-simulated/trace-derived
c0-balanced,均衡 25/25/25/25,dst6,14.250000,14.500000,14.375000,3125.000000,100.000000,100.000000,100.000000,0.250000,ns3-simulated/trace-derived
c0-balanced,均衡 25/25/25/25,dst6,14.500000,14.750000,14.625000,3125.000000,100.000000,100.000000,100.000000,0.250000,ns3-simulated/trace-derived
c0-balanced,均衡 25/25/25/25,dst6,14.750000,15.000000,14.875000,3125.000000,100.000000,100.000000,100.000000,0.250000,ns3-simulated/trace-derived
c0-balanced,均衡 25/25/25/25,dst6,15.000000,15.250000,15.125000,3125.000000,100.000000,100.000000,100.000000,0.250000,ns3-simulated/trace-derived
c0-balanced,均衡 25/25/25/25,dst6,15.250000,15.500000,15.375000,3125.000000,100.000000,100.000000,100.000000,0.250000,ns3-simulated/trace-derived
c0-balanced,均衡 25/25/25/25,dst6,15.500000,15.750000,15.625000,3125.000000,100.000000,100.000000,100.000000,0.250000,ns3-simulated/trace-derived
c0-balanced,均衡 25/25/25/25,dst6,15.750000,16.000000,15.875000,3125.000000,100.000000,100.000000,100.000000,0.250000,ns3-simulated/trace-derived
c0-balanced,均衡 25/25/25/25,dst6,16.000000,16.250000,16.125000,3125.000000,100.000000,100.000000,100.000000,0.250000,ns3-simulated/trace-derived
c0-balanced,均衡 25/25/25/25,dst6,16.250000,16.500000,16.375000,3125.000000,100.000000,100.000000,100.000000,0.250000,ns3-simulated/trace-derived
c0-balanced,均衡 25/25/25/25,dst6,16.500000,16.750000,16.625000,3125.000000,100.000000,100.000000,100.000000,0.250000,ns3-simulated/trace-derived
c0-balanced,均衡 25/25/25/25,dst6,16.750000,17.000000,16.875000,3125.000000,100.000000,100.000000,100.000000,0.250000,ns3-simulated/trace-derived
c0-balanced,均衡 25/25/25/25,dst6,17.000000,17.250000,17.125000,3125.000000,100.000000,100.000000,100.000000,0.250000,ns3-simulated/trace-derived
c0-balanced,均衡 25/25/25/25,dst6,17.250000,17.500000,17.375000,3125.000000,100.000000,100.000000,100.000000,0.250000,ns3-simulated/trace-derived
c0-balanced,均衡 25/25/25/25,dst6,17.500000,17.750000,17.625000,3125.000000,100.000000,100.000000,100.000000,0.250000,ns3-simulated/trace-derived
c0-balanced,均衡 25/25/25/25,dst6,17.750000,18.000000,17.875000,3125.000000,100.000000,100.000000,100.000000,0.250000,ns3-simulated/trace-derived
c0-balanced,均衡 25/25/25/25,dst6,18.000000,18.250000,18.125000,3125.000000,100.000000,100.000000,100.000000,0.250000,ns3-simulated/trace-derived
c0-balanced,均衡 25/25/25/25,dst6,18.250000,18.500000,18.375000,3125.000000,100.000000,100.000000,100.000000,0.250000,ns3-simulated/trace-derived
c0-balanced,均衡 25/25/25/25,dst6,18.500000,18.750000,18.625000,3125.000000,100.000000,100.000000,100.000000,0.250000,ns3-simulated/trace-derived
c0-balanced,均衡 25/25/25/25,dst6,18.750000,19.000000,18.875000,3125.000000,100.000000,100.000000,100.000000,0.250000,ns3-simulated/trace-derived
c0-balanced,均衡 25/25/25/25,dst6,19.000000,19.250000,19.125000,3125.000000,100.000000,100.000000,100.000000,0.250000,ns3-simulated/trace-derived
c0-balanced,均衡 25/25/25/25,dst6,19.250000,19.500000,19.375000,3125.000000,100.000000,100.000000,100.000000,0.250000,ns3-simulated/trace-derived
c0-balanced,均衡 25/25/25/25,dst6,19.500000,19.750000,19.625000,3125.000000,100.000000,100.000000,100.000000,0.250000,ns3-simulated/trace-derived
c0-balanced,均衡 25/25/25/25,dst6,19.750000,20.000000,19.875000,3125.000000,100.000000,100.000000,100.000000,0.250000,ns3-simulated/trace-derived
c0-balanced,均衡 25/25/25/25,dst6,20.000000,20.250000,20.125000,3125.000000,100.000000,100.000000,100.000000,0.250000,ns3-simulated/trace-derived
c0-balanced,均衡 25/25/25/25,dst6,20.250000,20.500000,20.375000,3125.000000,100.000000,100.000000,100.000000,0.250000,ns3-simulated/trace-derived
c0-balanced,均衡 25/25/25/25,dst6,20.500000,20.750000,20.625000,3125.000000,100.000000,100.000000,100.000000,0.250000,ns3-simulated/trace-derived
c0-balanced,均衡 25/25/25/25,dst6,20.750000,21.000000,20.875000,3125.000000,100.000000,100.000000,100.000000,0.250000,ns3-simulated/trace-derived
c0-balanced,均衡 25/25/25/25,dst6,21.000000,21.250000,21.125000,3125.000000,100.000000,100.000000,100.000000,0.250000,ns3-simulated/trace-derived
c0-balanced,均衡 25/25/25/25,dst6,21.250000,21.500000,21.375000,3125.000000,100.000000,100.000000,100.000000,0.250000,ns3-simulated/trace-derived
c0-balanced,均衡 25/25/25/25,dst6,21.500000,21.750000,21.625000,3125.000000,100.000000,100.000000,100.000000,0.250000,ns3-simulated/trace-derived
c0-balanced,均衡 25/25/25/25,dst6,21.750000,22.000000,21.875000,3125.000000,100.000000,100.000000,100.000000,0.250000,ns3-simulated/trace-derived
c0-balanced,均衡 25/25/25/25,dst6,22.000000,22.250000,22.125000,3125.000000,100.000000,100.000000,100.000000,0.250000,ns3-simulated/trace-derived
c0-balanced,均衡 25/25/25/25,dst6,22.250000,22.500000,22.375000,3125.000000,100.000000,100.000000,100.000000,0.250000,ns3-simulated/trace-derived
c0-balanced,均衡 25/25/25/25,dst6,22.500000,22.750000,22.625000,3125.000000,100.000000,100.000000,100.000000,0.250000,ns3-simulated/trace-derived
c0-balanced,均衡 25/25/25/25,dst6,22.750000,23.000000,22.875000,3125.000000,100.000000,100.000000,100.000000,0.250000,ns3-simulated/trace-derived
c0-balanced,均衡 25/25/25/25,dst6,23.000000,23.250000,23.125000,3125.000000,100.000000,100.000000,100.000000,0.250000,ns3-simulated/trace-derived
c0-balanced,均衡 25/25/25/25,dst6,23.250000,23.500000,23.375000,1649.000000,52.768000,52.768000,100.000000,0.250000,ns3-simulated/trace-derived
c0-balanced,均衡 25/25/25/25,dst6,23.500000,23.750000,23.625000,0.000000,0.000000,0.000000,100.000000,0.250000,ns3-simulated/trace-derived
c0-balanced,均衡 25/25/25/25,dst6,23.750000,24.000000,23.875000,0.000000,0.000000,0.000000,100.000000,0.250000,ns3-simulated/trace-derived
c0-balanced,均衡 25/25/25/25,dst6,24.000000,24.250000,24.125000,0.000000,0.000000,0.000000,100.000000,0.250000,ns3-simulated/trace-derived
c0-balanced,均衡 25/25/25/25,dst6,24.250000,24.500000,24.375000,0.000000,0.000000,0.000000,100.000000,0.250000,ns3-simulated/trace-derived
c0-balanced,均衡 25/25/25/25,dst6,24.500000,24.750000,24.625000,0.000000,0.000000,0.000000,100.000000,0.250000,ns3-simulated/trace-derived
c0-balanced,均衡 25/25/25/25,dst6,24.750000,25.000000,24.875000,0.000000,0.000000,0.000000,100.000000,0.250000,ns3-simulated/trace-derived
c0-balanced,均衡 25/25/25/25,dst6,25.000000,25.250000,25.125000,0.000000,0.000000,0.000000,100.000000,0.250000,ns3-simulated/trace-derived
c0-balanced,均衡 25/25/25/25,dst6,25.250000,25.500000,25.375000,0.000000,0.000000,0.000000,100.000000,0.250000,ns3-simulated/trace-derived
c0-balanced,均衡 25/25/25/25,dst6,25.500000,25.750000,25.625000,0.000000,0.000000,0.000000,100.000000,0.250000,ns3-simulated/trace-derived
c0-balanced,均衡 25/25/25/25,dst6,25.750000,26.000000,25.875000,0.000000,0.000000,0.000000,100.000000,0.250000,ns3-simulated/trace-derived
c0-balanced,均衡 25/25/25/25,dst6,26.000000,26.250000,26.125000,0.000000,0.000000,0.000000,100.000000,0.250000,ns3-simulated/trace-derived
c0-balanced,均衡 25/25/25/25,dst6,26.250000,26.500000,26.375000,0.000000,0.000000,0.000000,100.000000,0.250000,ns3-simulated/trace-derived
c0-balanced,均衡 25/25/25/25,dst6,26.500000,26.750000,26.625000,0.000000,0.000000,0.000000,100.000000,0.250000,ns3-simulated/trace-derived
c0-balanced,均衡 25/25/25/25,dst6,26.750000,27.000000,26.875000,0.000000,0.000000,0.000000,100.000000,0.250000,ns3-simulated/trace-derived
c0-balanced,均衡 25/25/25/25,dst6,27.000000,27.250000,27.125000,0.000000,0.000000,0.000000,100.000000,0.250000,ns3-simulated/trace-derived
c0-balanced,均衡 25/25/25/25,dst6,27.250000,27.500000,27.375000,0.000000,0.000000,0.000000,100.000000,0.250000,ns3-simulated/trace-derived
c0-balanced,均衡 25/25/25/25,dst6,27.500000,27.750000,27.625000,0.000000,0.000000,0.000000,100.000000,0.250000,ns3-simulated/trace-derived
c0-balanced,均衡 25/25/25/25,dst6,27.750000,28.000000,27.875000,0.000000,0.000000,0.000000,100.000000,0.250000,ns3-simulated/trace-derived
c0-balanced,均衡 25/25/25/25,dst6,28.000000,28.250000,28.125000,0.000000,0.000000,0.000000,100.000000,0.250000,ns3-simulated/trace-derived
c0-balanced,均衡 25/25/25/25,dst6,28.250000,28.500000,28.375000,0.000000,0.000000,0.000000,100.000000,0.250000,ns3-simulated/trace-derived
c0-balanced,均衡 25/25/25/25,dst6,28.500000,28.750000,28.625000,0.000000,0.000000,0.000000,100.000000,0.250000,ns3-simulated/trace-derived
c0-balanced,均衡 25/25/25/25,dst6,28.750000,29.000000,28.875000,0.000000,0.000000,0.000000,100.000000,0.250000,ns3-simulated/trace-derived
c0-balanced,均衡 25/25/25/25,dst6,29.000000,29.250000,29.125000,0.000000,0.000000,0.000000,100.000000,0.250000,ns3-simulated/trace-derived
c0-balanced,均衡 25/25/25/25,dst6,29.250000,29.500000,29.375000,0.000000,0.000000,0.000000,100.000000,0.250000,ns3-simulated/trace-derived
c0-balanced,均衡 25/25/25/25,dst6,29.500000,29.750000,29.625000,0.000000,0.000000,0.000000,100.000000,0.250000,ns3-simulated/trace-derived
c0-balanced,均衡 25/25/25/25,dst6,29.750000,30.000000,29.875000,0.000000,0.000000,0.000000,100.000000,0.250000,ns3-simulated/trace-derived
c0-balanced,均衡 25/25/25/25,dst6,30.000000,30.250000,30.125000,0.000000,0.000000,0.000000,100.000000,0.250000,ns3-simulated/trace-derived
c0-balanced,均衡 25/25/25/25,dst6,30.250000,30.500000,30.375000,0.000000,0.000000,0.000000,100.000000,0.250000,ns3-simulated/trace-derived
c0-balanced,均衡 25/25/25/25,dst6,30.500000,30.750000,30.625000,0.000000,0.000000,0.000000,100.000000,0.250000,ns3-simulated/trace-derived
c0-balanced,均衡 25/25/25/25,dst6,30.750000,31.000000,30.875000,0.000000,0.000000,0.000000,100.000000,0.250000,ns3-simulated/trace-derived
c0-balanced,均衡 25/25/25/25,dst6,31.000000,31.250000,31.125000,0.000000,0.000000,0.000000,100.000000,0.250000,ns3-simulated/trace-derived
c0-balanced,均衡 25/25/25/25,dst6,31.250000,31.500000,31.375000,0.000000,0.000000,0.000000,100.000000,0.250000,ns3-simulated/trace-derived
c0-balanced,均衡 25/25/25/25,dst6,31.500000,31.750000,31.625000,0.000000,0.000000,0.000000,100.000000,0.250000,ns3-simulated/trace-derived
c0-balanced,均衡 25/25/25/25,dst6,31.750000,32.000000,31.875000,0.000000,0.000000,0.000000,100.000000,0.250000,ns3-simulated/trace-derived
c0-balanced,均衡 25/25/25/25,dst6,32.000000,32.250000,32.125000,0.000000,0.000000,0.000000,100.000000,0.250000,ns3-simulated/trace-derived
c0-balanced,均衡 25/25/25/25,dst6,32.250000,32.500000,32.375000,0.000000,0.000000,0.000000,100.000000,0.250000,ns3-simulated/trace-derived
c0-balanced,均衡 25/25/25/25,dst6,32.500000,32.750000,32.625000,0.000000,0.000000,0.000000,100.000000,0.250000,ns3-simulated/trace-derived
c0-balanced,均衡 25/25/25/25,dst6,32.750000,33.000000,32.875000,0.000000,0.000000,0.000000,100.000000,0.250000,ns3-simulated/trace-derived
c0-balanced,均衡 25/25/25/25,dst6,33.000000,33.250000,33.125000,0.000000,0.000000,0.000000,100.000000,0.250000,ns3-simulated/trace-derived
c0-balanced,均衡 25/25/25/25,dst6,33.250000,33.500000,33.375000,0.000000,0.000000,0.000000,100.000000,0.250000,ns3-simulated/trace-derived
c0-balanced,均衡 25/25/25/25,dst6,33.500000,33.750000,33.625000,0.000000,0.000000,0.000000,100.000000,0.250000,ns3-simulated/trace-derived
c0-balanced,均衡 25/25/25/25,dst6,33.750000,34.000000,33.875000,0.000000,0.000000,0.000000,100.000000,0.250000,ns3-simulated/trace-derived
c0-balanced,均衡 25/25/25/25,dst6,34.000000,34.250000,34.125000,0.000000,0.000000,0.000000,100.000000,0.250000,ns3-simulated/trace-derived
c0-balanced,均衡 25/25/25/25,dst6,34.250000,34.500000,34.375000,0.000000,0.000000,0.000000,100.000000,0.250000,ns3-simulated/trace-derived
c0-balanced,均衡 25/25/25/25,dst6,34.500000,34.750000,34.625000,0.000000,0.000000,0.000000,100.000000,0.250000,ns3-simulated/trace-derived
c0-balanced,均衡 25/25/25/25,dst6,34.750000,35.000000,34.875000,0.000000,0.000000,0.000000,100.000000,0.250000,ns3-simulated/trace-derived
c0-balanced,均衡 25/25/25/25,dst6,35.000000,35.250000,35.125000,0.000000,0.000000,0.000000,100.000000,0.250000,ns3-simulated/trace-derived
c0-balanced,均衡 25/25/25/25,dst6,35.250000,35.500000,35.375000,0.000000,0.000000,0.000000,100.000000,0.250000,ns3-simulated/trace-derived
c0-balanced,均衡 25/25/25/25,dst6,35.500000,35.750000,35.625000,0.000000,0.000000,0.000000,100.000000,0.250000,ns3-simulated/trace-derived
c0-balanced,均衡 25/25/25/25,dst6,35.750000,36.000000,35.875000,0.000000,0.000000,0.000000,100.000000,0.250000,ns3-simulated/trace-derived
c0-balanced,均衡 25/25/25/25,dst6,36.000000,36.250000,36.125000,0.000000,0.000000,0.000000,100.000000,0.250000,ns3-simulated/trace-derived
c0-balanced,均衡 25/25/25/25,dst6,36.250000,36.500000,36.375000,0.000000,0.000000,0.000000,100.000000,0.250000,ns3-simulated/trace-derived
c0-balanced,均衡 25/25/25/25,dst6,36.500000,36.750000,36.625000,0.000000,0.000000,0.000000,100.000000,0.250000,ns3-simulated/trace-derived
c0-balanced,均衡 25/25/25/25,dst6,36.750000,37.000000,36.875000,0.000000,0.000000,0.000000,100.000000,0.250000,ns3-simulated/trace-derived
c0-balanced,均衡 25/25/25/25,dst6,37.000000,37.250000,37.125000,0.000000,0.000000,0.000000,100.000000,0.250000,ns3-simulated/trace-derived
c0-balanced,均衡 25/25/25/25,dst6,37.250000,37.500000,37.375000,0.000000,0.000000,0.000000,100.000000,0.250000,ns3-simulated/trace-derived
c0-balanced,均衡 25/25/25/25,dst6,37.500000,37.750000,37.625000,0.000000,0.000000,0.000000,100.000000,0.250000,ns3-simulated/trace-derived
c0-balanced,均衡 25/25/25/25,dst6,37.750000,38.000000,37.875000,0.000000,0.000000,0.000000,100.000000,0.250000,ns3-simulated/trace-derived
c0-balanced,均衡 25/25/25/25,dst6,38.000000,38.250000,38.125000,0.000000,0.000000,0.000000,100.000000,0.250000,ns3-simulated/trace-derived
c0-balanced,均衡 25/25/25/25,dst6,38.250000,38.500000,38.375000,0.000000,0.000000,0.000000,100.000000,0.250000,ns3-simulated/trace-derived
c0-balanced,均衡 25/25/25/25,dst6,38.500000,38.750000,38.625000,0.000000,0.000000,0.000000,100.000000,0.250000,ns3-simulated/trace-derived
c0-balanced,均衡 25/25/25/25,dst6,38.750000,39.000000,38.875000,0.000000,0.000000,0.000000,100.000000,0.250000,ns3-simulated/trace-derived
c0-balanced,均衡 25/25/25/25,dst6,39.000000,39.250000,39.125000,0.000000,0.000000,0.000000,100.000000,0.250000,ns3-simulated/trace-derived
c0-balanced,均衡 25/25/25/25,dst6,39.250000,39.500000,39.375000,0.000000,0.000000,0.000000,100.000000,0.250000,ns3-simulated/trace-derived
c0-balanced,均衡 25/25/25/25,dst6,39.500000,39.750000,39.625000,0.000000,0.000000,0.000000,100.000000,0.250000,ns3-simulated/trace-derived
c0-balanced,均衡 25/25/25/25,dst6,39.750000,40.000000,39.875000,0.000000,0.000000,0.000000,100.000000,0.250000,ns3-simulated/trace-derived
c0-balanced,均衡 25/25/25/25,dst6,40.000000,40.250000,40.125000,0.000000,0.000000,0.000000,100.000000,0.250000,ns3-simulated/trace-derived
c0-balanced,均衡 25/25/25/25,dst6,40.250000,40.500000,40.375000,0.000000,0.000000,0.000000,100.000000,0.250000,ns3-simulated/trace-derived
c0-balanced,均衡 25/25/25/25,dst6,40.500000,40.750000,40.625000,0.000000,0.000000,0.000000,100.000000,0.250000,ns3-simulated/trace-derived
c0-balanced,均衡 25/25/25/25,dst6,40.750000,41.000000,40.875000,0.000000,0.000000,0.000000,100.000000,0.250000,ns3-simulated/trace-derived
c0-balanced,均衡 25/25/25/25,dst6,41.000000,41.250000,41.125000,0.000000,0.000000,0.000000,100.000000,0.250000,ns3-simulated/trace-derived
c0-balanced,均衡 25/25/25/25,dst6,41.250000,41.500000,41.375000,0.000000,0.000000,0.000000,100.000000,0.250000,ns3-simulated/trace-derived
c0-balanced,均衡 25/25/25/25,dst6,41.500000,41.750000,41.625000,0.000000,0.000000,0.000000,100.000000,0.250000,ns3-simulated/trace-derived
c0-balanced,均衡 25/25/25/25,dst6,41.750000,42.000000,41.875000,0.000000,0.000000,0.000000,100.000000,0.250000,ns3-simulated/trace-derived
c0-balanced,均衡 25/25/25/25,dst6,42.000000,42.250000,42.125000,0.000000,0.000000,0.000000,100.000000,0.250000,ns3-simulated/trace-derived
c0-balanced,均衡 25/25/25/25,dst6,42.250000,42.500000,42.375000,0.000000,0.000000,0.000000,100.000000,0.250000,ns3-simulated/trace-derived
c0-balanced,均衡 25/25/25/25,dst6,42.500000,42.750000,42.625000,0.000000,0.000000,0.000000,100.000000,0.250000,ns3-simulated/trace-derived
c0-balanced,均衡 25/25/25/25,dst6,42.750000,43.000000,42.875000,0.000000,0.000000,0.000000,100.000000,0.250000,ns3-simulated/trace-derived
c0-balanced,均衡 25/25/25/25,dst6,43.000000,43.250000,43.125000,0.000000,0.000000,0.000000,100.000000,0.250000,ns3-simulated/trace-derived
c0-balanced,均衡 25/25/25/25,dst6,43.250000,43.500000,43.375000,0.000000,0.000000,0.000000,100.000000,0.250000,ns3-simulated/trace-derived
c0-balanced,均衡 25/25/25/25,dst6,43.500000,43.750000,43.625000,0.000000,0.000000,0.000000,100.000000,0.250000,ns3-simulated/trace-derived
c0-balanced,均衡 25/25/25/25,dst6,43.750000,44.000000,43.875000,0.000000,0.000000,0.000000,100.000000,0.250000,ns3-simulated/trace-derived
c0-balanced,均衡 25/25/25/25,dst6,44.000000,44.250000,44.125000,0.000000,0.000000,0.000000,100.000000,0.250000,ns3-simulated/trace-derived
c0-balanced,均衡 25/25/25/25,dst6,44.250000,44.500000,44.375000,0.000000,0.000000,0.000000,100.000000,0.250000,ns3-simulated/trace-derived
c0-balanced,均衡 25/25/25/25,dst6,44.500000,44.750000,44.625000,0.000000,0.000000,0.000000,100.000000,0.250000,ns3-simulated/trace-derived
c0-balanced,均衡 25/25/25/25,dst6,44.750000,45.000000,44.875000,0.000000,0.000000,0.000000,100.000000,0.250000,ns3-simulated/trace-derived
c0-balanced,均衡 25/25/25/25,dst6,45.000000,45.250000,45.125000,0.000000,0.000000,0.000000,100.000000,0.250000,ns3-simulated/trace-derived
c0-balanced,均衡 25/25/25/25,dst6,45.250000,45.500000,45.375000,0.000000,0.000000,0.000000,100.000000,0.250000,ns3-simulated/trace-derived
c0-balanced,均衡 25/25/25/25,dst6,45.500000,45.750000,45.625000,0.000000,0.000000,0.000000,100.000000,0.250000,ns3-simulated/trace-derived
c0-balanced,均衡 25/25/25/25,dst6,45.750000,46.000000,45.875000,0.000000,0.000000,0.000000,100.000000,0.250000,ns3-simulated/trace-derived
c0-balanced,均衡 25/25/25/25,dst6,46.000000,46.250000,46.125000,0.000000,0.000000,0.000000,100.000000,0.250000,ns3-simulated/trace-derived
c0-balanced,均衡 25/25/25/25,dst6,46.250000,46.500000,46.375000,0.000000,0.000000,0.000000,100.000000,0.250000,ns3-simulated/trace-derived
c0-balanced,均衡 25/25/25/25,dst6,46.500000,46.750000,46.625000,0.000000,0.000000,0.000000,100.000000,0.250000,ns3-simulated/trace-derived
c0-balanced,均衡 25/25/25/25,dst6,46.750000,47.000000,46.875000,0.000000,0.000000,0.000000,100.000000,0.250000,ns3-simulated/trace-derived
c0-balanced,均衡 25/25/25/25,dst6,47.000000,47.250000,47.125000,0.000000,0.000000,0.000000,100.000000,0.250000,ns3-simulated/trace-derived
c0-balanced,均衡 25/25/25/25,dst6,47.250000,47.500000,47.375000,0.000000,0.000000,0.000000,100.000000,0.250000,ns3-simulated/trace-derived
c0-balanced,均衡 25/25/25/25,dst6,47.500000,47.750000,47.625000,0.000000,0.000000,0.000000,100.000000,0.250000,ns3-simulated/trace-derived
c0-balanced,均衡 25/25/25/25,dst6,47.750000,48.000000,47.875000,0.000000,0.000000,0.000000,100.000000,0.250000,ns3-simulated/trace-derived
c0-balanced,均衡 25/25/25/25,dst6,48.000000,48.250000,48.125000,0.000000,0.000000,0.000000,100.000000,0.250000,ns3-simulated/trace-derived
c0-balanced,均衡 25/25/25/25,dst6,48.250000,48.500000,48.375000,0.000000,0.000000,0.000000,100.000000,0.250000,ns3-simulated/trace-derived
c0-balanced,均衡 25/25/25/25,dst6,48.500000,48.750000,48.625000,0.000000,0.000000,0.000000,100.000000,0.250000,ns3-simulated/trace-derived
c0-balanced,均衡 25/25/25/25,dst6,48.750000,49.000000,48.875000,0.000000,0.000000,0.000000,100.000000,0.250000,ns3-simulated/trace-derived
c0-balanced,均衡 25/25/25/25,dst6,49.000000,49.250000,49.125000,0.000000,0.000000,0.000000,100.000000,0.250000,ns3-simulated/trace-derived
c0-balanced,均衡 25/25/25/25,dst6,49.250000,49.500000,49.375000,0.000000,0.000000,0.000000,100.000000,0.250000,ns3-simulated/trace-derived
c0-balanced,均衡 25/25/25/25,dst6,49.500000,49.750000,49.625000,0.000000,0.000000,0.000000,100.000000,0.250000,ns3-simulated/trace-derived
c0-balanced,均衡 25/25/25/25,dst6,49.750000,50.000000,49.875000,0.000000,0.000000,0.000000,100.000000,0.250000,ns3-simulated/trace-derived
c0-balanced,均衡 25/25/25/25,dst6,50.000000,50.250000,50.125000,0.000000,0.000000,0.000000,100.000000,0.250000,ns3-simulated/trace-derived
c0-balanced,均衡 25/25/25/25,dst6,50.250000,50.500000,50.375000,0.000000,0.000000,0.000000,100.000000,0.250000,ns3-simulated/trace-derived
c0-balanced,均衡 25/25/25/25,dst6,50.500000,50.750000,50.625000,0.000000,0.000000,0.000000,100.000000,0.250000,ns3-simulated/trace-derived
c0-balanced,均衡 25/25/25/25,dst6,50.750000,51.000000,50.875000,0.000000,0.000000,0.000000,100.000000,0.250000,ns3-simulated/trace-derived
c0-balanced,均衡 25/25/25/25,dst6,51.000000,51.250000,51.125000,0.000000,0.000000,0.000000,100.000000,0.250000,ns3-simulated/trace-derived
c0-balanced,均衡 25/25/25/25,dst6,51.250000,51.500000,51.375000,0.000000,0.000000,0.000000,100.000000,0.250000,ns3-simulated/trace-derived
c0-balanced,均衡 25/25/25/25,dst6,51.500000,51.750000,51.625000,0.000000,0.000000,0.000000,100.000000,0.250000,ns3-simulated/trace-derived
c0-balanced,均衡 25/25/25/25,dst6,51.750000,52.000000,51.875000,0.000000,0.000000,0.000000,100.000000,0.250000,ns3-simulated/trace-derived
c0-balanced,均衡 25/25/25/25,dst6,52.000000,52.250000,52.125000,0.000000,0.000000,0.000000,100.000000,0.250000,ns3-simulated/trace-derived
c0-balanced,均衡 25/25/25/25,dst6,52.250000,52.500000,52.375000,0.000000,0.000000,0.000000,100.000000,0.250000,ns3-simulated/trace-derived
c0-balanced,均衡 25/25/25/25,dst6,52.500000,52.750000,52.625000,0.000000,0.000000,0.000000,100.000000,0.250000,ns3-simulated/trace-derived
c0-balanced,均衡 25/25/25/25,dst6,52.750000,53.000000,52.875000,0.000000,0.000000,0.000000,100.000000,0.250000,ns3-simulated/trace-derived
c0-balanced,均衡 25/25/25/25,dst6,53.000000,53.250000,53.125000,0.000000,0.000000,0.000000,100.000000,0.250000,ns3-simulated/trace-derived
c0-balanced,均衡 25/25/25/25,dst6,53.250000,53.500000,53.375000,0.000000,0.000000,0.000000,100.000000,0.250000,ns3-simulated/trace-derived
c0-balanced,均衡 25/25/25/25,dst6,53.500000,53.750000,53.625000,0.000000,0.000000,0.000000,100.000000,0.250000,ns3-simulated/trace-derived
c0-balanced,均衡 25/25/25/25,dst6,53.750000,54.000000,53.875000,0.000000,0.000000,0.000000,100.000000,0.250000,ns3-simulated/trace-derived
c0-balanced,均衡 25/25/25/25,dst6,54.000000,54.250000,54.125000,0.000000,0.000000,0.000000,100.000000,0.250000,ns3-simulated/trace-derived
c0-balanced,均衡 25/25/25/25,dst6,54.250000,54.500000,54.375000,0.000000,0.000000,0.000000,100.000000,0.250000,ns3-simulated/trace-derived
c0-balanced,均衡 25/25/25/25,dst6,54.500000,54.750000,54.625000,0.000000,0.000000,0.000000,100.000000,0.250000,ns3-simulated/trace-derived
c0-balanced,均衡 25/25/25/25,dst6,54.750000,55.000000,54.875000,0.000000,0.000000,0.000000,100.000000,0.250000,ns3-simulated/trace-derived
c0-balanced,均衡 25/25/25/25,dst6,55.000000,55.250000,55.125000,0.000000,0.000000,0.000000,100.000000,0.250000,ns3-simulated/trace-derived
c0-balanced,均衡 25/25/25/25,dst6,55.250000,55.500000,55.375000,0.000000,0.000000,0.000000,100.000000,0.250000,ns3-simulated/trace-derived
c0-balanced,均衡 25/25/25/25,dst6,55.500000,55.750000,55.625000,0.000000,0.000000,0.000000,100.000000,0.250000,ns3-simulated/trace-derived
c0-balanced,均衡 25/25/25/25,dst6,55.750000,56.000000,55.875000,0.000000,0.000000,0.000000,100.000000,0.250000,ns3-simulated/trace-derived
c0-balanced,均衡 25/25/25/25,dst6,56.000000,56.250000,56.125000,0.000000,0.000000,0.000000,100.000000,0.250000,ns3-simulated/trace-derived
c0-balanced,均衡 25/25/25/25,dst6,56.250000,56.500000,56.375000,0.000000,0.000000,0.000000,100.000000,0.250000,ns3-simulated/trace-derived
c0-balanced,均衡 25/25/25/25,dst6,56.500000,56.750000,56.625000,0.000000,0.000000,0.000000,100.000000,0.250000,ns3-simulated/trace-derived
c0-balanced,均衡 25/25/25/25,dst6,56.750000,57.000000,56.875000,0.000000,0.000000,0.000000,100.000000,0.250000,ns3-simulated/trace-derived
c0-balanced,均衡 25/25/25/25,dst6,57.000000,57.250000,57.125000,0.000000,0.000000,0.000000,100.000000,0.250000,ns3-simulated/trace-derived
c0-balanced,均衡 25/25/25/25,dst6,57.250000,57.500000,57.375000,0.000000,0.000000,0.000000,100.000000,0.250000,ns3-simulated/trace-derived
c0-balanced,均衡 25/25/25/25,dst6,57.500000,57.750000,57.625000,0.000000,0.000000,0.000000,100.000000,0.250000,ns3-simulated/trace-derived
c0-balanced,均衡 25/25/25/25,dst6,57.750000,58.000000,57.875000,0.000000,0.000000,0.000000,100.000000,0.250000,ns3-simulated/trace-derived
c0-balanced,均衡 25/25/25/25,dst6,58.000000,58.250000,58.125000,0.000000,0.000000,0.000000,100.000000,0.250000,ns3-simulated/trace-derived
c0-balanced,均衡 25/25/25/25,dst6,58.250000,58.500000,58.375000,0.000000,0.000000,0.000000,100.000000,0.250000,ns3-simulated/trace-derived
c0-balanced,均衡 25/25/25/25,dst6,58.500000,58.750000,58.625000,0.000000,0.000000,0.000000,100.000000,0.250000,ns3-simulated/trace-derived
c0-balanced,均衡 25/25/25/25,dst6,58.750000,59.000000,58.875000,0.000000,0.000000,0.000000,100.000000,0.250000,ns3-simulated/trace-derived
c0-balanced,均衡 25/25/25/25,dst6,59.000000,59.250000,59.125000,0.000000,0.000000,0.000000,100.000000,0.250000,ns3-simulated/trace-derived
c0-balanced,均衡 25/25/25/25,dst6,59.250000,59.500000,59.375000,0.000000,0.000000,0.000000,100.000000,0.250000,ns3-simulated/trace-derived
c0-balanced,均衡 25/25/25/25,dst6,59.500000,59.750000,59.625000,0.000000,0.000000,0.000000,100.000000,0.250000,ns3-simulated/trace-derived
c0-balanced,均衡 25/25/25/25,dst6,59.750000,60.000000,59.875000,0.000000,0.000000,0.000000,100.000000,0.250000,ns3-simulated/trace-derived
c0-balanced,均衡 25/25/25/25,dst6,60.000000,60.250000,60.125000,0.000000,0.000000,0.000000,100.000000,0.250000,ns3-simulated/trace-derived
c0-balanced,均衡 25/25/25/25,dst6,60.250000,60.500000,60.375000,0.000000,0.000000,0.000000,100.000000,0.250000,ns3-simulated/trace-derived
c0-balanced,均衡 25/25/25/25,dst6,60.500000,60.750000,60.625000,0.000000,0.000000,0.000000,100.000000,0.250000,ns3-simulated/trace-derived
c0-balanced,均衡 25/25/25/25,dst6,60.750000,61.000000,60.875000,0.000000,0.000000,0.000000,100.000000,0.250000,ns3-simulated/trace-derived
c0-balanced,均衡 25/25/25/25,dst6,61.000000,61.250000,61.125000,0.000000,0.000000,0.000000,100.000000,0.250000,ns3-simulated/trace-derived
c0-balanced,均衡 25/25/25/25,dst6,61.250000,61.500000,61.375000,0.000000,0.000000,0.000000,100.000000,0.250000,ns3-simulated/trace-derived
c0-balanced,均衡 25/25/25/25,dst6,61.500000,61.750000,61.625000,0.000000,0.000000,0.000000,100.000000,0.250000,ns3-simulated/trace-derived
c0-balanced,均衡 25/25/25/25,dst6,61.750000,62.000000,61.875000,0.000000,0.000000,0.000000,100.000000,0.250000,ns3-simulated/trace-derived
c0-balanced,均衡 25/25/25/25,dst6,62.000000,62.250000,62.125000,0.000000,0.000000,0.000000,100.000000,0.250000,ns3-simulated/trace-derived
c0-balanced,均衡 25/25/25/25,dst6,62.250000,62.500000,62.375000,0.000000,0.000000,0.000000,100.000000,0.250000,ns3-simulated/trace-derived
c0-balanced,均衡 25/25/25/25,dst6,62.500000,62.750000,62.625000,0.000000,0.000000,0.000000,100.000000,0.250000,ns3-simulated/trace-derived
c0-balanced,均衡 25/25/25/25,dst6,62.750000,63.000000,62.875000,0.000000,0.000000,0.000000,100.000000,0.250000,ns3-simulated/trace-derived
c0-balanced,均衡 25/25/25/25,dst6,63.000000,63.250000,63.125000,0.000000,0.000000,0.000000,100.000000,0.250000,ns3-simulated/trace-derived
c0-balanced,均衡 25/25/25/25,dst6,63.250000,63.500000,63.375000,0.000000,0.000000,0.000000,100.000000,0.250000,ns3-simulated/trace-derived
c0-balanced,均衡 25/25/25/25,dst6,63.500000,63.750000,63.625000,0.000000,0.000000,0.000000,100.000000,0.250000,ns3-simulated/trace-derived
c0-balanced,均衡 25/25/25/25,dst6,63.750000,64.000000,63.875000,0.000000,0.000000,0.000000,100.000000,0.250000,ns3-simulated/trace-derived
c0-balanced,均衡 25/25/25/25,dst6,64.000000,64.250000,64.125000,0.000000,0.000000,0.000000,100.000000,0.250000,ns3-simulated/trace-derived
c0-balanced,均衡 25/25/25/25,dst6,64.250000,64.500000,64.375000,0.000000,0.000000,0.000000,100.000000,0.250000,ns3-simulated/trace-derived
c0-balanced,均衡 25/25/25/25,dst6,64.500000,64.750000,64.625000,0.000000,0.000000,0.000000,100.000000,0.250000,ns3-simulated/trace-derived
c0-balanced,均衡 25/25/25/25,dst6,64.750000,65.000000,64.875000,0.000000,0.000000,0.000000,100.000000,0.250000,ns3-simulated/trace-derived
c0-balanced,均衡 25/25/25/25,dst6,65.000000,65.250000,65.125000,0.000000,0.000000,0.000000,100.000000,0.250000,ns3-simulated/trace-derived
c0-balanced,均衡 25/25/25/25,dst6,65.250000,65.500000,65.375000,0.000000,0.000000,0.000000,100.000000,0.250000,ns3-simulated/trace-derived
c0-balanced,均衡 25/25/25/25,dst6,65.500000,65.750000,65.625000,0.000000,0.000000,0.000000,100.000000,0.250000,ns3-simulated/trace-derived
c0-balanced,均衡 25/25/25/25,dst6,65.750000,66.000000,65.875000,0.000000,0.000000,0.000000,100.000000,0.250000,ns3-simulated/trace-derived
c0-balanced,均衡 25/25/25/25,dst6,66.000000,66.250000,66.125000,0.000000,0.000000,0.000000,100.000000,0.250000,ns3-simulated/trace-derived
c0-balanced,均衡 25/25/25/25,dst6,66.250000,66.500000,66.375000,0.000000,0.000000,0.000000,100.000000,0.250000,ns3-simulated/trace-derived
c0-balanced,均衡 25/25/25/25,dst6,66.500000,66.750000,66.625000,0.000000,0.000000,0.000000,100.000000,0.250000,ns3-simulated/trace-derived
c0-balanced,均衡 25/25/25/25,dst6,66.750000,67.000000,66.875000,0.000000,0.000000,0.000000,100.000000,0.250000,ns3-simulated/trace-derived
c0-balanced,均衡 25/25/25/25,dst6,67.000000,67.250000,67.125000,0.000000,0.000000,0.000000,100.000000,0.250000,ns3-simulated/trace-derived
c0-balanced,均衡 25/25/25/25,dst6,67.250000,67.500000,67.375000,0.000000,0.000000,0.000000,100.000000,0.250000,ns3-simulated/trace-derived
c0-balanced,均衡 25/25/25/25,dst6,67.500000,67.750000,67.625000,0.000000,0.000000,0.000000,100.000000,0.250000,ns3-simulated/trace-derived
c0-balanced,均衡 25/25/25/25,dst6,67.750000,68.000000,67.875000,0.000000,0.000000,0.000000,100.000000,0.250000,ns3-simulated/trace-derived
c0-balanced,均衡 25/25/25/25,dst6,68.000000,68.250000,68.125000,0.000000,0.000000,0.000000,100.000000,0.250000,ns3-simulated/trace-derived
c0-balanced,均衡 25/25/25/25,dst6,68.250000,68.500000,68.375000,0.000000,0.000000,0.000000,100.000000,0.250000,ns3-simulated/trace-derived
c0-balanced,均衡 25/25/25/25,dst6,68.500000,68.750000,68.625000,0.000000,0.000000,0.000000,100.000000,0.250000,ns3-simulated/trace-derived
c0-balanced,均衡 25/25/25/25,dst6,68.750000,69.000000,68.875000,0.000000,0.000000,0.000000,100.000000,0.250000,ns3-simulated/trace-derived
c0-balanced,均衡 25/25/25/25,dst6,69.000000,69.250000,69.125000,0.000000,0.000000,0.000000,100.000000,0.250000,ns3-simulated/trace-derived
c0-balanced,均衡 25/25/25/25,dst6,69.250000,69.500000,69.375000,0.000000,0.000000,0.000000,100.000000,0.250000,ns3-simulated/trace-derived
c0-balanced,均衡 25/25/25/25,dst6,69.500000,69.750000,69.625000,0.000000,0.000000,0.000000,100.000000,0.250000,ns3-simulated/trace-derived
c0-balanced,均衡 25/25/25/25,dst6,69.750000,70.000000,69.875000,0.000000,0.000000,0.000000,100.000000,0.250000,ns3-simulated/trace-derived
c0-balanced,均衡 25/25/25/25,dst6,70.000000,70.250000,70.125000,0.000000,0.000000,0.000000,100.000000,0.250000,ns3-simulated/trace-derived
c0-balanced,均衡 25/25/25/25,dst6,70.250000,70.500000,70.375000,0.000000,0.000000,0.000000,100.000000,0.250000,ns3-simulated/trace-derived
c0-balanced,均衡 25/25/25/25,dst6,70.500000,70.750000,70.625000,0.000000,0.000000,0.000000,100.000000,0.250000,ns3-simulated/trace-derived
c0-balanced,均衡 25/25/25/25,dst6,70.750000,71.000000,70.875000,0.000000,0.000000,0.000000,100.000000,0.250000,ns3-simulated/trace-derived
c0-balanced,均衡 25/25/25/25,dst6,71.000000,71.250000,71.125000,0.000000,0.000000,0.000000,100.000000,0.250000,ns3-simulated/trace-derived
c0-balanced,均衡 25/25/25/25,dst6,71.250000,71.500000,71.375000,0.000000,0.000000,0.000000,100.000000,0.250000,ns3-simulated/trace-derived
c0-balanced,均衡 25/25/25/25,dst6,71.500000,71.750000,71.625000,0.000000,0.000000,0.000000,100.000000,0.250000,ns3-simulated/trace-derived
c0-balanced,均衡 25/25/25/25,dst6,71.750000,72.000000,71.875000,0.000000,0.000000,0.000000,100.000000,0.250000,ns3-simulated/trace-derived
c0-balanced,均衡 25/25/25/25,dst6,72.000000,72.250000,72.125000,0.000000,0.000000,0.000000,100.000000,0.250000,ns3-simulated/trace-derived
c0-balanced,均衡 25/25/25/25,dst6,72.250000,72.500000,72.375000,0.000000,0.000000,0.000000,100.000000,0.250000,ns3-simulated/trace-derived
c0-balanced,均衡 25/25/25/25,dst6,72.500000,72.750000,72.625000,0.000000,0.000000,0.000000,100.000000,0.250000,ns3-simulated/trace-derived
c0-balanced,均衡 25/25/25/25,dst6,72.750000,73.000000,72.875000,0.000000,0.000000,0.000000,100.000000,0.250000,ns3-simulated/trace-derived
c0-balanced,均衡 25/25/25/25,dst6,73.000000,73.250000,73.125000,0.000000,0.000000,0.000000,100.000000,0.250000,ns3-simulated/trace-derived
c0-balanced,均衡 25/25/25/25,dst6,73.250000,73.500000,73.375000,0.000000,0.000000,0.000000,100.000000,0.250000,ns3-simulated/trace-derived
c0-balanced,均衡 25/25/25/25,dst6,73.500000,73.750000,73.625000,0.000000,0.000000,0.000000,100.000000,0.250000,ns3-simulated/trace-derived
c0-balanced,均衡 25/25/25/25,dst6,73.750000,74.000000,73.875000,0.000000,0.000000,0.000000,100.000000,0.250000,ns3-simulated/trace-derived
c0-balanced,均衡 25/25/25/25,dst6,74.000000,74.250000,74.125000,0.000000,0.000000,0.000000,100.000000,0.250000,ns3-simulated/trace-derived
c0-balanced,均衡 25/25/25/25,dst6,74.250000,74.500000,74.375000,0.000000,0.000000,0.000000,100.000000,0.250000,ns3-simulated/trace-derived
c0-balanced,均衡 25/25/25/25,dst6,74.500000,74.750000,74.625000,0.000000,0.000000,0.000000,100.000000,0.250000,ns3-simulated/trace-derived
c0-balanced,均衡 25/25/25/25,dst6,74.750000,75.000000,74.875000,0.000000,0.000000,0.000000,100.000000,0.250000,ns3-simulated/trace-derived
c0-balanced,均衡 25/25/25/25,dst6,75.000000,75.250000,75.125000,0.000000,0.000000,0.000000,100.000000,0.250000,ns3-simulated/trace-derived
c0-balanced,均衡 25/25/25/25,dst6,75.250000,75.500000,75.375000,0.000000,0.000000,0.000000,100.000000,0.250000,ns3-simulated/trace-derived
c0-balanced,均衡 25/25/25/25,dst6,75.500000,75.750000,75.625000,0.000000,0.000000,0.000000,100.000000,0.250000,ns3-simulated/trace-derived
c0-balanced,均衡 25/25/25/25,dst6,75.750000,76.000000,75.875000,0.000000,0.000000,0.000000,100.000000,0.250000,ns3-simulated/trace-derived
c0-balanced,均衡 25/25/25/25,dst6,76.000000,76.250000,76.125000,0.000000,0.000000,0.000000,100.000000,0.250000,ns3-simulated/trace-derived
c0-balanced,均衡 25/25/25/25,dst6,76.250000,76.500000,76.375000,0.000000,0.000000,0.000000,100.000000,0.250000,ns3-simulated/trace-derived
c0-balanced,均衡 25/25/25/25,dst6,76.500000,76.750000,76.625000,0.000000,0.000000,0.000000,100.000000,0.250000,ns3-simulated/trace-derived
c0-balanced,均衡 25/25/25/25,dst6,76.750000,77.000000,76.875000,0.000000,0.000000,0.000000,100.000000,0.250000,ns3-simulated/trace-derived
c0-balanced,均衡 25/25/25/25,dst6,77.000000,77.250000,77.125000,0.000000,0.000000,0.000000,100.000000,0.250000,ns3-simulated/trace-derived
c0-balanced,均衡 25/25/25/25,dst6,77.250000,77.500000,77.375000,0.000000,0.000000,0.000000,100.000000,0.250000,ns3-simulated/trace-derived
c0-balanced,均衡 25/25/25/25,dst6,77.500000,77.750000,77.625000,0.000000,0.000000,0.000000,100.000000,0.250000,ns3-simulated/trace-derived
c0-balanced,均衡 25/25/25/25,dst6,77.750000,78.000000,77.875000,0.000000,0.000000,0.000000,100.000000,0.250000,ns3-simulated/trace-derived
c0-balanced,均衡 25/25/25/25,dst6,78.000000,78.250000,78.125000,0.000000,0.000000,0.000000,100.000000,0.250000,ns3-simulated/trace-derived
c0-balanced,均衡 25/25/25/25,dst6,78.250000,78.500000,78.375000,0.000000,0.000000,0.000000,100.000000,0.250000,ns3-simulated/trace-derived
c0-balanced,均衡 25/25/25/25,dst6,78.500000,78.750000,78.625000,0.000000,0.000000,0.000000,100.000000,0.250000,ns3-simulated/trace-derived
c0-balanced,均衡 25/25/25/25,dst6,78.750000,79.000000,78.875000,0.000000,0.000000,0.000000,100.000000,0.250000,ns3-simulated/trace-derived
c0-balanced,均衡 25/25/25/25,dst6,79.000000,79.250000,79.125000,0.000000,0.000000,0.000000,100.000000,0.250000,ns3-simulated/trace-derived
c0-balanced,均衡 25/25/25/25,dst6,79.250000,79.500000,79.375000,0.000000,0.000000,0.000000,100.000000,0.250000,ns3-simulated/trace-derived
c0-balanced,均衡 25/25/25/25,dst6,79.500000,79.750000,79.625000,0.000000,0.000000,0.000000,100.000000,0.250000,ns3-simulated/trace-derived
c0-balanced,均衡 25/25/25/25,dst6,79.750000,80.000000,79.875000,0.000000,0.000000,0.000000,100.000000,0.250000,ns3-simulated/trace-derived
c0-balanced,均衡 25/25/25/25,dst6,80.000000,80.250000,80.125000,0.000000,0.000000,0.000000,100.000000,0.250000,ns3-simulated/trace-derived
c0-balanced,均衡 25/25/25/25,dst6,80.250000,80.500000,80.375000,0.000000,0.000000,0.000000,100.000000,0.250000,ns3-simulated/trace-derived
c0-balanced,均衡 25/25/25/25,dst6,80.500000,80.750000,80.625000,0.000000,0.000000,0.000000,100.000000,0.250000,ns3-simulated/trace-derived
c0-balanced,均衡 25/25/25/25,dst6,80.750000,81.000000,80.875000,0.000000,0.000000,0.000000,100.000000,0.250000,ns3-simulated/trace-derived
c0-balanced,均衡 25/25/25/25,dst6,81.000000,81.250000,81.125000,0.000000,0.000000,0.000000,100.000000,0.250000,ns3-simulated/trace-derived
c0-balanced,均衡 25/25/25/25,dst6,81.250000,81.500000,81.375000,0.000000,0.000000,0.000000,100.000000,0.250000,ns3-simulated/trace-derived
c0-balanced,均衡 25/25/25/25,dst6,81.500000,81.750000,81.625000,0.000000,0.000000,0.000000,100.000000,0.250000,ns3-simulated/trace-derived
c0-balanced,均衡 25/25/25/25,dst6,81.750000,82.000000,81.875000,0.000000,0.000000,0.000000,100.000000,0.250000,ns3-simulated/trace-derived
c0-balanced,均衡 25/25/25/25,dst6,82.000000,82.250000,82.125000,0.000000,0.000000,0.000000,100.000000,0.250000,ns3-simulated/trace-derived
c0-balanced,均衡 25/25/25/25,dst6,82.250000,82.500000,82.375000,0.000000,0.000000,0.000000,100.000000,0.250000,ns3-simulated/trace-derived
c0-balanced,均衡 25/25/25/25,dst6,82.500000,82.750000,82.625000,0.000000,0.000000,0.000000,100.000000,0.250000,ns3-simulated/trace-derived
c0-balanced,均衡 25/25/25/25,dst6,82.750000,83.000000,82.875000,0.000000,0.000000,0.000000,100.000000,0.250000,ns3-simulated/trace-derived
c0-balanced,均衡 25/25/25/25,dst6,83.000000,83.250000,83.125000,0.000000,0.000000,0.000000,100.000000,0.250000,ns3-simulated/trace-derived
c0-balanced,均衡 25/25/25/25,dst6,83.250000,83.500000,83.375000,0.000000,0.000000,0.000000,100.000000,0.250000,ns3-simulated/trace-derived
c0-balanced,均衡 25/25/25/25,dst6,83.500000,83.750000,83.625000,0.000000,0.000000,0.000000,100.000000,0.250000,ns3-simulated/trace-derived
c0-balanced,均衡 25/25/25/25,dst6,83.750000,84.000000,83.875000,0.000000,0.000000,0.000000,100.000000,0.250000,ns3-simulated/trace-derived
c0-balanced,均衡 25/25/25/25,dst6,84.000000,84.250000,84.125000,0.000000,0.000000,0.000000,100.000000,0.250000,ns3-simulated/trace-derived
c0-balanced,均衡 25/25/25/25,dst6,84.250000,84.500000,84.375000,0.000000,0.000000,0.000000,100.000000,0.250000,ns3-simulated/trace-derived
c0-balanced,均衡 25/25/25/25,dst6,84.500000,84.750000,84.625000,0.000000,0.000000,0.000000,100.000000,0.250000,ns3-simulated/trace-derived
c0-balanced,均衡 25/25/25/25,dst6,84.750000,85.000000,84.875000,0.000000,0.000000,0.000000,100.000000,0.250000,ns3-simulated/trace-derived
c0-balanced,均衡 25/25/25/25,dst6,85.000000,85.250000,85.125000,0.000000,0.000000,0.000000,100.000000,0.250000,ns3-simulated/trace-derived
c0-balanced,均衡 25/25/25/25,dst6,85.250000,85.500000,85.375000,0.000000,0.000000,0.000000,100.000000,0.250000,ns3-simulated/trace-derived
c0-balanced,均衡 25/25/25/25,dst6,85.500000,85.750000,85.625000,0.000000,0.000000,0.000000,100.000000,0.250000,ns3-simulated/trace-derived
c0-balanced,均衡 25/25/25/25,dst6,85.750000,86.000000,85.875000,0.000000,0.000000,0.000000,100.000000,0.250000,ns3-simulated/trace-derived
c0-balanced,均衡 25/25/25/25,dst6,86.000000,86.250000,86.125000,0.000000,0.000000,0.000000,100.000000,0.250000,ns3-simulated/trace-derived
c0-balanced,均衡 25/25/25/25,dst6,86.250000,86.500000,86.375000,0.000000,0.000000,0.000000,100.000000,0.250000,ns3-simulated/trace-derived
c0-balanced,均衡 25/25/25/25,dst6,86.500000,86.750000,86.625000,0.000000,0.000000,0.000000,100.000000,0.250000,ns3-simulated/trace-derived
c0-balanced,均衡 25/25/25/25,dst6,86.750000,87.000000,86.875000,0.000000,0.000000,0.000000,100.000000,0.250000,ns3-simulated/trace-derived
c0-balanced,均衡 25/25/25/25,dst6,87.000000,87.250000,87.125000,0.000000,0.000000,0.000000,100.000000,0.250000,ns3-simulated/trace-derived
c0-balanced,均衡 25/25/25/25,dst6,87.250000,87.500000,87.375000,0.000000,0.000000,0.000000,100.000000,0.250000,ns3-simulated/trace-derived
c0-balanced,均衡 25/25/25/25,dst6,87.500000,87.750000,87.625000,0.000000,0.000000,0.000000,100.000000,0.250000,ns3-simulated/trace-derived
c0-balanced,均衡 25/25/25/25,dst6,87.750000,88.000000,87.875000,0.000000,0.000000,0.000000,100.000000,0.250000,ns3-simulated/trace-derived
c0-balanced,均衡 25/25/25/25,dst6,88.000000,88.250000,88.125000,0.000000,0.000000,0.000000,100.000000,0.250000,ns3-simulated/trace-derived
c0-balanced,均衡 25/25/25/25,dst6,88.250000,88.500000,88.375000,0.000000,0.000000,0.000000,100.000000,0.250000,ns3-simulated/trace-derived
c0-balanced,均衡 25/25/25/25,dst6,88.500000,88.750000,88.625000,0.000000,0.000000,0.000000,100.000000,0.250000,ns3-simulated/trace-derived
c0-balanced,均衡 25/25/25/25,dst6,88.750000,89.000000,88.875000,0.000000,0.000000,0.000000,100.000000,0.250000,ns3-simulated/trace-derived
c0-balanced,均衡 25/25/25/25,dst6,89.000000,89.250000,89.125000,0.000000,0.000000,0.000000,100.000000,0.250000,ns3-simulated/trace-derived
c0-balanced,均衡 25/25/25/25,dst6,89.250000,89.500000,89.375000,0.000000,0.000000,0.000000,100.000000,0.250000,ns3-simulated/trace-derived
c0-balanced,均衡 25/25/25/25,dst6,89.500000,89.750000,89.625000,0.000000,0.000000,0.000000,100.000000,0.250000,ns3-simulated/trace-derived
c0-balanced,均衡 25/25/25/25,dst6,89.750000,90.000000,89.875000,0.000000,0.000000,0.000000,100.000000,0.250000,ns3-simulated/trace-derived
c0-balanced,均衡 25/25/25/25,dst6,90.000000,90.250000,90.125000,0.000000,0.000000,0.000000,100.000000,0.250000,ns3-simulated/trace-derived
c0-balanced,均衡 25/25/25/25,dst6,90.250000,90.500000,90.375000,0.000000,0.000000,0.000000,100.000000,0.250000,ns3-simulated/trace-derived
c0-balanced,均衡 25/25/25/25,dst6,90.500000,90.750000,90.625000,0.000000,0.000000,0.000000,100.000000,0.250000,ns3-simulated/trace-derived
c0-balanced,均衡 25/25/25/25,dst6,90.750000,91.000000,90.875000,0.000000,0.000000,0.000000,100.000000,0.250000,ns3-simulated/trace-derived
c0-balanced,均衡 25/25/25/25,dst6,91.000000,91.250000,91.125000,0.000000,0.000000,0.000000,100.000000,0.250000,ns3-simulated/trace-derived
c0-balanced,均衡 25/25/25/25,dst6,91.250000,91.500000,91.375000,0.000000,0.000000,0.000000,100.000000,0.250000,ns3-simulated/trace-derived
c0-balanced,均衡 25/25/25/25,dst6,91.500000,91.750000,91.625000,0.000000,0.000000,0.000000,100.000000,0.250000,ns3-simulated/trace-derived
c0-balanced,均衡 25/25/25/25,dst6,91.750000,92.000000,91.875000,0.000000,0.000000,0.000000,100.000000,0.250000,ns3-simulated/trace-derived
c0-balanced,均衡 25/25/25/25,dst6,92.000000,92.250000,92.125000,0.000000,0.000000,0.000000,100.000000,0.250000,ns3-simulated/trace-derived
c0-balanced,均衡 25/25/25/25,dst6,92.250000,92.500000,92.375000,0.000000,0.000000,0.000000,100.000000,0.250000,ns3-simulated/trace-derived
c0-balanced,均衡 25/25/25/25,dst6,92.500000,92.750000,92.625000,0.000000,0.000000,0.000000,100.000000,0.250000,ns3-simulated/trace-derived
c0-balanced,均衡 25/25/25/25,dst6,92.750000,93.000000,92.875000,0.000000,0.000000,0.000000,100.000000,0.250000,ns3-simulated/trace-derived
c0-balanced,均衡 25/25/25/25,dst6,93.000000,93.250000,93.125000,0.000000,0.000000,0.000000,100.000000,0.250000,ns3-simulated/trace-derived
c0-balanced,均衡 25/25/25/25,dst6,93.250000,93.500000,93.375000,0.000000,0.000000,0.000000,100.000000,0.250000,ns3-simulated/trace-derived
c0-balanced,均衡 25/25/25/25,dst6,93.500000,93.750000,93.625000,0.000000,0.000000,0.000000,100.000000,0.250000,ns3-simulated/trace-derived
c0-balanced,均衡 25/25/25/25,dst6,93.750000,94.000000,93.875000,0.000000,0.000000,0.000000,100.000000,0.250000,ns3-simulated/trace-derived
c0-balanced,均衡 25/25/25/25,dst6,94.000000,94.250000,94.125000,0.000000,0.000000,0.000000,100.000000,0.250000,ns3-simulated/trace-derived
c0-balanced,均衡 25/25/25/25,dst6,94.250000,94.500000,94.375000,0.000000,0.000000,0.000000,100.000000,0.250000,ns3-simulated/trace-derived
c0-balanced,均衡 25/25/25/25,dst6,94.500000,94.750000,94.625000,0.000000,0.000000,0.000000,100.000000,0.250000,ns3-simulated/trace-derived
c0-balanced,均衡 25/25/25/25,dst6,94.750000,95.000000,94.875000,0.000000,0.000000,0.000000,100.000000,0.250000,ns3-simulated/trace-derived
c0-balanced,均衡 25/25/25/25,dst6,95.000000,95.250000,95.125000,0.000000,0.000000,0.000000,100.000000,0.250000,ns3-simulated/trace-derived
c0-balanced,均衡 25/25/25/25,dst7,0.000000,0.250000,0.125000,0.000000,0.000000,0.000000,100.000000,0.250000,ns3-simulated/trace-derived
c0-balanced,均衡 25/25/25/25,dst7,0.250000,0.500000,0.375000,0.000000,0.000000,0.000000,100.000000,0.250000,ns3-simulated/trace-derived
c0-balanced,均衡 25/25/25/25,dst7,0.500000,0.750000,0.625000,0.000000,0.000000,0.000000,100.000000,0.250000,ns3-simulated/trace-derived
c0-balanced,均衡 25/25/25/25,dst7,0.750000,1.000000,0.875000,927.500000,29.680000,29.680000,100.000000,0.250000,ns3-simulated/trace-derived
c0-balanced,均衡 25/25/25/25,dst7,1.000000,1.250000,1.125000,3125.000000,100.000000,100.000000,100.000000,0.250000,ns3-simulated/trace-derived
c0-balanced,均衡 25/25/25/25,dst7,1.250000,1.500000,1.375000,3125.000000,100.000000,100.000000,100.000000,0.250000,ns3-simulated/trace-derived
c0-balanced,均衡 25/25/25/25,dst7,1.500000,1.750000,1.625000,2081.500000,66.608000,66.608000,100.000000,0.250000,ns3-simulated/trace-derived
c0-balanced,均衡 25/25/25/25,dst7,1.750000,2.000000,1.875000,3125.000000,100.000000,100.000000,100.000000,0.250000,ns3-simulated/trace-derived
c0-balanced,均衡 25/25/25/25,dst7,2.000000,2.250000,2.125000,3125.000000,100.000000,100.000000,100.000000,0.250000,ns3-simulated/trace-derived
c0-balanced,均衡 25/25/25/25,dst7,2.250000,2.500000,2.375000,3125.000000,100.000000,100.000000,100.000000,0.250000,ns3-simulated/trace-derived
c0-balanced,均衡 25/25/25/25,dst7,2.500000,2.750000,2.625000,3125.000000,100.000000,100.000000,100.000000,0.250000,ns3-simulated/trace-derived
c0-balanced,均衡 25/25/25/25,dst7,2.750000,3.000000,2.875000,3125.000000,100.000000,100.000000,100.000000,0.250000,ns3-simulated/trace-derived
c0-balanced,均衡 25/25/25/25,dst7,3.000000,3.250000,3.125000,3125.000000,100.000000,100.000000,100.000000,0.250000,ns3-simulated/trace-derived
c0-balanced,均衡 25/25/25/25,dst7,3.250000,3.500000,3.375000,3125.000000,100.000000,100.000000,100.000000,0.250000,ns3-simulated/trace-derived
c0-balanced,均衡 25/25/25/25,dst7,3.500000,3.750000,3.625000,3125.000000,100.000000,100.000000,100.000000,0.250000,ns3-simulated/trace-derived
c0-balanced,均衡 25/25/25/25,dst7,3.750000,4.000000,3.875000,3125.000000,100.000000,100.000000,100.000000,0.250000,ns3-simulated/trace-derived
c0-balanced,均衡 25/25/25/25,dst7,4.000000,4.250000,4.125000,3125.000000,100.000000,100.000000,100.000000,0.250000,ns3-simulated/trace-derived
c0-balanced,均衡 25/25/25/25,dst7,4.250000,4.500000,4.375000,3125.000000,100.000000,100.000000,100.000000,0.250000,ns3-simulated/trace-derived
c0-balanced,均衡 25/25/25/25,dst7,4.500000,4.750000,4.625000,3125.000000,100.000000,100.000000,100.000000,0.250000,ns3-simulated/trace-derived
c0-balanced,均衡 25/25/25/25,dst7,4.750000,5.000000,4.875000,3125.000000,100.000000,100.000000,100.000000,0.250000,ns3-simulated/trace-derived
c0-balanced,均衡 25/25/25/25,dst7,5.000000,5.250000,5.125000,3125.000000,100.000000,100.000000,100.000000,0.250000,ns3-simulated/trace-derived
c0-balanced,均衡 25/25/25/25,dst7,5.250000,5.500000,5.375000,3125.000000,100.000000,100.000000,100.000000,0.250000,ns3-simulated/trace-derived
c0-balanced,均衡 25/25/25/25,dst7,5.500000,5.750000,5.625000,3125.000000,100.000000,100.000000,100.000000,0.250000,ns3-simulated/trace-derived
c0-balanced,均衡 25/25/25/25,dst7,5.750000,6.000000,5.875000,3125.000000,100.000000,100.000000,100.000000,0.250000,ns3-simulated/trace-derived
c0-balanced,均衡 25/25/25/25,dst7,6.000000,6.250000,6.125000,3125.000000,100.000000,100.000000,100.000000,0.250000,ns3-simulated/trace-derived
c0-balanced,均衡 25/25/25/25,dst7,6.250000,6.500000,6.375000,3125.000000,100.000000,100.000000,100.000000,0.250000,ns3-simulated/trace-derived
c0-balanced,均衡 25/25/25/25,dst7,6.500000,6.750000,6.625000,3125.000000,100.000000,100.000000,100.000000,0.250000,ns3-simulated/trace-derived
c0-balanced,均衡 25/25/25/25,dst7,6.750000,7.000000,6.875000,3125.000000,100.000000,100.000000,100.000000,0.250000,ns3-simulated/trace-derived
c0-balanced,均衡 25/25/25/25,dst7,7.000000,7.250000,7.125000,3125.000000,100.000000,100.000000,100.000000,0.250000,ns3-simulated/trace-derived
c0-balanced,均衡 25/25/25/25,dst7,7.250000,7.500000,7.375000,3125.000000,100.000000,100.000000,100.000000,0.250000,ns3-simulated/trace-derived
c0-balanced,均衡 25/25/25/25,dst7,7.500000,7.750000,7.625000,3125.000000,100.000000,100.000000,100.000000,0.250000,ns3-simulated/trace-derived
c0-balanced,均衡 25/25/25/25,dst7,7.750000,8.000000,7.875000,3125.000000,100.000000,100.000000,100.000000,0.250000,ns3-simulated/trace-derived
c0-balanced,均衡 25/25/25/25,dst7,8.000000,8.250000,8.125000,3125.000000,100.000000,100.000000,100.000000,0.250000,ns3-simulated/trace-derived
c0-balanced,均衡 25/25/25/25,dst7,8.250000,8.500000,8.375000,3125.000000,100.000000,100.000000,100.000000,0.250000,ns3-simulated/trace-derived
c0-balanced,均衡 25/25/25/25,dst7,8.500000,8.750000,8.625000,3125.000000,100.000000,100.000000,100.000000,0.250000,ns3-simulated/trace-derived
c0-balanced,均衡 25/25/25/25,dst7,8.750000,9.000000,8.875000,3125.000000,100.000000,100.000000,100.000000,0.250000,ns3-simulated/trace-derived
c0-balanced,均衡 25/25/25/25,dst7,9.000000,9.250000,9.125000,3125.000000,100.000000,100.000000,100.000000,0.250000,ns3-simulated/trace-derived
c0-balanced,均衡 25/25/25/25,dst7,9.250000,9.500000,9.375000,3125.000000,100.000000,100.000000,100.000000,0.250000,ns3-simulated/trace-derived
c0-balanced,均衡 25/25/25/25,dst7,9.500000,9.750000,9.625000,3125.000000,100.000000,100.000000,100.000000,0.250000,ns3-simulated/trace-derived
c0-balanced,均衡 25/25/25/25,dst7,9.750000,10.000000,9.875000,3125.000000,100.000000,100.000000,100.000000,0.250000,ns3-simulated/trace-derived
c0-balanced,均衡 25/25/25/25,dst7,10.000000,10.250000,10.125000,3125.000000,100.000000,100.000000,100.000000,0.250000,ns3-simulated/trace-derived
c0-balanced,均衡 25/25/25/25,dst7,10.250000,10.500000,10.375000,3125.000000,100.000000,100.000000,100.000000,0.250000,ns3-simulated/trace-derived
c0-balanced,均衡 25/25/25/25,dst7,10.500000,10.750000,10.625000,3125.000000,100.000000,100.000000,100.000000,0.250000,ns3-simulated/trace-derived
c0-balanced,均衡 25/25/25/25,dst7,10.750000,11.000000,10.875000,3125.000000,100.000000,100.000000,100.000000,0.250000,ns3-simulated/trace-derived
c0-balanced,均衡 25/25/25/25,dst7,11.000000,11.250000,11.125000,3125.000000,100.000000,100.000000,100.000000,0.250000,ns3-simulated/trace-derived
c0-balanced,均衡 25/25/25/25,dst7,11.250000,11.500000,11.375000,3125.000000,100.000000,100.000000,100.000000,0.250000,ns3-simulated/trace-derived
c0-balanced,均衡 25/25/25/25,dst7,11.500000,11.750000,11.625000,3125.000000,100.000000,100.000000,100.000000,0.250000,ns3-simulated/trace-derived
c0-balanced,均衡 25/25/25/25,dst7,11.750000,12.000000,11.875000,3125.000000,100.000000,100.000000,100.000000,0.250000,ns3-simulated/trace-derived
c0-balanced,均衡 25/25/25/25,dst7,12.000000,12.250000,12.125000,3125.000000,100.000000,100.000000,100.000000,0.250000,ns3-simulated/trace-derived
c0-balanced,均衡 25/25/25/25,dst7,12.250000,12.500000,12.375000,3125.000000,100.000000,100.000000,100.000000,0.250000,ns3-simulated/trace-derived
c0-balanced,均衡 25/25/25/25,dst7,12.500000,12.750000,12.625000,3125.000000,100.000000,100.000000,100.000000,0.250000,ns3-simulated/trace-derived
c0-balanced,均衡 25/25/25/25,dst7,12.750000,13.000000,12.875000,3125.000000,100.000000,100.000000,100.000000,0.250000,ns3-simulated/trace-derived
c0-balanced,均衡 25/25/25/25,dst7,13.000000,13.250000,13.125000,3125.000000,100.000000,100.000000,100.000000,0.250000,ns3-simulated/trace-derived
c0-balanced,均衡 25/25/25/25,dst7,13.250000,13.500000,13.375000,3125.000000,100.000000,100.000000,100.000000,0.250000,ns3-simulated/trace-derived
c0-balanced,均衡 25/25/25/25,dst7,13.500000,13.750000,13.625000,3125.000000,100.000000,100.000000,100.000000,0.250000,ns3-simulated/trace-derived
c0-balanced,均衡 25/25/25/25,dst7,13.750000,14.000000,13.875000,3125.000000,100.000000,100.000000,100.000000,0.250000,ns3-simulated/trace-derived
c0-balanced,均衡 25/25/25/25,dst7,14.000000,14.250000,14.125000,3125.000000,100.000000,100.000000,100.000000,0.250000,ns3-simulated/trace-derived
c0-balanced,均衡 25/25/25/25,dst7,14.250000,14.500000,14.375000,3125.000000,100.000000,100.000000,100.000000,0.250000,ns3-simulated/trace-derived
c0-balanced,均衡 25/25/25/25,dst7,14.500000,14.750000,14.625000,3125.000000,100.000000,100.000000,100.000000,0.250000,ns3-simulated/trace-derived
c0-balanced,均衡 25/25/25/25,dst7,14.750000,15.000000,14.875000,3125.000000,100.000000,100.000000,100.000000,0.250000,ns3-simulated/trace-derived
c0-balanced,均衡 25/25/25/25,dst7,15.000000,15.250000,15.125000,3125.000000,100.000000,100.000000,100.000000,0.250000,ns3-simulated/trace-derived
c0-balanced,均衡 25/25/25/25,dst7,15.250000,15.500000,15.375000,3125.000000,100.000000,100.000000,100.000000,0.250000,ns3-simulated/trace-derived
c0-balanced,均衡 25/25/25/25,dst7,15.500000,15.750000,15.625000,3125.000000,100.000000,100.000000,100.000000,0.250000,ns3-simulated/trace-derived
c0-balanced,均衡 25/25/25/25,dst7,15.750000,16.000000,15.875000,3125.000000,100.000000,100.000000,100.000000,0.250000,ns3-simulated/trace-derived
c0-balanced,均衡 25/25/25/25,dst7,16.000000,16.250000,16.125000,3125.000000,100.000000,100.000000,100.000000,0.250000,ns3-simulated/trace-derived
c0-balanced,均衡 25/25/25/25,dst7,16.250000,16.500000,16.375000,3125.000000,100.000000,100.000000,100.000000,0.250000,ns3-simulated/trace-derived
c0-balanced,均衡 25/25/25/25,dst7,16.500000,16.750000,16.625000,3125.000000,100.000000,100.000000,100.000000,0.250000,ns3-simulated/trace-derived
c0-balanced,均衡 25/25/25/25,dst7,16.750000,17.000000,16.875000,3125.000000,100.000000,100.000000,100.000000,0.250000,ns3-simulated/trace-derived
c0-balanced,均衡 25/25/25/25,dst7,17.000000,17.250000,17.125000,3125.000000,100.000000,100.000000,100.000000,0.250000,ns3-simulated/trace-derived
c0-balanced,均衡 25/25/25/25,dst7,17.250000,17.500000,17.375000,3125.000000,100.000000,100.000000,100.000000,0.250000,ns3-simulated/trace-derived
c0-balanced,均衡 25/25/25/25,dst7,17.500000,17.750000,17.625000,3125.000000,100.000000,100.000000,100.000000,0.250000,ns3-simulated/trace-derived
c0-balanced,均衡 25/25/25/25,dst7,17.750000,18.000000,17.875000,3125.000000,100.000000,100.000000,100.000000,0.250000,ns3-simulated/trace-derived
c0-balanced,均衡 25/25/25/25,dst7,18.000000,18.250000,18.125000,3125.000000,100.000000,100.000000,100.000000,0.250000,ns3-simulated/trace-derived
c0-balanced,均衡 25/25/25/25,dst7,18.250000,18.500000,18.375000,3125.000000,100.000000,100.000000,100.000000,0.250000,ns3-simulated/trace-derived
c0-balanced,均衡 25/25/25/25,dst7,18.500000,18.750000,18.625000,3125.000000,100.000000,100.000000,100.000000,0.250000,ns3-simulated/trace-derived
c0-balanced,均衡 25/25/25/25,dst7,18.750000,19.000000,18.875000,3125.000000,100.000000,100.000000,100.000000,0.250000,ns3-simulated/trace-derived
c0-balanced,均衡 25/25/25/25,dst7,19.000000,19.250000,19.125000,3125.000000,100.000000,100.000000,100.000000,0.250000,ns3-simulated/trace-derived
c0-balanced,均衡 25/25/25/25,dst7,19.250000,19.500000,19.375000,3125.000000,100.000000,100.000000,100.000000,0.250000,ns3-simulated/trace-derived
c0-balanced,均衡 25/25/25/25,dst7,19.500000,19.750000,19.625000,3125.000000,100.000000,100.000000,100.000000,0.250000,ns3-simulated/trace-derived
c0-balanced,均衡 25/25/25/25,dst7,19.750000,20.000000,19.875000,3125.000000,100.000000,100.000000,100.000000,0.250000,ns3-simulated/trace-derived
c0-balanced,均衡 25/25/25/25,dst7,20.000000,20.250000,20.125000,3125.000000,100.000000,100.000000,100.000000,0.250000,ns3-simulated/trace-derived
c0-balanced,均衡 25/25/25/25,dst7,20.250000,20.500000,20.375000,3125.000000,100.000000,100.000000,100.000000,0.250000,ns3-simulated/trace-derived
c0-balanced,均衡 25/25/25/25,dst7,20.500000,20.750000,20.625000,3125.000000,100.000000,100.000000,100.000000,0.250000,ns3-simulated/trace-derived
c0-balanced,均衡 25/25/25/25,dst7,20.750000,21.000000,20.875000,3125.000000,100.000000,100.000000,100.000000,0.250000,ns3-simulated/trace-derived
c0-balanced,均衡 25/25/25/25,dst7,21.000000,21.250000,21.125000,3125.000000,100.000000,100.000000,100.000000,0.250000,ns3-simulated/trace-derived
c0-balanced,均衡 25/25/25/25,dst7,21.250000,21.500000,21.375000,3125.000000,100.000000,100.000000,100.000000,0.250000,ns3-simulated/trace-derived
c0-balanced,均衡 25/25/25/25,dst7,21.500000,21.750000,21.625000,3125.000000,100.000000,100.000000,100.000000,0.250000,ns3-simulated/trace-derived
c0-balanced,均衡 25/25/25/25,dst7,21.750000,22.000000,21.875000,3125.000000,100.000000,100.000000,100.000000,0.250000,ns3-simulated/trace-derived
c0-balanced,均衡 25/25/25/25,dst7,22.000000,22.250000,22.125000,3125.000000,100.000000,100.000000,100.000000,0.250000,ns3-simulated/trace-derived
c0-balanced,均衡 25/25/25/25,dst7,22.250000,22.500000,22.375000,3125.000000,100.000000,100.000000,100.000000,0.250000,ns3-simulated/trace-derived
c0-balanced,均衡 25/25/25/25,dst7,22.500000,22.750000,22.625000,3125.000000,100.000000,100.000000,100.000000,0.250000,ns3-simulated/trace-derived
c0-balanced,均衡 25/25/25/25,dst7,22.750000,23.000000,22.875000,3125.000000,100.000000,100.000000,100.000000,0.250000,ns3-simulated/trace-derived
c0-balanced,均衡 25/25/25/25,dst7,23.000000,23.250000,23.125000,3125.000000,100.000000,100.000000,100.000000,0.250000,ns3-simulated/trace-derived
c0-balanced,均衡 25/25/25/25,dst7,23.250000,23.500000,23.375000,3125.000000,100.000000,100.000000,100.000000,0.250000,ns3-simulated/trace-derived
c0-balanced,均衡 25/25/25/25,dst7,23.500000,23.750000,23.625000,2698.000000,86.336000,86.336000,100.000000,0.250000,ns3-simulated/trace-derived
c0-balanced,均衡 25/25/25/25,dst7,23.750000,24.000000,23.875000,0.000000,0.000000,0.000000,100.000000,0.250000,ns3-simulated/trace-derived
c0-balanced,均衡 25/25/25/25,dst7,24.000000,24.250000,24.125000,0.000000,0.000000,0.000000,100.000000,0.250000,ns3-simulated/trace-derived
c0-balanced,均衡 25/25/25/25,dst7,24.250000,24.500000,24.375000,0.000000,0.000000,0.000000,100.000000,0.250000,ns3-simulated/trace-derived
c0-balanced,均衡 25/25/25/25,dst7,24.500000,24.750000,24.625000,0.000000,0.000000,0.000000,100.000000,0.250000,ns3-simulated/trace-derived
c0-balanced,均衡 25/25/25/25,dst7,24.750000,25.000000,24.875000,0.000000,0.000000,0.000000,100.000000,0.250000,ns3-simulated/trace-derived
c0-balanced,均衡 25/25/25/25,dst7,25.000000,25.250000,25.125000,0.000000,0.000000,0.000000,100.000000,0.250000,ns3-simulated/trace-derived
c0-balanced,均衡 25/25/25/25,dst7,25.250000,25.500000,25.375000,0.000000,0.000000,0.000000,100.000000,0.250000,ns3-simulated/trace-derived
c0-balanced,均衡 25/25/25/25,dst7,25.500000,25.750000,25.625000,0.000000,0.000000,0.000000,100.000000,0.250000,ns3-simulated/trace-derived
c0-balanced,均衡 25/25/25/25,dst7,25.750000,26.000000,25.875000,0.000000,0.000000,0.000000,100.000000,0.250000,ns3-simulated/trace-derived
c0-balanced,均衡 25/25/25/25,dst7,26.000000,26.250000,26.125000,0.000000,0.000000,0.000000,100.000000,0.250000,ns3-simulated/trace-derived
c0-balanced,均衡 25/25/25/25,dst7,26.250000,26.500000,26.375000,0.000000,0.000000,0.000000,100.000000,0.250000,ns3-simulated/trace-derived
c0-balanced,均衡 25/25/25/25,dst7,26.500000,26.750000,26.625000,0.000000,0.000000,0.000000,100.000000,0.250000,ns3-simulated/trace-derived
c0-balanced,均衡 25/25/25/25,dst7,26.750000,27.000000,26.875000,0.000000,0.000000,0.000000,100.000000,0.250000,ns3-simulated/trace-derived
c0-balanced,均衡 25/25/25/25,dst7,27.000000,27.250000,27.125000,0.000000,0.000000,0.000000,100.000000,0.250000,ns3-simulated/trace-derived
c0-balanced,均衡 25/25/25/25,dst7,27.250000,27.500000,27.375000,0.000000,0.000000,0.000000,100.000000,0.250000,ns3-simulated/trace-derived
c0-balanced,均衡 25/25/25/25,dst7,27.500000,27.750000,27.625000,0.000000,0.000000,0.000000,100.000000,0.250000,ns3-simulated/trace-derived
c0-balanced,均衡 25/25/25/25,dst7,27.750000,28.000000,27.875000,0.000000,0.000000,0.000000,100.000000,0.250000,ns3-simulated/trace-derived
c0-balanced,均衡 25/25/25/25,dst7,28.000000,28.250000,28.125000,0.000000,0.000000,0.000000,100.000000,0.250000,ns3-simulated/trace-derived
c0-balanced,均衡 25/25/25/25,dst7,28.250000,28.500000,28.375000,0.000000,0.000000,0.000000,100.000000,0.250000,ns3-simulated/trace-derived
c0-balanced,均衡 25/25/25/25,dst7,28.500000,28.750000,28.625000,0.000000,0.000000,0.000000,100.000000,0.250000,ns3-simulated/trace-derived
c0-balanced,均衡 25/25/25/25,dst7,28.750000,29.000000,28.875000,0.000000,0.000000,0.000000,100.000000,0.250000,ns3-simulated/trace-derived
c0-balanced,均衡 25/25/25/25,dst7,29.000000,29.250000,29.125000,0.000000,0.000000,0.000000,100.000000,0.250000,ns3-simulated/trace-derived
c0-balanced,均衡 25/25/25/25,dst7,29.250000,29.500000,29.375000,0.000000,0.000000,0.000000,100.000000,0.250000,ns3-simulated/trace-derived
c0-balanced,均衡 25/25/25/25,dst7,29.500000,29.750000,29.625000,0.000000,0.000000,0.000000,100.000000,0.250000,ns3-simulated/trace-derived
c0-balanced,均衡 25/25/25/25,dst7,29.750000,30.000000,29.875000,0.000000,0.000000,0.000000,100.000000,0.250000,ns3-simulated/trace-derived
c0-balanced,均衡 25/25/25/25,dst7,30.000000,30.250000,30.125000,0.000000,0.000000,0.000000,100.000000,0.250000,ns3-simulated/trace-derived
c0-balanced,均衡 25/25/25/25,dst7,30.250000,30.500000,30.375000,0.000000,0.000000,0.000000,100.000000,0.250000,ns3-simulated/trace-derived
c0-balanced,均衡 25/25/25/25,dst7,30.500000,30.750000,30.625000,0.000000,0.000000,0.000000,100.000000,0.250000,ns3-simulated/trace-derived
c0-balanced,均衡 25/25/25/25,dst7,30.750000,31.000000,30.875000,0.000000,0.000000,0.000000,100.000000,0.250000,ns3-simulated/trace-derived
c0-balanced,均衡 25/25/25/25,dst7,31.000000,31.250000,31.125000,0.000000,0.000000,0.000000,100.000000,0.250000,ns3-simulated/trace-derived
c0-balanced,均衡 25/25/25/25,dst7,31.250000,31.500000,31.375000,0.000000,0.000000,0.000000,100.000000,0.250000,ns3-simulated/trace-derived
c0-balanced,均衡 25/25/25/25,dst7,31.500000,31.750000,31.625000,0.000000,0.000000,0.000000,100.000000,0.250000,ns3-simulated/trace-derived
c0-balanced,均衡 25/25/25/25,dst7,31.750000,32.000000,31.875000,0.000000,0.000000,0.000000,100.000000,0.250000,ns3-simulated/trace-derived
c0-balanced,均衡 25/25/25/25,dst7,32.000000,32.250000,32.125000,0.000000,0.000000,0.000000,100.000000,0.250000,ns3-simulated/trace-derived
c0-balanced,均衡 25/25/25/25,dst7,32.250000,32.500000,32.375000,0.000000,0.000000,0.000000,100.000000,0.250000,ns3-simulated/trace-derived
c0-balanced,均衡 25/25/25/25,dst7,32.500000,32.750000,32.625000,0.000000,0.000000,0.000000,100.000000,0.250000,ns3-simulated/trace-derived
c0-balanced,均衡 25/25/25/25,dst7,32.750000,33.000000,32.875000,0.000000,0.000000,0.000000,100.000000,0.250000,ns3-simulated/trace-derived
c0-balanced,均衡 25/25/25/25,dst7,33.000000,33.250000,33.125000,0.000000,0.000000,0.000000,100.000000,0.250000,ns3-simulated/trace-derived
c0-balanced,均衡 25/25/25/25,dst7,33.250000,33.500000,33.375000,0.000000,0.000000,0.000000,100.000000,0.250000,ns3-simulated/trace-derived
c0-balanced,均衡 25/25/25/25,dst7,33.500000,33.750000,33.625000,0.000000,0.000000,0.000000,100.000000,0.250000,ns3-simulated/trace-derived
c0-balanced,均衡 25/25/25/25,dst7,33.750000,34.000000,33.875000,0.000000,0.000000,0.000000,100.000000,0.250000,ns3-simulated/trace-derived
c0-balanced,均衡 25/25/25/25,dst7,34.000000,34.250000,34.125000,0.000000,0.000000,0.000000,100.000000,0.250000,ns3-simulated/trace-derived
c0-balanced,均衡 25/25/25/25,dst7,34.250000,34.500000,34.375000,0.000000,0.000000,0.000000,100.000000,0.250000,ns3-simulated/trace-derived
c0-balanced,均衡 25/25/25/25,dst7,34.500000,34.750000,34.625000,0.000000,0.000000,0.000000,100.000000,0.250000,ns3-simulated/trace-derived
c0-balanced,均衡 25/25/25/25,dst7,34.750000,35.000000,34.875000,0.000000,0.000000,0.000000,100.000000,0.250000,ns3-simulated/trace-derived
c0-balanced,均衡 25/25/25/25,dst7,35.000000,35.250000,35.125000,0.000000,0.000000,0.000000,100.000000,0.250000,ns3-simulated/trace-derived
c0-balanced,均衡 25/25/25/25,dst7,35.250000,35.500000,35.375000,0.000000,0.000000,0.000000,100.000000,0.250000,ns3-simulated/trace-derived
c0-balanced,均衡 25/25/25/25,dst7,35.500000,35.750000,35.625000,0.000000,0.000000,0.000000,100.000000,0.250000,ns3-simulated/trace-derived
c0-balanced,均衡 25/25/25/25,dst7,35.750000,36.000000,35.875000,0.000000,0.000000,0.000000,100.000000,0.250000,ns3-simulated/trace-derived
c0-balanced,均衡 25/25/25/25,dst7,36.000000,36.250000,36.125000,0.000000,0.000000,0.000000,100.000000,0.250000,ns3-simulated/trace-derived
c0-balanced,均衡 25/25/25/25,dst7,36.250000,36.500000,36.375000,0.000000,0.000000,0.000000,100.000000,0.250000,ns3-simulated/trace-derived
c0-balanced,均衡 25/25/25/25,dst7,36.500000,36.750000,36.625000,0.000000,0.000000,0.000000,100.000000,0.250000,ns3-simulated/trace-derived
c0-balanced,均衡 25/25/25/25,dst7,36.750000,37.000000,36.875000,0.000000,0.000000,0.000000,100.000000,0.250000,ns3-simulated/trace-derived
c0-balanced,均衡 25/25/25/25,dst7,37.000000,37.250000,37.125000,0.000000,0.000000,0.000000,100.000000,0.250000,ns3-simulated/trace-derived
c0-balanced,均衡 25/25/25/25,dst7,37.250000,37.500000,37.375000,0.000000,0.000000,0.000000,100.000000,0.250000,ns3-simulated/trace-derived
c0-balanced,均衡 25/25/25/25,dst7,37.500000,37.750000,37.625000,0.000000,0.000000,0.000000,100.000000,0.250000,ns3-simulated/trace-derived
c0-balanced,均衡 25/25/25/25,dst7,37.750000,38.000000,37.875000,0.000000,0.000000,0.000000,100.000000,0.250000,ns3-simulated/trace-derived
c0-balanced,均衡 25/25/25/25,dst7,38.000000,38.250000,38.125000,0.000000,0.000000,0.000000,100.000000,0.250000,ns3-simulated/trace-derived
c0-balanced,均衡 25/25/25/25,dst7,38.250000,38.500000,38.375000,0.000000,0.000000,0.000000,100.000000,0.250000,ns3-simulated/trace-derived
c0-balanced,均衡 25/25/25/25,dst7,38.500000,38.750000,38.625000,0.000000,0.000000,0.000000,100.000000,0.250000,ns3-simulated/trace-derived
c0-balanced,均衡 25/25/25/25,dst7,38.750000,39.000000,38.875000,0.000000,0.000000,0.000000,100.000000,0.250000,ns3-simulated/trace-derived
c0-balanced,均衡 25/25/25/25,dst7,39.000000,39.250000,39.125000,0.000000,0.000000,0.000000,100.000000,0.250000,ns3-simulated/trace-derived
c0-balanced,均衡 25/25/25/25,dst7,39.250000,39.500000,39.375000,0.000000,0.000000,0.000000,100.000000,0.250000,ns3-simulated/trace-derived
c0-balanced,均衡 25/25/25/25,dst7,39.500000,39.750000,39.625000,0.000000,0.000000,0.000000,100.000000,0.250000,ns3-simulated/trace-derived
c0-balanced,均衡 25/25/25/25,dst7,39.750000,40.000000,39.875000,0.000000,0.000000,0.000000,100.000000,0.250000,ns3-simulated/trace-derived
c0-balanced,均衡 25/25/25/25,dst7,40.000000,40.250000,40.125000,0.000000,0.000000,0.000000,100.000000,0.250000,ns3-simulated/trace-derived
c0-balanced,均衡 25/25/25/25,dst7,40.250000,40.500000,40.375000,0.000000,0.000000,0.000000,100.000000,0.250000,ns3-simulated/trace-derived
c0-balanced,均衡 25/25/25/25,dst7,40.500000,40.750000,40.625000,0.000000,0.000000,0.000000,100.000000,0.250000,ns3-simulated/trace-derived
c0-balanced,均衡 25/25/25/25,dst7,40.750000,41.000000,40.875000,0.000000,0.000000,0.000000,100.000000,0.250000,ns3-simulated/trace-derived
c0-balanced,均衡 25/25/25/25,dst7,41.000000,41.250000,41.125000,0.000000,0.000000,0.000000,100.000000,0.250000,ns3-simulated/trace-derived
c0-balanced,均衡 25/25/25/25,dst7,41.250000,41.500000,41.375000,0.000000,0.000000,0.000000,100.000000,0.250000,ns3-simulated/trace-derived
c0-balanced,均衡 25/25/25/25,dst7,41.500000,41.750000,41.625000,0.000000,0.000000,0.000000,100.000000,0.250000,ns3-simulated/trace-derived
c0-balanced,均衡 25/25/25/25,dst7,41.750000,42.000000,41.875000,0.000000,0.000000,0.000000,100.000000,0.250000,ns3-simulated/trace-derived
c0-balanced,均衡 25/25/25/25,dst7,42.000000,42.250000,42.125000,0.000000,0.000000,0.000000,100.000000,0.250000,ns3-simulated/trace-derived
c0-balanced,均衡 25/25/25/25,dst7,42.250000,42.500000,42.375000,0.000000,0.000000,0.000000,100.000000,0.250000,ns3-simulated/trace-derived
c0-balanced,均衡 25/25/25/25,dst7,42.500000,42.750000,42.625000,0.000000,0.000000,0.000000,100.000000,0.250000,ns3-simulated/trace-derived
c0-balanced,均衡 25/25/25/25,dst7,42.750000,43.000000,42.875000,0.000000,0.000000,0.000000,100.000000,0.250000,ns3-simulated/trace-derived
c0-balanced,均衡 25/25/25/25,dst7,43.000000,43.250000,43.125000,0.000000,0.000000,0.000000,100.000000,0.250000,ns3-simulated/trace-derived
c0-balanced,均衡 25/25/25/25,dst7,43.250000,43.500000,43.375000,0.000000,0.000000,0.000000,100.000000,0.250000,ns3-simulated/trace-derived
c0-balanced,均衡 25/25/25/25,dst7,43.500000,43.750000,43.625000,0.000000,0.000000,0.000000,100.000000,0.250000,ns3-simulated/trace-derived
c0-balanced,均衡 25/25/25/25,dst7,43.750000,44.000000,43.875000,0.000000,0.000000,0.000000,100.000000,0.250000,ns3-simulated/trace-derived
c0-balanced,均衡 25/25/25/25,dst7,44.000000,44.250000,44.125000,0.000000,0.000000,0.000000,100.000000,0.250000,ns3-simulated/trace-derived
c0-balanced,均衡 25/25/25/25,dst7,44.250000,44.500000,44.375000,0.000000,0.000000,0.000000,100.000000,0.250000,ns3-simulated/trace-derived
c0-balanced,均衡 25/25/25/25,dst7,44.500000,44.750000,44.625000,0.000000,0.000000,0.000000,100.000000,0.250000,ns3-simulated/trace-derived
c0-balanced,均衡 25/25/25/25,dst7,44.750000,45.000000,44.875000,0.000000,0.000000,0.000000,100.000000,0.250000,ns3-simulated/trace-derived
c0-balanced,均衡 25/25/25/25,dst7,45.000000,45.250000,45.125000,0.000000,0.000000,0.000000,100.000000,0.250000,ns3-simulated/trace-derived
c0-balanced,均衡 25/25/25/25,dst7,45.250000,45.500000,45.375000,0.000000,0.000000,0.000000,100.000000,0.250000,ns3-simulated/trace-derived
c0-balanced,均衡 25/25/25/25,dst7,45.500000,45.750000,45.625000,0.000000,0.000000,0.000000,100.000000,0.250000,ns3-simulated/trace-derived
c0-balanced,均衡 25/25/25/25,dst7,45.750000,46.000000,45.875000,0.000000,0.000000,0.000000,100.000000,0.250000,ns3-simulated/trace-derived
c0-balanced,均衡 25/25/25/25,dst7,46.000000,46.250000,46.125000,0.000000,0.000000,0.000000,100.000000,0.250000,ns3-simulated/trace-derived
c0-balanced,均衡 25/25/25/25,dst7,46.250000,46.500000,46.375000,0.000000,0.000000,0.000000,100.000000,0.250000,ns3-simulated/trace-derived
c0-balanced,均衡 25/25/25/25,dst7,46.500000,46.750000,46.625000,0.000000,0.000000,0.000000,100.000000,0.250000,ns3-simulated/trace-derived
c0-balanced,均衡 25/25/25/25,dst7,46.750000,47.000000,46.875000,0.000000,0.000000,0.000000,100.000000,0.250000,ns3-simulated/trace-derived
c0-balanced,均衡 25/25/25/25,dst7,47.000000,47.250000,47.125000,0.000000,0.000000,0.000000,100.000000,0.250000,ns3-simulated/trace-derived
c0-balanced,均衡 25/25/25/25,dst7,47.250000,47.500000,47.375000,0.000000,0.000000,0.000000,100.000000,0.250000,ns3-simulated/trace-derived
c0-balanced,均衡 25/25/25/25,dst7,47.500000,47.750000,47.625000,0.000000,0.000000,0.000000,100.000000,0.250000,ns3-simulated/trace-derived
c0-balanced,均衡 25/25/25/25,dst7,47.750000,48.000000,47.875000,0.000000,0.000000,0.000000,100.000000,0.250000,ns3-simulated/trace-derived
c0-balanced,均衡 25/25/25/25,dst7,48.000000,48.250000,48.125000,0.000000,0.000000,0.000000,100.000000,0.250000,ns3-simulated/trace-derived
c0-balanced,均衡 25/25/25/25,dst7,48.250000,48.500000,48.375000,0.000000,0.000000,0.000000,100.000000,0.250000,ns3-simulated/trace-derived
c0-balanced,均衡 25/25/25/25,dst7,48.500000,48.750000,48.625000,0.000000,0.000000,0.000000,100.000000,0.250000,ns3-simulated/trace-derived
c0-balanced,均衡 25/25/25/25,dst7,48.750000,49.000000,48.875000,0.000000,0.000000,0.000000,100.000000,0.250000,ns3-simulated/trace-derived
c0-balanced,均衡 25/25/25/25,dst7,49.000000,49.250000,49.125000,0.000000,0.000000,0.000000,100.000000,0.250000,ns3-simulated/trace-derived
c0-balanced,均衡 25/25/25/25,dst7,49.250000,49.500000,49.375000,0.000000,0.000000,0.000000,100.000000,0.250000,ns3-simulated/trace-derived
c0-balanced,均衡 25/25/25/25,dst7,49.500000,49.750000,49.625000,0.000000,0.000000,0.000000,100.000000,0.250000,ns3-simulated/trace-derived
c0-balanced,均衡 25/25/25/25,dst7,49.750000,50.000000,49.875000,0.000000,0.000000,0.000000,100.000000,0.250000,ns3-simulated/trace-derived
c0-balanced,均衡 25/25/25/25,dst7,50.000000,50.250000,50.125000,0.000000,0.000000,0.000000,100.000000,0.250000,ns3-simulated/trace-derived
c0-balanced,均衡 25/25/25/25,dst7,50.250000,50.500000,50.375000,0.000000,0.000000,0.000000,100.000000,0.250000,ns3-simulated/trace-derived
c0-balanced,均衡 25/25/25/25,dst7,50.500000,50.750000,50.625000,0.000000,0.000000,0.000000,100.000000,0.250000,ns3-simulated/trace-derived
c0-balanced,均衡 25/25/25/25,dst7,50.750000,51.000000,50.875000,0.000000,0.000000,0.000000,100.000000,0.250000,ns3-simulated/trace-derived
c0-balanced,均衡 25/25/25/25,dst7,51.000000,51.250000,51.125000,0.000000,0.000000,0.000000,100.000000,0.250000,ns3-simulated/trace-derived
c0-balanced,均衡 25/25/25/25,dst7,51.250000,51.500000,51.375000,0.000000,0.000000,0.000000,100.000000,0.250000,ns3-simulated/trace-derived
c0-balanced,均衡 25/25/25/25,dst7,51.500000,51.750000,51.625000,0.000000,0.000000,0.000000,100.000000,0.250000,ns3-simulated/trace-derived
c0-balanced,均衡 25/25/25/25,dst7,51.750000,52.000000,51.875000,0.000000,0.000000,0.000000,100.000000,0.250000,ns3-simulated/trace-derived
c0-balanced,均衡 25/25/25/25,dst7,52.000000,52.250000,52.125000,0.000000,0.000000,0.000000,100.000000,0.250000,ns3-simulated/trace-derived
c0-balanced,均衡 25/25/25/25,dst7,52.250000,52.500000,52.375000,0.000000,0.000000,0.000000,100.000000,0.250000,ns3-simulated/trace-derived
c0-balanced,均衡 25/25/25/25,dst7,52.500000,52.750000,52.625000,0.000000,0.000000,0.000000,100.000000,0.250000,ns3-simulated/trace-derived
c0-balanced,均衡 25/25/25/25,dst7,52.750000,53.000000,52.875000,0.000000,0.000000,0.000000,100.000000,0.250000,ns3-simulated/trace-derived
c0-balanced,均衡 25/25/25/25,dst7,53.000000,53.250000,53.125000,0.000000,0.000000,0.000000,100.000000,0.250000,ns3-simulated/trace-derived
c0-balanced,均衡 25/25/25/25,dst7,53.250000,53.500000,53.375000,0.000000,0.000000,0.000000,100.000000,0.250000,ns3-simulated/trace-derived
c0-balanced,均衡 25/25/25/25,dst7,53.500000,53.750000,53.625000,0.000000,0.000000,0.000000,100.000000,0.250000,ns3-simulated/trace-derived
c0-balanced,均衡 25/25/25/25,dst7,53.750000,54.000000,53.875000,0.000000,0.000000,0.000000,100.000000,0.250000,ns3-simulated/trace-derived
c0-balanced,均衡 25/25/25/25,dst7,54.000000,54.250000,54.125000,0.000000,0.000000,0.000000,100.000000,0.250000,ns3-simulated/trace-derived
c0-balanced,均衡 25/25/25/25,dst7,54.250000,54.500000,54.375000,0.000000,0.000000,0.000000,100.000000,0.250000,ns3-simulated/trace-derived
c0-balanced,均衡 25/25/25/25,dst7,54.500000,54.750000,54.625000,0.000000,0.000000,0.000000,100.000000,0.250000,ns3-simulated/trace-derived
c0-balanced,均衡 25/25/25/25,dst7,54.750000,55.000000,54.875000,0.000000,0.000000,0.000000,100.000000,0.250000,ns3-simulated/trace-derived
c0-balanced,均衡 25/25/25/25,dst7,55.000000,55.250000,55.125000,0.000000,0.000000,0.000000,100.000000,0.250000,ns3-simulated/trace-derived
c0-balanced,均衡 25/25/25/25,dst7,55.250000,55.500000,55.375000,0.000000,0.000000,0.000000,100.000000,0.250000,ns3-simulated/trace-derived
c0-balanced,均衡 25/25/25/25,dst7,55.500000,55.750000,55.625000,0.000000,0.000000,0.000000,100.000000,0.250000,ns3-simulated/trace-derived
c0-balanced,均衡 25/25/25/25,dst7,55.750000,56.000000,55.875000,0.000000,0.000000,0.000000,100.000000,0.250000,ns3-simulated/trace-derived
c0-balanced,均衡 25/25/25/25,dst7,56.000000,56.250000,56.125000,0.000000,0.000000,0.000000,100.000000,0.250000,ns3-simulated/trace-derived
c0-balanced,均衡 25/25/25/25,dst7,56.250000,56.500000,56.375000,0.000000,0.000000,0.000000,100.000000,0.250000,ns3-simulated/trace-derived
c0-balanced,均衡 25/25/25/25,dst7,56.500000,56.750000,56.625000,0.000000,0.000000,0.000000,100.000000,0.250000,ns3-simulated/trace-derived
c0-balanced,均衡 25/25/25/25,dst7,56.750000,57.000000,56.875000,0.000000,0.000000,0.000000,100.000000,0.250000,ns3-simulated/trace-derived
c0-balanced,均衡 25/25/25/25,dst7,57.000000,57.250000,57.125000,0.000000,0.000000,0.000000,100.000000,0.250000,ns3-simulated/trace-derived
c0-balanced,均衡 25/25/25/25,dst7,57.250000,57.500000,57.375000,0.000000,0.000000,0.000000,100.000000,0.250000,ns3-simulated/trace-derived
c0-balanced,均衡 25/25/25/25,dst7,57.500000,57.750000,57.625000,0.000000,0.000000,0.000000,100.000000,0.250000,ns3-simulated/trace-derived
c0-balanced,均衡 25/25/25/25,dst7,57.750000,58.000000,57.875000,0.000000,0.000000,0.000000,100.000000,0.250000,ns3-simulated/trace-derived
c0-balanced,均衡 25/25/25/25,dst7,58.000000,58.250000,58.125000,0.000000,0.000000,0.000000,100.000000,0.250000,ns3-simulated/trace-derived
c0-balanced,均衡 25/25/25/25,dst7,58.250000,58.500000,58.375000,0.000000,0.000000,0.000000,100.000000,0.250000,ns3-simulated/trace-derived
c0-balanced,均衡 25/25/25/25,dst7,58.500000,58.750000,58.625000,0.000000,0.000000,0.000000,100.000000,0.250000,ns3-simulated/trace-derived
c0-balanced,均衡 25/25/25/25,dst7,58.750000,59.000000,58.875000,0.000000,0.000000,0.000000,100.000000,0.250000,ns3-simulated/trace-derived
c0-balanced,均衡 25/25/25/25,dst7,59.000000,59.250000,59.125000,0.000000,0.000000,0.000000,100.000000,0.250000,ns3-simulated/trace-derived
c0-balanced,均衡 25/25/25/25,dst7,59.250000,59.500000,59.375000,0.000000,0.000000,0.000000,100.000000,0.250000,ns3-simulated/trace-derived
c0-balanced,均衡 25/25/25/25,dst7,59.500000,59.750000,59.625000,0.000000,0.000000,0.000000,100.000000,0.250000,ns3-simulated/trace-derived
c0-balanced,均衡 25/25/25/25,dst7,59.750000,60.000000,59.875000,0.000000,0.000000,0.000000,100.000000,0.250000,ns3-simulated/trace-derived
c0-balanced,均衡 25/25/25/25,dst7,60.000000,60.250000,60.125000,0.000000,0.000000,0.000000,100.000000,0.250000,ns3-simulated/trace-derived
c0-balanced,均衡 25/25/25/25,dst7,60.250000,60.500000,60.375000,0.000000,0.000000,0.000000,100.000000,0.250000,ns3-simulated/trace-derived
c0-balanced,均衡 25/25/25/25,dst7,60.500000,60.750000,60.625000,0.000000,0.000000,0.000000,100.000000,0.250000,ns3-simulated/trace-derived
c0-balanced,均衡 25/25/25/25,dst7,60.750000,61.000000,60.875000,0.000000,0.000000,0.000000,100.000000,0.250000,ns3-simulated/trace-derived
c0-balanced,均衡 25/25/25/25,dst7,61.000000,61.250000,61.125000,0.000000,0.000000,0.000000,100.000000,0.250000,ns3-simulated/trace-derived
c0-balanced,均衡 25/25/25/25,dst7,61.250000,61.500000,61.375000,0.000000,0.000000,0.000000,100.000000,0.250000,ns3-simulated/trace-derived
c0-balanced,均衡 25/25/25/25,dst7,61.500000,61.750000,61.625000,0.000000,0.000000,0.000000,100.000000,0.250000,ns3-simulated/trace-derived
c0-balanced,均衡 25/25/25/25,dst7,61.750000,62.000000,61.875000,0.000000,0.000000,0.000000,100.000000,0.250000,ns3-simulated/trace-derived
c0-balanced,均衡 25/25/25/25,dst7,62.000000,62.250000,62.125000,0.000000,0.000000,0.000000,100.000000,0.250000,ns3-simulated/trace-derived
c0-balanced,均衡 25/25/25/25,dst7,62.250000,62.500000,62.375000,0.000000,0.000000,0.000000,100.000000,0.250000,ns3-simulated/trace-derived
c0-balanced,均衡 25/25/25/25,dst7,62.500000,62.750000,62.625000,0.000000,0.000000,0.000000,100.000000,0.250000,ns3-simulated/trace-derived
c0-balanced,均衡 25/25/25/25,dst7,62.750000,63.000000,62.875000,0.000000,0.000000,0.000000,100.000000,0.250000,ns3-simulated/trace-derived
c0-balanced,均衡 25/25/25/25,dst7,63.000000,63.250000,63.125000,0.000000,0.000000,0.000000,100.000000,0.250000,ns3-simulated/trace-derived
c0-balanced,均衡 25/25/25/25,dst7,63.250000,63.500000,63.375000,0.000000,0.000000,0.000000,100.000000,0.250000,ns3-simulated/trace-derived
c0-balanced,均衡 25/25/25/25,dst7,63.500000,63.750000,63.625000,0.000000,0.000000,0.000000,100.000000,0.250000,ns3-simulated/trace-derived
c0-balanced,均衡 25/25/25/25,dst7,63.750000,64.000000,63.875000,0.000000,0.000000,0.000000,100.000000,0.250000,ns3-simulated/trace-derived
c0-balanced,均衡 25/25/25/25,dst7,64.000000,64.250000,64.125000,0.000000,0.000000,0.000000,100.000000,0.250000,ns3-simulated/trace-derived
c0-balanced,均衡 25/25/25/25,dst7,64.250000,64.500000,64.375000,0.000000,0.000000,0.000000,100.000000,0.250000,ns3-simulated/trace-derived
c0-balanced,均衡 25/25/25/25,dst7,64.500000,64.750000,64.625000,0.000000,0.000000,0.000000,100.000000,0.250000,ns3-simulated/trace-derived
c0-balanced,均衡 25/25/25/25,dst7,64.750000,65.000000,64.875000,0.000000,0.000000,0.000000,100.000000,0.250000,ns3-simulated/trace-derived
c0-balanced,均衡 25/25/25/25,dst7,65.000000,65.250000,65.125000,0.000000,0.000000,0.000000,100.000000,0.250000,ns3-simulated/trace-derived
c0-balanced,均衡 25/25/25/25,dst7,65.250000,65.500000,65.375000,0.000000,0.000000,0.000000,100.000000,0.250000,ns3-simulated/trace-derived
c0-balanced,均衡 25/25/25/25,dst7,65.500000,65.750000,65.625000,0.000000,0.000000,0.000000,100.000000,0.250000,ns3-simulated/trace-derived
c0-balanced,均衡 25/25/25/25,dst7,65.750000,66.000000,65.875000,0.000000,0.000000,0.000000,100.000000,0.250000,ns3-simulated/trace-derived
c0-balanced,均衡 25/25/25/25,dst7,66.000000,66.250000,66.125000,0.000000,0.000000,0.000000,100.000000,0.250000,ns3-simulated/trace-derived
c0-balanced,均衡 25/25/25/25,dst7,66.250000,66.500000,66.375000,0.000000,0.000000,0.000000,100.000000,0.250000,ns3-simulated/trace-derived
c0-balanced,均衡 25/25/25/25,dst7,66.500000,66.750000,66.625000,0.000000,0.000000,0.000000,100.000000,0.250000,ns3-simulated/trace-derived
c0-balanced,均衡 25/25/25/25,dst7,66.750000,67.000000,66.875000,0.000000,0.000000,0.000000,100.000000,0.250000,ns3-simulated/trace-derived
c0-balanced,均衡 25/25/25/25,dst7,67.000000,67.250000,67.125000,0.000000,0.000000,0.000000,100.000000,0.250000,ns3-simulated/trace-derived
c0-balanced,均衡 25/25/25/25,dst7,67.250000,67.500000,67.375000,0.000000,0.000000,0.000000,100.000000,0.250000,ns3-simulated/trace-derived
c0-balanced,均衡 25/25/25/25,dst7,67.500000,67.750000,67.625000,0.000000,0.000000,0.000000,100.000000,0.250000,ns3-simulated/trace-derived
c0-balanced,均衡 25/25/25/25,dst7,67.750000,68.000000,67.875000,0.000000,0.000000,0.000000,100.000000,0.250000,ns3-simulated/trace-derived
c0-balanced,均衡 25/25/25/25,dst7,68.000000,68.250000,68.125000,0.000000,0.000000,0.000000,100.000000,0.250000,ns3-simulated/trace-derived
c0-balanced,均衡 25/25/25/25,dst7,68.250000,68.500000,68.375000,0.000000,0.000000,0.000000,100.000000,0.250000,ns3-simulated/trace-derived
c0-balanced,均衡 25/25/25/25,dst7,68.500000,68.750000,68.625000,0.000000,0.000000,0.000000,100.000000,0.250000,ns3-simulated/trace-derived
c0-balanced,均衡 25/25/25/25,dst7,68.750000,69.000000,68.875000,0.000000,0.000000,0.000000,100.000000,0.250000,ns3-simulated/trace-derived
c0-balanced,均衡 25/25/25/25,dst7,69.000000,69.250000,69.125000,0.000000,0.000000,0.000000,100.000000,0.250000,ns3-simulated/trace-derived
c0-balanced,均衡 25/25/25/25,dst7,69.250000,69.500000,69.375000,0.000000,0.000000,0.000000,100.000000,0.250000,ns3-simulated/trace-derived
c0-balanced,均衡 25/25/25/25,dst7,69.500000,69.750000,69.625000,0.000000,0.000000,0.000000,100.000000,0.250000,ns3-simulated/trace-derived
c0-balanced,均衡 25/25/25/25,dst7,69.750000,70.000000,69.875000,0.000000,0.000000,0.000000,100.000000,0.250000,ns3-simulated/trace-derived
c0-balanced,均衡 25/25/25/25,dst7,70.000000,70.250000,70.125000,0.000000,0.000000,0.000000,100.000000,0.250000,ns3-simulated/trace-derived
c0-balanced,均衡 25/25/25/25,dst7,70.250000,70.500000,70.375000,0.000000,0.000000,0.000000,100.000000,0.250000,ns3-simulated/trace-derived
c0-balanced,均衡 25/25/25/25,dst7,70.500000,70.750000,70.625000,0.000000,0.000000,0.000000,100.000000,0.250000,ns3-simulated/trace-derived
c0-balanced,均衡 25/25/25/25,dst7,70.750000,71.000000,70.875000,0.000000,0.000000,0.000000,100.000000,0.250000,ns3-simulated/trace-derived
c0-balanced,均衡 25/25/25/25,dst7,71.000000,71.250000,71.125000,0.000000,0.000000,0.000000,100.000000,0.250000,ns3-simulated/trace-derived
c0-balanced,均衡 25/25/25/25,dst7,71.250000,71.500000,71.375000,0.000000,0.000000,0.000000,100.000000,0.250000,ns3-simulated/trace-derived
c0-balanced,均衡 25/25/25/25,dst7,71.500000,71.750000,71.625000,0.000000,0.000000,0.000000,100.000000,0.250000,ns3-simulated/trace-derived
c0-balanced,均衡 25/25/25/25,dst7,71.750000,72.000000,71.875000,0.000000,0.000000,0.000000,100.000000,0.250000,ns3-simulated/trace-derived
c0-balanced,均衡 25/25/25/25,dst7,72.000000,72.250000,72.125000,0.000000,0.000000,0.000000,100.000000,0.250000,ns3-simulated/trace-derived
c0-balanced,均衡 25/25/25/25,dst7,72.250000,72.500000,72.375000,0.000000,0.000000,0.000000,100.000000,0.250000,ns3-simulated/trace-derived
c0-balanced,均衡 25/25/25/25,dst7,72.500000,72.750000,72.625000,0.000000,0.000000,0.000000,100.000000,0.250000,ns3-simulated/trace-derived
c0-balanced,均衡 25/25/25/25,dst7,72.750000,73.000000,72.875000,0.000000,0.000000,0.000000,100.000000,0.250000,ns3-simulated/trace-derived
c0-balanced,均衡 25/25/25/25,dst7,73.000000,73.250000,73.125000,0.000000,0.000000,0.000000,100.000000,0.250000,ns3-simulated/trace-derived
c0-balanced,均衡 25/25/25/25,dst7,73.250000,73.500000,73.375000,0.000000,0.000000,0.000000,100.000000,0.250000,ns3-simulated/trace-derived
c0-balanced,均衡 25/25/25/25,dst7,73.500000,73.750000,73.625000,0.000000,0.000000,0.000000,100.000000,0.250000,ns3-simulated/trace-derived
c0-balanced,均衡 25/25/25/25,dst7,73.750000,74.000000,73.875000,0.000000,0.000000,0.000000,100.000000,0.250000,ns3-simulated/trace-derived
c0-balanced,均衡 25/25/25/25,dst7,74.000000,74.250000,74.125000,0.000000,0.000000,0.000000,100.000000,0.250000,ns3-simulated/trace-derived
c0-balanced,均衡 25/25/25/25,dst7,74.250000,74.500000,74.375000,0.000000,0.000000,0.000000,100.000000,0.250000,ns3-simulated/trace-derived
c0-balanced,均衡 25/25/25/25,dst7,74.500000,74.750000,74.625000,0.000000,0.000000,0.000000,100.000000,0.250000,ns3-simulated/trace-derived
c0-balanced,均衡 25/25/25/25,dst7,74.750000,75.000000,74.875000,0.000000,0.000000,0.000000,100.000000,0.250000,ns3-simulated/trace-derived
c0-balanced,均衡 25/25/25/25,dst7,75.000000,75.250000,75.125000,0.000000,0.000000,0.000000,100.000000,0.250000,ns3-simulated/trace-derived
c0-balanced,均衡 25/25/25/25,dst7,75.250000,75.500000,75.375000,0.000000,0.000000,0.000000,100.000000,0.250000,ns3-simulated/trace-derived
c0-balanced,均衡 25/25/25/25,dst7,75.500000,75.750000,75.625000,0.000000,0.000000,0.000000,100.000000,0.250000,ns3-simulated/trace-derived
c0-balanced,均衡 25/25/25/25,dst7,75.750000,76.000000,75.875000,0.000000,0.000000,0.000000,100.000000,0.250000,ns3-simulated/trace-derived
c0-balanced,均衡 25/25/25/25,dst7,76.000000,76.250000,76.125000,0.000000,0.000000,0.000000,100.000000,0.250000,ns3-simulated/trace-derived
c0-balanced,均衡 25/25/25/25,dst7,76.250000,76.500000,76.375000,0.000000,0.000000,0.000000,100.000000,0.250000,ns3-simulated/trace-derived
c0-balanced,均衡 25/25/25/25,dst7,76.500000,76.750000,76.625000,0.000000,0.000000,0.000000,100.000000,0.250000,ns3-simulated/trace-derived
c0-balanced,均衡 25/25/25/25,dst7,76.750000,77.000000,76.875000,0.000000,0.000000,0.000000,100.000000,0.250000,ns3-simulated/trace-derived
c0-balanced,均衡 25/25/25/25,dst7,77.000000,77.250000,77.125000,0.000000,0.000000,0.000000,100.000000,0.250000,ns3-simulated/trace-derived
c0-balanced,均衡 25/25/25/25,dst7,77.250000,77.500000,77.375000,0.000000,0.000000,0.000000,100.000000,0.250000,ns3-simulated/trace-derived
c0-balanced,均衡 25/25/25/25,dst7,77.500000,77.750000,77.625000,0.000000,0.000000,0.000000,100.000000,0.250000,ns3-simulated/trace-derived
c0-balanced,均衡 25/25/25/25,dst7,77.750000,78.000000,77.875000,0.000000,0.000000,0.000000,100.000000,0.250000,ns3-simulated/trace-derived
c0-balanced,均衡 25/25/25/25,dst7,78.000000,78.250000,78.125000,0.000000,0.000000,0.000000,100.000000,0.250000,ns3-simulated/trace-derived
c0-balanced,均衡 25/25/25/25,dst7,78.250000,78.500000,78.375000,0.000000,0.000000,0.000000,100.000000,0.250000,ns3-simulated/trace-derived
c0-balanced,均衡 25/25/25/25,dst7,78.500000,78.750000,78.625000,0.000000,0.000000,0.000000,100.000000,0.250000,ns3-simulated/trace-derived
c0-balanced,均衡 25/25/25/25,dst7,78.750000,79.000000,78.875000,0.000000,0.000000,0.000000,100.000000,0.250000,ns3-simulated/trace-derived
c0-balanced,均衡 25/25/25/25,dst7,79.000000,79.250000,79.125000,0.000000,0.000000,0.000000,100.000000,0.250000,ns3-simulated/trace-derived
c0-balanced,均衡 25/25/25/25,dst7,79.250000,79.500000,79.375000,0.000000,0.000000,0.000000,100.000000,0.250000,ns3-simulated/trace-derived
c0-balanced,均衡 25/25/25/25,dst7,79.500000,79.750000,79.625000,0.000000,0.000000,0.000000,100.000000,0.250000,ns3-simulated/trace-derived
c0-balanced,均衡 25/25/25/25,dst7,79.750000,80.000000,79.875000,0.000000,0.000000,0.000000,100.000000,0.250000,ns3-simulated/trace-derived
c0-balanced,均衡 25/25/25/25,dst7,80.000000,80.250000,80.125000,0.000000,0.000000,0.000000,100.000000,0.250000,ns3-simulated/trace-derived
c0-balanced,均衡 25/25/25/25,dst7,80.250000,80.500000,80.375000,0.000000,0.000000,0.000000,100.000000,0.250000,ns3-simulated/trace-derived
c0-balanced,均衡 25/25/25/25,dst7,80.500000,80.750000,80.625000,0.000000,0.000000,0.000000,100.000000,0.250000,ns3-simulated/trace-derived
c0-balanced,均衡 25/25/25/25,dst7,80.750000,81.000000,80.875000,0.000000,0.000000,0.000000,100.000000,0.250000,ns3-simulated/trace-derived
c0-balanced,均衡 25/25/25/25,dst7,81.000000,81.250000,81.125000,0.000000,0.000000,0.000000,100.000000,0.250000,ns3-simulated/trace-derived
c0-balanced,均衡 25/25/25/25,dst7,81.250000,81.500000,81.375000,0.000000,0.000000,0.000000,100.000000,0.250000,ns3-simulated/trace-derived
c0-balanced,均衡 25/25/25/25,dst7,81.500000,81.750000,81.625000,0.000000,0.000000,0.000000,100.000000,0.250000,ns3-simulated/trace-derived
c0-balanced,均衡 25/25/25/25,dst7,81.750000,82.000000,81.875000,0.000000,0.000000,0.000000,100.000000,0.250000,ns3-simulated/trace-derived
c0-balanced,均衡 25/25/25/25,dst7,82.000000,82.250000,82.125000,0.000000,0.000000,0.000000,100.000000,0.250000,ns3-simulated/trace-derived
c0-balanced,均衡 25/25/25/25,dst7,82.250000,82.500000,82.375000,0.000000,0.000000,0.000000,100.000000,0.250000,ns3-simulated/trace-derived
c0-balanced,均衡 25/25/25/25,dst7,82.500000,82.750000,82.625000,0.000000,0.000000,0.000000,100.000000,0.250000,ns3-simulated/trace-derived
c0-balanced,均衡 25/25/25/25,dst7,82.750000,83.000000,82.875000,0.000000,0.000000,0.000000,100.000000,0.250000,ns3-simulated/trace-derived
c0-balanced,均衡 25/25/25/25,dst7,83.000000,83.250000,83.125000,0.000000,0.000000,0.000000,100.000000,0.250000,ns3-simulated/trace-derived
c0-balanced,均衡 25/25/25/25,dst7,83.250000,83.500000,83.375000,0.000000,0.000000,0.000000,100.000000,0.250000,ns3-simulated/trace-derived
c0-balanced,均衡 25/25/25/25,dst7,83.500000,83.750000,83.625000,0.000000,0.000000,0.000000,100.000000,0.250000,ns3-simulated/trace-derived
c0-balanced,均衡 25/25/25/25,dst7,83.750000,84.000000,83.875000,0.000000,0.000000,0.000000,100.000000,0.250000,ns3-simulated/trace-derived
c0-balanced,均衡 25/25/25/25,dst7,84.000000,84.250000,84.125000,0.000000,0.000000,0.000000,100.000000,0.250000,ns3-simulated/trace-derived
c0-balanced,均衡 25/25/25/25,dst7,84.250000,84.500000,84.375000,0.000000,0.000000,0.000000,100.000000,0.250000,ns3-simulated/trace-derived
c0-balanced,均衡 25/25/25/25,dst7,84.500000,84.750000,84.625000,0.000000,0.000000,0.000000,100.000000,0.250000,ns3-simulated/trace-derived
c0-balanced,均衡 25/25/25/25,dst7,84.750000,85.000000,84.875000,0.000000,0.000000,0.000000,100.000000,0.250000,ns3-simulated/trace-derived
c0-balanced,均衡 25/25/25/25,dst7,85.000000,85.250000,85.125000,0.000000,0.000000,0.000000,100.000000,0.250000,ns3-simulated/trace-derived
c0-balanced,均衡 25/25/25/25,dst7,85.250000,85.500000,85.375000,0.000000,0.000000,0.000000,100.000000,0.250000,ns3-simulated/trace-derived
c0-balanced,均衡 25/25/25/25,dst7,85.500000,85.750000,85.625000,0.000000,0.000000,0.000000,100.000000,0.250000,ns3-simulated/trace-derived
c0-balanced,均衡 25/25/25/25,dst7,85.750000,86.000000,85.875000,0.000000,0.000000,0.000000,100.000000,0.250000,ns3-simulated/trace-derived
c0-balanced,均衡 25/25/25/25,dst7,86.000000,86.250000,86.125000,0.000000,0.000000,0.000000,100.000000,0.250000,ns3-simulated/trace-derived
c0-balanced,均衡 25/25/25/25,dst7,86.250000,86.500000,86.375000,0.000000,0.000000,0.000000,100.000000,0.250000,ns3-simulated/trace-derived
c0-balanced,均衡 25/25/25/25,dst7,86.500000,86.750000,86.625000,0.000000,0.000000,0.000000,100.000000,0.250000,ns3-simulated/trace-derived
c0-balanced,均衡 25/25/25/25,dst7,86.750000,87.000000,86.875000,0.000000,0.000000,0.000000,100.000000,0.250000,ns3-simulated/trace-derived
c0-balanced,均衡 25/25/25/25,dst7,87.000000,87.250000,87.125000,0.000000,0.000000,0.000000,100.000000,0.250000,ns3-simulated/trace-derived
c0-balanced,均衡 25/25/25/25,dst7,87.250000,87.500000,87.375000,0.000000,0.000000,0.000000,100.000000,0.250000,ns3-simulated/trace-derived
c0-balanced,均衡 25/25/25/25,dst7,87.500000,87.750000,87.625000,0.000000,0.000000,0.000000,100.000000,0.250000,ns3-simulated/trace-derived
c0-balanced,均衡 25/25/25/25,dst7,87.750000,88.000000,87.875000,0.000000,0.000000,0.000000,100.000000,0.250000,ns3-simulated/trace-derived
c0-balanced,均衡 25/25/25/25,dst7,88.000000,88.250000,88.125000,0.000000,0.000000,0.000000,100.000000,0.250000,ns3-simulated/trace-derived
c0-balanced,均衡 25/25/25/25,dst7,88.250000,88.500000,88.375000,0.000000,0.000000,0.000000,100.000000,0.250000,ns3-simulated/trace-derived
c0-balanced,均衡 25/25/25/25,dst7,88.500000,88.750000,88.625000,0.000000,0.000000,0.000000,100.000000,0.250000,ns3-simulated/trace-derived
c0-balanced,均衡 25/25/25/25,dst7,88.750000,89.000000,88.875000,0.000000,0.000000,0.000000,100.000000,0.250000,ns3-simulated/trace-derived
c0-balanced,均衡 25/25/25/25,dst7,89.000000,89.250000,89.125000,0.000000,0.000000,0.000000,100.000000,0.250000,ns3-simulated/trace-derived
c0-balanced,均衡 25/25/25/25,dst7,89.250000,89.500000,89.375000,0.000000,0.000000,0.000000,100.000000,0.250000,ns3-simulated/trace-derived
c0-balanced,均衡 25/25/25/25,dst7,89.500000,89.750000,89.625000,0.000000,0.000000,0.000000,100.000000,0.250000,ns3-simulated/trace-derived
c0-balanced,均衡 25/25/25/25,dst7,89.750000,90.000000,89.875000,0.000000,0.000000,0.000000,100.000000,0.250000,ns3-simulated/trace-derived
c0-balanced,均衡 25/25/25/25,dst7,90.000000,90.250000,90.125000,0.000000,0.000000,0.000000,100.000000,0.250000,ns3-simulated/trace-derived
c0-balanced,均衡 25/25/25/25,dst7,90.250000,90.500000,90.375000,0.000000,0.000000,0.000000,100.000000,0.250000,ns3-simulated/trace-derived
c0-balanced,均衡 25/25/25/25,dst7,90.500000,90.750000,90.625000,0.000000,0.000000,0.000000,100.000000,0.250000,ns3-simulated/trace-derived
c0-balanced,均衡 25/25/25/25,dst7,90.750000,91.000000,90.875000,0.000000,0.000000,0.000000,100.000000,0.250000,ns3-simulated/trace-derived
c0-balanced,均衡 25/25/25/25,dst7,91.000000,91.250000,91.125000,0.000000,0.000000,0.000000,100.000000,0.250000,ns3-simulated/trace-derived
c0-balanced,均衡 25/25/25/25,dst7,91.250000,91.500000,91.375000,0.000000,0.000000,0.000000,100.000000,0.250000,ns3-simulated/trace-derived
c0-balanced,均衡 25/25/25/25,dst7,91.500000,91.750000,91.625000,0.000000,0.000000,0.000000,100.000000,0.250000,ns3-simulated/trace-derived
c0-balanced,均衡 25/25/25/25,dst7,91.750000,92.000000,91.875000,0.000000,0.000000,0.000000,100.000000,0.250000,ns3-simulated/trace-derived
c0-balanced,均衡 25/25/25/25,dst7,92.000000,92.250000,92.125000,0.000000,0.000000,0.000000,100.000000,0.250000,ns3-simulated/trace-derived
c0-balanced,均衡 25/25/25/25,dst7,92.250000,92.500000,92.375000,0.000000,0.000000,0.000000,100.000000,0.250000,ns3-simulated/trace-derived
c0-balanced,均衡 25/25/25/25,dst7,92.500000,92.750000,92.625000,0.000000,0.000000,0.000000,100.000000,0.250000,ns3-simulated/trace-derived
c0-balanced,均衡 25/25/25/25,dst7,92.750000,93.000000,92.875000,0.000000,0.000000,0.000000,100.000000,0.250000,ns3-simulated/trace-derived
c0-balanced,均衡 25/25/25/25,dst7,93.000000,93.250000,93.125000,0.000000,0.000000,0.000000,100.000000,0.250000,ns3-simulated/trace-derived
c0-balanced,均衡 25/25/25/25,dst7,93.250000,93.500000,93.375000,0.000000,0.000000,0.000000,100.000000,0.250000,ns3-simulated/trace-derived
c0-balanced,均衡 25/25/25/25,dst7,93.500000,93.750000,93.625000,0.000000,0.000000,0.000000,100.000000,0.250000,ns3-simulated/trace-derived
c0-balanced,均衡 25/25/25/25,dst7,93.750000,94.000000,93.875000,0.000000,0.000000,0.000000,100.000000,0.250000,ns3-simulated/trace-derived
c0-balanced,均衡 25/25/25/25,dst7,94.000000,94.250000,94.125000,0.000000,0.000000,0.000000,100.000000,0.250000,ns3-simulated/trace-derived
c0-balanced,均衡 25/25/25/25,dst7,94.250000,94.500000,94.375000,0.000000,0.000000,0.000000,100.000000,0.250000,ns3-simulated/trace-derived
c0-balanced,均衡 25/25/25/25,dst7,94.500000,94.750000,94.625000,0.000000,0.000000,0.000000,100.000000,0.250000,ns3-simulated/trace-derived
c0-balanced,均衡 25/25/25/25,dst7,94.750000,95.000000,94.875000,0.000000,0.000000,0.000000,100.000000,0.250000,ns3-simulated/trace-derived
c0-balanced,均衡 25/25/25/25,dst7,95.000000,95.250000,95.125000,0.000000,0.000000,0.000000,100.000000,0.250000,ns3-simulated/trace-derived
c1-zipf,Zipf 48/24/16/12,dst4,0.000000,0.250000,0.125000,0.000000,0.000000,0.000000,100.000000,0.250000,ns3-simulated/trace-derived
c1-zipf,Zipf 48/24/16/12,dst4,0.250000,0.500000,0.375000,0.000000,0.000000,0.000000,100.000000,0.250000,ns3-simulated/trace-derived
c1-zipf,Zipf 48/24/16/12,dst4,0.500000,0.750000,0.625000,933.000000,29.856000,29.856000,100.000000,0.250000,ns3-simulated/trace-derived
c1-zipf,Zipf 48/24/16/12,dst4,0.750000,1.000000,0.875000,3125.000000,100.000000,100.000000,100.000000,0.250000,ns3-simulated/trace-derived
c1-zipf,Zipf 48/24/16/12,dst4,1.000000,1.250000,1.125000,3125.000000,100.000000,100.000000,100.000000,0.250000,ns3-simulated/trace-derived
c1-zipf,Zipf 48/24/16/12,dst4,1.250000,1.500000,1.375000,3125.000000,100.000000,100.000000,100.000000,0.250000,ns3-simulated/trace-derived
c1-zipf,Zipf 48/24/16/12,dst4,1.500000,1.750000,1.625000,3125.000000,100.000000,100.000000,100.000000,0.250000,ns3-simulated/trace-derived
c1-zipf,Zipf 48/24/16/12,dst4,1.750000,2.000000,1.875000,3125.000000,100.000000,100.000000,100.000000,0.250000,ns3-simulated/trace-derived
c1-zipf,Zipf 48/24/16/12,dst4,2.000000,2.250000,2.125000,3125.000000,100.000000,100.000000,100.000000,0.250000,ns3-simulated/trace-derived
c1-zipf,Zipf 48/24/16/12,dst4,2.250000,2.500000,2.375000,3125.000000,100.000000,100.000000,100.000000,0.250000,ns3-simulated/trace-derived
c1-zipf,Zipf 48/24/16/12,dst4,2.500000,2.750000,2.625000,3125.000000,100.000000,100.000000,100.000000,0.250000,ns3-simulated/trace-derived
c1-zipf,Zipf 48/24/16/12,dst4,2.750000,3.000000,2.875000,3125.000000,100.000000,100.000000,100.000000,0.250000,ns3-simulated/trace-derived
c1-zipf,Zipf 48/24/16/12,dst4,3.000000,3.250000,3.125000,3125.000000,100.000000,100.000000,100.000000,0.250000,ns3-simulated/trace-derived
c1-zipf,Zipf 48/24/16/12,dst4,3.250000,3.500000,3.375000,3125.000000,100.000000,100.000000,100.000000,0.250000,ns3-simulated/trace-derived
c1-zipf,Zipf 48/24/16/12,dst4,3.500000,3.750000,3.625000,3125.000000,100.000000,100.000000,100.000000,0.250000,ns3-simulated/trace-derived
c1-zipf,Zipf 48/24/16/12,dst4,3.750000,4.000000,3.875000,3125.000000,100.000000,100.000000,100.000000,0.250000,ns3-simulated/trace-derived
c1-zipf,Zipf 48/24/16/12,dst4,4.000000,4.250000,4.125000,3125.000000,100.000000,100.000000,100.000000,0.250000,ns3-simulated/trace-derived
c1-zipf,Zipf 48/24/16/12,dst4,4.250000,4.500000,4.375000,3125.000000,100.000000,100.000000,100.000000,0.250000,ns3-simulated/trace-derived
c1-zipf,Zipf 48/24/16/12,dst4,4.500000,4.750000,4.625000,3125.000000,100.000000,100.000000,100.000000,0.250000,ns3-simulated/trace-derived
c1-zipf,Zipf 48/24/16/12,dst4,4.750000,5.000000,4.875000,3125.000000,100.000000,100.000000,100.000000,0.250000,ns3-simulated/trace-derived
c1-zipf,Zipf 48/24/16/12,dst4,5.000000,5.250000,5.125000,3125.000000,100.000000,100.000000,100.000000,0.250000,ns3-simulated/trace-derived
c1-zipf,Zipf 48/24/16/12,dst4,5.250000,5.500000,5.375000,3125.000000,100.000000,100.000000,100.000000,0.250000,ns3-simulated/trace-derived
c1-zipf,Zipf 48/24/16/12,dst4,5.500000,5.750000,5.625000,3125.000000,100.000000,100.000000,100.000000,0.250000,ns3-simulated/trace-derived
c1-zipf,Zipf 48/24/16/12,dst4,5.750000,6.000000,5.875000,3125.000000,100.000000,100.000000,100.000000,0.250000,ns3-simulated/trace-derived
c1-zipf,Zipf 48/24/16/12,dst4,6.000000,6.250000,6.125000,3125.000000,100.000000,100.000000,100.000000,0.250000,ns3-simulated/trace-derived
c1-zipf,Zipf 48/24/16/12,dst4,6.250000,6.500000,6.375000,3125.000000,100.000000,100.000000,100.000000,0.250000,ns3-simulated/trace-derived
c1-zipf,Zipf 48/24/16/12,dst4,6.500000,6.750000,6.625000,3125.000000,100.000000,100.000000,100.000000,0.250000,ns3-simulated/trace-derived
c1-zipf,Zipf 48/24/16/12,dst4,6.750000,7.000000,6.875000,3125.000000,100.000000,100.000000,100.000000,0.250000,ns3-simulated/trace-derived
c1-zipf,Zipf 48/24/16/12,dst4,7.000000,7.250000,7.125000,3125.000000,100.000000,100.000000,100.000000,0.250000,ns3-simulated/trace-derived
c1-zipf,Zipf 48/24/16/12,dst4,7.250000,7.500000,7.375000,3125.000000,100.000000,100.000000,100.000000,0.250000,ns3-simulated/trace-derived
c1-zipf,Zipf 48/24/16/12,dst4,7.500000,7.750000,7.625000,3125.000000,100.000000,100.000000,100.000000,0.250000,ns3-simulated/trace-derived
c1-zipf,Zipf 48/24/16/12,dst4,7.750000,8.000000,7.875000,3125.000000,100.000000,100.000000,100.000000,0.250000,ns3-simulated/trace-derived
c1-zipf,Zipf 48/24/16/12,dst4,8.000000,8.250000,8.125000,3125.000000,100.000000,100.000000,100.000000,0.250000,ns3-simulated/trace-derived
c1-zipf,Zipf 48/24/16/12,dst4,8.250000,8.500000,8.375000,3125.000000,100.000000,100.000000,100.000000,0.250000,ns3-simulated/trace-derived
c1-zipf,Zipf 48/24/16/12,dst4,8.500000,8.750000,8.625000,3125.000000,100.000000,100.000000,100.000000,0.250000,ns3-simulated/trace-derived
c1-zipf,Zipf 48/24/16/12,dst4,8.750000,9.000000,8.875000,3125.000000,100.000000,100.000000,100.000000,0.250000,ns3-simulated/trace-derived
c1-zipf,Zipf 48/24/16/12,dst4,9.000000,9.250000,9.125000,3125.000000,100.000000,100.000000,100.000000,0.250000,ns3-simulated/trace-derived
c1-zipf,Zipf 48/24/16/12,dst4,9.250000,9.500000,9.375000,3125.000000,100.000000,100.000000,100.000000,0.250000,ns3-simulated/trace-derived
c1-zipf,Zipf 48/24/16/12,dst4,9.500000,9.750000,9.625000,3125.000000,100.000000,100.000000,100.000000,0.250000,ns3-simulated/trace-derived
c1-zipf,Zipf 48/24/16/12,dst4,9.750000,10.000000,9.875000,3125.000000,100.000000,100.000000,100.000000,0.250000,ns3-simulated/trace-derived
c1-zipf,Zipf 48/24/16/12,dst4,10.000000,10.250000,10.125000,3125.000000,100.000000,100.000000,100.000000,0.250000,ns3-simulated/trace-derived
c1-zipf,Zipf 48/24/16/12,dst4,10.250000,10.500000,10.375000,3125.000000,100.000000,100.000000,100.000000,0.250000,ns3-simulated/trace-derived
c1-zipf,Zipf 48/24/16/12,dst4,10.500000,10.750000,10.625000,3125.000000,100.000000,100.000000,100.000000,0.250000,ns3-simulated/trace-derived
c1-zipf,Zipf 48/24/16/12,dst4,10.750000,11.000000,10.875000,3125.000000,100.000000,100.000000,100.000000,0.250000,ns3-simulated/trace-derived
c1-zipf,Zipf 48/24/16/12,dst4,11.000000,11.250000,11.125000,3125.000000,100.000000,100.000000,100.000000,0.250000,ns3-simulated/trace-derived
c1-zipf,Zipf 48/24/16/12,dst4,11.250000,11.500000,11.375000,3125.000000,100.000000,100.000000,100.000000,0.250000,ns3-simulated/trace-derived
c1-zipf,Zipf 48/24/16/12,dst4,11.500000,11.750000,11.625000,3125.000000,100.000000,100.000000,100.000000,0.250000,ns3-simulated/trace-derived
c1-zipf,Zipf 48/24/16/12,dst4,11.750000,12.000000,11.875000,3125.000000,100.000000,100.000000,100.000000,0.250000,ns3-simulated/trace-derived
c1-zipf,Zipf 48/24/16/12,dst4,12.000000,12.250000,12.125000,3125.000000,100.000000,100.000000,100.000000,0.250000,ns3-simulated/trace-derived
c1-zipf,Zipf 48/24/16/12,dst4,12.250000,12.500000,12.375000,3125.000000,100.000000,100.000000,100.000000,0.250000,ns3-simulated/trace-derived
c1-zipf,Zipf 48/24/16/12,dst4,12.500000,12.750000,12.625000,3125.000000,100.000000,100.000000,100.000000,0.250000,ns3-simulated/trace-derived
c1-zipf,Zipf 48/24/16/12,dst4,12.750000,13.000000,12.875000,3125.000000,100.000000,100.000000,100.000000,0.250000,ns3-simulated/trace-derived
c1-zipf,Zipf 48/24/16/12,dst4,13.000000,13.250000,13.125000,3125.000000,100.000000,100.000000,100.000000,0.250000,ns3-simulated/trace-derived
c1-zipf,Zipf 48/24/16/12,dst4,13.250000,13.500000,13.375000,3125.000000,100.000000,100.000000,100.000000,0.250000,ns3-simulated/trace-derived
c1-zipf,Zipf 48/24/16/12,dst4,13.500000,13.750000,13.625000,3125.000000,100.000000,100.000000,100.000000,0.250000,ns3-simulated/trace-derived
c1-zipf,Zipf 48/24/16/12,dst4,13.750000,14.000000,13.875000,3125.000000,100.000000,100.000000,100.000000,0.250000,ns3-simulated/trace-derived
c1-zipf,Zipf 48/24/16/12,dst4,14.000000,14.250000,14.125000,3125.000000,100.000000,100.000000,100.000000,0.250000,ns3-simulated/trace-derived
c1-zipf,Zipf 48/24/16/12,dst4,14.250000,14.500000,14.375000,3125.000000,100.000000,100.000000,100.000000,0.250000,ns3-simulated/trace-derived
c1-zipf,Zipf 48/24/16/12,dst4,14.500000,14.750000,14.625000,3125.000000,100.000000,100.000000,100.000000,0.250000,ns3-simulated/trace-derived
c1-zipf,Zipf 48/24/16/12,dst4,14.750000,15.000000,14.875000,3125.000000,100.000000,100.000000,100.000000,0.250000,ns3-simulated/trace-derived
c1-zipf,Zipf 48/24/16/12,dst4,15.000000,15.250000,15.125000,3125.000000,100.000000,100.000000,100.000000,0.250000,ns3-simulated/trace-derived
c1-zipf,Zipf 48/24/16/12,dst4,15.250000,15.500000,15.375000,3125.000000,100.000000,100.000000,100.000000,0.250000,ns3-simulated/trace-derived
c1-zipf,Zipf 48/24/16/12,dst4,15.500000,15.750000,15.625000,3125.000000,100.000000,100.000000,100.000000,0.250000,ns3-simulated/trace-derived
c1-zipf,Zipf 48/24/16/12,dst4,15.750000,16.000000,15.875000,3125.000000,100.000000,100.000000,100.000000,0.250000,ns3-simulated/trace-derived
c1-zipf,Zipf 48/24/16/12,dst4,16.000000,16.250000,16.125000,3125.000000,100.000000,100.000000,100.000000,0.250000,ns3-simulated/trace-derived
c1-zipf,Zipf 48/24/16/12,dst4,16.250000,16.500000,16.375000,3125.000000,100.000000,100.000000,100.000000,0.250000,ns3-simulated/trace-derived
c1-zipf,Zipf 48/24/16/12,dst4,16.500000,16.750000,16.625000,3125.000000,100.000000,100.000000,100.000000,0.250000,ns3-simulated/trace-derived
c1-zipf,Zipf 48/24/16/12,dst4,16.750000,17.000000,16.875000,3125.000000,100.000000,100.000000,100.000000,0.250000,ns3-simulated/trace-derived
c1-zipf,Zipf 48/24/16/12,dst4,17.000000,17.250000,17.125000,3125.000000,100.000000,100.000000,100.000000,0.250000,ns3-simulated/trace-derived
c1-zipf,Zipf 48/24/16/12,dst4,17.250000,17.500000,17.375000,3125.000000,100.000000,100.000000,100.000000,0.250000,ns3-simulated/trace-derived
c1-zipf,Zipf 48/24/16/12,dst4,17.500000,17.750000,17.625000,3125.000000,100.000000,100.000000,100.000000,0.250000,ns3-simulated/trace-derived
c1-zipf,Zipf 48/24/16/12,dst4,17.750000,18.000000,17.875000,3125.000000,100.000000,100.000000,100.000000,0.250000,ns3-simulated/trace-derived
c1-zipf,Zipf 48/24/16/12,dst4,18.000000,18.250000,18.125000,3125.000000,100.000000,100.000000,100.000000,0.250000,ns3-simulated/trace-derived
c1-zipf,Zipf 48/24/16/12,dst4,18.250000,18.500000,18.375000,3125.000000,100.000000,100.000000,100.000000,0.250000,ns3-simulated/trace-derived
c1-zipf,Zipf 48/24/16/12,dst4,18.500000,18.750000,18.625000,3125.000000,100.000000,100.000000,100.000000,0.250000,ns3-simulated/trace-derived
c1-zipf,Zipf 48/24/16/12,dst4,18.750000,19.000000,18.875000,3125.000000,100.000000,100.000000,100.000000,0.250000,ns3-simulated/trace-derived
c1-zipf,Zipf 48/24/16/12,dst4,19.000000,19.250000,19.125000,3125.000000,100.000000,100.000000,100.000000,0.250000,ns3-simulated/trace-derived
c1-zipf,Zipf 48/24/16/12,dst4,19.250000,19.500000,19.375000,3125.000000,100.000000,100.000000,100.000000,0.250000,ns3-simulated/trace-derived
c1-zipf,Zipf 48/24/16/12,dst4,19.500000,19.750000,19.625000,3125.000000,100.000000,100.000000,100.000000,0.250000,ns3-simulated/trace-derived
c1-zipf,Zipf 48/24/16/12,dst4,19.750000,20.000000,19.875000,3125.000000,100.000000,100.000000,100.000000,0.250000,ns3-simulated/trace-derived
c1-zipf,Zipf 48/24/16/12,dst4,20.000000,20.250000,20.125000,3125.000000,100.000000,100.000000,100.000000,0.250000,ns3-simulated/trace-derived
c1-zipf,Zipf 48/24/16/12,dst4,20.250000,20.500000,20.375000,3125.000000,100.000000,100.000000,100.000000,0.250000,ns3-simulated/trace-derived
c1-zipf,Zipf 48/24/16/12,dst4,20.500000,20.750000,20.625000,3125.000000,100.000000,100.000000,100.000000,0.250000,ns3-simulated/trace-derived
c1-zipf,Zipf 48/24/16/12,dst4,20.750000,21.000000,20.875000,3125.000000,100.000000,100.000000,100.000000,0.250000,ns3-simulated/trace-derived
c1-zipf,Zipf 48/24/16/12,dst4,21.000000,21.250000,21.125000,3125.000000,100.000000,100.000000,100.000000,0.250000,ns3-simulated/trace-derived
c1-zipf,Zipf 48/24/16/12,dst4,21.250000,21.500000,21.375000,3125.000000,100.000000,100.000000,100.000000,0.250000,ns3-simulated/trace-derived
c1-zipf,Zipf 48/24/16/12,dst4,21.500000,21.750000,21.625000,3125.000000,100.000000,100.000000,100.000000,0.250000,ns3-simulated/trace-derived
c1-zipf,Zipf 48/24/16/12,dst4,21.750000,22.000000,21.875000,3125.000000,100.000000,100.000000,100.000000,0.250000,ns3-simulated/trace-derived
c1-zipf,Zipf 48/24/16/12,dst4,22.000000,22.250000,22.125000,3125.000000,100.000000,100.000000,100.000000,0.250000,ns3-simulated/trace-derived
c1-zipf,Zipf 48/24/16/12,dst4,22.250000,22.500000,22.375000,3125.000000,100.000000,100.000000,100.000000,0.250000,ns3-simulated/trace-derived
c1-zipf,Zipf 48/24/16/12,dst4,22.500000,22.750000,22.625000,3125.000000,100.000000,100.000000,100.000000,0.250000,ns3-simulated/trace-derived
c1-zipf,Zipf 48/24/16/12,dst4,22.750000,23.000000,22.875000,3125.000000,100.000000,100.000000,100.000000,0.250000,ns3-simulated/trace-derived
c1-zipf,Zipf 48/24/16/12,dst4,23.000000,23.250000,23.125000,3125.000000,100.000000,100.000000,100.000000,0.250000,ns3-simulated/trace-derived
c1-zipf,Zipf 48/24/16/12,dst4,23.250000,23.500000,23.375000,3125.000000,100.000000,100.000000,100.000000,0.250000,ns3-simulated/trace-derived
c1-zipf,Zipf 48/24/16/12,dst4,23.500000,23.750000,23.625000,3125.000000,100.000000,100.000000,100.000000,0.250000,ns3-simulated/trace-derived
c1-zipf,Zipf 48/24/16/12,dst4,23.750000,24.000000,23.875000,3125.000000,100.000000,100.000000,100.000000,0.250000,ns3-simulated/trace-derived
c1-zipf,Zipf 48/24/16/12,dst4,24.000000,24.250000,24.125000,3125.000000,100.000000,100.000000,100.000000,0.250000,ns3-simulated/trace-derived
c1-zipf,Zipf 48/24/16/12,dst4,24.250000,24.500000,24.375000,3125.000000,100.000000,100.000000,100.000000,0.250000,ns3-simulated/trace-derived
c1-zipf,Zipf 48/24/16/12,dst4,24.500000,24.750000,24.625000,3125.000000,100.000000,100.000000,100.000000,0.250000,ns3-simulated/trace-derived
c1-zipf,Zipf 48/24/16/12,dst4,24.750000,25.000000,24.875000,3125.000000,100.000000,100.000000,100.000000,0.250000,ns3-simulated/trace-derived
c1-zipf,Zipf 48/24/16/12,dst4,25.000000,25.250000,25.125000,3125.000000,100.000000,100.000000,100.000000,0.250000,ns3-simulated/trace-derived
c1-zipf,Zipf 48/24/16/12,dst4,25.250000,25.500000,25.375000,3125.000000,100.000000,100.000000,100.000000,0.250000,ns3-simulated/trace-derived
c1-zipf,Zipf 48/24/16/12,dst4,25.500000,25.750000,25.625000,3125.000000,100.000000,100.000000,100.000000,0.250000,ns3-simulated/trace-derived
c1-zipf,Zipf 48/24/16/12,dst4,25.750000,26.000000,25.875000,3125.000000,100.000000,100.000000,100.000000,0.250000,ns3-simulated/trace-derived
c1-zipf,Zipf 48/24/16/12,dst4,26.000000,26.250000,26.125000,3125.000000,100.000000,100.000000,100.000000,0.250000,ns3-simulated/trace-derived
c1-zipf,Zipf 48/24/16/12,dst4,26.250000,26.500000,26.375000,3125.000000,100.000000,100.000000,100.000000,0.250000,ns3-simulated/trace-derived
c1-zipf,Zipf 48/24/16/12,dst4,26.500000,26.750000,26.625000,3125.000000,100.000000,100.000000,100.000000,0.250000,ns3-simulated/trace-derived
c1-zipf,Zipf 48/24/16/12,dst4,26.750000,27.000000,26.875000,3125.000000,100.000000,100.000000,100.000000,0.250000,ns3-simulated/trace-derived
c1-zipf,Zipf 48/24/16/12,dst4,27.000000,27.250000,27.125000,3125.000000,100.000000,100.000000,100.000000,0.250000,ns3-simulated/trace-derived
c1-zipf,Zipf 48/24/16/12,dst4,27.250000,27.500000,27.375000,3125.000000,100.000000,100.000000,100.000000,0.250000,ns3-simulated/trace-derived
c1-zipf,Zipf 48/24/16/12,dst4,27.500000,27.750000,27.625000,3125.000000,100.000000,100.000000,100.000000,0.250000,ns3-simulated/trace-derived
c1-zipf,Zipf 48/24/16/12,dst4,27.750000,28.000000,27.875000,3125.000000,100.000000,100.000000,100.000000,0.250000,ns3-simulated/trace-derived
c1-zipf,Zipf 48/24/16/12,dst4,28.000000,28.250000,28.125000,3125.000000,100.000000,100.000000,100.000000,0.250000,ns3-simulated/trace-derived
c1-zipf,Zipf 48/24/16/12,dst4,28.250000,28.500000,28.375000,3125.000000,100.000000,100.000000,100.000000,0.250000,ns3-simulated/trace-derived
c1-zipf,Zipf 48/24/16/12,dst4,28.500000,28.750000,28.625000,3125.000000,100.000000,100.000000,100.000000,0.250000,ns3-simulated/trace-derived
c1-zipf,Zipf 48/24/16/12,dst4,28.750000,29.000000,28.875000,3125.000000,100.000000,100.000000,100.000000,0.250000,ns3-simulated/trace-derived
c1-zipf,Zipf 48/24/16/12,dst4,29.000000,29.250000,29.125000,3125.000000,100.000000,100.000000,100.000000,0.250000,ns3-simulated/trace-derived
c1-zipf,Zipf 48/24/16/12,dst4,29.250000,29.500000,29.375000,3125.000000,100.000000,100.000000,100.000000,0.250000,ns3-simulated/trace-derived
c1-zipf,Zipf 48/24/16/12,dst4,29.500000,29.750000,29.625000,3125.000000,100.000000,100.000000,100.000000,0.250000,ns3-simulated/trace-derived
c1-zipf,Zipf 48/24/16/12,dst4,29.750000,30.000000,29.875000,3125.000000,100.000000,100.000000,100.000000,0.250000,ns3-simulated/trace-derived
c1-zipf,Zipf 48/24/16/12,dst4,30.000000,30.250000,30.125000,3125.000000,100.000000,100.000000,100.000000,0.250000,ns3-simulated/trace-derived
c1-zipf,Zipf 48/24/16/12,dst4,30.250000,30.500000,30.375000,3125.000000,100.000000,100.000000,100.000000,0.250000,ns3-simulated/trace-derived
c1-zipf,Zipf 48/24/16/12,dst4,30.500000,30.750000,30.625000,3125.000000,100.000000,100.000000,100.000000,0.250000,ns3-simulated/trace-derived
c1-zipf,Zipf 48/24/16/12,dst4,30.750000,31.000000,30.875000,3125.000000,100.000000,100.000000,100.000000,0.250000,ns3-simulated/trace-derived
c1-zipf,Zipf 48/24/16/12,dst4,31.000000,31.250000,31.125000,3125.000000,100.000000,100.000000,100.000000,0.250000,ns3-simulated/trace-derived
c1-zipf,Zipf 48/24/16/12,dst4,31.250000,31.500000,31.375000,3125.000000,100.000000,100.000000,100.000000,0.250000,ns3-simulated/trace-derived
c1-zipf,Zipf 48/24/16/12,dst4,31.500000,31.750000,31.625000,3125.000000,100.000000,100.000000,100.000000,0.250000,ns3-simulated/trace-derived
c1-zipf,Zipf 48/24/16/12,dst4,31.750000,32.000000,31.875000,3125.000000,100.000000,100.000000,100.000000,0.250000,ns3-simulated/trace-derived
c1-zipf,Zipf 48/24/16/12,dst4,32.000000,32.250000,32.125000,3125.000000,100.000000,100.000000,100.000000,0.250000,ns3-simulated/trace-derived
c1-zipf,Zipf 48/24/16/12,dst4,32.250000,32.500000,32.375000,3125.000000,100.000000,100.000000,100.000000,0.250000,ns3-simulated/trace-derived
c1-zipf,Zipf 48/24/16/12,dst4,32.500000,32.750000,32.625000,3125.000000,100.000000,100.000000,100.000000,0.250000,ns3-simulated/trace-derived
c1-zipf,Zipf 48/24/16/12,dst4,32.750000,33.000000,32.875000,3125.000000,100.000000,100.000000,100.000000,0.250000,ns3-simulated/trace-derived
c1-zipf,Zipf 48/24/16/12,dst4,33.000000,33.250000,33.125000,3125.000000,100.000000,100.000000,100.000000,0.250000,ns3-simulated/trace-derived
c1-zipf,Zipf 48/24/16/12,dst4,33.250000,33.500000,33.375000,3125.000000,100.000000,100.000000,100.000000,0.250000,ns3-simulated/trace-derived
c1-zipf,Zipf 48/24/16/12,dst4,33.500000,33.750000,33.625000,3125.000000,100.000000,100.000000,100.000000,0.250000,ns3-simulated/trace-derived
c1-zipf,Zipf 48/24/16/12,dst4,33.750000,34.000000,33.875000,3125.000000,100.000000,100.000000,100.000000,0.250000,ns3-simulated/trace-derived
c1-zipf,Zipf 48/24/16/12,dst4,34.000000,34.250000,34.125000,3125.000000,100.000000,100.000000,100.000000,0.250000,ns3-simulated/trace-derived
c1-zipf,Zipf 48/24/16/12,dst4,34.250000,34.500000,34.375000,3125.000000,100.000000,100.000000,100.000000,0.250000,ns3-simulated/trace-derived
c1-zipf,Zipf 48/24/16/12,dst4,34.500000,34.750000,34.625000,3125.000000,100.000000,100.000000,100.000000,0.250000,ns3-simulated/trace-derived
c1-zipf,Zipf 48/24/16/12,dst4,34.750000,35.000000,34.875000,3125.000000,100.000000,100.000000,100.000000,0.250000,ns3-simulated/trace-derived
c1-zipf,Zipf 48/24/16/12,dst4,35.000000,35.250000,35.125000,3125.000000,100.000000,100.000000,100.000000,0.250000,ns3-simulated/trace-derived
c1-zipf,Zipf 48/24/16/12,dst4,35.250000,35.500000,35.375000,3125.000000,100.000000,100.000000,100.000000,0.250000,ns3-simulated/trace-derived
c1-zipf,Zipf 48/24/16/12,dst4,35.500000,35.750000,35.625000,3125.000000,100.000000,100.000000,100.000000,0.250000,ns3-simulated/trace-derived
c1-zipf,Zipf 48/24/16/12,dst4,35.750000,36.000000,35.875000,3125.000000,100.000000,100.000000,100.000000,0.250000,ns3-simulated/trace-derived
c1-zipf,Zipf 48/24/16/12,dst4,36.000000,36.250000,36.125000,3125.000000,100.000000,100.000000,100.000000,0.250000,ns3-simulated/trace-derived
c1-zipf,Zipf 48/24/16/12,dst4,36.250000,36.500000,36.375000,3125.000000,100.000000,100.000000,100.000000,0.250000,ns3-simulated/trace-derived
c1-zipf,Zipf 48/24/16/12,dst4,36.500000,36.750000,36.625000,3125.000000,100.000000,100.000000,100.000000,0.250000,ns3-simulated/trace-derived
c1-zipf,Zipf 48/24/16/12,dst4,36.750000,37.000000,36.875000,3125.000000,100.000000,100.000000,100.000000,0.250000,ns3-simulated/trace-derived
c1-zipf,Zipf 48/24/16/12,dst4,37.000000,37.250000,37.125000,3125.000000,100.000000,100.000000,100.000000,0.250000,ns3-simulated/trace-derived
c1-zipf,Zipf 48/24/16/12,dst4,37.250000,37.500000,37.375000,3125.000000,100.000000,100.000000,100.000000,0.250000,ns3-simulated/trace-derived
c1-zipf,Zipf 48/24/16/12,dst4,37.500000,37.750000,37.625000,3125.000000,100.000000,100.000000,100.000000,0.250000,ns3-simulated/trace-derived
c1-zipf,Zipf 48/24/16/12,dst4,37.750000,38.000000,37.875000,3125.000000,100.000000,100.000000,100.000000,0.250000,ns3-simulated/trace-derived
c1-zipf,Zipf 48/24/16/12,dst4,38.000000,38.250000,38.125000,3125.000000,100.000000,100.000000,100.000000,0.250000,ns3-simulated/trace-derived
c1-zipf,Zipf 48/24/16/12,dst4,38.250000,38.500000,38.375000,3125.000000,100.000000,100.000000,100.000000,0.250000,ns3-simulated/trace-derived
c1-zipf,Zipf 48/24/16/12,dst4,38.500000,38.750000,38.625000,3125.000000,100.000000,100.000000,100.000000,0.250000,ns3-simulated/trace-derived
c1-zipf,Zipf 48/24/16/12,dst4,38.750000,39.000000,38.875000,3125.000000,100.000000,100.000000,100.000000,0.250000,ns3-simulated/trace-derived
c1-zipf,Zipf 48/24/16/12,dst4,39.000000,39.250000,39.125000,3125.000000,100.000000,100.000000,100.000000,0.250000,ns3-simulated/trace-derived
c1-zipf,Zipf 48/24/16/12,dst4,39.250000,39.500000,39.375000,3125.000000,100.000000,100.000000,100.000000,0.250000,ns3-simulated/trace-derived
c1-zipf,Zipf 48/24/16/12,dst4,39.500000,39.750000,39.625000,3125.000000,100.000000,100.000000,100.000000,0.250000,ns3-simulated/trace-derived
c1-zipf,Zipf 48/24/16/12,dst4,39.750000,40.000000,39.875000,3125.000000,100.000000,100.000000,100.000000,0.250000,ns3-simulated/trace-derived
c1-zipf,Zipf 48/24/16/12,dst4,40.000000,40.250000,40.125000,3125.000000,100.000000,100.000000,100.000000,0.250000,ns3-simulated/trace-derived
c1-zipf,Zipf 48/24/16/12,dst4,40.250000,40.500000,40.375000,3125.000000,100.000000,100.000000,100.000000,0.250000,ns3-simulated/trace-derived
c1-zipf,Zipf 48/24/16/12,dst4,40.500000,40.750000,40.625000,3072.000000,98.304000,98.304000,100.000000,0.250000,ns3-simulated/trace-derived
c1-zipf,Zipf 48/24/16/12,dst4,40.750000,41.000000,40.875000,3053.000000,97.696000,97.696000,100.000000,0.250000,ns3-simulated/trace-derived
c1-zipf,Zipf 48/24/16/12,dst4,41.000000,41.250000,41.125000,3125.000000,100.000000,100.000000,100.000000,0.250000,ns3-simulated/trace-derived
c1-zipf,Zipf 48/24/16/12,dst4,41.250000,41.500000,41.375000,3125.000000,100.000000,100.000000,100.000000,0.250000,ns3-simulated/trace-derived
c1-zipf,Zipf 48/24/16/12,dst4,41.500000,41.750000,41.625000,3125.000000,100.000000,100.000000,100.000000,0.250000,ns3-simulated/trace-derived
c1-zipf,Zipf 48/24/16/12,dst4,41.750000,42.000000,41.875000,3000.000000,96.000000,96.000000,100.000000,0.250000,ns3-simulated/trace-derived
c1-zipf,Zipf 48/24/16/12,dst4,42.000000,42.250000,42.125000,3125.000000,100.000000,100.000000,100.000000,0.250000,ns3-simulated/trace-derived
c1-zipf,Zipf 48/24/16/12,dst4,42.250000,42.500000,42.375000,3125.000000,100.000000,100.000000,100.000000,0.250000,ns3-simulated/trace-derived
c1-zipf,Zipf 48/24/16/12,dst4,42.500000,42.750000,42.625000,3125.000000,100.000000,100.000000,100.000000,0.250000,ns3-simulated/trace-derived
c1-zipf,Zipf 48/24/16/12,dst4,42.750000,43.000000,42.875000,3000.000000,96.000000,96.000000,100.000000,0.250000,ns3-simulated/trace-derived
c1-zipf,Zipf 48/24/16/12,dst4,43.000000,43.250000,43.125000,3125.000000,100.000000,100.000000,100.000000,0.250000,ns3-simulated/trace-derived
c1-zipf,Zipf 48/24/16/12,dst4,43.250000,43.500000,43.375000,3125.000000,100.000000,100.000000,100.000000,0.250000,ns3-simulated/trace-derived
c1-zipf,Zipf 48/24/16/12,dst4,43.500000,43.750000,43.625000,3125.000000,100.000000,100.000000,100.000000,0.250000,ns3-simulated/trace-derived
c1-zipf,Zipf 48/24/16/12,dst4,43.750000,44.000000,43.875000,3125.000000,100.000000,100.000000,100.000000,0.250000,ns3-simulated/trace-derived
c1-zipf,Zipf 48/24/16/12,dst4,44.000000,44.250000,44.125000,3125.000000,100.000000,100.000000,100.000000,0.250000,ns3-simulated/trace-derived
c1-zipf,Zipf 48/24/16/12,dst4,44.250000,44.500000,44.375000,764.000000,24.448000,24.448000,100.000000,0.250000,ns3-simulated/trace-derived
c1-zipf,Zipf 48/24/16/12,dst4,44.500000,44.750000,44.625000,0.000000,0.000000,0.000000,100.000000,0.250000,ns3-simulated/trace-derived
c1-zipf,Zipf 48/24/16/12,dst4,44.750000,45.000000,44.875000,0.000000,0.000000,0.000000,100.000000,0.250000,ns3-simulated/trace-derived
c1-zipf,Zipf 48/24/16/12,dst4,45.000000,45.250000,45.125000,0.000000,0.000000,0.000000,100.000000,0.250000,ns3-simulated/trace-derived
c1-zipf,Zipf 48/24/16/12,dst4,45.250000,45.500000,45.375000,0.000000,0.000000,0.000000,100.000000,0.250000,ns3-simulated/trace-derived
c1-zipf,Zipf 48/24/16/12,dst4,45.500000,45.750000,45.625000,0.000000,0.000000,0.000000,100.000000,0.250000,ns3-simulated/trace-derived
c1-zipf,Zipf 48/24/16/12,dst4,45.750000,46.000000,45.875000,0.000000,0.000000,0.000000,100.000000,0.250000,ns3-simulated/trace-derived
c1-zipf,Zipf 48/24/16/12,dst4,46.000000,46.250000,46.125000,0.000000,0.000000,0.000000,100.000000,0.250000,ns3-simulated/trace-derived
c1-zipf,Zipf 48/24/16/12,dst4,46.250000,46.500000,46.375000,0.000000,0.000000,0.000000,100.000000,0.250000,ns3-simulated/trace-derived
c1-zipf,Zipf 48/24/16/12,dst4,46.500000,46.750000,46.625000,0.000000,0.000000,0.000000,100.000000,0.250000,ns3-simulated/trace-derived
c1-zipf,Zipf 48/24/16/12,dst4,46.750000,47.000000,46.875000,0.000000,0.000000,0.000000,100.000000,0.250000,ns3-simulated/trace-derived
c1-zipf,Zipf 48/24/16/12,dst4,47.000000,47.250000,47.125000,0.000000,0.000000,0.000000,100.000000,0.250000,ns3-simulated/trace-derived
c1-zipf,Zipf 48/24/16/12,dst4,47.250000,47.500000,47.375000,0.000000,0.000000,0.000000,100.000000,0.250000,ns3-simulated/trace-derived
c1-zipf,Zipf 48/24/16/12,dst4,47.500000,47.750000,47.625000,0.000000,0.000000,0.000000,100.000000,0.250000,ns3-simulated/trace-derived
c1-zipf,Zipf 48/24/16/12,dst4,47.750000,48.000000,47.875000,0.000000,0.000000,0.000000,100.000000,0.250000,ns3-simulated/trace-derived
c1-zipf,Zipf 48/24/16/12,dst4,48.000000,48.250000,48.125000,0.000000,0.000000,0.000000,100.000000,0.250000,ns3-simulated/trace-derived
c1-zipf,Zipf 48/24/16/12,dst4,48.250000,48.500000,48.375000,0.000000,0.000000,0.000000,100.000000,0.250000,ns3-simulated/trace-derived
c1-zipf,Zipf 48/24/16/12,dst4,48.500000,48.750000,48.625000,0.000000,0.000000,0.000000,100.000000,0.250000,ns3-simulated/trace-derived
c1-zipf,Zipf 48/24/16/12,dst4,48.750000,49.000000,48.875000,0.000000,0.000000,0.000000,100.000000,0.250000,ns3-simulated/trace-derived
c1-zipf,Zipf 48/24/16/12,dst4,49.000000,49.250000,49.125000,0.000000,0.000000,0.000000,100.000000,0.250000,ns3-simulated/trace-derived
c1-zipf,Zipf 48/24/16/12,dst4,49.250000,49.500000,49.375000,0.000000,0.000000,0.000000,100.000000,0.250000,ns3-simulated/trace-derived
c1-zipf,Zipf 48/24/16/12,dst4,49.500000,49.750000,49.625000,0.000000,0.000000,0.000000,100.000000,0.250000,ns3-simulated/trace-derived
c1-zipf,Zipf 48/24/16/12,dst4,49.750000,50.000000,49.875000,0.000000,0.000000,0.000000,100.000000,0.250000,ns3-simulated/trace-derived
c1-zipf,Zipf 48/24/16/12,dst4,50.000000,50.250000,50.125000,0.000000,0.000000,0.000000,100.000000,0.250000,ns3-simulated/trace-derived
c1-zipf,Zipf 48/24/16/12,dst4,50.250000,50.500000,50.375000,0.000000,0.000000,0.000000,100.000000,0.250000,ns3-simulated/trace-derived
c1-zipf,Zipf 48/24/16/12,dst4,50.500000,50.750000,50.625000,0.000000,0.000000,0.000000,100.000000,0.250000,ns3-simulated/trace-derived
c1-zipf,Zipf 48/24/16/12,dst4,50.750000,51.000000,50.875000,0.000000,0.000000,0.000000,100.000000,0.250000,ns3-simulated/trace-derived
c1-zipf,Zipf 48/24/16/12,dst4,51.000000,51.250000,51.125000,0.000000,0.000000,0.000000,100.000000,0.250000,ns3-simulated/trace-derived
c1-zipf,Zipf 48/24/16/12,dst4,51.250000,51.500000,51.375000,0.000000,0.000000,0.000000,100.000000,0.250000,ns3-simulated/trace-derived
c1-zipf,Zipf 48/24/16/12,dst4,51.500000,51.750000,51.625000,0.000000,0.000000,0.000000,100.000000,0.250000,ns3-simulated/trace-derived
c1-zipf,Zipf 48/24/16/12,dst4,51.750000,52.000000,51.875000,0.000000,0.000000,0.000000,100.000000,0.250000,ns3-simulated/trace-derived
c1-zipf,Zipf 48/24/16/12,dst4,52.000000,52.250000,52.125000,0.000000,0.000000,0.000000,100.000000,0.250000,ns3-simulated/trace-derived
c1-zipf,Zipf 48/24/16/12,dst4,52.250000,52.500000,52.375000,0.000000,0.000000,0.000000,100.000000,0.250000,ns3-simulated/trace-derived
c1-zipf,Zipf 48/24/16/12,dst4,52.500000,52.750000,52.625000,0.000000,0.000000,0.000000,100.000000,0.250000,ns3-simulated/trace-derived
c1-zipf,Zipf 48/24/16/12,dst4,52.750000,53.000000,52.875000,0.000000,0.000000,0.000000,100.000000,0.250000,ns3-simulated/trace-derived
c1-zipf,Zipf 48/24/16/12,dst4,53.000000,53.250000,53.125000,0.000000,0.000000,0.000000,100.000000,0.250000,ns3-simulated/trace-derived
c1-zipf,Zipf 48/24/16/12,dst4,53.250000,53.500000,53.375000,0.000000,0.000000,0.000000,100.000000,0.250000,ns3-simulated/trace-derived
c1-zipf,Zipf 48/24/16/12,dst4,53.500000,53.750000,53.625000,0.000000,0.000000,0.000000,100.000000,0.250000,ns3-simulated/trace-derived
c1-zipf,Zipf 48/24/16/12,dst4,53.750000,54.000000,53.875000,0.000000,0.000000,0.000000,100.000000,0.250000,ns3-simulated/trace-derived
c1-zipf,Zipf 48/24/16/12,dst4,54.000000,54.250000,54.125000,0.000000,0.000000,0.000000,100.000000,0.250000,ns3-simulated/trace-derived
c1-zipf,Zipf 48/24/16/12,dst4,54.250000,54.500000,54.375000,0.000000,0.000000,0.000000,100.000000,0.250000,ns3-simulated/trace-derived
c1-zipf,Zipf 48/24/16/12,dst4,54.500000,54.750000,54.625000,0.000000,0.000000,0.000000,100.000000,0.250000,ns3-simulated/trace-derived
c1-zipf,Zipf 48/24/16/12,dst4,54.750000,55.000000,54.875000,0.000000,0.000000,0.000000,100.000000,0.250000,ns3-simulated/trace-derived
c1-zipf,Zipf 48/24/16/12,dst4,55.000000,55.250000,55.125000,0.000000,0.000000,0.000000,100.000000,0.250000,ns3-simulated/trace-derived
c1-zipf,Zipf 48/24/16/12,dst4,55.250000,55.500000,55.375000,0.000000,0.000000,0.000000,100.000000,0.250000,ns3-simulated/trace-derived
c1-zipf,Zipf 48/24/16/12,dst4,55.500000,55.750000,55.625000,0.000000,0.000000,0.000000,100.000000,0.250000,ns3-simulated/trace-derived
c1-zipf,Zipf 48/24/16/12,dst4,55.750000,56.000000,55.875000,0.000000,0.000000,0.000000,100.000000,0.250000,ns3-simulated/trace-derived
c1-zipf,Zipf 48/24/16/12,dst4,56.000000,56.250000,56.125000,0.000000,0.000000,0.000000,100.000000,0.250000,ns3-simulated/trace-derived
c1-zipf,Zipf 48/24/16/12,dst4,56.250000,56.500000,56.375000,0.000000,0.000000,0.000000,100.000000,0.250000,ns3-simulated/trace-derived
c1-zipf,Zipf 48/24/16/12,dst4,56.500000,56.750000,56.625000,0.000000,0.000000,0.000000,100.000000,0.250000,ns3-simulated/trace-derived
c1-zipf,Zipf 48/24/16/12,dst4,56.750000,57.000000,56.875000,0.000000,0.000000,0.000000,100.000000,0.250000,ns3-simulated/trace-derived
c1-zipf,Zipf 48/24/16/12,dst4,57.000000,57.250000,57.125000,0.000000,0.000000,0.000000,100.000000,0.250000,ns3-simulated/trace-derived
c1-zipf,Zipf 48/24/16/12,dst4,57.250000,57.500000,57.375000,0.000000,0.000000,0.000000,100.000000,0.250000,ns3-simulated/trace-derived
c1-zipf,Zipf 48/24/16/12,dst4,57.500000,57.750000,57.625000,0.000000,0.000000,0.000000,100.000000,0.250000,ns3-simulated/trace-derived
c1-zipf,Zipf 48/24/16/12,dst4,57.750000,58.000000,57.875000,0.000000,0.000000,0.000000,100.000000,0.250000,ns3-simulated/trace-derived
c1-zipf,Zipf 48/24/16/12,dst4,58.000000,58.250000,58.125000,0.000000,0.000000,0.000000,100.000000,0.250000,ns3-simulated/trace-derived
c1-zipf,Zipf 48/24/16/12,dst4,58.250000,58.500000,58.375000,0.000000,0.000000,0.000000,100.000000,0.250000,ns3-simulated/trace-derived
c1-zipf,Zipf 48/24/16/12,dst4,58.500000,58.750000,58.625000,0.000000,0.000000,0.000000,100.000000,0.250000,ns3-simulated/trace-derived
c1-zipf,Zipf 48/24/16/12,dst4,58.750000,59.000000,58.875000,0.000000,0.000000,0.000000,100.000000,0.250000,ns3-simulated/trace-derived
c1-zipf,Zipf 48/24/16/12,dst4,59.000000,59.250000,59.125000,0.000000,0.000000,0.000000,100.000000,0.250000,ns3-simulated/trace-derived
c1-zipf,Zipf 48/24/16/12,dst4,59.250000,59.500000,59.375000,0.000000,0.000000,0.000000,100.000000,0.250000,ns3-simulated/trace-derived
c1-zipf,Zipf 48/24/16/12,dst4,59.500000,59.750000,59.625000,0.000000,0.000000,0.000000,100.000000,0.250000,ns3-simulated/trace-derived
c1-zipf,Zipf 48/24/16/12,dst4,59.750000,60.000000,59.875000,0.000000,0.000000,0.000000,100.000000,0.250000,ns3-simulated/trace-derived
c1-zipf,Zipf 48/24/16/12,dst4,60.000000,60.250000,60.125000,0.000000,0.000000,0.000000,100.000000,0.250000,ns3-simulated/trace-derived
c1-zipf,Zipf 48/24/16/12,dst4,60.250000,60.500000,60.375000,0.000000,0.000000,0.000000,100.000000,0.250000,ns3-simulated/trace-derived
c1-zipf,Zipf 48/24/16/12,dst4,60.500000,60.750000,60.625000,0.000000,0.000000,0.000000,100.000000,0.250000,ns3-simulated/trace-derived
c1-zipf,Zipf 48/24/16/12,dst4,60.750000,61.000000,60.875000,0.000000,0.000000,0.000000,100.000000,0.250000,ns3-simulated/trace-derived
c1-zipf,Zipf 48/24/16/12,dst4,61.000000,61.250000,61.125000,0.000000,0.000000,0.000000,100.000000,0.250000,ns3-simulated/trace-derived
c1-zipf,Zipf 48/24/16/12,dst4,61.250000,61.500000,61.375000,0.000000,0.000000,0.000000,100.000000,0.250000,ns3-simulated/trace-derived
c1-zipf,Zipf 48/24/16/12,dst4,61.500000,61.750000,61.625000,0.000000,0.000000,0.000000,100.000000,0.250000,ns3-simulated/trace-derived
c1-zipf,Zipf 48/24/16/12,dst4,61.750000,62.000000,61.875000,0.000000,0.000000,0.000000,100.000000,0.250000,ns3-simulated/trace-derived
c1-zipf,Zipf 48/24/16/12,dst4,62.000000,62.250000,62.125000,0.000000,0.000000,0.000000,100.000000,0.250000,ns3-simulated/trace-derived
c1-zipf,Zipf 48/24/16/12,dst4,62.250000,62.500000,62.375000,0.000000,0.000000,0.000000,100.000000,0.250000,ns3-simulated/trace-derived
c1-zipf,Zipf 48/24/16/12,dst4,62.500000,62.750000,62.625000,0.000000,0.000000,0.000000,100.000000,0.250000,ns3-simulated/trace-derived
c1-zipf,Zipf 48/24/16/12,dst4,62.750000,63.000000,62.875000,0.000000,0.000000,0.000000,100.000000,0.250000,ns3-simulated/trace-derived
c1-zipf,Zipf 48/24/16/12,dst4,63.000000,63.250000,63.125000,0.000000,0.000000,0.000000,100.000000,0.250000,ns3-simulated/trace-derived
c1-zipf,Zipf 48/24/16/12,dst4,63.250000,63.500000,63.375000,0.000000,0.000000,0.000000,100.000000,0.250000,ns3-simulated/trace-derived
c1-zipf,Zipf 48/24/16/12,dst4,63.500000,63.750000,63.625000,0.000000,0.000000,0.000000,100.000000,0.250000,ns3-simulated/trace-derived
c1-zipf,Zipf 48/24/16/12,dst4,63.750000,64.000000,63.875000,0.000000,0.000000,0.000000,100.000000,0.250000,ns3-simulated/trace-derived
c1-zipf,Zipf 48/24/16/12,dst4,64.000000,64.250000,64.125000,0.000000,0.000000,0.000000,100.000000,0.250000,ns3-simulated/trace-derived
c1-zipf,Zipf 48/24/16/12,dst4,64.250000,64.500000,64.375000,0.000000,0.000000,0.000000,100.000000,0.250000,ns3-simulated/trace-derived
c1-zipf,Zipf 48/24/16/12,dst4,64.500000,64.750000,64.625000,0.000000,0.000000,0.000000,100.000000,0.250000,ns3-simulated/trace-derived
c1-zipf,Zipf 48/24/16/12,dst4,64.750000,65.000000,64.875000,0.000000,0.000000,0.000000,100.000000,0.250000,ns3-simulated/trace-derived
c1-zipf,Zipf 48/24/16/12,dst4,65.000000,65.250000,65.125000,0.000000,0.000000,0.000000,100.000000,0.250000,ns3-simulated/trace-derived
c1-zipf,Zipf 48/24/16/12,dst4,65.250000,65.500000,65.375000,0.000000,0.000000,0.000000,100.000000,0.250000,ns3-simulated/trace-derived
c1-zipf,Zipf 48/24/16/12,dst4,65.500000,65.750000,65.625000,0.000000,0.000000,0.000000,100.000000,0.250000,ns3-simulated/trace-derived
c1-zipf,Zipf 48/24/16/12,dst4,65.750000,66.000000,65.875000,0.000000,0.000000,0.000000,100.000000,0.250000,ns3-simulated/trace-derived
c1-zipf,Zipf 48/24/16/12,dst4,66.000000,66.250000,66.125000,0.000000,0.000000,0.000000,100.000000,0.250000,ns3-simulated/trace-derived
c1-zipf,Zipf 48/24/16/12,dst4,66.250000,66.500000,66.375000,0.000000,0.000000,0.000000,100.000000,0.250000,ns3-simulated/trace-derived
c1-zipf,Zipf 48/24/16/12,dst4,66.500000,66.750000,66.625000,0.000000,0.000000,0.000000,100.000000,0.250000,ns3-simulated/trace-derived
c1-zipf,Zipf 48/24/16/12,dst4,66.750000,67.000000,66.875000,0.000000,0.000000,0.000000,100.000000,0.250000,ns3-simulated/trace-derived
c1-zipf,Zipf 48/24/16/12,dst4,67.000000,67.250000,67.125000,0.000000,0.000000,0.000000,100.000000,0.250000,ns3-simulated/trace-derived
c1-zipf,Zipf 48/24/16/12,dst4,67.250000,67.500000,67.375000,0.000000,0.000000,0.000000,100.000000,0.250000,ns3-simulated/trace-derived
c1-zipf,Zipf 48/24/16/12,dst4,67.500000,67.750000,67.625000,0.000000,0.000000,0.000000,100.000000,0.250000,ns3-simulated/trace-derived
c1-zipf,Zipf 48/24/16/12,dst4,67.750000,68.000000,67.875000,0.000000,0.000000,0.000000,100.000000,0.250000,ns3-simulated/trace-derived
c1-zipf,Zipf 48/24/16/12,dst4,68.000000,68.250000,68.125000,0.000000,0.000000,0.000000,100.000000,0.250000,ns3-simulated/trace-derived
c1-zipf,Zipf 48/24/16/12,dst4,68.250000,68.500000,68.375000,0.000000,0.000000,0.000000,100.000000,0.250000,ns3-simulated/trace-derived
c1-zipf,Zipf 48/24/16/12,dst4,68.500000,68.750000,68.625000,0.000000,0.000000,0.000000,100.000000,0.250000,ns3-simulated/trace-derived
c1-zipf,Zipf 48/24/16/12,dst4,68.750000,69.000000,68.875000,0.000000,0.000000,0.000000,100.000000,0.250000,ns3-simulated/trace-derived
c1-zipf,Zipf 48/24/16/12,dst4,69.000000,69.250000,69.125000,0.000000,0.000000,0.000000,100.000000,0.250000,ns3-simulated/trace-derived
c1-zipf,Zipf 48/24/16/12,dst4,69.250000,69.500000,69.375000,0.000000,0.000000,0.000000,100.000000,0.250000,ns3-simulated/trace-derived
c1-zipf,Zipf 48/24/16/12,dst4,69.500000,69.750000,69.625000,0.000000,0.000000,0.000000,100.000000,0.250000,ns3-simulated/trace-derived
c1-zipf,Zipf 48/24/16/12,dst4,69.750000,70.000000,69.875000,0.000000,0.000000,0.000000,100.000000,0.250000,ns3-simulated/trace-derived
c1-zipf,Zipf 48/24/16/12,dst4,70.000000,70.250000,70.125000,0.000000,0.000000,0.000000,100.000000,0.250000,ns3-simulated/trace-derived
c1-zipf,Zipf 48/24/16/12,dst4,70.250000,70.500000,70.375000,0.000000,0.000000,0.000000,100.000000,0.250000,ns3-simulated/trace-derived
c1-zipf,Zipf 48/24/16/12,dst4,70.500000,70.750000,70.625000,0.000000,0.000000,0.000000,100.000000,0.250000,ns3-simulated/trace-derived
c1-zipf,Zipf 48/24/16/12,dst4,70.750000,71.000000,70.875000,0.000000,0.000000,0.000000,100.000000,0.250000,ns3-simulated/trace-derived
c1-zipf,Zipf 48/24/16/12,dst4,71.000000,71.250000,71.125000,0.000000,0.000000,0.000000,100.000000,0.250000,ns3-simulated/trace-derived
c1-zipf,Zipf 48/24/16/12,dst4,71.250000,71.500000,71.375000,0.000000,0.000000,0.000000,100.000000,0.250000,ns3-simulated/trace-derived
c1-zipf,Zipf 48/24/16/12,dst4,71.500000,71.750000,71.625000,0.000000,0.000000,0.000000,100.000000,0.250000,ns3-simulated/trace-derived
c1-zipf,Zipf 48/24/16/12,dst4,71.750000,72.000000,71.875000,0.000000,0.000000,0.000000,100.000000,0.250000,ns3-simulated/trace-derived
c1-zipf,Zipf 48/24/16/12,dst4,72.000000,72.250000,72.125000,0.000000,0.000000,0.000000,100.000000,0.250000,ns3-simulated/trace-derived
c1-zipf,Zipf 48/24/16/12,dst4,72.250000,72.500000,72.375000,0.000000,0.000000,0.000000,100.000000,0.250000,ns3-simulated/trace-derived
c1-zipf,Zipf 48/24/16/12,dst4,72.500000,72.750000,72.625000,0.000000,0.000000,0.000000,100.000000,0.250000,ns3-simulated/trace-derived
c1-zipf,Zipf 48/24/16/12,dst4,72.750000,73.000000,72.875000,0.000000,0.000000,0.000000,100.000000,0.250000,ns3-simulated/trace-derived
c1-zipf,Zipf 48/24/16/12,dst4,73.000000,73.250000,73.125000,0.000000,0.000000,0.000000,100.000000,0.250000,ns3-simulated/trace-derived
c1-zipf,Zipf 48/24/16/12,dst4,73.250000,73.500000,73.375000,0.000000,0.000000,0.000000,100.000000,0.250000,ns3-simulated/trace-derived
c1-zipf,Zipf 48/24/16/12,dst4,73.500000,73.750000,73.625000,0.000000,0.000000,0.000000,100.000000,0.250000,ns3-simulated/trace-derived
c1-zipf,Zipf 48/24/16/12,dst4,73.750000,74.000000,73.875000,0.000000,0.000000,0.000000,100.000000,0.250000,ns3-simulated/trace-derived
c1-zipf,Zipf 48/24/16/12,dst4,74.000000,74.250000,74.125000,0.000000,0.000000,0.000000,100.000000,0.250000,ns3-simulated/trace-derived
c1-zipf,Zipf 48/24/16/12,dst4,74.250000,74.500000,74.375000,0.000000,0.000000,0.000000,100.000000,0.250000,ns3-simulated/trace-derived
c1-zipf,Zipf 48/24/16/12,dst4,74.500000,74.750000,74.625000,0.000000,0.000000,0.000000,100.000000,0.250000,ns3-simulated/trace-derived
c1-zipf,Zipf 48/24/16/12,dst4,74.750000,75.000000,74.875000,0.000000,0.000000,0.000000,100.000000,0.250000,ns3-simulated/trace-derived
c1-zipf,Zipf 48/24/16/12,dst4,75.000000,75.250000,75.125000,0.000000,0.000000,0.000000,100.000000,0.250000,ns3-simulated/trace-derived
c1-zipf,Zipf 48/24/16/12,dst4,75.250000,75.500000,75.375000,0.000000,0.000000,0.000000,100.000000,0.250000,ns3-simulated/trace-derived
c1-zipf,Zipf 48/24/16/12,dst4,75.500000,75.750000,75.625000,0.000000,0.000000,0.000000,100.000000,0.250000,ns3-simulated/trace-derived
c1-zipf,Zipf 48/24/16/12,dst4,75.750000,76.000000,75.875000,0.000000,0.000000,0.000000,100.000000,0.250000,ns3-simulated/trace-derived
c1-zipf,Zipf 48/24/16/12,dst4,76.000000,76.250000,76.125000,0.000000,0.000000,0.000000,100.000000,0.250000,ns3-simulated/trace-derived
c1-zipf,Zipf 48/24/16/12,dst4,76.250000,76.500000,76.375000,0.000000,0.000000,0.000000,100.000000,0.250000,ns3-simulated/trace-derived
c1-zipf,Zipf 48/24/16/12,dst4,76.500000,76.750000,76.625000,0.000000,0.000000,0.000000,100.000000,0.250000,ns3-simulated/trace-derived
c1-zipf,Zipf 48/24/16/12,dst4,76.750000,77.000000,76.875000,0.000000,0.000000,0.000000,100.000000,0.250000,ns3-simulated/trace-derived
c1-zipf,Zipf 48/24/16/12,dst4,77.000000,77.250000,77.125000,0.000000,0.000000,0.000000,100.000000,0.250000,ns3-simulated/trace-derived
c1-zipf,Zipf 48/24/16/12,dst4,77.250000,77.500000,77.375000,0.000000,0.000000,0.000000,100.000000,0.250000,ns3-simulated/trace-derived
c1-zipf,Zipf 48/24/16/12,dst4,77.500000,77.750000,77.625000,0.000000,0.000000,0.000000,100.000000,0.250000,ns3-simulated/trace-derived
c1-zipf,Zipf 48/24/16/12,dst4,77.750000,78.000000,77.875000,0.000000,0.000000,0.000000,100.000000,0.250000,ns3-simulated/trace-derived
c1-zipf,Zipf 48/24/16/12,dst4,78.000000,78.250000,78.125000,0.000000,0.000000,0.000000,100.000000,0.250000,ns3-simulated/trace-derived
c1-zipf,Zipf 48/24/16/12,dst4,78.250000,78.500000,78.375000,0.000000,0.000000,0.000000,100.000000,0.250000,ns3-simulated/trace-derived
c1-zipf,Zipf 48/24/16/12,dst4,78.500000,78.750000,78.625000,0.000000,0.000000,0.000000,100.000000,0.250000,ns3-simulated/trace-derived
c1-zipf,Zipf 48/24/16/12,dst4,78.750000,79.000000,78.875000,0.000000,0.000000,0.000000,100.000000,0.250000,ns3-simulated/trace-derived
c1-zipf,Zipf 48/24/16/12,dst4,79.000000,79.250000,79.125000,0.000000,0.000000,0.000000,100.000000,0.250000,ns3-simulated/trace-derived
c1-zipf,Zipf 48/24/16/12,dst4,79.250000,79.500000,79.375000,0.000000,0.000000,0.000000,100.000000,0.250000,ns3-simulated/trace-derived
c1-zipf,Zipf 48/24/16/12,dst4,79.500000,79.750000,79.625000,0.000000,0.000000,0.000000,100.000000,0.250000,ns3-simulated/trace-derived
c1-zipf,Zipf 48/24/16/12,dst4,79.750000,80.000000,79.875000,0.000000,0.000000,0.000000,100.000000,0.250000,ns3-simulated/trace-derived
c1-zipf,Zipf 48/24/16/12,dst4,80.000000,80.250000,80.125000,0.000000,0.000000,0.000000,100.000000,0.250000,ns3-simulated/trace-derived
c1-zipf,Zipf 48/24/16/12,dst4,80.250000,80.500000,80.375000,0.000000,0.000000,0.000000,100.000000,0.250000,ns3-simulated/trace-derived
c1-zipf,Zipf 48/24/16/12,dst4,80.500000,80.750000,80.625000,0.000000,0.000000,0.000000,100.000000,0.250000,ns3-simulated/trace-derived
c1-zipf,Zipf 48/24/16/12,dst4,80.750000,81.000000,80.875000,0.000000,0.000000,0.000000,100.000000,0.250000,ns3-simulated/trace-derived
c1-zipf,Zipf 48/24/16/12,dst4,81.000000,81.250000,81.125000,0.000000,0.000000,0.000000,100.000000,0.250000,ns3-simulated/trace-derived
c1-zipf,Zipf 48/24/16/12,dst4,81.250000,81.500000,81.375000,0.000000,0.000000,0.000000,100.000000,0.250000,ns3-simulated/trace-derived
c1-zipf,Zipf 48/24/16/12,dst4,81.500000,81.750000,81.625000,0.000000,0.000000,0.000000,100.000000,0.250000,ns3-simulated/trace-derived
c1-zipf,Zipf 48/24/16/12,dst4,81.750000,82.000000,81.875000,0.000000,0.000000,0.000000,100.000000,0.250000,ns3-simulated/trace-derived
c1-zipf,Zipf 48/24/16/12,dst4,82.000000,82.250000,82.125000,0.000000,0.000000,0.000000,100.000000,0.250000,ns3-simulated/trace-derived
c1-zipf,Zipf 48/24/16/12,dst4,82.250000,82.500000,82.375000,0.000000,0.000000,0.000000,100.000000,0.250000,ns3-simulated/trace-derived
c1-zipf,Zipf 48/24/16/12,dst4,82.500000,82.750000,82.625000,0.000000,0.000000,0.000000,100.000000,0.250000,ns3-simulated/trace-derived
c1-zipf,Zipf 48/24/16/12,dst4,82.750000,83.000000,82.875000,0.000000,0.000000,0.000000,100.000000,0.250000,ns3-simulated/trace-derived
c1-zipf,Zipf 48/24/16/12,dst4,83.000000,83.250000,83.125000,0.000000,0.000000,0.000000,100.000000,0.250000,ns3-simulated/trace-derived
c1-zipf,Zipf 48/24/16/12,dst4,83.250000,83.500000,83.375000,0.000000,0.000000,0.000000,100.000000,0.250000,ns3-simulated/trace-derived
c1-zipf,Zipf 48/24/16/12,dst4,83.500000,83.750000,83.625000,0.000000,0.000000,0.000000,100.000000,0.250000,ns3-simulated/trace-derived
c1-zipf,Zipf 48/24/16/12,dst4,83.750000,84.000000,83.875000,0.000000,0.000000,0.000000,100.000000,0.250000,ns3-simulated/trace-derived
c1-zipf,Zipf 48/24/16/12,dst4,84.000000,84.250000,84.125000,0.000000,0.000000,0.000000,100.000000,0.250000,ns3-simulated/trace-derived
c1-zipf,Zipf 48/24/16/12,dst4,84.250000,84.500000,84.375000,0.000000,0.000000,0.000000,100.000000,0.250000,ns3-simulated/trace-derived
c1-zipf,Zipf 48/24/16/12,dst4,84.500000,84.750000,84.625000,0.000000,0.000000,0.000000,100.000000,0.250000,ns3-simulated/trace-derived
c1-zipf,Zipf 48/24/16/12,dst4,84.750000,85.000000,84.875000,0.000000,0.000000,0.000000,100.000000,0.250000,ns3-simulated/trace-derived
c1-zipf,Zipf 48/24/16/12,dst4,85.000000,85.250000,85.125000,0.000000,0.000000,0.000000,100.000000,0.250000,ns3-simulated/trace-derived
c1-zipf,Zipf 48/24/16/12,dst4,85.250000,85.500000,85.375000,0.000000,0.000000,0.000000,100.000000,0.250000,ns3-simulated/trace-derived
c1-zipf,Zipf 48/24/16/12,dst4,85.500000,85.750000,85.625000,0.000000,0.000000,0.000000,100.000000,0.250000,ns3-simulated/trace-derived
c1-zipf,Zipf 48/24/16/12,dst4,85.750000,86.000000,85.875000,0.000000,0.000000,0.000000,100.000000,0.250000,ns3-simulated/trace-derived
c1-zipf,Zipf 48/24/16/12,dst4,86.000000,86.250000,86.125000,0.000000,0.000000,0.000000,100.000000,0.250000,ns3-simulated/trace-derived
c1-zipf,Zipf 48/24/16/12,dst4,86.250000,86.500000,86.375000,0.000000,0.000000,0.000000,100.000000,0.250000,ns3-simulated/trace-derived
c1-zipf,Zipf 48/24/16/12,dst4,86.500000,86.750000,86.625000,0.000000,0.000000,0.000000,100.000000,0.250000,ns3-simulated/trace-derived
c1-zipf,Zipf 48/24/16/12,dst4,86.750000,87.000000,86.875000,0.000000,0.000000,0.000000,100.000000,0.250000,ns3-simulated/trace-derived
c1-zipf,Zipf 48/24/16/12,dst4,87.000000,87.250000,87.125000,0.000000,0.000000,0.000000,100.000000,0.250000,ns3-simulated/trace-derived
c1-zipf,Zipf 48/24/16/12,dst4,87.250000,87.500000,87.375000,0.000000,0.000000,0.000000,100.000000,0.250000,ns3-simulated/trace-derived
c1-zipf,Zipf 48/24/16/12,dst4,87.500000,87.750000,87.625000,0.000000,0.000000,0.000000,100.000000,0.250000,ns3-simulated/trace-derived
c1-zipf,Zipf 48/24/16/12,dst4,87.750000,88.000000,87.875000,0.000000,0.000000,0.000000,100.000000,0.250000,ns3-simulated/trace-derived
c1-zipf,Zipf 48/24/16/12,dst4,88.000000,88.250000,88.125000,0.000000,0.000000,0.000000,100.000000,0.250000,ns3-simulated/trace-derived
c1-zipf,Zipf 48/24/16/12,dst4,88.250000,88.500000,88.375000,0.000000,0.000000,0.000000,100.000000,0.250000,ns3-simulated/trace-derived
c1-zipf,Zipf 48/24/16/12,dst4,88.500000,88.750000,88.625000,0.000000,0.000000,0.000000,100.000000,0.250000,ns3-simulated/trace-derived
c1-zipf,Zipf 48/24/16/12,dst4,88.750000,89.000000,88.875000,0.000000,0.000000,0.000000,100.000000,0.250000,ns3-simulated/trace-derived
c1-zipf,Zipf 48/24/16/12,dst4,89.000000,89.250000,89.125000,0.000000,0.000000,0.000000,100.000000,0.250000,ns3-simulated/trace-derived
c1-zipf,Zipf 48/24/16/12,dst4,89.250000,89.500000,89.375000,0.000000,0.000000,0.000000,100.000000,0.250000,ns3-simulated/trace-derived
c1-zipf,Zipf 48/24/16/12,dst4,89.500000,89.750000,89.625000,0.000000,0.000000,0.000000,100.000000,0.250000,ns3-simulated/trace-derived
c1-zipf,Zipf 48/24/16/12,dst4,89.750000,90.000000,89.875000,0.000000,0.000000,0.000000,100.000000,0.250000,ns3-simulated/trace-derived
c1-zipf,Zipf 48/24/16/12,dst4,90.000000,90.250000,90.125000,0.000000,0.000000,0.000000,100.000000,0.250000,ns3-simulated/trace-derived
c1-zipf,Zipf 48/24/16/12,dst4,90.250000,90.500000,90.375000,0.000000,0.000000,0.000000,100.000000,0.250000,ns3-simulated/trace-derived
c1-zipf,Zipf 48/24/16/12,dst4,90.500000,90.750000,90.625000,0.000000,0.000000,0.000000,100.000000,0.250000,ns3-simulated/trace-derived
c1-zipf,Zipf 48/24/16/12,dst4,90.750000,91.000000,90.875000,0.000000,0.000000,0.000000,100.000000,0.250000,ns3-simulated/trace-derived
c1-zipf,Zipf 48/24/16/12,dst4,91.000000,91.250000,91.125000,0.000000,0.000000,0.000000,100.000000,0.250000,ns3-simulated/trace-derived
c1-zipf,Zipf 48/24/16/12,dst4,91.250000,91.500000,91.375000,0.000000,0.000000,0.000000,100.000000,0.250000,ns3-simulated/trace-derived
c1-zipf,Zipf 48/24/16/12,dst4,91.500000,91.750000,91.625000,0.000000,0.000000,0.000000,100.000000,0.250000,ns3-simulated/trace-derived
c1-zipf,Zipf 48/24/16/12,dst4,91.750000,92.000000,91.875000,0.000000,0.000000,0.000000,100.000000,0.250000,ns3-simulated/trace-derived
c1-zipf,Zipf 48/24/16/12,dst4,92.000000,92.250000,92.125000,0.000000,0.000000,0.000000,100.000000,0.250000,ns3-simulated/trace-derived
c1-zipf,Zipf 48/24/16/12,dst4,92.250000,92.500000,92.375000,0.000000,0.000000,0.000000,100.000000,0.250000,ns3-simulated/trace-derived
c1-zipf,Zipf 48/24/16/12,dst4,92.500000,92.750000,92.625000,0.000000,0.000000,0.000000,100.000000,0.250000,ns3-simulated/trace-derived
c1-zipf,Zipf 48/24/16/12,dst4,92.750000,93.000000,92.875000,0.000000,0.000000,0.000000,100.000000,0.250000,ns3-simulated/trace-derived
c1-zipf,Zipf 48/24/16/12,dst4,93.000000,93.250000,93.125000,0.000000,0.000000,0.000000,100.000000,0.250000,ns3-simulated/trace-derived
c1-zipf,Zipf 48/24/16/12,dst4,93.250000,93.500000,93.375000,0.000000,0.000000,0.000000,100.000000,0.250000,ns3-simulated/trace-derived
c1-zipf,Zipf 48/24/16/12,dst4,93.500000,93.750000,93.625000,0.000000,0.000000,0.000000,100.000000,0.250000,ns3-simulated/trace-derived
c1-zipf,Zipf 48/24/16/12,dst4,93.750000,94.000000,93.875000,0.000000,0.000000,0.000000,100.000000,0.250000,ns3-simulated/trace-derived
c1-zipf,Zipf 48/24/16/12,dst4,94.000000,94.250000,94.125000,0.000000,0.000000,0.000000,100.000000,0.250000,ns3-simulated/trace-derived
c1-zipf,Zipf 48/24/16/12,dst4,94.250000,94.500000,94.375000,0.000000,0.000000,0.000000,100.000000,0.250000,ns3-simulated/trace-derived
c1-zipf,Zipf 48/24/16/12,dst4,94.500000,94.750000,94.625000,0.000000,0.000000,0.000000,100.000000,0.250000,ns3-simulated/trace-derived
c1-zipf,Zipf 48/24/16/12,dst4,94.750000,95.000000,94.875000,0.000000,0.000000,0.000000,100.000000,0.250000,ns3-simulated/trace-derived
c1-zipf,Zipf 48/24/16/12,dst4,95.000000,95.250000,95.125000,0.000000,0.000000,0.000000,100.000000,0.250000,ns3-simulated/trace-derived
c1-zipf,Zipf 48/24/16/12,dst5,0.000000,0.250000,0.125000,0.000000,0.000000,0.000000,100.000000,0.250000,ns3-simulated/trace-derived
c1-zipf,Zipf 48/24/16/12,dst5,0.250000,0.500000,0.375000,0.000000,0.000000,0.000000,100.000000,0.250000,ns3-simulated/trace-derived
c1-zipf,Zipf 48/24/16/12,dst5,0.500000,0.750000,0.625000,3020.000000,96.640000,96.640000,100.000000,0.250000,ns3-simulated/trace-derived
c1-zipf,Zipf 48/24/16/12,dst5,0.750000,1.000000,0.875000,1154.000000,36.928000,36.928000,100.000000,0.250000,ns3-simulated/trace-derived
c1-zipf,Zipf 48/24/16/12,dst5,1.000000,1.250000,1.125000,3009.000000,96.288000,96.288000,100.000000,0.250000,ns3-simulated/trace-derived
c1-zipf,Zipf 48/24/16/12,dst5,1.250000,1.500000,1.375000,3125.000000,100.000000,100.000000,100.000000,0.250000,ns3-simulated/trace-derived
c1-zipf,Zipf 48/24/16/12,dst5,1.500000,1.750000,1.625000,3125.000000,100.000000,100.000000,100.000000,0.250000,ns3-simulated/trace-derived
c1-zipf,Zipf 48/24/16/12,dst5,1.750000,2.000000,1.875000,3125.000000,100.000000,100.000000,100.000000,0.250000,ns3-simulated/trace-derived
c1-zipf,Zipf 48/24/16/12,dst5,2.000000,2.250000,2.125000,3125.000000,100.000000,100.000000,100.000000,0.250000,ns3-simulated/trace-derived
c1-zipf,Zipf 48/24/16/12,dst5,2.250000,2.500000,2.375000,3125.000000,100.000000,100.000000,100.000000,0.250000,ns3-simulated/trace-derived
c1-zipf,Zipf 48/24/16/12,dst5,2.500000,2.750000,2.625000,3125.000000,100.000000,100.000000,100.000000,0.250000,ns3-simulated/trace-derived
c1-zipf,Zipf 48/24/16/12,dst5,2.750000,3.000000,2.875000,3125.000000,100.000000,100.000000,100.000000,0.250000,ns3-simulated/trace-derived
c1-zipf,Zipf 48/24/16/12,dst5,3.000000,3.250000,3.125000,3125.000000,100.000000,100.000000,100.000000,0.250000,ns3-simulated/trace-derived
c1-zipf,Zipf 48/24/16/12,dst5,3.250000,3.500000,3.375000,3125.000000,100.000000,100.000000,100.000000,0.250000,ns3-simulated/trace-derived
c1-zipf,Zipf 48/24/16/12,dst5,3.500000,3.750000,3.625000,3125.000000,100.000000,100.000000,100.000000,0.250000,ns3-simulated/trace-derived
c1-zipf,Zipf 48/24/16/12,dst5,3.750000,4.000000,3.875000,3125.000000,100.000000,100.000000,100.000000,0.250000,ns3-simulated/trace-derived
c1-zipf,Zipf 48/24/16/12,dst5,4.000000,4.250000,4.125000,3125.000000,100.000000,100.000000,100.000000,0.250000,ns3-simulated/trace-derived
c1-zipf,Zipf 48/24/16/12,dst5,4.250000,4.500000,4.375000,3125.000000,100.000000,100.000000,100.000000,0.250000,ns3-simulated/trace-derived
c1-zipf,Zipf 48/24/16/12,dst5,4.500000,4.750000,4.625000,3125.000000,100.000000,100.000000,100.000000,0.250000,ns3-simulated/trace-derived
c1-zipf,Zipf 48/24/16/12,dst5,4.750000,5.000000,4.875000,3125.000000,100.000000,100.000000,100.000000,0.250000,ns3-simulated/trace-derived
c1-zipf,Zipf 48/24/16/12,dst5,5.000000,5.250000,5.125000,3125.000000,100.000000,100.000000,100.000000,0.250000,ns3-simulated/trace-derived
c1-zipf,Zipf 48/24/16/12,dst5,5.250000,5.500000,5.375000,3125.000000,100.000000,100.000000,100.000000,0.250000,ns3-simulated/trace-derived
c1-zipf,Zipf 48/24/16/12,dst5,5.500000,5.750000,5.625000,3125.000000,100.000000,100.000000,100.000000,0.250000,ns3-simulated/trace-derived
c1-zipf,Zipf 48/24/16/12,dst5,5.750000,6.000000,5.875000,3125.000000,100.000000,100.000000,100.000000,0.250000,ns3-simulated/trace-derived
c1-zipf,Zipf 48/24/16/12,dst5,6.000000,6.250000,6.125000,3125.000000,100.000000,100.000000,100.000000,0.250000,ns3-simulated/trace-derived
c1-zipf,Zipf 48/24/16/12,dst5,6.250000,6.500000,6.375000,3125.000000,100.000000,100.000000,100.000000,0.250000,ns3-simulated/trace-derived
c1-zipf,Zipf 48/24/16/12,dst5,6.500000,6.750000,6.625000,3125.000000,100.000000,100.000000,100.000000,0.250000,ns3-simulated/trace-derived
c1-zipf,Zipf 48/24/16/12,dst5,6.750000,7.000000,6.875000,3125.000000,100.000000,100.000000,100.000000,0.250000,ns3-simulated/trace-derived
c1-zipf,Zipf 48/24/16/12,dst5,7.000000,7.250000,7.125000,3125.000000,100.000000,100.000000,100.000000,0.250000,ns3-simulated/trace-derived
c1-zipf,Zipf 48/24/16/12,dst5,7.250000,7.500000,7.375000,3125.000000,100.000000,100.000000,100.000000,0.250000,ns3-simulated/trace-derived
c1-zipf,Zipf 48/24/16/12,dst5,7.500000,7.750000,7.625000,3125.000000,100.000000,100.000000,100.000000,0.250000,ns3-simulated/trace-derived
c1-zipf,Zipf 48/24/16/12,dst5,7.750000,8.000000,7.875000,3125.000000,100.000000,100.000000,100.000000,0.250000,ns3-simulated/trace-derived
c1-zipf,Zipf 48/24/16/12,dst5,8.000000,8.250000,8.125000,3125.000000,100.000000,100.000000,100.000000,0.250000,ns3-simulated/trace-derived
c1-zipf,Zipf 48/24/16/12,dst5,8.250000,8.500000,8.375000,3125.000000,100.000000,100.000000,100.000000,0.250000,ns3-simulated/trace-derived
c1-zipf,Zipf 48/24/16/12,dst5,8.500000,8.750000,8.625000,3125.000000,100.000000,100.000000,100.000000,0.250000,ns3-simulated/trace-derived
c1-zipf,Zipf 48/24/16/12,dst5,8.750000,9.000000,8.875000,3125.000000,100.000000,100.000000,100.000000,0.250000,ns3-simulated/trace-derived
c1-zipf,Zipf 48/24/16/12,dst5,9.000000,9.250000,9.125000,3125.000000,100.000000,100.000000,100.000000,0.250000,ns3-simulated/trace-derived
c1-zipf,Zipf 48/24/16/12,dst5,9.250000,9.500000,9.375000,3125.000000,100.000000,100.000000,100.000000,0.250000,ns3-simulated/trace-derived
c1-zipf,Zipf 48/24/16/12,dst5,9.500000,9.750000,9.625000,3125.000000,100.000000,100.000000,100.000000,0.250000,ns3-simulated/trace-derived
c1-zipf,Zipf 48/24/16/12,dst5,9.750000,10.000000,9.875000,3125.000000,100.000000,100.000000,100.000000,0.250000,ns3-simulated/trace-derived
c1-zipf,Zipf 48/24/16/12,dst5,10.000000,10.250000,10.125000,3125.000000,100.000000,100.000000,100.000000,0.250000,ns3-simulated/trace-derived
c1-zipf,Zipf 48/24/16/12,dst5,10.250000,10.500000,10.375000,3125.000000,100.000000,100.000000,100.000000,0.250000,ns3-simulated/trace-derived
c1-zipf,Zipf 48/24/16/12,dst5,10.500000,10.750000,10.625000,3125.000000,100.000000,100.000000,100.000000,0.250000,ns3-simulated/trace-derived
c1-zipf,Zipf 48/24/16/12,dst5,10.750000,11.000000,10.875000,3125.000000,100.000000,100.000000,100.000000,0.250000,ns3-simulated/trace-derived
c1-zipf,Zipf 48/24/16/12,dst5,11.000000,11.250000,11.125000,3125.000000,100.000000,100.000000,100.000000,0.250000,ns3-simulated/trace-derived
c1-zipf,Zipf 48/24/16/12,dst5,11.250000,11.500000,11.375000,3125.000000,100.000000,100.000000,100.000000,0.250000,ns3-simulated/trace-derived
c1-zipf,Zipf 48/24/16/12,dst5,11.500000,11.750000,11.625000,3125.000000,100.000000,100.000000,100.000000,0.250000,ns3-simulated/trace-derived
c1-zipf,Zipf 48/24/16/12,dst5,11.750000,12.000000,11.875000,3125.000000,100.000000,100.000000,100.000000,0.250000,ns3-simulated/trace-derived
c1-zipf,Zipf 48/24/16/12,dst5,12.000000,12.250000,12.125000,3125.000000,100.000000,100.000000,100.000000,0.250000,ns3-simulated/trace-derived
c1-zipf,Zipf 48/24/16/12,dst5,12.250000,12.500000,12.375000,3125.000000,100.000000,100.000000,100.000000,0.250000,ns3-simulated/trace-derived
c1-zipf,Zipf 48/24/16/12,dst5,12.500000,12.750000,12.625000,3125.000000,100.000000,100.000000,100.000000,0.250000,ns3-simulated/trace-derived
c1-zipf,Zipf 48/24/16/12,dst5,12.750000,13.000000,12.875000,3125.000000,100.000000,100.000000,100.000000,0.250000,ns3-simulated/trace-derived
c1-zipf,Zipf 48/24/16/12,dst5,13.000000,13.250000,13.125000,3125.000000,100.000000,100.000000,100.000000,0.250000,ns3-simulated/trace-derived
c1-zipf,Zipf 48/24/16/12,dst5,13.250000,13.500000,13.375000,3125.000000,100.000000,100.000000,100.000000,0.250000,ns3-simulated/trace-derived
c1-zipf,Zipf 48/24/16/12,dst5,13.500000,13.750000,13.625000,3125.000000,100.000000,100.000000,100.000000,0.250000,ns3-simulated/trace-derived
c1-zipf,Zipf 48/24/16/12,dst5,13.750000,14.000000,13.875000,3125.000000,100.000000,100.000000,100.000000,0.250000,ns3-simulated/trace-derived
c1-zipf,Zipf 48/24/16/12,dst5,14.000000,14.250000,14.125000,3125.000000,100.000000,100.000000,100.000000,0.250000,ns3-simulated/trace-derived
c1-zipf,Zipf 48/24/16/12,dst5,14.250000,14.500000,14.375000,3125.000000,100.000000,100.000000,100.000000,0.250000,ns3-simulated/trace-derived
c1-zipf,Zipf 48/24/16/12,dst5,14.500000,14.750000,14.625000,3125.000000,100.000000,100.000000,100.000000,0.250000,ns3-simulated/trace-derived
c1-zipf,Zipf 48/24/16/12,dst5,14.750000,15.000000,14.875000,3125.000000,100.000000,100.000000,100.000000,0.250000,ns3-simulated/trace-derived
c1-zipf,Zipf 48/24/16/12,dst5,15.000000,15.250000,15.125000,3125.000000,100.000000,100.000000,100.000000,0.250000,ns3-simulated/trace-derived
c1-zipf,Zipf 48/24/16/12,dst5,15.250000,15.500000,15.375000,3125.000000,100.000000,100.000000,100.000000,0.250000,ns3-simulated/trace-derived
c1-zipf,Zipf 48/24/16/12,dst5,15.500000,15.750000,15.625000,3125.000000,100.000000,100.000000,100.000000,0.250000,ns3-simulated/trace-derived
c1-zipf,Zipf 48/24/16/12,dst5,15.750000,16.000000,15.875000,3125.000000,100.000000,100.000000,100.000000,0.250000,ns3-simulated/trace-derived
c1-zipf,Zipf 48/24/16/12,dst5,16.000000,16.250000,16.125000,3125.000000,100.000000,100.000000,100.000000,0.250000,ns3-simulated/trace-derived
c1-zipf,Zipf 48/24/16/12,dst5,16.250000,16.500000,16.375000,3125.000000,100.000000,100.000000,100.000000,0.250000,ns3-simulated/trace-derived
c1-zipf,Zipf 48/24/16/12,dst5,16.500000,16.750000,16.625000,3125.000000,100.000000,100.000000,100.000000,0.250000,ns3-simulated/trace-derived
c1-zipf,Zipf 48/24/16/12,dst5,16.750000,17.000000,16.875000,3125.000000,100.000000,100.000000,100.000000,0.250000,ns3-simulated/trace-derived
c1-zipf,Zipf 48/24/16/12,dst5,17.000000,17.250000,17.125000,3125.000000,100.000000,100.000000,100.000000,0.250000,ns3-simulated/trace-derived
c1-zipf,Zipf 48/24/16/12,dst5,17.250000,17.500000,17.375000,3125.000000,100.000000,100.000000,100.000000,0.250000,ns3-simulated/trace-derived
c1-zipf,Zipf 48/24/16/12,dst5,17.500000,17.750000,17.625000,3125.000000,100.000000,100.000000,100.000000,0.250000,ns3-simulated/trace-derived
c1-zipf,Zipf 48/24/16/12,dst5,17.750000,18.000000,17.875000,3125.000000,100.000000,100.000000,100.000000,0.250000,ns3-simulated/trace-derived
c1-zipf,Zipf 48/24/16/12,dst5,18.000000,18.250000,18.125000,3125.000000,100.000000,100.000000,100.000000,0.250000,ns3-simulated/trace-derived
c1-zipf,Zipf 48/24/16/12,dst5,18.250000,18.500000,18.375000,3125.000000,100.000000,100.000000,100.000000,0.250000,ns3-simulated/trace-derived
c1-zipf,Zipf 48/24/16/12,dst5,18.500000,18.750000,18.625000,3125.000000,100.000000,100.000000,100.000000,0.250000,ns3-simulated/trace-derived
c1-zipf,Zipf 48/24/16/12,dst5,18.750000,19.000000,18.875000,3125.000000,100.000000,100.000000,100.000000,0.250000,ns3-simulated/trace-derived
c1-zipf,Zipf 48/24/16/12,dst5,19.000000,19.250000,19.125000,3125.000000,100.000000,100.000000,100.000000,0.250000,ns3-simulated/trace-derived
c1-zipf,Zipf 48/24/16/12,dst5,19.250000,19.500000,19.375000,3125.000000,100.000000,100.000000,100.000000,0.250000,ns3-simulated/trace-derived
c1-zipf,Zipf 48/24/16/12,dst5,19.500000,19.750000,19.625000,3125.000000,100.000000,100.000000,100.000000,0.250000,ns3-simulated/trace-derived
c1-zipf,Zipf 48/24/16/12,dst5,19.750000,20.000000,19.875000,3125.000000,100.000000,100.000000,100.000000,0.250000,ns3-simulated/trace-derived
c1-zipf,Zipf 48/24/16/12,dst5,20.000000,20.250000,20.125000,3125.000000,100.000000,100.000000,100.000000,0.250000,ns3-simulated/trace-derived
c1-zipf,Zipf 48/24/16/12,dst5,20.250000,20.500000,20.375000,3125.000000,100.000000,100.000000,100.000000,0.250000,ns3-simulated/trace-derived
c1-zipf,Zipf 48/24/16/12,dst5,20.500000,20.750000,20.625000,3125.000000,100.000000,100.000000,100.000000,0.250000,ns3-simulated/trace-derived
c1-zipf,Zipf 48/24/16/12,dst5,20.750000,21.000000,20.875000,3125.000000,100.000000,100.000000,100.000000,0.250000,ns3-simulated/trace-derived
c1-zipf,Zipf 48/24/16/12,dst5,21.000000,21.250000,21.125000,3125.000000,100.000000,100.000000,100.000000,0.250000,ns3-simulated/trace-derived
c1-zipf,Zipf 48/24/16/12,dst5,21.250000,21.500000,21.375000,3125.000000,100.000000,100.000000,100.000000,0.250000,ns3-simulated/trace-derived
c1-zipf,Zipf 48/24/16/12,dst5,21.500000,21.750000,21.625000,3125.000000,100.000000,100.000000,100.000000,0.250000,ns3-simulated/trace-derived
c1-zipf,Zipf 48/24/16/12,dst5,21.750000,22.000000,21.875000,3125.000000,100.000000,100.000000,100.000000,0.250000,ns3-simulated/trace-derived
c1-zipf,Zipf 48/24/16/12,dst5,22.000000,22.250000,22.125000,3125.000000,100.000000,100.000000,100.000000,0.250000,ns3-simulated/trace-derived
c1-zipf,Zipf 48/24/16/12,dst5,22.250000,22.500000,22.375000,3009.000000,96.288000,96.288000,100.000000,0.250000,ns3-simulated/trace-derived
c1-zipf,Zipf 48/24/16/12,dst5,22.500000,22.750000,22.625000,0.000000,0.000000,0.000000,100.000000,0.250000,ns3-simulated/trace-derived
c1-zipf,Zipf 48/24/16/12,dst5,22.750000,23.000000,22.875000,0.000000,0.000000,0.000000,100.000000,0.250000,ns3-simulated/trace-derived
c1-zipf,Zipf 48/24/16/12,dst5,23.000000,23.250000,23.125000,0.000000,0.000000,0.000000,100.000000,0.250000,ns3-simulated/trace-derived
c1-zipf,Zipf 48/24/16/12,dst5,23.250000,23.500000,23.375000,0.000000,0.000000,0.000000,100.000000,0.250000,ns3-simulated/trace-derived
c1-zipf,Zipf 48/24/16/12,dst5,23.500000,23.750000,23.625000,0.000000,0.000000,0.000000,100.000000,0.250000,ns3-simulated/trace-derived
c1-zipf,Zipf 48/24/16/12,dst5,23.750000,24.000000,23.875000,0.000000,0.000000,0.000000,100.000000,0.250000,ns3-simulated/trace-derived
c1-zipf,Zipf 48/24/16/12,dst5,24.000000,24.250000,24.125000,0.000000,0.000000,0.000000,100.000000,0.250000,ns3-simulated/trace-derived
c1-zipf,Zipf 48/24/16/12,dst5,24.250000,24.500000,24.375000,0.000000,0.000000,0.000000,100.000000,0.250000,ns3-simulated/trace-derived
c1-zipf,Zipf 48/24/16/12,dst5,24.500000,24.750000,24.625000,0.000000,0.000000,0.000000,100.000000,0.250000,ns3-simulated/trace-derived
c1-zipf,Zipf 48/24/16/12,dst5,24.750000,25.000000,24.875000,0.000000,0.000000,0.000000,100.000000,0.250000,ns3-simulated/trace-derived
c1-zipf,Zipf 48/24/16/12,dst5,25.000000,25.250000,25.125000,0.000000,0.000000,0.000000,100.000000,0.250000,ns3-simulated/trace-derived
c1-zipf,Zipf 48/24/16/12,dst5,25.250000,25.500000,25.375000,0.000000,0.000000,0.000000,100.000000,0.250000,ns3-simulated/trace-derived
c1-zipf,Zipf 48/24/16/12,dst5,25.500000,25.750000,25.625000,0.000000,0.000000,0.000000,100.000000,0.250000,ns3-simulated/trace-derived
c1-zipf,Zipf 48/24/16/12,dst5,25.750000,26.000000,25.875000,0.000000,0.000000,0.000000,100.000000,0.250000,ns3-simulated/trace-derived
c1-zipf,Zipf 48/24/16/12,dst5,26.000000,26.250000,26.125000,0.000000,0.000000,0.000000,100.000000,0.250000,ns3-simulated/trace-derived
c1-zipf,Zipf 48/24/16/12,dst5,26.250000,26.500000,26.375000,0.000000,0.000000,0.000000,100.000000,0.250000,ns3-simulated/trace-derived
c1-zipf,Zipf 48/24/16/12,dst5,26.500000,26.750000,26.625000,0.000000,0.000000,0.000000,100.000000,0.250000,ns3-simulated/trace-derived
c1-zipf,Zipf 48/24/16/12,dst5,26.750000,27.000000,26.875000,0.000000,0.000000,0.000000,100.000000,0.250000,ns3-simulated/trace-derived
c1-zipf,Zipf 48/24/16/12,dst5,27.000000,27.250000,27.125000,0.000000,0.000000,0.000000,100.000000,0.250000,ns3-simulated/trace-derived
c1-zipf,Zipf 48/24/16/12,dst5,27.250000,27.500000,27.375000,0.000000,0.000000,0.000000,100.000000,0.250000,ns3-simulated/trace-derived
c1-zipf,Zipf 48/24/16/12,dst5,27.500000,27.750000,27.625000,0.000000,0.000000,0.000000,100.000000,0.250000,ns3-simulated/trace-derived
c1-zipf,Zipf 48/24/16/12,dst5,27.750000,28.000000,27.875000,0.000000,0.000000,0.000000,100.000000,0.250000,ns3-simulated/trace-derived
c1-zipf,Zipf 48/24/16/12,dst5,28.000000,28.250000,28.125000,0.000000,0.000000,0.000000,100.000000,0.250000,ns3-simulated/trace-derived
c1-zipf,Zipf 48/24/16/12,dst5,28.250000,28.500000,28.375000,0.000000,0.000000,0.000000,100.000000,0.250000,ns3-simulated/trace-derived
c1-zipf,Zipf 48/24/16/12,dst5,28.500000,28.750000,28.625000,0.000000,0.000000,0.000000,100.000000,0.250000,ns3-simulated/trace-derived
c1-zipf,Zipf 48/24/16/12,dst5,28.750000,29.000000,28.875000,0.000000,0.000000,0.000000,100.000000,0.250000,ns3-simulated/trace-derived
c1-zipf,Zipf 48/24/16/12,dst5,29.000000,29.250000,29.125000,0.000000,0.000000,0.000000,100.000000,0.250000,ns3-simulated/trace-derived
c1-zipf,Zipf 48/24/16/12,dst5,29.250000,29.500000,29.375000,0.000000,0.000000,0.000000,100.000000,0.250000,ns3-simulated/trace-derived
c1-zipf,Zipf 48/24/16/12,dst5,29.500000,29.750000,29.625000,0.000000,0.000000,0.000000,100.000000,0.250000,ns3-simulated/trace-derived
c1-zipf,Zipf 48/24/16/12,dst5,29.750000,30.000000,29.875000,0.000000,0.000000,0.000000,100.000000,0.250000,ns3-simulated/trace-derived
c1-zipf,Zipf 48/24/16/12,dst5,30.000000,30.250000,30.125000,0.000000,0.000000,0.000000,100.000000,0.250000,ns3-simulated/trace-derived
c1-zipf,Zipf 48/24/16/12,dst5,30.250000,30.500000,30.375000,0.000000,0.000000,0.000000,100.000000,0.250000,ns3-simulated/trace-derived
c1-zipf,Zipf 48/24/16/12,dst5,30.500000,30.750000,30.625000,0.000000,0.000000,0.000000,100.000000,0.250000,ns3-simulated/trace-derived
c1-zipf,Zipf 48/24/16/12,dst5,30.750000,31.000000,30.875000,0.000000,0.000000,0.000000,100.000000,0.250000,ns3-simulated/trace-derived
c1-zipf,Zipf 48/24/16/12,dst5,31.000000,31.250000,31.125000,0.000000,0.000000,0.000000,100.000000,0.250000,ns3-simulated/trace-derived
c1-zipf,Zipf 48/24/16/12,dst5,31.250000,31.500000,31.375000,0.000000,0.000000,0.000000,100.000000,0.250000,ns3-simulated/trace-derived
c1-zipf,Zipf 48/24/16/12,dst5,31.500000,31.750000,31.625000,0.000000,0.000000,0.000000,100.000000,0.250000,ns3-simulated/trace-derived
c1-zipf,Zipf 48/24/16/12,dst5,31.750000,32.000000,31.875000,0.000000,0.000000,0.000000,100.000000,0.250000,ns3-simulated/trace-derived
c1-zipf,Zipf 48/24/16/12,dst5,32.000000,32.250000,32.125000,0.000000,0.000000,0.000000,100.000000,0.250000,ns3-simulated/trace-derived
c1-zipf,Zipf 48/24/16/12,dst5,32.250000,32.500000,32.375000,0.000000,0.000000,0.000000,100.000000,0.250000,ns3-simulated/trace-derived
c1-zipf,Zipf 48/24/16/12,dst5,32.500000,32.750000,32.625000,0.000000,0.000000,0.000000,100.000000,0.250000,ns3-simulated/trace-derived
c1-zipf,Zipf 48/24/16/12,dst5,32.750000,33.000000,32.875000,0.000000,0.000000,0.000000,100.000000,0.250000,ns3-simulated/trace-derived
c1-zipf,Zipf 48/24/16/12,dst5,33.000000,33.250000,33.125000,0.000000,0.000000,0.000000,100.000000,0.250000,ns3-simulated/trace-derived
c1-zipf,Zipf 48/24/16/12,dst5,33.250000,33.500000,33.375000,0.000000,0.000000,0.000000,100.000000,0.250000,ns3-simulated/trace-derived
c1-zipf,Zipf 48/24/16/12,dst5,33.500000,33.750000,33.625000,0.000000,0.000000,0.000000,100.000000,0.250000,ns3-simulated/trace-derived
c1-zipf,Zipf 48/24/16/12,dst5,33.750000,34.000000,33.875000,0.000000,0.000000,0.000000,100.000000,0.250000,ns3-simulated/trace-derived
c1-zipf,Zipf 48/24/16/12,dst5,34.000000,34.250000,34.125000,0.000000,0.000000,0.000000,100.000000,0.250000,ns3-simulated/trace-derived
c1-zipf,Zipf 48/24/16/12,dst5,34.250000,34.500000,34.375000,0.000000,0.000000,0.000000,100.000000,0.250000,ns3-simulated/trace-derived
c1-zipf,Zipf 48/24/16/12,dst5,34.500000,34.750000,34.625000,0.000000,0.000000,0.000000,100.000000,0.250000,ns3-simulated/trace-derived
c1-zipf,Zipf 48/24/16/12,dst5,34.750000,35.000000,34.875000,0.000000,0.000000,0.000000,100.000000,0.250000,ns3-simulated/trace-derived
c1-zipf,Zipf 48/24/16/12,dst5,35.000000,35.250000,35.125000,0.000000,0.000000,0.000000,100.000000,0.250000,ns3-simulated/trace-derived
c1-zipf,Zipf 48/24/16/12,dst5,35.250000,35.500000,35.375000,0.000000,0.000000,0.000000,100.000000,0.250000,ns3-simulated/trace-derived
c1-zipf,Zipf 48/24/16/12,dst5,35.500000,35.750000,35.625000,0.000000,0.000000,0.000000,100.000000,0.250000,ns3-simulated/trace-derived
c1-zipf,Zipf 48/24/16/12,dst5,35.750000,36.000000,35.875000,0.000000,0.000000,0.000000,100.000000,0.250000,ns3-simulated/trace-derived
c1-zipf,Zipf 48/24/16/12,dst5,36.000000,36.250000,36.125000,0.000000,0.000000,0.000000,100.000000,0.250000,ns3-simulated/trace-derived
c1-zipf,Zipf 48/24/16/12,dst5,36.250000,36.500000,36.375000,0.000000,0.000000,0.000000,100.000000,0.250000,ns3-simulated/trace-derived
c1-zipf,Zipf 48/24/16/12,dst5,36.500000,36.750000,36.625000,0.000000,0.000000,0.000000,100.000000,0.250000,ns3-simulated/trace-derived
c1-zipf,Zipf 48/24/16/12,dst5,36.750000,37.000000,36.875000,0.000000,0.000000,0.000000,100.000000,0.250000,ns3-simulated/trace-derived
c1-zipf,Zipf 48/24/16/12,dst5,37.000000,37.250000,37.125000,0.000000,0.000000,0.000000,100.000000,0.250000,ns3-simulated/trace-derived
c1-zipf,Zipf 48/24/16/12,dst5,37.250000,37.500000,37.375000,0.000000,0.000000,0.000000,100.000000,0.250000,ns3-simulated/trace-derived
c1-zipf,Zipf 48/24/16/12,dst5,37.500000,37.750000,37.625000,0.000000,0.000000,0.000000,100.000000,0.250000,ns3-simulated/trace-derived
c1-zipf,Zipf 48/24/16/12,dst5,37.750000,38.000000,37.875000,0.000000,0.000000,0.000000,100.000000,0.250000,ns3-simulated/trace-derived
c1-zipf,Zipf 48/24/16/12,dst5,38.000000,38.250000,38.125000,0.000000,0.000000,0.000000,100.000000,0.250000,ns3-simulated/trace-derived
c1-zipf,Zipf 48/24/16/12,dst5,38.250000,38.500000,38.375000,0.000000,0.000000,0.000000,100.000000,0.250000,ns3-simulated/trace-derived
c1-zipf,Zipf 48/24/16/12,dst5,38.500000,38.750000,38.625000,0.000000,0.000000,0.000000,100.000000,0.250000,ns3-simulated/trace-derived
c1-zipf,Zipf 48/24/16/12,dst5,38.750000,39.000000,38.875000,0.000000,0.000000,0.000000,100.000000,0.250000,ns3-simulated/trace-derived
c1-zipf,Zipf 48/24/16/12,dst5,39.000000,39.250000,39.125000,0.000000,0.000000,0.000000,100.000000,0.250000,ns3-simulated/trace-derived
c1-zipf,Zipf 48/24/16/12,dst5,39.250000,39.500000,39.375000,0.000000,0.000000,0.000000,100.000000,0.250000,ns3-simulated/trace-derived
c1-zipf,Zipf 48/24/16/12,dst5,39.500000,39.750000,39.625000,0.000000,0.000000,0.000000,100.000000,0.250000,ns3-simulated/trace-derived
c1-zipf,Zipf 48/24/16/12,dst5,39.750000,40.000000,39.875000,0.000000,0.000000,0.000000,100.000000,0.250000,ns3-simulated/trace-derived
c1-zipf,Zipf 48/24/16/12,dst5,40.000000,40.250000,40.125000,0.000000,0.000000,0.000000,100.000000,0.250000,ns3-simulated/trace-derived
c1-zipf,Zipf 48/24/16/12,dst5,40.250000,40.500000,40.375000,0.000000,0.000000,0.000000,100.000000,0.250000,ns3-simulated/trace-derived
c1-zipf,Zipf 48/24/16/12,dst5,40.500000,40.750000,40.625000,0.000000,0.000000,0.000000,100.000000,0.250000,ns3-simulated/trace-derived
c1-zipf,Zipf 48/24/16/12,dst5,40.750000,41.000000,40.875000,0.000000,0.000000,0.000000,100.000000,0.250000,ns3-simulated/trace-derived
c1-zipf,Zipf 48/24/16/12,dst5,41.000000,41.250000,41.125000,0.000000,0.000000,0.000000,100.000000,0.250000,ns3-simulated/trace-derived
c1-zipf,Zipf 48/24/16/12,dst5,41.250000,41.500000,41.375000,0.000000,0.000000,0.000000,100.000000,0.250000,ns3-simulated/trace-derived
c1-zipf,Zipf 48/24/16/12,dst5,41.500000,41.750000,41.625000,0.000000,0.000000,0.000000,100.000000,0.250000,ns3-simulated/trace-derived
c1-zipf,Zipf 48/24/16/12,dst5,41.750000,42.000000,41.875000,0.000000,0.000000,0.000000,100.000000,0.250000,ns3-simulated/trace-derived
c1-zipf,Zipf 48/24/16/12,dst5,42.000000,42.250000,42.125000,0.000000,0.000000,0.000000,100.000000,0.250000,ns3-simulated/trace-derived
c1-zipf,Zipf 48/24/16/12,dst5,42.250000,42.500000,42.375000,0.000000,0.000000,0.000000,100.000000,0.250000,ns3-simulated/trace-derived
c1-zipf,Zipf 48/24/16/12,dst5,42.500000,42.750000,42.625000,0.000000,0.000000,0.000000,100.000000,0.250000,ns3-simulated/trace-derived
c1-zipf,Zipf 48/24/16/12,dst5,42.750000,43.000000,42.875000,0.000000,0.000000,0.000000,100.000000,0.250000,ns3-simulated/trace-derived
c1-zipf,Zipf 48/24/16/12,dst5,43.000000,43.250000,43.125000,0.000000,0.000000,0.000000,100.000000,0.250000,ns3-simulated/trace-derived
c1-zipf,Zipf 48/24/16/12,dst5,43.250000,43.500000,43.375000,0.000000,0.000000,0.000000,100.000000,0.250000,ns3-simulated/trace-derived
c1-zipf,Zipf 48/24/16/12,dst5,43.500000,43.750000,43.625000,0.000000,0.000000,0.000000,100.000000,0.250000,ns3-simulated/trace-derived
c1-zipf,Zipf 48/24/16/12,dst5,43.750000,44.000000,43.875000,0.000000,0.000000,0.000000,100.000000,0.250000,ns3-simulated/trace-derived
c1-zipf,Zipf 48/24/16/12,dst5,44.000000,44.250000,44.125000,0.000000,0.000000,0.000000,100.000000,0.250000,ns3-simulated/trace-derived
c1-zipf,Zipf 48/24/16/12,dst5,44.250000,44.500000,44.375000,0.000000,0.000000,0.000000,100.000000,0.250000,ns3-simulated/trace-derived
c1-zipf,Zipf 48/24/16/12,dst5,44.500000,44.750000,44.625000,0.000000,0.000000,0.000000,100.000000,0.250000,ns3-simulated/trace-derived
c1-zipf,Zipf 48/24/16/12,dst5,44.750000,45.000000,44.875000,0.000000,0.000000,0.000000,100.000000,0.250000,ns3-simulated/trace-derived
c1-zipf,Zipf 48/24/16/12,dst5,45.000000,45.250000,45.125000,0.000000,0.000000,0.000000,100.000000,0.250000,ns3-simulated/trace-derived
c1-zipf,Zipf 48/24/16/12,dst5,45.250000,45.500000,45.375000,0.000000,0.000000,0.000000,100.000000,0.250000,ns3-simulated/trace-derived
c1-zipf,Zipf 48/24/16/12,dst5,45.500000,45.750000,45.625000,0.000000,0.000000,0.000000,100.000000,0.250000,ns3-simulated/trace-derived
c1-zipf,Zipf 48/24/16/12,dst5,45.750000,46.000000,45.875000,0.000000,0.000000,0.000000,100.000000,0.250000,ns3-simulated/trace-derived
c1-zipf,Zipf 48/24/16/12,dst5,46.000000,46.250000,46.125000,0.000000,0.000000,0.000000,100.000000,0.250000,ns3-simulated/trace-derived
c1-zipf,Zipf 48/24/16/12,dst5,46.250000,46.500000,46.375000,0.000000,0.000000,0.000000,100.000000,0.250000,ns3-simulated/trace-derived
c1-zipf,Zipf 48/24/16/12,dst5,46.500000,46.750000,46.625000,0.000000,0.000000,0.000000,100.000000,0.250000,ns3-simulated/trace-derived
c1-zipf,Zipf 48/24/16/12,dst5,46.750000,47.000000,46.875000,0.000000,0.000000,0.000000,100.000000,0.250000,ns3-simulated/trace-derived
c1-zipf,Zipf 48/24/16/12,dst5,47.000000,47.250000,47.125000,0.000000,0.000000,0.000000,100.000000,0.250000,ns3-simulated/trace-derived
c1-zipf,Zipf 48/24/16/12,dst5,47.250000,47.500000,47.375000,0.000000,0.000000,0.000000,100.000000,0.250000,ns3-simulated/trace-derived
c1-zipf,Zipf 48/24/16/12,dst5,47.500000,47.750000,47.625000,0.000000,0.000000,0.000000,100.000000,0.250000,ns3-simulated/trace-derived
c1-zipf,Zipf 48/24/16/12,dst5,47.750000,48.000000,47.875000,0.000000,0.000000,0.000000,100.000000,0.250000,ns3-simulated/trace-derived
c1-zipf,Zipf 48/24/16/12,dst5,48.000000,48.250000,48.125000,0.000000,0.000000,0.000000,100.000000,0.250000,ns3-simulated/trace-derived
c1-zipf,Zipf 48/24/16/12,dst5,48.250000,48.500000,48.375000,0.000000,0.000000,0.000000,100.000000,0.250000,ns3-simulated/trace-derived
c1-zipf,Zipf 48/24/16/12,dst5,48.500000,48.750000,48.625000,0.000000,0.000000,0.000000,100.000000,0.250000,ns3-simulated/trace-derived
c1-zipf,Zipf 48/24/16/12,dst5,48.750000,49.000000,48.875000,0.000000,0.000000,0.000000,100.000000,0.250000,ns3-simulated/trace-derived
c1-zipf,Zipf 48/24/16/12,dst5,49.000000,49.250000,49.125000,0.000000,0.000000,0.000000,100.000000,0.250000,ns3-simulated/trace-derived
c1-zipf,Zipf 48/24/16/12,dst5,49.250000,49.500000,49.375000,0.000000,0.000000,0.000000,100.000000,0.250000,ns3-simulated/trace-derived
c1-zipf,Zipf 48/24/16/12,dst5,49.500000,49.750000,49.625000,0.000000,0.000000,0.000000,100.000000,0.250000,ns3-simulated/trace-derived
c1-zipf,Zipf 48/24/16/12,dst5,49.750000,50.000000,49.875000,0.000000,0.000000,0.000000,100.000000,0.250000,ns3-simulated/trace-derived
c1-zipf,Zipf 48/24/16/12,dst5,50.000000,50.250000,50.125000,0.000000,0.000000,0.000000,100.000000,0.250000,ns3-simulated/trace-derived
c1-zipf,Zipf 48/24/16/12,dst5,50.250000,50.500000,50.375000,0.000000,0.000000,0.000000,100.000000,0.250000,ns3-simulated/trace-derived
c1-zipf,Zipf 48/24/16/12,dst5,50.500000,50.750000,50.625000,0.000000,0.000000,0.000000,100.000000,0.250000,ns3-simulated/trace-derived
c1-zipf,Zipf 48/24/16/12,dst5,50.750000,51.000000,50.875000,0.000000,0.000000,0.000000,100.000000,0.250000,ns3-simulated/trace-derived
c1-zipf,Zipf 48/24/16/12,dst5,51.000000,51.250000,51.125000,0.000000,0.000000,0.000000,100.000000,0.250000,ns3-simulated/trace-derived
c1-zipf,Zipf 48/24/16/12,dst5,51.250000,51.500000,51.375000,0.000000,0.000000,0.000000,100.000000,0.250000,ns3-simulated/trace-derived
c1-zipf,Zipf 48/24/16/12,dst5,51.500000,51.750000,51.625000,0.000000,0.000000,0.000000,100.000000,0.250000,ns3-simulated/trace-derived
c1-zipf,Zipf 48/24/16/12,dst5,51.750000,52.000000,51.875000,0.000000,0.000000,0.000000,100.000000,0.250000,ns3-simulated/trace-derived
c1-zipf,Zipf 48/24/16/12,dst5,52.000000,52.250000,52.125000,0.000000,0.000000,0.000000,100.000000,0.250000,ns3-simulated/trace-derived
c1-zipf,Zipf 48/24/16/12,dst5,52.250000,52.500000,52.375000,0.000000,0.000000,0.000000,100.000000,0.250000,ns3-simulated/trace-derived
c1-zipf,Zipf 48/24/16/12,dst5,52.500000,52.750000,52.625000,0.000000,0.000000,0.000000,100.000000,0.250000,ns3-simulated/trace-derived
c1-zipf,Zipf 48/24/16/12,dst5,52.750000,53.000000,52.875000,0.000000,0.000000,0.000000,100.000000,0.250000,ns3-simulated/trace-derived
c1-zipf,Zipf 48/24/16/12,dst5,53.000000,53.250000,53.125000,0.000000,0.000000,0.000000,100.000000,0.250000,ns3-simulated/trace-derived
c1-zipf,Zipf 48/24/16/12,dst5,53.250000,53.500000,53.375000,0.000000,0.000000,0.000000,100.000000,0.250000,ns3-simulated/trace-derived
c1-zipf,Zipf 48/24/16/12,dst5,53.500000,53.750000,53.625000,0.000000,0.000000,0.000000,100.000000,0.250000,ns3-simulated/trace-derived
c1-zipf,Zipf 48/24/16/12,dst5,53.750000,54.000000,53.875000,0.000000,0.000000,0.000000,100.000000,0.250000,ns3-simulated/trace-derived
c1-zipf,Zipf 48/24/16/12,dst5,54.000000,54.250000,54.125000,0.000000,0.000000,0.000000,100.000000,0.250000,ns3-simulated/trace-derived
c1-zipf,Zipf 48/24/16/12,dst5,54.250000,54.500000,54.375000,0.000000,0.000000,0.000000,100.000000,0.250000,ns3-simulated/trace-derived
c1-zipf,Zipf 48/24/16/12,dst5,54.500000,54.750000,54.625000,0.000000,0.000000,0.000000,100.000000,0.250000,ns3-simulated/trace-derived
c1-zipf,Zipf 48/24/16/12,dst5,54.750000,55.000000,54.875000,0.000000,0.000000,0.000000,100.000000,0.250000,ns3-simulated/trace-derived
c1-zipf,Zipf 48/24/16/12,dst5,55.000000,55.250000,55.125000,0.000000,0.000000,0.000000,100.000000,0.250000,ns3-simulated/trace-derived
c1-zipf,Zipf 48/24/16/12,dst5,55.250000,55.500000,55.375000,0.000000,0.000000,0.000000,100.000000,0.250000,ns3-simulated/trace-derived
c1-zipf,Zipf 48/24/16/12,dst5,55.500000,55.750000,55.625000,0.000000,0.000000,0.000000,100.000000,0.250000,ns3-simulated/trace-derived
c1-zipf,Zipf 48/24/16/12,dst5,55.750000,56.000000,55.875000,0.000000,0.000000,0.000000,100.000000,0.250000,ns3-simulated/trace-derived
c1-zipf,Zipf 48/24/16/12,dst5,56.000000,56.250000,56.125000,0.000000,0.000000,0.000000,100.000000,0.250000,ns3-simulated/trace-derived
c1-zipf,Zipf 48/24/16/12,dst5,56.250000,56.500000,56.375000,0.000000,0.000000,0.000000,100.000000,0.250000,ns3-simulated/trace-derived
c1-zipf,Zipf 48/24/16/12,dst5,56.500000,56.750000,56.625000,0.000000,0.000000,0.000000,100.000000,0.250000,ns3-simulated/trace-derived
c1-zipf,Zipf 48/24/16/12,dst5,56.750000,57.000000,56.875000,0.000000,0.000000,0.000000,100.000000,0.250000,ns3-simulated/trace-derived
c1-zipf,Zipf 48/24/16/12,dst5,57.000000,57.250000,57.125000,0.000000,0.000000,0.000000,100.000000,0.250000,ns3-simulated/trace-derived
c1-zipf,Zipf 48/24/16/12,dst5,57.250000,57.500000,57.375000,0.000000,0.000000,0.000000,100.000000,0.250000,ns3-simulated/trace-derived
c1-zipf,Zipf 48/24/16/12,dst5,57.500000,57.750000,57.625000,0.000000,0.000000,0.000000,100.000000,0.250000,ns3-simulated/trace-derived
c1-zipf,Zipf 48/24/16/12,dst5,57.750000,58.000000,57.875000,0.000000,0.000000,0.000000,100.000000,0.250000,ns3-simulated/trace-derived
c1-zipf,Zipf 48/24/16/12,dst5,58.000000,58.250000,58.125000,0.000000,0.000000,0.000000,100.000000,0.250000,ns3-simulated/trace-derived
c1-zipf,Zipf 48/24/16/12,dst5,58.250000,58.500000,58.375000,0.000000,0.000000,0.000000,100.000000,0.250000,ns3-simulated/trace-derived
c1-zipf,Zipf 48/24/16/12,dst5,58.500000,58.750000,58.625000,0.000000,0.000000,0.000000,100.000000,0.250000,ns3-simulated/trace-derived
c1-zipf,Zipf 48/24/16/12,dst5,58.750000,59.000000,58.875000,0.000000,0.000000,0.000000,100.000000,0.250000,ns3-simulated/trace-derived
c1-zipf,Zipf 48/24/16/12,dst5,59.000000,59.250000,59.125000,0.000000,0.000000,0.000000,100.000000,0.250000,ns3-simulated/trace-derived
c1-zipf,Zipf 48/24/16/12,dst5,59.250000,59.500000,59.375000,0.000000,0.000000,0.000000,100.000000,0.250000,ns3-simulated/trace-derived
c1-zipf,Zipf 48/24/16/12,dst5,59.500000,59.750000,59.625000,0.000000,0.000000,0.000000,100.000000,0.250000,ns3-simulated/trace-derived
c1-zipf,Zipf 48/24/16/12,dst5,59.750000,60.000000,59.875000,0.000000,0.000000,0.000000,100.000000,0.250000,ns3-simulated/trace-derived
c1-zipf,Zipf 48/24/16/12,dst5,60.000000,60.250000,60.125000,0.000000,0.000000,0.000000,100.000000,0.250000,ns3-simulated/trace-derived
c1-zipf,Zipf 48/24/16/12,dst5,60.250000,60.500000,60.375000,0.000000,0.000000,0.000000,100.000000,0.250000,ns3-simulated/trace-derived
c1-zipf,Zipf 48/24/16/12,dst5,60.500000,60.750000,60.625000,0.000000,0.000000,0.000000,100.000000,0.250000,ns3-simulated/trace-derived
c1-zipf,Zipf 48/24/16/12,dst5,60.750000,61.000000,60.875000,0.000000,0.000000,0.000000,100.000000,0.250000,ns3-simulated/trace-derived
c1-zipf,Zipf 48/24/16/12,dst5,61.000000,61.250000,61.125000,0.000000,0.000000,0.000000,100.000000,0.250000,ns3-simulated/trace-derived
c1-zipf,Zipf 48/24/16/12,dst5,61.250000,61.500000,61.375000,0.000000,0.000000,0.000000,100.000000,0.250000,ns3-simulated/trace-derived
c1-zipf,Zipf 48/24/16/12,dst5,61.500000,61.750000,61.625000,0.000000,0.000000,0.000000,100.000000,0.250000,ns3-simulated/trace-derived
c1-zipf,Zipf 48/24/16/12,dst5,61.750000,62.000000,61.875000,0.000000,0.000000,0.000000,100.000000,0.250000,ns3-simulated/trace-derived
c1-zipf,Zipf 48/24/16/12,dst5,62.000000,62.250000,62.125000,0.000000,0.000000,0.000000,100.000000,0.250000,ns3-simulated/trace-derived
c1-zipf,Zipf 48/24/16/12,dst5,62.250000,62.500000,62.375000,0.000000,0.000000,0.000000,100.000000,0.250000,ns3-simulated/trace-derived
c1-zipf,Zipf 48/24/16/12,dst5,62.500000,62.750000,62.625000,0.000000,0.000000,0.000000,100.000000,0.250000,ns3-simulated/trace-derived
c1-zipf,Zipf 48/24/16/12,dst5,62.750000,63.000000,62.875000,0.000000,0.000000,0.000000,100.000000,0.250000,ns3-simulated/trace-derived
c1-zipf,Zipf 48/24/16/12,dst5,63.000000,63.250000,63.125000,0.000000,0.000000,0.000000,100.000000,0.250000,ns3-simulated/trace-derived
c1-zipf,Zipf 48/24/16/12,dst5,63.250000,63.500000,63.375000,0.000000,0.000000,0.000000,100.000000,0.250000,ns3-simulated/trace-derived
c1-zipf,Zipf 48/24/16/12,dst5,63.500000,63.750000,63.625000,0.000000,0.000000,0.000000,100.000000,0.250000,ns3-simulated/trace-derived
c1-zipf,Zipf 48/24/16/12,dst5,63.750000,64.000000,63.875000,0.000000,0.000000,0.000000,100.000000,0.250000,ns3-simulated/trace-derived
c1-zipf,Zipf 48/24/16/12,dst5,64.000000,64.250000,64.125000,0.000000,0.000000,0.000000,100.000000,0.250000,ns3-simulated/trace-derived
c1-zipf,Zipf 48/24/16/12,dst5,64.250000,64.500000,64.375000,0.000000,0.000000,0.000000,100.000000,0.250000,ns3-simulated/trace-derived
c1-zipf,Zipf 48/24/16/12,dst5,64.500000,64.750000,64.625000,0.000000,0.000000,0.000000,100.000000,0.250000,ns3-simulated/trace-derived
c1-zipf,Zipf 48/24/16/12,dst5,64.750000,65.000000,64.875000,0.000000,0.000000,0.000000,100.000000,0.250000,ns3-simulated/trace-derived
c1-zipf,Zipf 48/24/16/12,dst5,65.000000,65.250000,65.125000,0.000000,0.000000,0.000000,100.000000,0.250000,ns3-simulated/trace-derived
c1-zipf,Zipf 48/24/16/12,dst5,65.250000,65.500000,65.375000,0.000000,0.000000,0.000000,100.000000,0.250000,ns3-simulated/trace-derived
c1-zipf,Zipf 48/24/16/12,dst5,65.500000,65.750000,65.625000,0.000000,0.000000,0.000000,100.000000,0.250000,ns3-simulated/trace-derived
c1-zipf,Zipf 48/24/16/12,dst5,65.750000,66.000000,65.875000,0.000000,0.000000,0.000000,100.000000,0.250000,ns3-simulated/trace-derived
c1-zipf,Zipf 48/24/16/12,dst5,66.000000,66.250000,66.125000,0.000000,0.000000,0.000000,100.000000,0.250000,ns3-simulated/trace-derived
c1-zipf,Zipf 48/24/16/12,dst5,66.250000,66.500000,66.375000,0.000000,0.000000,0.000000,100.000000,0.250000,ns3-simulated/trace-derived
c1-zipf,Zipf 48/24/16/12,dst5,66.500000,66.750000,66.625000,0.000000,0.000000,0.000000,100.000000,0.250000,ns3-simulated/trace-derived
c1-zipf,Zipf 48/24/16/12,dst5,66.750000,67.000000,66.875000,0.000000,0.000000,0.000000,100.000000,0.250000,ns3-simulated/trace-derived
c1-zipf,Zipf 48/24/16/12,dst5,67.000000,67.250000,67.125000,0.000000,0.000000,0.000000,100.000000,0.250000,ns3-simulated/trace-derived
c1-zipf,Zipf 48/24/16/12,dst5,67.250000,67.500000,67.375000,0.000000,0.000000,0.000000,100.000000,0.250000,ns3-simulated/trace-derived
c1-zipf,Zipf 48/24/16/12,dst5,67.500000,67.750000,67.625000,0.000000,0.000000,0.000000,100.000000,0.250000,ns3-simulated/trace-derived
c1-zipf,Zipf 48/24/16/12,dst5,67.750000,68.000000,67.875000,0.000000,0.000000,0.000000,100.000000,0.250000,ns3-simulated/trace-derived
c1-zipf,Zipf 48/24/16/12,dst5,68.000000,68.250000,68.125000,0.000000,0.000000,0.000000,100.000000,0.250000,ns3-simulated/trace-derived
c1-zipf,Zipf 48/24/16/12,dst5,68.250000,68.500000,68.375000,0.000000,0.000000,0.000000,100.000000,0.250000,ns3-simulated/trace-derived
c1-zipf,Zipf 48/24/16/12,dst5,68.500000,68.750000,68.625000,0.000000,0.000000,0.000000,100.000000,0.250000,ns3-simulated/trace-derived
c1-zipf,Zipf 48/24/16/12,dst5,68.750000,69.000000,68.875000,0.000000,0.000000,0.000000,100.000000,0.250000,ns3-simulated/trace-derived
c1-zipf,Zipf 48/24/16/12,dst5,69.000000,69.250000,69.125000,0.000000,0.000000,0.000000,100.000000,0.250000,ns3-simulated/trace-derived
c1-zipf,Zipf 48/24/16/12,dst5,69.250000,69.500000,69.375000,0.000000,0.000000,0.000000,100.000000,0.250000,ns3-simulated/trace-derived
c1-zipf,Zipf 48/24/16/12,dst5,69.500000,69.750000,69.625000,0.000000,0.000000,0.000000,100.000000,0.250000,ns3-simulated/trace-derived
c1-zipf,Zipf 48/24/16/12,dst5,69.750000,70.000000,69.875000,0.000000,0.000000,0.000000,100.000000,0.250000,ns3-simulated/trace-derived
c1-zipf,Zipf 48/24/16/12,dst5,70.000000,70.250000,70.125000,0.000000,0.000000,0.000000,100.000000,0.250000,ns3-simulated/trace-derived
c1-zipf,Zipf 48/24/16/12,dst5,70.250000,70.500000,70.375000,0.000000,0.000000,0.000000,100.000000,0.250000,ns3-simulated/trace-derived
c1-zipf,Zipf 48/24/16/12,dst5,70.500000,70.750000,70.625000,0.000000,0.000000,0.000000,100.000000,0.250000,ns3-simulated/trace-derived
c1-zipf,Zipf 48/24/16/12,dst5,70.750000,71.000000,70.875000,0.000000,0.000000,0.000000,100.000000,0.250000,ns3-simulated/trace-derived
c1-zipf,Zipf 48/24/16/12,dst5,71.000000,71.250000,71.125000,0.000000,0.000000,0.000000,100.000000,0.250000,ns3-simulated/trace-derived
c1-zipf,Zipf 48/24/16/12,dst5,71.250000,71.500000,71.375000,0.000000,0.000000,0.000000,100.000000,0.250000,ns3-simulated/trace-derived
c1-zipf,Zipf 48/24/16/12,dst5,71.500000,71.750000,71.625000,0.000000,0.000000,0.000000,100.000000,0.250000,ns3-simulated/trace-derived
c1-zipf,Zipf 48/24/16/12,dst5,71.750000,72.000000,71.875000,0.000000,0.000000,0.000000,100.000000,0.250000,ns3-simulated/trace-derived
c1-zipf,Zipf 48/24/16/12,dst5,72.000000,72.250000,72.125000,0.000000,0.000000,0.000000,100.000000,0.250000,ns3-simulated/trace-derived
c1-zipf,Zipf 48/24/16/12,dst5,72.250000,72.500000,72.375000,0.000000,0.000000,0.000000,100.000000,0.250000,ns3-simulated/trace-derived
c1-zipf,Zipf 48/24/16/12,dst5,72.500000,72.750000,72.625000,0.000000,0.000000,0.000000,100.000000,0.250000,ns3-simulated/trace-derived
c1-zipf,Zipf 48/24/16/12,dst5,72.750000,73.000000,72.875000,0.000000,0.000000,0.000000,100.000000,0.250000,ns3-simulated/trace-derived
c1-zipf,Zipf 48/24/16/12,dst5,73.000000,73.250000,73.125000,0.000000,0.000000,0.000000,100.000000,0.250000,ns3-simulated/trace-derived
c1-zipf,Zipf 48/24/16/12,dst5,73.250000,73.500000,73.375000,0.000000,0.000000,0.000000,100.000000,0.250000,ns3-simulated/trace-derived
c1-zipf,Zipf 48/24/16/12,dst5,73.500000,73.750000,73.625000,0.000000,0.000000,0.000000,100.000000,0.250000,ns3-simulated/trace-derived
c1-zipf,Zipf 48/24/16/12,dst5,73.750000,74.000000,73.875000,0.000000,0.000000,0.000000,100.000000,0.250000,ns3-simulated/trace-derived
c1-zipf,Zipf 48/24/16/12,dst5,74.000000,74.250000,74.125000,0.000000,0.000000,0.000000,100.000000,0.250000,ns3-simulated/trace-derived
c1-zipf,Zipf 48/24/16/12,dst5,74.250000,74.500000,74.375000,0.000000,0.000000,0.000000,100.000000,0.250000,ns3-simulated/trace-derived
c1-zipf,Zipf 48/24/16/12,dst5,74.500000,74.750000,74.625000,0.000000,0.000000,0.000000,100.000000,0.250000,ns3-simulated/trace-derived
c1-zipf,Zipf 48/24/16/12,dst5,74.750000,75.000000,74.875000,0.000000,0.000000,0.000000,100.000000,0.250000,ns3-simulated/trace-derived
c1-zipf,Zipf 48/24/16/12,dst5,75.000000,75.250000,75.125000,0.000000,0.000000,0.000000,100.000000,0.250000,ns3-simulated/trace-derived
c1-zipf,Zipf 48/24/16/12,dst5,75.250000,75.500000,75.375000,0.000000,0.000000,0.000000,100.000000,0.250000,ns3-simulated/trace-derived
c1-zipf,Zipf 48/24/16/12,dst5,75.500000,75.750000,75.625000,0.000000,0.000000,0.000000,100.000000,0.250000,ns3-simulated/trace-derived
c1-zipf,Zipf 48/24/16/12,dst5,75.750000,76.000000,75.875000,0.000000,0.000000,0.000000,100.000000,0.250000,ns3-simulated/trace-derived
c1-zipf,Zipf 48/24/16/12,dst5,76.000000,76.250000,76.125000,0.000000,0.000000,0.000000,100.000000,0.250000,ns3-simulated/trace-derived
c1-zipf,Zipf 48/24/16/12,dst5,76.250000,76.500000,76.375000,0.000000,0.000000,0.000000,100.000000,0.250000,ns3-simulated/trace-derived
c1-zipf,Zipf 48/24/16/12,dst5,76.500000,76.750000,76.625000,0.000000,0.000000,0.000000,100.000000,0.250000,ns3-simulated/trace-derived
c1-zipf,Zipf 48/24/16/12,dst5,76.750000,77.000000,76.875000,0.000000,0.000000,0.000000,100.000000,0.250000,ns3-simulated/trace-derived
c1-zipf,Zipf 48/24/16/12,dst5,77.000000,77.250000,77.125000,0.000000,0.000000,0.000000,100.000000,0.250000,ns3-simulated/trace-derived
c1-zipf,Zipf 48/24/16/12,dst5,77.250000,77.500000,77.375000,0.000000,0.000000,0.000000,100.000000,0.250000,ns3-simulated/trace-derived
c1-zipf,Zipf 48/24/16/12,dst5,77.500000,77.750000,77.625000,0.000000,0.000000,0.000000,100.000000,0.250000,ns3-simulated/trace-derived
c1-zipf,Zipf 48/24/16/12,dst5,77.750000,78.000000,77.875000,0.000000,0.000000,0.000000,100.000000,0.250000,ns3-simulated/trace-derived
c1-zipf,Zipf 48/24/16/12,dst5,78.000000,78.250000,78.125000,0.000000,0.000000,0.000000,100.000000,0.250000,ns3-simulated/trace-derived
c1-zipf,Zipf 48/24/16/12,dst5,78.250000,78.500000,78.375000,0.000000,0.000000,0.000000,100.000000,0.250000,ns3-simulated/trace-derived
c1-zipf,Zipf 48/24/16/12,dst5,78.500000,78.750000,78.625000,0.000000,0.000000,0.000000,100.000000,0.250000,ns3-simulated/trace-derived
c1-zipf,Zipf 48/24/16/12,dst5,78.750000,79.000000,78.875000,0.000000,0.000000,0.000000,100.000000,0.250000,ns3-simulated/trace-derived
c1-zipf,Zipf 48/24/16/12,dst5,79.000000,79.250000,79.125000,0.000000,0.000000,0.000000,100.000000,0.250000,ns3-simulated/trace-derived
c1-zipf,Zipf 48/24/16/12,dst5,79.250000,79.500000,79.375000,0.000000,0.000000,0.000000,100.000000,0.250000,ns3-simulated/trace-derived
c1-zipf,Zipf 48/24/16/12,dst5,79.500000,79.750000,79.625000,0.000000,0.000000,0.000000,100.000000,0.250000,ns3-simulated/trace-derived
c1-zipf,Zipf 48/24/16/12,dst5,79.750000,80.000000,79.875000,0.000000,0.000000,0.000000,100.000000,0.250000,ns3-simulated/trace-derived
c1-zipf,Zipf 48/24/16/12,dst5,80.000000,80.250000,80.125000,0.000000,0.000000,0.000000,100.000000,0.250000,ns3-simulated/trace-derived
c1-zipf,Zipf 48/24/16/12,dst5,80.250000,80.500000,80.375000,0.000000,0.000000,0.000000,100.000000,0.250000,ns3-simulated/trace-derived
c1-zipf,Zipf 48/24/16/12,dst5,80.500000,80.750000,80.625000,0.000000,0.000000,0.000000,100.000000,0.250000,ns3-simulated/trace-derived
c1-zipf,Zipf 48/24/16/12,dst5,80.750000,81.000000,80.875000,0.000000,0.000000,0.000000,100.000000,0.250000,ns3-simulated/trace-derived
c1-zipf,Zipf 48/24/16/12,dst5,81.000000,81.250000,81.125000,0.000000,0.000000,0.000000,100.000000,0.250000,ns3-simulated/trace-derived
c1-zipf,Zipf 48/24/16/12,dst5,81.250000,81.500000,81.375000,0.000000,0.000000,0.000000,100.000000,0.250000,ns3-simulated/trace-derived
c1-zipf,Zipf 48/24/16/12,dst5,81.500000,81.750000,81.625000,0.000000,0.000000,0.000000,100.000000,0.250000,ns3-simulated/trace-derived
c1-zipf,Zipf 48/24/16/12,dst5,81.750000,82.000000,81.875000,0.000000,0.000000,0.000000,100.000000,0.250000,ns3-simulated/trace-derived
c1-zipf,Zipf 48/24/16/12,dst5,82.000000,82.250000,82.125000,0.000000,0.000000,0.000000,100.000000,0.250000,ns3-simulated/trace-derived
c1-zipf,Zipf 48/24/16/12,dst5,82.250000,82.500000,82.375000,0.000000,0.000000,0.000000,100.000000,0.250000,ns3-simulated/trace-derived
c1-zipf,Zipf 48/24/16/12,dst5,82.500000,82.750000,82.625000,0.000000,0.000000,0.000000,100.000000,0.250000,ns3-simulated/trace-derived
c1-zipf,Zipf 48/24/16/12,dst5,82.750000,83.000000,82.875000,0.000000,0.000000,0.000000,100.000000,0.250000,ns3-simulated/trace-derived
c1-zipf,Zipf 48/24/16/12,dst5,83.000000,83.250000,83.125000,0.000000,0.000000,0.000000,100.000000,0.250000,ns3-simulated/trace-derived
c1-zipf,Zipf 48/24/16/12,dst5,83.250000,83.500000,83.375000,0.000000,0.000000,0.000000,100.000000,0.250000,ns3-simulated/trace-derived
c1-zipf,Zipf 48/24/16/12,dst5,83.500000,83.750000,83.625000,0.000000,0.000000,0.000000,100.000000,0.250000,ns3-simulated/trace-derived
c1-zipf,Zipf 48/24/16/12,dst5,83.750000,84.000000,83.875000,0.000000,0.000000,0.000000,100.000000,0.250000,ns3-simulated/trace-derived
c1-zipf,Zipf 48/24/16/12,dst5,84.000000,84.250000,84.125000,0.000000,0.000000,0.000000,100.000000,0.250000,ns3-simulated/trace-derived
c1-zipf,Zipf 48/24/16/12,dst5,84.250000,84.500000,84.375000,0.000000,0.000000,0.000000,100.000000,0.250000,ns3-simulated/trace-derived
c1-zipf,Zipf 48/24/16/12,dst5,84.500000,84.750000,84.625000,0.000000,0.000000,0.000000,100.000000,0.250000,ns3-simulated/trace-derived
c1-zipf,Zipf 48/24/16/12,dst5,84.750000,85.000000,84.875000,0.000000,0.000000,0.000000,100.000000,0.250000,ns3-simulated/trace-derived
c1-zipf,Zipf 48/24/16/12,dst5,85.000000,85.250000,85.125000,0.000000,0.000000,0.000000,100.000000,0.250000,ns3-simulated/trace-derived
c1-zipf,Zipf 48/24/16/12,dst5,85.250000,85.500000,85.375000,0.000000,0.000000,0.000000,100.000000,0.250000,ns3-simulated/trace-derived
c1-zipf,Zipf 48/24/16/12,dst5,85.500000,85.750000,85.625000,0.000000,0.000000,0.000000,100.000000,0.250000,ns3-simulated/trace-derived
c1-zipf,Zipf 48/24/16/12,dst5,85.750000,86.000000,85.875000,0.000000,0.000000,0.000000,100.000000,0.250000,ns3-simulated/trace-derived
c1-zipf,Zipf 48/24/16/12,dst5,86.000000,86.250000,86.125000,0.000000,0.000000,0.000000,100.000000,0.250000,ns3-simulated/trace-derived
c1-zipf,Zipf 48/24/16/12,dst5,86.250000,86.500000,86.375000,0.000000,0.000000,0.000000,100.000000,0.250000,ns3-simulated/trace-derived
c1-zipf,Zipf 48/24/16/12,dst5,86.500000,86.750000,86.625000,0.000000,0.000000,0.000000,100.000000,0.250000,ns3-simulated/trace-derived
c1-zipf,Zipf 48/24/16/12,dst5,86.750000,87.000000,86.875000,0.000000,0.000000,0.000000,100.000000,0.250000,ns3-simulated/trace-derived
c1-zipf,Zipf 48/24/16/12,dst5,87.000000,87.250000,87.125000,0.000000,0.000000,0.000000,100.000000,0.250000,ns3-simulated/trace-derived
c1-zipf,Zipf 48/24/16/12,dst5,87.250000,87.500000,87.375000,0.000000,0.000000,0.000000,100.000000,0.250000,ns3-simulated/trace-derived
c1-zipf,Zipf 48/24/16/12,dst5,87.500000,87.750000,87.625000,0.000000,0.000000,0.000000,100.000000,0.250000,ns3-simulated/trace-derived
c1-zipf,Zipf 48/24/16/12,dst5,87.750000,88.000000,87.875000,0.000000,0.000000,0.000000,100.000000,0.250000,ns3-simulated/trace-derived
c1-zipf,Zipf 48/24/16/12,dst5,88.000000,88.250000,88.125000,0.000000,0.000000,0.000000,100.000000,0.250000,ns3-simulated/trace-derived
c1-zipf,Zipf 48/24/16/12,dst5,88.250000,88.500000,88.375000,0.000000,0.000000,0.000000,100.000000,0.250000,ns3-simulated/trace-derived
c1-zipf,Zipf 48/24/16/12,dst5,88.500000,88.750000,88.625000,0.000000,0.000000,0.000000,100.000000,0.250000,ns3-simulated/trace-derived
c1-zipf,Zipf 48/24/16/12,dst5,88.750000,89.000000,88.875000,0.000000,0.000000,0.000000,100.000000,0.250000,ns3-simulated/trace-derived
c1-zipf,Zipf 48/24/16/12,dst5,89.000000,89.250000,89.125000,0.000000,0.000000,0.000000,100.000000,0.250000,ns3-simulated/trace-derived
c1-zipf,Zipf 48/24/16/12,dst5,89.250000,89.500000,89.375000,0.000000,0.000000,0.000000,100.000000,0.250000,ns3-simulated/trace-derived
c1-zipf,Zipf 48/24/16/12,dst5,89.500000,89.750000,89.625000,0.000000,0.000000,0.000000,100.000000,0.250000,ns3-simulated/trace-derived
c1-zipf,Zipf 48/24/16/12,dst5,89.750000,90.000000,89.875000,0.000000,0.000000,0.000000,100.000000,0.250000,ns3-simulated/trace-derived
c1-zipf,Zipf 48/24/16/12,dst5,90.000000,90.250000,90.125000,0.000000,0.000000,0.000000,100.000000,0.250000,ns3-simulated/trace-derived
c1-zipf,Zipf 48/24/16/12,dst5,90.250000,90.500000,90.375000,0.000000,0.000000,0.000000,100.000000,0.250000,ns3-simulated/trace-derived
c1-zipf,Zipf 48/24/16/12,dst5,90.500000,90.750000,90.625000,0.000000,0.000000,0.000000,100.000000,0.250000,ns3-simulated/trace-derived
c1-zipf,Zipf 48/24/16/12,dst5,90.750000,91.000000,90.875000,0.000000,0.000000,0.000000,100.000000,0.250000,ns3-simulated/trace-derived
c1-zipf,Zipf 48/24/16/12,dst5,91.000000,91.250000,91.125000,0.000000,0.000000,0.000000,100.000000,0.250000,ns3-simulated/trace-derived
c1-zipf,Zipf 48/24/16/12,dst5,91.250000,91.500000,91.375000,0.000000,0.000000,0.000000,100.000000,0.250000,ns3-simulated/trace-derived
c1-zipf,Zipf 48/24/16/12,dst5,91.500000,91.750000,91.625000,0.000000,0.000000,0.000000,100.000000,0.250000,ns3-simulated/trace-derived
c1-zipf,Zipf 48/24/16/12,dst5,91.750000,92.000000,91.875000,0.000000,0.000000,0.000000,100.000000,0.250000,ns3-simulated/trace-derived
c1-zipf,Zipf 48/24/16/12,dst5,92.000000,92.250000,92.125000,0.000000,0.000000,0.000000,100.000000,0.250000,ns3-simulated/trace-derived
c1-zipf,Zipf 48/24/16/12,dst5,92.250000,92.500000,92.375000,0.000000,0.000000,0.000000,100.000000,0.250000,ns3-simulated/trace-derived
c1-zipf,Zipf 48/24/16/12,dst5,92.500000,92.750000,92.625000,0.000000,0.000000,0.000000,100.000000,0.250000,ns3-simulated/trace-derived
c1-zipf,Zipf 48/24/16/12,dst5,92.750000,93.000000,92.875000,0.000000,0.000000,0.000000,100.000000,0.250000,ns3-simulated/trace-derived
c1-zipf,Zipf 48/24/16/12,dst5,93.000000,93.250000,93.125000,0.000000,0.000000,0.000000,100.000000,0.250000,ns3-simulated/trace-derived
c1-zipf,Zipf 48/24/16/12,dst5,93.250000,93.500000,93.375000,0.000000,0.000000,0.000000,100.000000,0.250000,ns3-simulated/trace-derived
c1-zipf,Zipf 48/24/16/12,dst5,93.500000,93.750000,93.625000,0.000000,0.000000,0.000000,100.000000,0.250000,ns3-simulated/trace-derived
c1-zipf,Zipf 48/24/16/12,dst5,93.750000,94.000000,93.875000,0.000000,0.000000,0.000000,100.000000,0.250000,ns3-simulated/trace-derived
c1-zipf,Zipf 48/24/16/12,dst5,94.000000,94.250000,94.125000,0.000000,0.000000,0.000000,100.000000,0.250000,ns3-simulated/trace-derived
c1-zipf,Zipf 48/24/16/12,dst5,94.250000,94.500000,94.375000,0.000000,0.000000,0.000000,100.000000,0.250000,ns3-simulated/trace-derived
c1-zipf,Zipf 48/24/16/12,dst5,94.500000,94.750000,94.625000,0.000000,0.000000,0.000000,100.000000,0.250000,ns3-simulated/trace-derived
c1-zipf,Zipf 48/24/16/12,dst5,94.750000,95.000000,94.875000,0.000000,0.000000,0.000000,100.000000,0.250000,ns3-simulated/trace-derived
c1-zipf,Zipf 48/24/16/12,dst5,95.000000,95.250000,95.125000,0.000000,0.000000,0.000000,100.000000,0.250000,ns3-simulated/trace-derived
c1-zipf,Zipf 48/24/16/12,dst6,0.000000,0.250000,0.125000,0.000000,0.000000,0.000000,100.000000,0.250000,ns3-simulated/trace-derived
c1-zipf,Zipf 48/24/16/12,dst6,0.250000,0.500000,0.375000,0.000000,0.000000,0.000000,100.000000,0.250000,ns3-simulated/trace-derived
c1-zipf,Zipf 48/24/16/12,dst6,0.500000,0.750000,0.625000,1976.500000,63.248000,63.248000,100.000000,0.250000,ns3-simulated/trace-derived
c1-zipf,Zipf 48/24/16/12,dst6,0.750000,1.000000,0.875000,3125.000000,100.000000,100.000000,100.000000,0.250000,ns3-simulated/trace-derived
c1-zipf,Zipf 48/24/16/12,dst6,1.000000,1.250000,1.125000,3125.000000,100.000000,100.000000,100.000000,0.250000,ns3-simulated/trace-derived
c1-zipf,Zipf 48/24/16/12,dst6,1.250000,1.500000,1.375000,2081.500000,66.608000,66.608000,100.000000,0.250000,ns3-simulated/trace-derived
c1-zipf,Zipf 48/24/16/12,dst6,1.500000,1.750000,1.625000,3125.000000,100.000000,100.000000,100.000000,0.250000,ns3-simulated/trace-derived
c1-zipf,Zipf 48/24/16/12,dst6,1.750000,2.000000,1.875000,3125.000000,100.000000,100.000000,100.000000,0.250000,ns3-simulated/trace-derived
c1-zipf,Zipf 48/24/16/12,dst6,2.000000,2.250000,2.125000,3125.000000,100.000000,100.000000,100.000000,0.250000,ns3-simulated/trace-derived
c1-zipf,Zipf 48/24/16/12,dst6,2.250000,2.500000,2.375000,3125.000000,100.000000,100.000000,100.000000,0.250000,ns3-simulated/trace-derived
c1-zipf,Zipf 48/24/16/12,dst6,2.500000,2.750000,2.625000,3125.000000,100.000000,100.000000,100.000000,0.250000,ns3-simulated/trace-derived
c1-zipf,Zipf 48/24/16/12,dst6,2.750000,3.000000,2.875000,3125.000000,100.000000,100.000000,100.000000,0.250000,ns3-simulated/trace-derived
c1-zipf,Zipf 48/24/16/12,dst6,3.000000,3.250000,3.125000,3125.000000,100.000000,100.000000,100.000000,0.250000,ns3-simulated/trace-derived
c1-zipf,Zipf 48/24/16/12,dst6,3.250000,3.500000,3.375000,3125.000000,100.000000,100.000000,100.000000,0.250000,ns3-simulated/trace-derived
c1-zipf,Zipf 48/24/16/12,dst6,3.500000,3.750000,3.625000,3125.000000,100.000000,100.000000,100.000000,0.250000,ns3-simulated/trace-derived
c1-zipf,Zipf 48/24/16/12,dst6,3.750000,4.000000,3.875000,3125.000000,100.000000,100.000000,100.000000,0.250000,ns3-simulated/trace-derived
c1-zipf,Zipf 48/24/16/12,dst6,4.000000,4.250000,4.125000,3125.000000,100.000000,100.000000,100.000000,0.250000,ns3-simulated/trace-derived
c1-zipf,Zipf 48/24/16/12,dst6,4.250000,4.500000,4.375000,3125.000000,100.000000,100.000000,100.000000,0.250000,ns3-simulated/trace-derived
c1-zipf,Zipf 48/24/16/12,dst6,4.500000,4.750000,4.625000,3125.000000,100.000000,100.000000,100.000000,0.250000,ns3-simulated/trace-derived
c1-zipf,Zipf 48/24/16/12,dst6,4.750000,5.000000,4.875000,3125.000000,100.000000,100.000000,100.000000,0.250000,ns3-simulated/trace-derived
c1-zipf,Zipf 48/24/16/12,dst6,5.000000,5.250000,5.125000,3125.000000,100.000000,100.000000,100.000000,0.250000,ns3-simulated/trace-derived
c1-zipf,Zipf 48/24/16/12,dst6,5.250000,5.500000,5.375000,3125.000000,100.000000,100.000000,100.000000,0.250000,ns3-simulated/trace-derived
c1-zipf,Zipf 48/24/16/12,dst6,5.500000,5.750000,5.625000,3125.000000,100.000000,100.000000,100.000000,0.250000,ns3-simulated/trace-derived
c1-zipf,Zipf 48/24/16/12,dst6,5.750000,6.000000,5.875000,3125.000000,100.000000,100.000000,100.000000,0.250000,ns3-simulated/trace-derived
c1-zipf,Zipf 48/24/16/12,dst6,6.000000,6.250000,6.125000,3125.000000,100.000000,100.000000,100.000000,0.250000,ns3-simulated/trace-derived
c1-zipf,Zipf 48/24/16/12,dst6,6.250000,6.500000,6.375000,3125.000000,100.000000,100.000000,100.000000,0.250000,ns3-simulated/trace-derived
c1-zipf,Zipf 48/24/16/12,dst6,6.500000,6.750000,6.625000,3125.000000,100.000000,100.000000,100.000000,0.250000,ns3-simulated/trace-derived
c1-zipf,Zipf 48/24/16/12,dst6,6.750000,7.000000,6.875000,3125.000000,100.000000,100.000000,100.000000,0.250000,ns3-simulated/trace-derived
c1-zipf,Zipf 48/24/16/12,dst6,7.000000,7.250000,7.125000,3125.000000,100.000000,100.000000,100.000000,0.250000,ns3-simulated/trace-derived
c1-zipf,Zipf 48/24/16/12,dst6,7.250000,7.500000,7.375000,3125.000000,100.000000,100.000000,100.000000,0.250000,ns3-simulated/trace-derived
c1-zipf,Zipf 48/24/16/12,dst6,7.500000,7.750000,7.625000,3125.000000,100.000000,100.000000,100.000000,0.250000,ns3-simulated/trace-derived
c1-zipf,Zipf 48/24/16/12,dst6,7.750000,8.000000,7.875000,3125.000000,100.000000,100.000000,100.000000,0.250000,ns3-simulated/trace-derived
c1-zipf,Zipf 48/24/16/12,dst6,8.000000,8.250000,8.125000,3125.000000,100.000000,100.000000,100.000000,0.250000,ns3-simulated/trace-derived
c1-zipf,Zipf 48/24/16/12,dst6,8.250000,8.500000,8.375000,3125.000000,100.000000,100.000000,100.000000,0.250000,ns3-simulated/trace-derived
c1-zipf,Zipf 48/24/16/12,dst6,8.500000,8.750000,8.625000,3125.000000,100.000000,100.000000,100.000000,0.250000,ns3-simulated/trace-derived
c1-zipf,Zipf 48/24/16/12,dst6,8.750000,9.000000,8.875000,3125.000000,100.000000,100.000000,100.000000,0.250000,ns3-simulated/trace-derived
c1-zipf,Zipf 48/24/16/12,dst6,9.000000,9.250000,9.125000,3125.000000,100.000000,100.000000,100.000000,0.250000,ns3-simulated/trace-derived
c1-zipf,Zipf 48/24/16/12,dst6,9.250000,9.500000,9.375000,3125.000000,100.000000,100.000000,100.000000,0.250000,ns3-simulated/trace-derived
c1-zipf,Zipf 48/24/16/12,dst6,9.500000,9.750000,9.625000,3125.000000,100.000000,100.000000,100.000000,0.250000,ns3-simulated/trace-derived
c1-zipf,Zipf 48/24/16/12,dst6,9.750000,10.000000,9.875000,3125.000000,100.000000,100.000000,100.000000,0.250000,ns3-simulated/trace-derived
c1-zipf,Zipf 48/24/16/12,dst6,10.000000,10.250000,10.125000,3125.000000,100.000000,100.000000,100.000000,0.250000,ns3-simulated/trace-derived
c1-zipf,Zipf 48/24/16/12,dst6,10.250000,10.500000,10.375000,3125.000000,100.000000,100.000000,100.000000,0.250000,ns3-simulated/trace-derived
c1-zipf,Zipf 48/24/16/12,dst6,10.500000,10.750000,10.625000,3125.000000,100.000000,100.000000,100.000000,0.250000,ns3-simulated/trace-derived
c1-zipf,Zipf 48/24/16/12,dst6,10.750000,11.000000,10.875000,3125.000000,100.000000,100.000000,100.000000,0.250000,ns3-simulated/trace-derived
c1-zipf,Zipf 48/24/16/12,dst6,11.000000,11.250000,11.125000,3125.000000,100.000000,100.000000,100.000000,0.250000,ns3-simulated/trace-derived
c1-zipf,Zipf 48/24/16/12,dst6,11.250000,11.500000,11.375000,3125.000000,100.000000,100.000000,100.000000,0.250000,ns3-simulated/trace-derived
c1-zipf,Zipf 48/24/16/12,dst6,11.500000,11.750000,11.625000,3000.000000,96.000000,96.000000,100.000000,0.250000,ns3-simulated/trace-derived
c1-zipf,Zipf 48/24/16/12,dst6,11.750000,12.000000,11.875000,3125.000000,100.000000,100.000000,100.000000,0.250000,ns3-simulated/trace-derived
c1-zipf,Zipf 48/24/16/12,dst6,12.000000,12.250000,12.125000,3125.000000,100.000000,100.000000,100.000000,0.250000,ns3-simulated/trace-derived
c1-zipf,Zipf 48/24/16/12,dst6,12.250000,12.500000,12.375000,3125.000000,100.000000,100.000000,100.000000,0.250000,ns3-simulated/trace-derived
c1-zipf,Zipf 48/24/16/12,dst6,12.500000,12.750000,12.625000,3125.000000,100.000000,100.000000,100.000000,0.250000,ns3-simulated/trace-derived
c1-zipf,Zipf 48/24/16/12,dst6,12.750000,13.000000,12.875000,3125.000000,100.000000,100.000000,100.000000,0.250000,ns3-simulated/trace-derived
c1-zipf,Zipf 48/24/16/12,dst6,13.000000,13.250000,13.125000,3125.000000,100.000000,100.000000,100.000000,0.250000,ns3-simulated/trace-derived
c1-zipf,Zipf 48/24/16/12,dst6,13.250000,13.500000,13.375000,3125.000000,100.000000,100.000000,100.000000,0.250000,ns3-simulated/trace-derived
c1-zipf,Zipf 48/24/16/12,dst6,13.500000,13.750000,13.625000,3125.000000,100.000000,100.000000,100.000000,0.250000,ns3-simulated/trace-derived
c1-zipf,Zipf 48/24/16/12,dst6,13.750000,14.000000,13.875000,3125.000000,100.000000,100.000000,100.000000,0.250000,ns3-simulated/trace-derived
c1-zipf,Zipf 48/24/16/12,dst6,14.000000,14.250000,14.125000,3125.000000,100.000000,100.000000,100.000000,0.250000,ns3-simulated/trace-derived
c1-zipf,Zipf 48/24/16/12,dst6,14.250000,14.500000,14.375000,3125.000000,100.000000,100.000000,100.000000,0.250000,ns3-simulated/trace-derived
c1-zipf,Zipf 48/24/16/12,dst6,14.500000,14.750000,14.625000,3125.000000,100.000000,100.000000,100.000000,0.250000,ns3-simulated/trace-derived
c1-zipf,Zipf 48/24/16/12,dst6,14.750000,15.000000,14.875000,3125.000000,100.000000,100.000000,100.000000,0.250000,ns3-simulated/trace-derived
c1-zipf,Zipf 48/24/16/12,dst6,15.000000,15.250000,15.125000,2759.000000,88.288000,88.288000,100.000000,0.250000,ns3-simulated/trace-derived
c1-zipf,Zipf 48/24/16/12,dst6,15.250000,15.500000,15.375000,0.000000,0.000000,0.000000,100.000000,0.250000,ns3-simulated/trace-derived
c1-zipf,Zipf 48/24/16/12,dst6,15.500000,15.750000,15.625000,0.000000,0.000000,0.000000,100.000000,0.250000,ns3-simulated/trace-derived
c1-zipf,Zipf 48/24/16/12,dst6,15.750000,16.000000,15.875000,0.000000,0.000000,0.000000,100.000000,0.250000,ns3-simulated/trace-derived
c1-zipf,Zipf 48/24/16/12,dst6,16.000000,16.250000,16.125000,0.000000,0.000000,0.000000,100.000000,0.250000,ns3-simulated/trace-derived
c1-zipf,Zipf 48/24/16/12,dst6,16.250000,16.500000,16.375000,0.000000,0.000000,0.000000,100.000000,0.250000,ns3-simulated/trace-derived
c1-zipf,Zipf 48/24/16/12,dst6,16.500000,16.750000,16.625000,0.000000,0.000000,0.000000,100.000000,0.250000,ns3-simulated/trace-derived
c1-zipf,Zipf 48/24/16/12,dst6,16.750000,17.000000,16.875000,0.000000,0.000000,0.000000,100.000000,0.250000,ns3-simulated/trace-derived
c1-zipf,Zipf 48/24/16/12,dst6,17.000000,17.250000,17.125000,0.000000,0.000000,0.000000,100.000000,0.250000,ns3-simulated/trace-derived
c1-zipf,Zipf 48/24/16/12,dst6,17.250000,17.500000,17.375000,0.000000,0.000000,0.000000,100.000000,0.250000,ns3-simulated/trace-derived
c1-zipf,Zipf 48/24/16/12,dst6,17.500000,17.750000,17.625000,0.000000,0.000000,0.000000,100.000000,0.250000,ns3-simulated/trace-derived
c1-zipf,Zipf 48/24/16/12,dst6,17.750000,18.000000,17.875000,0.000000,0.000000,0.000000,100.000000,0.250000,ns3-simulated/trace-derived
c1-zipf,Zipf 48/24/16/12,dst6,18.000000,18.250000,18.125000,0.000000,0.000000,0.000000,100.000000,0.250000,ns3-simulated/trace-derived
c1-zipf,Zipf 48/24/16/12,dst6,18.250000,18.500000,18.375000,0.000000,0.000000,0.000000,100.000000,0.250000,ns3-simulated/trace-derived
c1-zipf,Zipf 48/24/16/12,dst6,18.500000,18.750000,18.625000,0.000000,0.000000,0.000000,100.000000,0.250000,ns3-simulated/trace-derived
c1-zipf,Zipf 48/24/16/12,dst6,18.750000,19.000000,18.875000,0.000000,0.000000,0.000000,100.000000,0.250000,ns3-simulated/trace-derived
c1-zipf,Zipf 48/24/16/12,dst6,19.000000,19.250000,19.125000,0.000000,0.000000,0.000000,100.000000,0.250000,ns3-simulated/trace-derived
c1-zipf,Zipf 48/24/16/12,dst6,19.250000,19.500000,19.375000,0.000000,0.000000,0.000000,100.000000,0.250000,ns3-simulated/trace-derived
c1-zipf,Zipf 48/24/16/12,dst6,19.500000,19.750000,19.625000,0.000000,0.000000,0.000000,100.000000,0.250000,ns3-simulated/trace-derived
c1-zipf,Zipf 48/24/16/12,dst6,19.750000,20.000000,19.875000,0.000000,0.000000,0.000000,100.000000,0.250000,ns3-simulated/trace-derived
c1-zipf,Zipf 48/24/16/12,dst6,20.000000,20.250000,20.125000,0.000000,0.000000,0.000000,100.000000,0.250000,ns3-simulated/trace-derived
c1-zipf,Zipf 48/24/16/12,dst6,20.250000,20.500000,20.375000,0.000000,0.000000,0.000000,100.000000,0.250000,ns3-simulated/trace-derived
c1-zipf,Zipf 48/24/16/12,dst6,20.500000,20.750000,20.625000,0.000000,0.000000,0.000000,100.000000,0.250000,ns3-simulated/trace-derived
c1-zipf,Zipf 48/24/16/12,dst6,20.750000,21.000000,20.875000,0.000000,0.000000,0.000000,100.000000,0.250000,ns3-simulated/trace-derived
c1-zipf,Zipf 48/24/16/12,dst6,21.000000,21.250000,21.125000,0.000000,0.000000,0.000000,100.000000,0.250000,ns3-simulated/trace-derived
c1-zipf,Zipf 48/24/16/12,dst6,21.250000,21.500000,21.375000,0.000000,0.000000,0.000000,100.000000,0.250000,ns3-simulated/trace-derived
c1-zipf,Zipf 48/24/16/12,dst6,21.500000,21.750000,21.625000,0.000000,0.000000,0.000000,100.000000,0.250000,ns3-simulated/trace-derived
c1-zipf,Zipf 48/24/16/12,dst6,21.750000,22.000000,21.875000,0.000000,0.000000,0.000000,100.000000,0.250000,ns3-simulated/trace-derived
c1-zipf,Zipf 48/24/16/12,dst6,22.000000,22.250000,22.125000,0.000000,0.000000,0.000000,100.000000,0.250000,ns3-simulated/trace-derived
c1-zipf,Zipf 48/24/16/12,dst6,22.250000,22.500000,22.375000,0.000000,0.000000,0.000000,100.000000,0.250000,ns3-simulated/trace-derived
c1-zipf,Zipf 48/24/16/12,dst6,22.500000,22.750000,22.625000,0.000000,0.000000,0.000000,100.000000,0.250000,ns3-simulated/trace-derived
c1-zipf,Zipf 48/24/16/12,dst6,22.750000,23.000000,22.875000,0.000000,0.000000,0.000000,100.000000,0.250000,ns3-simulated/trace-derived
c1-zipf,Zipf 48/24/16/12,dst6,23.000000,23.250000,23.125000,0.000000,0.000000,0.000000,100.000000,0.250000,ns3-simulated/trace-derived
c1-zipf,Zipf 48/24/16/12,dst6,23.250000,23.500000,23.375000,0.000000,0.000000,0.000000,100.000000,0.250000,ns3-simulated/trace-derived
c1-zipf,Zipf 48/24/16/12,dst6,23.500000,23.750000,23.625000,0.000000,0.000000,0.000000,100.000000,0.250000,ns3-simulated/trace-derived
c1-zipf,Zipf 48/24/16/12,dst6,23.750000,24.000000,23.875000,0.000000,0.000000,0.000000,100.000000,0.250000,ns3-simulated/trace-derived
c1-zipf,Zipf 48/24/16/12,dst6,24.000000,24.250000,24.125000,0.000000,0.000000,0.000000,100.000000,0.250000,ns3-simulated/trace-derived
c1-zipf,Zipf 48/24/16/12,dst6,24.250000,24.500000,24.375000,0.000000,0.000000,0.000000,100.000000,0.250000,ns3-simulated/trace-derived
c1-zipf,Zipf 48/24/16/12,dst6,24.500000,24.750000,24.625000,0.000000,0.000000,0.000000,100.000000,0.250000,ns3-simulated/trace-derived
c1-zipf,Zipf 48/24/16/12,dst6,24.750000,25.000000,24.875000,0.000000,0.000000,0.000000,100.000000,0.250000,ns3-simulated/trace-derived
c1-zipf,Zipf 48/24/16/12,dst6,25.000000,25.250000,25.125000,0.000000,0.000000,0.000000,100.000000,0.250000,ns3-simulated/trace-derived
c1-zipf,Zipf 48/24/16/12,dst6,25.250000,25.500000,25.375000,0.000000,0.000000,0.000000,100.000000,0.250000,ns3-simulated/trace-derived
c1-zipf,Zipf 48/24/16/12,dst6,25.500000,25.750000,25.625000,0.000000,0.000000,0.000000,100.000000,0.250000,ns3-simulated/trace-derived
c1-zipf,Zipf 48/24/16/12,dst6,25.750000,26.000000,25.875000,0.000000,0.000000,0.000000,100.000000,0.250000,ns3-simulated/trace-derived
c1-zipf,Zipf 48/24/16/12,dst6,26.000000,26.250000,26.125000,0.000000,0.000000,0.000000,100.000000,0.250000,ns3-simulated/trace-derived
c1-zipf,Zipf 48/24/16/12,dst6,26.250000,26.500000,26.375000,0.000000,0.000000,0.000000,100.000000,0.250000,ns3-simulated/trace-derived
c1-zipf,Zipf 48/24/16/12,dst6,26.500000,26.750000,26.625000,0.000000,0.000000,0.000000,100.000000,0.250000,ns3-simulated/trace-derived
c1-zipf,Zipf 48/24/16/12,dst6,26.750000,27.000000,26.875000,0.000000,0.000000,0.000000,100.000000,0.250000,ns3-simulated/trace-derived
c1-zipf,Zipf 48/24/16/12,dst6,27.000000,27.250000,27.125000,0.000000,0.000000,0.000000,100.000000,0.250000,ns3-simulated/trace-derived
c1-zipf,Zipf 48/24/16/12,dst6,27.250000,27.500000,27.375000,0.000000,0.000000,0.000000,100.000000,0.250000,ns3-simulated/trace-derived
c1-zipf,Zipf 48/24/16/12,dst6,27.500000,27.750000,27.625000,0.000000,0.000000,0.000000,100.000000,0.250000,ns3-simulated/trace-derived
c1-zipf,Zipf 48/24/16/12,dst6,27.750000,28.000000,27.875000,0.000000,0.000000,0.000000,100.000000,0.250000,ns3-simulated/trace-derived
c1-zipf,Zipf 48/24/16/12,dst6,28.000000,28.250000,28.125000,0.000000,0.000000,0.000000,100.000000,0.250000,ns3-simulated/trace-derived
c1-zipf,Zipf 48/24/16/12,dst6,28.250000,28.500000,28.375000,0.000000,0.000000,0.000000,100.000000,0.250000,ns3-simulated/trace-derived
c1-zipf,Zipf 48/24/16/12,dst6,28.500000,28.750000,28.625000,0.000000,0.000000,0.000000,100.000000,0.250000,ns3-simulated/trace-derived
c1-zipf,Zipf 48/24/16/12,dst6,28.750000,29.000000,28.875000,0.000000,0.000000,0.000000,100.000000,0.250000,ns3-simulated/trace-derived
c1-zipf,Zipf 48/24/16/12,dst6,29.000000,29.250000,29.125000,0.000000,0.000000,0.000000,100.000000,0.250000,ns3-simulated/trace-derived
c1-zipf,Zipf 48/24/16/12,dst6,29.250000,29.500000,29.375000,0.000000,0.000000,0.000000,100.000000,0.250000,ns3-simulated/trace-derived
c1-zipf,Zipf 48/24/16/12,dst6,29.500000,29.750000,29.625000,0.000000,0.000000,0.000000,100.000000,0.250000,ns3-simulated/trace-derived
c1-zipf,Zipf 48/24/16/12,dst6,29.750000,30.000000,29.875000,0.000000,0.000000,0.000000,100.000000,0.250000,ns3-simulated/trace-derived
c1-zipf,Zipf 48/24/16/12,dst6,30.000000,30.250000,30.125000,0.000000,0.000000,0.000000,100.000000,0.250000,ns3-simulated/trace-derived
c1-zipf,Zipf 48/24/16/12,dst6,30.250000,30.500000,30.375000,0.000000,0.000000,0.000000,100.000000,0.250000,ns3-simulated/trace-derived
c1-zipf,Zipf 48/24/16/12,dst6,30.500000,30.750000,30.625000,0.000000,0.000000,0.000000,100.000000,0.250000,ns3-simulated/trace-derived
c1-zipf,Zipf 48/24/16/12,dst6,30.750000,31.000000,30.875000,0.000000,0.000000,0.000000,100.000000,0.250000,ns3-simulated/trace-derived
c1-zipf,Zipf 48/24/16/12,dst6,31.000000,31.250000,31.125000,0.000000,0.000000,0.000000,100.000000,0.250000,ns3-simulated/trace-derived
c1-zipf,Zipf 48/24/16/12,dst6,31.250000,31.500000,31.375000,0.000000,0.000000,0.000000,100.000000,0.250000,ns3-simulated/trace-derived
c1-zipf,Zipf 48/24/16/12,dst6,31.500000,31.750000,31.625000,0.000000,0.000000,0.000000,100.000000,0.250000,ns3-simulated/trace-derived
c1-zipf,Zipf 48/24/16/12,dst6,31.750000,32.000000,31.875000,0.000000,0.000000,0.000000,100.000000,0.250000,ns3-simulated/trace-derived
c1-zipf,Zipf 48/24/16/12,dst6,32.000000,32.250000,32.125000,0.000000,0.000000,0.000000,100.000000,0.250000,ns3-simulated/trace-derived
c1-zipf,Zipf 48/24/16/12,dst6,32.250000,32.500000,32.375000,0.000000,0.000000,0.000000,100.000000,0.250000,ns3-simulated/trace-derived
c1-zipf,Zipf 48/24/16/12,dst6,32.500000,32.750000,32.625000,0.000000,0.000000,0.000000,100.000000,0.250000,ns3-simulated/trace-derived
c1-zipf,Zipf 48/24/16/12,dst6,32.750000,33.000000,32.875000,0.000000,0.000000,0.000000,100.000000,0.250000,ns3-simulated/trace-derived
c1-zipf,Zipf 48/24/16/12,dst6,33.000000,33.250000,33.125000,0.000000,0.000000,0.000000,100.000000,0.250000,ns3-simulated/trace-derived
c1-zipf,Zipf 48/24/16/12,dst6,33.250000,33.500000,33.375000,0.000000,0.000000,0.000000,100.000000,0.250000,ns3-simulated/trace-derived
c1-zipf,Zipf 48/24/16/12,dst6,33.500000,33.750000,33.625000,0.000000,0.000000,0.000000,100.000000,0.250000,ns3-simulated/trace-derived
c1-zipf,Zipf 48/24/16/12,dst6,33.750000,34.000000,33.875000,0.000000,0.000000,0.000000,100.000000,0.250000,ns3-simulated/trace-derived
c1-zipf,Zipf 48/24/16/12,dst6,34.000000,34.250000,34.125000,0.000000,0.000000,0.000000,100.000000,0.250000,ns3-simulated/trace-derived
c1-zipf,Zipf 48/24/16/12,dst6,34.250000,34.500000,34.375000,0.000000,0.000000,0.000000,100.000000,0.250000,ns3-simulated/trace-derived
c1-zipf,Zipf 48/24/16/12,dst6,34.500000,34.750000,34.625000,0.000000,0.000000,0.000000,100.000000,0.250000,ns3-simulated/trace-derived
c1-zipf,Zipf 48/24/16/12,dst6,34.750000,35.000000,34.875000,0.000000,0.000000,0.000000,100.000000,0.250000,ns3-simulated/trace-derived
c1-zipf,Zipf 48/24/16/12,dst6,35.000000,35.250000,35.125000,0.000000,0.000000,0.000000,100.000000,0.250000,ns3-simulated/trace-derived
c1-zipf,Zipf 48/24/16/12,dst6,35.250000,35.500000,35.375000,0.000000,0.000000,0.000000,100.000000,0.250000,ns3-simulated/trace-derived
c1-zipf,Zipf 48/24/16/12,dst6,35.500000,35.750000,35.625000,0.000000,0.000000,0.000000,100.000000,0.250000,ns3-simulated/trace-derived
c1-zipf,Zipf 48/24/16/12,dst6,35.750000,36.000000,35.875000,0.000000,0.000000,0.000000,100.000000,0.250000,ns3-simulated/trace-derived
c1-zipf,Zipf 48/24/16/12,dst6,36.000000,36.250000,36.125000,0.000000,0.000000,0.000000,100.000000,0.250000,ns3-simulated/trace-derived
c1-zipf,Zipf 48/24/16/12,dst6,36.250000,36.500000,36.375000,0.000000,0.000000,0.000000,100.000000,0.250000,ns3-simulated/trace-derived
c1-zipf,Zipf 48/24/16/12,dst6,36.500000,36.750000,36.625000,0.000000,0.000000,0.000000,100.000000,0.250000,ns3-simulated/trace-derived
c1-zipf,Zipf 48/24/16/12,dst6,36.750000,37.000000,36.875000,0.000000,0.000000,0.000000,100.000000,0.250000,ns3-simulated/trace-derived
c1-zipf,Zipf 48/24/16/12,dst6,37.000000,37.250000,37.125000,0.000000,0.000000,0.000000,100.000000,0.250000,ns3-simulated/trace-derived
c1-zipf,Zipf 48/24/16/12,dst6,37.250000,37.500000,37.375000,0.000000,0.000000,0.000000,100.000000,0.250000,ns3-simulated/trace-derived
c1-zipf,Zipf 48/24/16/12,dst6,37.500000,37.750000,37.625000,0.000000,0.000000,0.000000,100.000000,0.250000,ns3-simulated/trace-derived
c1-zipf,Zipf 48/24/16/12,dst6,37.750000,38.000000,37.875000,0.000000,0.000000,0.000000,100.000000,0.250000,ns3-simulated/trace-derived
c1-zipf,Zipf 48/24/16/12,dst6,38.000000,38.250000,38.125000,0.000000,0.000000,0.000000,100.000000,0.250000,ns3-simulated/trace-derived
c1-zipf,Zipf 48/24/16/12,dst6,38.250000,38.500000,38.375000,0.000000,0.000000,0.000000,100.000000,0.250000,ns3-simulated/trace-derived
c1-zipf,Zipf 48/24/16/12,dst6,38.500000,38.750000,38.625000,0.000000,0.000000,0.000000,100.000000,0.250000,ns3-simulated/trace-derived
c1-zipf,Zipf 48/24/16/12,dst6,38.750000,39.000000,38.875000,0.000000,0.000000,0.000000,100.000000,0.250000,ns3-simulated/trace-derived
c1-zipf,Zipf 48/24/16/12,dst6,39.000000,39.250000,39.125000,0.000000,0.000000,0.000000,100.000000,0.250000,ns3-simulated/trace-derived
c1-zipf,Zipf 48/24/16/12,dst6,39.250000,39.500000,39.375000,0.000000,0.000000,0.000000,100.000000,0.250000,ns3-simulated/trace-derived
c1-zipf,Zipf 48/24/16/12,dst6,39.500000,39.750000,39.625000,0.000000,0.000000,0.000000,100.000000,0.250000,ns3-simulated/trace-derived
c1-zipf,Zipf 48/24/16/12,dst6,39.750000,40.000000,39.875000,0.000000,0.000000,0.000000,100.000000,0.250000,ns3-simulated/trace-derived
c1-zipf,Zipf 48/24/16/12,dst6,40.000000,40.250000,40.125000,0.000000,0.000000,0.000000,100.000000,0.250000,ns3-simulated/trace-derived
c1-zipf,Zipf 48/24/16/12,dst6,40.250000,40.500000,40.375000,0.000000,0.000000,0.000000,100.000000,0.250000,ns3-simulated/trace-derived
c1-zipf,Zipf 48/24/16/12,dst6,40.500000,40.750000,40.625000,0.000000,0.000000,0.000000,100.000000,0.250000,ns3-simulated/trace-derived
c1-zipf,Zipf 48/24/16/12,dst6,40.750000,41.000000,40.875000,0.000000,0.000000,0.000000,100.000000,0.250000,ns3-simulated/trace-derived
c1-zipf,Zipf 48/24/16/12,dst6,41.000000,41.250000,41.125000,0.000000,0.000000,0.000000,100.000000,0.250000,ns3-simulated/trace-derived
c1-zipf,Zipf 48/24/16/12,dst6,41.250000,41.500000,41.375000,0.000000,0.000000,0.000000,100.000000,0.250000,ns3-simulated/trace-derived
c1-zipf,Zipf 48/24/16/12,dst6,41.500000,41.750000,41.625000,0.000000,0.000000,0.000000,100.000000,0.250000,ns3-simulated/trace-derived
c1-zipf,Zipf 48/24/16/12,dst6,41.750000,42.000000,41.875000,0.000000,0.000000,0.000000,100.000000,0.250000,ns3-simulated/trace-derived
c1-zipf,Zipf 48/24/16/12,dst6,42.000000,42.250000,42.125000,0.000000,0.000000,0.000000,100.000000,0.250000,ns3-simulated/trace-derived
c1-zipf,Zipf 48/24/16/12,dst6,42.250000,42.500000,42.375000,0.000000,0.000000,0.000000,100.000000,0.250000,ns3-simulated/trace-derived
c1-zipf,Zipf 48/24/16/12,dst6,42.500000,42.750000,42.625000,0.000000,0.000000,0.000000,100.000000,0.250000,ns3-simulated/trace-derived
c1-zipf,Zipf 48/24/16/12,dst6,42.750000,43.000000,42.875000,0.000000,0.000000,0.000000,100.000000,0.250000,ns3-simulated/trace-derived
c1-zipf,Zipf 48/24/16/12,dst6,43.000000,43.250000,43.125000,0.000000,0.000000,0.000000,100.000000,0.250000,ns3-simulated/trace-derived
c1-zipf,Zipf 48/24/16/12,dst6,43.250000,43.500000,43.375000,0.000000,0.000000,0.000000,100.000000,0.250000,ns3-simulated/trace-derived
c1-zipf,Zipf 48/24/16/12,dst6,43.500000,43.750000,43.625000,0.000000,0.000000,0.000000,100.000000,0.250000,ns3-simulated/trace-derived
c1-zipf,Zipf 48/24/16/12,dst6,43.750000,44.000000,43.875000,0.000000,0.000000,0.000000,100.000000,0.250000,ns3-simulated/trace-derived
c1-zipf,Zipf 48/24/16/12,dst6,44.000000,44.250000,44.125000,0.000000,0.000000,0.000000,100.000000,0.250000,ns3-simulated/trace-derived
c1-zipf,Zipf 48/24/16/12,dst6,44.250000,44.500000,44.375000,0.000000,0.000000,0.000000,100.000000,0.250000,ns3-simulated/trace-derived
c1-zipf,Zipf 48/24/16/12,dst6,44.500000,44.750000,44.625000,0.000000,0.000000,0.000000,100.000000,0.250000,ns3-simulated/trace-derived
c1-zipf,Zipf 48/24/16/12,dst6,44.750000,45.000000,44.875000,0.000000,0.000000,0.000000,100.000000,0.250000,ns3-simulated/trace-derived
c1-zipf,Zipf 48/24/16/12,dst6,45.000000,45.250000,45.125000,0.000000,0.000000,0.000000,100.000000,0.250000,ns3-simulated/trace-derived
c1-zipf,Zipf 48/24/16/12,dst6,45.250000,45.500000,45.375000,0.000000,0.000000,0.000000,100.000000,0.250000,ns3-simulated/trace-derived
c1-zipf,Zipf 48/24/16/12,dst6,45.500000,45.750000,45.625000,0.000000,0.000000,0.000000,100.000000,0.250000,ns3-simulated/trace-derived
c1-zipf,Zipf 48/24/16/12,dst6,45.750000,46.000000,45.875000,0.000000,0.000000,0.000000,100.000000,0.250000,ns3-simulated/trace-derived
c1-zipf,Zipf 48/24/16/12,dst6,46.000000,46.250000,46.125000,0.000000,0.000000,0.000000,100.000000,0.250000,ns3-simulated/trace-derived
c1-zipf,Zipf 48/24/16/12,dst6,46.250000,46.500000,46.375000,0.000000,0.000000,0.000000,100.000000,0.250000,ns3-simulated/trace-derived
c1-zipf,Zipf 48/24/16/12,dst6,46.500000,46.750000,46.625000,0.000000,0.000000,0.000000,100.000000,0.250000,ns3-simulated/trace-derived
c1-zipf,Zipf 48/24/16/12,dst6,46.750000,47.000000,46.875000,0.000000,0.000000,0.000000,100.000000,0.250000,ns3-simulated/trace-derived
c1-zipf,Zipf 48/24/16/12,dst6,47.000000,47.250000,47.125000,0.000000,0.000000,0.000000,100.000000,0.250000,ns3-simulated/trace-derived
c1-zipf,Zipf 48/24/16/12,dst6,47.250000,47.500000,47.375000,0.000000,0.000000,0.000000,100.000000,0.250000,ns3-simulated/trace-derived
c1-zipf,Zipf 48/24/16/12,dst6,47.500000,47.750000,47.625000,0.000000,0.000000,0.000000,100.000000,0.250000,ns3-simulated/trace-derived
c1-zipf,Zipf 48/24/16/12,dst6,47.750000,48.000000,47.875000,0.000000,0.000000,0.000000,100.000000,0.250000,ns3-simulated/trace-derived
c1-zipf,Zipf 48/24/16/12,dst6,48.000000,48.250000,48.125000,0.000000,0.000000,0.000000,100.000000,0.250000,ns3-simulated/trace-derived
c1-zipf,Zipf 48/24/16/12,dst6,48.250000,48.500000,48.375000,0.000000,0.000000,0.000000,100.000000,0.250000,ns3-simulated/trace-derived
c1-zipf,Zipf 48/24/16/12,dst6,48.500000,48.750000,48.625000,0.000000,0.000000,0.000000,100.000000,0.250000,ns3-simulated/trace-derived
c1-zipf,Zipf 48/24/16/12,dst6,48.750000,49.000000,48.875000,0.000000,0.000000,0.000000,100.000000,0.250000,ns3-simulated/trace-derived
c1-zipf,Zipf 48/24/16/12,dst6,49.000000,49.250000,49.125000,0.000000,0.000000,0.000000,100.000000,0.250000,ns3-simulated/trace-derived
c1-zipf,Zipf 48/24/16/12,dst6,49.250000,49.500000,49.375000,0.000000,0.000000,0.000000,100.000000,0.250000,ns3-simulated/trace-derived
c1-zipf,Zipf 48/24/16/12,dst6,49.500000,49.750000,49.625000,0.000000,0.000000,0.000000,100.000000,0.250000,ns3-simulated/trace-derived
c1-zipf,Zipf 48/24/16/12,dst6,49.750000,50.000000,49.875000,0.000000,0.000000,0.000000,100.000000,0.250000,ns3-simulated/trace-derived
c1-zipf,Zipf 48/24/16/12,dst6,50.000000,50.250000,50.125000,0.000000,0.000000,0.000000,100.000000,0.250000,ns3-simulated/trace-derived
c1-zipf,Zipf 48/24/16/12,dst6,50.250000,50.500000,50.375000,0.000000,0.000000,0.000000,100.000000,0.250000,ns3-simulated/trace-derived
c1-zipf,Zipf 48/24/16/12,dst6,50.500000,50.750000,50.625000,0.000000,0.000000,0.000000,100.000000,0.250000,ns3-simulated/trace-derived
c1-zipf,Zipf 48/24/16/12,dst6,50.750000,51.000000,50.875000,0.000000,0.000000,0.000000,100.000000,0.250000,ns3-simulated/trace-derived
c1-zipf,Zipf 48/24/16/12,dst6,51.000000,51.250000,51.125000,0.000000,0.000000,0.000000,100.000000,0.250000,ns3-simulated/trace-derived
c1-zipf,Zipf 48/24/16/12,dst6,51.250000,51.500000,51.375000,0.000000,0.000000,0.000000,100.000000,0.250000,ns3-simulated/trace-derived
c1-zipf,Zipf 48/24/16/12,dst6,51.500000,51.750000,51.625000,0.000000,0.000000,0.000000,100.000000,0.250000,ns3-simulated/trace-derived
c1-zipf,Zipf 48/24/16/12,dst6,51.750000,52.000000,51.875000,0.000000,0.000000,0.000000,100.000000,0.250000,ns3-simulated/trace-derived
c1-zipf,Zipf 48/24/16/12,dst6,52.000000,52.250000,52.125000,0.000000,0.000000,0.000000,100.000000,0.250000,ns3-simulated/trace-derived
c1-zipf,Zipf 48/24/16/12,dst6,52.250000,52.500000,52.375000,0.000000,0.000000,0.000000,100.000000,0.250000,ns3-simulated/trace-derived
c1-zipf,Zipf 48/24/16/12,dst6,52.500000,52.750000,52.625000,0.000000,0.000000,0.000000,100.000000,0.250000,ns3-simulated/trace-derived
c1-zipf,Zipf 48/24/16/12,dst6,52.750000,53.000000,52.875000,0.000000,0.000000,0.000000,100.000000,0.250000,ns3-simulated/trace-derived
c1-zipf,Zipf 48/24/16/12,dst6,53.000000,53.250000,53.125000,0.000000,0.000000,0.000000,100.000000,0.250000,ns3-simulated/trace-derived
c1-zipf,Zipf 48/24/16/12,dst6,53.250000,53.500000,53.375000,0.000000,0.000000,0.000000,100.000000,0.250000,ns3-simulated/trace-derived
c1-zipf,Zipf 48/24/16/12,dst6,53.500000,53.750000,53.625000,0.000000,0.000000,0.000000,100.000000,0.250000,ns3-simulated/trace-derived
c1-zipf,Zipf 48/24/16/12,dst6,53.750000,54.000000,53.875000,0.000000,0.000000,0.000000,100.000000,0.250000,ns3-simulated/trace-derived
c1-zipf,Zipf 48/24/16/12,dst6,54.000000,54.250000,54.125000,0.000000,0.000000,0.000000,100.000000,0.250000,ns3-simulated/trace-derived
c1-zipf,Zipf 48/24/16/12,dst6,54.250000,54.500000,54.375000,0.000000,0.000000,0.000000,100.000000,0.250000,ns3-simulated/trace-derived
c1-zipf,Zipf 48/24/16/12,dst6,54.500000,54.750000,54.625000,0.000000,0.000000,0.000000,100.000000,0.250000,ns3-simulated/trace-derived
c1-zipf,Zipf 48/24/16/12,dst6,54.750000,55.000000,54.875000,0.000000,0.000000,0.000000,100.000000,0.250000,ns3-simulated/trace-derived
c1-zipf,Zipf 48/24/16/12,dst6,55.000000,55.250000,55.125000,0.000000,0.000000,0.000000,100.000000,0.250000,ns3-simulated/trace-derived
c1-zipf,Zipf 48/24/16/12,dst6,55.250000,55.500000,55.375000,0.000000,0.000000,0.000000,100.000000,0.250000,ns3-simulated/trace-derived
c1-zipf,Zipf 48/24/16/12,dst6,55.500000,55.750000,55.625000,0.000000,0.000000,0.000000,100.000000,0.250000,ns3-simulated/trace-derived
c1-zipf,Zipf 48/24/16/12,dst6,55.750000,56.000000,55.875000,0.000000,0.000000,0.000000,100.000000,0.250000,ns3-simulated/trace-derived
c1-zipf,Zipf 48/24/16/12,dst6,56.000000,56.250000,56.125000,0.000000,0.000000,0.000000,100.000000,0.250000,ns3-simulated/trace-derived
c1-zipf,Zipf 48/24/16/12,dst6,56.250000,56.500000,56.375000,0.000000,0.000000,0.000000,100.000000,0.250000,ns3-simulated/trace-derived
c1-zipf,Zipf 48/24/16/12,dst6,56.500000,56.750000,56.625000,0.000000,0.000000,0.000000,100.000000,0.250000,ns3-simulated/trace-derived
c1-zipf,Zipf 48/24/16/12,dst6,56.750000,57.000000,56.875000,0.000000,0.000000,0.000000,100.000000,0.250000,ns3-simulated/trace-derived
c1-zipf,Zipf 48/24/16/12,dst6,57.000000,57.250000,57.125000,0.000000,0.000000,0.000000,100.000000,0.250000,ns3-simulated/trace-derived
c1-zipf,Zipf 48/24/16/12,dst6,57.250000,57.500000,57.375000,0.000000,0.000000,0.000000,100.000000,0.250000,ns3-simulated/trace-derived
c1-zipf,Zipf 48/24/16/12,dst6,57.500000,57.750000,57.625000,0.000000,0.000000,0.000000,100.000000,0.250000,ns3-simulated/trace-derived
c1-zipf,Zipf 48/24/16/12,dst6,57.750000,58.000000,57.875000,0.000000,0.000000,0.000000,100.000000,0.250000,ns3-simulated/trace-derived
c1-zipf,Zipf 48/24/16/12,dst6,58.000000,58.250000,58.125000,0.000000,0.000000,0.000000,100.000000,0.250000,ns3-simulated/trace-derived
c1-zipf,Zipf 48/24/16/12,dst6,58.250000,58.500000,58.375000,0.000000,0.000000,0.000000,100.000000,0.250000,ns3-simulated/trace-derived
c1-zipf,Zipf 48/24/16/12,dst6,58.500000,58.750000,58.625000,0.000000,0.000000,0.000000,100.000000,0.250000,ns3-simulated/trace-derived
c1-zipf,Zipf 48/24/16/12,dst6,58.750000,59.000000,58.875000,0.000000,0.000000,0.000000,100.000000,0.250000,ns3-simulated/trace-derived
c1-zipf,Zipf 48/24/16/12,dst6,59.000000,59.250000,59.125000,0.000000,0.000000,0.000000,100.000000,0.250000,ns3-simulated/trace-derived
c1-zipf,Zipf 48/24/16/12,dst6,59.250000,59.500000,59.375000,0.000000,0.000000,0.000000,100.000000,0.250000,ns3-simulated/trace-derived
c1-zipf,Zipf 48/24/16/12,dst6,59.500000,59.750000,59.625000,0.000000,0.000000,0.000000,100.000000,0.250000,ns3-simulated/trace-derived
c1-zipf,Zipf 48/24/16/12,dst6,59.750000,60.000000,59.875000,0.000000,0.000000,0.000000,100.000000,0.250000,ns3-simulated/trace-derived
c1-zipf,Zipf 48/24/16/12,dst6,60.000000,60.250000,60.125000,0.000000,0.000000,0.000000,100.000000,0.250000,ns3-simulated/trace-derived
c1-zipf,Zipf 48/24/16/12,dst6,60.250000,60.500000,60.375000,0.000000,0.000000,0.000000,100.000000,0.250000,ns3-simulated/trace-derived
c1-zipf,Zipf 48/24/16/12,dst6,60.500000,60.750000,60.625000,0.000000,0.000000,0.000000,100.000000,0.250000,ns3-simulated/trace-derived
c1-zipf,Zipf 48/24/16/12,dst6,60.750000,61.000000,60.875000,0.000000,0.000000,0.000000,100.000000,0.250000,ns3-simulated/trace-derived
c1-zipf,Zipf 48/24/16/12,dst6,61.000000,61.250000,61.125000,0.000000,0.000000,0.000000,100.000000,0.250000,ns3-simulated/trace-derived
c1-zipf,Zipf 48/24/16/12,dst6,61.250000,61.500000,61.375000,0.000000,0.000000,0.000000,100.000000,0.250000,ns3-simulated/trace-derived
c1-zipf,Zipf 48/24/16/12,dst6,61.500000,61.750000,61.625000,0.000000,0.000000,0.000000,100.000000,0.250000,ns3-simulated/trace-derived
c1-zipf,Zipf 48/24/16/12,dst6,61.750000,62.000000,61.875000,0.000000,0.000000,0.000000,100.000000,0.250000,ns3-simulated/trace-derived
c1-zipf,Zipf 48/24/16/12,dst6,62.000000,62.250000,62.125000,0.000000,0.000000,0.000000,100.000000,0.250000,ns3-simulated/trace-derived
c1-zipf,Zipf 48/24/16/12,dst6,62.250000,62.500000,62.375000,0.000000,0.000000,0.000000,100.000000,0.250000,ns3-simulated/trace-derived
c1-zipf,Zipf 48/24/16/12,dst6,62.500000,62.750000,62.625000,0.000000,0.000000,0.000000,100.000000,0.250000,ns3-simulated/trace-derived
c1-zipf,Zipf 48/24/16/12,dst6,62.750000,63.000000,62.875000,0.000000,0.000000,0.000000,100.000000,0.250000,ns3-simulated/trace-derived
c1-zipf,Zipf 48/24/16/12,dst6,63.000000,63.250000,63.125000,0.000000,0.000000,0.000000,100.000000,0.250000,ns3-simulated/trace-derived
c1-zipf,Zipf 48/24/16/12,dst6,63.250000,63.500000,63.375000,0.000000,0.000000,0.000000,100.000000,0.250000,ns3-simulated/trace-derived
c1-zipf,Zipf 48/24/16/12,dst6,63.500000,63.750000,63.625000,0.000000,0.000000,0.000000,100.000000,0.250000,ns3-simulated/trace-derived
c1-zipf,Zipf 48/24/16/12,dst6,63.750000,64.000000,63.875000,0.000000,0.000000,0.000000,100.000000,0.250000,ns3-simulated/trace-derived
c1-zipf,Zipf 48/24/16/12,dst6,64.000000,64.250000,64.125000,0.000000,0.000000,0.000000,100.000000,0.250000,ns3-simulated/trace-derived
c1-zipf,Zipf 48/24/16/12,dst6,64.250000,64.500000,64.375000,0.000000,0.000000,0.000000,100.000000,0.250000,ns3-simulated/trace-derived
c1-zipf,Zipf 48/24/16/12,dst6,64.500000,64.750000,64.625000,0.000000,0.000000,0.000000,100.000000,0.250000,ns3-simulated/trace-derived
c1-zipf,Zipf 48/24/16/12,dst6,64.750000,65.000000,64.875000,0.000000,0.000000,0.000000,100.000000,0.250000,ns3-simulated/trace-derived
c1-zipf,Zipf 48/24/16/12,dst6,65.000000,65.250000,65.125000,0.000000,0.000000,0.000000,100.000000,0.250000,ns3-simulated/trace-derived
c1-zipf,Zipf 48/24/16/12,dst6,65.250000,65.500000,65.375000,0.000000,0.000000,0.000000,100.000000,0.250000,ns3-simulated/trace-derived
c1-zipf,Zipf 48/24/16/12,dst6,65.500000,65.750000,65.625000,0.000000,0.000000,0.000000,100.000000,0.250000,ns3-simulated/trace-derived
c1-zipf,Zipf 48/24/16/12,dst6,65.750000,66.000000,65.875000,0.000000,0.000000,0.000000,100.000000,0.250000,ns3-simulated/trace-derived
c1-zipf,Zipf 48/24/16/12,dst6,66.000000,66.250000,66.125000,0.000000,0.000000,0.000000,100.000000,0.250000,ns3-simulated/trace-derived
c1-zipf,Zipf 48/24/16/12,dst6,66.250000,66.500000,66.375000,0.000000,0.000000,0.000000,100.000000,0.250000,ns3-simulated/trace-derived
c1-zipf,Zipf 48/24/16/12,dst6,66.500000,66.750000,66.625000,0.000000,0.000000,0.000000,100.000000,0.250000,ns3-simulated/trace-derived
c1-zipf,Zipf 48/24/16/12,dst6,66.750000,67.000000,66.875000,0.000000,0.000000,0.000000,100.000000,0.250000,ns3-simulated/trace-derived
c1-zipf,Zipf 48/24/16/12,dst6,67.000000,67.250000,67.125000,0.000000,0.000000,0.000000,100.000000,0.250000,ns3-simulated/trace-derived
c1-zipf,Zipf 48/24/16/12,dst6,67.250000,67.500000,67.375000,0.000000,0.000000,0.000000,100.000000,0.250000,ns3-simulated/trace-derived
c1-zipf,Zipf 48/24/16/12,dst6,67.500000,67.750000,67.625000,0.000000,0.000000,0.000000,100.000000,0.250000,ns3-simulated/trace-derived
c1-zipf,Zipf 48/24/16/12,dst6,67.750000,68.000000,67.875000,0.000000,0.000000,0.000000,100.000000,0.250000,ns3-simulated/trace-derived
c1-zipf,Zipf 48/24/16/12,dst6,68.000000,68.250000,68.125000,0.000000,0.000000,0.000000,100.000000,0.250000,ns3-simulated/trace-derived
c1-zipf,Zipf 48/24/16/12,dst6,68.250000,68.500000,68.375000,0.000000,0.000000,0.000000,100.000000,0.250000,ns3-simulated/trace-derived
c1-zipf,Zipf 48/24/16/12,dst6,68.500000,68.750000,68.625000,0.000000,0.000000,0.000000,100.000000,0.250000,ns3-simulated/trace-derived
c1-zipf,Zipf 48/24/16/12,dst6,68.750000,69.000000,68.875000,0.000000,0.000000,0.000000,100.000000,0.250000,ns3-simulated/trace-derived
c1-zipf,Zipf 48/24/16/12,dst6,69.000000,69.250000,69.125000,0.000000,0.000000,0.000000,100.000000,0.250000,ns3-simulated/trace-derived
c1-zipf,Zipf 48/24/16/12,dst6,69.250000,69.500000,69.375000,0.000000,0.000000,0.000000,100.000000,0.250000,ns3-simulated/trace-derived
c1-zipf,Zipf 48/24/16/12,dst6,69.500000,69.750000,69.625000,0.000000,0.000000,0.000000,100.000000,0.250000,ns3-simulated/trace-derived
c1-zipf,Zipf 48/24/16/12,dst6,69.750000,70.000000,69.875000,0.000000,0.000000,0.000000,100.000000,0.250000,ns3-simulated/trace-derived
c1-zipf,Zipf 48/24/16/12,dst6,70.000000,70.250000,70.125000,0.000000,0.000000,0.000000,100.000000,0.250000,ns3-simulated/trace-derived
c1-zipf,Zipf 48/24/16/12,dst6,70.250000,70.500000,70.375000,0.000000,0.000000,0.000000,100.000000,0.250000,ns3-simulated/trace-derived
c1-zipf,Zipf 48/24/16/12,dst6,70.500000,70.750000,70.625000,0.000000,0.000000,0.000000,100.000000,0.250000,ns3-simulated/trace-derived
c1-zipf,Zipf 48/24/16/12,dst6,70.750000,71.000000,70.875000,0.000000,0.000000,0.000000,100.000000,0.250000,ns3-simulated/trace-derived
c1-zipf,Zipf 48/24/16/12,dst6,71.000000,71.250000,71.125000,0.000000,0.000000,0.000000,100.000000,0.250000,ns3-simulated/trace-derived
c1-zipf,Zipf 48/24/16/12,dst6,71.250000,71.500000,71.375000,0.000000,0.000000,0.000000,100.000000,0.250000,ns3-simulated/trace-derived
c1-zipf,Zipf 48/24/16/12,dst6,71.500000,71.750000,71.625000,0.000000,0.000000,0.000000,100.000000,0.250000,ns3-simulated/trace-derived
c1-zipf,Zipf 48/24/16/12,dst6,71.750000,72.000000,71.875000,0.000000,0.000000,0.000000,100.000000,0.250000,ns3-simulated/trace-derived
c1-zipf,Zipf 48/24/16/12,dst6,72.000000,72.250000,72.125000,0.000000,0.000000,0.000000,100.000000,0.250000,ns3-simulated/trace-derived
c1-zipf,Zipf 48/24/16/12,dst6,72.250000,72.500000,72.375000,0.000000,0.000000,0.000000,100.000000,0.250000,ns3-simulated/trace-derived
c1-zipf,Zipf 48/24/16/12,dst6,72.500000,72.750000,72.625000,0.000000,0.000000,0.000000,100.000000,0.250000,ns3-simulated/trace-derived
c1-zipf,Zipf 48/24/16/12,dst6,72.750000,73.000000,72.875000,0.000000,0.000000,0.000000,100.000000,0.250000,ns3-simulated/trace-derived
c1-zipf,Zipf 48/24/16/12,dst6,73.000000,73.250000,73.125000,0.000000,0.000000,0.000000,100.000000,0.250000,ns3-simulated/trace-derived
c1-zipf,Zipf 48/24/16/12,dst6,73.250000,73.500000,73.375000,0.000000,0.000000,0.000000,100.000000,0.250000,ns3-simulated/trace-derived
c1-zipf,Zipf 48/24/16/12,dst6,73.500000,73.750000,73.625000,0.000000,0.000000,0.000000,100.000000,0.250000,ns3-simulated/trace-derived
c1-zipf,Zipf 48/24/16/12,dst6,73.750000,74.000000,73.875000,0.000000,0.000000,0.000000,100.000000,0.250000,ns3-simulated/trace-derived
c1-zipf,Zipf 48/24/16/12,dst6,74.000000,74.250000,74.125000,0.000000,0.000000,0.000000,100.000000,0.250000,ns3-simulated/trace-derived
c1-zipf,Zipf 48/24/16/12,dst6,74.250000,74.500000,74.375000,0.000000,0.000000,0.000000,100.000000,0.250000,ns3-simulated/trace-derived
c1-zipf,Zipf 48/24/16/12,dst6,74.500000,74.750000,74.625000,0.000000,0.000000,0.000000,100.000000,0.250000,ns3-simulated/trace-derived
c1-zipf,Zipf 48/24/16/12,dst6,74.750000,75.000000,74.875000,0.000000,0.000000,0.000000,100.000000,0.250000,ns3-simulated/trace-derived
c1-zipf,Zipf 48/24/16/12,dst6,75.000000,75.250000,75.125000,0.000000,0.000000,0.000000,100.000000,0.250000,ns3-simulated/trace-derived
c1-zipf,Zipf 48/24/16/12,dst6,75.250000,75.500000,75.375000,0.000000,0.000000,0.000000,100.000000,0.250000,ns3-simulated/trace-derived
c1-zipf,Zipf 48/24/16/12,dst6,75.500000,75.750000,75.625000,0.000000,0.000000,0.000000,100.000000,0.250000,ns3-simulated/trace-derived
c1-zipf,Zipf 48/24/16/12,dst6,75.750000,76.000000,75.875000,0.000000,0.000000,0.000000,100.000000,0.250000,ns3-simulated/trace-derived
c1-zipf,Zipf 48/24/16/12,dst6,76.000000,76.250000,76.125000,0.000000,0.000000,0.000000,100.000000,0.250000,ns3-simulated/trace-derived
c1-zipf,Zipf 48/24/16/12,dst6,76.250000,76.500000,76.375000,0.000000,0.000000,0.000000,100.000000,0.250000,ns3-simulated/trace-derived
c1-zipf,Zipf 48/24/16/12,dst6,76.500000,76.750000,76.625000,0.000000,0.000000,0.000000,100.000000,0.250000,ns3-simulated/trace-derived
c1-zipf,Zipf 48/24/16/12,dst6,76.750000,77.000000,76.875000,0.000000,0.000000,0.000000,100.000000,0.250000,ns3-simulated/trace-derived
c1-zipf,Zipf 48/24/16/12,dst6,77.000000,77.250000,77.125000,0.000000,0.000000,0.000000,100.000000,0.250000,ns3-simulated/trace-derived
c1-zipf,Zipf 48/24/16/12,dst6,77.250000,77.500000,77.375000,0.000000,0.000000,0.000000,100.000000,0.250000,ns3-simulated/trace-derived
c1-zipf,Zipf 48/24/16/12,dst6,77.500000,77.750000,77.625000,0.000000,0.000000,0.000000,100.000000,0.250000,ns3-simulated/trace-derived
c1-zipf,Zipf 48/24/16/12,dst6,77.750000,78.000000,77.875000,0.000000,0.000000,0.000000,100.000000,0.250000,ns3-simulated/trace-derived
c1-zipf,Zipf 48/24/16/12,dst6,78.000000,78.250000,78.125000,0.000000,0.000000,0.000000,100.000000,0.250000,ns3-simulated/trace-derived
c1-zipf,Zipf 48/24/16/12,dst6,78.250000,78.500000,78.375000,0.000000,0.000000,0.000000,100.000000,0.250000,ns3-simulated/trace-derived
c1-zipf,Zipf 48/24/16/12,dst6,78.500000,78.750000,78.625000,0.000000,0.000000,0.000000,100.000000,0.250000,ns3-simulated/trace-derived
c1-zipf,Zipf 48/24/16/12,dst6,78.750000,79.000000,78.875000,0.000000,0.000000,0.000000,100.000000,0.250000,ns3-simulated/trace-derived
c1-zipf,Zipf 48/24/16/12,dst6,79.000000,79.250000,79.125000,0.000000,0.000000,0.000000,100.000000,0.250000,ns3-simulated/trace-derived
c1-zipf,Zipf 48/24/16/12,dst6,79.250000,79.500000,79.375000,0.000000,0.000000,0.000000,100.000000,0.250000,ns3-simulated/trace-derived
c1-zipf,Zipf 48/24/16/12,dst6,79.500000,79.750000,79.625000,0.000000,0.000000,0.000000,100.000000,0.250000,ns3-simulated/trace-derived
c1-zipf,Zipf 48/24/16/12,dst6,79.750000,80.000000,79.875000,0.000000,0.000000,0.000000,100.000000,0.250000,ns3-simulated/trace-derived
c1-zipf,Zipf 48/24/16/12,dst6,80.000000,80.250000,80.125000,0.000000,0.000000,0.000000,100.000000,0.250000,ns3-simulated/trace-derived
c1-zipf,Zipf 48/24/16/12,dst6,80.250000,80.500000,80.375000,0.000000,0.000000,0.000000,100.000000,0.250000,ns3-simulated/trace-derived
c1-zipf,Zipf 48/24/16/12,dst6,80.500000,80.750000,80.625000,0.000000,0.000000,0.000000,100.000000,0.250000,ns3-simulated/trace-derived
c1-zipf,Zipf 48/24/16/12,dst6,80.750000,81.000000,80.875000,0.000000,0.000000,0.000000,100.000000,0.250000,ns3-simulated/trace-derived
c1-zipf,Zipf 48/24/16/12,dst6,81.000000,81.250000,81.125000,0.000000,0.000000,0.000000,100.000000,0.250000,ns3-simulated/trace-derived
c1-zipf,Zipf 48/24/16/12,dst6,81.250000,81.500000,81.375000,0.000000,0.000000,0.000000,100.000000,0.250000,ns3-simulated/trace-derived
c1-zipf,Zipf 48/24/16/12,dst6,81.500000,81.750000,81.625000,0.000000,0.000000,0.000000,100.000000,0.250000,ns3-simulated/trace-derived
c1-zipf,Zipf 48/24/16/12,dst6,81.750000,82.000000,81.875000,0.000000,0.000000,0.000000,100.000000,0.250000,ns3-simulated/trace-derived
c1-zipf,Zipf 48/24/16/12,dst6,82.000000,82.250000,82.125000,0.000000,0.000000,0.000000,100.000000,0.250000,ns3-simulated/trace-derived
c1-zipf,Zipf 48/24/16/12,dst6,82.250000,82.500000,82.375000,0.000000,0.000000,0.000000,100.000000,0.250000,ns3-simulated/trace-derived
c1-zipf,Zipf 48/24/16/12,dst6,82.500000,82.750000,82.625000,0.000000,0.000000,0.000000,100.000000,0.250000,ns3-simulated/trace-derived
c1-zipf,Zipf 48/24/16/12,dst6,82.750000,83.000000,82.875000,0.000000,0.000000,0.000000,100.000000,0.250000,ns3-simulated/trace-derived
c1-zipf,Zipf 48/24/16/12,dst6,83.000000,83.250000,83.125000,0.000000,0.000000,0.000000,100.000000,0.250000,ns3-simulated/trace-derived
c1-zipf,Zipf 48/24/16/12,dst6,83.250000,83.500000,83.375000,0.000000,0.000000,0.000000,100.000000,0.250000,ns3-simulated/trace-derived
c1-zipf,Zipf 48/24/16/12,dst6,83.500000,83.750000,83.625000,0.000000,0.000000,0.000000,100.000000,0.250000,ns3-simulated/trace-derived
c1-zipf,Zipf 48/24/16/12,dst6,83.750000,84.000000,83.875000,0.000000,0.000000,0.000000,100.000000,0.250000,ns3-simulated/trace-derived
c1-zipf,Zipf 48/24/16/12,dst6,84.000000,84.250000,84.125000,0.000000,0.000000,0.000000,100.000000,0.250000,ns3-simulated/trace-derived
c1-zipf,Zipf 48/24/16/12,dst6,84.250000,84.500000,84.375000,0.000000,0.000000,0.000000,100.000000,0.250000,ns3-simulated/trace-derived
c1-zipf,Zipf 48/24/16/12,dst6,84.500000,84.750000,84.625000,0.000000,0.000000,0.000000,100.000000,0.250000,ns3-simulated/trace-derived
c1-zipf,Zipf 48/24/16/12,dst6,84.750000,85.000000,84.875000,0.000000,0.000000,0.000000,100.000000,0.250000,ns3-simulated/trace-derived
c1-zipf,Zipf 48/24/16/12,dst6,85.000000,85.250000,85.125000,0.000000,0.000000,0.000000,100.000000,0.250000,ns3-simulated/trace-derived
c1-zipf,Zipf 48/24/16/12,dst6,85.250000,85.500000,85.375000,0.000000,0.000000,0.000000,100.000000,0.250000,ns3-simulated/trace-derived
c1-zipf,Zipf 48/24/16/12,dst6,85.500000,85.750000,85.625000,0.000000,0.000000,0.000000,100.000000,0.250000,ns3-simulated/trace-derived
c1-zipf,Zipf 48/24/16/12,dst6,85.750000,86.000000,85.875000,0.000000,0.000000,0.000000,100.000000,0.250000,ns3-simulated/trace-derived
c1-zipf,Zipf 48/24/16/12,dst6,86.000000,86.250000,86.125000,0.000000,0.000000,0.000000,100.000000,0.250000,ns3-simulated/trace-derived
c1-zipf,Zipf 48/24/16/12,dst6,86.250000,86.500000,86.375000,0.000000,0.000000,0.000000,100.000000,0.250000,ns3-simulated/trace-derived
c1-zipf,Zipf 48/24/16/12,dst6,86.500000,86.750000,86.625000,0.000000,0.000000,0.000000,100.000000,0.250000,ns3-simulated/trace-derived
c1-zipf,Zipf 48/24/16/12,dst6,86.750000,87.000000,86.875000,0.000000,0.000000,0.000000,100.000000,0.250000,ns3-simulated/trace-derived
c1-zipf,Zipf 48/24/16/12,dst6,87.000000,87.250000,87.125000,0.000000,0.000000,0.000000,100.000000,0.250000,ns3-simulated/trace-derived
c1-zipf,Zipf 48/24/16/12,dst6,87.250000,87.500000,87.375000,0.000000,0.000000,0.000000,100.000000,0.250000,ns3-simulated/trace-derived
c1-zipf,Zipf 48/24/16/12,dst6,87.500000,87.750000,87.625000,0.000000,0.000000,0.000000,100.000000,0.250000,ns3-simulated/trace-derived
c1-zipf,Zipf 48/24/16/12,dst6,87.750000,88.000000,87.875000,0.000000,0.000000,0.000000,100.000000,0.250000,ns3-simulated/trace-derived
c1-zipf,Zipf 48/24/16/12,dst6,88.000000,88.250000,88.125000,0.000000,0.000000,0.000000,100.000000,0.250000,ns3-simulated/trace-derived
c1-zipf,Zipf 48/24/16/12,dst6,88.250000,88.500000,88.375000,0.000000,0.000000,0.000000,100.000000,0.250000,ns3-simulated/trace-derived
c1-zipf,Zipf 48/24/16/12,dst6,88.500000,88.750000,88.625000,0.000000,0.000000,0.000000,100.000000,0.250000,ns3-simulated/trace-derived
c1-zipf,Zipf 48/24/16/12,dst6,88.750000,89.000000,88.875000,0.000000,0.000000,0.000000,100.000000,0.250000,ns3-simulated/trace-derived
c1-zipf,Zipf 48/24/16/12,dst6,89.000000,89.250000,89.125000,0.000000,0.000000,0.000000,100.000000,0.250000,ns3-simulated/trace-derived
c1-zipf,Zipf 48/24/16/12,dst6,89.250000,89.500000,89.375000,0.000000,0.000000,0.000000,100.000000,0.250000,ns3-simulated/trace-derived
c1-zipf,Zipf 48/24/16/12,dst6,89.500000,89.750000,89.625000,0.000000,0.000000,0.000000,100.000000,0.250000,ns3-simulated/trace-derived
c1-zipf,Zipf 48/24/16/12,dst6,89.750000,90.000000,89.875000,0.000000,0.000000,0.000000,100.000000,0.250000,ns3-simulated/trace-derived
c1-zipf,Zipf 48/24/16/12,dst6,90.000000,90.250000,90.125000,0.000000,0.000000,0.000000,100.000000,0.250000,ns3-simulated/trace-derived
c1-zipf,Zipf 48/24/16/12,dst6,90.250000,90.500000,90.375000,0.000000,0.000000,0.000000,100.000000,0.250000,ns3-simulated/trace-derived
c1-zipf,Zipf 48/24/16/12,dst6,90.500000,90.750000,90.625000,0.000000,0.000000,0.000000,100.000000,0.250000,ns3-simulated/trace-derived
c1-zipf,Zipf 48/24/16/12,dst6,90.750000,91.000000,90.875000,0.000000,0.000000,0.000000,100.000000,0.250000,ns3-simulated/trace-derived
c1-zipf,Zipf 48/24/16/12,dst6,91.000000,91.250000,91.125000,0.000000,0.000000,0.000000,100.000000,0.250000,ns3-simulated/trace-derived
c1-zipf,Zipf 48/24/16/12,dst6,91.250000,91.500000,91.375000,0.000000,0.000000,0.000000,100.000000,0.250000,ns3-simulated/trace-derived
c1-zipf,Zipf 48/24/16/12,dst6,91.500000,91.750000,91.625000,0.000000,0.000000,0.000000,100.000000,0.250000,ns3-simulated/trace-derived
c1-zipf,Zipf 48/24/16/12,dst6,91.750000,92.000000,91.875000,0.000000,0.000000,0.000000,100.000000,0.250000,ns3-simulated/trace-derived
c1-zipf,Zipf 48/24/16/12,dst6,92.000000,92.250000,92.125000,0.000000,0.000000,0.000000,100.000000,0.250000,ns3-simulated/trace-derived
c1-zipf,Zipf 48/24/16/12,dst6,92.250000,92.500000,92.375000,0.000000,0.000000,0.000000,100.000000,0.250000,ns3-simulated/trace-derived
c1-zipf,Zipf 48/24/16/12,dst6,92.500000,92.750000,92.625000,0.000000,0.000000,0.000000,100.000000,0.250000,ns3-simulated/trace-derived
c1-zipf,Zipf 48/24/16/12,dst6,92.750000,93.000000,92.875000,0.000000,0.000000,0.000000,100.000000,0.250000,ns3-simulated/trace-derived
c1-zipf,Zipf 48/24/16/12,dst6,93.000000,93.250000,93.125000,0.000000,0.000000,0.000000,100.000000,0.250000,ns3-simulated/trace-derived
c1-zipf,Zipf 48/24/16/12,dst6,93.250000,93.500000,93.375000,0.000000,0.000000,0.000000,100.000000,0.250000,ns3-simulated/trace-derived
c1-zipf,Zipf 48/24/16/12,dst6,93.500000,93.750000,93.625000,0.000000,0.000000,0.000000,100.000000,0.250000,ns3-simulated/trace-derived
c1-zipf,Zipf 48/24/16/12,dst6,93.750000,94.000000,93.875000,0.000000,0.000000,0.000000,100.000000,0.250000,ns3-simulated/trace-derived
c1-zipf,Zipf 48/24/16/12,dst6,94.000000,94.250000,94.125000,0.000000,0.000000,0.000000,100.000000,0.250000,ns3-simulated/trace-derived
c1-zipf,Zipf 48/24/16/12,dst6,94.250000,94.500000,94.375000,0.000000,0.000000,0.000000,100.000000,0.250000,ns3-simulated/trace-derived
c1-zipf,Zipf 48/24/16/12,dst6,94.500000,94.750000,94.625000,0.000000,0.000000,0.000000,100.000000,0.250000,ns3-simulated/trace-derived
c1-zipf,Zipf 48/24/16/12,dst6,94.750000,95.000000,94.875000,0.000000,0.000000,0.000000,100.000000,0.250000,ns3-simulated/trace-derived
c1-zipf,Zipf 48/24/16/12,dst6,95.000000,95.250000,95.125000,0.000000,0.000000,0.000000,100.000000,0.250000,ns3-simulated/trace-derived
c1-zipf,Zipf 48/24/16/12,dst7,0.000000,0.250000,0.125000,0.000000,0.000000,0.000000,100.000000,0.250000,ns3-simulated/trace-derived
c1-zipf,Zipf 48/24/16/12,dst7,0.250000,0.500000,0.375000,0.000000,0.000000,0.000000,100.000000,0.250000,ns3-simulated/trace-derived
c1-zipf,Zipf 48/24/16/12,dst7,0.500000,0.750000,0.625000,0.000000,0.000000,0.000000,100.000000,0.250000,ns3-simulated/trace-derived
c1-zipf,Zipf 48/24/16/12,dst7,0.750000,1.000000,0.875000,927.500000,29.680000,29.680000,100.000000,0.250000,ns3-simulated/trace-derived
c1-zipf,Zipf 48/24/16/12,dst7,1.000000,1.250000,1.125000,3125.000000,100.000000,100.000000,100.000000,0.250000,ns3-simulated/trace-derived
c1-zipf,Zipf 48/24/16/12,dst7,1.250000,1.500000,1.375000,3125.000000,100.000000,100.000000,100.000000,0.250000,ns3-simulated/trace-derived
c1-zipf,Zipf 48/24/16/12,dst7,1.500000,1.750000,1.625000,2081.500000,66.608000,66.608000,100.000000,0.250000,ns3-simulated/trace-derived
c1-zipf,Zipf 48/24/16/12,dst7,1.750000,2.000000,1.875000,3125.000000,100.000000,100.000000,100.000000,0.250000,ns3-simulated/trace-derived
c1-zipf,Zipf 48/24/16/12,dst7,2.000000,2.250000,2.125000,3125.000000,100.000000,100.000000,100.000000,0.250000,ns3-simulated/trace-derived
c1-zipf,Zipf 48/24/16/12,dst7,2.250000,2.500000,2.375000,3125.000000,100.000000,100.000000,100.000000,0.250000,ns3-simulated/trace-derived
c1-zipf,Zipf 48/24/16/12,dst7,2.500000,2.750000,2.625000,3125.000000,100.000000,100.000000,100.000000,0.250000,ns3-simulated/trace-derived
c1-zipf,Zipf 48/24/16/12,dst7,2.750000,3.000000,2.875000,3125.000000,100.000000,100.000000,100.000000,0.250000,ns3-simulated/trace-derived
c1-zipf,Zipf 48/24/16/12,dst7,3.000000,3.250000,3.125000,3125.000000,100.000000,100.000000,100.000000,0.250000,ns3-simulated/trace-derived
c1-zipf,Zipf 48/24/16/12,dst7,3.250000,3.500000,3.375000,3125.000000,100.000000,100.000000,100.000000,0.250000,ns3-simulated/trace-derived
c1-zipf,Zipf 48/24/16/12,dst7,3.500000,3.750000,3.625000,3125.000000,100.000000,100.000000,100.000000,0.250000,ns3-simulated/trace-derived
c1-zipf,Zipf 48/24/16/12,dst7,3.750000,4.000000,3.875000,3125.000000,100.000000,100.000000,100.000000,0.250000,ns3-simulated/trace-derived
c1-zipf,Zipf 48/24/16/12,dst7,4.000000,4.250000,4.125000,3125.000000,100.000000,100.000000,100.000000,0.250000,ns3-simulated/trace-derived
c1-zipf,Zipf 48/24/16/12,dst7,4.250000,4.500000,4.375000,3125.000000,100.000000,100.000000,100.000000,0.250000,ns3-simulated/trace-derived
c1-zipf,Zipf 48/24/16/12,dst7,4.500000,4.750000,4.625000,3125.000000,100.000000,100.000000,100.000000,0.250000,ns3-simulated/trace-derived
c1-zipf,Zipf 48/24/16/12,dst7,4.750000,5.000000,4.875000,3125.000000,100.000000,100.000000,100.000000,0.250000,ns3-simulated/trace-derived
c1-zipf,Zipf 48/24/16/12,dst7,5.000000,5.250000,5.125000,3125.000000,100.000000,100.000000,100.000000,0.250000,ns3-simulated/trace-derived
c1-zipf,Zipf 48/24/16/12,dst7,5.250000,5.500000,5.375000,3125.000000,100.000000,100.000000,100.000000,0.250000,ns3-simulated/trace-derived
c1-zipf,Zipf 48/24/16/12,dst7,5.500000,5.750000,5.625000,3125.000000,100.000000,100.000000,100.000000,0.250000,ns3-simulated/trace-derived
c1-zipf,Zipf 48/24/16/12,dst7,5.750000,6.000000,5.875000,3125.000000,100.000000,100.000000,100.000000,0.250000,ns3-simulated/trace-derived
c1-zipf,Zipf 48/24/16/12,dst7,6.000000,6.250000,6.125000,3125.000000,100.000000,100.000000,100.000000,0.250000,ns3-simulated/trace-derived
c1-zipf,Zipf 48/24/16/12,dst7,6.250000,6.500000,6.375000,3125.000000,100.000000,100.000000,100.000000,0.250000,ns3-simulated/trace-derived
c1-zipf,Zipf 48/24/16/12,dst7,6.500000,6.750000,6.625000,3125.000000,100.000000,100.000000,100.000000,0.250000,ns3-simulated/trace-derived
c1-zipf,Zipf 48/24/16/12,dst7,6.750000,7.000000,6.875000,3125.000000,100.000000,100.000000,100.000000,0.250000,ns3-simulated/trace-derived
c1-zipf,Zipf 48/24/16/12,dst7,7.000000,7.250000,7.125000,3125.000000,100.000000,100.000000,100.000000,0.250000,ns3-simulated/trace-derived
c1-zipf,Zipf 48/24/16/12,dst7,7.250000,7.500000,7.375000,3125.000000,100.000000,100.000000,100.000000,0.250000,ns3-simulated/trace-derived
c1-zipf,Zipf 48/24/16/12,dst7,7.500000,7.750000,7.625000,3125.000000,100.000000,100.000000,100.000000,0.250000,ns3-simulated/trace-derived
c1-zipf,Zipf 48/24/16/12,dst7,7.750000,8.000000,7.875000,3125.000000,100.000000,100.000000,100.000000,0.250000,ns3-simulated/trace-derived
c1-zipf,Zipf 48/24/16/12,dst7,8.000000,8.250000,8.125000,3125.000000,100.000000,100.000000,100.000000,0.250000,ns3-simulated/trace-derived
c1-zipf,Zipf 48/24/16/12,dst7,8.250000,8.500000,8.375000,3125.000000,100.000000,100.000000,100.000000,0.250000,ns3-simulated/trace-derived
c1-zipf,Zipf 48/24/16/12,dst7,8.500000,8.750000,8.625000,3125.000000,100.000000,100.000000,100.000000,0.250000,ns3-simulated/trace-derived
c1-zipf,Zipf 48/24/16/12,dst7,8.750000,9.000000,8.875000,3125.000000,100.000000,100.000000,100.000000,0.250000,ns3-simulated/trace-derived
c1-zipf,Zipf 48/24/16/12,dst7,9.000000,9.250000,9.125000,3125.000000,100.000000,100.000000,100.000000,0.250000,ns3-simulated/trace-derived
c1-zipf,Zipf 48/24/16/12,dst7,9.250000,9.500000,9.375000,3125.000000,100.000000,100.000000,100.000000,0.250000,ns3-simulated/trace-derived
c1-zipf,Zipf 48/24/16/12,dst7,9.500000,9.750000,9.625000,3125.000000,100.000000,100.000000,100.000000,0.250000,ns3-simulated/trace-derived
c1-zipf,Zipf 48/24/16/12,dst7,9.750000,10.000000,9.875000,3125.000000,100.000000,100.000000,100.000000,0.250000,ns3-simulated/trace-derived
c1-zipf,Zipf 48/24/16/12,dst7,10.000000,10.250000,10.125000,3125.000000,100.000000,100.000000,100.000000,0.250000,ns3-simulated/trace-derived
c1-zipf,Zipf 48/24/16/12,dst7,10.250000,10.500000,10.375000,3125.000000,100.000000,100.000000,100.000000,0.250000,ns3-simulated/trace-derived
c1-zipf,Zipf 48/24/16/12,dst7,10.500000,10.750000,10.625000,3125.000000,100.000000,100.000000,100.000000,0.250000,ns3-simulated/trace-derived
c1-zipf,Zipf 48/24/16/12,dst7,10.750000,11.000000,10.875000,3125.000000,100.000000,100.000000,100.000000,0.250000,ns3-simulated/trace-derived
c1-zipf,Zipf 48/24/16/12,dst7,11.000000,11.250000,11.125000,3125.000000,100.000000,100.000000,100.000000,0.250000,ns3-simulated/trace-derived
c1-zipf,Zipf 48/24/16/12,dst7,11.250000,11.500000,11.375000,3125.000000,100.000000,100.000000,100.000000,0.250000,ns3-simulated/trace-derived
c1-zipf,Zipf 48/24/16/12,dst7,11.500000,11.750000,11.625000,2434.000000,77.888000,77.888000,100.000000,0.250000,ns3-simulated/trace-derived
c1-zipf,Zipf 48/24/16/12,dst7,11.750000,12.000000,11.875000,0.000000,0.000000,0.000000,100.000000,0.250000,ns3-simulated/trace-derived
c1-zipf,Zipf 48/24/16/12,dst7,12.000000,12.250000,12.125000,0.000000,0.000000,0.000000,100.000000,0.250000,ns3-simulated/trace-derived
c1-zipf,Zipf 48/24/16/12,dst7,12.250000,12.500000,12.375000,0.000000,0.000000,0.000000,100.000000,0.250000,ns3-simulated/trace-derived
c1-zipf,Zipf 48/24/16/12,dst7,12.500000,12.750000,12.625000,0.000000,0.000000,0.000000,100.000000,0.250000,ns3-simulated/trace-derived
c1-zipf,Zipf 48/24/16/12,dst7,12.750000,13.000000,12.875000,0.000000,0.000000,0.000000,100.000000,0.250000,ns3-simulated/trace-derived
c1-zipf,Zipf 48/24/16/12,dst7,13.000000,13.250000,13.125000,0.000000,0.000000,0.000000,100.000000,0.250000,ns3-simulated/trace-derived
c1-zipf,Zipf 48/24/16/12,dst7,13.250000,13.500000,13.375000,0.000000,0.000000,0.000000,100.000000,0.250000,ns3-simulated/trace-derived
c1-zipf,Zipf 48/24/16/12,dst7,13.500000,13.750000,13.625000,0.000000,0.000000,0.000000,100.000000,0.250000,ns3-simulated/trace-derived
c1-zipf,Zipf 48/24/16/12,dst7,13.750000,14.000000,13.875000,0.000000,0.000000,0.000000,100.000000,0.250000,ns3-simulated/trace-derived
c1-zipf,Zipf 48/24/16/12,dst7,14.000000,14.250000,14.125000,0.000000,0.000000,0.000000,100.000000,0.250000,ns3-simulated/trace-derived
c1-zipf,Zipf 48/24/16/12,dst7,14.250000,14.500000,14.375000,0.000000,0.000000,0.000000,100.000000,0.250000,ns3-simulated/trace-derived
c1-zipf,Zipf 48/24/16/12,dst7,14.500000,14.750000,14.625000,0.000000,0.000000,0.000000,100.000000,0.250000,ns3-simulated/trace-derived
c1-zipf,Zipf 48/24/16/12,dst7,14.750000,15.000000,14.875000,0.000000,0.000000,0.000000,100.000000,0.250000,ns3-simulated/trace-derived
c1-zipf,Zipf 48/24/16/12,dst7,15.000000,15.250000,15.125000,0.000000,0.000000,0.000000,100.000000,0.250000,ns3-simulated/trace-derived
c1-zipf,Zipf 48/24/16/12,dst7,15.250000,15.500000,15.375000,0.000000,0.000000,0.000000,100.000000,0.250000,ns3-simulated/trace-derived
c1-zipf,Zipf 48/24/16/12,dst7,15.500000,15.750000,15.625000,0.000000,0.000000,0.000000,100.000000,0.250000,ns3-simulated/trace-derived
c1-zipf,Zipf 48/24/16/12,dst7,15.750000,16.000000,15.875000,0.000000,0.000000,0.000000,100.000000,0.250000,ns3-simulated/trace-derived
c1-zipf,Zipf 48/24/16/12,dst7,16.000000,16.250000,16.125000,0.000000,0.000000,0.000000,100.000000,0.250000,ns3-simulated/trace-derived
c1-zipf,Zipf 48/24/16/12,dst7,16.250000,16.500000,16.375000,0.000000,0.000000,0.000000,100.000000,0.250000,ns3-simulated/trace-derived
c1-zipf,Zipf 48/24/16/12,dst7,16.500000,16.750000,16.625000,0.000000,0.000000,0.000000,100.000000,0.250000,ns3-simulated/trace-derived
c1-zipf,Zipf 48/24/16/12,dst7,16.750000,17.000000,16.875000,0.000000,0.000000,0.000000,100.000000,0.250000,ns3-simulated/trace-derived
c1-zipf,Zipf 48/24/16/12,dst7,17.000000,17.250000,17.125000,0.000000,0.000000,0.000000,100.000000,0.250000,ns3-simulated/trace-derived
c1-zipf,Zipf 48/24/16/12,dst7,17.250000,17.500000,17.375000,0.000000,0.000000,0.000000,100.000000,0.250000,ns3-simulated/trace-derived
c1-zipf,Zipf 48/24/16/12,dst7,17.500000,17.750000,17.625000,0.000000,0.000000,0.000000,100.000000,0.250000,ns3-simulated/trace-derived
c1-zipf,Zipf 48/24/16/12,dst7,17.750000,18.000000,17.875000,0.000000,0.000000,0.000000,100.000000,0.250000,ns3-simulated/trace-derived
c1-zipf,Zipf 48/24/16/12,dst7,18.000000,18.250000,18.125000,0.000000,0.000000,0.000000,100.000000,0.250000,ns3-simulated/trace-derived
c1-zipf,Zipf 48/24/16/12,dst7,18.250000,18.500000,18.375000,0.000000,0.000000,0.000000,100.000000,0.250000,ns3-simulated/trace-derived
c1-zipf,Zipf 48/24/16/12,dst7,18.500000,18.750000,18.625000,0.000000,0.000000,0.000000,100.000000,0.250000,ns3-simulated/trace-derived
c1-zipf,Zipf 48/24/16/12,dst7,18.750000,19.000000,18.875000,0.000000,0.000000,0.000000,100.000000,0.250000,ns3-simulated/trace-derived
c1-zipf,Zipf 48/24/16/12,dst7,19.000000,19.250000,19.125000,0.000000,0.000000,0.000000,100.000000,0.250000,ns3-simulated/trace-derived
c1-zipf,Zipf 48/24/16/12,dst7,19.250000,19.500000,19.375000,0.000000,0.000000,0.000000,100.000000,0.250000,ns3-simulated/trace-derived
c1-zipf,Zipf 48/24/16/12,dst7,19.500000,19.750000,19.625000,0.000000,0.000000,0.000000,100.000000,0.250000,ns3-simulated/trace-derived
c1-zipf,Zipf 48/24/16/12,dst7,19.750000,20.000000,19.875000,0.000000,0.000000,0.000000,100.000000,0.250000,ns3-simulated/trace-derived
c1-zipf,Zipf 48/24/16/12,dst7,20.000000,20.250000,20.125000,0.000000,0.000000,0.000000,100.000000,0.250000,ns3-simulated/trace-derived
c1-zipf,Zipf 48/24/16/12,dst7,20.250000,20.500000,20.375000,0.000000,0.000000,0.000000,100.000000,0.250000,ns3-simulated/trace-derived
c1-zipf,Zipf 48/24/16/12,dst7,20.500000,20.750000,20.625000,0.000000,0.000000,0.000000,100.000000,0.250000,ns3-simulated/trace-derived
c1-zipf,Zipf 48/24/16/12,dst7,20.750000,21.000000,20.875000,0.000000,0.000000,0.000000,100.000000,0.250000,ns3-simulated/trace-derived
c1-zipf,Zipf 48/24/16/12,dst7,21.000000,21.250000,21.125000,0.000000,0.000000,0.000000,100.000000,0.250000,ns3-simulated/trace-derived
c1-zipf,Zipf 48/24/16/12,dst7,21.250000,21.500000,21.375000,0.000000,0.000000,0.000000,100.000000,0.250000,ns3-simulated/trace-derived
c1-zipf,Zipf 48/24/16/12,dst7,21.500000,21.750000,21.625000,0.000000,0.000000,0.000000,100.000000,0.250000,ns3-simulated/trace-derived
c1-zipf,Zipf 48/24/16/12,dst7,21.750000,22.000000,21.875000,0.000000,0.000000,0.000000,100.000000,0.250000,ns3-simulated/trace-derived
c1-zipf,Zipf 48/24/16/12,dst7,22.000000,22.250000,22.125000,0.000000,0.000000,0.000000,100.000000,0.250000,ns3-simulated/trace-derived
c1-zipf,Zipf 48/24/16/12,dst7,22.250000,22.500000,22.375000,0.000000,0.000000,0.000000,100.000000,0.250000,ns3-simulated/trace-derived
c1-zipf,Zipf 48/24/16/12,dst7,22.500000,22.750000,22.625000,0.000000,0.000000,0.000000,100.000000,0.250000,ns3-simulated/trace-derived
c1-zipf,Zipf 48/24/16/12,dst7,22.750000,23.000000,22.875000,0.000000,0.000000,0.000000,100.000000,0.250000,ns3-simulated/trace-derived
c1-zipf,Zipf 48/24/16/12,dst7,23.000000,23.250000,23.125000,0.000000,0.000000,0.000000,100.000000,0.250000,ns3-simulated/trace-derived
c1-zipf,Zipf 48/24/16/12,dst7,23.250000,23.500000,23.375000,0.000000,0.000000,0.000000,100.000000,0.250000,ns3-simulated/trace-derived
c1-zipf,Zipf 48/24/16/12,dst7,23.500000,23.750000,23.625000,0.000000,0.000000,0.000000,100.000000,0.250000,ns3-simulated/trace-derived
c1-zipf,Zipf 48/24/16/12,dst7,23.750000,24.000000,23.875000,0.000000,0.000000,0.000000,100.000000,0.250000,ns3-simulated/trace-derived
c1-zipf,Zipf 48/24/16/12,dst7,24.000000,24.250000,24.125000,0.000000,0.000000,0.000000,100.000000,0.250000,ns3-simulated/trace-derived
c1-zipf,Zipf 48/24/16/12,dst7,24.250000,24.500000,24.375000,0.000000,0.000000,0.000000,100.000000,0.250000,ns3-simulated/trace-derived
c1-zipf,Zipf 48/24/16/12,dst7,24.500000,24.750000,24.625000,0.000000,0.000000,0.000000,100.000000,0.250000,ns3-simulated/trace-derived
c1-zipf,Zipf 48/24/16/12,dst7,24.750000,25.000000,24.875000,0.000000,0.000000,0.000000,100.000000,0.250000,ns3-simulated/trace-derived
c1-zipf,Zipf 48/24/16/12,dst7,25.000000,25.250000,25.125000,0.000000,0.000000,0.000000,100.000000,0.250000,ns3-simulated/trace-derived
c1-zipf,Zipf 48/24/16/12,dst7,25.250000,25.500000,25.375000,0.000000,0.000000,0.000000,100.000000,0.250000,ns3-simulated/trace-derived
c1-zipf,Zipf 48/24/16/12,dst7,25.500000,25.750000,25.625000,0.000000,0.000000,0.000000,100.000000,0.250000,ns3-simulated/trace-derived
c1-zipf,Zipf 48/24/16/12,dst7,25.750000,26.000000,25.875000,0.000000,0.000000,0.000000,100.000000,0.250000,ns3-simulated/trace-derived
c1-zipf,Zipf 48/24/16/12,dst7,26.000000,26.250000,26.125000,0.000000,0.000000,0.000000,100.000000,0.250000,ns3-simulated/trace-derived
c1-zipf,Zipf 48/24/16/12,dst7,26.250000,26.500000,26.375000,0.000000,0.000000,0.000000,100.000000,0.250000,ns3-simulated/trace-derived
c1-zipf,Zipf 48/24/16/12,dst7,26.500000,26.750000,26.625000,0.000000,0.000000,0.000000,100.000000,0.250000,ns3-simulated/trace-derived
c1-zipf,Zipf 48/24/16/12,dst7,26.750000,27.000000,26.875000,0.000000,0.000000,0.000000,100.000000,0.250000,ns3-simulated/trace-derived
c1-zipf,Zipf 48/24/16/12,dst7,27.000000,27.250000,27.125000,0.000000,0.000000,0.000000,100.000000,0.250000,ns3-simulated/trace-derived
c1-zipf,Zipf 48/24/16/12,dst7,27.250000,27.500000,27.375000,0.000000,0.000000,0.000000,100.000000,0.250000,ns3-simulated/trace-derived
c1-zipf,Zipf 48/24/16/12,dst7,27.500000,27.750000,27.625000,0.000000,0.000000,0.000000,100.000000,0.250000,ns3-simulated/trace-derived
c1-zipf,Zipf 48/24/16/12,dst7,27.750000,28.000000,27.875000,0.000000,0.000000,0.000000,100.000000,0.250000,ns3-simulated/trace-derived
c1-zipf,Zipf 48/24/16/12,dst7,28.000000,28.250000,28.125000,0.000000,0.000000,0.000000,100.000000,0.250000,ns3-simulated/trace-derived
c1-zipf,Zipf 48/24/16/12,dst7,28.250000,28.500000,28.375000,0.000000,0.000000,0.000000,100.000000,0.250000,ns3-simulated/trace-derived
c1-zipf,Zipf 48/24/16/12,dst7,28.500000,28.750000,28.625000,0.000000,0.000000,0.000000,100.000000,0.250000,ns3-simulated/trace-derived
c1-zipf,Zipf 48/24/16/12,dst7,28.750000,29.000000,28.875000,0.000000,0.000000,0.000000,100.000000,0.250000,ns3-simulated/trace-derived
c1-zipf,Zipf 48/24/16/12,dst7,29.000000,29.250000,29.125000,0.000000,0.000000,0.000000,100.000000,0.250000,ns3-simulated/trace-derived
c1-zipf,Zipf 48/24/16/12,dst7,29.250000,29.500000,29.375000,0.000000,0.000000,0.000000,100.000000,0.250000,ns3-simulated/trace-derived
c1-zipf,Zipf 48/24/16/12,dst7,29.500000,29.750000,29.625000,0.000000,0.000000,0.000000,100.000000,0.250000,ns3-simulated/trace-derived
c1-zipf,Zipf 48/24/16/12,dst7,29.750000,30.000000,29.875000,0.000000,0.000000,0.000000,100.000000,0.250000,ns3-simulated/trace-derived
c1-zipf,Zipf 48/24/16/12,dst7,30.000000,30.250000,30.125000,0.000000,0.000000,0.000000,100.000000,0.250000,ns3-simulated/trace-derived
c1-zipf,Zipf 48/24/16/12,dst7,30.250000,30.500000,30.375000,0.000000,0.000000,0.000000,100.000000,0.250000,ns3-simulated/trace-derived
c1-zipf,Zipf 48/24/16/12,dst7,30.500000,30.750000,30.625000,0.000000,0.000000,0.000000,100.000000,0.250000,ns3-simulated/trace-derived
c1-zipf,Zipf 48/24/16/12,dst7,30.750000,31.000000,30.875000,0.000000,0.000000,0.000000,100.000000,0.250000,ns3-simulated/trace-derived
c1-zipf,Zipf 48/24/16/12,dst7,31.000000,31.250000,31.125000,0.000000,0.000000,0.000000,100.000000,0.250000,ns3-simulated/trace-derived
c1-zipf,Zipf 48/24/16/12,dst7,31.250000,31.500000,31.375000,0.000000,0.000000,0.000000,100.000000,0.250000,ns3-simulated/trace-derived
c1-zipf,Zipf 48/24/16/12,dst7,31.500000,31.750000,31.625000,0.000000,0.000000,0.000000,100.000000,0.250000,ns3-simulated/trace-derived
c1-zipf,Zipf 48/24/16/12,dst7,31.750000,32.000000,31.875000,0.000000,0.000000,0.000000,100.000000,0.250000,ns3-simulated/trace-derived
c1-zipf,Zipf 48/24/16/12,dst7,32.000000,32.250000,32.125000,0.000000,0.000000,0.000000,100.000000,0.250000,ns3-simulated/trace-derived
c1-zipf,Zipf 48/24/16/12,dst7,32.250000,32.500000,32.375000,0.000000,0.000000,0.000000,100.000000,0.250000,ns3-simulated/trace-derived
c1-zipf,Zipf 48/24/16/12,dst7,32.500000,32.750000,32.625000,0.000000,0.000000,0.000000,100.000000,0.250000,ns3-simulated/trace-derived
c1-zipf,Zipf 48/24/16/12,dst7,32.750000,33.000000,32.875000,0.000000,0.000000,0.000000,100.000000,0.250000,ns3-simulated/trace-derived
c1-zipf,Zipf 48/24/16/12,dst7,33.000000,33.250000,33.125000,0.000000,0.000000,0.000000,100.000000,0.250000,ns3-simulated/trace-derived
c1-zipf,Zipf 48/24/16/12,dst7,33.250000,33.500000,33.375000,0.000000,0.000000,0.000000,100.000000,0.250000,ns3-simulated/trace-derived
c1-zipf,Zipf 48/24/16/12,dst7,33.500000,33.750000,33.625000,0.000000,0.000000,0.000000,100.000000,0.250000,ns3-simulated/trace-derived
c1-zipf,Zipf 48/24/16/12,dst7,33.750000,34.000000,33.875000,0.000000,0.000000,0.000000,100.000000,0.250000,ns3-simulated/trace-derived
c1-zipf,Zipf 48/24/16/12,dst7,34.000000,34.250000,34.125000,0.000000,0.000000,0.000000,100.000000,0.250000,ns3-simulated/trace-derived
c1-zipf,Zipf 48/24/16/12,dst7,34.250000,34.500000,34.375000,0.000000,0.000000,0.000000,100.000000,0.250000,ns3-simulated/trace-derived
c1-zipf,Zipf 48/24/16/12,dst7,34.500000,34.750000,34.625000,0.000000,0.000000,0.000000,100.000000,0.250000,ns3-simulated/trace-derived
c1-zipf,Zipf 48/24/16/12,dst7,34.750000,35.000000,34.875000,0.000000,0.000000,0.000000,100.000000,0.250000,ns3-simulated/trace-derived
c1-zipf,Zipf 48/24/16/12,dst7,35.000000,35.250000,35.125000,0.000000,0.000000,0.000000,100.000000,0.250000,ns3-simulated/trace-derived
c1-zipf,Zipf 48/24/16/12,dst7,35.250000,35.500000,35.375000,0.000000,0.000000,0.000000,100.000000,0.250000,ns3-simulated/trace-derived
c1-zipf,Zipf 48/24/16/12,dst7,35.500000,35.750000,35.625000,0.000000,0.000000,0.000000,100.000000,0.250000,ns3-simulated/trace-derived
c1-zipf,Zipf 48/24/16/12,dst7,35.750000,36.000000,35.875000,0.000000,0.000000,0.000000,100.000000,0.250000,ns3-simulated/trace-derived
c1-zipf,Zipf 48/24/16/12,dst7,36.000000,36.250000,36.125000,0.000000,0.000000,0.000000,100.000000,0.250000,ns3-simulated/trace-derived
c1-zipf,Zipf 48/24/16/12,dst7,36.250000,36.500000,36.375000,0.000000,0.000000,0.000000,100.000000,0.250000,ns3-simulated/trace-derived
c1-zipf,Zipf 48/24/16/12,dst7,36.500000,36.750000,36.625000,0.000000,0.000000,0.000000,100.000000,0.250000,ns3-simulated/trace-derived
c1-zipf,Zipf 48/24/16/12,dst7,36.750000,37.000000,36.875000,0.000000,0.000000,0.000000,100.000000,0.250000,ns3-simulated/trace-derived
c1-zipf,Zipf 48/24/16/12,dst7,37.000000,37.250000,37.125000,0.000000,0.000000,0.000000,100.000000,0.250000,ns3-simulated/trace-derived
c1-zipf,Zipf 48/24/16/12,dst7,37.250000,37.500000,37.375000,0.000000,0.000000,0.000000,100.000000,0.250000,ns3-simulated/trace-derived
c1-zipf,Zipf 48/24/16/12,dst7,37.500000,37.750000,37.625000,0.000000,0.000000,0.000000,100.000000,0.250000,ns3-simulated/trace-derived
c1-zipf,Zipf 48/24/16/12,dst7,37.750000,38.000000,37.875000,0.000000,0.000000,0.000000,100.000000,0.250000,ns3-simulated/trace-derived
c1-zipf,Zipf 48/24/16/12,dst7,38.000000,38.250000,38.125000,0.000000,0.000000,0.000000,100.000000,0.250000,ns3-simulated/trace-derived
c1-zipf,Zipf 48/24/16/12,dst7,38.250000,38.500000,38.375000,0.000000,0.000000,0.000000,100.000000,0.250000,ns3-simulated/trace-derived
c1-zipf,Zipf 48/24/16/12,dst7,38.500000,38.750000,38.625000,0.000000,0.000000,0.000000,100.000000,0.250000,ns3-simulated/trace-derived
c1-zipf,Zipf 48/24/16/12,dst7,38.750000,39.000000,38.875000,0.000000,0.000000,0.000000,100.000000,0.250000,ns3-simulated/trace-derived
c1-zipf,Zipf 48/24/16/12,dst7,39.000000,39.250000,39.125000,0.000000,0.000000,0.000000,100.000000,0.250000,ns3-simulated/trace-derived
c1-zipf,Zipf 48/24/16/12,dst7,39.250000,39.500000,39.375000,0.000000,0.000000,0.000000,100.000000,0.250000,ns3-simulated/trace-derived
c1-zipf,Zipf 48/24/16/12,dst7,39.500000,39.750000,39.625000,0.000000,0.000000,0.000000,100.000000,0.250000,ns3-simulated/trace-derived
c1-zipf,Zipf 48/24/16/12,dst7,39.750000,40.000000,39.875000,0.000000,0.000000,0.000000,100.000000,0.250000,ns3-simulated/trace-derived
c1-zipf,Zipf 48/24/16/12,dst7,40.000000,40.250000,40.125000,0.000000,0.000000,0.000000,100.000000,0.250000,ns3-simulated/trace-derived
c1-zipf,Zipf 48/24/16/12,dst7,40.250000,40.500000,40.375000,0.000000,0.000000,0.000000,100.000000,0.250000,ns3-simulated/trace-derived
c1-zipf,Zipf 48/24/16/12,dst7,40.500000,40.750000,40.625000,0.000000,0.000000,0.000000,100.000000,0.250000,ns3-simulated/trace-derived
c1-zipf,Zipf 48/24/16/12,dst7,40.750000,41.000000,40.875000,0.000000,0.000000,0.000000,100.000000,0.250000,ns3-simulated/trace-derived
c1-zipf,Zipf 48/24/16/12,dst7,41.000000,41.250000,41.125000,0.000000,0.000000,0.000000,100.000000,0.250000,ns3-simulated/trace-derived
c1-zipf,Zipf 48/24/16/12,dst7,41.250000,41.500000,41.375000,0.000000,0.000000,0.000000,100.000000,0.250000,ns3-simulated/trace-derived
c1-zipf,Zipf 48/24/16/12,dst7,41.500000,41.750000,41.625000,0.000000,0.000000,0.000000,100.000000,0.250000,ns3-simulated/trace-derived
c1-zipf,Zipf 48/24/16/12,dst7,41.750000,42.000000,41.875000,0.000000,0.000000,0.000000,100.000000,0.250000,ns3-simulated/trace-derived
c1-zipf,Zipf 48/24/16/12,dst7,42.000000,42.250000,42.125000,0.000000,0.000000,0.000000,100.000000,0.250000,ns3-simulated/trace-derived
c1-zipf,Zipf 48/24/16/12,dst7,42.250000,42.500000,42.375000,0.000000,0.000000,0.000000,100.000000,0.250000,ns3-simulated/trace-derived
c1-zipf,Zipf 48/24/16/12,dst7,42.500000,42.750000,42.625000,0.000000,0.000000,0.000000,100.000000,0.250000,ns3-simulated/trace-derived
c1-zipf,Zipf 48/24/16/12,dst7,42.750000,43.000000,42.875000,0.000000,0.000000,0.000000,100.000000,0.250000,ns3-simulated/trace-derived
c1-zipf,Zipf 48/24/16/12,dst7,43.000000,43.250000,43.125000,0.000000,0.000000,0.000000,100.000000,0.250000,ns3-simulated/trace-derived
c1-zipf,Zipf 48/24/16/12,dst7,43.250000,43.500000,43.375000,0.000000,0.000000,0.000000,100.000000,0.250000,ns3-simulated/trace-derived
c1-zipf,Zipf 48/24/16/12,dst7,43.500000,43.750000,43.625000,0.000000,0.000000,0.000000,100.000000,0.250000,ns3-simulated/trace-derived
c1-zipf,Zipf 48/24/16/12,dst7,43.750000,44.000000,43.875000,0.000000,0.000000,0.000000,100.000000,0.250000,ns3-simulated/trace-derived
c1-zipf,Zipf 48/24/16/12,dst7,44.000000,44.250000,44.125000,0.000000,0.000000,0.000000,100.000000,0.250000,ns3-simulated/trace-derived
c1-zipf,Zipf 48/24/16/12,dst7,44.250000,44.500000,44.375000,0.000000,0.000000,0.000000,100.000000,0.250000,ns3-simulated/trace-derived
c1-zipf,Zipf 48/24/16/12,dst7,44.500000,44.750000,44.625000,0.000000,0.000000,0.000000,100.000000,0.250000,ns3-simulated/trace-derived
c1-zipf,Zipf 48/24/16/12,dst7,44.750000,45.000000,44.875000,0.000000,0.000000,0.000000,100.000000,0.250000,ns3-simulated/trace-derived
c1-zipf,Zipf 48/24/16/12,dst7,45.000000,45.250000,45.125000,0.000000,0.000000,0.000000,100.000000,0.250000,ns3-simulated/trace-derived
c1-zipf,Zipf 48/24/16/12,dst7,45.250000,45.500000,45.375000,0.000000,0.000000,0.000000,100.000000,0.250000,ns3-simulated/trace-derived
c1-zipf,Zipf 48/24/16/12,dst7,45.500000,45.750000,45.625000,0.000000,0.000000,0.000000,100.000000,0.250000,ns3-simulated/trace-derived
c1-zipf,Zipf 48/24/16/12,dst7,45.750000,46.000000,45.875000,0.000000,0.000000,0.000000,100.000000,0.250000,ns3-simulated/trace-derived
c1-zipf,Zipf 48/24/16/12,dst7,46.000000,46.250000,46.125000,0.000000,0.000000,0.000000,100.000000,0.250000,ns3-simulated/trace-derived
c1-zipf,Zipf 48/24/16/12,dst7,46.250000,46.500000,46.375000,0.000000,0.000000,0.000000,100.000000,0.250000,ns3-simulated/trace-derived
c1-zipf,Zipf 48/24/16/12,dst7,46.500000,46.750000,46.625000,0.000000,0.000000,0.000000,100.000000,0.250000,ns3-simulated/trace-derived
c1-zipf,Zipf 48/24/16/12,dst7,46.750000,47.000000,46.875000,0.000000,0.000000,0.000000,100.000000,0.250000,ns3-simulated/trace-derived
c1-zipf,Zipf 48/24/16/12,dst7,47.000000,47.250000,47.125000,0.000000,0.000000,0.000000,100.000000,0.250000,ns3-simulated/trace-derived
c1-zipf,Zipf 48/24/16/12,dst7,47.250000,47.500000,47.375000,0.000000,0.000000,0.000000,100.000000,0.250000,ns3-simulated/trace-derived
c1-zipf,Zipf 48/24/16/12,dst7,47.500000,47.750000,47.625000,0.000000,0.000000,0.000000,100.000000,0.250000,ns3-simulated/trace-derived
c1-zipf,Zipf 48/24/16/12,dst7,47.750000,48.000000,47.875000,0.000000,0.000000,0.000000,100.000000,0.250000,ns3-simulated/trace-derived
c1-zipf,Zipf 48/24/16/12,dst7,48.000000,48.250000,48.125000,0.000000,0.000000,0.000000,100.000000,0.250000,ns3-simulated/trace-derived
c1-zipf,Zipf 48/24/16/12,dst7,48.250000,48.500000,48.375000,0.000000,0.000000,0.000000,100.000000,0.250000,ns3-simulated/trace-derived
c1-zipf,Zipf 48/24/16/12,dst7,48.500000,48.750000,48.625000,0.000000,0.000000,0.000000,100.000000,0.250000,ns3-simulated/trace-derived
c1-zipf,Zipf 48/24/16/12,dst7,48.750000,49.000000,48.875000,0.000000,0.000000,0.000000,100.000000,0.250000,ns3-simulated/trace-derived
c1-zipf,Zipf 48/24/16/12,dst7,49.000000,49.250000,49.125000,0.000000,0.000000,0.000000,100.000000,0.250000,ns3-simulated/trace-derived
c1-zipf,Zipf 48/24/16/12,dst7,49.250000,49.500000,49.375000,0.000000,0.000000,0.000000,100.000000,0.250000,ns3-simulated/trace-derived
c1-zipf,Zipf 48/24/16/12,dst7,49.500000,49.750000,49.625000,0.000000,0.000000,0.000000,100.000000,0.250000,ns3-simulated/trace-derived
c1-zipf,Zipf 48/24/16/12,dst7,49.750000,50.000000,49.875000,0.000000,0.000000,0.000000,100.000000,0.250000,ns3-simulated/trace-derived
c1-zipf,Zipf 48/24/16/12,dst7,50.000000,50.250000,50.125000,0.000000,0.000000,0.000000,100.000000,0.250000,ns3-simulated/trace-derived
c1-zipf,Zipf 48/24/16/12,dst7,50.250000,50.500000,50.375000,0.000000,0.000000,0.000000,100.000000,0.250000,ns3-simulated/trace-derived
c1-zipf,Zipf 48/24/16/12,dst7,50.500000,50.750000,50.625000,0.000000,0.000000,0.000000,100.000000,0.250000,ns3-simulated/trace-derived
c1-zipf,Zipf 48/24/16/12,dst7,50.750000,51.000000,50.875000,0.000000,0.000000,0.000000,100.000000,0.250000,ns3-simulated/trace-derived
c1-zipf,Zipf 48/24/16/12,dst7,51.000000,51.250000,51.125000,0.000000,0.000000,0.000000,100.000000,0.250000,ns3-simulated/trace-derived
c1-zipf,Zipf 48/24/16/12,dst7,51.250000,51.500000,51.375000,0.000000,0.000000,0.000000,100.000000,0.250000,ns3-simulated/trace-derived
c1-zipf,Zipf 48/24/16/12,dst7,51.500000,51.750000,51.625000,0.000000,0.000000,0.000000,100.000000,0.250000,ns3-simulated/trace-derived
c1-zipf,Zipf 48/24/16/12,dst7,51.750000,52.000000,51.875000,0.000000,0.000000,0.000000,100.000000,0.250000,ns3-simulated/trace-derived
c1-zipf,Zipf 48/24/16/12,dst7,52.000000,52.250000,52.125000,0.000000,0.000000,0.000000,100.000000,0.250000,ns3-simulated/trace-derived
c1-zipf,Zipf 48/24/16/12,dst7,52.250000,52.500000,52.375000,0.000000,0.000000,0.000000,100.000000,0.250000,ns3-simulated/trace-derived
c1-zipf,Zipf 48/24/16/12,dst7,52.500000,52.750000,52.625000,0.000000,0.000000,0.000000,100.000000,0.250000,ns3-simulated/trace-derived
c1-zipf,Zipf 48/24/16/12,dst7,52.750000,53.000000,52.875000,0.000000,0.000000,0.000000,100.000000,0.250000,ns3-simulated/trace-derived
c1-zipf,Zipf 48/24/16/12,dst7,53.000000,53.250000,53.125000,0.000000,0.000000,0.000000,100.000000,0.250000,ns3-simulated/trace-derived
c1-zipf,Zipf 48/24/16/12,dst7,53.250000,53.500000,53.375000,0.000000,0.000000,0.000000,100.000000,0.250000,ns3-simulated/trace-derived
c1-zipf,Zipf 48/24/16/12,dst7,53.500000,53.750000,53.625000,0.000000,0.000000,0.000000,100.000000,0.250000,ns3-simulated/trace-derived
c1-zipf,Zipf 48/24/16/12,dst7,53.750000,54.000000,53.875000,0.000000,0.000000,0.000000,100.000000,0.250000,ns3-simulated/trace-derived
c1-zipf,Zipf 48/24/16/12,dst7,54.000000,54.250000,54.125000,0.000000,0.000000,0.000000,100.000000,0.250000,ns3-simulated/trace-derived
c1-zipf,Zipf 48/24/16/12,dst7,54.250000,54.500000,54.375000,0.000000,0.000000,0.000000,100.000000,0.250000,ns3-simulated/trace-derived
c1-zipf,Zipf 48/24/16/12,dst7,54.500000,54.750000,54.625000,0.000000,0.000000,0.000000,100.000000,0.250000,ns3-simulated/trace-derived
c1-zipf,Zipf 48/24/16/12,dst7,54.750000,55.000000,54.875000,0.000000,0.000000,0.000000,100.000000,0.250000,ns3-simulated/trace-derived
c1-zipf,Zipf 48/24/16/12,dst7,55.000000,55.250000,55.125000,0.000000,0.000000,0.000000,100.000000,0.250000,ns3-simulated/trace-derived
c1-zipf,Zipf 48/24/16/12,dst7,55.250000,55.500000,55.375000,0.000000,0.000000,0.000000,100.000000,0.250000,ns3-simulated/trace-derived
c1-zipf,Zipf 48/24/16/12,dst7,55.500000,55.750000,55.625000,0.000000,0.000000,0.000000,100.000000,0.250000,ns3-simulated/trace-derived
c1-zipf,Zipf 48/24/16/12,dst7,55.750000,56.000000,55.875000,0.000000,0.000000,0.000000,100.000000,0.250000,ns3-simulated/trace-derived
c1-zipf,Zipf 48/24/16/12,dst7,56.000000,56.250000,56.125000,0.000000,0.000000,0.000000,100.000000,0.250000,ns3-simulated/trace-derived
c1-zipf,Zipf 48/24/16/12,dst7,56.250000,56.500000,56.375000,0.000000,0.000000,0.000000,100.000000,0.250000,ns3-simulated/trace-derived
c1-zipf,Zipf 48/24/16/12,dst7,56.500000,56.750000,56.625000,0.000000,0.000000,0.000000,100.000000,0.250000,ns3-simulated/trace-derived
c1-zipf,Zipf 48/24/16/12,dst7,56.750000,57.000000,56.875000,0.000000,0.000000,0.000000,100.000000,0.250000,ns3-simulated/trace-derived
c1-zipf,Zipf 48/24/16/12,dst7,57.000000,57.250000,57.125000,0.000000,0.000000,0.000000,100.000000,0.250000,ns3-simulated/trace-derived
c1-zipf,Zipf 48/24/16/12,dst7,57.250000,57.500000,57.375000,0.000000,0.000000,0.000000,100.000000,0.250000,ns3-simulated/trace-derived
c1-zipf,Zipf 48/24/16/12,dst7,57.500000,57.750000,57.625000,0.000000,0.000000,0.000000,100.000000,0.250000,ns3-simulated/trace-derived
c1-zipf,Zipf 48/24/16/12,dst7,57.750000,58.000000,57.875000,0.000000,0.000000,0.000000,100.000000,0.250000,ns3-simulated/trace-derived
c1-zipf,Zipf 48/24/16/12,dst7,58.000000,58.250000,58.125000,0.000000,0.000000,0.000000,100.000000,0.250000,ns3-simulated/trace-derived
c1-zipf,Zipf 48/24/16/12,dst7,58.250000,58.500000,58.375000,0.000000,0.000000,0.000000,100.000000,0.250000,ns3-simulated/trace-derived
c1-zipf,Zipf 48/24/16/12,dst7,58.500000,58.750000,58.625000,0.000000,0.000000,0.000000,100.000000,0.250000,ns3-simulated/trace-derived
c1-zipf,Zipf 48/24/16/12,dst7,58.750000,59.000000,58.875000,0.000000,0.000000,0.000000,100.000000,0.250000,ns3-simulated/trace-derived
c1-zipf,Zipf 48/24/16/12,dst7,59.000000,59.250000,59.125000,0.000000,0.000000,0.000000,100.000000,0.250000,ns3-simulated/trace-derived
c1-zipf,Zipf 48/24/16/12,dst7,59.250000,59.500000,59.375000,0.000000,0.000000,0.000000,100.000000,0.250000,ns3-simulated/trace-derived
c1-zipf,Zipf 48/24/16/12,dst7,59.500000,59.750000,59.625000,0.000000,0.000000,0.000000,100.000000,0.250000,ns3-simulated/trace-derived
c1-zipf,Zipf 48/24/16/12,dst7,59.750000,60.000000,59.875000,0.000000,0.000000,0.000000,100.000000,0.250000,ns3-simulated/trace-derived
c1-zipf,Zipf 48/24/16/12,dst7,60.000000,60.250000,60.125000,0.000000,0.000000,0.000000,100.000000,0.250000,ns3-simulated/trace-derived
c1-zipf,Zipf 48/24/16/12,dst7,60.250000,60.500000,60.375000,0.000000,0.000000,0.000000,100.000000,0.250000,ns3-simulated/trace-derived
c1-zipf,Zipf 48/24/16/12,dst7,60.500000,60.750000,60.625000,0.000000,0.000000,0.000000,100.000000,0.250000,ns3-simulated/trace-derived
c1-zipf,Zipf 48/24/16/12,dst7,60.750000,61.000000,60.875000,0.000000,0.000000,0.000000,100.000000,0.250000,ns3-simulated/trace-derived
c1-zipf,Zipf 48/24/16/12,dst7,61.000000,61.250000,61.125000,0.000000,0.000000,0.000000,100.000000,0.250000,ns3-simulated/trace-derived
c1-zipf,Zipf 48/24/16/12,dst7,61.250000,61.500000,61.375000,0.000000,0.000000,0.000000,100.000000,0.250000,ns3-simulated/trace-derived
c1-zipf,Zipf 48/24/16/12,dst7,61.500000,61.750000,61.625000,0.000000,0.000000,0.000000,100.000000,0.250000,ns3-simulated/trace-derived
c1-zipf,Zipf 48/24/16/12,dst7,61.750000,62.000000,61.875000,0.000000,0.000000,0.000000,100.000000,0.250000,ns3-simulated/trace-derived
c1-zipf,Zipf 48/24/16/12,dst7,62.000000,62.250000,62.125000,0.000000,0.000000,0.000000,100.000000,0.250000,ns3-simulated/trace-derived
c1-zipf,Zipf 48/24/16/12,dst7,62.250000,62.500000,62.375000,0.000000,0.000000,0.000000,100.000000,0.250000,ns3-simulated/trace-derived
c1-zipf,Zipf 48/24/16/12,dst7,62.500000,62.750000,62.625000,0.000000,0.000000,0.000000,100.000000,0.250000,ns3-simulated/trace-derived
c1-zipf,Zipf 48/24/16/12,dst7,62.750000,63.000000,62.875000,0.000000,0.000000,0.000000,100.000000,0.250000,ns3-simulated/trace-derived
c1-zipf,Zipf 48/24/16/12,dst7,63.000000,63.250000,63.125000,0.000000,0.000000,0.000000,100.000000,0.250000,ns3-simulated/trace-derived
c1-zipf,Zipf 48/24/16/12,dst7,63.250000,63.500000,63.375000,0.000000,0.000000,0.000000,100.000000,0.250000,ns3-simulated/trace-derived
c1-zipf,Zipf 48/24/16/12,dst7,63.500000,63.750000,63.625000,0.000000,0.000000,0.000000,100.000000,0.250000,ns3-simulated/trace-derived
c1-zipf,Zipf 48/24/16/12,dst7,63.750000,64.000000,63.875000,0.000000,0.000000,0.000000,100.000000,0.250000,ns3-simulated/trace-derived
c1-zipf,Zipf 48/24/16/12,dst7,64.000000,64.250000,64.125000,0.000000,0.000000,0.000000,100.000000,0.250000,ns3-simulated/trace-derived
c1-zipf,Zipf 48/24/16/12,dst7,64.250000,64.500000,64.375000,0.000000,0.000000,0.000000,100.000000,0.250000,ns3-simulated/trace-derived
c1-zipf,Zipf 48/24/16/12,dst7,64.500000,64.750000,64.625000,0.000000,0.000000,0.000000,100.000000,0.250000,ns3-simulated/trace-derived
c1-zipf,Zipf 48/24/16/12,dst7,64.750000,65.000000,64.875000,0.000000,0.000000,0.000000,100.000000,0.250000,ns3-simulated/trace-derived
c1-zipf,Zipf 48/24/16/12,dst7,65.000000,65.250000,65.125000,0.000000,0.000000,0.000000,100.000000,0.250000,ns3-simulated/trace-derived
c1-zipf,Zipf 48/24/16/12,dst7,65.250000,65.500000,65.375000,0.000000,0.000000,0.000000,100.000000,0.250000,ns3-simulated/trace-derived
c1-zipf,Zipf 48/24/16/12,dst7,65.500000,65.750000,65.625000,0.000000,0.000000,0.000000,100.000000,0.250000,ns3-simulated/trace-derived
c1-zipf,Zipf 48/24/16/12,dst7,65.750000,66.000000,65.875000,0.000000,0.000000,0.000000,100.000000,0.250000,ns3-simulated/trace-derived
c1-zipf,Zipf 48/24/16/12,dst7,66.000000,66.250000,66.125000,0.000000,0.000000,0.000000,100.000000,0.250000,ns3-simulated/trace-derived
c1-zipf,Zipf 48/24/16/12,dst7,66.250000,66.500000,66.375000,0.000000,0.000000,0.000000,100.000000,0.250000,ns3-simulated/trace-derived
c1-zipf,Zipf 48/24/16/12,dst7,66.500000,66.750000,66.625000,0.000000,0.000000,0.000000,100.000000,0.250000,ns3-simulated/trace-derived
c1-zipf,Zipf 48/24/16/12,dst7,66.750000,67.000000,66.875000,0.000000,0.000000,0.000000,100.000000,0.250000,ns3-simulated/trace-derived
c1-zipf,Zipf 48/24/16/12,dst7,67.000000,67.250000,67.125000,0.000000,0.000000,0.000000,100.000000,0.250000,ns3-simulated/trace-derived
c1-zipf,Zipf 48/24/16/12,dst7,67.250000,67.500000,67.375000,0.000000,0.000000,0.000000,100.000000,0.250000,ns3-simulated/trace-derived
c1-zipf,Zipf 48/24/16/12,dst7,67.500000,67.750000,67.625000,0.000000,0.000000,0.000000,100.000000,0.250000,ns3-simulated/trace-derived
c1-zipf,Zipf 48/24/16/12,dst7,67.750000,68.000000,67.875000,0.000000,0.000000,0.000000,100.000000,0.250000,ns3-simulated/trace-derived
c1-zipf,Zipf 48/24/16/12,dst7,68.000000,68.250000,68.125000,0.000000,0.000000,0.000000,100.000000,0.250000,ns3-simulated/trace-derived
c1-zipf,Zipf 48/24/16/12,dst7,68.250000,68.500000,68.375000,0.000000,0.000000,0.000000,100.000000,0.250000,ns3-simulated/trace-derived
c1-zipf,Zipf 48/24/16/12,dst7,68.500000,68.750000,68.625000,0.000000,0.000000,0.000000,100.000000,0.250000,ns3-simulated/trace-derived
c1-zipf,Zipf 48/24/16/12,dst7,68.750000,69.000000,68.875000,0.000000,0.000000,0.000000,100.000000,0.250000,ns3-simulated/trace-derived
c1-zipf,Zipf 48/24/16/12,dst7,69.000000,69.250000,69.125000,0.000000,0.000000,0.000000,100.000000,0.250000,ns3-simulated/trace-derived
c1-zipf,Zipf 48/24/16/12,dst7,69.250000,69.500000,69.375000,0.000000,0.000000,0.000000,100.000000,0.250000,ns3-simulated/trace-derived
c1-zipf,Zipf 48/24/16/12,dst7,69.500000,69.750000,69.625000,0.000000,0.000000,0.000000,100.000000,0.250000,ns3-simulated/trace-derived
c1-zipf,Zipf 48/24/16/12,dst7,69.750000,70.000000,69.875000,0.000000,0.000000,0.000000,100.000000,0.250000,ns3-simulated/trace-derived
c1-zipf,Zipf 48/24/16/12,dst7,70.000000,70.250000,70.125000,0.000000,0.000000,0.000000,100.000000,0.250000,ns3-simulated/trace-derived
c1-zipf,Zipf 48/24/16/12,dst7,70.250000,70.500000,70.375000,0.000000,0.000000,0.000000,100.000000,0.250000,ns3-simulated/trace-derived
c1-zipf,Zipf 48/24/16/12,dst7,70.500000,70.750000,70.625000,0.000000,0.000000,0.000000,100.000000,0.250000,ns3-simulated/trace-derived
c1-zipf,Zipf 48/24/16/12,dst7,70.750000,71.000000,70.875000,0.000000,0.000000,0.000000,100.000000,0.250000,ns3-simulated/trace-derived
c1-zipf,Zipf 48/24/16/12,dst7,71.000000,71.250000,71.125000,0.000000,0.000000,0.000000,100.000000,0.250000,ns3-simulated/trace-derived
c1-zipf,Zipf 48/24/16/12,dst7,71.250000,71.500000,71.375000,0.000000,0.000000,0.000000,100.000000,0.250000,ns3-simulated/trace-derived
c1-zipf,Zipf 48/24/16/12,dst7,71.500000,71.750000,71.625000,0.000000,0.000000,0.000000,100.000000,0.250000,ns3-simulated/trace-derived
c1-zipf,Zipf 48/24/16/12,dst7,71.750000,72.000000,71.875000,0.000000,0.000000,0.000000,100.000000,0.250000,ns3-simulated/trace-derived
c1-zipf,Zipf 48/24/16/12,dst7,72.000000,72.250000,72.125000,0.000000,0.000000,0.000000,100.000000,0.250000,ns3-simulated/trace-derived
c1-zipf,Zipf 48/24/16/12,dst7,72.250000,72.500000,72.375000,0.000000,0.000000,0.000000,100.000000,0.250000,ns3-simulated/trace-derived
c1-zipf,Zipf 48/24/16/12,dst7,72.500000,72.750000,72.625000,0.000000,0.000000,0.000000,100.000000,0.250000,ns3-simulated/trace-derived
c1-zipf,Zipf 48/24/16/12,dst7,72.750000,73.000000,72.875000,0.000000,0.000000,0.000000,100.000000,0.250000,ns3-simulated/trace-derived
c1-zipf,Zipf 48/24/16/12,dst7,73.000000,73.250000,73.125000,0.000000,0.000000,0.000000,100.000000,0.250000,ns3-simulated/trace-derived
c1-zipf,Zipf 48/24/16/12,dst7,73.250000,73.500000,73.375000,0.000000,0.000000,0.000000,100.000000,0.250000,ns3-simulated/trace-derived
c1-zipf,Zipf 48/24/16/12,dst7,73.500000,73.750000,73.625000,0.000000,0.000000,0.000000,100.000000,0.250000,ns3-simulated/trace-derived
c1-zipf,Zipf 48/24/16/12,dst7,73.750000,74.000000,73.875000,0.000000,0.000000,0.000000,100.000000,0.250000,ns3-simulated/trace-derived
c1-zipf,Zipf 48/24/16/12,dst7,74.000000,74.250000,74.125000,0.000000,0.000000,0.000000,100.000000,0.250000,ns3-simulated/trace-derived
c1-zipf,Zipf 48/24/16/12,dst7,74.250000,74.500000,74.375000,0.000000,0.000000,0.000000,100.000000,0.250000,ns3-simulated/trace-derived
c1-zipf,Zipf 48/24/16/12,dst7,74.500000,74.750000,74.625000,0.000000,0.000000,0.000000,100.000000,0.250000,ns3-simulated/trace-derived
c1-zipf,Zipf 48/24/16/12,dst7,74.750000,75.000000,74.875000,0.000000,0.000000,0.000000,100.000000,0.250000,ns3-simulated/trace-derived
c1-zipf,Zipf 48/24/16/12,dst7,75.000000,75.250000,75.125000,0.000000,0.000000,0.000000,100.000000,0.250000,ns3-simulated/trace-derived
c1-zipf,Zipf 48/24/16/12,dst7,75.250000,75.500000,75.375000,0.000000,0.000000,0.000000,100.000000,0.250000,ns3-simulated/trace-derived
c1-zipf,Zipf 48/24/16/12,dst7,75.500000,75.750000,75.625000,0.000000,0.000000,0.000000,100.000000,0.250000,ns3-simulated/trace-derived
c1-zipf,Zipf 48/24/16/12,dst7,75.750000,76.000000,75.875000,0.000000,0.000000,0.000000,100.000000,0.250000,ns3-simulated/trace-derived
c1-zipf,Zipf 48/24/16/12,dst7,76.000000,76.250000,76.125000,0.000000,0.000000,0.000000,100.000000,0.250000,ns3-simulated/trace-derived
c1-zipf,Zipf 48/24/16/12,dst7,76.250000,76.500000,76.375000,0.000000,0.000000,0.000000,100.000000,0.250000,ns3-simulated/trace-derived
c1-zipf,Zipf 48/24/16/12,dst7,76.500000,76.750000,76.625000,0.000000,0.000000,0.000000,100.000000,0.250000,ns3-simulated/trace-derived
c1-zipf,Zipf 48/24/16/12,dst7,76.750000,77.000000,76.875000,0.000000,0.000000,0.000000,100.000000,0.250000,ns3-simulated/trace-derived
c1-zipf,Zipf 48/24/16/12,dst7,77.000000,77.250000,77.125000,0.000000,0.000000,0.000000,100.000000,0.250000,ns3-simulated/trace-derived
c1-zipf,Zipf 48/24/16/12,dst7,77.250000,77.500000,77.375000,0.000000,0.000000,0.000000,100.000000,0.250000,ns3-simulated/trace-derived
c1-zipf,Zipf 48/24/16/12,dst7,77.500000,77.750000,77.625000,0.000000,0.000000,0.000000,100.000000,0.250000,ns3-simulated/trace-derived
c1-zipf,Zipf 48/24/16/12,dst7,77.750000,78.000000,77.875000,0.000000,0.000000,0.000000,100.000000,0.250000,ns3-simulated/trace-derived
c1-zipf,Zipf 48/24/16/12,dst7,78.000000,78.250000,78.125000,0.000000,0.000000,0.000000,100.000000,0.250000,ns3-simulated/trace-derived
c1-zipf,Zipf 48/24/16/12,dst7,78.250000,78.500000,78.375000,0.000000,0.000000,0.000000,100.000000,0.250000,ns3-simulated/trace-derived
c1-zipf,Zipf 48/24/16/12,dst7,78.500000,78.750000,78.625000,0.000000,0.000000,0.000000,100.000000,0.250000,ns3-simulated/trace-derived
c1-zipf,Zipf 48/24/16/12,dst7,78.750000,79.000000,78.875000,0.000000,0.000000,0.000000,100.000000,0.250000,ns3-simulated/trace-derived
c1-zipf,Zipf 48/24/16/12,dst7,79.000000,79.250000,79.125000,0.000000,0.000000,0.000000,100.000000,0.250000,ns3-simulated/trace-derived
c1-zipf,Zipf 48/24/16/12,dst7,79.250000,79.500000,79.375000,0.000000,0.000000,0.000000,100.000000,0.250000,ns3-simulated/trace-derived
c1-zipf,Zipf 48/24/16/12,dst7,79.500000,79.750000,79.625000,0.000000,0.000000,0.000000,100.000000,0.250000,ns3-simulated/trace-derived
c1-zipf,Zipf 48/24/16/12,dst7,79.750000,80.000000,79.875000,0.000000,0.000000,0.000000,100.000000,0.250000,ns3-simulated/trace-derived
c1-zipf,Zipf 48/24/16/12,dst7,80.000000,80.250000,80.125000,0.000000,0.000000,0.000000,100.000000,0.250000,ns3-simulated/trace-derived
c1-zipf,Zipf 48/24/16/12,dst7,80.250000,80.500000,80.375000,0.000000,0.000000,0.000000,100.000000,0.250000,ns3-simulated/trace-derived
c1-zipf,Zipf 48/24/16/12,dst7,80.500000,80.750000,80.625000,0.000000,0.000000,0.000000,100.000000,0.250000,ns3-simulated/trace-derived
c1-zipf,Zipf 48/24/16/12,dst7,80.750000,81.000000,80.875000,0.000000,0.000000,0.000000,100.000000,0.250000,ns3-simulated/trace-derived
c1-zipf,Zipf 48/24/16/12,dst7,81.000000,81.250000,81.125000,0.000000,0.000000,0.000000,100.000000,0.250000,ns3-simulated/trace-derived
c1-zipf,Zipf 48/24/16/12,dst7,81.250000,81.500000,81.375000,0.000000,0.000000,0.000000,100.000000,0.250000,ns3-simulated/trace-derived
c1-zipf,Zipf 48/24/16/12,dst7,81.500000,81.750000,81.625000,0.000000,0.000000,0.000000,100.000000,0.250000,ns3-simulated/trace-derived
c1-zipf,Zipf 48/24/16/12,dst7,81.750000,82.000000,81.875000,0.000000,0.000000,0.000000,100.000000,0.250000,ns3-simulated/trace-derived
c1-zipf,Zipf 48/24/16/12,dst7,82.000000,82.250000,82.125000,0.000000,0.000000,0.000000,100.000000,0.250000,ns3-simulated/trace-derived
c1-zipf,Zipf 48/24/16/12,dst7,82.250000,82.500000,82.375000,0.000000,0.000000,0.000000,100.000000,0.250000,ns3-simulated/trace-derived
c1-zipf,Zipf 48/24/16/12,dst7,82.500000,82.750000,82.625000,0.000000,0.000000,0.000000,100.000000,0.250000,ns3-simulated/trace-derived
c1-zipf,Zipf 48/24/16/12,dst7,82.750000,83.000000,82.875000,0.000000,0.000000,0.000000,100.000000,0.250000,ns3-simulated/trace-derived
c1-zipf,Zipf 48/24/16/12,dst7,83.000000,83.250000,83.125000,0.000000,0.000000,0.000000,100.000000,0.250000,ns3-simulated/trace-derived
c1-zipf,Zipf 48/24/16/12,dst7,83.250000,83.500000,83.375000,0.000000,0.000000,0.000000,100.000000,0.250000,ns3-simulated/trace-derived
c1-zipf,Zipf 48/24/16/12,dst7,83.500000,83.750000,83.625000,0.000000,0.000000,0.000000,100.000000,0.250000,ns3-simulated/trace-derived
c1-zipf,Zipf 48/24/16/12,dst7,83.750000,84.000000,83.875000,0.000000,0.000000,0.000000,100.000000,0.250000,ns3-simulated/trace-derived
c1-zipf,Zipf 48/24/16/12,dst7,84.000000,84.250000,84.125000,0.000000,0.000000,0.000000,100.000000,0.250000,ns3-simulated/trace-derived
c1-zipf,Zipf 48/24/16/12,dst7,84.250000,84.500000,84.375000,0.000000,0.000000,0.000000,100.000000,0.250000,ns3-simulated/trace-derived
c1-zipf,Zipf 48/24/16/12,dst7,84.500000,84.750000,84.625000,0.000000,0.000000,0.000000,100.000000,0.250000,ns3-simulated/trace-derived
c1-zipf,Zipf 48/24/16/12,dst7,84.750000,85.000000,84.875000,0.000000,0.000000,0.000000,100.000000,0.250000,ns3-simulated/trace-derived
c1-zipf,Zipf 48/24/16/12,dst7,85.000000,85.250000,85.125000,0.000000,0.000000,0.000000,100.000000,0.250000,ns3-simulated/trace-derived
c1-zipf,Zipf 48/24/16/12,dst7,85.250000,85.500000,85.375000,0.000000,0.000000,0.000000,100.000000,0.250000,ns3-simulated/trace-derived
c1-zipf,Zipf 48/24/16/12,dst7,85.500000,85.750000,85.625000,0.000000,0.000000,0.000000,100.000000,0.250000,ns3-simulated/trace-derived
c1-zipf,Zipf 48/24/16/12,dst7,85.750000,86.000000,85.875000,0.000000,0.000000,0.000000,100.000000,0.250000,ns3-simulated/trace-derived
c1-zipf,Zipf 48/24/16/12,dst7,86.000000,86.250000,86.125000,0.000000,0.000000,0.000000,100.000000,0.250000,ns3-simulated/trace-derived
c1-zipf,Zipf 48/24/16/12,dst7,86.250000,86.500000,86.375000,0.000000,0.000000,0.000000,100.000000,0.250000,ns3-simulated/trace-derived
c1-zipf,Zipf 48/24/16/12,dst7,86.500000,86.750000,86.625000,0.000000,0.000000,0.000000,100.000000,0.250000,ns3-simulated/trace-derived
c1-zipf,Zipf 48/24/16/12,dst7,86.750000,87.000000,86.875000,0.000000,0.000000,0.000000,100.000000,0.250000,ns3-simulated/trace-derived
c1-zipf,Zipf 48/24/16/12,dst7,87.000000,87.250000,87.125000,0.000000,0.000000,0.000000,100.000000,0.250000,ns3-simulated/trace-derived
c1-zipf,Zipf 48/24/16/12,dst7,87.250000,87.500000,87.375000,0.000000,0.000000,0.000000,100.000000,0.250000,ns3-simulated/trace-derived
c1-zipf,Zipf 48/24/16/12,dst7,87.500000,87.750000,87.625000,0.000000,0.000000,0.000000,100.000000,0.250000,ns3-simulated/trace-derived
c1-zipf,Zipf 48/24/16/12,dst7,87.750000,88.000000,87.875000,0.000000,0.000000,0.000000,100.000000,0.250000,ns3-simulated/trace-derived
c1-zipf,Zipf 48/24/16/12,dst7,88.000000,88.250000,88.125000,0.000000,0.000000,0.000000,100.000000,0.250000,ns3-simulated/trace-derived
c1-zipf,Zipf 48/24/16/12,dst7,88.250000,88.500000,88.375000,0.000000,0.000000,0.000000,100.000000,0.250000,ns3-simulated/trace-derived
c1-zipf,Zipf 48/24/16/12,dst7,88.500000,88.750000,88.625000,0.000000,0.000000,0.000000,100.000000,0.250000,ns3-simulated/trace-derived
c1-zipf,Zipf 48/24/16/12,dst7,88.750000,89.000000,88.875000,0.000000,0.000000,0.000000,100.000000,0.250000,ns3-simulated/trace-derived
c1-zipf,Zipf 48/24/16/12,dst7,89.000000,89.250000,89.125000,0.000000,0.000000,0.000000,100.000000,0.250000,ns3-simulated/trace-derived
c1-zipf,Zipf 48/24/16/12,dst7,89.250000,89.500000,89.375000,0.000000,0.000000,0.000000,100.000000,0.250000,ns3-simulated/trace-derived
c1-zipf,Zipf 48/24/16/12,dst7,89.500000,89.750000,89.625000,0.000000,0.000000,0.000000,100.000000,0.250000,ns3-simulated/trace-derived
c1-zipf,Zipf 48/24/16/12,dst7,89.750000,90.000000,89.875000,0.000000,0.000000,0.000000,100.000000,0.250000,ns3-simulated/trace-derived
c1-zipf,Zipf 48/24/16/12,dst7,90.000000,90.250000,90.125000,0.000000,0.000000,0.000000,100.000000,0.250000,ns3-simulated/trace-derived
c1-zipf,Zipf 48/24/16/12,dst7,90.250000,90.500000,90.375000,0.000000,0.000000,0.000000,100.000000,0.250000,ns3-simulated/trace-derived
c1-zipf,Zipf 48/24/16/12,dst7,90.500000,90.750000,90.625000,0.000000,0.000000,0.000000,100.000000,0.250000,ns3-simulated/trace-derived
c1-zipf,Zipf 48/24/16/12,dst7,90.750000,91.000000,90.875000,0.000000,0.000000,0.000000,100.000000,0.250000,ns3-simulated/trace-derived
c1-zipf,Zipf 48/24/16/12,dst7,91.000000,91.250000,91.125000,0.000000,0.000000,0.000000,100.000000,0.250000,ns3-simulated/trace-derived
c1-zipf,Zipf 48/24/16/12,dst7,91.250000,91.500000,91.375000,0.000000,0.000000,0.000000,100.000000,0.250000,ns3-simulated/trace-derived
c1-zipf,Zipf 48/24/16/12,dst7,91.500000,91.750000,91.625000,0.000000,0.000000,0.000000,100.000000,0.250000,ns3-simulated/trace-derived
c1-zipf,Zipf 48/24/16/12,dst7,91.750000,92.000000,91.875000,0.000000,0.000000,0.000000,100.000000,0.250000,ns3-simulated/trace-derived
c1-zipf,Zipf 48/24/16/12,dst7,92.000000,92.250000,92.125000,0.000000,0.000000,0.000000,100.000000,0.250000,ns3-simulated/trace-derived
c1-zipf,Zipf 48/24/16/12,dst7,92.250000,92.500000,92.375000,0.000000,0.000000,0.000000,100.000000,0.250000,ns3-simulated/trace-derived
c1-zipf,Zipf 48/24/16/12,dst7,92.500000,92.750000,92.625000,0.000000,0.000000,0.000000,100.000000,0.250000,ns3-simulated/trace-derived
c1-zipf,Zipf 48/24/16/12,dst7,92.750000,93.000000,92.875000,0.000000,0.000000,0.000000,100.000000,0.250000,ns3-simulated/trace-derived
c1-zipf,Zipf 48/24/16/12,dst7,93.000000,93.250000,93.125000,0.000000,0.000000,0.000000,100.000000,0.250000,ns3-simulated/trace-derived
c1-zipf,Zipf 48/24/16/12,dst7,93.250000,93.500000,93.375000,0.000000,0.000000,0.000000,100.000000,0.250000,ns3-simulated/trace-derived
c1-zipf,Zipf 48/24/16/12,dst7,93.500000,93.750000,93.625000,0.000000,0.000000,0.000000,100.000000,0.250000,ns3-simulated/trace-derived
c1-zipf,Zipf 48/24/16/12,dst7,93.750000,94.000000,93.875000,0.000000,0.000000,0.000000,100.000000,0.250000,ns3-simulated/trace-derived
c1-zipf,Zipf 48/24/16/12,dst7,94.000000,94.250000,94.125000,0.000000,0.000000,0.000000,100.000000,0.250000,ns3-simulated/trace-derived
c1-zipf,Zipf 48/24/16/12,dst7,94.250000,94.500000,94.375000,0.000000,0.000000,0.000000,100.000000,0.250000,ns3-simulated/trace-derived
c1-zipf,Zipf 48/24/16/12,dst7,94.500000,94.750000,94.625000,0.000000,0.000000,0.000000,100.000000,0.250000,ns3-simulated/trace-derived
c1-zipf,Zipf 48/24/16/12,dst7,94.750000,95.000000,94.875000,0.000000,0.000000,0.000000,100.000000,0.250000,ns3-simulated/trace-derived
c1-zipf,Zipf 48/24/16/12,dst7,95.000000,95.250000,95.125000,0.000000,0.000000,0.000000,100.000000,0.250000,ns3-simulated/trace-derived
c2-hot,热点 97/1/1/1,dst4,0.000000,0.250000,0.125000,0.000000,0.000000,0.000000,100.000000,0.250000,ns3-simulated/trace-derived
c2-hot,热点 97/1/1/1,dst4,0.250000,0.500000,0.375000,0.000000,0.000000,0.000000,100.000000,0.250000,ns3-simulated/trace-derived
c2-hot,热点 97/1/1/1,dst4,0.500000,0.750000,0.625000,2899.500000,92.784000,92.784000,100.000000,0.250000,ns3-simulated/trace-derived
c2-hot,热点 97/1/1/1,dst4,0.750000,1.000000,0.875000,3125.000000,100.000000,100.000000,100.000000,0.250000,ns3-simulated/trace-derived
c2-hot,热点 97/1/1/1,dst4,1.000000,1.250000,1.125000,3125.000000,100.000000,100.000000,100.000000,0.250000,ns3-simulated/trace-derived
c2-hot,热点 97/1/1/1,dst4,1.250000,1.500000,1.375000,3125.000000,100.000000,100.000000,100.000000,0.250000,ns3-simulated/trace-derived
c2-hot,热点 97/1/1/1,dst4,1.500000,1.750000,1.625000,3125.000000,100.000000,100.000000,100.000000,0.250000,ns3-simulated/trace-derived
c2-hot,热点 97/1/1/1,dst4,1.750000,2.000000,1.875000,3125.000000,100.000000,100.000000,100.000000,0.250000,ns3-simulated/trace-derived
c2-hot,热点 97/1/1/1,dst4,2.000000,2.250000,2.125000,3125.000000,100.000000,100.000000,100.000000,0.250000,ns3-simulated/trace-derived
c2-hot,热点 97/1/1/1,dst4,2.250000,2.500000,2.375000,3125.000000,100.000000,100.000000,100.000000,0.250000,ns3-simulated/trace-derived
c2-hot,热点 97/1/1/1,dst4,2.500000,2.750000,2.625000,3125.000000,100.000000,100.000000,100.000000,0.250000,ns3-simulated/trace-derived
c2-hot,热点 97/1/1/1,dst4,2.750000,3.000000,2.875000,3125.000000,100.000000,100.000000,100.000000,0.250000,ns3-simulated/trace-derived
c2-hot,热点 97/1/1/1,dst4,3.000000,3.250000,3.125000,3125.000000,100.000000,100.000000,100.000000,0.250000,ns3-simulated/trace-derived
c2-hot,热点 97/1/1/1,dst4,3.250000,3.500000,3.375000,3125.000000,100.000000,100.000000,100.000000,0.250000,ns3-simulated/trace-derived
c2-hot,热点 97/1/1/1,dst4,3.500000,3.750000,3.625000,3125.000000,100.000000,100.000000,100.000000,0.250000,ns3-simulated/trace-derived
c2-hot,热点 97/1/1/1,dst4,3.750000,4.000000,3.875000,3125.000000,100.000000,100.000000,100.000000,0.250000,ns3-simulated/trace-derived
c2-hot,热点 97/1/1/1,dst4,4.000000,4.250000,4.125000,3125.000000,100.000000,100.000000,100.000000,0.250000,ns3-simulated/trace-derived
c2-hot,热点 97/1/1/1,dst4,4.250000,4.500000,4.375000,3125.000000,100.000000,100.000000,100.000000,0.250000,ns3-simulated/trace-derived
c2-hot,热点 97/1/1/1,dst4,4.500000,4.750000,4.625000,3125.000000,100.000000,100.000000,100.000000,0.250000,ns3-simulated/trace-derived
c2-hot,热点 97/1/1/1,dst4,4.750000,5.000000,4.875000,3125.000000,100.000000,100.000000,100.000000,0.250000,ns3-simulated/trace-derived
c2-hot,热点 97/1/1/1,dst4,5.000000,5.250000,5.125000,3125.000000,100.000000,100.000000,100.000000,0.250000,ns3-simulated/trace-derived
c2-hot,热点 97/1/1/1,dst4,5.250000,5.500000,5.375000,3125.000000,100.000000,100.000000,100.000000,0.250000,ns3-simulated/trace-derived
c2-hot,热点 97/1/1/1,dst4,5.500000,5.750000,5.625000,3125.000000,100.000000,100.000000,100.000000,0.250000,ns3-simulated/trace-derived
c2-hot,热点 97/1/1/1,dst4,5.750000,6.000000,5.875000,3125.000000,100.000000,100.000000,100.000000,0.250000,ns3-simulated/trace-derived
c2-hot,热点 97/1/1/1,dst4,6.000000,6.250000,6.125000,3125.000000,100.000000,100.000000,100.000000,0.250000,ns3-simulated/trace-derived
c2-hot,热点 97/1/1/1,dst4,6.250000,6.500000,6.375000,3125.000000,100.000000,100.000000,100.000000,0.250000,ns3-simulated/trace-derived
c2-hot,热点 97/1/1/1,dst4,6.500000,6.750000,6.625000,3125.000000,100.000000,100.000000,100.000000,0.250000,ns3-simulated/trace-derived
c2-hot,热点 97/1/1/1,dst4,6.750000,7.000000,6.875000,3125.000000,100.000000,100.000000,100.000000,0.250000,ns3-simulated/trace-derived
c2-hot,热点 97/1/1/1,dst4,7.000000,7.250000,7.125000,3125.000000,100.000000,100.000000,100.000000,0.250000,ns3-simulated/trace-derived
c2-hot,热点 97/1/1/1,dst4,7.250000,7.500000,7.375000,3125.000000,100.000000,100.000000,100.000000,0.250000,ns3-simulated/trace-derived
c2-hot,热点 97/1/1/1,dst4,7.500000,7.750000,7.625000,3125.000000,100.000000,100.000000,100.000000,0.250000,ns3-simulated/trace-derived
c2-hot,热点 97/1/1/1,dst4,7.750000,8.000000,7.875000,3125.000000,100.000000,100.000000,100.000000,0.250000,ns3-simulated/trace-derived
c2-hot,热点 97/1/1/1,dst4,8.000000,8.250000,8.125000,3125.000000,100.000000,100.000000,100.000000,0.250000,ns3-simulated/trace-derived
c2-hot,热点 97/1/1/1,dst4,8.250000,8.500000,8.375000,3125.000000,100.000000,100.000000,100.000000,0.250000,ns3-simulated/trace-derived
c2-hot,热点 97/1/1/1,dst4,8.500000,8.750000,8.625000,3125.000000,100.000000,100.000000,100.000000,0.250000,ns3-simulated/trace-derived
c2-hot,热点 97/1/1/1,dst4,8.750000,9.000000,8.875000,3125.000000,100.000000,100.000000,100.000000,0.250000,ns3-simulated/trace-derived
c2-hot,热点 97/1/1/1,dst4,9.000000,9.250000,9.125000,3125.000000,100.000000,100.000000,100.000000,0.250000,ns3-simulated/trace-derived
c2-hot,热点 97/1/1/1,dst4,9.250000,9.500000,9.375000,3125.000000,100.000000,100.000000,100.000000,0.250000,ns3-simulated/trace-derived
c2-hot,热点 97/1/1/1,dst4,9.500000,9.750000,9.625000,3125.000000,100.000000,100.000000,100.000000,0.250000,ns3-simulated/trace-derived
c2-hot,热点 97/1/1/1,dst4,9.750000,10.000000,9.875000,3125.000000,100.000000,100.000000,100.000000,0.250000,ns3-simulated/trace-derived
c2-hot,热点 97/1/1/1,dst4,10.000000,10.250000,10.125000,3125.000000,100.000000,100.000000,100.000000,0.250000,ns3-simulated/trace-derived
c2-hot,热点 97/1/1/1,dst4,10.250000,10.500000,10.375000,3125.000000,100.000000,100.000000,100.000000,0.250000,ns3-simulated/trace-derived
c2-hot,热点 97/1/1/1,dst4,10.500000,10.750000,10.625000,3125.000000,100.000000,100.000000,100.000000,0.250000,ns3-simulated/trace-derived
c2-hot,热点 97/1/1/1,dst4,10.750000,11.000000,10.875000,3125.000000,100.000000,100.000000,100.000000,0.250000,ns3-simulated/trace-derived
c2-hot,热点 97/1/1/1,dst4,11.000000,11.250000,11.125000,3125.000000,100.000000,100.000000,100.000000,0.250000,ns3-simulated/trace-derived
c2-hot,热点 97/1/1/1,dst4,11.250000,11.500000,11.375000,3125.000000,100.000000,100.000000,100.000000,0.250000,ns3-simulated/trace-derived
c2-hot,热点 97/1/1/1,dst4,11.500000,11.750000,11.625000,3125.000000,100.000000,100.000000,100.000000,0.250000,ns3-simulated/trace-derived
c2-hot,热点 97/1/1/1,dst4,11.750000,12.000000,11.875000,3125.000000,100.000000,100.000000,100.000000,0.250000,ns3-simulated/trace-derived
c2-hot,热点 97/1/1/1,dst4,12.000000,12.250000,12.125000,3125.000000,100.000000,100.000000,100.000000,0.250000,ns3-simulated/trace-derived
c2-hot,热点 97/1/1/1,dst4,12.250000,12.500000,12.375000,3125.000000,100.000000,100.000000,100.000000,0.250000,ns3-simulated/trace-derived
c2-hot,热点 97/1/1/1,dst4,12.500000,12.750000,12.625000,3125.000000,100.000000,100.000000,100.000000,0.250000,ns3-simulated/trace-derived
c2-hot,热点 97/1/1/1,dst4,12.750000,13.000000,12.875000,3125.000000,100.000000,100.000000,100.000000,0.250000,ns3-simulated/trace-derived
c2-hot,热点 97/1/1/1,dst4,13.000000,13.250000,13.125000,3125.000000,100.000000,100.000000,100.000000,0.250000,ns3-simulated/trace-derived
c2-hot,热点 97/1/1/1,dst4,13.250000,13.500000,13.375000,3125.000000,100.000000,100.000000,100.000000,0.250000,ns3-simulated/trace-derived
c2-hot,热点 97/1/1/1,dst4,13.500000,13.750000,13.625000,3125.000000,100.000000,100.000000,100.000000,0.250000,ns3-simulated/trace-derived
c2-hot,热点 97/1/1/1,dst4,13.750000,14.000000,13.875000,3125.000000,100.000000,100.000000,100.000000,0.250000,ns3-simulated/trace-derived
c2-hot,热点 97/1/1/1,dst4,14.000000,14.250000,14.125000,3125.000000,100.000000,100.000000,100.000000,0.250000,ns3-simulated/trace-derived
c2-hot,热点 97/1/1/1,dst4,14.250000,14.500000,14.375000,3125.000000,100.000000,100.000000,100.000000,0.250000,ns3-simulated/trace-derived
c2-hot,热点 97/1/1/1,dst4,14.500000,14.750000,14.625000,3125.000000,100.000000,100.000000,100.000000,0.250000,ns3-simulated/trace-derived
c2-hot,热点 97/1/1/1,dst4,14.750000,15.000000,14.875000,3125.000000,100.000000,100.000000,100.000000,0.250000,ns3-simulated/trace-derived
c2-hot,热点 97/1/1/1,dst4,15.000000,15.250000,15.125000,3125.000000,100.000000,100.000000,100.000000,0.250000,ns3-simulated/trace-derived
c2-hot,热点 97/1/1/1,dst4,15.250000,15.500000,15.375000,3125.000000,100.000000,100.000000,100.000000,0.250000,ns3-simulated/trace-derived
c2-hot,热点 97/1/1/1,dst4,15.500000,15.750000,15.625000,3125.000000,100.000000,100.000000,100.000000,0.250000,ns3-simulated/trace-derived
c2-hot,热点 97/1/1/1,dst4,15.750000,16.000000,15.875000,3125.000000,100.000000,100.000000,100.000000,0.250000,ns3-simulated/trace-derived
c2-hot,热点 97/1/1/1,dst4,16.000000,16.250000,16.125000,3125.000000,100.000000,100.000000,100.000000,0.250000,ns3-simulated/trace-derived
c2-hot,热点 97/1/1/1,dst4,16.250000,16.500000,16.375000,3125.000000,100.000000,100.000000,100.000000,0.250000,ns3-simulated/trace-derived
c2-hot,热点 97/1/1/1,dst4,16.500000,16.750000,16.625000,3125.000000,100.000000,100.000000,100.000000,0.250000,ns3-simulated/trace-derived
c2-hot,热点 97/1/1/1,dst4,16.750000,17.000000,16.875000,3125.000000,100.000000,100.000000,100.000000,0.250000,ns3-simulated/trace-derived
c2-hot,热点 97/1/1/1,dst4,17.000000,17.250000,17.125000,3125.000000,100.000000,100.000000,100.000000,0.250000,ns3-simulated/trace-derived
c2-hot,热点 97/1/1/1,dst4,17.250000,17.500000,17.375000,3125.000000,100.000000,100.000000,100.000000,0.250000,ns3-simulated/trace-derived
c2-hot,热点 97/1/1/1,dst4,17.500000,17.750000,17.625000,3125.000000,100.000000,100.000000,100.000000,0.250000,ns3-simulated/trace-derived
c2-hot,热点 97/1/1/1,dst4,17.750000,18.000000,17.875000,3125.000000,100.000000,100.000000,100.000000,0.250000,ns3-simulated/trace-derived
c2-hot,热点 97/1/1/1,dst4,18.000000,18.250000,18.125000,3125.000000,100.000000,100.000000,100.000000,0.250000,ns3-simulated/trace-derived
c2-hot,热点 97/1/1/1,dst4,18.250000,18.500000,18.375000,3125.000000,100.000000,100.000000,100.000000,0.250000,ns3-simulated/trace-derived
c2-hot,热点 97/1/1/1,dst4,18.500000,18.750000,18.625000,3125.000000,100.000000,100.000000,100.000000,0.250000,ns3-simulated/trace-derived
c2-hot,热点 97/1/1/1,dst4,18.750000,19.000000,18.875000,3125.000000,100.000000,100.000000,100.000000,0.250000,ns3-simulated/trace-derived
c2-hot,热点 97/1/1/1,dst4,19.000000,19.250000,19.125000,3125.000000,100.000000,100.000000,100.000000,0.250000,ns3-simulated/trace-derived
c2-hot,热点 97/1/1/1,dst4,19.250000,19.500000,19.375000,3125.000000,100.000000,100.000000,100.000000,0.250000,ns3-simulated/trace-derived
c2-hot,热点 97/1/1/1,dst4,19.500000,19.750000,19.625000,3125.000000,100.000000,100.000000,100.000000,0.250000,ns3-simulated/trace-derived
c2-hot,热点 97/1/1/1,dst4,19.750000,20.000000,19.875000,3125.000000,100.000000,100.000000,100.000000,0.250000,ns3-simulated/trace-derived
c2-hot,热点 97/1/1/1,dst4,20.000000,20.250000,20.125000,3125.000000,100.000000,100.000000,100.000000,0.250000,ns3-simulated/trace-derived
c2-hot,热点 97/1/1/1,dst4,20.250000,20.500000,20.375000,3125.000000,100.000000,100.000000,100.000000,0.250000,ns3-simulated/trace-derived
c2-hot,热点 97/1/1/1,dst4,20.500000,20.750000,20.625000,3125.000000,100.000000,100.000000,100.000000,0.250000,ns3-simulated/trace-derived
c2-hot,热点 97/1/1/1,dst4,20.750000,21.000000,20.875000,3125.000000,100.000000,100.000000,100.000000,0.250000,ns3-simulated/trace-derived
c2-hot,热点 97/1/1/1,dst4,21.000000,21.250000,21.125000,3125.000000,100.000000,100.000000,100.000000,0.250000,ns3-simulated/trace-derived
c2-hot,热点 97/1/1/1,dst4,21.250000,21.500000,21.375000,3125.000000,100.000000,100.000000,100.000000,0.250000,ns3-simulated/trace-derived
c2-hot,热点 97/1/1/1,dst4,21.500000,21.750000,21.625000,3125.000000,100.000000,100.000000,100.000000,0.250000,ns3-simulated/trace-derived
c2-hot,热点 97/1/1/1,dst4,21.750000,22.000000,21.875000,3125.000000,100.000000,100.000000,100.000000,0.250000,ns3-simulated/trace-derived
c2-hot,热点 97/1/1/1,dst4,22.000000,22.250000,22.125000,3125.000000,100.000000,100.000000,100.000000,0.250000,ns3-simulated/trace-derived
c2-hot,热点 97/1/1/1,dst4,22.250000,22.500000,22.375000,3125.000000,100.000000,100.000000,100.000000,0.250000,ns3-simulated/trace-derived
c2-hot,热点 97/1/1/1,dst4,22.500000,22.750000,22.625000,3125.000000,100.000000,100.000000,100.000000,0.250000,ns3-simulated/trace-derived
c2-hot,热点 97/1/1/1,dst4,22.750000,23.000000,22.875000,3125.000000,100.000000,100.000000,100.000000,0.250000,ns3-simulated/trace-derived
c2-hot,热点 97/1/1/1,dst4,23.000000,23.250000,23.125000,3125.000000,100.000000,100.000000,100.000000,0.250000,ns3-simulated/trace-derived
c2-hot,热点 97/1/1/1,dst4,23.250000,23.500000,23.375000,3125.000000,100.000000,100.000000,100.000000,0.250000,ns3-simulated/trace-derived
c2-hot,热点 97/1/1/1,dst4,23.500000,23.750000,23.625000,3125.000000,100.000000,100.000000,100.000000,0.250000,ns3-simulated/trace-derived
c2-hot,热点 97/1/1/1,dst4,23.750000,24.000000,23.875000,3125.000000,100.000000,100.000000,100.000000,0.250000,ns3-simulated/trace-derived
c2-hot,热点 97/1/1/1,dst4,24.000000,24.250000,24.125000,3125.000000,100.000000,100.000000,100.000000,0.250000,ns3-simulated/trace-derived
c2-hot,热点 97/1/1/1,dst4,24.250000,24.500000,24.375000,3125.000000,100.000000,100.000000,100.000000,0.250000,ns3-simulated/trace-derived
c2-hot,热点 97/1/1/1,dst4,24.500000,24.750000,24.625000,3125.000000,100.000000,100.000000,100.000000,0.250000,ns3-simulated/trace-derived
c2-hot,热点 97/1/1/1,dst4,24.750000,25.000000,24.875000,3125.000000,100.000000,100.000000,100.000000,0.250000,ns3-simulated/trace-derived
c2-hot,热点 97/1/1/1,dst4,25.000000,25.250000,25.125000,3125.000000,100.000000,100.000000,100.000000,0.250000,ns3-simulated/trace-derived
c2-hot,热点 97/1/1/1,dst4,25.250000,25.500000,25.375000,3125.000000,100.000000,100.000000,100.000000,0.250000,ns3-simulated/trace-derived
c2-hot,热点 97/1/1/1,dst4,25.500000,25.750000,25.625000,3125.000000,100.000000,100.000000,100.000000,0.250000,ns3-simulated/trace-derived
c2-hot,热点 97/1/1/1,dst4,25.750000,26.000000,25.875000,3125.000000,100.000000,100.000000,100.000000,0.250000,ns3-simulated/trace-derived
c2-hot,热点 97/1/1/1,dst4,26.000000,26.250000,26.125000,3125.000000,100.000000,100.000000,100.000000,0.250000,ns3-simulated/trace-derived
c2-hot,热点 97/1/1/1,dst4,26.250000,26.500000,26.375000,3125.000000,100.000000,100.000000,100.000000,0.250000,ns3-simulated/trace-derived
c2-hot,热点 97/1/1/1,dst4,26.500000,26.750000,26.625000,3125.000000,100.000000,100.000000,100.000000,0.250000,ns3-simulated/trace-derived
c2-hot,热点 97/1/1/1,dst4,26.750000,27.000000,26.875000,3125.000000,100.000000,100.000000,100.000000,0.250000,ns3-simulated/trace-derived
c2-hot,热点 97/1/1/1,dst4,27.000000,27.250000,27.125000,3125.000000,100.000000,100.000000,100.000000,0.250000,ns3-simulated/trace-derived
c2-hot,热点 97/1/1/1,dst4,27.250000,27.500000,27.375000,3125.000000,100.000000,100.000000,100.000000,0.250000,ns3-simulated/trace-derived
c2-hot,热点 97/1/1/1,dst4,27.500000,27.750000,27.625000,3125.000000,100.000000,100.000000,100.000000,0.250000,ns3-simulated/trace-derived
c2-hot,热点 97/1/1/1,dst4,27.750000,28.000000,27.875000,3125.000000,100.000000,100.000000,100.000000,0.250000,ns3-simulated/trace-derived
c2-hot,热点 97/1/1/1,dst4,28.000000,28.250000,28.125000,3125.000000,100.000000,100.000000,100.000000,0.250000,ns3-simulated/trace-derived
c2-hot,热点 97/1/1/1,dst4,28.250000,28.500000,28.375000,3125.000000,100.000000,100.000000,100.000000,0.250000,ns3-simulated/trace-derived
c2-hot,热点 97/1/1/1,dst4,28.500000,28.750000,28.625000,3125.000000,100.000000,100.000000,100.000000,0.250000,ns3-simulated/trace-derived
c2-hot,热点 97/1/1/1,dst4,28.750000,29.000000,28.875000,3125.000000,100.000000,100.000000,100.000000,0.250000,ns3-simulated/trace-derived
c2-hot,热点 97/1/1/1,dst4,29.000000,29.250000,29.125000,3125.000000,100.000000,100.000000,100.000000,0.250000,ns3-simulated/trace-derived
c2-hot,热点 97/1/1/1,dst4,29.250000,29.500000,29.375000,3125.000000,100.000000,100.000000,100.000000,0.250000,ns3-simulated/trace-derived
c2-hot,热点 97/1/1/1,dst4,29.500000,29.750000,29.625000,3125.000000,100.000000,100.000000,100.000000,0.250000,ns3-simulated/trace-derived
c2-hot,热点 97/1/1/1,dst4,29.750000,30.000000,29.875000,3125.000000,100.000000,100.000000,100.000000,0.250000,ns3-simulated/trace-derived
c2-hot,热点 97/1/1/1,dst4,30.000000,30.250000,30.125000,3125.000000,100.000000,100.000000,100.000000,0.250000,ns3-simulated/trace-derived
c2-hot,热点 97/1/1/1,dst4,30.250000,30.500000,30.375000,3125.000000,100.000000,100.000000,100.000000,0.250000,ns3-simulated/trace-derived
c2-hot,热点 97/1/1/1,dst4,30.500000,30.750000,30.625000,3125.000000,100.000000,100.000000,100.000000,0.250000,ns3-simulated/trace-derived
c2-hot,热点 97/1/1/1,dst4,30.750000,31.000000,30.875000,3125.000000,100.000000,100.000000,100.000000,0.250000,ns3-simulated/trace-derived
c2-hot,热点 97/1/1/1,dst4,31.000000,31.250000,31.125000,3125.000000,100.000000,100.000000,100.000000,0.250000,ns3-simulated/trace-derived
c2-hot,热点 97/1/1/1,dst4,31.250000,31.500000,31.375000,3125.000000,100.000000,100.000000,100.000000,0.250000,ns3-simulated/trace-derived
c2-hot,热点 97/1/1/1,dst4,31.500000,31.750000,31.625000,3125.000000,100.000000,100.000000,100.000000,0.250000,ns3-simulated/trace-derived
c2-hot,热点 97/1/1/1,dst4,31.750000,32.000000,31.875000,3125.000000,100.000000,100.000000,100.000000,0.250000,ns3-simulated/trace-derived
c2-hot,热点 97/1/1/1,dst4,32.000000,32.250000,32.125000,3125.000000,100.000000,100.000000,100.000000,0.250000,ns3-simulated/trace-derived
c2-hot,热点 97/1/1/1,dst4,32.250000,32.500000,32.375000,3125.000000,100.000000,100.000000,100.000000,0.250000,ns3-simulated/trace-derived
c2-hot,热点 97/1/1/1,dst4,32.500000,32.750000,32.625000,3125.000000,100.000000,100.000000,100.000000,0.250000,ns3-simulated/trace-derived
c2-hot,热点 97/1/1/1,dst4,32.750000,33.000000,32.875000,3125.000000,100.000000,100.000000,100.000000,0.250000,ns3-simulated/trace-derived
c2-hot,热点 97/1/1/1,dst4,33.000000,33.250000,33.125000,3125.000000,100.000000,100.000000,100.000000,0.250000,ns3-simulated/trace-derived
c2-hot,热点 97/1/1/1,dst4,33.250000,33.500000,33.375000,3125.000000,100.000000,100.000000,100.000000,0.250000,ns3-simulated/trace-derived
c2-hot,热点 97/1/1/1,dst4,33.500000,33.750000,33.625000,3125.000000,100.000000,100.000000,100.000000,0.250000,ns3-simulated/trace-derived
c2-hot,热点 97/1/1/1,dst4,33.750000,34.000000,33.875000,3125.000000,100.000000,100.000000,100.000000,0.250000,ns3-simulated/trace-derived
c2-hot,热点 97/1/1/1,dst4,34.000000,34.250000,34.125000,3125.000000,100.000000,100.000000,100.000000,0.250000,ns3-simulated/trace-derived
c2-hot,热点 97/1/1/1,dst4,34.250000,34.500000,34.375000,3125.000000,100.000000,100.000000,100.000000,0.250000,ns3-simulated/trace-derived
c2-hot,热点 97/1/1/1,dst4,34.500000,34.750000,34.625000,3125.000000,100.000000,100.000000,100.000000,0.250000,ns3-simulated/trace-derived
c2-hot,热点 97/1/1/1,dst4,34.750000,35.000000,34.875000,3125.000000,100.000000,100.000000,100.000000,0.250000,ns3-simulated/trace-derived
c2-hot,热点 97/1/1/1,dst4,35.000000,35.250000,35.125000,3125.000000,100.000000,100.000000,100.000000,0.250000,ns3-simulated/trace-derived
c2-hot,热点 97/1/1/1,dst4,35.250000,35.500000,35.375000,3125.000000,100.000000,100.000000,100.000000,0.250000,ns3-simulated/trace-derived
c2-hot,热点 97/1/1/1,dst4,35.500000,35.750000,35.625000,3125.000000,100.000000,100.000000,100.000000,0.250000,ns3-simulated/trace-derived
c2-hot,热点 97/1/1/1,dst4,35.750000,36.000000,35.875000,3125.000000,100.000000,100.000000,100.000000,0.250000,ns3-simulated/trace-derived
c2-hot,热点 97/1/1/1,dst4,36.000000,36.250000,36.125000,3125.000000,100.000000,100.000000,100.000000,0.250000,ns3-simulated/trace-derived
c2-hot,热点 97/1/1/1,dst4,36.250000,36.500000,36.375000,3125.000000,100.000000,100.000000,100.000000,0.250000,ns3-simulated/trace-derived
c2-hot,热点 97/1/1/1,dst4,36.500000,36.750000,36.625000,3125.000000,100.000000,100.000000,100.000000,0.250000,ns3-simulated/trace-derived
c2-hot,热点 97/1/1/1,dst4,36.750000,37.000000,36.875000,3125.000000,100.000000,100.000000,100.000000,0.250000,ns3-simulated/trace-derived
c2-hot,热点 97/1/1/1,dst4,37.000000,37.250000,37.125000,3125.000000,100.000000,100.000000,100.000000,0.250000,ns3-simulated/trace-derived
c2-hot,热点 97/1/1/1,dst4,37.250000,37.500000,37.375000,3125.000000,100.000000,100.000000,100.000000,0.250000,ns3-simulated/trace-derived
c2-hot,热点 97/1/1/1,dst4,37.500000,37.750000,37.625000,3125.000000,100.000000,100.000000,100.000000,0.250000,ns3-simulated/trace-derived
c2-hot,热点 97/1/1/1,dst4,37.750000,38.000000,37.875000,3125.000000,100.000000,100.000000,100.000000,0.250000,ns3-simulated/trace-derived
c2-hot,热点 97/1/1/1,dst4,38.000000,38.250000,38.125000,3125.000000,100.000000,100.000000,100.000000,0.250000,ns3-simulated/trace-derived
c2-hot,热点 97/1/1/1,dst4,38.250000,38.500000,38.375000,3125.000000,100.000000,100.000000,100.000000,0.250000,ns3-simulated/trace-derived
c2-hot,热点 97/1/1/1,dst4,38.500000,38.750000,38.625000,3125.000000,100.000000,100.000000,100.000000,0.250000,ns3-simulated/trace-derived
c2-hot,热点 97/1/1/1,dst4,38.750000,39.000000,38.875000,3125.000000,100.000000,100.000000,100.000000,0.250000,ns3-simulated/trace-derived
c2-hot,热点 97/1/1/1,dst4,39.000000,39.250000,39.125000,3125.000000,100.000000,100.000000,100.000000,0.250000,ns3-simulated/trace-derived
c2-hot,热点 97/1/1/1,dst4,39.250000,39.500000,39.375000,3125.000000,100.000000,100.000000,100.000000,0.250000,ns3-simulated/trace-derived
c2-hot,热点 97/1/1/1,dst4,39.500000,39.750000,39.625000,3125.000000,100.000000,100.000000,100.000000,0.250000,ns3-simulated/trace-derived
c2-hot,热点 97/1/1/1,dst4,39.750000,40.000000,39.875000,3125.000000,100.000000,100.000000,100.000000,0.250000,ns3-simulated/trace-derived
c2-hot,热点 97/1/1/1,dst4,40.000000,40.250000,40.125000,3125.000000,100.000000,100.000000,100.000000,0.250000,ns3-simulated/trace-derived
c2-hot,热点 97/1/1/1,dst4,40.250000,40.500000,40.375000,3125.000000,100.000000,100.000000,100.000000,0.250000,ns3-simulated/trace-derived
c2-hot,热点 97/1/1/1,dst4,40.500000,40.750000,40.625000,3125.000000,100.000000,100.000000,100.000000,0.250000,ns3-simulated/trace-derived
c2-hot,热点 97/1/1/1,dst4,40.750000,41.000000,40.875000,3125.000000,100.000000,100.000000,100.000000,0.250000,ns3-simulated/trace-derived
c2-hot,热点 97/1/1/1,dst4,41.000000,41.250000,41.125000,3125.000000,100.000000,100.000000,100.000000,0.250000,ns3-simulated/trace-derived
c2-hot,热点 97/1/1/1,dst4,41.250000,41.500000,41.375000,3125.000000,100.000000,100.000000,100.000000,0.250000,ns3-simulated/trace-derived
c2-hot,热点 97/1/1/1,dst4,41.500000,41.750000,41.625000,3125.000000,100.000000,100.000000,100.000000,0.250000,ns3-simulated/trace-derived
c2-hot,热点 97/1/1/1,dst4,41.750000,42.000000,41.875000,3125.000000,100.000000,100.000000,100.000000,0.250000,ns3-simulated/trace-derived
c2-hot,热点 97/1/1/1,dst4,42.000000,42.250000,42.125000,3125.000000,100.000000,100.000000,100.000000,0.250000,ns3-simulated/trace-derived
c2-hot,热点 97/1/1/1,dst4,42.250000,42.500000,42.375000,3125.000000,100.000000,100.000000,100.000000,0.250000,ns3-simulated/trace-derived
c2-hot,热点 97/1/1/1,dst4,42.500000,42.750000,42.625000,3125.000000,100.000000,100.000000,100.000000,0.250000,ns3-simulated/trace-derived
c2-hot,热点 97/1/1/1,dst4,42.750000,43.000000,42.875000,3125.000000,100.000000,100.000000,100.000000,0.250000,ns3-simulated/trace-derived
c2-hot,热点 97/1/1/1,dst4,43.000000,43.250000,43.125000,3125.000000,100.000000,100.000000,100.000000,0.250000,ns3-simulated/trace-derived
c2-hot,热点 97/1/1/1,dst4,43.250000,43.500000,43.375000,3125.000000,100.000000,100.000000,100.000000,0.250000,ns3-simulated/trace-derived
c2-hot,热点 97/1/1/1,dst4,43.500000,43.750000,43.625000,3125.000000,100.000000,100.000000,100.000000,0.250000,ns3-simulated/trace-derived
c2-hot,热点 97/1/1/1,dst4,43.750000,44.000000,43.875000,3125.000000,100.000000,100.000000,100.000000,0.250000,ns3-simulated/trace-derived
c2-hot,热点 97/1/1/1,dst4,44.000000,44.250000,44.125000,3125.000000,100.000000,100.000000,100.000000,0.250000,ns3-simulated/trace-derived
c2-hot,热点 97/1/1/1,dst4,44.250000,44.500000,44.375000,3125.000000,100.000000,100.000000,100.000000,0.250000,ns3-simulated/trace-derived
c2-hot,热点 97/1/1/1,dst4,44.500000,44.750000,44.625000,3125.000000,100.000000,100.000000,100.000000,0.250000,ns3-simulated/trace-derived
c2-hot,热点 97/1/1/1,dst4,44.750000,45.000000,44.875000,3125.000000,100.000000,100.000000,100.000000,0.250000,ns3-simulated/trace-derived
c2-hot,热点 97/1/1/1,dst4,45.000000,45.250000,45.125000,3125.000000,100.000000,100.000000,100.000000,0.250000,ns3-simulated/trace-derived
c2-hot,热点 97/1/1/1,dst4,45.250000,45.500000,45.375000,3125.000000,100.000000,100.000000,100.000000,0.250000,ns3-simulated/trace-derived
c2-hot,热点 97/1/1/1,dst4,45.500000,45.750000,45.625000,3125.000000,100.000000,100.000000,100.000000,0.250000,ns3-simulated/trace-derived
c2-hot,热点 97/1/1/1,dst4,45.750000,46.000000,45.875000,3125.000000,100.000000,100.000000,100.000000,0.250000,ns3-simulated/trace-derived
c2-hot,热点 97/1/1/1,dst4,46.000000,46.250000,46.125000,3125.000000,100.000000,100.000000,100.000000,0.250000,ns3-simulated/trace-derived
c2-hot,热点 97/1/1/1,dst4,46.250000,46.500000,46.375000,3125.000000,100.000000,100.000000,100.000000,0.250000,ns3-simulated/trace-derived
c2-hot,热点 97/1/1/1,dst4,46.500000,46.750000,46.625000,3125.000000,100.000000,100.000000,100.000000,0.250000,ns3-simulated/trace-derived
c2-hot,热点 97/1/1/1,dst4,46.750000,47.000000,46.875000,3125.000000,100.000000,100.000000,100.000000,0.250000,ns3-simulated/trace-derived
c2-hot,热点 97/1/1/1,dst4,47.000000,47.250000,47.125000,3125.000000,100.000000,100.000000,100.000000,0.250000,ns3-simulated/trace-derived
c2-hot,热点 97/1/1/1,dst4,47.250000,47.500000,47.375000,3125.000000,100.000000,100.000000,100.000000,0.250000,ns3-simulated/trace-derived
c2-hot,热点 97/1/1/1,dst4,47.500000,47.750000,47.625000,3125.000000,100.000000,100.000000,100.000000,0.250000,ns3-simulated/trace-derived
c2-hot,热点 97/1/1/1,dst4,47.750000,48.000000,47.875000,3125.000000,100.000000,100.000000,100.000000,0.250000,ns3-simulated/trace-derived
c2-hot,热点 97/1/1/1,dst4,48.000000,48.250000,48.125000,3125.000000,100.000000,100.000000,100.000000,0.250000,ns3-simulated/trace-derived
c2-hot,热点 97/1/1/1,dst4,48.250000,48.500000,48.375000,3125.000000,100.000000,100.000000,100.000000,0.250000,ns3-simulated/trace-derived
c2-hot,热点 97/1/1/1,dst4,48.500000,48.750000,48.625000,3125.000000,100.000000,100.000000,100.000000,0.250000,ns3-simulated/trace-derived
c2-hot,热点 97/1/1/1,dst4,48.750000,49.000000,48.875000,3125.000000,100.000000,100.000000,100.000000,0.250000,ns3-simulated/trace-derived
c2-hot,热点 97/1/1/1,dst4,49.000000,49.250000,49.125000,3125.000000,100.000000,100.000000,100.000000,0.250000,ns3-simulated/trace-derived
c2-hot,热点 97/1/1/1,dst4,49.250000,49.500000,49.375000,3125.000000,100.000000,100.000000,100.000000,0.250000,ns3-simulated/trace-derived
c2-hot,热点 97/1/1/1,dst4,49.500000,49.750000,49.625000,3125.000000,100.000000,100.000000,100.000000,0.250000,ns3-simulated/trace-derived
c2-hot,热点 97/1/1/1,dst4,49.750000,50.000000,49.875000,3125.000000,100.000000,100.000000,100.000000,0.250000,ns3-simulated/trace-derived
c2-hot,热点 97/1/1/1,dst4,50.000000,50.250000,50.125000,3125.000000,100.000000,100.000000,100.000000,0.250000,ns3-simulated/trace-derived
c2-hot,热点 97/1/1/1,dst4,50.250000,50.500000,50.375000,3125.000000,100.000000,100.000000,100.000000,0.250000,ns3-simulated/trace-derived
c2-hot,热点 97/1/1/1,dst4,50.500000,50.750000,50.625000,3125.000000,100.000000,100.000000,100.000000,0.250000,ns3-simulated/trace-derived
c2-hot,热点 97/1/1/1,dst4,50.750000,51.000000,50.875000,3125.000000,100.000000,100.000000,100.000000,0.250000,ns3-simulated/trace-derived
c2-hot,热点 97/1/1/1,dst4,51.000000,51.250000,51.125000,3125.000000,100.000000,100.000000,100.000000,0.250000,ns3-simulated/trace-derived
c2-hot,热点 97/1/1/1,dst4,51.250000,51.500000,51.375000,3125.000000,100.000000,100.000000,100.000000,0.250000,ns3-simulated/trace-derived
c2-hot,热点 97/1/1/1,dst4,51.500000,51.750000,51.625000,3125.000000,100.000000,100.000000,100.000000,0.250000,ns3-simulated/trace-derived
c2-hot,热点 97/1/1/1,dst4,51.750000,52.000000,51.875000,3125.000000,100.000000,100.000000,100.000000,0.250000,ns3-simulated/trace-derived
c2-hot,热点 97/1/1/1,dst4,52.000000,52.250000,52.125000,3125.000000,100.000000,100.000000,100.000000,0.250000,ns3-simulated/trace-derived
c2-hot,热点 97/1/1/1,dst4,52.250000,52.500000,52.375000,3125.000000,100.000000,100.000000,100.000000,0.250000,ns3-simulated/trace-derived
c2-hot,热点 97/1/1/1,dst4,52.500000,52.750000,52.625000,3125.000000,100.000000,100.000000,100.000000,0.250000,ns3-simulated/trace-derived
c2-hot,热点 97/1/1/1,dst4,52.750000,53.000000,52.875000,3125.000000,100.000000,100.000000,100.000000,0.250000,ns3-simulated/trace-derived
c2-hot,热点 97/1/1/1,dst4,53.000000,53.250000,53.125000,3125.000000,100.000000,100.000000,100.000000,0.250000,ns3-simulated/trace-derived
c2-hot,热点 97/1/1/1,dst4,53.250000,53.500000,53.375000,3125.000000,100.000000,100.000000,100.000000,0.250000,ns3-simulated/trace-derived
c2-hot,热点 97/1/1/1,dst4,53.500000,53.750000,53.625000,3125.000000,100.000000,100.000000,100.000000,0.250000,ns3-simulated/trace-derived
c2-hot,热点 97/1/1/1,dst4,53.750000,54.000000,53.875000,3125.000000,100.000000,100.000000,100.000000,0.250000,ns3-simulated/trace-derived
c2-hot,热点 97/1/1/1,dst4,54.000000,54.250000,54.125000,3125.000000,100.000000,100.000000,100.000000,0.250000,ns3-simulated/trace-derived
c2-hot,热点 97/1/1/1,dst4,54.250000,54.500000,54.375000,3125.000000,100.000000,100.000000,100.000000,0.250000,ns3-simulated/trace-derived
c2-hot,热点 97/1/1/1,dst4,54.500000,54.750000,54.625000,3125.000000,100.000000,100.000000,100.000000,0.250000,ns3-simulated/trace-derived
c2-hot,热点 97/1/1/1,dst4,54.750000,55.000000,54.875000,3125.000000,100.000000,100.000000,100.000000,0.250000,ns3-simulated/trace-derived
c2-hot,热点 97/1/1/1,dst4,55.000000,55.250000,55.125000,3125.000000,100.000000,100.000000,100.000000,0.250000,ns3-simulated/trace-derived
c2-hot,热点 97/1/1/1,dst4,55.250000,55.500000,55.375000,3125.000000,100.000000,100.000000,100.000000,0.250000,ns3-simulated/trace-derived
c2-hot,热点 97/1/1/1,dst4,55.500000,55.750000,55.625000,3125.000000,100.000000,100.000000,100.000000,0.250000,ns3-simulated/trace-derived
c2-hot,热点 97/1/1/1,dst4,55.750000,56.000000,55.875000,3125.000000,100.000000,100.000000,100.000000,0.250000,ns3-simulated/trace-derived
c2-hot,热点 97/1/1/1,dst4,56.000000,56.250000,56.125000,3125.000000,100.000000,100.000000,100.000000,0.250000,ns3-simulated/trace-derived
c2-hot,热点 97/1/1/1,dst4,56.250000,56.500000,56.375000,3125.000000,100.000000,100.000000,100.000000,0.250000,ns3-simulated/trace-derived
c2-hot,热点 97/1/1/1,dst4,56.500000,56.750000,56.625000,3125.000000,100.000000,100.000000,100.000000,0.250000,ns3-simulated/trace-derived
c2-hot,热点 97/1/1/1,dst4,56.750000,57.000000,56.875000,3125.000000,100.000000,100.000000,100.000000,0.250000,ns3-simulated/trace-derived
c2-hot,热点 97/1/1/1,dst4,57.000000,57.250000,57.125000,3125.000000,100.000000,100.000000,100.000000,0.250000,ns3-simulated/trace-derived
c2-hot,热点 97/1/1/1,dst4,57.250000,57.500000,57.375000,3125.000000,100.000000,100.000000,100.000000,0.250000,ns3-simulated/trace-derived
c2-hot,热点 97/1/1/1,dst4,57.500000,57.750000,57.625000,3125.000000,100.000000,100.000000,100.000000,0.250000,ns3-simulated/trace-derived
c2-hot,热点 97/1/1/1,dst4,57.750000,58.000000,57.875000,3125.000000,100.000000,100.000000,100.000000,0.250000,ns3-simulated/trace-derived
c2-hot,热点 97/1/1/1,dst4,58.000000,58.250000,58.125000,3125.000000,100.000000,100.000000,100.000000,0.250000,ns3-simulated/trace-derived
c2-hot,热点 97/1/1/1,dst4,58.250000,58.500000,58.375000,3125.000000,100.000000,100.000000,100.000000,0.250000,ns3-simulated/trace-derived
c2-hot,热点 97/1/1/1,dst4,58.500000,58.750000,58.625000,3125.000000,100.000000,100.000000,100.000000,0.250000,ns3-simulated/trace-derived
c2-hot,热点 97/1/1/1,dst4,58.750000,59.000000,58.875000,3125.000000,100.000000,100.000000,100.000000,0.250000,ns3-simulated/trace-derived
c2-hot,热点 97/1/1/1,dst4,59.000000,59.250000,59.125000,3125.000000,100.000000,100.000000,100.000000,0.250000,ns3-simulated/trace-derived
c2-hot,热点 97/1/1/1,dst4,59.250000,59.500000,59.375000,3125.000000,100.000000,100.000000,100.000000,0.250000,ns3-simulated/trace-derived
c2-hot,热点 97/1/1/1,dst4,59.500000,59.750000,59.625000,3125.000000,100.000000,100.000000,100.000000,0.250000,ns3-simulated/trace-derived
c2-hot,热点 97/1/1/1,dst4,59.750000,60.000000,59.875000,3125.000000,100.000000,100.000000,100.000000,0.250000,ns3-simulated/trace-derived
c2-hot,热点 97/1/1/1,dst4,60.000000,60.250000,60.125000,3125.000000,100.000000,100.000000,100.000000,0.250000,ns3-simulated/trace-derived
c2-hot,热点 97/1/1/1,dst4,60.250000,60.500000,60.375000,3125.000000,100.000000,100.000000,100.000000,0.250000,ns3-simulated/trace-derived
c2-hot,热点 97/1/1/1,dst4,60.500000,60.750000,60.625000,3125.000000,100.000000,100.000000,100.000000,0.250000,ns3-simulated/trace-derived
c2-hot,热点 97/1/1/1,dst4,60.750000,61.000000,60.875000,3125.000000,100.000000,100.000000,100.000000,0.250000,ns3-simulated/trace-derived
c2-hot,热点 97/1/1/1,dst4,61.000000,61.250000,61.125000,3125.000000,100.000000,100.000000,100.000000,0.250000,ns3-simulated/trace-derived
c2-hot,热点 97/1/1/1,dst4,61.250000,61.500000,61.375000,3125.000000,100.000000,100.000000,100.000000,0.250000,ns3-simulated/trace-derived
c2-hot,热点 97/1/1/1,dst4,61.500000,61.750000,61.625000,3125.000000,100.000000,100.000000,100.000000,0.250000,ns3-simulated/trace-derived
c2-hot,热点 97/1/1/1,dst4,61.750000,62.000000,61.875000,3125.000000,100.000000,100.000000,100.000000,0.250000,ns3-simulated/trace-derived
c2-hot,热点 97/1/1/1,dst4,62.000000,62.250000,62.125000,3125.000000,100.000000,100.000000,100.000000,0.250000,ns3-simulated/trace-derived
c2-hot,热点 97/1/1/1,dst4,62.250000,62.500000,62.375000,3125.000000,100.000000,100.000000,100.000000,0.250000,ns3-simulated/trace-derived
c2-hot,热点 97/1/1/1,dst4,62.500000,62.750000,62.625000,3125.000000,100.000000,100.000000,100.000000,0.250000,ns3-simulated/trace-derived
c2-hot,热点 97/1/1/1,dst4,62.750000,63.000000,62.875000,3125.000000,100.000000,100.000000,100.000000,0.250000,ns3-simulated/trace-derived
c2-hot,热点 97/1/1/1,dst4,63.000000,63.250000,63.125000,3125.000000,100.000000,100.000000,100.000000,0.250000,ns3-simulated/trace-derived
c2-hot,热点 97/1/1/1,dst4,63.250000,63.500000,63.375000,3125.000000,100.000000,100.000000,100.000000,0.250000,ns3-simulated/trace-derived
c2-hot,热点 97/1/1/1,dst4,63.500000,63.750000,63.625000,3125.000000,100.000000,100.000000,100.000000,0.250000,ns3-simulated/trace-derived
c2-hot,热点 97/1/1/1,dst4,63.750000,64.000000,63.875000,3125.000000,100.000000,100.000000,100.000000,0.250000,ns3-simulated/trace-derived
c2-hot,热点 97/1/1/1,dst4,64.000000,64.250000,64.125000,3125.000000,100.000000,100.000000,100.000000,0.250000,ns3-simulated/trace-derived
c2-hot,热点 97/1/1/1,dst4,64.250000,64.500000,64.375000,3125.000000,100.000000,100.000000,100.000000,0.250000,ns3-simulated/trace-derived
c2-hot,热点 97/1/1/1,dst4,64.500000,64.750000,64.625000,3125.000000,100.000000,100.000000,100.000000,0.250000,ns3-simulated/trace-derived
c2-hot,热点 97/1/1/1,dst4,64.750000,65.000000,64.875000,3125.000000,100.000000,100.000000,100.000000,0.250000,ns3-simulated/trace-derived
c2-hot,热点 97/1/1/1,dst4,65.000000,65.250000,65.125000,3125.000000,100.000000,100.000000,100.000000,0.250000,ns3-simulated/trace-derived
c2-hot,热点 97/1/1/1,dst4,65.250000,65.500000,65.375000,3125.000000,100.000000,100.000000,100.000000,0.250000,ns3-simulated/trace-derived
c2-hot,热点 97/1/1/1,dst4,65.500000,65.750000,65.625000,3125.000000,100.000000,100.000000,100.000000,0.250000,ns3-simulated/trace-derived
c2-hot,热点 97/1/1/1,dst4,65.750000,66.000000,65.875000,3125.000000,100.000000,100.000000,100.000000,0.250000,ns3-simulated/trace-derived
c2-hot,热点 97/1/1/1,dst4,66.000000,66.250000,66.125000,3125.000000,100.000000,100.000000,100.000000,0.250000,ns3-simulated/trace-derived
c2-hot,热点 97/1/1/1,dst4,66.250000,66.500000,66.375000,3125.000000,100.000000,100.000000,100.000000,0.250000,ns3-simulated/trace-derived
c2-hot,热点 97/1/1/1,dst4,66.500000,66.750000,66.625000,3125.000000,100.000000,100.000000,100.000000,0.250000,ns3-simulated/trace-derived
c2-hot,热点 97/1/1/1,dst4,66.750000,67.000000,66.875000,3125.000000,100.000000,100.000000,100.000000,0.250000,ns3-simulated/trace-derived
c2-hot,热点 97/1/1/1,dst4,67.000000,67.250000,67.125000,3125.000000,100.000000,100.000000,100.000000,0.250000,ns3-simulated/trace-derived
c2-hot,热点 97/1/1/1,dst4,67.250000,67.500000,67.375000,3125.000000,100.000000,100.000000,100.000000,0.250000,ns3-simulated/trace-derived
c2-hot,热点 97/1/1/1,dst4,67.500000,67.750000,67.625000,3125.000000,100.000000,100.000000,100.000000,0.250000,ns3-simulated/trace-derived
c2-hot,热点 97/1/1/1,dst4,67.750000,68.000000,67.875000,3125.000000,100.000000,100.000000,100.000000,0.250000,ns3-simulated/trace-derived
c2-hot,热点 97/1/1/1,dst4,68.000000,68.250000,68.125000,3125.000000,100.000000,100.000000,100.000000,0.250000,ns3-simulated/trace-derived
c2-hot,热点 97/1/1/1,dst4,68.250000,68.500000,68.375000,3125.000000,100.000000,100.000000,100.000000,0.250000,ns3-simulated/trace-derived
c2-hot,热点 97/1/1/1,dst4,68.500000,68.750000,68.625000,3125.000000,100.000000,100.000000,100.000000,0.250000,ns3-simulated/trace-derived
c2-hot,热点 97/1/1/1,dst4,68.750000,69.000000,68.875000,3125.000000,100.000000,100.000000,100.000000,0.250000,ns3-simulated/trace-derived
c2-hot,热点 97/1/1/1,dst4,69.000000,69.250000,69.125000,3125.000000,100.000000,100.000000,100.000000,0.250000,ns3-simulated/trace-derived
c2-hot,热点 97/1/1/1,dst4,69.250000,69.500000,69.375000,3125.000000,100.000000,100.000000,100.000000,0.250000,ns3-simulated/trace-derived
c2-hot,热点 97/1/1/1,dst4,69.500000,69.750000,69.625000,3125.000000,100.000000,100.000000,100.000000,0.250000,ns3-simulated/trace-derived
c2-hot,热点 97/1/1/1,dst4,69.750000,70.000000,69.875000,3125.000000,100.000000,100.000000,100.000000,0.250000,ns3-simulated/trace-derived
c2-hot,热点 97/1/1/1,dst4,70.000000,70.250000,70.125000,3125.000000,100.000000,100.000000,100.000000,0.250000,ns3-simulated/trace-derived
c2-hot,热点 97/1/1/1,dst4,70.250000,70.500000,70.375000,3125.000000,100.000000,100.000000,100.000000,0.250000,ns3-simulated/trace-derived
c2-hot,热点 97/1/1/1,dst4,70.500000,70.750000,70.625000,3125.000000,100.000000,100.000000,100.000000,0.250000,ns3-simulated/trace-derived
c2-hot,热点 97/1/1/1,dst4,70.750000,71.000000,70.875000,3125.000000,100.000000,100.000000,100.000000,0.250000,ns3-simulated/trace-derived
c2-hot,热点 97/1/1/1,dst4,71.000000,71.250000,71.125000,3125.000000,100.000000,100.000000,100.000000,0.250000,ns3-simulated/trace-derived
c2-hot,热点 97/1/1/1,dst4,71.250000,71.500000,71.375000,3125.000000,100.000000,100.000000,100.000000,0.250000,ns3-simulated/trace-derived
c2-hot,热点 97/1/1/1,dst4,71.500000,71.750000,71.625000,3125.000000,100.000000,100.000000,100.000000,0.250000,ns3-simulated/trace-derived
c2-hot,热点 97/1/1/1,dst4,71.750000,72.000000,71.875000,3125.000000,100.000000,100.000000,100.000000,0.250000,ns3-simulated/trace-derived
c2-hot,热点 97/1/1/1,dst4,72.000000,72.250000,72.125000,3125.000000,100.000000,100.000000,100.000000,0.250000,ns3-simulated/trace-derived
c2-hot,热点 97/1/1/1,dst4,72.250000,72.500000,72.375000,3125.000000,100.000000,100.000000,100.000000,0.250000,ns3-simulated/trace-derived
c2-hot,热点 97/1/1/1,dst4,72.500000,72.750000,72.625000,3125.000000,100.000000,100.000000,100.000000,0.250000,ns3-simulated/trace-derived
c2-hot,热点 97/1/1/1,dst4,72.750000,73.000000,72.875000,3125.000000,100.000000,100.000000,100.000000,0.250000,ns3-simulated/trace-derived
c2-hot,热点 97/1/1/1,dst4,73.000000,73.250000,73.125000,3125.000000,100.000000,100.000000,100.000000,0.250000,ns3-simulated/trace-derived
c2-hot,热点 97/1/1/1,dst4,73.250000,73.500000,73.375000,3125.000000,100.000000,100.000000,100.000000,0.250000,ns3-simulated/trace-derived
c2-hot,热点 97/1/1/1,dst4,73.500000,73.750000,73.625000,3125.000000,100.000000,100.000000,100.000000,0.250000,ns3-simulated/trace-derived
c2-hot,热点 97/1/1/1,dst4,73.750000,74.000000,73.875000,3125.000000,100.000000,100.000000,100.000000,0.250000,ns3-simulated/trace-derived
c2-hot,热点 97/1/1/1,dst4,74.000000,74.250000,74.125000,3125.000000,100.000000,100.000000,100.000000,0.250000,ns3-simulated/trace-derived
c2-hot,热点 97/1/1/1,dst4,74.250000,74.500000,74.375000,3125.000000,100.000000,100.000000,100.000000,0.250000,ns3-simulated/trace-derived
c2-hot,热点 97/1/1/1,dst4,74.500000,74.750000,74.625000,3125.000000,100.000000,100.000000,100.000000,0.250000,ns3-simulated/trace-derived
c2-hot,热点 97/1/1/1,dst4,74.750000,75.000000,74.875000,3125.000000,100.000000,100.000000,100.000000,0.250000,ns3-simulated/trace-derived
c2-hot,热点 97/1/1/1,dst4,75.000000,75.250000,75.125000,3125.000000,100.000000,100.000000,100.000000,0.250000,ns3-simulated/trace-derived
c2-hot,热点 97/1/1/1,dst4,75.250000,75.500000,75.375000,3125.000000,100.000000,100.000000,100.000000,0.250000,ns3-simulated/trace-derived
c2-hot,热点 97/1/1/1,dst4,75.500000,75.750000,75.625000,3125.000000,100.000000,100.000000,100.000000,0.250000,ns3-simulated/trace-derived
c2-hot,热点 97/1/1/1,dst4,75.750000,76.000000,75.875000,3125.000000,100.000000,100.000000,100.000000,0.250000,ns3-simulated/trace-derived
c2-hot,热点 97/1/1/1,dst4,76.000000,76.250000,76.125000,3125.000000,100.000000,100.000000,100.000000,0.250000,ns3-simulated/trace-derived
c2-hot,热点 97/1/1/1,dst4,76.250000,76.500000,76.375000,3125.000000,100.000000,100.000000,100.000000,0.250000,ns3-simulated/trace-derived
c2-hot,热点 97/1/1/1,dst4,76.500000,76.750000,76.625000,3125.000000,100.000000,100.000000,100.000000,0.250000,ns3-simulated/trace-derived
c2-hot,热点 97/1/1/1,dst4,76.750000,77.000000,76.875000,3125.000000,100.000000,100.000000,100.000000,0.250000,ns3-simulated/trace-derived
c2-hot,热点 97/1/1/1,dst4,77.000000,77.250000,77.125000,3125.000000,100.000000,100.000000,100.000000,0.250000,ns3-simulated/trace-derived
c2-hot,热点 97/1/1/1,dst4,77.250000,77.500000,77.375000,3125.000000,100.000000,100.000000,100.000000,0.250000,ns3-simulated/trace-derived
c2-hot,热点 97/1/1/1,dst4,77.500000,77.750000,77.625000,3125.000000,100.000000,100.000000,100.000000,0.250000,ns3-simulated/trace-derived
c2-hot,热点 97/1/1/1,dst4,77.750000,78.000000,77.875000,3125.000000,100.000000,100.000000,100.000000,0.250000,ns3-simulated/trace-derived
c2-hot,热点 97/1/1/1,dst4,78.000000,78.250000,78.125000,3125.000000,100.000000,100.000000,100.000000,0.250000,ns3-simulated/trace-derived
c2-hot,热点 97/1/1/1,dst4,78.250000,78.500000,78.375000,3125.000000,100.000000,100.000000,100.000000,0.250000,ns3-simulated/trace-derived
c2-hot,热点 97/1/1/1,dst4,78.500000,78.750000,78.625000,3125.000000,100.000000,100.000000,100.000000,0.250000,ns3-simulated/trace-derived
c2-hot,热点 97/1/1/1,dst4,78.750000,79.000000,78.875000,3125.000000,100.000000,100.000000,100.000000,0.250000,ns3-simulated/trace-derived
c2-hot,热点 97/1/1/1,dst4,79.000000,79.250000,79.125000,3125.000000,100.000000,100.000000,100.000000,0.250000,ns3-simulated/trace-derived
c2-hot,热点 97/1/1/1,dst4,79.250000,79.500000,79.375000,3125.000000,100.000000,100.000000,100.000000,0.250000,ns3-simulated/trace-derived
c2-hot,热点 97/1/1/1,dst4,79.500000,79.750000,79.625000,3125.000000,100.000000,100.000000,100.000000,0.250000,ns3-simulated/trace-derived
c2-hot,热点 97/1/1/1,dst4,79.750000,80.000000,79.875000,3125.000000,100.000000,100.000000,100.000000,0.250000,ns3-simulated/trace-derived
c2-hot,热点 97/1/1/1,dst4,80.000000,80.250000,80.125000,3125.000000,100.000000,100.000000,100.000000,0.250000,ns3-simulated/trace-derived
c2-hot,热点 97/1/1/1,dst4,80.250000,80.500000,80.375000,3125.000000,100.000000,100.000000,100.000000,0.250000,ns3-simulated/trace-derived
c2-hot,热点 97/1/1/1,dst4,80.500000,80.750000,80.625000,3125.000000,100.000000,100.000000,100.000000,0.250000,ns3-simulated/trace-derived
c2-hot,热点 97/1/1/1,dst4,80.750000,81.000000,80.875000,3125.000000,100.000000,100.000000,100.000000,0.250000,ns3-simulated/trace-derived
c2-hot,热点 97/1/1/1,dst4,81.000000,81.250000,81.125000,3125.000000,100.000000,100.000000,100.000000,0.250000,ns3-simulated/trace-derived
c2-hot,热点 97/1/1/1,dst4,81.250000,81.500000,81.375000,3125.000000,100.000000,100.000000,100.000000,0.250000,ns3-simulated/trace-derived
c2-hot,热点 97/1/1/1,dst4,81.500000,81.750000,81.625000,3125.000000,100.000000,100.000000,100.000000,0.250000,ns3-simulated/trace-derived
c2-hot,热点 97/1/1/1,dst4,81.750000,82.000000,81.875000,3125.000000,100.000000,100.000000,100.000000,0.250000,ns3-simulated/trace-derived
c2-hot,热点 97/1/1/1,dst4,82.000000,82.250000,82.125000,3125.000000,100.000000,100.000000,100.000000,0.250000,ns3-simulated/trace-derived
c2-hot,热点 97/1/1/1,dst4,82.250000,82.500000,82.375000,3125.000000,100.000000,100.000000,100.000000,0.250000,ns3-simulated/trace-derived
c2-hot,热点 97/1/1/1,dst4,82.500000,82.750000,82.625000,3125.000000,100.000000,100.000000,100.000000,0.250000,ns3-simulated/trace-derived
c2-hot,热点 97/1/1/1,dst4,82.750000,83.000000,82.875000,3125.000000,100.000000,100.000000,100.000000,0.250000,ns3-simulated/trace-derived
c2-hot,热点 97/1/1/1,dst4,83.000000,83.250000,83.125000,3125.000000,100.000000,100.000000,100.000000,0.250000,ns3-simulated/trace-derived
c2-hot,热点 97/1/1/1,dst4,83.250000,83.500000,83.375000,3000.000000,96.000000,96.000000,100.000000,0.250000,ns3-simulated/trace-derived
c2-hot,热点 97/1/1/1,dst4,83.500000,83.750000,83.625000,3125.000000,100.000000,100.000000,100.000000,0.250000,ns3-simulated/trace-derived
c2-hot,热点 97/1/1/1,dst4,83.750000,84.000000,83.875000,3125.000000,100.000000,100.000000,100.000000,0.250000,ns3-simulated/trace-derived
c2-hot,热点 97/1/1/1,dst4,84.000000,84.250000,84.125000,3125.000000,100.000000,100.000000,100.000000,0.250000,ns3-simulated/trace-derived
c2-hot,热点 97/1/1/1,dst4,84.250000,84.500000,84.375000,3125.000000,100.000000,100.000000,100.000000,0.250000,ns3-simulated/trace-derived
c2-hot,热点 97/1/1/1,dst4,84.500000,84.750000,84.625000,3000.000000,96.000000,96.000000,100.000000,0.250000,ns3-simulated/trace-derived
c2-hot,热点 97/1/1/1,dst4,84.750000,85.000000,84.875000,3125.000000,100.000000,100.000000,100.000000,0.250000,ns3-simulated/trace-derived
c2-hot,热点 97/1/1/1,dst4,85.000000,85.250000,85.125000,3125.000000,100.000000,100.000000,100.000000,0.250000,ns3-simulated/trace-derived
c2-hot,热点 97/1/1/1,dst4,85.250000,85.500000,85.375000,3125.000000,100.000000,100.000000,100.000000,0.250000,ns3-simulated/trace-derived
c2-hot,热点 97/1/1/1,dst4,85.500000,85.750000,85.625000,3125.000000,100.000000,100.000000,100.000000,0.250000,ns3-simulated/trace-derived
c2-hot,热点 97/1/1/1,dst4,85.750000,86.000000,85.875000,3125.000000,100.000000,100.000000,100.000000,0.250000,ns3-simulated/trace-derived
c2-hot,热点 97/1/1/1,dst4,86.000000,86.250000,86.125000,3000.000000,96.000000,96.000000,100.000000,0.250000,ns3-simulated/trace-derived
c2-hot,热点 97/1/1/1,dst4,86.250000,86.500000,86.375000,3125.000000,100.000000,100.000000,100.000000,0.250000,ns3-simulated/trace-derived
c2-hot,热点 97/1/1/1,dst4,86.500000,86.750000,86.625000,3125.000000,100.000000,100.000000,100.000000,0.250000,ns3-simulated/trace-derived
c2-hot,热点 97/1/1/1,dst4,86.750000,87.000000,86.875000,3125.000000,100.000000,100.000000,100.000000,0.250000,ns3-simulated/trace-derived
c2-hot,热点 97/1/1/1,dst4,87.000000,87.250000,87.125000,3125.000000,100.000000,100.000000,100.000000,0.250000,ns3-simulated/trace-derived
c2-hot,热点 97/1/1/1,dst4,87.250000,87.500000,87.375000,3000.000000,96.000000,96.000000,100.000000,0.250000,ns3-simulated/trace-derived
c2-hot,热点 97/1/1/1,dst4,87.500000,87.750000,87.625000,3125.000000,100.000000,100.000000,100.000000,0.250000,ns3-simulated/trace-derived
c2-hot,热点 97/1/1/1,dst4,87.750000,88.000000,87.875000,3125.000000,100.000000,100.000000,100.000000,0.250000,ns3-simulated/trace-derived
c2-hot,热点 97/1/1/1,dst4,88.000000,88.250000,88.125000,3125.000000,100.000000,100.000000,100.000000,0.250000,ns3-simulated/trace-derived
c2-hot,热点 97/1/1/1,dst4,88.250000,88.500000,88.375000,3125.000000,100.000000,100.000000,100.000000,0.250000,ns3-simulated/trace-derived
c2-hot,热点 97/1/1/1,dst4,88.500000,88.750000,88.625000,2009.500000,64.304000,64.304000,100.000000,0.250000,ns3-simulated/trace-derived
c2-hot,热点 97/1/1/1,dst4,88.750000,89.000000,88.875000,0.000000,0.000000,0.000000,100.000000,0.250000,ns3-simulated/trace-derived
c2-hot,热点 97/1/1/1,dst4,89.000000,89.250000,89.125000,0.000000,0.000000,0.000000,100.000000,0.250000,ns3-simulated/trace-derived
c2-hot,热点 97/1/1/1,dst4,89.250000,89.500000,89.375000,0.000000,0.000000,0.000000,100.000000,0.250000,ns3-simulated/trace-derived
c2-hot,热点 97/1/1/1,dst4,89.500000,89.750000,89.625000,0.000000,0.000000,0.000000,100.000000,0.250000,ns3-simulated/trace-derived
c2-hot,热点 97/1/1/1,dst4,89.750000,90.000000,89.875000,0.000000,0.000000,0.000000,100.000000,0.250000,ns3-simulated/trace-derived
c2-hot,热点 97/1/1/1,dst4,90.000000,90.250000,90.125000,0.000000,0.000000,0.000000,100.000000,0.250000,ns3-simulated/trace-derived
c2-hot,热点 97/1/1/1,dst4,90.250000,90.500000,90.375000,0.000000,0.000000,0.000000,100.000000,0.250000,ns3-simulated/trace-derived
c2-hot,热点 97/1/1/1,dst4,90.500000,90.750000,90.625000,0.000000,0.000000,0.000000,100.000000,0.250000,ns3-simulated/trace-derived
c2-hot,热点 97/1/1/1,dst4,90.750000,91.000000,90.875000,0.000000,0.000000,0.000000,100.000000,0.250000,ns3-simulated/trace-derived
c2-hot,热点 97/1/1/1,dst4,91.000000,91.250000,91.125000,0.000000,0.000000,0.000000,100.000000,0.250000,ns3-simulated/trace-derived
c2-hot,热点 97/1/1/1,dst4,91.250000,91.500000,91.375000,0.000000,0.000000,0.000000,100.000000,0.250000,ns3-simulated/trace-derived
c2-hot,热点 97/1/1/1,dst4,91.500000,91.750000,91.625000,0.000000,0.000000,0.000000,100.000000,0.250000,ns3-simulated/trace-derived
c2-hot,热点 97/1/1/1,dst4,91.750000,92.000000,91.875000,0.000000,0.000000,0.000000,100.000000,0.250000,ns3-simulated/trace-derived
c2-hot,热点 97/1/1/1,dst4,92.000000,92.250000,92.125000,0.000000,0.000000,0.000000,100.000000,0.250000,ns3-simulated/trace-derived
c2-hot,热点 97/1/1/1,dst4,92.250000,92.500000,92.375000,0.000000,0.000000,0.000000,100.000000,0.250000,ns3-simulated/trace-derived
c2-hot,热点 97/1/1/1,dst4,92.500000,92.750000,92.625000,0.000000,0.000000,0.000000,100.000000,0.250000,ns3-simulated/trace-derived
c2-hot,热点 97/1/1/1,dst4,92.750000,93.000000,92.875000,0.000000,0.000000,0.000000,100.000000,0.250000,ns3-simulated/trace-derived
c2-hot,热点 97/1/1/1,dst4,93.000000,93.250000,93.125000,0.000000,0.000000,0.000000,100.000000,0.250000,ns3-simulated/trace-derived
c2-hot,热点 97/1/1/1,dst4,93.250000,93.500000,93.375000,0.000000,0.000000,0.000000,100.000000,0.250000,ns3-simulated/trace-derived
c2-hot,热点 97/1/1/1,dst4,93.500000,93.750000,93.625000,0.000000,0.000000,0.000000,100.000000,0.250000,ns3-simulated/trace-derived
c2-hot,热点 97/1/1/1,dst4,93.750000,94.000000,93.875000,0.000000,0.000000,0.000000,100.000000,0.250000,ns3-simulated/trace-derived
c2-hot,热点 97/1/1/1,dst4,94.000000,94.250000,94.125000,0.000000,0.000000,0.000000,100.000000,0.250000,ns3-simulated/trace-derived
c2-hot,热点 97/1/1/1,dst4,94.250000,94.500000,94.375000,0.000000,0.000000,0.000000,100.000000,0.250000,ns3-simulated/trace-derived
c2-hot,热点 97/1/1/1,dst4,94.500000,94.750000,94.625000,0.000000,0.000000,0.000000,100.000000,0.250000,ns3-simulated/trace-derived
c2-hot,热点 97/1/1/1,dst4,94.750000,95.000000,94.875000,0.000000,0.000000,0.000000,100.000000,0.250000,ns3-simulated/trace-derived
c2-hot,热点 97/1/1/1,dst4,95.000000,95.250000,95.125000,0.000000,0.000000,0.000000,100.000000,0.250000,ns3-simulated/trace-derived
c2-hot,热点 97/1/1/1,dst5,0.000000,0.250000,0.125000,0.000000,0.000000,0.000000,100.000000,0.250000,ns3-simulated/trace-derived
c2-hot,热点 97/1/1/1,dst5,0.250000,0.500000,0.375000,1533.750000,49.080000,49.080000,100.000000,0.250000,ns3-simulated/trace-derived
c2-hot,热点 97/1/1/1,dst5,0.500000,0.750000,0.625000,1329.250000,42.536000,42.536000,100.000000,0.250000,ns3-simulated/trace-derived
c2-hot,热点 97/1/1/1,dst5,0.750000,1.000000,0.875000,2833.750000,90.680000,90.680000,100.000000,0.250000,ns3-simulated/trace-derived
c2-hot,热点 97/1/1/1,dst5,1.000000,1.250000,1.125000,2892.250000,92.552000,92.552000,100.000000,0.250000,ns3-simulated/trace-derived
c2-hot,热点 97/1/1/1,dst5,1.250000,1.500000,1.375000,2863.000000,91.616000,91.616000,100.000000,0.250000,ns3-simulated/trace-derived
c2-hot,热点 97/1/1/1,dst5,1.500000,1.750000,1.625000,0.000000,0.000000,0.000000,100.000000,0.250000,ns3-simulated/trace-derived
c2-hot,热点 97/1/1/1,dst5,1.750000,2.000000,1.875000,0.000000,0.000000,0.000000,100.000000,0.250000,ns3-simulated/trace-derived
c2-hot,热点 97/1/1/1,dst5,2.000000,2.250000,2.125000,0.000000,0.000000,0.000000,100.000000,0.250000,ns3-simulated/trace-derived
c2-hot,热点 97/1/1/1,dst5,2.250000,2.500000,2.375000,0.000000,0.000000,0.000000,100.000000,0.250000,ns3-simulated/trace-derived
c2-hot,热点 97/1/1/1,dst5,2.500000,2.750000,2.625000,0.000000,0.000000,0.000000,100.000000,0.250000,ns3-simulated/trace-derived
c2-hot,热点 97/1/1/1,dst5,2.750000,3.000000,2.875000,0.000000,0.000000,0.000000,100.000000,0.250000,ns3-simulated/trace-derived
c2-hot,热点 97/1/1/1,dst5,3.000000,3.250000,3.125000,0.000000,0.000000,0.000000,100.000000,0.250000,ns3-simulated/trace-derived
c2-hot,热点 97/1/1/1,dst5,3.250000,3.500000,3.375000,0.000000,0.000000,0.000000,100.000000,0.250000,ns3-simulated/trace-derived
c2-hot,热点 97/1/1/1,dst5,3.500000,3.750000,3.625000,0.000000,0.000000,0.000000,100.000000,0.250000,ns3-simulated/trace-derived
c2-hot,热点 97/1/1/1,dst5,3.750000,4.000000,3.875000,0.000000,0.000000,0.000000,100.000000,0.250000,ns3-simulated/trace-derived
c2-hot,热点 97/1/1/1,dst5,4.000000,4.250000,4.125000,0.000000,0.000000,0.000000,100.000000,0.250000,ns3-simulated/trace-derived
c2-hot,热点 97/1/1/1,dst5,4.250000,4.500000,4.375000,0.000000,0.000000,0.000000,100.000000,0.250000,ns3-simulated/trace-derived
c2-hot,热点 97/1/1/1,dst5,4.500000,4.750000,4.625000,0.000000,0.000000,0.000000,100.000000,0.250000,ns3-simulated/trace-derived
c2-hot,热点 97/1/1/1,dst5,4.750000,5.000000,4.875000,0.000000,0.000000,0.000000,100.000000,0.250000,ns3-simulated/trace-derived
c2-hot,热点 97/1/1/1,dst5,5.000000,5.250000,5.125000,0.000000,0.000000,0.000000,100.000000,0.250000,ns3-simulated/trace-derived
c2-hot,热点 97/1/1/1,dst5,5.250000,5.500000,5.375000,0.000000,0.000000,0.000000,100.000000,0.250000,ns3-simulated/trace-derived
c2-hot,热点 97/1/1/1,dst5,5.500000,5.750000,5.625000,0.000000,0.000000,0.000000,100.000000,0.250000,ns3-simulated/trace-derived
c2-hot,热点 97/1/1/1,dst5,5.750000,6.000000,5.875000,0.000000,0.000000,0.000000,100.000000,0.250000,ns3-simulated/trace-derived
c2-hot,热点 97/1/1/1,dst5,6.000000,6.250000,6.125000,0.000000,0.000000,0.000000,100.000000,0.250000,ns3-simulated/trace-derived
c2-hot,热点 97/1/1/1,dst5,6.250000,6.500000,6.375000,0.000000,0.000000,0.000000,100.000000,0.250000,ns3-simulated/trace-derived
c2-hot,热点 97/1/1/1,dst5,6.500000,6.750000,6.625000,0.000000,0.000000,0.000000,100.000000,0.250000,ns3-simulated/trace-derived
c2-hot,热点 97/1/1/1,dst5,6.750000,7.000000,6.875000,0.000000,0.000000,0.000000,100.000000,0.250000,ns3-simulated/trace-derived
c2-hot,热点 97/1/1/1,dst5,7.000000,7.250000,7.125000,0.000000,0.000000,0.000000,100.000000,0.250000,ns3-simulated/trace-derived
c2-hot,热点 97/1/1/1,dst5,7.250000,7.500000,7.375000,0.000000,0.000000,0.000000,100.000000,0.250000,ns3-simulated/trace-derived
c2-hot,热点 97/1/1/1,dst5,7.500000,7.750000,7.625000,0.000000,0.000000,0.000000,100.000000,0.250000,ns3-simulated/trace-derived
c2-hot,热点 97/1/1/1,dst5,7.750000,8.000000,7.875000,0.000000,0.000000,0.000000,100.000000,0.250000,ns3-simulated/trace-derived
c2-hot,热点 97/1/1/1,dst5,8.000000,8.250000,8.125000,0.000000,0.000000,0.000000,100.000000,0.250000,ns3-simulated/trace-derived
c2-hot,热点 97/1/1/1,dst5,8.250000,8.500000,8.375000,0.000000,0.000000,0.000000,100.000000,0.250000,ns3-simulated/trace-derived
c2-hot,热点 97/1/1/1,dst5,8.500000,8.750000,8.625000,0.000000,0.000000,0.000000,100.000000,0.250000,ns3-simulated/trace-derived
c2-hot,热点 97/1/1/1,dst5,8.750000,9.000000,8.875000,0.000000,0.000000,0.000000,100.000000,0.250000,ns3-simulated/trace-derived
c2-hot,热点 97/1/1/1,dst5,9.000000,9.250000,9.125000,0.000000,0.000000,0.000000,100.000000,0.250000,ns3-simulated/trace-derived
c2-hot,热点 97/1/1/1,dst5,9.250000,9.500000,9.375000,0.000000,0.000000,0.000000,100.000000,0.250000,ns3-simulated/trace-derived
c2-hot,热点 97/1/1/1,dst5,9.500000,9.750000,9.625000,0.000000,0.000000,0.000000,100.000000,0.250000,ns3-simulated/trace-derived
c2-hot,热点 97/1/1/1,dst5,9.750000,10.000000,9.875000,0.000000,0.000000,0.000000,100.000000,0.250000,ns3-simulated/trace-derived
c2-hot,热点 97/1/1/1,dst5,10.000000,10.250000,10.125000,0.000000,0.000000,0.000000,100.000000,0.250000,ns3-simulated/trace-derived
c2-hot,热点 97/1/1/1,dst5,10.250000,10.500000,10.375000,0.000000,0.000000,0.000000,100.000000,0.250000,ns3-simulated/trace-derived
c2-hot,热点 97/1/1/1,dst5,10.500000,10.750000,10.625000,0.000000,0.000000,0.000000,100.000000,0.250000,ns3-simulated/trace-derived
c2-hot,热点 97/1/1/1,dst5,10.750000,11.000000,10.875000,0.000000,0.000000,0.000000,100.000000,0.250000,ns3-simulated/trace-derived
c2-hot,热点 97/1/1/1,dst5,11.000000,11.250000,11.125000,0.000000,0.000000,0.000000,100.000000,0.250000,ns3-simulated/trace-derived
c2-hot,热点 97/1/1/1,dst5,11.250000,11.500000,11.375000,0.000000,0.000000,0.000000,100.000000,0.250000,ns3-simulated/trace-derived
c2-hot,热点 97/1/1/1,dst5,11.500000,11.750000,11.625000,0.000000,0.000000,0.000000,100.000000,0.250000,ns3-simulated/trace-derived
c2-hot,热点 97/1/1/1,dst5,11.750000,12.000000,11.875000,0.000000,0.000000,0.000000,100.000000,0.250000,ns3-simulated/trace-derived
c2-hot,热点 97/1/1/1,dst5,12.000000,12.250000,12.125000,0.000000,0.000000,0.000000,100.000000,0.250000,ns3-simulated/trace-derived
c2-hot,热点 97/1/1/1,dst5,12.250000,12.500000,12.375000,0.000000,0.000000,0.000000,100.000000,0.250000,ns3-simulated/trace-derived
c2-hot,热点 97/1/1/1,dst5,12.500000,12.750000,12.625000,0.000000,0.000000,0.000000,100.000000,0.250000,ns3-simulated/trace-derived
c2-hot,热点 97/1/1/1,dst5,12.750000,13.000000,12.875000,0.000000,0.000000,0.000000,100.000000,0.250000,ns3-simulated/trace-derived
c2-hot,热点 97/1/1/1,dst5,13.000000,13.250000,13.125000,0.000000,0.000000,0.000000,100.000000,0.250000,ns3-simulated/trace-derived
c2-hot,热点 97/1/1/1,dst5,13.250000,13.500000,13.375000,0.000000,0.000000,0.000000,100.000000,0.250000,ns3-simulated/trace-derived
c2-hot,热点 97/1/1/1,dst5,13.500000,13.750000,13.625000,0.000000,0.000000,0.000000,100.000000,0.250000,ns3-simulated/trace-derived
c2-hot,热点 97/1/1/1,dst5,13.750000,14.000000,13.875000,0.000000,0.000000,0.000000,100.000000,0.250000,ns3-simulated/trace-derived
c2-hot,热点 97/1/1/1,dst5,14.000000,14.250000,14.125000,0.000000,0.000000,0.000000,100.000000,0.250000,ns3-simulated/trace-derived
c2-hot,热点 97/1/1/1,dst5,14.250000,14.500000,14.375000,0.000000,0.000000,0.000000,100.000000,0.250000,ns3-simulated/trace-derived
c2-hot,热点 97/1/1/1,dst5,14.500000,14.750000,14.625000,0.000000,0.000000,0.000000,100.000000,0.250000,ns3-simulated/trace-derived
c2-hot,热点 97/1/1/1,dst5,14.750000,15.000000,14.875000,0.000000,0.000000,0.000000,100.000000,0.250000,ns3-simulated/trace-derived
c2-hot,热点 97/1/1/1,dst5,15.000000,15.250000,15.125000,0.000000,0.000000,0.000000,100.000000,0.250000,ns3-simulated/trace-derived
c2-hot,热点 97/1/1/1,dst5,15.250000,15.500000,15.375000,0.000000,0.000000,0.000000,100.000000,0.250000,ns3-simulated/trace-derived
c2-hot,热点 97/1/1/1,dst5,15.500000,15.750000,15.625000,0.000000,0.000000,0.000000,100.000000,0.250000,ns3-simulated/trace-derived
c2-hot,热点 97/1/1/1,dst5,15.750000,16.000000,15.875000,0.000000,0.000000,0.000000,100.000000,0.250000,ns3-simulated/trace-derived
c2-hot,热点 97/1/1/1,dst5,16.000000,16.250000,16.125000,0.000000,0.000000,0.000000,100.000000,0.250000,ns3-simulated/trace-derived
c2-hot,热点 97/1/1/1,dst5,16.250000,16.500000,16.375000,0.000000,0.000000,0.000000,100.000000,0.250000,ns3-simulated/trace-derived
c2-hot,热点 97/1/1/1,dst5,16.500000,16.750000,16.625000,0.000000,0.000000,0.000000,100.000000,0.250000,ns3-simulated/trace-derived
c2-hot,热点 97/1/1/1,dst5,16.750000,17.000000,16.875000,0.000000,0.000000,0.000000,100.000000,0.250000,ns3-simulated/trace-derived
c2-hot,热点 97/1/1/1,dst5,17.000000,17.250000,17.125000,0.000000,0.000000,0.000000,100.000000,0.250000,ns3-simulated/trace-derived
c2-hot,热点 97/1/1/1,dst5,17.250000,17.500000,17.375000,0.000000,0.000000,0.000000,100.000000,0.250000,ns3-simulated/trace-derived
c2-hot,热点 97/1/1/1,dst5,17.500000,17.750000,17.625000,0.000000,0.000000,0.000000,100.000000,0.250000,ns3-simulated/trace-derived
c2-hot,热点 97/1/1/1,dst5,17.750000,18.000000,17.875000,0.000000,0.000000,0.000000,100.000000,0.250000,ns3-simulated/trace-derived
c2-hot,热点 97/1/1/1,dst5,18.000000,18.250000,18.125000,0.000000,0.000000,0.000000,100.000000,0.250000,ns3-simulated/trace-derived
c2-hot,热点 97/1/1/1,dst5,18.250000,18.500000,18.375000,0.000000,0.000000,0.000000,100.000000,0.250000,ns3-simulated/trace-derived
c2-hot,热点 97/1/1/1,dst5,18.500000,18.750000,18.625000,0.000000,0.000000,0.000000,100.000000,0.250000,ns3-simulated/trace-derived
c2-hot,热点 97/1/1/1,dst5,18.750000,19.000000,18.875000,0.000000,0.000000,0.000000,100.000000,0.250000,ns3-simulated/trace-derived
c2-hot,热点 97/1/1/1,dst5,19.000000,19.250000,19.125000,0.000000,0.000000,0.000000,100.000000,0.250000,ns3-simulated/trace-derived
c2-hot,热点 97/1/1/1,dst5,19.250000,19.500000,19.375000,0.000000,0.000000,0.000000,100.000000,0.250000,ns3-simulated/trace-derived
c2-hot,热点 97/1/1/1,dst5,19.500000,19.750000,19.625000,0.000000,0.000000,0.000000,100.000000,0.250000,ns3-simulated/trace-derived
c2-hot,热点 97/1/1/1,dst5,19.750000,20.000000,19.875000,0.000000,0.000000,0.000000,100.000000,0.250000,ns3-simulated/trace-derived
c2-hot,热点 97/1/1/1,dst5,20.000000,20.250000,20.125000,0.000000,0.000000,0.000000,100.000000,0.250000,ns3-simulated/trace-derived
c2-hot,热点 97/1/1/1,dst5,20.250000,20.500000,20.375000,0.000000,0.000000,0.000000,100.000000,0.250000,ns3-simulated/trace-derived
c2-hot,热点 97/1/1/1,dst5,20.500000,20.750000,20.625000,0.000000,0.000000,0.000000,100.000000,0.250000,ns3-simulated/trace-derived
c2-hot,热点 97/1/1/1,dst5,20.750000,21.000000,20.875000,0.000000,0.000000,0.000000,100.000000,0.250000,ns3-simulated/trace-derived
c2-hot,热点 97/1/1/1,dst5,21.000000,21.250000,21.125000,0.000000,0.000000,0.000000,100.000000,0.250000,ns3-simulated/trace-derived
c2-hot,热点 97/1/1/1,dst5,21.250000,21.500000,21.375000,0.000000,0.000000,0.000000,100.000000,0.250000,ns3-simulated/trace-derived
c2-hot,热点 97/1/1/1,dst5,21.500000,21.750000,21.625000,0.000000,0.000000,0.000000,100.000000,0.250000,ns3-simulated/trace-derived
c2-hot,热点 97/1/1/1,dst5,21.750000,22.000000,21.875000,0.000000,0.000000,0.000000,100.000000,0.250000,ns3-simulated/trace-derived
c2-hot,热点 97/1/1/1,dst5,22.000000,22.250000,22.125000,0.000000,0.000000,0.000000,100.000000,0.250000,ns3-simulated/trace-derived
c2-hot,热点 97/1/1/1,dst5,22.250000,22.500000,22.375000,0.000000,0.000000,0.000000,100.000000,0.250000,ns3-simulated/trace-derived
c2-hot,热点 97/1/1/1,dst5,22.500000,22.750000,22.625000,0.000000,0.000000,0.000000,100.000000,0.250000,ns3-simulated/trace-derived
c2-hot,热点 97/1/1/1,dst5,22.750000,23.000000,22.875000,0.000000,0.000000,0.000000,100.000000,0.250000,ns3-simulated/trace-derived
c2-hot,热点 97/1/1/1,dst5,23.000000,23.250000,23.125000,0.000000,0.000000,0.000000,100.000000,0.250000,ns3-simulated/trace-derived
c2-hot,热点 97/1/1/1,dst5,23.250000,23.500000,23.375000,0.000000,0.000000,0.000000,100.000000,0.250000,ns3-simulated/trace-derived
c2-hot,热点 97/1/1/1,dst5,23.500000,23.750000,23.625000,0.000000,0.000000,0.000000,100.000000,0.250000,ns3-simulated/trace-derived
c2-hot,热点 97/1/1/1,dst5,23.750000,24.000000,23.875000,0.000000,0.000000,0.000000,100.000000,0.250000,ns3-simulated/trace-derived
c2-hot,热点 97/1/1/1,dst5,24.000000,24.250000,24.125000,0.000000,0.000000,0.000000,100.000000,0.250000,ns3-simulated/trace-derived
c2-hot,热点 97/1/1/1,dst5,24.250000,24.500000,24.375000,0.000000,0.000000,0.000000,100.000000,0.250000,ns3-simulated/trace-derived
c2-hot,热点 97/1/1/1,dst5,24.500000,24.750000,24.625000,0.000000,0.000000,0.000000,100.000000,0.250000,ns3-simulated/trace-derived
c2-hot,热点 97/1/1/1,dst5,24.750000,25.000000,24.875000,0.000000,0.000000,0.000000,100.000000,0.250000,ns3-simulated/trace-derived
c2-hot,热点 97/1/1/1,dst5,25.000000,25.250000,25.125000,0.000000,0.000000,0.000000,100.000000,0.250000,ns3-simulated/trace-derived
c2-hot,热点 97/1/1/1,dst5,25.250000,25.500000,25.375000,0.000000,0.000000,0.000000,100.000000,0.250000,ns3-simulated/trace-derived
c2-hot,热点 97/1/1/1,dst5,25.500000,25.750000,25.625000,0.000000,0.000000,0.000000,100.000000,0.250000,ns3-simulated/trace-derived
c2-hot,热点 97/1/1/1,dst5,25.750000,26.000000,25.875000,0.000000,0.000000,0.000000,100.000000,0.250000,ns3-simulated/trace-derived
c2-hot,热点 97/1/1/1,dst5,26.000000,26.250000,26.125000,0.000000,0.000000,0.000000,100.000000,0.250000,ns3-simulated/trace-derived
c2-hot,热点 97/1/1/1,dst5,26.250000,26.500000,26.375000,0.000000,0.000000,0.000000,100.000000,0.250000,ns3-simulated/trace-derived
c2-hot,热点 97/1/1/1,dst5,26.500000,26.750000,26.625000,0.000000,0.000000,0.000000,100.000000,0.250000,ns3-simulated/trace-derived
c2-hot,热点 97/1/1/1,dst5,26.750000,27.000000,26.875000,0.000000,0.000000,0.000000,100.000000,0.250000,ns3-simulated/trace-derived
c2-hot,热点 97/1/1/1,dst5,27.000000,27.250000,27.125000,0.000000,0.000000,0.000000,100.000000,0.250000,ns3-simulated/trace-derived
c2-hot,热点 97/1/1/1,dst5,27.250000,27.500000,27.375000,0.000000,0.000000,0.000000,100.000000,0.250000,ns3-simulated/trace-derived
c2-hot,热点 97/1/1/1,dst5,27.500000,27.750000,27.625000,0.000000,0.000000,0.000000,100.000000,0.250000,ns3-simulated/trace-derived
c2-hot,热点 97/1/1/1,dst5,27.750000,28.000000,27.875000,0.000000,0.000000,0.000000,100.000000,0.250000,ns3-simulated/trace-derived
c2-hot,热点 97/1/1/1,dst5,28.000000,28.250000,28.125000,0.000000,0.000000,0.000000,100.000000,0.250000,ns3-simulated/trace-derived
c2-hot,热点 97/1/1/1,dst5,28.250000,28.500000,28.375000,0.000000,0.000000,0.000000,100.000000,0.250000,ns3-simulated/trace-derived
c2-hot,热点 97/1/1/1,dst5,28.500000,28.750000,28.625000,0.000000,0.000000,0.000000,100.000000,0.250000,ns3-simulated/trace-derived
c2-hot,热点 97/1/1/1,dst5,28.750000,29.000000,28.875000,0.000000,0.000000,0.000000,100.000000,0.250000,ns3-simulated/trace-derived
c2-hot,热点 97/1/1/1,dst5,29.000000,29.250000,29.125000,0.000000,0.000000,0.000000,100.000000,0.250000,ns3-simulated/trace-derived
c2-hot,热点 97/1/1/1,dst5,29.250000,29.500000,29.375000,0.000000,0.000000,0.000000,100.000000,0.250000,ns3-simulated/trace-derived
c2-hot,热点 97/1/1/1,dst5,29.500000,29.750000,29.625000,0.000000,0.000000,0.000000,100.000000,0.250000,ns3-simulated/trace-derived
c2-hot,热点 97/1/1/1,dst5,29.750000,30.000000,29.875000,0.000000,0.000000,0.000000,100.000000,0.250000,ns3-simulated/trace-derived
c2-hot,热点 97/1/1/1,dst5,30.000000,30.250000,30.125000,0.000000,0.000000,0.000000,100.000000,0.250000,ns3-simulated/trace-derived
c2-hot,热点 97/1/1/1,dst5,30.250000,30.500000,30.375000,0.000000,0.000000,0.000000,100.000000,0.250000,ns3-simulated/trace-derived
c2-hot,热点 97/1/1/1,dst5,30.500000,30.750000,30.625000,0.000000,0.000000,0.000000,100.000000,0.250000,ns3-simulated/trace-derived
c2-hot,热点 97/1/1/1,dst5,30.750000,31.000000,30.875000,0.000000,0.000000,0.000000,100.000000,0.250000,ns3-simulated/trace-derived
c2-hot,热点 97/1/1/1,dst5,31.000000,31.250000,31.125000,0.000000,0.000000,0.000000,100.000000,0.250000,ns3-simulated/trace-derived
c2-hot,热点 97/1/1/1,dst5,31.250000,31.500000,31.375000,0.000000,0.000000,0.000000,100.000000,0.250000,ns3-simulated/trace-derived
c2-hot,热点 97/1/1/1,dst5,31.500000,31.750000,31.625000,0.000000,0.000000,0.000000,100.000000,0.250000,ns3-simulated/trace-derived
c2-hot,热点 97/1/1/1,dst5,31.750000,32.000000,31.875000,0.000000,0.000000,0.000000,100.000000,0.250000,ns3-simulated/trace-derived
c2-hot,热点 97/1/1/1,dst5,32.000000,32.250000,32.125000,0.000000,0.000000,0.000000,100.000000,0.250000,ns3-simulated/trace-derived
c2-hot,热点 97/1/1/1,dst5,32.250000,32.500000,32.375000,0.000000,0.000000,0.000000,100.000000,0.250000,ns3-simulated/trace-derived
c2-hot,热点 97/1/1/1,dst5,32.500000,32.750000,32.625000,0.000000,0.000000,0.000000,100.000000,0.250000,ns3-simulated/trace-derived
c2-hot,热点 97/1/1/1,dst5,32.750000,33.000000,32.875000,0.000000,0.000000,0.000000,100.000000,0.250000,ns3-simulated/trace-derived
c2-hot,热点 97/1/1/1,dst5,33.000000,33.250000,33.125000,0.000000,0.000000,0.000000,100.000000,0.250000,ns3-simulated/trace-derived
c2-hot,热点 97/1/1/1,dst5,33.250000,33.500000,33.375000,0.000000,0.000000,0.000000,100.000000,0.250000,ns3-simulated/trace-derived
c2-hot,热点 97/1/1/1,dst5,33.500000,33.750000,33.625000,0.000000,0.000000,0.000000,100.000000,0.250000,ns3-simulated/trace-derived
c2-hot,热点 97/1/1/1,dst5,33.750000,34.000000,33.875000,0.000000,0.000000,0.000000,100.000000,0.250000,ns3-simulated/trace-derived
c2-hot,热点 97/1/1/1,dst5,34.000000,34.250000,34.125000,0.000000,0.000000,0.000000,100.000000,0.250000,ns3-simulated/trace-derived
c2-hot,热点 97/1/1/1,dst5,34.250000,34.500000,34.375000,0.000000,0.000000,0.000000,100.000000,0.250000,ns3-simulated/trace-derived
c2-hot,热点 97/1/1/1,dst5,34.500000,34.750000,34.625000,0.000000,0.000000,0.000000,100.000000,0.250000,ns3-simulated/trace-derived
c2-hot,热点 97/1/1/1,dst5,34.750000,35.000000,34.875000,0.000000,0.000000,0.000000,100.000000,0.250000,ns3-simulated/trace-derived
c2-hot,热点 97/1/1/1,dst5,35.000000,35.250000,35.125000,0.000000,0.000000,0.000000,100.000000,0.250000,ns3-simulated/trace-derived
c2-hot,热点 97/1/1/1,dst5,35.250000,35.500000,35.375000,0.000000,0.000000,0.000000,100.000000,0.250000,ns3-simulated/trace-derived
c2-hot,热点 97/1/1/1,dst5,35.500000,35.750000,35.625000,0.000000,0.000000,0.000000,100.000000,0.250000,ns3-simulated/trace-derived
c2-hot,热点 97/1/1/1,dst5,35.750000,36.000000,35.875000,0.000000,0.000000,0.000000,100.000000,0.250000,ns3-simulated/trace-derived
c2-hot,热点 97/1/1/1,dst5,36.000000,36.250000,36.125000,0.000000,0.000000,0.000000,100.000000,0.250000,ns3-simulated/trace-derived
c2-hot,热点 97/1/1/1,dst5,36.250000,36.500000,36.375000,0.000000,0.000000,0.000000,100.000000,0.250000,ns3-simulated/trace-derived
c2-hot,热点 97/1/1/1,dst5,36.500000,36.750000,36.625000,0.000000,0.000000,0.000000,100.000000,0.250000,ns3-simulated/trace-derived
c2-hot,热点 97/1/1/1,dst5,36.750000,37.000000,36.875000,0.000000,0.000000,0.000000,100.000000,0.250000,ns3-simulated/trace-derived
c2-hot,热点 97/1/1/1,dst5,37.000000,37.250000,37.125000,0.000000,0.000000,0.000000,100.000000,0.250000,ns3-simulated/trace-derived
c2-hot,热点 97/1/1/1,dst5,37.250000,37.500000,37.375000,0.000000,0.000000,0.000000,100.000000,0.250000,ns3-simulated/trace-derived
c2-hot,热点 97/1/1/1,dst5,37.500000,37.750000,37.625000,0.000000,0.000000,0.000000,100.000000,0.250000,ns3-simulated/trace-derived
c2-hot,热点 97/1/1/1,dst5,37.750000,38.000000,37.875000,0.000000,0.000000,0.000000,100.000000,0.250000,ns3-simulated/trace-derived
c2-hot,热点 97/1/1/1,dst5,38.000000,38.250000,38.125000,0.000000,0.000000,0.000000,100.000000,0.250000,ns3-simulated/trace-derived
c2-hot,热点 97/1/1/1,dst5,38.250000,38.500000,38.375000,0.000000,0.000000,0.000000,100.000000,0.250000,ns3-simulated/trace-derived
c2-hot,热点 97/1/1/1,dst5,38.500000,38.750000,38.625000,0.000000,0.000000,0.000000,100.000000,0.250000,ns3-simulated/trace-derived
c2-hot,热点 97/1/1/1,dst5,38.750000,39.000000,38.875000,0.000000,0.000000,0.000000,100.000000,0.250000,ns3-simulated/trace-derived
c2-hot,热点 97/1/1/1,dst5,39.000000,39.250000,39.125000,0.000000,0.000000,0.000000,100.000000,0.250000,ns3-simulated/trace-derived
c2-hot,热点 97/1/1/1,dst5,39.250000,39.500000,39.375000,0.000000,0.000000,0.000000,100.000000,0.250000,ns3-simulated/trace-derived
c2-hot,热点 97/1/1/1,dst5,39.500000,39.750000,39.625000,0.000000,0.000000,0.000000,100.000000,0.250000,ns3-simulated/trace-derived
c2-hot,热点 97/1/1/1,dst5,39.750000,40.000000,39.875000,0.000000,0.000000,0.000000,100.000000,0.250000,ns3-simulated/trace-derived
c2-hot,热点 97/1/1/1,dst5,40.000000,40.250000,40.125000,0.000000,0.000000,0.000000,100.000000,0.250000,ns3-simulated/trace-derived
c2-hot,热点 97/1/1/1,dst5,40.250000,40.500000,40.375000,0.000000,0.000000,0.000000,100.000000,0.250000,ns3-simulated/trace-derived
c2-hot,热点 97/1/1/1,dst5,40.500000,40.750000,40.625000,0.000000,0.000000,0.000000,100.000000,0.250000,ns3-simulated/trace-derived
c2-hot,热点 97/1/1/1,dst5,40.750000,41.000000,40.875000,0.000000,0.000000,0.000000,100.000000,0.250000,ns3-simulated/trace-derived
c2-hot,热点 97/1/1/1,dst5,41.000000,41.250000,41.125000,0.000000,0.000000,0.000000,100.000000,0.250000,ns3-simulated/trace-derived
c2-hot,热点 97/1/1/1,dst5,41.250000,41.500000,41.375000,0.000000,0.000000,0.000000,100.000000,0.250000,ns3-simulated/trace-derived
c2-hot,热点 97/1/1/1,dst5,41.500000,41.750000,41.625000,0.000000,0.000000,0.000000,100.000000,0.250000,ns3-simulated/trace-derived
c2-hot,热点 97/1/1/1,dst5,41.750000,42.000000,41.875000,0.000000,0.000000,0.000000,100.000000,0.250000,ns3-simulated/trace-derived
c2-hot,热点 97/1/1/1,dst5,42.000000,42.250000,42.125000,0.000000,0.000000,0.000000,100.000000,0.250000,ns3-simulated/trace-derived
c2-hot,热点 97/1/1/1,dst5,42.250000,42.500000,42.375000,0.000000,0.000000,0.000000,100.000000,0.250000,ns3-simulated/trace-derived
c2-hot,热点 97/1/1/1,dst5,42.500000,42.750000,42.625000,0.000000,0.000000,0.000000,100.000000,0.250000,ns3-simulated/trace-derived
c2-hot,热点 97/1/1/1,dst5,42.750000,43.000000,42.875000,0.000000,0.000000,0.000000,100.000000,0.250000,ns3-simulated/trace-derived
c2-hot,热点 97/1/1/1,dst5,43.000000,43.250000,43.125000,0.000000,0.000000,0.000000,100.000000,0.250000,ns3-simulated/trace-derived
c2-hot,热点 97/1/1/1,dst5,43.250000,43.500000,43.375000,0.000000,0.000000,0.000000,100.000000,0.250000,ns3-simulated/trace-derived
c2-hot,热点 97/1/1/1,dst5,43.500000,43.750000,43.625000,0.000000,0.000000,0.000000,100.000000,0.250000,ns3-simulated/trace-derived
c2-hot,热点 97/1/1/1,dst5,43.750000,44.000000,43.875000,0.000000,0.000000,0.000000,100.000000,0.250000,ns3-simulated/trace-derived
c2-hot,热点 97/1/1/1,dst5,44.000000,44.250000,44.125000,0.000000,0.000000,0.000000,100.000000,0.250000,ns3-simulated/trace-derived
c2-hot,热点 97/1/1/1,dst5,44.250000,44.500000,44.375000,0.000000,0.000000,0.000000,100.000000,0.250000,ns3-simulated/trace-derived
c2-hot,热点 97/1/1/1,dst5,44.500000,44.750000,44.625000,0.000000,0.000000,0.000000,100.000000,0.250000,ns3-simulated/trace-derived
c2-hot,热点 97/1/1/1,dst5,44.750000,45.000000,44.875000,0.000000,0.000000,0.000000,100.000000,0.250000,ns3-simulated/trace-derived
c2-hot,热点 97/1/1/1,dst5,45.000000,45.250000,45.125000,0.000000,0.000000,0.000000,100.000000,0.250000,ns3-simulated/trace-derived
c2-hot,热点 97/1/1/1,dst5,45.250000,45.500000,45.375000,0.000000,0.000000,0.000000,100.000000,0.250000,ns3-simulated/trace-derived
c2-hot,热点 97/1/1/1,dst5,45.500000,45.750000,45.625000,0.000000,0.000000,0.000000,100.000000,0.250000,ns3-simulated/trace-derived
c2-hot,热点 97/1/1/1,dst5,45.750000,46.000000,45.875000,0.000000,0.000000,0.000000,100.000000,0.250000,ns3-simulated/trace-derived
c2-hot,热点 97/1/1/1,dst5,46.000000,46.250000,46.125000,0.000000,0.000000,0.000000,100.000000,0.250000,ns3-simulated/trace-derived
c2-hot,热点 97/1/1/1,dst5,46.250000,46.500000,46.375000,0.000000,0.000000,0.000000,100.000000,0.250000,ns3-simulated/trace-derived
c2-hot,热点 97/1/1/1,dst5,46.500000,46.750000,46.625000,0.000000,0.000000,0.000000,100.000000,0.250000,ns3-simulated/trace-derived
c2-hot,热点 97/1/1/1,dst5,46.750000,47.000000,46.875000,0.000000,0.000000,0.000000,100.000000,0.250000,ns3-simulated/trace-derived
c2-hot,热点 97/1/1/1,dst5,47.000000,47.250000,47.125000,0.000000,0.000000,0.000000,100.000000,0.250000,ns3-simulated/trace-derived
c2-hot,热点 97/1/1/1,dst5,47.250000,47.500000,47.375000,0.000000,0.000000,0.000000,100.000000,0.250000,ns3-simulated/trace-derived
c2-hot,热点 97/1/1/1,dst5,47.500000,47.750000,47.625000,0.000000,0.000000,0.000000,100.000000,0.250000,ns3-simulated/trace-derived
c2-hot,热点 97/1/1/1,dst5,47.750000,48.000000,47.875000,0.000000,0.000000,0.000000,100.000000,0.250000,ns3-simulated/trace-derived
c2-hot,热点 97/1/1/1,dst5,48.000000,48.250000,48.125000,0.000000,0.000000,0.000000,100.000000,0.250000,ns3-simulated/trace-derived
c2-hot,热点 97/1/1/1,dst5,48.250000,48.500000,48.375000,0.000000,0.000000,0.000000,100.000000,0.250000,ns3-simulated/trace-derived
c2-hot,热点 97/1/1/1,dst5,48.500000,48.750000,48.625000,0.000000,0.000000,0.000000,100.000000,0.250000,ns3-simulated/trace-derived
c2-hot,热点 97/1/1/1,dst5,48.750000,49.000000,48.875000,0.000000,0.000000,0.000000,100.000000,0.250000,ns3-simulated/trace-derived
c2-hot,热点 97/1/1/1,dst5,49.000000,49.250000,49.125000,0.000000,0.000000,0.000000,100.000000,0.250000,ns3-simulated/trace-derived
c2-hot,热点 97/1/1/1,dst5,49.250000,49.500000,49.375000,0.000000,0.000000,0.000000,100.000000,0.250000,ns3-simulated/trace-derived
c2-hot,热点 97/1/1/1,dst5,49.500000,49.750000,49.625000,0.000000,0.000000,0.000000,100.000000,0.250000,ns3-simulated/trace-derived
c2-hot,热点 97/1/1/1,dst5,49.750000,50.000000,49.875000,0.000000,0.000000,0.000000,100.000000,0.250000,ns3-simulated/trace-derived
c2-hot,热点 97/1/1/1,dst5,50.000000,50.250000,50.125000,0.000000,0.000000,0.000000,100.000000,0.250000,ns3-simulated/trace-derived
c2-hot,热点 97/1/1/1,dst5,50.250000,50.500000,50.375000,0.000000,0.000000,0.000000,100.000000,0.250000,ns3-simulated/trace-derived
c2-hot,热点 97/1/1/1,dst5,50.500000,50.750000,50.625000,0.000000,0.000000,0.000000,100.000000,0.250000,ns3-simulated/trace-derived
c2-hot,热点 97/1/1/1,dst5,50.750000,51.000000,50.875000,0.000000,0.000000,0.000000,100.000000,0.250000,ns3-simulated/trace-derived
c2-hot,热点 97/1/1/1,dst5,51.000000,51.250000,51.125000,0.000000,0.000000,0.000000,100.000000,0.250000,ns3-simulated/trace-derived
c2-hot,热点 97/1/1/1,dst5,51.250000,51.500000,51.375000,0.000000,0.000000,0.000000,100.000000,0.250000,ns3-simulated/trace-derived
c2-hot,热点 97/1/1/1,dst5,51.500000,51.750000,51.625000,0.000000,0.000000,0.000000,100.000000,0.250000,ns3-simulated/trace-derived
c2-hot,热点 97/1/1/1,dst5,51.750000,52.000000,51.875000,0.000000,0.000000,0.000000,100.000000,0.250000,ns3-simulated/trace-derived
c2-hot,热点 97/1/1/1,dst5,52.000000,52.250000,52.125000,0.000000,0.000000,0.000000,100.000000,0.250000,ns3-simulated/trace-derived
c2-hot,热点 97/1/1/1,dst5,52.250000,52.500000,52.375000,0.000000,0.000000,0.000000,100.000000,0.250000,ns3-simulated/trace-derived
c2-hot,热点 97/1/1/1,dst5,52.500000,52.750000,52.625000,0.000000,0.000000,0.000000,100.000000,0.250000,ns3-simulated/trace-derived
c2-hot,热点 97/1/1/1,dst5,52.750000,53.000000,52.875000,0.000000,0.000000,0.000000,100.000000,0.250000,ns3-simulated/trace-derived
c2-hot,热点 97/1/1/1,dst5,53.000000,53.250000,53.125000,0.000000,0.000000,0.000000,100.000000,0.250000,ns3-simulated/trace-derived
c2-hot,热点 97/1/1/1,dst5,53.250000,53.500000,53.375000,0.000000,0.000000,0.000000,100.000000,0.250000,ns3-simulated/trace-derived
c2-hot,热点 97/1/1/1,dst5,53.500000,53.750000,53.625000,0.000000,0.000000,0.000000,100.000000,0.250000,ns3-simulated/trace-derived
c2-hot,热点 97/1/1/1,dst5,53.750000,54.000000,53.875000,0.000000,0.000000,0.000000,100.000000,0.250000,ns3-simulated/trace-derived
c2-hot,热点 97/1/1/1,dst5,54.000000,54.250000,54.125000,0.000000,0.000000,0.000000,100.000000,0.250000,ns3-simulated/trace-derived
c2-hot,热点 97/1/1/1,dst5,54.250000,54.500000,54.375000,0.000000,0.000000,0.000000,100.000000,0.250000,ns3-simulated/trace-derived
c2-hot,热点 97/1/1/1,dst5,54.500000,54.750000,54.625000,0.000000,0.000000,0.000000,100.000000,0.250000,ns3-simulated/trace-derived
c2-hot,热点 97/1/1/1,dst5,54.750000,55.000000,54.875000,0.000000,0.000000,0.000000,100.000000,0.250000,ns3-simulated/trace-derived
c2-hot,热点 97/1/1/1,dst5,55.000000,55.250000,55.125000,0.000000,0.000000,0.000000,100.000000,0.250000,ns3-simulated/trace-derived
c2-hot,热点 97/1/1/1,dst5,55.250000,55.500000,55.375000,0.000000,0.000000,0.000000,100.000000,0.250000,ns3-simulated/trace-derived
c2-hot,热点 97/1/1/1,dst5,55.500000,55.750000,55.625000,0.000000,0.000000,0.000000,100.000000,0.250000,ns3-simulated/trace-derived
c2-hot,热点 97/1/1/1,dst5,55.750000,56.000000,55.875000,0.000000,0.000000,0.000000,100.000000,0.250000,ns3-simulated/trace-derived
c2-hot,热点 97/1/1/1,dst5,56.000000,56.250000,56.125000,0.000000,0.000000,0.000000,100.000000,0.250000,ns3-simulated/trace-derived
c2-hot,热点 97/1/1/1,dst5,56.250000,56.500000,56.375000,0.000000,0.000000,0.000000,100.000000,0.250000,ns3-simulated/trace-derived
c2-hot,热点 97/1/1/1,dst5,56.500000,56.750000,56.625000,0.000000,0.000000,0.000000,100.000000,0.250000,ns3-simulated/trace-derived
c2-hot,热点 97/1/1/1,dst5,56.750000,57.000000,56.875000,0.000000,0.000000,0.000000,100.000000,0.250000,ns3-simulated/trace-derived
c2-hot,热点 97/1/1/1,dst5,57.000000,57.250000,57.125000,0.000000,0.000000,0.000000,100.000000,0.250000,ns3-simulated/trace-derived
c2-hot,热点 97/1/1/1,dst5,57.250000,57.500000,57.375000,0.000000,0.000000,0.000000,100.000000,0.250000,ns3-simulated/trace-derived
c2-hot,热点 97/1/1/1,dst5,57.500000,57.750000,57.625000,0.000000,0.000000,0.000000,100.000000,0.250000,ns3-simulated/trace-derived
c2-hot,热点 97/1/1/1,dst5,57.750000,58.000000,57.875000,0.000000,0.000000,0.000000,100.000000,0.250000,ns3-simulated/trace-derived
c2-hot,热点 97/1/1/1,dst5,58.000000,58.250000,58.125000,0.000000,0.000000,0.000000,100.000000,0.250000,ns3-simulated/trace-derived
c2-hot,热点 97/1/1/1,dst5,58.250000,58.500000,58.375000,0.000000,0.000000,0.000000,100.000000,0.250000,ns3-simulated/trace-derived
c2-hot,热点 97/1/1/1,dst5,58.500000,58.750000,58.625000,0.000000,0.000000,0.000000,100.000000,0.250000,ns3-simulated/trace-derived
c2-hot,热点 97/1/1/1,dst5,58.750000,59.000000,58.875000,0.000000,0.000000,0.000000,100.000000,0.250000,ns3-simulated/trace-derived
c2-hot,热点 97/1/1/1,dst5,59.000000,59.250000,59.125000,0.000000,0.000000,0.000000,100.000000,0.250000,ns3-simulated/trace-derived
c2-hot,热点 97/1/1/1,dst5,59.250000,59.500000,59.375000,0.000000,0.000000,0.000000,100.000000,0.250000,ns3-simulated/trace-derived
c2-hot,热点 97/1/1/1,dst5,59.500000,59.750000,59.625000,0.000000,0.000000,0.000000,100.000000,0.250000,ns3-simulated/trace-derived
c2-hot,热点 97/1/1/1,dst5,59.750000,60.000000,59.875000,0.000000,0.000000,0.000000,100.000000,0.250000,ns3-simulated/trace-derived
c2-hot,热点 97/1/1/1,dst5,60.000000,60.250000,60.125000,0.000000,0.000000,0.000000,100.000000,0.250000,ns3-simulated/trace-derived
c2-hot,热点 97/1/1/1,dst5,60.250000,60.500000,60.375000,0.000000,0.000000,0.000000,100.000000,0.250000,ns3-simulated/trace-derived
c2-hot,热点 97/1/1/1,dst5,60.500000,60.750000,60.625000,0.000000,0.000000,0.000000,100.000000,0.250000,ns3-simulated/trace-derived
c2-hot,热点 97/1/1/1,dst5,60.750000,61.000000,60.875000,0.000000,0.000000,0.000000,100.000000,0.250000,ns3-simulated/trace-derived
c2-hot,热点 97/1/1/1,dst5,61.000000,61.250000,61.125000,0.000000,0.000000,0.000000,100.000000,0.250000,ns3-simulated/trace-derived
c2-hot,热点 97/1/1/1,dst5,61.250000,61.500000,61.375000,0.000000,0.000000,0.000000,100.000000,0.250000,ns3-simulated/trace-derived
c2-hot,热点 97/1/1/1,dst5,61.500000,61.750000,61.625000,0.000000,0.000000,0.000000,100.000000,0.250000,ns3-simulated/trace-derived
c2-hot,热点 97/1/1/1,dst5,61.750000,62.000000,61.875000,0.000000,0.000000,0.000000,100.000000,0.250000,ns3-simulated/trace-derived
c2-hot,热点 97/1/1/1,dst5,62.000000,62.250000,62.125000,0.000000,0.000000,0.000000,100.000000,0.250000,ns3-simulated/trace-derived
c2-hot,热点 97/1/1/1,dst5,62.250000,62.500000,62.375000,0.000000,0.000000,0.000000,100.000000,0.250000,ns3-simulated/trace-derived
c2-hot,热点 97/1/1/1,dst5,62.500000,62.750000,62.625000,0.000000,0.000000,0.000000,100.000000,0.250000,ns3-simulated/trace-derived
c2-hot,热点 97/1/1/1,dst5,62.750000,63.000000,62.875000,0.000000,0.000000,0.000000,100.000000,0.250000,ns3-simulated/trace-derived
c2-hot,热点 97/1/1/1,dst5,63.000000,63.250000,63.125000,0.000000,0.000000,0.000000,100.000000,0.250000,ns3-simulated/trace-derived
c2-hot,热点 97/1/1/1,dst5,63.250000,63.500000,63.375000,0.000000,0.000000,0.000000,100.000000,0.250000,ns3-simulated/trace-derived
c2-hot,热点 97/1/1/1,dst5,63.500000,63.750000,63.625000,0.000000,0.000000,0.000000,100.000000,0.250000,ns3-simulated/trace-derived
c2-hot,热点 97/1/1/1,dst5,63.750000,64.000000,63.875000,0.000000,0.000000,0.000000,100.000000,0.250000,ns3-simulated/trace-derived
c2-hot,热点 97/1/1/1,dst5,64.000000,64.250000,64.125000,0.000000,0.000000,0.000000,100.000000,0.250000,ns3-simulated/trace-derived
c2-hot,热点 97/1/1/1,dst5,64.250000,64.500000,64.375000,0.000000,0.000000,0.000000,100.000000,0.250000,ns3-simulated/trace-derived
c2-hot,热点 97/1/1/1,dst5,64.500000,64.750000,64.625000,0.000000,0.000000,0.000000,100.000000,0.250000,ns3-simulated/trace-derived
c2-hot,热点 97/1/1/1,dst5,64.750000,65.000000,64.875000,0.000000,0.000000,0.000000,100.000000,0.250000,ns3-simulated/trace-derived
c2-hot,热点 97/1/1/1,dst5,65.000000,65.250000,65.125000,0.000000,0.000000,0.000000,100.000000,0.250000,ns3-simulated/trace-derived
c2-hot,热点 97/1/1/1,dst5,65.250000,65.500000,65.375000,0.000000,0.000000,0.000000,100.000000,0.250000,ns3-simulated/trace-derived
c2-hot,热点 97/1/1/1,dst5,65.500000,65.750000,65.625000,0.000000,0.000000,0.000000,100.000000,0.250000,ns3-simulated/trace-derived
c2-hot,热点 97/1/1/1,dst5,65.750000,66.000000,65.875000,0.000000,0.000000,0.000000,100.000000,0.250000,ns3-simulated/trace-derived
c2-hot,热点 97/1/1/1,dst5,66.000000,66.250000,66.125000,0.000000,0.000000,0.000000,100.000000,0.250000,ns3-simulated/trace-derived
c2-hot,热点 97/1/1/1,dst5,66.250000,66.500000,66.375000,0.000000,0.000000,0.000000,100.000000,0.250000,ns3-simulated/trace-derived
c2-hot,热点 97/1/1/1,dst5,66.500000,66.750000,66.625000,0.000000,0.000000,0.000000,100.000000,0.250000,ns3-simulated/trace-derived
c2-hot,热点 97/1/1/1,dst5,66.750000,67.000000,66.875000,0.000000,0.000000,0.000000,100.000000,0.250000,ns3-simulated/trace-derived
c2-hot,热点 97/1/1/1,dst5,67.000000,67.250000,67.125000,0.000000,0.000000,0.000000,100.000000,0.250000,ns3-simulated/trace-derived
c2-hot,热点 97/1/1/1,dst5,67.250000,67.500000,67.375000,0.000000,0.000000,0.000000,100.000000,0.250000,ns3-simulated/trace-derived
c2-hot,热点 97/1/1/1,dst5,67.500000,67.750000,67.625000,0.000000,0.000000,0.000000,100.000000,0.250000,ns3-simulated/trace-derived
c2-hot,热点 97/1/1/1,dst5,67.750000,68.000000,67.875000,0.000000,0.000000,0.000000,100.000000,0.250000,ns3-simulated/trace-derived
c2-hot,热点 97/1/1/1,dst5,68.000000,68.250000,68.125000,0.000000,0.000000,0.000000,100.000000,0.250000,ns3-simulated/trace-derived
c2-hot,热点 97/1/1/1,dst5,68.250000,68.500000,68.375000,0.000000,0.000000,0.000000,100.000000,0.250000,ns3-simulated/trace-derived
c2-hot,热点 97/1/1/1,dst5,68.500000,68.750000,68.625000,0.000000,0.000000,0.000000,100.000000,0.250000,ns3-simulated/trace-derived
c2-hot,热点 97/1/1/1,dst5,68.750000,69.000000,68.875000,0.000000,0.000000,0.000000,100.000000,0.250000,ns3-simulated/trace-derived
c2-hot,热点 97/1/1/1,dst5,69.000000,69.250000,69.125000,0.000000,0.000000,0.000000,100.000000,0.250000,ns3-simulated/trace-derived
c2-hot,热点 97/1/1/1,dst5,69.250000,69.500000,69.375000,0.000000,0.000000,0.000000,100.000000,0.250000,ns3-simulated/trace-derived
c2-hot,热点 97/1/1/1,dst5,69.500000,69.750000,69.625000,0.000000,0.000000,0.000000,100.000000,0.250000,ns3-simulated/trace-derived
c2-hot,热点 97/1/1/1,dst5,69.750000,70.000000,69.875000,0.000000,0.000000,0.000000,100.000000,0.250000,ns3-simulated/trace-derived
c2-hot,热点 97/1/1/1,dst5,70.000000,70.250000,70.125000,0.000000,0.000000,0.000000,100.000000,0.250000,ns3-simulated/trace-derived
c2-hot,热点 97/1/1/1,dst5,70.250000,70.500000,70.375000,0.000000,0.000000,0.000000,100.000000,0.250000,ns3-simulated/trace-derived
c2-hot,热点 97/1/1/1,dst5,70.500000,70.750000,70.625000,0.000000,0.000000,0.000000,100.000000,0.250000,ns3-simulated/trace-derived
c2-hot,热点 97/1/1/1,dst5,70.750000,71.000000,70.875000,0.000000,0.000000,0.000000,100.000000,0.250000,ns3-simulated/trace-derived
c2-hot,热点 97/1/1/1,dst5,71.000000,71.250000,71.125000,0.000000,0.000000,0.000000,100.000000,0.250000,ns3-simulated/trace-derived
c2-hot,热点 97/1/1/1,dst5,71.250000,71.500000,71.375000,0.000000,0.000000,0.000000,100.000000,0.250000,ns3-simulated/trace-derived
c2-hot,热点 97/1/1/1,dst5,71.500000,71.750000,71.625000,0.000000,0.000000,0.000000,100.000000,0.250000,ns3-simulated/trace-derived
c2-hot,热点 97/1/1/1,dst5,71.750000,72.000000,71.875000,0.000000,0.000000,0.000000,100.000000,0.250000,ns3-simulated/trace-derived
c2-hot,热点 97/1/1/1,dst5,72.000000,72.250000,72.125000,0.000000,0.000000,0.000000,100.000000,0.250000,ns3-simulated/trace-derived
c2-hot,热点 97/1/1/1,dst5,72.250000,72.500000,72.375000,0.000000,0.000000,0.000000,100.000000,0.250000,ns3-simulated/trace-derived
c2-hot,热点 97/1/1/1,dst5,72.500000,72.750000,72.625000,0.000000,0.000000,0.000000,100.000000,0.250000,ns3-simulated/trace-derived
c2-hot,热点 97/1/1/1,dst5,72.750000,73.000000,72.875000,0.000000,0.000000,0.000000,100.000000,0.250000,ns3-simulated/trace-derived
c2-hot,热点 97/1/1/1,dst5,73.000000,73.250000,73.125000,0.000000,0.000000,0.000000,100.000000,0.250000,ns3-simulated/trace-derived
c2-hot,热点 97/1/1/1,dst5,73.250000,73.500000,73.375000,0.000000,0.000000,0.000000,100.000000,0.250000,ns3-simulated/trace-derived
c2-hot,热点 97/1/1/1,dst5,73.500000,73.750000,73.625000,0.000000,0.000000,0.000000,100.000000,0.250000,ns3-simulated/trace-derived
c2-hot,热点 97/1/1/1,dst5,73.750000,74.000000,73.875000,0.000000,0.000000,0.000000,100.000000,0.250000,ns3-simulated/trace-derived
c2-hot,热点 97/1/1/1,dst5,74.000000,74.250000,74.125000,0.000000,0.000000,0.000000,100.000000,0.250000,ns3-simulated/trace-derived
c2-hot,热点 97/1/1/1,dst5,74.250000,74.500000,74.375000,0.000000,0.000000,0.000000,100.000000,0.250000,ns3-simulated/trace-derived
c2-hot,热点 97/1/1/1,dst5,74.500000,74.750000,74.625000,0.000000,0.000000,0.000000,100.000000,0.250000,ns3-simulated/trace-derived
c2-hot,热点 97/1/1/1,dst5,74.750000,75.000000,74.875000,0.000000,0.000000,0.000000,100.000000,0.250000,ns3-simulated/trace-derived
c2-hot,热点 97/1/1/1,dst5,75.000000,75.250000,75.125000,0.000000,0.000000,0.000000,100.000000,0.250000,ns3-simulated/trace-derived
c2-hot,热点 97/1/1/1,dst5,75.250000,75.500000,75.375000,0.000000,0.000000,0.000000,100.000000,0.250000,ns3-simulated/trace-derived
c2-hot,热点 97/1/1/1,dst5,75.500000,75.750000,75.625000,0.000000,0.000000,0.000000,100.000000,0.250000,ns3-simulated/trace-derived
c2-hot,热点 97/1/1/1,dst5,75.750000,76.000000,75.875000,0.000000,0.000000,0.000000,100.000000,0.250000,ns3-simulated/trace-derived
c2-hot,热点 97/1/1/1,dst5,76.000000,76.250000,76.125000,0.000000,0.000000,0.000000,100.000000,0.250000,ns3-simulated/trace-derived
c2-hot,热点 97/1/1/1,dst5,76.250000,76.500000,76.375000,0.000000,0.000000,0.000000,100.000000,0.250000,ns3-simulated/trace-derived
c2-hot,热点 97/1/1/1,dst5,76.500000,76.750000,76.625000,0.000000,0.000000,0.000000,100.000000,0.250000,ns3-simulated/trace-derived
c2-hot,热点 97/1/1/1,dst5,76.750000,77.000000,76.875000,0.000000,0.000000,0.000000,100.000000,0.250000,ns3-simulated/trace-derived
c2-hot,热点 97/1/1/1,dst5,77.000000,77.250000,77.125000,0.000000,0.000000,0.000000,100.000000,0.250000,ns3-simulated/trace-derived
c2-hot,热点 97/1/1/1,dst5,77.250000,77.500000,77.375000,0.000000,0.000000,0.000000,100.000000,0.250000,ns3-simulated/trace-derived
c2-hot,热点 97/1/1/1,dst5,77.500000,77.750000,77.625000,0.000000,0.000000,0.000000,100.000000,0.250000,ns3-simulated/trace-derived
c2-hot,热点 97/1/1/1,dst5,77.750000,78.000000,77.875000,0.000000,0.000000,0.000000,100.000000,0.250000,ns3-simulated/trace-derived
c2-hot,热点 97/1/1/1,dst5,78.000000,78.250000,78.125000,0.000000,0.000000,0.000000,100.000000,0.250000,ns3-simulated/trace-derived
c2-hot,热点 97/1/1/1,dst5,78.250000,78.500000,78.375000,0.000000,0.000000,0.000000,100.000000,0.250000,ns3-simulated/trace-derived
c2-hot,热点 97/1/1/1,dst5,78.500000,78.750000,78.625000,0.000000,0.000000,0.000000,100.000000,0.250000,ns3-simulated/trace-derived
c2-hot,热点 97/1/1/1,dst5,78.750000,79.000000,78.875000,0.000000,0.000000,0.000000,100.000000,0.250000,ns3-simulated/trace-derived
c2-hot,热点 97/1/1/1,dst5,79.000000,79.250000,79.125000,0.000000,0.000000,0.000000,100.000000,0.250000,ns3-simulated/trace-derived
c2-hot,热点 97/1/1/1,dst5,79.250000,79.500000,79.375000,0.000000,0.000000,0.000000,100.000000,0.250000,ns3-simulated/trace-derived
c2-hot,热点 97/1/1/1,dst5,79.500000,79.750000,79.625000,0.000000,0.000000,0.000000,100.000000,0.250000,ns3-simulated/trace-derived
c2-hot,热点 97/1/1/1,dst5,79.750000,80.000000,79.875000,0.000000,0.000000,0.000000,100.000000,0.250000,ns3-simulated/trace-derived
c2-hot,热点 97/1/1/1,dst5,80.000000,80.250000,80.125000,0.000000,0.000000,0.000000,100.000000,0.250000,ns3-simulated/trace-derived
c2-hot,热点 97/1/1/1,dst5,80.250000,80.500000,80.375000,0.000000,0.000000,0.000000,100.000000,0.250000,ns3-simulated/trace-derived
c2-hot,热点 97/1/1/1,dst5,80.500000,80.750000,80.625000,0.000000,0.000000,0.000000,100.000000,0.250000,ns3-simulated/trace-derived
c2-hot,热点 97/1/1/1,dst5,80.750000,81.000000,80.875000,0.000000,0.000000,0.000000,100.000000,0.250000,ns3-simulated/trace-derived
c2-hot,热点 97/1/1/1,dst5,81.000000,81.250000,81.125000,0.000000,0.000000,0.000000,100.000000,0.250000,ns3-simulated/trace-derived
c2-hot,热点 97/1/1/1,dst5,81.250000,81.500000,81.375000,0.000000,0.000000,0.000000,100.000000,0.250000,ns3-simulated/trace-derived
c2-hot,热点 97/1/1/1,dst5,81.500000,81.750000,81.625000,0.000000,0.000000,0.000000,100.000000,0.250000,ns3-simulated/trace-derived
c2-hot,热点 97/1/1/1,dst5,81.750000,82.000000,81.875000,0.000000,0.000000,0.000000,100.000000,0.250000,ns3-simulated/trace-derived
c2-hot,热点 97/1/1/1,dst5,82.000000,82.250000,82.125000,0.000000,0.000000,0.000000,100.000000,0.250000,ns3-simulated/trace-derived
c2-hot,热点 97/1/1/1,dst5,82.250000,82.500000,82.375000,0.000000,0.000000,0.000000,100.000000,0.250000,ns3-simulated/trace-derived
c2-hot,热点 97/1/1/1,dst5,82.500000,82.750000,82.625000,0.000000,0.000000,0.000000,100.000000,0.250000,ns3-simulated/trace-derived
c2-hot,热点 97/1/1/1,dst5,82.750000,83.000000,82.875000,0.000000,0.000000,0.000000,100.000000,0.250000,ns3-simulated/trace-derived
c2-hot,热点 97/1/1/1,dst5,83.000000,83.250000,83.125000,0.000000,0.000000,0.000000,100.000000,0.250000,ns3-simulated/trace-derived
c2-hot,热点 97/1/1/1,dst5,83.250000,83.500000,83.375000,0.000000,0.000000,0.000000,100.000000,0.250000,ns3-simulated/trace-derived
c2-hot,热点 97/1/1/1,dst5,83.500000,83.750000,83.625000,0.000000,0.000000,0.000000,100.000000,0.250000,ns3-simulated/trace-derived
c2-hot,热点 97/1/1/1,dst5,83.750000,84.000000,83.875000,0.000000,0.000000,0.000000,100.000000,0.250000,ns3-simulated/trace-derived
c2-hot,热点 97/1/1/1,dst5,84.000000,84.250000,84.125000,0.000000,0.000000,0.000000,100.000000,0.250000,ns3-simulated/trace-derived
c2-hot,热点 97/1/1/1,dst5,84.250000,84.500000,84.375000,0.000000,0.000000,0.000000,100.000000,0.250000,ns3-simulated/trace-derived
c2-hot,热点 97/1/1/1,dst5,84.500000,84.750000,84.625000,0.000000,0.000000,0.000000,100.000000,0.250000,ns3-simulated/trace-derived
c2-hot,热点 97/1/1/1,dst5,84.750000,85.000000,84.875000,0.000000,0.000000,0.000000,100.000000,0.250000,ns3-simulated/trace-derived
c2-hot,热点 97/1/1/1,dst5,85.000000,85.250000,85.125000,0.000000,0.000000,0.000000,100.000000,0.250000,ns3-simulated/trace-derived
c2-hot,热点 97/1/1/1,dst5,85.250000,85.500000,85.375000,0.000000,0.000000,0.000000,100.000000,0.250000,ns3-simulated/trace-derived
c2-hot,热点 97/1/1/1,dst5,85.500000,85.750000,85.625000,0.000000,0.000000,0.000000,100.000000,0.250000,ns3-simulated/trace-derived
c2-hot,热点 97/1/1/1,dst5,85.750000,86.000000,85.875000,0.000000,0.000000,0.000000,100.000000,0.250000,ns3-simulated/trace-derived
c2-hot,热点 97/1/1/1,dst5,86.000000,86.250000,86.125000,0.000000,0.000000,0.000000,100.000000,0.250000,ns3-simulated/trace-derived
c2-hot,热点 97/1/1/1,dst5,86.250000,86.500000,86.375000,0.000000,0.000000,0.000000,100.000000,0.250000,ns3-simulated/trace-derived
c2-hot,热点 97/1/1/1,dst5,86.500000,86.750000,86.625000,0.000000,0.000000,0.000000,100.000000,0.250000,ns3-simulated/trace-derived
c2-hot,热点 97/1/1/1,dst5,86.750000,87.000000,86.875000,0.000000,0.000000,0.000000,100.000000,0.250000,ns3-simulated/trace-derived
c2-hot,热点 97/1/1/1,dst5,87.000000,87.250000,87.125000,0.000000,0.000000,0.000000,100.000000,0.250000,ns3-simulated/trace-derived
c2-hot,热点 97/1/1/1,dst5,87.250000,87.500000,87.375000,0.000000,0.000000,0.000000,100.000000,0.250000,ns3-simulated/trace-derived
c2-hot,热点 97/1/1/1,dst5,87.500000,87.750000,87.625000,0.000000,0.000000,0.000000,100.000000,0.250000,ns3-simulated/trace-derived
c2-hot,热点 97/1/1/1,dst5,87.750000,88.000000,87.875000,0.000000,0.000000,0.000000,100.000000,0.250000,ns3-simulated/trace-derived
c2-hot,热点 97/1/1/1,dst5,88.000000,88.250000,88.125000,0.000000,0.000000,0.000000,100.000000,0.250000,ns3-simulated/trace-derived
c2-hot,热点 97/1/1/1,dst5,88.250000,88.500000,88.375000,0.000000,0.000000,0.000000,100.000000,0.250000,ns3-simulated/trace-derived
c2-hot,热点 97/1/1/1,dst5,88.500000,88.750000,88.625000,0.000000,0.000000,0.000000,100.000000,0.250000,ns3-simulated/trace-derived
c2-hot,热点 97/1/1/1,dst5,88.750000,89.000000,88.875000,0.000000,0.000000,0.000000,100.000000,0.250000,ns3-simulated/trace-derived
c2-hot,热点 97/1/1/1,dst5,89.000000,89.250000,89.125000,0.000000,0.000000,0.000000,100.000000,0.250000,ns3-simulated/trace-derived
c2-hot,热点 97/1/1/1,dst5,89.250000,89.500000,89.375000,0.000000,0.000000,0.000000,100.000000,0.250000,ns3-simulated/trace-derived
c2-hot,热点 97/1/1/1,dst5,89.500000,89.750000,89.625000,0.000000,0.000000,0.000000,100.000000,0.250000,ns3-simulated/trace-derived
c2-hot,热点 97/1/1/1,dst5,89.750000,90.000000,89.875000,0.000000,0.000000,0.000000,100.000000,0.250000,ns3-simulated/trace-derived
c2-hot,热点 97/1/1/1,dst5,90.000000,90.250000,90.125000,0.000000,0.000000,0.000000,100.000000,0.250000,ns3-simulated/trace-derived
c2-hot,热点 97/1/1/1,dst5,90.250000,90.500000,90.375000,0.000000,0.000000,0.000000,100.000000,0.250000,ns3-simulated/trace-derived
c2-hot,热点 97/1/1/1,dst5,90.500000,90.750000,90.625000,0.000000,0.000000,0.000000,100.000000,0.250000,ns3-simulated/trace-derived
c2-hot,热点 97/1/1/1,dst5,90.750000,91.000000,90.875000,0.000000,0.000000,0.000000,100.000000,0.250000,ns3-simulated/trace-derived
c2-hot,热点 97/1/1/1,dst5,91.000000,91.250000,91.125000,0.000000,0.000000,0.000000,100.000000,0.250000,ns3-simulated/trace-derived
c2-hot,热点 97/1/1/1,dst5,91.250000,91.500000,91.375000,0.000000,0.000000,0.000000,100.000000,0.250000,ns3-simulated/trace-derived
c2-hot,热点 97/1/1/1,dst5,91.500000,91.750000,91.625000,0.000000,0.000000,0.000000,100.000000,0.250000,ns3-simulated/trace-derived
c2-hot,热点 97/1/1/1,dst5,91.750000,92.000000,91.875000,0.000000,0.000000,0.000000,100.000000,0.250000,ns3-simulated/trace-derived
c2-hot,热点 97/1/1/1,dst5,92.000000,92.250000,92.125000,0.000000,0.000000,0.000000,100.000000,0.250000,ns3-simulated/trace-derived
c2-hot,热点 97/1/1/1,dst5,92.250000,92.500000,92.375000,0.000000,0.000000,0.000000,100.000000,0.250000,ns3-simulated/trace-derived
c2-hot,热点 97/1/1/1,dst5,92.500000,92.750000,92.625000,0.000000,0.000000,0.000000,100.000000,0.250000,ns3-simulated/trace-derived
c2-hot,热点 97/1/1/1,dst5,92.750000,93.000000,92.875000,0.000000,0.000000,0.000000,100.000000,0.250000,ns3-simulated/trace-derived
c2-hot,热点 97/1/1/1,dst5,93.000000,93.250000,93.125000,0.000000,0.000000,0.000000,100.000000,0.250000,ns3-simulated/trace-derived
c2-hot,热点 97/1/1/1,dst5,93.250000,93.500000,93.375000,0.000000,0.000000,0.000000,100.000000,0.250000,ns3-simulated/trace-derived
c2-hot,热点 97/1/1/1,dst5,93.500000,93.750000,93.625000,0.000000,0.000000,0.000000,100.000000,0.250000,ns3-simulated/trace-derived
c2-hot,热点 97/1/1/1,dst5,93.750000,94.000000,93.875000,0.000000,0.000000,0.000000,100.000000,0.250000,ns3-simulated/trace-derived
c2-hot,热点 97/1/1/1,dst5,94.000000,94.250000,94.125000,0.000000,0.000000,0.000000,100.000000,0.250000,ns3-simulated/trace-derived
c2-hot,热点 97/1/1/1,dst5,94.250000,94.500000,94.375000,0.000000,0.000000,0.000000,100.000000,0.250000,ns3-simulated/trace-derived
c2-hot,热点 97/1/1/1,dst5,94.500000,94.750000,94.625000,0.000000,0.000000,0.000000,100.000000,0.250000,ns3-simulated/trace-derived
c2-hot,热点 97/1/1/1,dst5,94.750000,95.000000,94.875000,0.000000,0.000000,0.000000,100.000000,0.250000,ns3-simulated/trace-derived
c2-hot,热点 97/1/1/1,dst5,95.000000,95.250000,95.125000,0.000000,0.000000,0.000000,100.000000,0.250000,ns3-simulated/trace-derived
c2-hot,热点 97/1/1/1,dst6,0.000000,0.250000,0.125000,0.000000,0.000000,0.000000,100.000000,0.250000,ns3-simulated/trace-derived
c2-hot,热点 97/1/1/1,dst6,0.250000,0.500000,0.375000,818.000000,26.176000,26.176000,100.000000,0.250000,ns3-simulated/trace-derived
c2-hot,热点 97/1/1/1,dst6,0.500000,0.750000,0.625000,3125.000000,100.000000,100.000000,100.000000,0.250000,ns3-simulated/trace-derived
c2-hot,热点 97/1/1/1,dst6,0.750000,1.000000,0.875000,1783.000000,57.056000,57.056000,100.000000,0.250000,ns3-simulated/trace-derived
c2-hot,热点 97/1/1/1,dst6,1.000000,1.250000,1.125000,2768.000000,88.576000,88.576000,100.000000,0.250000,ns3-simulated/trace-derived
c2-hot,热点 97/1/1/1,dst6,1.250000,1.500000,1.375000,2958.000000,94.656000,94.656000,100.000000,0.250000,ns3-simulated/trace-derived
c2-hot,热点 97/1/1/1,dst6,1.500000,1.750000,1.625000,0.000000,0.000000,0.000000,100.000000,0.250000,ns3-simulated/trace-derived
c2-hot,热点 97/1/1/1,dst6,1.750000,2.000000,1.875000,0.000000,0.000000,0.000000,100.000000,0.250000,ns3-simulated/trace-derived
c2-hot,热点 97/1/1/1,dst6,2.000000,2.250000,2.125000,0.000000,0.000000,0.000000,100.000000,0.250000,ns3-simulated/trace-derived
c2-hot,热点 97/1/1/1,dst6,2.250000,2.500000,2.375000,0.000000,0.000000,0.000000,100.000000,0.250000,ns3-simulated/trace-derived
c2-hot,热点 97/1/1/1,dst6,2.500000,2.750000,2.625000,0.000000,0.000000,0.000000,100.000000,0.250000,ns3-simulated/trace-derived
c2-hot,热点 97/1/1/1,dst6,2.750000,3.000000,2.875000,0.000000,0.000000,0.000000,100.000000,0.250000,ns3-simulated/trace-derived
c2-hot,热点 97/1/1/1,dst6,3.000000,3.250000,3.125000,0.000000,0.000000,0.000000,100.000000,0.250000,ns3-simulated/trace-derived
c2-hot,热点 97/1/1/1,dst6,3.250000,3.500000,3.375000,0.000000,0.000000,0.000000,100.000000,0.250000,ns3-simulated/trace-derived
c2-hot,热点 97/1/1/1,dst6,3.500000,3.750000,3.625000,0.000000,0.000000,0.000000,100.000000,0.250000,ns3-simulated/trace-derived
c2-hot,热点 97/1/1/1,dst6,3.750000,4.000000,3.875000,0.000000,0.000000,0.000000,100.000000,0.250000,ns3-simulated/trace-derived
c2-hot,热点 97/1/1/1,dst6,4.000000,4.250000,4.125000,0.000000,0.000000,0.000000,100.000000,0.250000,ns3-simulated/trace-derived
c2-hot,热点 97/1/1/1,dst6,4.250000,4.500000,4.375000,0.000000,0.000000,0.000000,100.000000,0.250000,ns3-simulated/trace-derived
c2-hot,热点 97/1/1/1,dst6,4.500000,4.750000,4.625000,0.000000,0.000000,0.000000,100.000000,0.250000,ns3-simulated/trace-derived
c2-hot,热点 97/1/1/1,dst6,4.750000,5.000000,4.875000,0.000000,0.000000,0.000000,100.000000,0.250000,ns3-simulated/trace-derived
c2-hot,热点 97/1/1/1,dst6,5.000000,5.250000,5.125000,0.000000,0.000000,0.000000,100.000000,0.250000,ns3-simulated/trace-derived
c2-hot,热点 97/1/1/1,dst6,5.250000,5.500000,5.375000,0.000000,0.000000,0.000000,100.000000,0.250000,ns3-simulated/trace-derived
c2-hot,热点 97/1/1/1,dst6,5.500000,5.750000,5.625000,0.000000,0.000000,0.000000,100.000000,0.250000,ns3-simulated/trace-derived
c2-hot,热点 97/1/1/1,dst6,5.750000,6.000000,5.875000,0.000000,0.000000,0.000000,100.000000,0.250000,ns3-simulated/trace-derived
c2-hot,热点 97/1/1/1,dst6,6.000000,6.250000,6.125000,0.000000,0.000000,0.000000,100.000000,0.250000,ns3-simulated/trace-derived
c2-hot,热点 97/1/1/1,dst6,6.250000,6.500000,6.375000,0.000000,0.000000,0.000000,100.000000,0.250000,ns3-simulated/trace-derived
c2-hot,热点 97/1/1/1,dst6,6.500000,6.750000,6.625000,0.000000,0.000000,0.000000,100.000000,0.250000,ns3-simulated/trace-derived
c2-hot,热点 97/1/1/1,dst6,6.750000,7.000000,6.875000,0.000000,0.000000,0.000000,100.000000,0.250000,ns3-simulated/trace-derived
c2-hot,热点 97/1/1/1,dst6,7.000000,7.250000,7.125000,0.000000,0.000000,0.000000,100.000000,0.250000,ns3-simulated/trace-derived
c2-hot,热点 97/1/1/1,dst6,7.250000,7.500000,7.375000,0.000000,0.000000,0.000000,100.000000,0.250000,ns3-simulated/trace-derived
c2-hot,热点 97/1/1/1,dst6,7.500000,7.750000,7.625000,0.000000,0.000000,0.000000,100.000000,0.250000,ns3-simulated/trace-derived
c2-hot,热点 97/1/1/1,dst6,7.750000,8.000000,7.875000,0.000000,0.000000,0.000000,100.000000,0.250000,ns3-simulated/trace-derived
c2-hot,热点 97/1/1/1,dst6,8.000000,8.250000,8.125000,0.000000,0.000000,0.000000,100.000000,0.250000,ns3-simulated/trace-derived
c2-hot,热点 97/1/1/1,dst6,8.250000,8.500000,8.375000,0.000000,0.000000,0.000000,100.000000,0.250000,ns3-simulated/trace-derived
c2-hot,热点 97/1/1/1,dst6,8.500000,8.750000,8.625000,0.000000,0.000000,0.000000,100.000000,0.250000,ns3-simulated/trace-derived
c2-hot,热点 97/1/1/1,dst6,8.750000,9.000000,8.875000,0.000000,0.000000,0.000000,100.000000,0.250000,ns3-simulated/trace-derived
c2-hot,热点 97/1/1/1,dst6,9.000000,9.250000,9.125000,0.000000,0.000000,0.000000,100.000000,0.250000,ns3-simulated/trace-derived
c2-hot,热点 97/1/1/1,dst6,9.250000,9.500000,9.375000,0.000000,0.000000,0.000000,100.000000,0.250000,ns3-simulated/trace-derived
c2-hot,热点 97/1/1/1,dst6,9.500000,9.750000,9.625000,0.000000,0.000000,0.000000,100.000000,0.250000,ns3-simulated/trace-derived
c2-hot,热点 97/1/1/1,dst6,9.750000,10.000000,9.875000,0.000000,0.000000,0.000000,100.000000,0.250000,ns3-simulated/trace-derived
c2-hot,热点 97/1/1/1,dst6,10.000000,10.250000,10.125000,0.000000,0.000000,0.000000,100.000000,0.250000,ns3-simulated/trace-derived
c2-hot,热点 97/1/1/1,dst6,10.250000,10.500000,10.375000,0.000000,0.000000,0.000000,100.000000,0.250000,ns3-simulated/trace-derived
c2-hot,热点 97/1/1/1,dst6,10.500000,10.750000,10.625000,0.000000,0.000000,0.000000,100.000000,0.250000,ns3-simulated/trace-derived
c2-hot,热点 97/1/1/1,dst6,10.750000,11.000000,10.875000,0.000000,0.000000,0.000000,100.000000,0.250000,ns3-simulated/trace-derived
c2-hot,热点 97/1/1/1,dst6,11.000000,11.250000,11.125000,0.000000,0.000000,0.000000,100.000000,0.250000,ns3-simulated/trace-derived
c2-hot,热点 97/1/1/1,dst6,11.250000,11.500000,11.375000,0.000000,0.000000,0.000000,100.000000,0.250000,ns3-simulated/trace-derived
c2-hot,热点 97/1/1/1,dst6,11.500000,11.750000,11.625000,0.000000,0.000000,0.000000,100.000000,0.250000,ns3-simulated/trace-derived
c2-hot,热点 97/1/1/1,dst6,11.750000,12.000000,11.875000,0.000000,0.000000,0.000000,100.000000,0.250000,ns3-simulated/trace-derived
c2-hot,热点 97/1/1/1,dst6,12.000000,12.250000,12.125000,0.000000,0.000000,0.000000,100.000000,0.250000,ns3-simulated/trace-derived
c2-hot,热点 97/1/1/1,dst6,12.250000,12.500000,12.375000,0.000000,0.000000,0.000000,100.000000,0.250000,ns3-simulated/trace-derived
c2-hot,热点 97/1/1/1,dst6,12.500000,12.750000,12.625000,0.000000,0.000000,0.000000,100.000000,0.250000,ns3-simulated/trace-derived
c2-hot,热点 97/1/1/1,dst6,12.750000,13.000000,12.875000,0.000000,0.000000,0.000000,100.000000,0.250000,ns3-simulated/trace-derived
c2-hot,热点 97/1/1/1,dst6,13.000000,13.250000,13.125000,0.000000,0.000000,0.000000,100.000000,0.250000,ns3-simulated/trace-derived
c2-hot,热点 97/1/1/1,dst6,13.250000,13.500000,13.375000,0.000000,0.000000,0.000000,100.000000,0.250000,ns3-simulated/trace-derived
c2-hot,热点 97/1/1/1,dst6,13.500000,13.750000,13.625000,0.000000,0.000000,0.000000,100.000000,0.250000,ns3-simulated/trace-derived
c2-hot,热点 97/1/1/1,dst6,13.750000,14.000000,13.875000,0.000000,0.000000,0.000000,100.000000,0.250000,ns3-simulated/trace-derived
c2-hot,热点 97/1/1/1,dst6,14.000000,14.250000,14.125000,0.000000,0.000000,0.000000,100.000000,0.250000,ns3-simulated/trace-derived
c2-hot,热点 97/1/1/1,dst6,14.250000,14.500000,14.375000,0.000000,0.000000,0.000000,100.000000,0.250000,ns3-simulated/trace-derived
c2-hot,热点 97/1/1/1,dst6,14.500000,14.750000,14.625000,0.000000,0.000000,0.000000,100.000000,0.250000,ns3-simulated/trace-derived
c2-hot,热点 97/1/1/1,dst6,14.750000,15.000000,14.875000,0.000000,0.000000,0.000000,100.000000,0.250000,ns3-simulated/trace-derived
c2-hot,热点 97/1/1/1,dst6,15.000000,15.250000,15.125000,0.000000,0.000000,0.000000,100.000000,0.250000,ns3-simulated/trace-derived
c2-hot,热点 97/1/1/1,dst6,15.250000,15.500000,15.375000,0.000000,0.000000,0.000000,100.000000,0.250000,ns3-simulated/trace-derived
c2-hot,热点 97/1/1/1,dst6,15.500000,15.750000,15.625000,0.000000,0.000000,0.000000,100.000000,0.250000,ns3-simulated/trace-derived
c2-hot,热点 97/1/1/1,dst6,15.750000,16.000000,15.875000,0.000000,0.000000,0.000000,100.000000,0.250000,ns3-simulated/trace-derived
c2-hot,热点 97/1/1/1,dst6,16.000000,16.250000,16.125000,0.000000,0.000000,0.000000,100.000000,0.250000,ns3-simulated/trace-derived
c2-hot,热点 97/1/1/1,dst6,16.250000,16.500000,16.375000,0.000000,0.000000,0.000000,100.000000,0.250000,ns3-simulated/trace-derived
c2-hot,热点 97/1/1/1,dst6,16.500000,16.750000,16.625000,0.000000,0.000000,0.000000,100.000000,0.250000,ns3-simulated/trace-derived
c2-hot,热点 97/1/1/1,dst6,16.750000,17.000000,16.875000,0.000000,0.000000,0.000000,100.000000,0.250000,ns3-simulated/trace-derived
c2-hot,热点 97/1/1/1,dst6,17.000000,17.250000,17.125000,0.000000,0.000000,0.000000,100.000000,0.250000,ns3-simulated/trace-derived
c2-hot,热点 97/1/1/1,dst6,17.250000,17.500000,17.375000,0.000000,0.000000,0.000000,100.000000,0.250000,ns3-simulated/trace-derived
c2-hot,热点 97/1/1/1,dst6,17.500000,17.750000,17.625000,0.000000,0.000000,0.000000,100.000000,0.250000,ns3-simulated/trace-derived
c2-hot,热点 97/1/1/1,dst6,17.750000,18.000000,17.875000,0.000000,0.000000,0.000000,100.000000,0.250000,ns3-simulated/trace-derived
c2-hot,热点 97/1/1/1,dst6,18.000000,18.250000,18.125000,0.000000,0.000000,0.000000,100.000000,0.250000,ns3-simulated/trace-derived
c2-hot,热点 97/1/1/1,dst6,18.250000,18.500000,18.375000,0.000000,0.000000,0.000000,100.000000,0.250000,ns3-simulated/trace-derived
c2-hot,热点 97/1/1/1,dst6,18.500000,18.750000,18.625000,0.000000,0.000000,0.000000,100.000000,0.250000,ns3-simulated/trace-derived
c2-hot,热点 97/1/1/1,dst6,18.750000,19.000000,18.875000,0.000000,0.000000,0.000000,100.000000,0.250000,ns3-simulated/trace-derived
c2-hot,热点 97/1/1/1,dst6,19.000000,19.250000,19.125000,0.000000,0.000000,0.000000,100.000000,0.250000,ns3-simulated/trace-derived
c2-hot,热点 97/1/1/1,dst6,19.250000,19.500000,19.375000,0.000000,0.000000,0.000000,100.000000,0.250000,ns3-simulated/trace-derived
c2-hot,热点 97/1/1/1,dst6,19.500000,19.750000,19.625000,0.000000,0.000000,0.000000,100.000000,0.250000,ns3-simulated/trace-derived
c2-hot,热点 97/1/1/1,dst6,19.750000,20.000000,19.875000,0.000000,0.000000,0.000000,100.000000,0.250000,ns3-simulated/trace-derived
c2-hot,热点 97/1/1/1,dst6,20.000000,20.250000,20.125000,0.000000,0.000000,0.000000,100.000000,0.250000,ns3-simulated/trace-derived
c2-hot,热点 97/1/1/1,dst6,20.250000,20.500000,20.375000,0.000000,0.000000,0.000000,100.000000,0.250000,ns3-simulated/trace-derived
c2-hot,热点 97/1/1/1,dst6,20.500000,20.750000,20.625000,0.000000,0.000000,0.000000,100.000000,0.250000,ns3-simulated/trace-derived
c2-hot,热点 97/1/1/1,dst6,20.750000,21.000000,20.875000,0.000000,0.000000,0.000000,100.000000,0.250000,ns3-simulated/trace-derived
c2-hot,热点 97/1/1/1,dst6,21.000000,21.250000,21.125000,0.000000,0.000000,0.000000,100.000000,0.250000,ns3-simulated/trace-derived
c2-hot,热点 97/1/1/1,dst6,21.250000,21.500000,21.375000,0.000000,0.000000,0.000000,100.000000,0.250000,ns3-simulated/trace-derived
c2-hot,热点 97/1/1/1,dst6,21.500000,21.750000,21.625000,0.000000,0.000000,0.000000,100.000000,0.250000,ns3-simulated/trace-derived
c2-hot,热点 97/1/1/1,dst6,21.750000,22.000000,21.875000,0.000000,0.000000,0.000000,100.000000,0.250000,ns3-simulated/trace-derived
c2-hot,热点 97/1/1/1,dst6,22.000000,22.250000,22.125000,0.000000,0.000000,0.000000,100.000000,0.250000,ns3-simulated/trace-derived
c2-hot,热点 97/1/1/1,dst6,22.250000,22.500000,22.375000,0.000000,0.000000,0.000000,100.000000,0.250000,ns3-simulated/trace-derived
c2-hot,热点 97/1/1/1,dst6,22.500000,22.750000,22.625000,0.000000,0.000000,0.000000,100.000000,0.250000,ns3-simulated/trace-derived
c2-hot,热点 97/1/1/1,dst6,22.750000,23.000000,22.875000,0.000000,0.000000,0.000000,100.000000,0.250000,ns3-simulated/trace-derived
c2-hot,热点 97/1/1/1,dst6,23.000000,23.250000,23.125000,0.000000,0.000000,0.000000,100.000000,0.250000,ns3-simulated/trace-derived
c2-hot,热点 97/1/1/1,dst6,23.250000,23.500000,23.375000,0.000000,0.000000,0.000000,100.000000,0.250000,ns3-simulated/trace-derived
c2-hot,热点 97/1/1/1,dst6,23.500000,23.750000,23.625000,0.000000,0.000000,0.000000,100.000000,0.250000,ns3-simulated/trace-derived
c2-hot,热点 97/1/1/1,dst6,23.750000,24.000000,23.875000,0.000000,0.000000,0.000000,100.000000,0.250000,ns3-simulated/trace-derived
c2-hot,热点 97/1/1/1,dst6,24.000000,24.250000,24.125000,0.000000,0.000000,0.000000,100.000000,0.250000,ns3-simulated/trace-derived
c2-hot,热点 97/1/1/1,dst6,24.250000,24.500000,24.375000,0.000000,0.000000,0.000000,100.000000,0.250000,ns3-simulated/trace-derived
c2-hot,热点 97/1/1/1,dst6,24.500000,24.750000,24.625000,0.000000,0.000000,0.000000,100.000000,0.250000,ns3-simulated/trace-derived
c2-hot,热点 97/1/1/1,dst6,24.750000,25.000000,24.875000,0.000000,0.000000,0.000000,100.000000,0.250000,ns3-simulated/trace-derived
c2-hot,热点 97/1/1/1,dst6,25.000000,25.250000,25.125000,0.000000,0.000000,0.000000,100.000000,0.250000,ns3-simulated/trace-derived
c2-hot,热点 97/1/1/1,dst6,25.250000,25.500000,25.375000,0.000000,0.000000,0.000000,100.000000,0.250000,ns3-simulated/trace-derived
c2-hot,热点 97/1/1/1,dst6,25.500000,25.750000,25.625000,0.000000,0.000000,0.000000,100.000000,0.250000,ns3-simulated/trace-derived
c2-hot,热点 97/1/1/1,dst6,25.750000,26.000000,25.875000,0.000000,0.000000,0.000000,100.000000,0.250000,ns3-simulated/trace-derived
c2-hot,热点 97/1/1/1,dst6,26.000000,26.250000,26.125000,0.000000,0.000000,0.000000,100.000000,0.250000,ns3-simulated/trace-derived
c2-hot,热点 97/1/1/1,dst6,26.250000,26.500000,26.375000,0.000000,0.000000,0.000000,100.000000,0.250000,ns3-simulated/trace-derived
c2-hot,热点 97/1/1/1,dst6,26.500000,26.750000,26.625000,0.000000,0.000000,0.000000,100.000000,0.250000,ns3-simulated/trace-derived
c2-hot,热点 97/1/1/1,dst6,26.750000,27.000000,26.875000,0.000000,0.000000,0.000000,100.000000,0.250000,ns3-simulated/trace-derived
c2-hot,热点 97/1/1/1,dst6,27.000000,27.250000,27.125000,0.000000,0.000000,0.000000,100.000000,0.250000,ns3-simulated/trace-derived
c2-hot,热点 97/1/1/1,dst6,27.250000,27.500000,27.375000,0.000000,0.000000,0.000000,100.000000,0.250000,ns3-simulated/trace-derived
c2-hot,热点 97/1/1/1,dst6,27.500000,27.750000,27.625000,0.000000,0.000000,0.000000,100.000000,0.250000,ns3-simulated/trace-derived
c2-hot,热点 97/1/1/1,dst6,27.750000,28.000000,27.875000,0.000000,0.000000,0.000000,100.000000,0.250000,ns3-simulated/trace-derived
c2-hot,热点 97/1/1/1,dst6,28.000000,28.250000,28.125000,0.000000,0.000000,0.000000,100.000000,0.250000,ns3-simulated/trace-derived
c2-hot,热点 97/1/1/1,dst6,28.250000,28.500000,28.375000,0.000000,0.000000,0.000000,100.000000,0.250000,ns3-simulated/trace-derived
c2-hot,热点 97/1/1/1,dst6,28.500000,28.750000,28.625000,0.000000,0.000000,0.000000,100.000000,0.250000,ns3-simulated/trace-derived
c2-hot,热点 97/1/1/1,dst6,28.750000,29.000000,28.875000,0.000000,0.000000,0.000000,100.000000,0.250000,ns3-simulated/trace-derived
c2-hot,热点 97/1/1/1,dst6,29.000000,29.250000,29.125000,0.000000,0.000000,0.000000,100.000000,0.250000,ns3-simulated/trace-derived
c2-hot,热点 97/1/1/1,dst6,29.250000,29.500000,29.375000,0.000000,0.000000,0.000000,100.000000,0.250000,ns3-simulated/trace-derived
c2-hot,热点 97/1/1/1,dst6,29.500000,29.750000,29.625000,0.000000,0.000000,0.000000,100.000000,0.250000,ns3-simulated/trace-derived
c2-hot,热点 97/1/1/1,dst6,29.750000,30.000000,29.875000,0.000000,0.000000,0.000000,100.000000,0.250000,ns3-simulated/trace-derived
c2-hot,热点 97/1/1/1,dst6,30.000000,30.250000,30.125000,0.000000,0.000000,0.000000,100.000000,0.250000,ns3-simulated/trace-derived
c2-hot,热点 97/1/1/1,dst6,30.250000,30.500000,30.375000,0.000000,0.000000,0.000000,100.000000,0.250000,ns3-simulated/trace-derived
c2-hot,热点 97/1/1/1,dst6,30.500000,30.750000,30.625000,0.000000,0.000000,0.000000,100.000000,0.250000,ns3-simulated/trace-derived
c2-hot,热点 97/1/1/1,dst6,30.750000,31.000000,30.875000,0.000000,0.000000,0.000000,100.000000,0.250000,ns3-simulated/trace-derived
c2-hot,热点 97/1/1/1,dst6,31.000000,31.250000,31.125000,0.000000,0.000000,0.000000,100.000000,0.250000,ns3-simulated/trace-derived
c2-hot,热点 97/1/1/1,dst6,31.250000,31.500000,31.375000,0.000000,0.000000,0.000000,100.000000,0.250000,ns3-simulated/trace-derived
c2-hot,热点 97/1/1/1,dst6,31.500000,31.750000,31.625000,0.000000,0.000000,0.000000,100.000000,0.250000,ns3-simulated/trace-derived
c2-hot,热点 97/1/1/1,dst6,31.750000,32.000000,31.875000,0.000000,0.000000,0.000000,100.000000,0.250000,ns3-simulated/trace-derived
c2-hot,热点 97/1/1/1,dst6,32.000000,32.250000,32.125000,0.000000,0.000000,0.000000,100.000000,0.250000,ns3-simulated/trace-derived
c2-hot,热点 97/1/1/1,dst6,32.250000,32.500000,32.375000,0.000000,0.000000,0.000000,100.000000,0.250000,ns3-simulated/trace-derived
c2-hot,热点 97/1/1/1,dst6,32.500000,32.750000,32.625000,0.000000,0.000000,0.000000,100.000000,0.250000,ns3-simulated/trace-derived
c2-hot,热点 97/1/1/1,dst6,32.750000,33.000000,32.875000,0.000000,0.000000,0.000000,100.000000,0.250000,ns3-simulated/trace-derived
c2-hot,热点 97/1/1/1,dst6,33.000000,33.250000,33.125000,0.000000,0.000000,0.000000,100.000000,0.250000,ns3-simulated/trace-derived
c2-hot,热点 97/1/1/1,dst6,33.250000,33.500000,33.375000,0.000000,0.000000,0.000000,100.000000,0.250000,ns3-simulated/trace-derived
c2-hot,热点 97/1/1/1,dst6,33.500000,33.750000,33.625000,0.000000,0.000000,0.000000,100.000000,0.250000,ns3-simulated/trace-derived
c2-hot,热点 97/1/1/1,dst6,33.750000,34.000000,33.875000,0.000000,0.000000,0.000000,100.000000,0.250000,ns3-simulated/trace-derived
c2-hot,热点 97/1/1/1,dst6,34.000000,34.250000,34.125000,0.000000,0.000000,0.000000,100.000000,0.250000,ns3-simulated/trace-derived
c2-hot,热点 97/1/1/1,dst6,34.250000,34.500000,34.375000,0.000000,0.000000,0.000000,100.000000,0.250000,ns3-simulated/trace-derived
c2-hot,热点 97/1/1/1,dst6,34.500000,34.750000,34.625000,0.000000,0.000000,0.000000,100.000000,0.250000,ns3-simulated/trace-derived
c2-hot,热点 97/1/1/1,dst6,34.750000,35.000000,34.875000,0.000000,0.000000,0.000000,100.000000,0.250000,ns3-simulated/trace-derived
c2-hot,热点 97/1/1/1,dst6,35.000000,35.250000,35.125000,0.000000,0.000000,0.000000,100.000000,0.250000,ns3-simulated/trace-derived
c2-hot,热点 97/1/1/1,dst6,35.250000,35.500000,35.375000,0.000000,0.000000,0.000000,100.000000,0.250000,ns3-simulated/trace-derived
c2-hot,热点 97/1/1/1,dst6,35.500000,35.750000,35.625000,0.000000,0.000000,0.000000,100.000000,0.250000,ns3-simulated/trace-derived
c2-hot,热点 97/1/1/1,dst6,35.750000,36.000000,35.875000,0.000000,0.000000,0.000000,100.000000,0.250000,ns3-simulated/trace-derived
c2-hot,热点 97/1/1/1,dst6,36.000000,36.250000,36.125000,0.000000,0.000000,0.000000,100.000000,0.250000,ns3-simulated/trace-derived
c2-hot,热点 97/1/1/1,dst6,36.250000,36.500000,36.375000,0.000000,0.000000,0.000000,100.000000,0.250000,ns3-simulated/trace-derived
c2-hot,热点 97/1/1/1,dst6,36.500000,36.750000,36.625000,0.000000,0.000000,0.000000,100.000000,0.250000,ns3-simulated/trace-derived
c2-hot,热点 97/1/1/1,dst6,36.750000,37.000000,36.875000,0.000000,0.000000,0.000000,100.000000,0.250000,ns3-simulated/trace-derived
c2-hot,热点 97/1/1/1,dst6,37.000000,37.250000,37.125000,0.000000,0.000000,0.000000,100.000000,0.250000,ns3-simulated/trace-derived
c2-hot,热点 97/1/1/1,dst6,37.250000,37.500000,37.375000,0.000000,0.000000,0.000000,100.000000,0.250000,ns3-simulated/trace-derived
c2-hot,热点 97/1/1/1,dst6,37.500000,37.750000,37.625000,0.000000,0.000000,0.000000,100.000000,0.250000,ns3-simulated/trace-derived
c2-hot,热点 97/1/1/1,dst6,37.750000,38.000000,37.875000,0.000000,0.000000,0.000000,100.000000,0.250000,ns3-simulated/trace-derived
c2-hot,热点 97/1/1/1,dst6,38.000000,38.250000,38.125000,0.000000,0.000000,0.000000,100.000000,0.250000,ns3-simulated/trace-derived
c2-hot,热点 97/1/1/1,dst6,38.250000,38.500000,38.375000,0.000000,0.000000,0.000000,100.000000,0.250000,ns3-simulated/trace-derived
c2-hot,热点 97/1/1/1,dst6,38.500000,38.750000,38.625000,0.000000,0.000000,0.000000,100.000000,0.250000,ns3-simulated/trace-derived
c2-hot,热点 97/1/1/1,dst6,38.750000,39.000000,38.875000,0.000000,0.000000,0.000000,100.000000,0.250000,ns3-simulated/trace-derived
c2-hot,热点 97/1/1/1,dst6,39.000000,39.250000,39.125000,0.000000,0.000000,0.000000,100.000000,0.250000,ns3-simulated/trace-derived
c2-hot,热点 97/1/1/1,dst6,39.250000,39.500000,39.375000,0.000000,0.000000,0.000000,100.000000,0.250000,ns3-simulated/trace-derived
c2-hot,热点 97/1/1/1,dst6,39.500000,39.750000,39.625000,0.000000,0.000000,0.000000,100.000000,0.250000,ns3-simulated/trace-derived
c2-hot,热点 97/1/1/1,dst6,39.750000,40.000000,39.875000,0.000000,0.000000,0.000000,100.000000,0.250000,ns3-simulated/trace-derived
c2-hot,热点 97/1/1/1,dst6,40.000000,40.250000,40.125000,0.000000,0.000000,0.000000,100.000000,0.250000,ns3-simulated/trace-derived
c2-hot,热点 97/1/1/1,dst6,40.250000,40.500000,40.375000,0.000000,0.000000,0.000000,100.000000,0.250000,ns3-simulated/trace-derived
c2-hot,热点 97/1/1/1,dst6,40.500000,40.750000,40.625000,0.000000,0.000000,0.000000,100.000000,0.250000,ns3-simulated/trace-derived
c2-hot,热点 97/1/1/1,dst6,40.750000,41.000000,40.875000,0.000000,0.000000,0.000000,100.000000,0.250000,ns3-simulated/trace-derived
c2-hot,热点 97/1/1/1,dst6,41.000000,41.250000,41.125000,0.000000,0.000000,0.000000,100.000000,0.250000,ns3-simulated/trace-derived
c2-hot,热点 97/1/1/1,dst6,41.250000,41.500000,41.375000,0.000000,0.000000,0.000000,100.000000,0.250000,ns3-simulated/trace-derived
c2-hot,热点 97/1/1/1,dst6,41.500000,41.750000,41.625000,0.000000,0.000000,0.000000,100.000000,0.250000,ns3-simulated/trace-derived
c2-hot,热点 97/1/1/1,dst6,41.750000,42.000000,41.875000,0.000000,0.000000,0.000000,100.000000,0.250000,ns3-simulated/trace-derived
c2-hot,热点 97/1/1/1,dst6,42.000000,42.250000,42.125000,0.000000,0.000000,0.000000,100.000000,0.250000,ns3-simulated/trace-derived
c2-hot,热点 97/1/1/1,dst6,42.250000,42.500000,42.375000,0.000000,0.000000,0.000000,100.000000,0.250000,ns3-simulated/trace-derived
c2-hot,热点 97/1/1/1,dst6,42.500000,42.750000,42.625000,0.000000,0.000000,0.000000,100.000000,0.250000,ns3-simulated/trace-derived
c2-hot,热点 97/1/1/1,dst6,42.750000,43.000000,42.875000,0.000000,0.000000,0.000000,100.000000,0.250000,ns3-simulated/trace-derived
c2-hot,热点 97/1/1/1,dst6,43.000000,43.250000,43.125000,0.000000,0.000000,0.000000,100.000000,0.250000,ns3-simulated/trace-derived
c2-hot,热点 97/1/1/1,dst6,43.250000,43.500000,43.375000,0.000000,0.000000,0.000000,100.000000,0.250000,ns3-simulated/trace-derived
c2-hot,热点 97/1/1/1,dst6,43.500000,43.750000,43.625000,0.000000,0.000000,0.000000,100.000000,0.250000,ns3-simulated/trace-derived
c2-hot,热点 97/1/1/1,dst6,43.750000,44.000000,43.875000,0.000000,0.000000,0.000000,100.000000,0.250000,ns3-simulated/trace-derived
c2-hot,热点 97/1/1/1,dst6,44.000000,44.250000,44.125000,0.000000,0.000000,0.000000,100.000000,0.250000,ns3-simulated/trace-derived
c2-hot,热点 97/1/1/1,dst6,44.250000,44.500000,44.375000,0.000000,0.000000,0.000000,100.000000,0.250000,ns3-simulated/trace-derived
c2-hot,热点 97/1/1/1,dst6,44.500000,44.750000,44.625000,0.000000,0.000000,0.000000,100.000000,0.250000,ns3-simulated/trace-derived
c2-hot,热点 97/1/1/1,dst6,44.750000,45.000000,44.875000,0.000000,0.000000,0.000000,100.000000,0.250000,ns3-simulated/trace-derived
c2-hot,热点 97/1/1/1,dst6,45.000000,45.250000,45.125000,0.000000,0.000000,0.000000,100.000000,0.250000,ns3-simulated/trace-derived
c2-hot,热点 97/1/1/1,dst6,45.250000,45.500000,45.375000,0.000000,0.000000,0.000000,100.000000,0.250000,ns3-simulated/trace-derived
c2-hot,热点 97/1/1/1,dst6,45.500000,45.750000,45.625000,0.000000,0.000000,0.000000,100.000000,0.250000,ns3-simulated/trace-derived
c2-hot,热点 97/1/1/1,dst6,45.750000,46.000000,45.875000,0.000000,0.000000,0.000000,100.000000,0.250000,ns3-simulated/trace-derived
c2-hot,热点 97/1/1/1,dst6,46.000000,46.250000,46.125000,0.000000,0.000000,0.000000,100.000000,0.250000,ns3-simulated/trace-derived
c2-hot,热点 97/1/1/1,dst6,46.250000,46.500000,46.375000,0.000000,0.000000,0.000000,100.000000,0.250000,ns3-simulated/trace-derived
c2-hot,热点 97/1/1/1,dst6,46.500000,46.750000,46.625000,0.000000,0.000000,0.000000,100.000000,0.250000,ns3-simulated/trace-derived
c2-hot,热点 97/1/1/1,dst6,46.750000,47.000000,46.875000,0.000000,0.000000,0.000000,100.000000,0.250000,ns3-simulated/trace-derived
c2-hot,热点 97/1/1/1,dst6,47.000000,47.250000,47.125000,0.000000,0.000000,0.000000,100.000000,0.250000,ns3-simulated/trace-derived
c2-hot,热点 97/1/1/1,dst6,47.250000,47.500000,47.375000,0.000000,0.000000,0.000000,100.000000,0.250000,ns3-simulated/trace-derived
c2-hot,热点 97/1/1/1,dst6,47.500000,47.750000,47.625000,0.000000,0.000000,0.000000,100.000000,0.250000,ns3-simulated/trace-derived
c2-hot,热点 97/1/1/1,dst6,47.750000,48.000000,47.875000,0.000000,0.000000,0.000000,100.000000,0.250000,ns3-simulated/trace-derived
c2-hot,热点 97/1/1/1,dst6,48.000000,48.250000,48.125000,0.000000,0.000000,0.000000,100.000000,0.250000,ns3-simulated/trace-derived
c2-hot,热点 97/1/1/1,dst6,48.250000,48.500000,48.375000,0.000000,0.000000,0.000000,100.000000,0.250000,ns3-simulated/trace-derived
c2-hot,热点 97/1/1/1,dst6,48.500000,48.750000,48.625000,0.000000,0.000000,0.000000,100.000000,0.250000,ns3-simulated/trace-derived
c2-hot,热点 97/1/1/1,dst6,48.750000,49.000000,48.875000,0.000000,0.000000,0.000000,100.000000,0.250000,ns3-simulated/trace-derived
c2-hot,热点 97/1/1/1,dst6,49.000000,49.250000,49.125000,0.000000,0.000000,0.000000,100.000000,0.250000,ns3-simulated/trace-derived
c2-hot,热点 97/1/1/1,dst6,49.250000,49.500000,49.375000,0.000000,0.000000,0.000000,100.000000,0.250000,ns3-simulated/trace-derived
c2-hot,热点 97/1/1/1,dst6,49.500000,49.750000,49.625000,0.000000,0.000000,0.000000,100.000000,0.250000,ns3-simulated/trace-derived
c2-hot,热点 97/1/1/1,dst6,49.750000,50.000000,49.875000,0.000000,0.000000,0.000000,100.000000,0.250000,ns3-simulated/trace-derived
c2-hot,热点 97/1/1/1,dst6,50.000000,50.250000,50.125000,0.000000,0.000000,0.000000,100.000000,0.250000,ns3-simulated/trace-derived
c2-hot,热点 97/1/1/1,dst6,50.250000,50.500000,50.375000,0.000000,0.000000,0.000000,100.000000,0.250000,ns3-simulated/trace-derived
c2-hot,热点 97/1/1/1,dst6,50.500000,50.750000,50.625000,0.000000,0.000000,0.000000,100.000000,0.250000,ns3-simulated/trace-derived
c2-hot,热点 97/1/1/1,dst6,50.750000,51.000000,50.875000,0.000000,0.000000,0.000000,100.000000,0.250000,ns3-simulated/trace-derived
c2-hot,热点 97/1/1/1,dst6,51.000000,51.250000,51.125000,0.000000,0.000000,0.000000,100.000000,0.250000,ns3-simulated/trace-derived
c2-hot,热点 97/1/1/1,dst6,51.250000,51.500000,51.375000,0.000000,0.000000,0.000000,100.000000,0.250000,ns3-simulated/trace-derived
c2-hot,热点 97/1/1/1,dst6,51.500000,51.750000,51.625000,0.000000,0.000000,0.000000,100.000000,0.250000,ns3-simulated/trace-derived
c2-hot,热点 97/1/1/1,dst6,51.750000,52.000000,51.875000,0.000000,0.000000,0.000000,100.000000,0.250000,ns3-simulated/trace-derived
c2-hot,热点 97/1/1/1,dst6,52.000000,52.250000,52.125000,0.000000,0.000000,0.000000,100.000000,0.250000,ns3-simulated/trace-derived
c2-hot,热点 97/1/1/1,dst6,52.250000,52.500000,52.375000,0.000000,0.000000,0.000000,100.000000,0.250000,ns3-simulated/trace-derived
c2-hot,热点 97/1/1/1,dst6,52.500000,52.750000,52.625000,0.000000,0.000000,0.000000,100.000000,0.250000,ns3-simulated/trace-derived
c2-hot,热点 97/1/1/1,dst6,52.750000,53.000000,52.875000,0.000000,0.000000,0.000000,100.000000,0.250000,ns3-simulated/trace-derived
c2-hot,热点 97/1/1/1,dst6,53.000000,53.250000,53.125000,0.000000,0.000000,0.000000,100.000000,0.250000,ns3-simulated/trace-derived
c2-hot,热点 97/1/1/1,dst6,53.250000,53.500000,53.375000,0.000000,0.000000,0.000000,100.000000,0.250000,ns3-simulated/trace-derived
c2-hot,热点 97/1/1/1,dst6,53.500000,53.750000,53.625000,0.000000,0.000000,0.000000,100.000000,0.250000,ns3-simulated/trace-derived
c2-hot,热点 97/1/1/1,dst6,53.750000,54.000000,53.875000,0.000000,0.000000,0.000000,100.000000,0.250000,ns3-simulated/trace-derived
c2-hot,热点 97/1/1/1,dst6,54.000000,54.250000,54.125000,0.000000,0.000000,0.000000,100.000000,0.250000,ns3-simulated/trace-derived
c2-hot,热点 97/1/1/1,dst6,54.250000,54.500000,54.375000,0.000000,0.000000,0.000000,100.000000,0.250000,ns3-simulated/trace-derived
c2-hot,热点 97/1/1/1,dst6,54.500000,54.750000,54.625000,0.000000,0.000000,0.000000,100.000000,0.250000,ns3-simulated/trace-derived
c2-hot,热点 97/1/1/1,dst6,54.750000,55.000000,54.875000,0.000000,0.000000,0.000000,100.000000,0.250000,ns3-simulated/trace-derived
c2-hot,热点 97/1/1/1,dst6,55.000000,55.250000,55.125000,0.000000,0.000000,0.000000,100.000000,0.250000,ns3-simulated/trace-derived
c2-hot,热点 97/1/1/1,dst6,55.250000,55.500000,55.375000,0.000000,0.000000,0.000000,100.000000,0.250000,ns3-simulated/trace-derived
c2-hot,热点 97/1/1/1,dst6,55.500000,55.750000,55.625000,0.000000,0.000000,0.000000,100.000000,0.250000,ns3-simulated/trace-derived
c2-hot,热点 97/1/1/1,dst6,55.750000,56.000000,55.875000,0.000000,0.000000,0.000000,100.000000,0.250000,ns3-simulated/trace-derived
c2-hot,热点 97/1/1/1,dst6,56.000000,56.250000,56.125000,0.000000,0.000000,0.000000,100.000000,0.250000,ns3-simulated/trace-derived
c2-hot,热点 97/1/1/1,dst6,56.250000,56.500000,56.375000,0.000000,0.000000,0.000000,100.000000,0.250000,ns3-simulated/trace-derived
c2-hot,热点 97/1/1/1,dst6,56.500000,56.750000,56.625000,0.000000,0.000000,0.000000,100.000000,0.250000,ns3-simulated/trace-derived
c2-hot,热点 97/1/1/1,dst6,56.750000,57.000000,56.875000,0.000000,0.000000,0.000000,100.000000,0.250000,ns3-simulated/trace-derived
c2-hot,热点 97/1/1/1,dst6,57.000000,57.250000,57.125000,0.000000,0.000000,0.000000,100.000000,0.250000,ns3-simulated/trace-derived
c2-hot,热点 97/1/1/1,dst6,57.250000,57.500000,57.375000,0.000000,0.000000,0.000000,100.000000,0.250000,ns3-simulated/trace-derived
c2-hot,热点 97/1/1/1,dst6,57.500000,57.750000,57.625000,0.000000,0.000000,0.000000,100.000000,0.250000,ns3-simulated/trace-derived
c2-hot,热点 97/1/1/1,dst6,57.750000,58.000000,57.875000,0.000000,0.000000,0.000000,100.000000,0.250000,ns3-simulated/trace-derived
c2-hot,热点 97/1/1/1,dst6,58.000000,58.250000,58.125000,0.000000,0.000000,0.000000,100.000000,0.250000,ns3-simulated/trace-derived
c2-hot,热点 97/1/1/1,dst6,58.250000,58.500000,58.375000,0.000000,0.000000,0.000000,100.000000,0.250000,ns3-simulated/trace-derived
c2-hot,热点 97/1/1/1,dst6,58.500000,58.750000,58.625000,0.000000,0.000000,0.000000,100.000000,0.250000,ns3-simulated/trace-derived
c2-hot,热点 97/1/1/1,dst6,58.750000,59.000000,58.875000,0.000000,0.000000,0.000000,100.000000,0.250000,ns3-simulated/trace-derived
c2-hot,热点 97/1/1/1,dst6,59.000000,59.250000,59.125000,0.000000,0.000000,0.000000,100.000000,0.250000,ns3-simulated/trace-derived
c2-hot,热点 97/1/1/1,dst6,59.250000,59.500000,59.375000,0.000000,0.000000,0.000000,100.000000,0.250000,ns3-simulated/trace-derived
c2-hot,热点 97/1/1/1,dst6,59.500000,59.750000,59.625000,0.000000,0.000000,0.000000,100.000000,0.250000,ns3-simulated/trace-derived
c2-hot,热点 97/1/1/1,dst6,59.750000,60.000000,59.875000,0.000000,0.000000,0.000000,100.000000,0.250000,ns3-simulated/trace-derived
c2-hot,热点 97/1/1/1,dst6,60.000000,60.250000,60.125000,0.000000,0.000000,0.000000,100.000000,0.250000,ns3-simulated/trace-derived
c2-hot,热点 97/1/1/1,dst6,60.250000,60.500000,60.375000,0.000000,0.000000,0.000000,100.000000,0.250000,ns3-simulated/trace-derived
c2-hot,热点 97/1/1/1,dst6,60.500000,60.750000,60.625000,0.000000,0.000000,0.000000,100.000000,0.250000,ns3-simulated/trace-derived
c2-hot,热点 97/1/1/1,dst6,60.750000,61.000000,60.875000,0.000000,0.000000,0.000000,100.000000,0.250000,ns3-simulated/trace-derived
c2-hot,热点 97/1/1/1,dst6,61.000000,61.250000,61.125000,0.000000,0.000000,0.000000,100.000000,0.250000,ns3-simulated/trace-derived
c2-hot,热点 97/1/1/1,dst6,61.250000,61.500000,61.375000,0.000000,0.000000,0.000000,100.000000,0.250000,ns3-simulated/trace-derived
c2-hot,热点 97/1/1/1,dst6,61.500000,61.750000,61.625000,0.000000,0.000000,0.000000,100.000000,0.250000,ns3-simulated/trace-derived
c2-hot,热点 97/1/1/1,dst6,61.750000,62.000000,61.875000,0.000000,0.000000,0.000000,100.000000,0.250000,ns3-simulated/trace-derived
c2-hot,热点 97/1/1/1,dst6,62.000000,62.250000,62.125000,0.000000,0.000000,0.000000,100.000000,0.250000,ns3-simulated/trace-derived
c2-hot,热点 97/1/1/1,dst6,62.250000,62.500000,62.375000,0.000000,0.000000,0.000000,100.000000,0.250000,ns3-simulated/trace-derived
c2-hot,热点 97/1/1/1,dst6,62.500000,62.750000,62.625000,0.000000,0.000000,0.000000,100.000000,0.250000,ns3-simulated/trace-derived
c2-hot,热点 97/1/1/1,dst6,62.750000,63.000000,62.875000,0.000000,0.000000,0.000000,100.000000,0.250000,ns3-simulated/trace-derived
c2-hot,热点 97/1/1/1,dst6,63.000000,63.250000,63.125000,0.000000,0.000000,0.000000,100.000000,0.250000,ns3-simulated/trace-derived
c2-hot,热点 97/1/1/1,dst6,63.250000,63.500000,63.375000,0.000000,0.000000,0.000000,100.000000,0.250000,ns3-simulated/trace-derived
c2-hot,热点 97/1/1/1,dst6,63.500000,63.750000,63.625000,0.000000,0.000000,0.000000,100.000000,0.250000,ns3-simulated/trace-derived
c2-hot,热点 97/1/1/1,dst6,63.750000,64.000000,63.875000,0.000000,0.000000,0.000000,100.000000,0.250000,ns3-simulated/trace-derived
c2-hot,热点 97/1/1/1,dst6,64.000000,64.250000,64.125000,0.000000,0.000000,0.000000,100.000000,0.250000,ns3-simulated/trace-derived
c2-hot,热点 97/1/1/1,dst6,64.250000,64.500000,64.375000,0.000000,0.000000,0.000000,100.000000,0.250000,ns3-simulated/trace-derived
c2-hot,热点 97/1/1/1,dst6,64.500000,64.750000,64.625000,0.000000,0.000000,0.000000,100.000000,0.250000,ns3-simulated/trace-derived
c2-hot,热点 97/1/1/1,dst6,64.750000,65.000000,64.875000,0.000000,0.000000,0.000000,100.000000,0.250000,ns3-simulated/trace-derived
c2-hot,热点 97/1/1/1,dst6,65.000000,65.250000,65.125000,0.000000,0.000000,0.000000,100.000000,0.250000,ns3-simulated/trace-derived
c2-hot,热点 97/1/1/1,dst6,65.250000,65.500000,65.375000,0.000000,0.000000,0.000000,100.000000,0.250000,ns3-simulated/trace-derived
c2-hot,热点 97/1/1/1,dst6,65.500000,65.750000,65.625000,0.000000,0.000000,0.000000,100.000000,0.250000,ns3-simulated/trace-derived
c2-hot,热点 97/1/1/1,dst6,65.750000,66.000000,65.875000,0.000000,0.000000,0.000000,100.000000,0.250000,ns3-simulated/trace-derived
c2-hot,热点 97/1/1/1,dst6,66.000000,66.250000,66.125000,0.000000,0.000000,0.000000,100.000000,0.250000,ns3-simulated/trace-derived
c2-hot,热点 97/1/1/1,dst6,66.250000,66.500000,66.375000,0.000000,0.000000,0.000000,100.000000,0.250000,ns3-simulated/trace-derived
c2-hot,热点 97/1/1/1,dst6,66.500000,66.750000,66.625000,0.000000,0.000000,0.000000,100.000000,0.250000,ns3-simulated/trace-derived
c2-hot,热点 97/1/1/1,dst6,66.750000,67.000000,66.875000,0.000000,0.000000,0.000000,100.000000,0.250000,ns3-simulated/trace-derived
c2-hot,热点 97/1/1/1,dst6,67.000000,67.250000,67.125000,0.000000,0.000000,0.000000,100.000000,0.250000,ns3-simulated/trace-derived
c2-hot,热点 97/1/1/1,dst6,67.250000,67.500000,67.375000,0.000000,0.000000,0.000000,100.000000,0.250000,ns3-simulated/trace-derived
c2-hot,热点 97/1/1/1,dst6,67.500000,67.750000,67.625000,0.000000,0.000000,0.000000,100.000000,0.250000,ns3-simulated/trace-derived
c2-hot,热点 97/1/1/1,dst6,67.750000,68.000000,67.875000,0.000000,0.000000,0.000000,100.000000,0.250000,ns3-simulated/trace-derived
c2-hot,热点 97/1/1/1,dst6,68.000000,68.250000,68.125000,0.000000,0.000000,0.000000,100.000000,0.250000,ns3-simulated/trace-derived
c2-hot,热点 97/1/1/1,dst6,68.250000,68.500000,68.375000,0.000000,0.000000,0.000000,100.000000,0.250000,ns3-simulated/trace-derived
c2-hot,热点 97/1/1/1,dst6,68.500000,68.750000,68.625000,0.000000,0.000000,0.000000,100.000000,0.250000,ns3-simulated/trace-derived
c2-hot,热点 97/1/1/1,dst6,68.750000,69.000000,68.875000,0.000000,0.000000,0.000000,100.000000,0.250000,ns3-simulated/trace-derived
c2-hot,热点 97/1/1/1,dst6,69.000000,69.250000,69.125000,0.000000,0.000000,0.000000,100.000000,0.250000,ns3-simulated/trace-derived
c2-hot,热点 97/1/1/1,dst6,69.250000,69.500000,69.375000,0.000000,0.000000,0.000000,100.000000,0.250000,ns3-simulated/trace-derived
c2-hot,热点 97/1/1/1,dst6,69.500000,69.750000,69.625000,0.000000,0.000000,0.000000,100.000000,0.250000,ns3-simulated/trace-derived
c2-hot,热点 97/1/1/1,dst6,69.750000,70.000000,69.875000,0.000000,0.000000,0.000000,100.000000,0.250000,ns3-simulated/trace-derived
c2-hot,热点 97/1/1/1,dst6,70.000000,70.250000,70.125000,0.000000,0.000000,0.000000,100.000000,0.250000,ns3-simulated/trace-derived
c2-hot,热点 97/1/1/1,dst6,70.250000,70.500000,70.375000,0.000000,0.000000,0.000000,100.000000,0.250000,ns3-simulated/trace-derived
c2-hot,热点 97/1/1/1,dst6,70.500000,70.750000,70.625000,0.000000,0.000000,0.000000,100.000000,0.250000,ns3-simulated/trace-derived
c2-hot,热点 97/1/1/1,dst6,70.750000,71.000000,70.875000,0.000000,0.000000,0.000000,100.000000,0.250000,ns3-simulated/trace-derived
c2-hot,热点 97/1/1/1,dst6,71.000000,71.250000,71.125000,0.000000,0.000000,0.000000,100.000000,0.250000,ns3-simulated/trace-derived
c2-hot,热点 97/1/1/1,dst6,71.250000,71.500000,71.375000,0.000000,0.000000,0.000000,100.000000,0.250000,ns3-simulated/trace-derived
c2-hot,热点 97/1/1/1,dst6,71.500000,71.750000,71.625000,0.000000,0.000000,0.000000,100.000000,0.250000,ns3-simulated/trace-derived
c2-hot,热点 97/1/1/1,dst6,71.750000,72.000000,71.875000,0.000000,0.000000,0.000000,100.000000,0.250000,ns3-simulated/trace-derived
c2-hot,热点 97/1/1/1,dst6,72.000000,72.250000,72.125000,0.000000,0.000000,0.000000,100.000000,0.250000,ns3-simulated/trace-derived
c2-hot,热点 97/1/1/1,dst6,72.250000,72.500000,72.375000,0.000000,0.000000,0.000000,100.000000,0.250000,ns3-simulated/trace-derived
c2-hot,热点 97/1/1/1,dst6,72.500000,72.750000,72.625000,0.000000,0.000000,0.000000,100.000000,0.250000,ns3-simulated/trace-derived
c2-hot,热点 97/1/1/1,dst6,72.750000,73.000000,72.875000,0.000000,0.000000,0.000000,100.000000,0.250000,ns3-simulated/trace-derived
c2-hot,热点 97/1/1/1,dst6,73.000000,73.250000,73.125000,0.000000,0.000000,0.000000,100.000000,0.250000,ns3-simulated/trace-derived
c2-hot,热点 97/1/1/1,dst6,73.250000,73.500000,73.375000,0.000000,0.000000,0.000000,100.000000,0.250000,ns3-simulated/trace-derived
c2-hot,热点 97/1/1/1,dst6,73.500000,73.750000,73.625000,0.000000,0.000000,0.000000,100.000000,0.250000,ns3-simulated/trace-derived
c2-hot,热点 97/1/1/1,dst6,73.750000,74.000000,73.875000,0.000000,0.000000,0.000000,100.000000,0.250000,ns3-simulated/trace-derived
c2-hot,热点 97/1/1/1,dst6,74.000000,74.250000,74.125000,0.000000,0.000000,0.000000,100.000000,0.250000,ns3-simulated/trace-derived
c2-hot,热点 97/1/1/1,dst6,74.250000,74.500000,74.375000,0.000000,0.000000,0.000000,100.000000,0.250000,ns3-simulated/trace-derived
c2-hot,热点 97/1/1/1,dst6,74.500000,74.750000,74.625000,0.000000,0.000000,0.000000,100.000000,0.250000,ns3-simulated/trace-derived
c2-hot,热点 97/1/1/1,dst6,74.750000,75.000000,74.875000,0.000000,0.000000,0.000000,100.000000,0.250000,ns3-simulated/trace-derived
c2-hot,热点 97/1/1/1,dst6,75.000000,75.250000,75.125000,0.000000,0.000000,0.000000,100.000000,0.250000,ns3-simulated/trace-derived
c2-hot,热点 97/1/1/1,dst6,75.250000,75.500000,75.375000,0.000000,0.000000,0.000000,100.000000,0.250000,ns3-simulated/trace-derived
c2-hot,热点 97/1/1/1,dst6,75.500000,75.750000,75.625000,0.000000,0.000000,0.000000,100.000000,0.250000,ns3-simulated/trace-derived
c2-hot,热点 97/1/1/1,dst6,75.750000,76.000000,75.875000,0.000000,0.000000,0.000000,100.000000,0.250000,ns3-simulated/trace-derived
c2-hot,热点 97/1/1/1,dst6,76.000000,76.250000,76.125000,0.000000,0.000000,0.000000,100.000000,0.250000,ns3-simulated/trace-derived
c2-hot,热点 97/1/1/1,dst6,76.250000,76.500000,76.375000,0.000000,0.000000,0.000000,100.000000,0.250000,ns3-simulated/trace-derived
c2-hot,热点 97/1/1/1,dst6,76.500000,76.750000,76.625000,0.000000,0.000000,0.000000,100.000000,0.250000,ns3-simulated/trace-derived
c2-hot,热点 97/1/1/1,dst6,76.750000,77.000000,76.875000,0.000000,0.000000,0.000000,100.000000,0.250000,ns3-simulated/trace-derived
c2-hot,热点 97/1/1/1,dst6,77.000000,77.250000,77.125000,0.000000,0.000000,0.000000,100.000000,0.250000,ns3-simulated/trace-derived
c2-hot,热点 97/1/1/1,dst6,77.250000,77.500000,77.375000,0.000000,0.000000,0.000000,100.000000,0.250000,ns3-simulated/trace-derived
c2-hot,热点 97/1/1/1,dst6,77.500000,77.750000,77.625000,0.000000,0.000000,0.000000,100.000000,0.250000,ns3-simulated/trace-derived
c2-hot,热点 97/1/1/1,dst6,77.750000,78.000000,77.875000,0.000000,0.000000,0.000000,100.000000,0.250000,ns3-simulated/trace-derived
c2-hot,热点 97/1/1/1,dst6,78.000000,78.250000,78.125000,0.000000,0.000000,0.000000,100.000000,0.250000,ns3-simulated/trace-derived
c2-hot,热点 97/1/1/1,dst6,78.250000,78.500000,78.375000,0.000000,0.000000,0.000000,100.000000,0.250000,ns3-simulated/trace-derived
c2-hot,热点 97/1/1/1,dst6,78.500000,78.750000,78.625000,0.000000,0.000000,0.000000,100.000000,0.250000,ns3-simulated/trace-derived
c2-hot,热点 97/1/1/1,dst6,78.750000,79.000000,78.875000,0.000000,0.000000,0.000000,100.000000,0.250000,ns3-simulated/trace-derived
c2-hot,热点 97/1/1/1,dst6,79.000000,79.250000,79.125000,0.000000,0.000000,0.000000,100.000000,0.250000,ns3-simulated/trace-derived
c2-hot,热点 97/1/1/1,dst6,79.250000,79.500000,79.375000,0.000000,0.000000,0.000000,100.000000,0.250000,ns3-simulated/trace-derived
c2-hot,热点 97/1/1/1,dst6,79.500000,79.750000,79.625000,0.000000,0.000000,0.000000,100.000000,0.250000,ns3-simulated/trace-derived
c2-hot,热点 97/1/1/1,dst6,79.750000,80.000000,79.875000,0.000000,0.000000,0.000000,100.000000,0.250000,ns3-simulated/trace-derived
c2-hot,热点 97/1/1/1,dst6,80.000000,80.250000,80.125000,0.000000,0.000000,0.000000,100.000000,0.250000,ns3-simulated/trace-derived
c2-hot,热点 97/1/1/1,dst6,80.250000,80.500000,80.375000,0.000000,0.000000,0.000000,100.000000,0.250000,ns3-simulated/trace-derived
c2-hot,热点 97/1/1/1,dst6,80.500000,80.750000,80.625000,0.000000,0.000000,0.000000,100.000000,0.250000,ns3-simulated/trace-derived
c2-hot,热点 97/1/1/1,dst6,80.750000,81.000000,80.875000,0.000000,0.000000,0.000000,100.000000,0.250000,ns3-simulated/trace-derived
c2-hot,热点 97/1/1/1,dst6,81.000000,81.250000,81.125000,0.000000,0.000000,0.000000,100.000000,0.250000,ns3-simulated/trace-derived
c2-hot,热点 97/1/1/1,dst6,81.250000,81.500000,81.375000,0.000000,0.000000,0.000000,100.000000,0.250000,ns3-simulated/trace-derived
c2-hot,热点 97/1/1/1,dst6,81.500000,81.750000,81.625000,0.000000,0.000000,0.000000,100.000000,0.250000,ns3-simulated/trace-derived
c2-hot,热点 97/1/1/1,dst6,81.750000,82.000000,81.875000,0.000000,0.000000,0.000000,100.000000,0.250000,ns3-simulated/trace-derived
c2-hot,热点 97/1/1/1,dst6,82.000000,82.250000,82.125000,0.000000,0.000000,0.000000,100.000000,0.250000,ns3-simulated/trace-derived
c2-hot,热点 97/1/1/1,dst6,82.250000,82.500000,82.375000,0.000000,0.000000,0.000000,100.000000,0.250000,ns3-simulated/trace-derived
c2-hot,热点 97/1/1/1,dst6,82.500000,82.750000,82.625000,0.000000,0.000000,0.000000,100.000000,0.250000,ns3-simulated/trace-derived
c2-hot,热点 97/1/1/1,dst6,82.750000,83.000000,82.875000,0.000000,0.000000,0.000000,100.000000,0.250000,ns3-simulated/trace-derived
c2-hot,热点 97/1/1/1,dst6,83.000000,83.250000,83.125000,0.000000,0.000000,0.000000,100.000000,0.250000,ns3-simulated/trace-derived
c2-hot,热点 97/1/1/1,dst6,83.250000,83.500000,83.375000,0.000000,0.000000,0.000000,100.000000,0.250000,ns3-simulated/trace-derived
c2-hot,热点 97/1/1/1,dst6,83.500000,83.750000,83.625000,0.000000,0.000000,0.000000,100.000000,0.250000,ns3-simulated/trace-derived
c2-hot,热点 97/1/1/1,dst6,83.750000,84.000000,83.875000,0.000000,0.000000,0.000000,100.000000,0.250000,ns3-simulated/trace-derived
c2-hot,热点 97/1/1/1,dst6,84.000000,84.250000,84.125000,0.000000,0.000000,0.000000,100.000000,0.250000,ns3-simulated/trace-derived
c2-hot,热点 97/1/1/1,dst6,84.250000,84.500000,84.375000,0.000000,0.000000,0.000000,100.000000,0.250000,ns3-simulated/trace-derived
c2-hot,热点 97/1/1/1,dst6,84.500000,84.750000,84.625000,0.000000,0.000000,0.000000,100.000000,0.250000,ns3-simulated/trace-derived
c2-hot,热点 97/1/1/1,dst6,84.750000,85.000000,84.875000,0.000000,0.000000,0.000000,100.000000,0.250000,ns3-simulated/trace-derived
c2-hot,热点 97/1/1/1,dst6,85.000000,85.250000,85.125000,0.000000,0.000000,0.000000,100.000000,0.250000,ns3-simulated/trace-derived
c2-hot,热点 97/1/1/1,dst6,85.250000,85.500000,85.375000,0.000000,0.000000,0.000000,100.000000,0.250000,ns3-simulated/trace-derived
c2-hot,热点 97/1/1/1,dst6,85.500000,85.750000,85.625000,0.000000,0.000000,0.000000,100.000000,0.250000,ns3-simulated/trace-derived
c2-hot,热点 97/1/1/1,dst6,85.750000,86.000000,85.875000,0.000000,0.000000,0.000000,100.000000,0.250000,ns3-simulated/trace-derived
c2-hot,热点 97/1/1/1,dst6,86.000000,86.250000,86.125000,0.000000,0.000000,0.000000,100.000000,0.250000,ns3-simulated/trace-derived
c2-hot,热点 97/1/1/1,dst6,86.250000,86.500000,86.375000,0.000000,0.000000,0.000000,100.000000,0.250000,ns3-simulated/trace-derived
c2-hot,热点 97/1/1/1,dst6,86.500000,86.750000,86.625000,0.000000,0.000000,0.000000,100.000000,0.250000,ns3-simulated/trace-derived
c2-hot,热点 97/1/1/1,dst6,86.750000,87.000000,86.875000,0.000000,0.000000,0.000000,100.000000,0.250000,ns3-simulated/trace-derived
c2-hot,热点 97/1/1/1,dst6,87.000000,87.250000,87.125000,0.000000,0.000000,0.000000,100.000000,0.250000,ns3-simulated/trace-derived
c2-hot,热点 97/1/1/1,dst6,87.250000,87.500000,87.375000,0.000000,0.000000,0.000000,100.000000,0.250000,ns3-simulated/trace-derived
c2-hot,热点 97/1/1/1,dst6,87.500000,87.750000,87.625000,0.000000,0.000000,0.000000,100.000000,0.250000,ns3-simulated/trace-derived
c2-hot,热点 97/1/1/1,dst6,87.750000,88.000000,87.875000,0.000000,0.000000,0.000000,100.000000,0.250000,ns3-simulated/trace-derived
c2-hot,热点 97/1/1/1,dst6,88.000000,88.250000,88.125000,0.000000,0.000000,0.000000,100.000000,0.250000,ns3-simulated/trace-derived
c2-hot,热点 97/1/1/1,dst6,88.250000,88.500000,88.375000,0.000000,0.000000,0.000000,100.000000,0.250000,ns3-simulated/trace-derived
c2-hot,热点 97/1/1/1,dst6,88.500000,88.750000,88.625000,0.000000,0.000000,0.000000,100.000000,0.250000,ns3-simulated/trace-derived
c2-hot,热点 97/1/1/1,dst6,88.750000,89.000000,88.875000,0.000000,0.000000,0.000000,100.000000,0.250000,ns3-simulated/trace-derived
c2-hot,热点 97/1/1/1,dst6,89.000000,89.250000,89.125000,0.000000,0.000000,0.000000,100.000000,0.250000,ns3-simulated/trace-derived
c2-hot,热点 97/1/1/1,dst6,89.250000,89.500000,89.375000,0.000000,0.000000,0.000000,100.000000,0.250000,ns3-simulated/trace-derived
c2-hot,热点 97/1/1/1,dst6,89.500000,89.750000,89.625000,0.000000,0.000000,0.000000,100.000000,0.250000,ns3-simulated/trace-derived
c2-hot,热点 97/1/1/1,dst6,89.750000,90.000000,89.875000,0.000000,0.000000,0.000000,100.000000,0.250000,ns3-simulated/trace-derived
c2-hot,热点 97/1/1/1,dst6,90.000000,90.250000,90.125000,0.000000,0.000000,0.000000,100.000000,0.250000,ns3-simulated/trace-derived
c2-hot,热点 97/1/1/1,dst6,90.250000,90.500000,90.375000,0.000000,0.000000,0.000000,100.000000,0.250000,ns3-simulated/trace-derived
c2-hot,热点 97/1/1/1,dst6,90.500000,90.750000,90.625000,0.000000,0.000000,0.000000,100.000000,0.250000,ns3-simulated/trace-derived
c2-hot,热点 97/1/1/1,dst6,90.750000,91.000000,90.875000,0.000000,0.000000,0.000000,100.000000,0.250000,ns3-simulated/trace-derived
c2-hot,热点 97/1/1/1,dst6,91.000000,91.250000,91.125000,0.000000,0.000000,0.000000,100.000000,0.250000,ns3-simulated/trace-derived
c2-hot,热点 97/1/1/1,dst6,91.250000,91.500000,91.375000,0.000000,0.000000,0.000000,100.000000,0.250000,ns3-simulated/trace-derived
c2-hot,热点 97/1/1/1,dst6,91.500000,91.750000,91.625000,0.000000,0.000000,0.000000,100.000000,0.250000,ns3-simulated/trace-derived
c2-hot,热点 97/1/1/1,dst6,91.750000,92.000000,91.875000,0.000000,0.000000,0.000000,100.000000,0.250000,ns3-simulated/trace-derived
c2-hot,热点 97/1/1/1,dst6,92.000000,92.250000,92.125000,0.000000,0.000000,0.000000,100.000000,0.250000,ns3-simulated/trace-derived
c2-hot,热点 97/1/1/1,dst6,92.250000,92.500000,92.375000,0.000000,0.000000,0.000000,100.000000,0.250000,ns3-simulated/trace-derived
c2-hot,热点 97/1/1/1,dst6,92.500000,92.750000,92.625000,0.000000,0.000000,0.000000,100.000000,0.250000,ns3-simulated/trace-derived
c2-hot,热点 97/1/1/1,dst6,92.750000,93.000000,92.875000,0.000000,0.000000,0.000000,100.000000,0.250000,ns3-simulated/trace-derived
c2-hot,热点 97/1/1/1,dst6,93.000000,93.250000,93.125000,0.000000,0.000000,0.000000,100.000000,0.250000,ns3-simulated/trace-derived
c2-hot,热点 97/1/1/1,dst6,93.250000,93.500000,93.375000,0.000000,0.000000,0.000000,100.000000,0.250000,ns3-simulated/trace-derived
c2-hot,热点 97/1/1/1,dst6,93.500000,93.750000,93.625000,0.000000,0.000000,0.000000,100.000000,0.250000,ns3-simulated/trace-derived
c2-hot,热点 97/1/1/1,dst6,93.750000,94.000000,93.875000,0.000000,0.000000,0.000000,100.000000,0.250000,ns3-simulated/trace-derived
c2-hot,热点 97/1/1/1,dst6,94.000000,94.250000,94.125000,0.000000,0.000000,0.000000,100.000000,0.250000,ns3-simulated/trace-derived
c2-hot,热点 97/1/1/1,dst6,94.250000,94.500000,94.375000,0.000000,0.000000,0.000000,100.000000,0.250000,ns3-simulated/trace-derived
c2-hot,热点 97/1/1/1,dst6,94.500000,94.750000,94.625000,0.000000,0.000000,0.000000,100.000000,0.250000,ns3-simulated/trace-derived
c2-hot,热点 97/1/1/1,dst6,94.750000,95.000000,94.875000,0.000000,0.000000,0.000000,100.000000,0.250000,ns3-simulated/trace-derived
c2-hot,热点 97/1/1/1,dst6,95.000000,95.250000,95.125000,0.000000,0.000000,0.000000,100.000000,0.250000,ns3-simulated/trace-derived
c2-hot,热点 97/1/1/1,dst7,0.000000,0.250000,0.125000,0.000000,0.000000,0.000000,100.000000,0.250000,ns3-simulated/trace-derived
c2-hot,热点 97/1/1/1,dst7,0.250000,0.500000,0.375000,0.000000,0.000000,0.000000,100.000000,0.250000,ns3-simulated/trace-derived
c2-hot,热点 97/1/1/1,dst7,0.500000,0.750000,0.625000,424.500000,13.584000,13.584000,100.000000,0.250000,ns3-simulated/trace-derived
c2-hot,热点 97/1/1/1,dst7,0.750000,1.000000,0.875000,3125.000000,100.000000,100.000000,100.000000,0.250000,ns3-simulated/trace-derived
c2-hot,热点 97/1/1/1,dst7,1.000000,1.250000,1.125000,2176.500000,69.648000,69.648000,100.000000,0.250000,ns3-simulated/trace-derived
c2-hot,热点 97/1/1/1,dst7,1.250000,1.500000,1.375000,2374.500000,75.984000,75.984000,100.000000,0.250000,ns3-simulated/trace-derived
c2-hot,热点 97/1/1/1,dst7,1.500000,1.750000,1.625000,3125.000000,100.000000,100.000000,100.000000,0.250000,ns3-simulated/trace-derived
c2-hot,热点 97/1/1/1,dst7,1.750000,2.000000,1.875000,226.500000,7.248000,7.248000,100.000000,0.250000,ns3-simulated/trace-derived
c2-hot,热点 97/1/1/1,dst7,2.000000,2.250000,2.125000,0.000000,0.000000,0.000000,100.000000,0.250000,ns3-simulated/trace-derived
c2-hot,热点 97/1/1/1,dst7,2.250000,2.500000,2.375000,0.000000,0.000000,0.000000,100.000000,0.250000,ns3-simulated/trace-derived
c2-hot,热点 97/1/1/1,dst7,2.500000,2.750000,2.625000,0.000000,0.000000,0.000000,100.000000,0.250000,ns3-simulated/trace-derived
c2-hot,热点 97/1/1/1,dst7,2.750000,3.000000,2.875000,0.000000,0.000000,0.000000,100.000000,0.250000,ns3-simulated/trace-derived
c2-hot,热点 97/1/1/1,dst7,3.000000,3.250000,3.125000,0.000000,0.000000,0.000000,100.000000,0.250000,ns3-simulated/trace-derived
c2-hot,热点 97/1/1/1,dst7,3.250000,3.500000,3.375000,0.000000,0.000000,0.000000,100.000000,0.250000,ns3-simulated/trace-derived
c2-hot,热点 97/1/1/1,dst7,3.500000,3.750000,3.625000,0.000000,0.000000,0.000000,100.000000,0.250000,ns3-simulated/trace-derived
c2-hot,热点 97/1/1/1,dst7,3.750000,4.000000,3.875000,0.000000,0.000000,0.000000,100.000000,0.250000,ns3-simulated/trace-derived
c2-hot,热点 97/1/1/1,dst7,4.000000,4.250000,4.125000,0.000000,0.000000,0.000000,100.000000,0.250000,ns3-simulated/trace-derived
c2-hot,热点 97/1/1/1,dst7,4.250000,4.500000,4.375000,0.000000,0.000000,0.000000,100.000000,0.250000,ns3-simulated/trace-derived
c2-hot,热点 97/1/1/1,dst7,4.500000,4.750000,4.625000,0.000000,0.000000,0.000000,100.000000,0.250000,ns3-simulated/trace-derived
c2-hot,热点 97/1/1/1,dst7,4.750000,5.000000,4.875000,0.000000,0.000000,0.000000,100.000000,0.250000,ns3-simulated/trace-derived
c2-hot,热点 97/1/1/1,dst7,5.000000,5.250000,5.125000,0.000000,0.000000,0.000000,100.000000,0.250000,ns3-simulated/trace-derived
c2-hot,热点 97/1/1/1,dst7,5.250000,5.500000,5.375000,0.000000,0.000000,0.000000,100.000000,0.250000,ns3-simulated/trace-derived
c2-hot,热点 97/1/1/1,dst7,5.500000,5.750000,5.625000,0.000000,0.000000,0.000000,100.000000,0.250000,ns3-simulated/trace-derived
c2-hot,热点 97/1/1/1,dst7,5.750000,6.000000,5.875000,0.000000,0.000000,0.000000,100.000000,0.250000,ns3-simulated/trace-derived
c2-hot,热点 97/1/1/1,dst7,6.000000,6.250000,6.125000,0.000000,0.000000,0.000000,100.000000,0.250000,ns3-simulated/trace-derived
c2-hot,热点 97/1/1/1,dst7,6.250000,6.500000,6.375000,0.000000,0.000000,0.000000,100.000000,0.250000,ns3-simulated/trace-derived
c2-hot,热点 97/1/1/1,dst7,6.500000,6.750000,6.625000,0.000000,0.000000,0.000000,100.000000,0.250000,ns3-simulated/trace-derived
c2-hot,热点 97/1/1/1,dst7,6.750000,7.000000,6.875000,0.000000,0.000000,0.000000,100.000000,0.250000,ns3-simulated/trace-derived
c2-hot,热点 97/1/1/1,dst7,7.000000,7.250000,7.125000,0.000000,0.000000,0.000000,100.000000,0.250000,ns3-simulated/trace-derived
c2-hot,热点 97/1/1/1,dst7,7.250000,7.500000,7.375000,0.000000,0.000000,0.000000,100.000000,0.250000,ns3-simulated/trace-derived
c2-hot,热点 97/1/1/1,dst7,7.500000,7.750000,7.625000,0.000000,0.000000,0.000000,100.000000,0.250000,ns3-simulated/trace-derived
c2-hot,热点 97/1/1/1,dst7,7.750000,8.000000,7.875000,0.000000,0.000000,0.000000,100.000000,0.250000,ns3-simulated/trace-derived
c2-hot,热点 97/1/1/1,dst7,8.000000,8.250000,8.125000,0.000000,0.000000,0.000000,100.000000,0.250000,ns3-simulated/trace-derived
c2-hot,热点 97/1/1/1,dst7,8.250000,8.500000,8.375000,0.000000,0.000000,0.000000,100.000000,0.250000,ns3-simulated/trace-derived
c2-hot,热点 97/1/1/1,dst7,8.500000,8.750000,8.625000,0.000000,0.000000,0.000000,100.000000,0.250000,ns3-simulated/trace-derived
c2-hot,热点 97/1/1/1,dst7,8.750000,9.000000,8.875000,0.000000,0.000000,0.000000,100.000000,0.250000,ns3-simulated/trace-derived
c2-hot,热点 97/1/1/1,dst7,9.000000,9.250000,9.125000,0.000000,0.000000,0.000000,100.000000,0.250000,ns3-simulated/trace-derived
c2-hot,热点 97/1/1/1,dst7,9.250000,9.500000,9.375000,0.000000,0.000000,0.000000,100.000000,0.250000,ns3-simulated/trace-derived
c2-hot,热点 97/1/1/1,dst7,9.500000,9.750000,9.625000,0.000000,0.000000,0.000000,100.000000,0.250000,ns3-simulated/trace-derived
c2-hot,热点 97/1/1/1,dst7,9.750000,10.000000,9.875000,0.000000,0.000000,0.000000,100.000000,0.250000,ns3-simulated/trace-derived
c2-hot,热点 97/1/1/1,dst7,10.000000,10.250000,10.125000,0.000000,0.000000,0.000000,100.000000,0.250000,ns3-simulated/trace-derived
c2-hot,热点 97/1/1/1,dst7,10.250000,10.500000,10.375000,0.000000,0.000000,0.000000,100.000000,0.250000,ns3-simulated/trace-derived
c2-hot,热点 97/1/1/1,dst7,10.500000,10.750000,10.625000,0.000000,0.000000,0.000000,100.000000,0.250000,ns3-simulated/trace-derived
c2-hot,热点 97/1/1/1,dst7,10.750000,11.000000,10.875000,0.000000,0.000000,0.000000,100.000000,0.250000,ns3-simulated/trace-derived
c2-hot,热点 97/1/1/1,dst7,11.000000,11.250000,11.125000,0.000000,0.000000,0.000000,100.000000,0.250000,ns3-simulated/trace-derived
c2-hot,热点 97/1/1/1,dst7,11.250000,11.500000,11.375000,0.000000,0.000000,0.000000,100.000000,0.250000,ns3-simulated/trace-derived
c2-hot,热点 97/1/1/1,dst7,11.500000,11.750000,11.625000,0.000000,0.000000,0.000000,100.000000,0.250000,ns3-simulated/trace-derived
c2-hot,热点 97/1/1/1,dst7,11.750000,12.000000,11.875000,0.000000,0.000000,0.000000,100.000000,0.250000,ns3-simulated/trace-derived
c2-hot,热点 97/1/1/1,dst7,12.000000,12.250000,12.125000,0.000000,0.000000,0.000000,100.000000,0.250000,ns3-simulated/trace-derived
c2-hot,热点 97/1/1/1,dst7,12.250000,12.500000,12.375000,0.000000,0.000000,0.000000,100.000000,0.250000,ns3-simulated/trace-derived
c2-hot,热点 97/1/1/1,dst7,12.500000,12.750000,12.625000,0.000000,0.000000,0.000000,100.000000,0.250000,ns3-simulated/trace-derived
c2-hot,热点 97/1/1/1,dst7,12.750000,13.000000,12.875000,0.000000,0.000000,0.000000,100.000000,0.250000,ns3-simulated/trace-derived
c2-hot,热点 97/1/1/1,dst7,13.000000,13.250000,13.125000,0.000000,0.000000,0.000000,100.000000,0.250000,ns3-simulated/trace-derived
c2-hot,热点 97/1/1/1,dst7,13.250000,13.500000,13.375000,0.000000,0.000000,0.000000,100.000000,0.250000,ns3-simulated/trace-derived
c2-hot,热点 97/1/1/1,dst7,13.500000,13.750000,13.625000,0.000000,0.000000,0.000000,100.000000,0.250000,ns3-simulated/trace-derived
c2-hot,热点 97/1/1/1,dst7,13.750000,14.000000,13.875000,0.000000,0.000000,0.000000,100.000000,0.250000,ns3-simulated/trace-derived
c2-hot,热点 97/1/1/1,dst7,14.000000,14.250000,14.125000,0.000000,0.000000,0.000000,100.000000,0.250000,ns3-simulated/trace-derived
c2-hot,热点 97/1/1/1,dst7,14.250000,14.500000,14.375000,0.000000,0.000000,0.000000,100.000000,0.250000,ns3-simulated/trace-derived
c2-hot,热点 97/1/1/1,dst7,14.500000,14.750000,14.625000,0.000000,0.000000,0.000000,100.000000,0.250000,ns3-simulated/trace-derived
c2-hot,热点 97/1/1/1,dst7,14.750000,15.000000,14.875000,0.000000,0.000000,0.000000,100.000000,0.250000,ns3-simulated/trace-derived
c2-hot,热点 97/1/1/1,dst7,15.000000,15.250000,15.125000,0.000000,0.000000,0.000000,100.000000,0.250000,ns3-simulated/trace-derived
c2-hot,热点 97/1/1/1,dst7,15.250000,15.500000,15.375000,0.000000,0.000000,0.000000,100.000000,0.250000,ns3-simulated/trace-derived
c2-hot,热点 97/1/1/1,dst7,15.500000,15.750000,15.625000,0.000000,0.000000,0.000000,100.000000,0.250000,ns3-simulated/trace-derived
c2-hot,热点 97/1/1/1,dst7,15.750000,16.000000,15.875000,0.000000,0.000000,0.000000,100.000000,0.250000,ns3-simulated/trace-derived
c2-hot,热点 97/1/1/1,dst7,16.000000,16.250000,16.125000,0.000000,0.000000,0.000000,100.000000,0.250000,ns3-simulated/trace-derived
c2-hot,热点 97/1/1/1,dst7,16.250000,16.500000,16.375000,0.000000,0.000000,0.000000,100.000000,0.250000,ns3-simulated/trace-derived
c2-hot,热点 97/1/1/1,dst7,16.500000,16.750000,16.625000,0.000000,0.000000,0.000000,100.000000,0.250000,ns3-simulated/trace-derived
c2-hot,热点 97/1/1/1,dst7,16.750000,17.000000,16.875000,0.000000,0.000000,0.000000,100.000000,0.250000,ns3-simulated/trace-derived
c2-hot,热点 97/1/1/1,dst7,17.000000,17.250000,17.125000,0.000000,0.000000,0.000000,100.000000,0.250000,ns3-simulated/trace-derived
c2-hot,热点 97/1/1/1,dst7,17.250000,17.500000,17.375000,0.000000,0.000000,0.000000,100.000000,0.250000,ns3-simulated/trace-derived
c2-hot,热点 97/1/1/1,dst7,17.500000,17.750000,17.625000,0.000000,0.000000,0.000000,100.000000,0.250000,ns3-simulated/trace-derived
c2-hot,热点 97/1/1/1,dst7,17.750000,18.000000,17.875000,0.000000,0.000000,0.000000,100.000000,0.250000,ns3-simulated/trace-derived
c2-hot,热点 97/1/1/1,dst7,18.000000,18.250000,18.125000,0.000000,0.000000,0.000000,100.000000,0.250000,ns3-simulated/trace-derived
c2-hot,热点 97/1/1/1,dst7,18.250000,18.500000,18.375000,0.000000,0.000000,0.000000,100.000000,0.250000,ns3-simulated/trace-derived
c2-hot,热点 97/1/1/1,dst7,18.500000,18.750000,18.625000,0.000000,0.000000,0.000000,100.000000,0.250000,ns3-simulated/trace-derived
c2-hot,热点 97/1/1/1,dst7,18.750000,19.000000,18.875000,0.000000,0.000000,0.000000,100.000000,0.250000,ns3-simulated/trace-derived
c2-hot,热点 97/1/1/1,dst7,19.000000,19.250000,19.125000,0.000000,0.000000,0.000000,100.000000,0.250000,ns3-simulated/trace-derived
c2-hot,热点 97/1/1/1,dst7,19.250000,19.500000,19.375000,0.000000,0.000000,0.000000,100.000000,0.250000,ns3-simulated/trace-derived
c2-hot,热点 97/1/1/1,dst7,19.500000,19.750000,19.625000,0.000000,0.000000,0.000000,100.000000,0.250000,ns3-simulated/trace-derived
c2-hot,热点 97/1/1/1,dst7,19.750000,20.000000,19.875000,0.000000,0.000000,0.000000,100.000000,0.250000,ns3-simulated/trace-derived
c2-hot,热点 97/1/1/1,dst7,20.000000,20.250000,20.125000,0.000000,0.000000,0.000000,100.000000,0.250000,ns3-simulated/trace-derived
c2-hot,热点 97/1/1/1,dst7,20.250000,20.500000,20.375000,0.000000,0.000000,0.000000,100.000000,0.250000,ns3-simulated/trace-derived
c2-hot,热点 97/1/1/1,dst7,20.500000,20.750000,20.625000,0.000000,0.000000,0.000000,100.000000,0.250000,ns3-simulated/trace-derived
c2-hot,热点 97/1/1/1,dst7,20.750000,21.000000,20.875000,0.000000,0.000000,0.000000,100.000000,0.250000,ns3-simulated/trace-derived
c2-hot,热点 97/1/1/1,dst7,21.000000,21.250000,21.125000,0.000000,0.000000,0.000000,100.000000,0.250000,ns3-simulated/trace-derived
c2-hot,热点 97/1/1/1,dst7,21.250000,21.500000,21.375000,0.000000,0.000000,0.000000,100.000000,0.250000,ns3-simulated/trace-derived
c2-hot,热点 97/1/1/1,dst7,21.500000,21.750000,21.625000,0.000000,0.000000,0.000000,100.000000,0.250000,ns3-simulated/trace-derived
c2-hot,热点 97/1/1/1,dst7,21.750000,22.000000,21.875000,0.000000,0.000000,0.000000,100.000000,0.250000,ns3-simulated/trace-derived
c2-hot,热点 97/1/1/1,dst7,22.000000,22.250000,22.125000,0.000000,0.000000,0.000000,100.000000,0.250000,ns3-simulated/trace-derived
c2-hot,热点 97/1/1/1,dst7,22.250000,22.500000,22.375000,0.000000,0.000000,0.000000,100.000000,0.250000,ns3-simulated/trace-derived
c2-hot,热点 97/1/1/1,dst7,22.500000,22.750000,22.625000,0.000000,0.000000,0.000000,100.000000,0.250000,ns3-simulated/trace-derived
c2-hot,热点 97/1/1/1,dst7,22.750000,23.000000,22.875000,0.000000,0.000000,0.000000,100.000000,0.250000,ns3-simulated/trace-derived
c2-hot,热点 97/1/1/1,dst7,23.000000,23.250000,23.125000,0.000000,0.000000,0.000000,100.000000,0.250000,ns3-simulated/trace-derived
c2-hot,热点 97/1/1/1,dst7,23.250000,23.500000,23.375000,0.000000,0.000000,0.000000,100.000000,0.250000,ns3-simulated/trace-derived
c2-hot,热点 97/1/1/1,dst7,23.500000,23.750000,23.625000,0.000000,0.000000,0.000000,100.000000,0.250000,ns3-simulated/trace-derived
c2-hot,热点 97/1/1/1,dst7,23.750000,24.000000,23.875000,0.000000,0.000000,0.000000,100.000000,0.250000,ns3-simulated/trace-derived
c2-hot,热点 97/1/1/1,dst7,24.000000,24.250000,24.125000,0.000000,0.000000,0.000000,100.000000,0.250000,ns3-simulated/trace-derived
c2-hot,热点 97/1/1/1,dst7,24.250000,24.500000,24.375000,0.000000,0.000000,0.000000,100.000000,0.250000,ns3-simulated/trace-derived
c2-hot,热点 97/1/1/1,dst7,24.500000,24.750000,24.625000,0.000000,0.000000,0.000000,100.000000,0.250000,ns3-simulated/trace-derived
c2-hot,热点 97/1/1/1,dst7,24.750000,25.000000,24.875000,0.000000,0.000000,0.000000,100.000000,0.250000,ns3-simulated/trace-derived
c2-hot,热点 97/1/1/1,dst7,25.000000,25.250000,25.125000,0.000000,0.000000,0.000000,100.000000,0.250000,ns3-simulated/trace-derived
c2-hot,热点 97/1/1/1,dst7,25.250000,25.500000,25.375000,0.000000,0.000000,0.000000,100.000000,0.250000,ns3-simulated/trace-derived
c2-hot,热点 97/1/1/1,dst7,25.500000,25.750000,25.625000,0.000000,0.000000,0.000000,100.000000,0.250000,ns3-simulated/trace-derived
c2-hot,热点 97/1/1/1,dst7,25.750000,26.000000,25.875000,0.000000,0.000000,0.000000,100.000000,0.250000,ns3-simulated/trace-derived
c2-hot,热点 97/1/1/1,dst7,26.000000,26.250000,26.125000,0.000000,0.000000,0.000000,100.000000,0.250000,ns3-simulated/trace-derived
c2-hot,热点 97/1/1/1,dst7,26.250000,26.500000,26.375000,0.000000,0.000000,0.000000,100.000000,0.250000,ns3-simulated/trace-derived
c2-hot,热点 97/1/1/1,dst7,26.500000,26.750000,26.625000,0.000000,0.000000,0.000000,100.000000,0.250000,ns3-simulated/trace-derived
c2-hot,热点 97/1/1/1,dst7,26.750000,27.000000,26.875000,0.000000,0.000000,0.000000,100.000000,0.250000,ns3-simulated/trace-derived
c2-hot,热点 97/1/1/1,dst7,27.000000,27.250000,27.125000,0.000000,0.000000,0.000000,100.000000,0.250000,ns3-simulated/trace-derived
c2-hot,热点 97/1/1/1,dst7,27.250000,27.500000,27.375000,0.000000,0.000000,0.000000,100.000000,0.250000,ns3-simulated/trace-derived
c2-hot,热点 97/1/1/1,dst7,27.500000,27.750000,27.625000,0.000000,0.000000,0.000000,100.000000,0.250000,ns3-simulated/trace-derived
c2-hot,热点 97/1/1/1,dst7,27.750000,28.000000,27.875000,0.000000,0.000000,0.000000,100.000000,0.250000,ns3-simulated/trace-derived
c2-hot,热点 97/1/1/1,dst7,28.000000,28.250000,28.125000,0.000000,0.000000,0.000000,100.000000,0.250000,ns3-simulated/trace-derived
c2-hot,热点 97/1/1/1,dst7,28.250000,28.500000,28.375000,0.000000,0.000000,0.000000,100.000000,0.250000,ns3-simulated/trace-derived
c2-hot,热点 97/1/1/1,dst7,28.500000,28.750000,28.625000,0.000000,0.000000,0.000000,100.000000,0.250000,ns3-simulated/trace-derived
c2-hot,热点 97/1/1/1,dst7,28.750000,29.000000,28.875000,0.000000,0.000000,0.000000,100.000000,0.250000,ns3-simulated/trace-derived
c2-hot,热点 97/1/1/1,dst7,29.000000,29.250000,29.125000,0.000000,0.000000,0.000000,100.000000,0.250000,ns3-simulated/trace-derived
c2-hot,热点 97/1/1/1,dst7,29.250000,29.500000,29.375000,0.000000,0.000000,0.000000,100.000000,0.250000,ns3-simulated/trace-derived
c2-hot,热点 97/1/1/1,dst7,29.500000,29.750000,29.625000,0.000000,0.000000,0.000000,100.000000,0.250000,ns3-simulated/trace-derived
c2-hot,热点 97/1/1/1,dst7,29.750000,30.000000,29.875000,0.000000,0.000000,0.000000,100.000000,0.250000,ns3-simulated/trace-derived
c2-hot,热点 97/1/1/1,dst7,30.000000,30.250000,30.125000,0.000000,0.000000,0.000000,100.000000,0.250000,ns3-simulated/trace-derived
c2-hot,热点 97/1/1/1,dst7,30.250000,30.500000,30.375000,0.000000,0.000000,0.000000,100.000000,0.250000,ns3-simulated/trace-derived
c2-hot,热点 97/1/1/1,dst7,30.500000,30.750000,30.625000,0.000000,0.000000,0.000000,100.000000,0.250000,ns3-simulated/trace-derived
c2-hot,热点 97/1/1/1,dst7,30.750000,31.000000,30.875000,0.000000,0.000000,0.000000,100.000000,0.250000,ns3-simulated/trace-derived
c2-hot,热点 97/1/1/1,dst7,31.000000,31.250000,31.125000,0.000000,0.000000,0.000000,100.000000,0.250000,ns3-simulated/trace-derived
c2-hot,热点 97/1/1/1,dst7,31.250000,31.500000,31.375000,0.000000,0.000000,0.000000,100.000000,0.250000,ns3-simulated/trace-derived
c2-hot,热点 97/1/1/1,dst7,31.500000,31.750000,31.625000,0.000000,0.000000,0.000000,100.000000,0.250000,ns3-simulated/trace-derived
c2-hot,热点 97/1/1/1,dst7,31.750000,32.000000,31.875000,0.000000,0.000000,0.000000,100.000000,0.250000,ns3-simulated/trace-derived
c2-hot,热点 97/1/1/1,dst7,32.000000,32.250000,32.125000,0.000000,0.000000,0.000000,100.000000,0.250000,ns3-simulated/trace-derived
c2-hot,热点 97/1/1/1,dst7,32.250000,32.500000,32.375000,0.000000,0.000000,0.000000,100.000000,0.250000,ns3-simulated/trace-derived
c2-hot,热点 97/1/1/1,dst7,32.500000,32.750000,32.625000,0.000000,0.000000,0.000000,100.000000,0.250000,ns3-simulated/trace-derived
c2-hot,热点 97/1/1/1,dst7,32.750000,33.000000,32.875000,0.000000,0.000000,0.000000,100.000000,0.250000,ns3-simulated/trace-derived
c2-hot,热点 97/1/1/1,dst7,33.000000,33.250000,33.125000,0.000000,0.000000,0.000000,100.000000,0.250000,ns3-simulated/trace-derived
c2-hot,热点 97/1/1/1,dst7,33.250000,33.500000,33.375000,0.000000,0.000000,0.000000,100.000000,0.250000,ns3-simulated/trace-derived
c2-hot,热点 97/1/1/1,dst7,33.500000,33.750000,33.625000,0.000000,0.000000,0.000000,100.000000,0.250000,ns3-simulated/trace-derived
c2-hot,热点 97/1/1/1,dst7,33.750000,34.000000,33.875000,0.000000,0.000000,0.000000,100.000000,0.250000,ns3-simulated/trace-derived
c2-hot,热点 97/1/1/1,dst7,34.000000,34.250000,34.125000,0.000000,0.000000,0.000000,100.000000,0.250000,ns3-simulated/trace-derived
c2-hot,热点 97/1/1/1,dst7,34.250000,34.500000,34.375000,0.000000,0.000000,0.000000,100.000000,0.250000,ns3-simulated/trace-derived
c2-hot,热点 97/1/1/1,dst7,34.500000,34.750000,34.625000,0.000000,0.000000,0.000000,100.000000,0.250000,ns3-simulated/trace-derived
c2-hot,热点 97/1/1/1,dst7,34.750000,35.000000,34.875000,0.000000,0.000000,0.000000,100.000000,0.250000,ns3-simulated/trace-derived
c2-hot,热点 97/1/1/1,dst7,35.000000,35.250000,35.125000,0.000000,0.000000,0.000000,100.000000,0.250000,ns3-simulated/trace-derived
c2-hot,热点 97/1/1/1,dst7,35.250000,35.500000,35.375000,0.000000,0.000000,0.000000,100.000000,0.250000,ns3-simulated/trace-derived
c2-hot,热点 97/1/1/1,dst7,35.500000,35.750000,35.625000,0.000000,0.000000,0.000000,100.000000,0.250000,ns3-simulated/trace-derived
c2-hot,热点 97/1/1/1,dst7,35.750000,36.000000,35.875000,0.000000,0.000000,0.000000,100.000000,0.250000,ns3-simulated/trace-derived
c2-hot,热点 97/1/1/1,dst7,36.000000,36.250000,36.125000,0.000000,0.000000,0.000000,100.000000,0.250000,ns3-simulated/trace-derived
c2-hot,热点 97/1/1/1,dst7,36.250000,36.500000,36.375000,0.000000,0.000000,0.000000,100.000000,0.250000,ns3-simulated/trace-derived
c2-hot,热点 97/1/1/1,dst7,36.500000,36.750000,36.625000,0.000000,0.000000,0.000000,100.000000,0.250000,ns3-simulated/trace-derived
c2-hot,热点 97/1/1/1,dst7,36.750000,37.000000,36.875000,0.000000,0.000000,0.000000,100.000000,0.250000,ns3-simulated/trace-derived
c2-hot,热点 97/1/1/1,dst7,37.000000,37.250000,37.125000,0.000000,0.000000,0.000000,100.000000,0.250000,ns3-simulated/trace-derived
c2-hot,热点 97/1/1/1,dst7,37.250000,37.500000,37.375000,0.000000,0.000000,0.000000,100.000000,0.250000,ns3-simulated/trace-derived
c2-hot,热点 97/1/1/1,dst7,37.500000,37.750000,37.625000,0.000000,0.000000,0.000000,100.000000,0.250000,ns3-simulated/trace-derived
c2-hot,热点 97/1/1/1,dst7,37.750000,38.000000,37.875000,0.000000,0.000000,0.000000,100.000000,0.250000,ns3-simulated/trace-derived
c2-hot,热点 97/1/1/1,dst7,38.000000,38.250000,38.125000,0.000000,0.000000,0.000000,100.000000,0.250000,ns3-simulated/trace-derived
c2-hot,热点 97/1/1/1,dst7,38.250000,38.500000,38.375000,0.000000,0.000000,0.000000,100.000000,0.250000,ns3-simulated/trace-derived
c2-hot,热点 97/1/1/1,dst7,38.500000,38.750000,38.625000,0.000000,0.000000,0.000000,100.000000,0.250000,ns3-simulated/trace-derived
c2-hot,热点 97/1/1/1,dst7,38.750000,39.000000,38.875000,0.000000,0.000000,0.000000,100.000000,0.250000,ns3-simulated/trace-derived
c2-hot,热点 97/1/1/1,dst7,39.000000,39.250000,39.125000,0.000000,0.000000,0.000000,100.000000,0.250000,ns3-simulated/trace-derived
c2-hot,热点 97/1/1/1,dst7,39.250000,39.500000,39.375000,0.000000,0.000000,0.000000,100.000000,0.250000,ns3-simulated/trace-derived
c2-hot,热点 97/1/1/1,dst7,39.500000,39.750000,39.625000,0.000000,0.000000,0.000000,100.000000,0.250000,ns3-simulated/trace-derived
c2-hot,热点 97/1/1/1,dst7,39.750000,40.000000,39.875000,0.000000,0.000000,0.000000,100.000000,0.250000,ns3-simulated/trace-derived
c2-hot,热点 97/1/1/1,dst7,40.000000,40.250000,40.125000,0.000000,0.000000,0.000000,100.000000,0.250000,ns3-simulated/trace-derived
c2-hot,热点 97/1/1/1,dst7,40.250000,40.500000,40.375000,0.000000,0.000000,0.000000,100.000000,0.250000,ns3-simulated/trace-derived
c2-hot,热点 97/1/1/1,dst7,40.500000,40.750000,40.625000,0.000000,0.000000,0.000000,100.000000,0.250000,ns3-simulated/trace-derived
c2-hot,热点 97/1/1/1,dst7,40.750000,41.000000,40.875000,0.000000,0.000000,0.000000,100.000000,0.250000,ns3-simulated/trace-derived
c2-hot,热点 97/1/1/1,dst7,41.000000,41.250000,41.125000,0.000000,0.000000,0.000000,100.000000,0.250000,ns3-simulated/trace-derived
c2-hot,热点 97/1/1/1,dst7,41.250000,41.500000,41.375000,0.000000,0.000000,0.000000,100.000000,0.250000,ns3-simulated/trace-derived
c2-hot,热点 97/1/1/1,dst7,41.500000,41.750000,41.625000,0.000000,0.000000,0.000000,100.000000,0.250000,ns3-simulated/trace-derived
c2-hot,热点 97/1/1/1,dst7,41.750000,42.000000,41.875000,0.000000,0.000000,0.000000,100.000000,0.250000,ns3-simulated/trace-derived
c2-hot,热点 97/1/1/1,dst7,42.000000,42.250000,42.125000,0.000000,0.000000,0.000000,100.000000,0.250000,ns3-simulated/trace-derived
c2-hot,热点 97/1/1/1,dst7,42.250000,42.500000,42.375000,0.000000,0.000000,0.000000,100.000000,0.250000,ns3-simulated/trace-derived
c2-hot,热点 97/1/1/1,dst7,42.500000,42.750000,42.625000,0.000000,0.000000,0.000000,100.000000,0.250000,ns3-simulated/trace-derived
c2-hot,热点 97/1/1/1,dst7,42.750000,43.000000,42.875000,0.000000,0.000000,0.000000,100.000000,0.250000,ns3-simulated/trace-derived
c2-hot,热点 97/1/1/1,dst7,43.000000,43.250000,43.125000,0.000000,0.000000,0.000000,100.000000,0.250000,ns3-simulated/trace-derived
c2-hot,热点 97/1/1/1,dst7,43.250000,43.500000,43.375000,0.000000,0.000000,0.000000,100.000000,0.250000,ns3-simulated/trace-derived
c2-hot,热点 97/1/1/1,dst7,43.500000,43.750000,43.625000,0.000000,0.000000,0.000000,100.000000,0.250000,ns3-simulated/trace-derived
c2-hot,热点 97/1/1/1,dst7,43.750000,44.000000,43.875000,0.000000,0.000000,0.000000,100.000000,0.250000,ns3-simulated/trace-derived
c2-hot,热点 97/1/1/1,dst7,44.000000,44.250000,44.125000,0.000000,0.000000,0.000000,100.000000,0.250000,ns3-simulated/trace-derived
c2-hot,热点 97/1/1/1,dst7,44.250000,44.500000,44.375000,0.000000,0.000000,0.000000,100.000000,0.250000,ns3-simulated/trace-derived
c2-hot,热点 97/1/1/1,dst7,44.500000,44.750000,44.625000,0.000000,0.000000,0.000000,100.000000,0.250000,ns3-simulated/trace-derived
c2-hot,热点 97/1/1/1,dst7,44.750000,45.000000,44.875000,0.000000,0.000000,0.000000,100.000000,0.250000,ns3-simulated/trace-derived
c2-hot,热点 97/1/1/1,dst7,45.000000,45.250000,45.125000,0.000000,0.000000,0.000000,100.000000,0.250000,ns3-simulated/trace-derived
c2-hot,热点 97/1/1/1,dst7,45.250000,45.500000,45.375000,0.000000,0.000000,0.000000,100.000000,0.250000,ns3-simulated/trace-derived
c2-hot,热点 97/1/1/1,dst7,45.500000,45.750000,45.625000,0.000000,0.000000,0.000000,100.000000,0.250000,ns3-simulated/trace-derived
c2-hot,热点 97/1/1/1,dst7,45.750000,46.000000,45.875000,0.000000,0.000000,0.000000,100.000000,0.250000,ns3-simulated/trace-derived
c2-hot,热点 97/1/1/1,dst7,46.000000,46.250000,46.125000,0.000000,0.000000,0.000000,100.000000,0.250000,ns3-simulated/trace-derived
c2-hot,热点 97/1/1/1,dst7,46.250000,46.500000,46.375000,0.000000,0.000000,0.000000,100.000000,0.250000,ns3-simulated/trace-derived
c2-hot,热点 97/1/1/1,dst7,46.500000,46.750000,46.625000,0.000000,0.000000,0.000000,100.000000,0.250000,ns3-simulated/trace-derived
c2-hot,热点 97/1/1/1,dst7,46.750000,47.000000,46.875000,0.000000,0.000000,0.000000,100.000000,0.250000,ns3-simulated/trace-derived
c2-hot,热点 97/1/1/1,dst7,47.000000,47.250000,47.125000,0.000000,0.000000,0.000000,100.000000,0.250000,ns3-simulated/trace-derived
c2-hot,热点 97/1/1/1,dst7,47.250000,47.500000,47.375000,0.000000,0.000000,0.000000,100.000000,0.250000,ns3-simulated/trace-derived
c2-hot,热点 97/1/1/1,dst7,47.500000,47.750000,47.625000,0.000000,0.000000,0.000000,100.000000,0.250000,ns3-simulated/trace-derived
c2-hot,热点 97/1/1/1,dst7,47.750000,48.000000,47.875000,0.000000,0.000000,0.000000,100.000000,0.250000,ns3-simulated/trace-derived
c2-hot,热点 97/1/1/1,dst7,48.000000,48.250000,48.125000,0.000000,0.000000,0.000000,100.000000,0.250000,ns3-simulated/trace-derived
c2-hot,热点 97/1/1/1,dst7,48.250000,48.500000,48.375000,0.000000,0.000000,0.000000,100.000000,0.250000,ns3-simulated/trace-derived
c2-hot,热点 97/1/1/1,dst7,48.500000,48.750000,48.625000,0.000000,0.000000,0.000000,100.000000,0.250000,ns3-simulated/trace-derived
c2-hot,热点 97/1/1/1,dst7,48.750000,49.000000,48.875000,0.000000,0.000000,0.000000,100.000000,0.250000,ns3-simulated/trace-derived
c2-hot,热点 97/1/1/1,dst7,49.000000,49.250000,49.125000,0.000000,0.000000,0.000000,100.000000,0.250000,ns3-simulated/trace-derived
c2-hot,热点 97/1/1/1,dst7,49.250000,49.500000,49.375000,0.000000,0.000000,0.000000,100.000000,0.250000,ns3-simulated/trace-derived
c2-hot,热点 97/1/1/1,dst7,49.500000,49.750000,49.625000,0.000000,0.000000,0.000000,100.000000,0.250000,ns3-simulated/trace-derived
c2-hot,热点 97/1/1/1,dst7,49.750000,50.000000,49.875000,0.000000,0.000000,0.000000,100.000000,0.250000,ns3-simulated/trace-derived
c2-hot,热点 97/1/1/1,dst7,50.000000,50.250000,50.125000,0.000000,0.000000,0.000000,100.000000,0.250000,ns3-simulated/trace-derived
c2-hot,热点 97/1/1/1,dst7,50.250000,50.500000,50.375000,0.000000,0.000000,0.000000,100.000000,0.250000,ns3-simulated/trace-derived
c2-hot,热点 97/1/1/1,dst7,50.500000,50.750000,50.625000,0.000000,0.000000,0.000000,100.000000,0.250000,ns3-simulated/trace-derived
c2-hot,热点 97/1/1/1,dst7,50.750000,51.000000,50.875000,0.000000,0.000000,0.000000,100.000000,0.250000,ns3-simulated/trace-derived
c2-hot,热点 97/1/1/1,dst7,51.000000,51.250000,51.125000,0.000000,0.000000,0.000000,100.000000,0.250000,ns3-simulated/trace-derived
c2-hot,热点 97/1/1/1,dst7,51.250000,51.500000,51.375000,0.000000,0.000000,0.000000,100.000000,0.250000,ns3-simulated/trace-derived
c2-hot,热点 97/1/1/1,dst7,51.500000,51.750000,51.625000,0.000000,0.000000,0.000000,100.000000,0.250000,ns3-simulated/trace-derived
c2-hot,热点 97/1/1/1,dst7,51.750000,52.000000,51.875000,0.000000,0.000000,0.000000,100.000000,0.250000,ns3-simulated/trace-derived
c2-hot,热点 97/1/1/1,dst7,52.000000,52.250000,52.125000,0.000000,0.000000,0.000000,100.000000,0.250000,ns3-simulated/trace-derived
c2-hot,热点 97/1/1/1,dst7,52.250000,52.500000,52.375000,0.000000,0.000000,0.000000,100.000000,0.250000,ns3-simulated/trace-derived
c2-hot,热点 97/1/1/1,dst7,52.500000,52.750000,52.625000,0.000000,0.000000,0.000000,100.000000,0.250000,ns3-simulated/trace-derived
c2-hot,热点 97/1/1/1,dst7,52.750000,53.000000,52.875000,0.000000,0.000000,0.000000,100.000000,0.250000,ns3-simulated/trace-derived
c2-hot,热点 97/1/1/1,dst7,53.000000,53.250000,53.125000,0.000000,0.000000,0.000000,100.000000,0.250000,ns3-simulated/trace-derived
c2-hot,热点 97/1/1/1,dst7,53.250000,53.500000,53.375000,0.000000,0.000000,0.000000,100.000000,0.250000,ns3-simulated/trace-derived
c2-hot,热点 97/1/1/1,dst7,53.500000,53.750000,53.625000,0.000000,0.000000,0.000000,100.000000,0.250000,ns3-simulated/trace-derived
c2-hot,热点 97/1/1/1,dst7,53.750000,54.000000,53.875000,0.000000,0.000000,0.000000,100.000000,0.250000,ns3-simulated/trace-derived
c2-hot,热点 97/1/1/1,dst7,54.000000,54.250000,54.125000,0.000000,0.000000,0.000000,100.000000,0.250000,ns3-simulated/trace-derived
c2-hot,热点 97/1/1/1,dst7,54.250000,54.500000,54.375000,0.000000,0.000000,0.000000,100.000000,0.250000,ns3-simulated/trace-derived
c2-hot,热点 97/1/1/1,dst7,54.500000,54.750000,54.625000,0.000000,0.000000,0.000000,100.000000,0.250000,ns3-simulated/trace-derived
c2-hot,热点 97/1/1/1,dst7,54.750000,55.000000,54.875000,0.000000,0.000000,0.000000,100.000000,0.250000,ns3-simulated/trace-derived
c2-hot,热点 97/1/1/1,dst7,55.000000,55.250000,55.125000,0.000000,0.000000,0.000000,100.000000,0.250000,ns3-simulated/trace-derived
c2-hot,热点 97/1/1/1,dst7,55.250000,55.500000,55.375000,0.000000,0.000000,0.000000,100.000000,0.250000,ns3-simulated/trace-derived
c2-hot,热点 97/1/1/1,dst7,55.500000,55.750000,55.625000,0.000000,0.000000,0.000000,100.000000,0.250000,ns3-simulated/trace-derived
c2-hot,热点 97/1/1/1,dst7,55.750000,56.000000,55.875000,0.000000,0.000000,0.000000,100.000000,0.250000,ns3-simulated/trace-derived
c2-hot,热点 97/1/1/1,dst7,56.000000,56.250000,56.125000,0.000000,0.000000,0.000000,100.000000,0.250000,ns3-simulated/trace-derived
c2-hot,热点 97/1/1/1,dst7,56.250000,56.500000,56.375000,0.000000,0.000000,0.000000,100.000000,0.250000,ns3-simulated/trace-derived
c2-hot,热点 97/1/1/1,dst7,56.500000,56.750000,56.625000,0.000000,0.000000,0.000000,100.000000,0.250000,ns3-simulated/trace-derived
c2-hot,热点 97/1/1/1,dst7,56.750000,57.000000,56.875000,0.000000,0.000000,0.000000,100.000000,0.250000,ns3-simulated/trace-derived
c2-hot,热点 97/1/1/1,dst7,57.000000,57.250000,57.125000,0.000000,0.000000,0.000000,100.000000,0.250000,ns3-simulated/trace-derived
c2-hot,热点 97/1/1/1,dst7,57.250000,57.500000,57.375000,0.000000,0.000000,0.000000,100.000000,0.250000,ns3-simulated/trace-derived
c2-hot,热点 97/1/1/1,dst7,57.500000,57.750000,57.625000,0.000000,0.000000,0.000000,100.000000,0.250000,ns3-simulated/trace-derived
c2-hot,热点 97/1/1/1,dst7,57.750000,58.000000,57.875000,0.000000,0.000000,0.000000,100.000000,0.250000,ns3-simulated/trace-derived
c2-hot,热点 97/1/1/1,dst7,58.000000,58.250000,58.125000,0.000000,0.000000,0.000000,100.000000,0.250000,ns3-simulated/trace-derived
c2-hot,热点 97/1/1/1,dst7,58.250000,58.500000,58.375000,0.000000,0.000000,0.000000,100.000000,0.250000,ns3-simulated/trace-derived
c2-hot,热点 97/1/1/1,dst7,58.500000,58.750000,58.625000,0.000000,0.000000,0.000000,100.000000,0.250000,ns3-simulated/trace-derived
c2-hot,热点 97/1/1/1,dst7,58.750000,59.000000,58.875000,0.000000,0.000000,0.000000,100.000000,0.250000,ns3-simulated/trace-derived
c2-hot,热点 97/1/1/1,dst7,59.000000,59.250000,59.125000,0.000000,0.000000,0.000000,100.000000,0.250000,ns3-simulated/trace-derived
c2-hot,热点 97/1/1/1,dst7,59.250000,59.500000,59.375000,0.000000,0.000000,0.000000,100.000000,0.250000,ns3-simulated/trace-derived
c2-hot,热点 97/1/1/1,dst7,59.500000,59.750000,59.625000,0.000000,0.000000,0.000000,100.000000,0.250000,ns3-simulated/trace-derived
c2-hot,热点 97/1/1/1,dst7,59.750000,60.000000,59.875000,0.000000,0.000000,0.000000,100.000000,0.250000,ns3-simulated/trace-derived
c2-hot,热点 97/1/1/1,dst7,60.000000,60.250000,60.125000,0.000000,0.000000,0.000000,100.000000,0.250000,ns3-simulated/trace-derived
c2-hot,热点 97/1/1/1,dst7,60.250000,60.500000,60.375000,0.000000,0.000000,0.000000,100.000000,0.250000,ns3-simulated/trace-derived
c2-hot,热点 97/1/1/1,dst7,60.500000,60.750000,60.625000,0.000000,0.000000,0.000000,100.000000,0.250000,ns3-simulated/trace-derived
c2-hot,热点 97/1/1/1,dst7,60.750000,61.000000,60.875000,0.000000,0.000000,0.000000,100.000000,0.250000,ns3-simulated/trace-derived
c2-hot,热点 97/1/1/1,dst7,61.000000,61.250000,61.125000,0.000000,0.000000,0.000000,100.000000,0.250000,ns3-simulated/trace-derived
c2-hot,热点 97/1/1/1,dst7,61.250000,61.500000,61.375000,0.000000,0.000000,0.000000,100.000000,0.250000,ns3-simulated/trace-derived
c2-hot,热点 97/1/1/1,dst7,61.500000,61.750000,61.625000,0.000000,0.000000,0.000000,100.000000,0.250000,ns3-simulated/trace-derived
c2-hot,热点 97/1/1/1,dst7,61.750000,62.000000,61.875000,0.000000,0.000000,0.000000,100.000000,0.250000,ns3-simulated/trace-derived
c2-hot,热点 97/1/1/1,dst7,62.000000,62.250000,62.125000,0.000000,0.000000,0.000000,100.000000,0.250000,ns3-simulated/trace-derived
c2-hot,热点 97/1/1/1,dst7,62.250000,62.500000,62.375000,0.000000,0.000000,0.000000,100.000000,0.250000,ns3-simulated/trace-derived
c2-hot,热点 97/1/1/1,dst7,62.500000,62.750000,62.625000,0.000000,0.000000,0.000000,100.000000,0.250000,ns3-simulated/trace-derived
c2-hot,热点 97/1/1/1,dst7,62.750000,63.000000,62.875000,0.000000,0.000000,0.000000,100.000000,0.250000,ns3-simulated/trace-derived
c2-hot,热点 97/1/1/1,dst7,63.000000,63.250000,63.125000,0.000000,0.000000,0.000000,100.000000,0.250000,ns3-simulated/trace-derived
c2-hot,热点 97/1/1/1,dst7,63.250000,63.500000,63.375000,0.000000,0.000000,0.000000,100.000000,0.250000,ns3-simulated/trace-derived
c2-hot,热点 97/1/1/1,dst7,63.500000,63.750000,63.625000,0.000000,0.000000,0.000000,100.000000,0.250000,ns3-simulated/trace-derived
c2-hot,热点 97/1/1/1,dst7,63.750000,64.000000,63.875000,0.000000,0.000000,0.000000,100.000000,0.250000,ns3-simulated/trace-derived
c2-hot,热点 97/1/1/1,dst7,64.000000,64.250000,64.125000,0.000000,0.000000,0.000000,100.000000,0.250000,ns3-simulated/trace-derived
c2-hot,热点 97/1/1/1,dst7,64.250000,64.500000,64.375000,0.000000,0.000000,0.000000,100.000000,0.250000,ns3-simulated/trace-derived
c2-hot,热点 97/1/1/1,dst7,64.500000,64.750000,64.625000,0.000000,0.000000,0.000000,100.000000,0.250000,ns3-simulated/trace-derived
c2-hot,热点 97/1/1/1,dst7,64.750000,65.000000,64.875000,0.000000,0.000000,0.000000,100.000000,0.250000,ns3-simulated/trace-derived
c2-hot,热点 97/1/1/1,dst7,65.000000,65.250000,65.125000,0.000000,0.000000,0.000000,100.000000,0.250000,ns3-simulated/trace-derived
c2-hot,热点 97/1/1/1,dst7,65.250000,65.500000,65.375000,0.000000,0.000000,0.000000,100.000000,0.250000,ns3-simulated/trace-derived
c2-hot,热点 97/1/1/1,dst7,65.500000,65.750000,65.625000,0.000000,0.000000,0.000000,100.000000,0.250000,ns3-simulated/trace-derived
c2-hot,热点 97/1/1/1,dst7,65.750000,66.000000,65.875000,0.000000,0.000000,0.000000,100.000000,0.250000,ns3-simulated/trace-derived
c2-hot,热点 97/1/1/1,dst7,66.000000,66.250000,66.125000,0.000000,0.000000,0.000000,100.000000,0.250000,ns3-simulated/trace-derived
c2-hot,热点 97/1/1/1,dst7,66.250000,66.500000,66.375000,0.000000,0.000000,0.000000,100.000000,0.250000,ns3-simulated/trace-derived
c2-hot,热点 97/1/1/1,dst7,66.500000,66.750000,66.625000,0.000000,0.000000,0.000000,100.000000,0.250000,ns3-simulated/trace-derived
c2-hot,热点 97/1/1/1,dst7,66.750000,67.000000,66.875000,0.000000,0.000000,0.000000,100.000000,0.250000,ns3-simulated/trace-derived
c2-hot,热点 97/1/1/1,dst7,67.000000,67.250000,67.125000,0.000000,0.000000,0.000000,100.000000,0.250000,ns3-simulated/trace-derived
c2-hot,热点 97/1/1/1,dst7,67.250000,67.500000,67.375000,0.000000,0.000000,0.000000,100.000000,0.250000,ns3-simulated/trace-derived
c2-hot,热点 97/1/1/1,dst7,67.500000,67.750000,67.625000,0.000000,0.000000,0.000000,100.000000,0.250000,ns3-simulated/trace-derived
c2-hot,热点 97/1/1/1,dst7,67.750000,68.000000,67.875000,0.000000,0.000000,0.000000,100.000000,0.250000,ns3-simulated/trace-derived
c2-hot,热点 97/1/1/1,dst7,68.000000,68.250000,68.125000,0.000000,0.000000,0.000000,100.000000,0.250000,ns3-simulated/trace-derived
c2-hot,热点 97/1/1/1,dst7,68.250000,68.500000,68.375000,0.000000,0.000000,0.000000,100.000000,0.250000,ns3-simulated/trace-derived
c2-hot,热点 97/1/1/1,dst7,68.500000,68.750000,68.625000,0.000000,0.000000,0.000000,100.000000,0.250000,ns3-simulated/trace-derived
c2-hot,热点 97/1/1/1,dst7,68.750000,69.000000,68.875000,0.000000,0.000000,0.000000,100.000000,0.250000,ns3-simulated/trace-derived
c2-hot,热点 97/1/1/1,dst7,69.000000,69.250000,69.125000,0.000000,0.000000,0.000000,100.000000,0.250000,ns3-simulated/trace-derived
c2-hot,热点 97/1/1/1,dst7,69.250000,69.500000,69.375000,0.000000,0.000000,0.000000,100.000000,0.250000,ns3-simulated/trace-derived
c2-hot,热点 97/1/1/1,dst7,69.500000,69.750000,69.625000,0.000000,0.000000,0.000000,100.000000,0.250000,ns3-simulated/trace-derived
c2-hot,热点 97/1/1/1,dst7,69.750000,70.000000,69.875000,0.000000,0.000000,0.000000,100.000000,0.250000,ns3-simulated/trace-derived
c2-hot,热点 97/1/1/1,dst7,70.000000,70.250000,70.125000,0.000000,0.000000,0.000000,100.000000,0.250000,ns3-simulated/trace-derived
c2-hot,热点 97/1/1/1,dst7,70.250000,70.500000,70.375000,0.000000,0.000000,0.000000,100.000000,0.250000,ns3-simulated/trace-derived
c2-hot,热点 97/1/1/1,dst7,70.500000,70.750000,70.625000,0.000000,0.000000,0.000000,100.000000,0.250000,ns3-simulated/trace-derived
c2-hot,热点 97/1/1/1,dst7,70.750000,71.000000,70.875000,0.000000,0.000000,0.000000,100.000000,0.250000,ns3-simulated/trace-derived
c2-hot,热点 97/1/1/1,dst7,71.000000,71.250000,71.125000,0.000000,0.000000,0.000000,100.000000,0.250000,ns3-simulated/trace-derived
c2-hot,热点 97/1/1/1,dst7,71.250000,71.500000,71.375000,0.000000,0.000000,0.000000,100.000000,0.250000,ns3-simulated/trace-derived
c2-hot,热点 97/1/1/1,dst7,71.500000,71.750000,71.625000,0.000000,0.000000,0.000000,100.000000,0.250000,ns3-simulated/trace-derived
c2-hot,热点 97/1/1/1,dst7,71.750000,72.000000,71.875000,0.000000,0.000000,0.000000,100.000000,0.250000,ns3-simulated/trace-derived
c2-hot,热点 97/1/1/1,dst7,72.000000,72.250000,72.125000,0.000000,0.000000,0.000000,100.000000,0.250000,ns3-simulated/trace-derived
c2-hot,热点 97/1/1/1,dst7,72.250000,72.500000,72.375000,0.000000,0.000000,0.000000,100.000000,0.250000,ns3-simulated/trace-derived
c2-hot,热点 97/1/1/1,dst7,72.500000,72.750000,72.625000,0.000000,0.000000,0.000000,100.000000,0.250000,ns3-simulated/trace-derived
c2-hot,热点 97/1/1/1,dst7,72.750000,73.000000,72.875000,0.000000,0.000000,0.000000,100.000000,0.250000,ns3-simulated/trace-derived
c2-hot,热点 97/1/1/1,dst7,73.000000,73.250000,73.125000,0.000000,0.000000,0.000000,100.000000,0.250000,ns3-simulated/trace-derived
c2-hot,热点 97/1/1/1,dst7,73.250000,73.500000,73.375000,0.000000,0.000000,0.000000,100.000000,0.250000,ns3-simulated/trace-derived
c2-hot,热点 97/1/1/1,dst7,73.500000,73.750000,73.625000,0.000000,0.000000,0.000000,100.000000,0.250000,ns3-simulated/trace-derived
c2-hot,热点 97/1/1/1,dst7,73.750000,74.000000,73.875000,0.000000,0.000000,0.000000,100.000000,0.250000,ns3-simulated/trace-derived
c2-hot,热点 97/1/1/1,dst7,74.000000,74.250000,74.125000,0.000000,0.000000,0.000000,100.000000,0.250000,ns3-simulated/trace-derived
c2-hot,热点 97/1/1/1,dst7,74.250000,74.500000,74.375000,0.000000,0.000000,0.000000,100.000000,0.250000,ns3-simulated/trace-derived
c2-hot,热点 97/1/1/1,dst7,74.500000,74.750000,74.625000,0.000000,0.000000,0.000000,100.000000,0.250000,ns3-simulated/trace-derived
c2-hot,热点 97/1/1/1,dst7,74.750000,75.000000,74.875000,0.000000,0.000000,0.000000,100.000000,0.250000,ns3-simulated/trace-derived
c2-hot,热点 97/1/1/1,dst7,75.000000,75.250000,75.125000,0.000000,0.000000,0.000000,100.000000,0.250000,ns3-simulated/trace-derived
c2-hot,热点 97/1/1/1,dst7,75.250000,75.500000,75.375000,0.000000,0.000000,0.000000,100.000000,0.250000,ns3-simulated/trace-derived
c2-hot,热点 97/1/1/1,dst7,75.500000,75.750000,75.625000,0.000000,0.000000,0.000000,100.000000,0.250000,ns3-simulated/trace-derived
c2-hot,热点 97/1/1/1,dst7,75.750000,76.000000,75.875000,0.000000,0.000000,0.000000,100.000000,0.250000,ns3-simulated/trace-derived
c2-hot,热点 97/1/1/1,dst7,76.000000,76.250000,76.125000,0.000000,0.000000,0.000000,100.000000,0.250000,ns3-simulated/trace-derived
c2-hot,热点 97/1/1/1,dst7,76.250000,76.500000,76.375000,0.000000,0.000000,0.000000,100.000000,0.250000,ns3-simulated/trace-derived
c2-hot,热点 97/1/1/1,dst7,76.500000,76.750000,76.625000,0.000000,0.000000,0.000000,100.000000,0.250000,ns3-simulated/trace-derived
c2-hot,热点 97/1/1/1,dst7,76.750000,77.000000,76.875000,0.000000,0.000000,0.000000,100.000000,0.250000,ns3-simulated/trace-derived
c2-hot,热点 97/1/1/1,dst7,77.000000,77.250000,77.125000,0.000000,0.000000,0.000000,100.000000,0.250000,ns3-simulated/trace-derived
c2-hot,热点 97/1/1/1,dst7,77.250000,77.500000,77.375000,0.000000,0.000000,0.000000,100.000000,0.250000,ns3-simulated/trace-derived
c2-hot,热点 97/1/1/1,dst7,77.500000,77.750000,77.625000,0.000000,0.000000,0.000000,100.000000,0.250000,ns3-simulated/trace-derived
c2-hot,热点 97/1/1/1,dst7,77.750000,78.000000,77.875000,0.000000,0.000000,0.000000,100.000000,0.250000,ns3-simulated/trace-derived
c2-hot,热点 97/1/1/1,dst7,78.000000,78.250000,78.125000,0.000000,0.000000,0.000000,100.000000,0.250000,ns3-simulated/trace-derived
c2-hot,热点 97/1/1/1,dst7,78.250000,78.500000,78.375000,0.000000,0.000000,0.000000,100.000000,0.250000,ns3-simulated/trace-derived
c2-hot,热点 97/1/1/1,dst7,78.500000,78.750000,78.625000,0.000000,0.000000,0.000000,100.000000,0.250000,ns3-simulated/trace-derived
c2-hot,热点 97/1/1/1,dst7,78.750000,79.000000,78.875000,0.000000,0.000000,0.000000,100.000000,0.250000,ns3-simulated/trace-derived
c2-hot,热点 97/1/1/1,dst7,79.000000,79.250000,79.125000,0.000000,0.000000,0.000000,100.000000,0.250000,ns3-simulated/trace-derived
c2-hot,热点 97/1/1/1,dst7,79.250000,79.500000,79.375000,0.000000,0.000000,0.000000,100.000000,0.250000,ns3-simulated/trace-derived
c2-hot,热点 97/1/1/1,dst7,79.500000,79.750000,79.625000,0.000000,0.000000,0.000000,100.000000,0.250000,ns3-simulated/trace-derived
c2-hot,热点 97/1/1/1,dst7,79.750000,80.000000,79.875000,0.000000,0.000000,0.000000,100.000000,0.250000,ns3-simulated/trace-derived
c2-hot,热点 97/1/1/1,dst7,80.000000,80.250000,80.125000,0.000000,0.000000,0.000000,100.000000,0.250000,ns3-simulated/trace-derived
c2-hot,热点 97/1/1/1,dst7,80.250000,80.500000,80.375000,0.000000,0.000000,0.000000,100.000000,0.250000,ns3-simulated/trace-derived
c2-hot,热点 97/1/1/1,dst7,80.500000,80.750000,80.625000,0.000000,0.000000,0.000000,100.000000,0.250000,ns3-simulated/trace-derived
c2-hot,热点 97/1/1/1,dst7,80.750000,81.000000,80.875000,0.000000,0.000000,0.000000,100.000000,0.250000,ns3-simulated/trace-derived
c2-hot,热点 97/1/1/1,dst7,81.000000,81.250000,81.125000,0.000000,0.000000,0.000000,100.000000,0.250000,ns3-simulated/trace-derived
c2-hot,热点 97/1/1/1,dst7,81.250000,81.500000,81.375000,0.000000,0.000000,0.000000,100.000000,0.250000,ns3-simulated/trace-derived
c2-hot,热点 97/1/1/1,dst7,81.500000,81.750000,81.625000,0.000000,0.000000,0.000000,100.000000,0.250000,ns3-simulated/trace-derived
c2-hot,热点 97/1/1/1,dst7,81.750000,82.000000,81.875000,0.000000,0.000000,0.000000,100.000000,0.250000,ns3-simulated/trace-derived
c2-hot,热点 97/1/1/1,dst7,82.000000,82.250000,82.125000,0.000000,0.000000,0.000000,100.000000,0.250000,ns3-simulated/trace-derived
c2-hot,热点 97/1/1/1,dst7,82.250000,82.500000,82.375000,0.000000,0.000000,0.000000,100.000000,0.250000,ns3-simulated/trace-derived
c2-hot,热点 97/1/1/1,dst7,82.500000,82.750000,82.625000,0.000000,0.000000,0.000000,100.000000,0.250000,ns3-simulated/trace-derived
c2-hot,热点 97/1/1/1,dst7,82.750000,83.000000,82.875000,0.000000,0.000000,0.000000,100.000000,0.250000,ns3-simulated/trace-derived
c2-hot,热点 97/1/1/1,dst7,83.000000,83.250000,83.125000,0.000000,0.000000,0.000000,100.000000,0.250000,ns3-simulated/trace-derived
c2-hot,热点 97/1/1/1,dst7,83.250000,83.500000,83.375000,0.000000,0.000000,0.000000,100.000000,0.250000,ns3-simulated/trace-derived
c2-hot,热点 97/1/1/1,dst7,83.500000,83.750000,83.625000,0.000000,0.000000,0.000000,100.000000,0.250000,ns3-simulated/trace-derived
c2-hot,热点 97/1/1/1,dst7,83.750000,84.000000,83.875000,0.000000,0.000000,0.000000,100.000000,0.250000,ns3-simulated/trace-derived
c2-hot,热点 97/1/1/1,dst7,84.000000,84.250000,84.125000,0.000000,0.000000,0.000000,100.000000,0.250000,ns3-simulated/trace-derived
c2-hot,热点 97/1/1/1,dst7,84.250000,84.500000,84.375000,0.000000,0.000000,0.000000,100.000000,0.250000,ns3-simulated/trace-derived
c2-hot,热点 97/1/1/1,dst7,84.500000,84.750000,84.625000,0.000000,0.000000,0.000000,100.000000,0.250000,ns3-simulated/trace-derived
c2-hot,热点 97/1/1/1,dst7,84.750000,85.000000,84.875000,0.000000,0.000000,0.000000,100.000000,0.250000,ns3-simulated/trace-derived
c2-hot,热点 97/1/1/1,dst7,85.000000,85.250000,85.125000,0.000000,0.000000,0.000000,100.000000,0.250000,ns3-simulated/trace-derived
c2-hot,热点 97/1/1/1,dst7,85.250000,85.500000,85.375000,0.000000,0.000000,0.000000,100.000000,0.250000,ns3-simulated/trace-derived
c2-hot,热点 97/1/1/1,dst7,85.500000,85.750000,85.625000,0.000000,0.000000,0.000000,100.000000,0.250000,ns3-simulated/trace-derived
c2-hot,热点 97/1/1/1,dst7,85.750000,86.000000,85.875000,0.000000,0.000000,0.000000,100.000000,0.250000,ns3-simulated/trace-derived
c2-hot,热点 97/1/1/1,dst7,86.000000,86.250000,86.125000,0.000000,0.000000,0.000000,100.000000,0.250000,ns3-simulated/trace-derived
c2-hot,热点 97/1/1/1,dst7,86.250000,86.500000,86.375000,0.000000,0.000000,0.000000,100.000000,0.250000,ns3-simulated/trace-derived
c2-hot,热点 97/1/1/1,dst7,86.500000,86.750000,86.625000,0.000000,0.000000,0.000000,100.000000,0.250000,ns3-simulated/trace-derived
c2-hot,热点 97/1/1/1,dst7,86.750000,87.000000,86.875000,0.000000,0.000000,0.000000,100.000000,0.250000,ns3-simulated/trace-derived
c2-hot,热点 97/1/1/1,dst7,87.000000,87.250000,87.125000,0.000000,0.000000,0.000000,100.000000,0.250000,ns3-simulated/trace-derived
c2-hot,热点 97/1/1/1,dst7,87.250000,87.500000,87.375000,0.000000,0.000000,0.000000,100.000000,0.250000,ns3-simulated/trace-derived
c2-hot,热点 97/1/1/1,dst7,87.500000,87.750000,87.625000,0.000000,0.000000,0.000000,100.000000,0.250000,ns3-simulated/trace-derived
c2-hot,热点 97/1/1/1,dst7,87.750000,88.000000,87.875000,0.000000,0.000000,0.000000,100.000000,0.250000,ns3-simulated/trace-derived
c2-hot,热点 97/1/1/1,dst7,88.000000,88.250000,88.125000,0.000000,0.000000,0.000000,100.000000,0.250000,ns3-simulated/trace-derived
c2-hot,热点 97/1/1/1,dst7,88.250000,88.500000,88.375000,0.000000,0.000000,0.000000,100.000000,0.250000,ns3-simulated/trace-derived
c2-hot,热点 97/1/1/1,dst7,88.500000,88.750000,88.625000,0.000000,0.000000,0.000000,100.000000,0.250000,ns3-simulated/trace-derived
c2-hot,热点 97/1/1/1,dst7,88.750000,89.000000,88.875000,0.000000,0.000000,0.000000,100.000000,0.250000,ns3-simulated/trace-derived
c2-hot,热点 97/1/1/1,dst7,89.000000,89.250000,89.125000,0.000000,0.000000,0.000000,100.000000,0.250000,ns3-simulated/trace-derived
c2-hot,热点 97/1/1/1,dst7,89.250000,89.500000,89.375000,0.000000,0.000000,0.000000,100.000000,0.250000,ns3-simulated/trace-derived
c2-hot,热点 97/1/1/1,dst7,89.500000,89.750000,89.625000,0.000000,0.000000,0.000000,100.000000,0.250000,ns3-simulated/trace-derived
c2-hot,热点 97/1/1/1,dst7,89.750000,90.000000,89.875000,0.000000,0.000000,0.000000,100.000000,0.250000,ns3-simulated/trace-derived
c2-hot,热点 97/1/1/1,dst7,90.000000,90.250000,90.125000,0.000000,0.000000,0.000000,100.000000,0.250000,ns3-simulated/trace-derived
c2-hot,热点 97/1/1/1,dst7,90.250000,90.500000,90.375000,0.000000,0.000000,0.000000,100.000000,0.250000,ns3-simulated/trace-derived
c2-hot,热点 97/1/1/1,dst7,90.500000,90.750000,90.625000,0.000000,0.000000,0.000000,100.000000,0.250000,ns3-simulated/trace-derived
c2-hot,热点 97/1/1/1,dst7,90.750000,91.000000,90.875000,0.000000,0.000000,0.000000,100.000000,0.250000,ns3-simulated/trace-derived
c2-hot,热点 97/1/1/1,dst7,91.000000,91.250000,91.125000,0.000000,0.000000,0.000000,100.000000,0.250000,ns3-simulated/trace-derived
c2-hot,热点 97/1/1/1,dst7,91.250000,91.500000,91.375000,0.000000,0.000000,0.000000,100.000000,0.250000,ns3-simulated/trace-derived
c2-hot,热点 97/1/1/1,dst7,91.500000,91.750000,91.625000,0.000000,0.000000,0.000000,100.000000,0.250000,ns3-simulated/trace-derived
c2-hot,热点 97/1/1/1,dst7,91.750000,92.000000,91.875000,0.000000,0.000000,0.000000,100.000000,0.250000,ns3-simulated/trace-derived
c2-hot,热点 97/1/1/1,dst7,92.000000,92.250000,92.125000,0.000000,0.000000,0.000000,100.000000,0.250000,ns3-simulated/trace-derived
c2-hot,热点 97/1/1/1,dst7,92.250000,92.500000,92.375000,0.000000,0.000000,0.000000,100.000000,0.250000,ns3-simulated/trace-derived
c2-hot,热点 97/1/1/1,dst7,92.500000,92.750000,92.625000,0.000000,0.000000,0.000000,100.000000,0.250000,ns3-simulated/trace-derived
c2-hot,热点 97/1/1/1,dst7,92.750000,93.000000,92.875000,0.000000,0.000000,0.000000,100.000000,0.250000,ns3-simulated/trace-derived
c2-hot,热点 97/1/1/1,dst7,93.000000,93.250000,93.125000,0.000000,0.000000,0.000000,100.000000,0.250000,ns3-simulated/trace-derived
c2-hot,热点 97/1/1/1,dst7,93.250000,93.500000,93.375000,0.000000,0.000000,0.000000,100.000000,0.250000,ns3-simulated/trace-derived
c2-hot,热点 97/1/1/1,dst7,93.500000,93.750000,93.625000,0.000000,0.000000,0.000000,100.000000,0.250000,ns3-simulated/trace-derived
c2-hot,热点 97/1/1/1,dst7,93.750000,94.000000,93.875000,0.000000,0.000000,0.000000,100.000000,0.250000,ns3-simulated/trace-derived
c2-hot,热点 97/1/1/1,dst7,94.000000,94.250000,94.125000,0.000000,0.000000,0.000000,100.000000,0.250000,ns3-simulated/trace-derived
c2-hot,热点 97/1/1/1,dst7,94.250000,94.500000,94.375000,0.000000,0.000000,0.000000,100.000000,0.250000,ns3-simulated/trace-derived
c2-hot,热点 97/1/1/1,dst7,94.500000,94.750000,94.625000,0.000000,0.000000,0.000000,100.000000,0.250000,ns3-simulated/trace-derived
c2-hot,热点 97/1/1/1,dst7,94.750000,95.000000,94.875000,0.000000,0.000000,0.000000,100.000000,0.250000,ns3-simulated/trace-derived
c2-hot,热点 97/1/1/1,dst7,95.000000,95.250000,95.125000,0.000000,0.000000,0.000000,100.000000,0.250000,ns3-simulated/trace-derived
