case_id,bin_center_us,queue_bytes,queue_kib,raw_trace_max_queue_bytes,raw_trace_max_queue_kib,raw_trace_max_time_us,node_id,port_id,bin_width_us,source,evidence
a0-target-only,0.125000,0,0.000000,212936,207.945312,5.771700,8,4,0.250000,ns-3-ub/scratch/20260929-block24-network-contention/cases/a0-target-only/runlog/QueueTrace_node_8_port_4.tr,ns3-simulated/trace-derived
a0-target-only,0.375000,12522,12.228516,212936,207.945312,5.771700,8,4,0.250000,ns-3-ub/scratch/20260929-block24-network-contention/cases/a0-target-only/runlog/QueueTrace_node_8_port_4.tr,ns3-simulated/trace-derived
a0-target-only,0.625000,20870,20.380859,212936,207.945312,5.771700,8,4,0.250000,ns-3-ub/scratch/20260929-block24-network-contention/cases/a0-target-only/runlog/QueueTrace_node_8_port_4.tr,ns3-simulated/trace-derived
a0-target-only,0.875000,29218,28.533203,212936,207.945312,5.771700,8,4,0.250000,ns-3-ub/scratch/20260929-block24-network-contention/cases/a0-target-only/runlog/QueueTrace_node_8_port_4.tr,ns3-simulated/trace-derived
a0-target-only,1.125000,37566,36.685547,212936,207.945312,5.771700,8,4,0.250000,ns-3-ub/scratch/20260929-block24-network-contention/cases/a0-target-only/runlog/QueueTrace_node_8_port_4.tr,ns3-simulated/trace-derived
a0-target-only,1.375000,50088,48.914062,212936,207.945312,5.771700,8,4,0.250000,ns-3-ub/scratch/20260929-block24-network-contention/cases/a0-target-only/runlog/QueueTrace_node_8_port_4.tr,ns3-simulated/trace-derived
a0-target-only,1.625000,58436,57.066406,212936,207.945312,5.771700,8,4,0.250000,ns-3-ub/scratch/20260929-block24-network-contention/cases/a0-target-only/runlog/QueueTrace_node_8_port_4.tr,ns3-simulated/trace-derived
a0-target-only,1.875000,66784,65.218750,212936,207.945312,5.771700,8,4,0.250000,ns-3-ub/scratch/20260929-block24-network-contention/cases/a0-target-only/runlog/QueueTrace_node_8_port_4.tr,ns3-simulated/trace-derived
a0-target-only,2.125000,75132,73.371094,212936,207.945312,5.771700,8,4,0.250000,ns-3-ub/scratch/20260929-block24-network-contention/cases/a0-target-only/runlog/QueueTrace_node_8_port_4.tr,ns3-simulated/trace-derived
a0-target-only,2.375000,87654,85.599609,212936,207.945312,5.771700,8,4,0.250000,ns-3-ub/scratch/20260929-block24-network-contention/cases/a0-target-only/runlog/QueueTrace_node_8_port_4.tr,ns3-simulated/trace-derived
a0-target-only,2.625000,96002,93.751953,212936,207.945312,5.771700,8,4,0.250000,ns-3-ub/scratch/20260929-block24-network-contention/cases/a0-target-only/runlog/QueueTrace_node_8_port_4.tr,ns3-simulated/trace-derived
a0-target-only,2.875000,104350,101.904297,212936,207.945312,5.771700,8,4,0.250000,ns-3-ub/scratch/20260929-block24-network-contention/cases/a0-target-only/runlog/QueueTrace_node_8_port_4.tr,ns3-simulated/trace-derived
a0-target-only,3.125000,112698,110.056641,212936,207.945312,5.771700,8,4,0.250000,ns-3-ub/scratch/20260929-block24-network-contention/cases/a0-target-only/runlog/QueueTrace_node_8_port_4.tr,ns3-simulated/trace-derived
a0-target-only,3.375000,125220,122.285156,212936,207.945312,5.771700,8,4,0.250000,ns-3-ub/scratch/20260929-block24-network-contention/cases/a0-target-only/runlog/QueueTrace_node_8_port_4.tr,ns3-simulated/trace-derived
a0-target-only,3.625000,133568,130.437500,212936,207.945312,5.771700,8,4,0.250000,ns-3-ub/scratch/20260929-block24-network-contention/cases/a0-target-only/runlog/QueueTrace_node_8_port_4.tr,ns3-simulated/trace-derived
a0-target-only,3.875000,141916,138.589844,212936,207.945312,5.771700,8,4,0.250000,ns-3-ub/scratch/20260929-block24-network-contention/cases/a0-target-only/runlog/QueueTrace_node_8_port_4.tr,ns3-simulated/trace-derived
a0-target-only,4.125000,150264,146.742188,212936,207.945312,5.771700,8,4,0.250000,ns-3-ub/scratch/20260929-block24-network-contention/cases/a0-target-only/runlog/QueueTrace_node_8_port_4.tr,ns3-simulated/trace-derived
a0-target-only,4.375000,162786,158.970703,212936,207.945312,5.771700,8,4,0.250000,ns-3-ub/scratch/20260929-block24-network-contention/cases/a0-target-only/runlog/QueueTrace_node_8_port_4.tr,ns3-simulated/trace-derived
a0-target-only,4.625000,171134,167.123047,212936,207.945312,5.771700,8,4,0.250000,ns-3-ub/scratch/20260929-block24-network-contention/cases/a0-target-only/runlog/QueueTrace_node_8_port_4.tr,ns3-simulated/trace-derived
a0-target-only,4.875000,179482,175.275391,212936,207.945312,5.771700,8,4,0.250000,ns-3-ub/scratch/20260929-block24-network-contention/cases/a0-target-only/runlog/QueueTrace_node_8_port_4.tr,ns3-simulated/trace-derived
a0-target-only,5.125000,187830,183.427734,212936,207.945312,5.771700,8,4,0.250000,ns-3-ub/scratch/20260929-block24-network-contention/cases/a0-target-only/runlog/QueueTrace_node_8_port_4.tr,ns3-simulated/trace-derived
a0-target-only,5.375000,200352,195.656250,212936,207.945312,5.771700,8,4,0.250000,ns-3-ub/scratch/20260929-block24-network-contention/cases/a0-target-only/runlog/QueueTrace_node_8_port_4.tr,ns3-simulated/trace-derived
a0-target-only,5.625000,208700,203.808594,212936,207.945312,5.771700,8,4,0.250000,ns-3-ub/scratch/20260929-block24-network-contention/cases/a0-target-only/runlog/QueueTrace_node_8_port_4.tr,ns3-simulated/trace-derived
a0-target-only,5.875000,208762,203.869141,212936,207.945312,5.771700,8,4,0.250000,ns-3-ub/scratch/20260929-block24-network-contention/cases/a0-target-only/runlog/QueueTrace_node_8_port_4.tr,ns3-simulated/trace-derived
a0-target-only,6.125000,208762,203.869141,212936,207.945312,5.771700,8,4,0.250000,ns-3-ub/scratch/20260929-block24-network-contention/cases/a0-target-only/runlog/QueueTrace_node_8_port_4.tr,ns3-simulated/trace-derived
a0-target-only,6.375000,204588,199.792969,212936,207.945312,5.771700,8,4,0.250000,ns-3-ub/scratch/20260929-block24-network-contention/cases/a0-target-only/runlog/QueueTrace_node_8_port_4.tr,ns3-simulated/trace-derived
a0-target-only,6.625000,200414,195.716797,212936,207.945312,5.771700,8,4,0.250000,ns-3-ub/scratch/20260929-block24-network-contention/cases/a0-target-only/runlog/QueueTrace_node_8_port_4.tr,ns3-simulated/trace-derived
a0-target-only,6.875000,196240,191.640625,212936,207.945312,5.771700,8,4,0.250000,ns-3-ub/scratch/20260929-block24-network-contention/cases/a0-target-only/runlog/QueueTrace_node_8_port_4.tr,ns3-simulated/trace-derived
a0-target-only,7.125000,196240,191.640625,212936,207.945312,5.771700,8,4,0.250000,ns-3-ub/scratch/20260929-block24-network-contention/cases/a0-target-only/runlog/QueueTrace_node_8_port_4.tr,ns3-simulated/trace-derived
a0-target-only,7.375000,192066,187.564453,212936,207.945312,5.771700,8,4,0.250000,ns-3-ub/scratch/20260929-block24-network-contention/cases/a0-target-only/runlog/QueueTrace_node_8_port_4.tr,ns3-simulated/trace-derived
a0-target-only,7.625000,187892,183.488281,212936,207.945312,5.771700,8,4,0.250000,ns-3-ub/scratch/20260929-block24-network-contention/cases/a0-target-only/runlog/QueueTrace_node_8_port_4.tr,ns3-simulated/trace-derived
a0-target-only,7.875000,183718,179.412109,212936,207.945312,5.771700,8,4,0.250000,ns-3-ub/scratch/20260929-block24-network-contention/cases/a0-target-only/runlog/QueueTrace_node_8_port_4.tr,ns3-simulated/trace-derived
a0-target-only,8.125000,183718,179.412109,212936,207.945312,5.771700,8,4,0.250000,ns-3-ub/scratch/20260929-block24-network-contention/cases/a0-target-only/runlog/QueueTrace_node_8_port_4.tr,ns3-simulated/trace-derived
a0-target-only,8.375000,179544,175.335938,212936,207.945312,5.771700,8,4,0.250000,ns-3-ub/scratch/20260929-block24-network-contention/cases/a0-target-only/runlog/QueueTrace_node_8_port_4.tr,ns3-simulated/trace-derived
a0-target-only,8.625000,175370,171.259766,212936,207.945312,5.771700,8,4,0.250000,ns-3-ub/scratch/20260929-block24-network-contention/cases/a0-target-only/runlog/QueueTrace_node_8_port_4.tr,ns3-simulated/trace-derived
a0-target-only,8.875000,171196,167.183594,212936,207.945312,5.771700,8,4,0.250000,ns-3-ub/scratch/20260929-block24-network-contention/cases/a0-target-only/runlog/QueueTrace_node_8_port_4.tr,ns3-simulated/trace-derived
a0-target-only,9.125000,171196,167.183594,212936,207.945312,5.771700,8,4,0.250000,ns-3-ub/scratch/20260929-block24-network-contention/cases/a0-target-only/runlog/QueueTrace_node_8_port_4.tr,ns3-simulated/trace-derived
a0-target-only,9.375000,167022,163.107422,212936,207.945312,5.771700,8,4,0.250000,ns-3-ub/scratch/20260929-block24-network-contention/cases/a0-target-only/runlog/QueueTrace_node_8_port_4.tr,ns3-simulated/trace-derived
a0-target-only,9.625000,162848,159.031250,212936,207.945312,5.771700,8,4,0.250000,ns-3-ub/scratch/20260929-block24-network-contention/cases/a0-target-only/runlog/QueueTrace_node_8_port_4.tr,ns3-simulated/trace-derived
a0-target-only,9.875000,158674,154.955078,212936,207.945312,5.771700,8,4,0.250000,ns-3-ub/scratch/20260929-block24-network-contention/cases/a0-target-only/runlog/QueueTrace_node_8_port_4.tr,ns3-simulated/trace-derived
a0-target-only,10.125000,158674,154.955078,212936,207.945312,5.771700,8,4,0.250000,ns-3-ub/scratch/20260929-block24-network-contention/cases/a0-target-only/runlog/QueueTrace_node_8_port_4.tr,ns3-simulated/trace-derived
a0-target-only,10.375000,154500,150.878906,212936,207.945312,5.771700,8,4,0.250000,ns-3-ub/scratch/20260929-block24-network-contention/cases/a0-target-only/runlog/QueueTrace_node_8_port_4.tr,ns3-simulated/trace-derived
a0-target-only,10.625000,150326,146.802734,212936,207.945312,5.771700,8,4,0.250000,ns-3-ub/scratch/20260929-block24-network-contention/cases/a0-target-only/runlog/QueueTrace_node_8_port_4.tr,ns3-simulated/trace-derived
a0-target-only,10.875000,146152,142.726562,212936,207.945312,5.771700,8,4,0.250000,ns-3-ub/scratch/20260929-block24-network-contention/cases/a0-target-only/runlog/QueueTrace_node_8_port_4.tr,ns3-simulated/trace-derived
a0-target-only,11.125000,146214,142.787109,212936,207.945312,5.771700,8,4,0.250000,ns-3-ub/scratch/20260929-block24-network-contention/cases/a0-target-only/runlog/QueueTrace_node_8_port_4.tr,ns3-simulated/trace-derived
a0-target-only,11.375000,142040,138.710938,212936,207.945312,5.771700,8,4,0.250000,ns-3-ub/scratch/20260929-block24-network-contention/cases/a0-target-only/runlog/QueueTrace_node_8_port_4.tr,ns3-simulated/trace-derived
a0-target-only,11.625000,137866,134.634766,212936,207.945312,5.771700,8,4,0.250000,ns-3-ub/scratch/20260929-block24-network-contention/cases/a0-target-only/runlog/QueueTrace_node_8_port_4.tr,ns3-simulated/trace-derived
a0-target-only,11.875000,133692,130.558594,212936,207.945312,5.771700,8,4,0.250000,ns-3-ub/scratch/20260929-block24-network-contention/cases/a0-target-only/runlog/QueueTrace_node_8_port_4.tr,ns3-simulated/trace-derived
a0-target-only,12.125000,133692,130.558594,212936,207.945312,5.771700,8,4,0.250000,ns-3-ub/scratch/20260929-block24-network-contention/cases/a0-target-only/runlog/QueueTrace_node_8_port_4.tr,ns3-simulated/trace-derived
a0-target-only,12.375000,129518,126.482422,212936,207.945312,5.771700,8,4,0.250000,ns-3-ub/scratch/20260929-block24-network-contention/cases/a0-target-only/runlog/QueueTrace_node_8_port_4.tr,ns3-simulated/trace-derived
a0-target-only,12.625000,125344,122.406250,212936,207.945312,5.771700,8,4,0.250000,ns-3-ub/scratch/20260929-block24-network-contention/cases/a0-target-only/runlog/QueueTrace_node_8_port_4.tr,ns3-simulated/trace-derived
a0-target-only,12.875000,121170,118.330078,212936,207.945312,5.771700,8,4,0.250000,ns-3-ub/scratch/20260929-block24-network-contention/cases/a0-target-only/runlog/QueueTrace_node_8_port_4.tr,ns3-simulated/trace-derived
a0-target-only,13.125000,121170,118.330078,212936,207.945312,5.771700,8,4,0.250000,ns-3-ub/scratch/20260929-block24-network-contention/cases/a0-target-only/runlog/QueueTrace_node_8_port_4.tr,ns3-simulated/trace-derived
a0-target-only,13.375000,116996,114.253906,212936,207.945312,5.771700,8,4,0.250000,ns-3-ub/scratch/20260929-block24-network-contention/cases/a0-target-only/runlog/QueueTrace_node_8_port_4.tr,ns3-simulated/trace-derived
a0-target-only,13.625000,112822,110.177734,212936,207.945312,5.771700,8,4,0.250000,ns-3-ub/scratch/20260929-block24-network-contention/cases/a0-target-only/runlog/QueueTrace_node_8_port_4.tr,ns3-simulated/trace-derived
a0-target-only,13.875000,108648,106.101562,212936,207.945312,5.771700,8,4,0.250000,ns-3-ub/scratch/20260929-block24-network-contention/cases/a0-target-only/runlog/QueueTrace_node_8_port_4.tr,ns3-simulated/trace-derived
a0-target-only,14.125000,108648,106.101562,212936,207.945312,5.771700,8,4,0.250000,ns-3-ub/scratch/20260929-block24-network-contention/cases/a0-target-only/runlog/QueueTrace_node_8_port_4.tr,ns3-simulated/trace-derived
a0-target-only,14.375000,104474,102.025391,212936,207.945312,5.771700,8,4,0.250000,ns-3-ub/scratch/20260929-block24-network-contention/cases/a0-target-only/runlog/QueueTrace_node_8_port_4.tr,ns3-simulated/trace-derived
a0-target-only,14.625000,100300,97.949219,212936,207.945312,5.771700,8,4,0.250000,ns-3-ub/scratch/20260929-block24-network-contention/cases/a0-target-only/runlog/QueueTrace_node_8_port_4.tr,ns3-simulated/trace-derived
a0-target-only,14.875000,96126,93.873047,212936,207.945312,5.771700,8,4,0.250000,ns-3-ub/scratch/20260929-block24-network-contention/cases/a0-target-only/runlog/QueueTrace_node_8_port_4.tr,ns3-simulated/trace-derived
a0-target-only,15.125000,96126,93.873047,212936,207.945312,5.771700,8,4,0.250000,ns-3-ub/scratch/20260929-block24-network-contention/cases/a0-target-only/runlog/QueueTrace_node_8_port_4.tr,ns3-simulated/trace-derived
a0-target-only,15.375000,91952,89.796875,212936,207.945312,5.771700,8,4,0.250000,ns-3-ub/scratch/20260929-block24-network-contention/cases/a0-target-only/runlog/QueueTrace_node_8_port_4.tr,ns3-simulated/trace-derived
a0-target-only,15.625000,87778,85.720703,212936,207.945312,5.771700,8,4,0.250000,ns-3-ub/scratch/20260929-block24-network-contention/cases/a0-target-only/runlog/QueueTrace_node_8_port_4.tr,ns3-simulated/trace-derived
a0-target-only,15.875000,83604,81.644531,212936,207.945312,5.771700,8,4,0.250000,ns-3-ub/scratch/20260929-block24-network-contention/cases/a0-target-only/runlog/QueueTrace_node_8_port_4.tr,ns3-simulated/trace-derived
a0-target-only,16.125000,83604,81.644531,212936,207.945312,5.771700,8,4,0.250000,ns-3-ub/scratch/20260929-block24-network-contention/cases/a0-target-only/runlog/QueueTrace_node_8_port_4.tr,ns3-simulated/trace-derived
a0-target-only,16.375000,79430,77.568359,212936,207.945312,5.771700,8,4,0.250000,ns-3-ub/scratch/20260929-block24-network-contention/cases/a0-target-only/runlog/QueueTrace_node_8_port_4.tr,ns3-simulated/trace-derived
a0-target-only,16.625000,75318,73.552734,212936,207.945312,5.771700,8,4,0.250000,ns-3-ub/scratch/20260929-block24-network-contention/cases/a0-target-only/runlog/QueueTrace_node_8_port_4.tr,ns3-simulated/trace-derived
a0-target-only,16.875000,71144,69.476562,212936,207.945312,5.771700,8,4,0.250000,ns-3-ub/scratch/20260929-block24-network-contention/cases/a0-target-only/runlog/QueueTrace_node_8_port_4.tr,ns3-simulated/trace-derived
a0-target-only,17.125000,71144,69.476562,212936,207.945312,5.771700,8,4,0.250000,ns-3-ub/scratch/20260929-block24-network-contention/cases/a0-target-only/runlog/QueueTrace_node_8_port_4.tr,ns3-simulated/trace-derived
a0-target-only,17.375000,66970,65.400391,212936,207.945312,5.771700,8,4,0.250000,ns-3-ub/scratch/20260929-block24-network-contention/cases/a0-target-only/runlog/QueueTrace_node_8_port_4.tr,ns3-simulated/trace-derived
a0-target-only,17.625000,62796,61.324219,212936,207.945312,5.771700,8,4,0.250000,ns-3-ub/scratch/20260929-block24-network-contention/cases/a0-target-only/runlog/QueueTrace_node_8_port_4.tr,ns3-simulated/trace-derived
a0-target-only,17.875000,58622,57.248047,212936,207.945312,5.771700,8,4,0.250000,ns-3-ub/scratch/20260929-block24-network-contention/cases/a0-target-only/runlog/QueueTrace_node_8_port_4.tr,ns3-simulated/trace-derived
a0-target-only,18.125000,58622,57.248047,212936,207.945312,5.771700,8,4,0.250000,ns-3-ub/scratch/20260929-block24-network-contention/cases/a0-target-only/runlog/QueueTrace_node_8_port_4.tr,ns3-simulated/trace-derived
a0-target-only,18.375000,54448,53.171875,212936,207.945312,5.771700,8,4,0.250000,ns-3-ub/scratch/20260929-block24-network-contention/cases/a0-target-only/runlog/QueueTrace_node_8_port_4.tr,ns3-simulated/trace-derived
a0-target-only,18.625000,50274,49.095703,212936,207.945312,5.771700,8,4,0.250000,ns-3-ub/scratch/20260929-block24-network-contention/cases/a0-target-only/runlog/QueueTrace_node_8_port_4.tr,ns3-simulated/trace-derived
a0-target-only,18.875000,46100,45.019531,212936,207.945312,5.771700,8,4,0.250000,ns-3-ub/scratch/20260929-block24-network-contention/cases/a0-target-only/runlog/QueueTrace_node_8_port_4.tr,ns3-simulated/trace-derived
a0-target-only,19.125000,46100,45.019531,212936,207.945312,5.771700,8,4,0.250000,ns-3-ub/scratch/20260929-block24-network-contention/cases/a0-target-only/runlog/QueueTrace_node_8_port_4.tr,ns3-simulated/trace-derived
a0-target-only,19.375000,41926,40.943359,212936,207.945312,5.771700,8,4,0.250000,ns-3-ub/scratch/20260929-block24-network-contention/cases/a0-target-only/runlog/QueueTrace_node_8_port_4.tr,ns3-simulated/trace-derived
a0-target-only,19.625000,37752,36.867188,212936,207.945312,5.771700,8,4,0.250000,ns-3-ub/scratch/20260929-block24-network-contention/cases/a0-target-only/runlog/QueueTrace_node_8_port_4.tr,ns3-simulated/trace-derived
a0-target-only,19.875000,33578,32.791016,212936,207.945312,5.771700,8,4,0.250000,ns-3-ub/scratch/20260929-block24-network-contention/cases/a0-target-only/runlog/QueueTrace_node_8_port_4.tr,ns3-simulated/trace-derived
a0-target-only,20.125000,33578,32.791016,212936,207.945312,5.771700,8,4,0.250000,ns-3-ub/scratch/20260929-block24-network-contention/cases/a0-target-only/runlog/QueueTrace_node_8_port_4.tr,ns3-simulated/trace-derived
a0-target-only,20.375000,29404,28.714844,212936,207.945312,5.771700,8,4,0.250000,ns-3-ub/scratch/20260929-block24-network-contention/cases/a0-target-only/runlog/QueueTrace_node_8_port_4.tr,ns3-simulated/trace-derived
a0-target-only,20.625000,25230,24.638672,212936,207.945312,5.771700,8,4,0.250000,ns-3-ub/scratch/20260929-block24-network-contention/cases/a0-target-only/runlog/QueueTrace_node_8_port_4.tr,ns3-simulated/trace-derived
a0-target-only,20.875000,21056,20.562500,212936,207.945312,5.771700,8,4,0.250000,ns-3-ub/scratch/20260929-block24-network-contention/cases/a0-target-only/runlog/QueueTrace_node_8_port_4.tr,ns3-simulated/trace-derived
a0-target-only,21.125000,21056,20.562500,212936,207.945312,5.771700,8,4,0.250000,ns-3-ub/scratch/20260929-block24-network-contention/cases/a0-target-only/runlog/QueueTrace_node_8_port_4.tr,ns3-simulated/trace-derived
a0-target-only,21.375000,16882,16.486328,212936,207.945312,5.771700,8,4,0.250000,ns-3-ub/scratch/20260929-block24-network-contention/cases/a0-target-only/runlog/QueueTrace_node_8_port_4.tr,ns3-simulated/trace-derived
a0-target-only,21.625000,12708,12.410156,212936,207.945312,5.771700,8,4,0.250000,ns-3-ub/scratch/20260929-block24-network-contention/cases/a0-target-only/runlog/QueueTrace_node_8_port_4.tr,ns3-simulated/trace-derived
a0-target-only,21.875000,8596,8.394531,212936,207.945312,5.771700,8,4,0.250000,ns-3-ub/scratch/20260929-block24-network-contention/cases/a0-target-only/runlog/QueueTrace_node_8_port_4.tr,ns3-simulated/trace-derived
a0-target-only,22.125000,8596,8.394531,212936,207.945312,5.771700,8,4,0.250000,ns-3-ub/scratch/20260929-block24-network-contention/cases/a0-target-only/runlog/QueueTrace_node_8_port_4.tr,ns3-simulated/trace-derived
a0-target-only,22.375000,4422,4.318359,212936,207.945312,5.771700,8,4,0.250000,ns-3-ub/scratch/20260929-block24-network-contention/cases/a0-target-only/runlog/QueueTrace_node_8_port_4.tr,ns3-simulated/trace-derived
a0-target-only,22.625000,248,0.242188,212936,207.945312,5.771700,8,4,0.250000,ns-3-ub/scratch/20260929-block24-network-contention/cases/a0-target-only/runlog/QueueTrace_node_8_port_4.tr,ns3-simulated/trace-derived
a0-target-only,22.875000,0,0.000000,212936,207.945312,5.771700,8,4,0.250000,ns-3-ub/scratch/20260929-block24-network-contention/cases/a0-target-only/runlog/QueueTrace_node_8_port_4.tr,ns3-simulated/trace-derived
a0-target-only,23.125000,0,0.000000,212936,207.945312,5.771700,8,4,0.250000,ns-3-ub/scratch/20260929-block24-network-contention/cases/a0-target-only/runlog/QueueTrace_node_8_port_4.tr,ns3-simulated/trace-derived
a0-target-only,23.375000,0,0.000000,212936,207.945312,5.771700,8,4,0.250000,ns-3-ub/scratch/20260929-block24-network-contention/cases/a0-target-only/runlog/QueueTrace_node_8_port_4.tr,ns3-simulated/trace-derived
a0-target-only,23.625000,0,0.000000,212936,207.945312,5.771700,8,4,0.250000,ns-3-ub/scratch/20260929-block24-network-contention/cases/a0-target-only/runlog/QueueTrace_node_8_port_4.tr,ns3-simulated/trace-derived
a0-target-only,23.875000,0,0.000000,212936,207.945312,5.771700,8,4,0.250000,ns-3-ub/scratch/20260929-block24-network-contention/cases/a0-target-only/runlog/QueueTrace_node_8_port_4.tr,ns3-simulated/trace-derived
a0-target-only,24.125000,0,0.000000,212936,207.945312,5.771700,8,4,0.250000,ns-3-ub/scratch/20260929-block24-network-contention/cases/a0-target-only/runlog/QueueTrace_node_8_port_4.tr,ns3-simulated/trace-derived
a0-target-only,24.375000,0,0.000000,212936,207.945312,5.771700,8,4,0.250000,ns-3-ub/scratch/20260929-block24-network-contention/cases/a0-target-only/runlog/QueueTrace_node_8_port_4.tr,ns3-simulated/trace-derived
a0-target-only,24.625000,0,0.000000,212936,207.945312,5.771700,8,4,0.250000,ns-3-ub/scratch/20260929-block24-network-contention/cases/a0-target-only/runlog/QueueTrace_node_8_port_4.tr,ns3-simulated/trace-derived
a0-target-only,24.875000,0,0.000000,212936,207.945312,5.771700,8,4,0.250000,ns-3-ub/scratch/20260929-block24-network-contention/cases/a0-target-only/runlog/QueueTrace_node_8_port_4.tr,ns3-simulated/trace-derived
a0-target-only,25.125000,0,0.000000,212936,207.945312,5.771700,8,4,0.250000,ns-3-ub/scratch/20260929-block24-network-contention/cases/a0-target-only/runlog/QueueTrace_node_8_port_4.tr,ns3-simulated/trace-derived
a0-target-only,25.375000,0,0.000000,212936,207.945312,5.771700,8,4,0.250000,ns-3-ub/scratch/20260929-block24-network-contention/cases/a0-target-only/runlog/QueueTrace_node_8_port_4.tr,ns3-simulated/trace-derived
a0-target-only,25.625000,0,0.000000,212936,207.945312,5.771700,8,4,0.250000,ns-3-ub/scratch/20260929-block24-network-contention/cases/a0-target-only/runlog/QueueTrace_node_8_port_4.tr,ns3-simulated/trace-derived
a0-target-only,25.875000,0,0.000000,212936,207.945312,5.771700,8,4,0.250000,ns-3-ub/scratch/20260929-block24-network-contention/cases/a0-target-only/runlog/QueueTrace_node_8_port_4.tr,ns3-simulated/trace-derived
a0-target-only,26.125000,0,0.000000,212936,207.945312,5.771700,8,4,0.250000,ns-3-ub/scratch/20260929-block24-network-contention/cases/a0-target-only/runlog/QueueTrace_node_8_port_4.tr,ns3-simulated/trace-derived
a0-target-only,26.375000,0,0.000000,212936,207.945312,5.771700,8,4,0.250000,ns-3-ub/scratch/20260929-block24-network-contention/cases/a0-target-only/runlog/QueueTrace_node_8_port_4.tr,ns3-simulated/trace-derived
a0-target-only,26.625000,0,0.000000,212936,207.945312,5.771700,8,4,0.250000,ns-3-ub/scratch/20260929-block24-network-contention/cases/a0-target-only/runlog/QueueTrace_node_8_port_4.tr,ns3-simulated/trace-derived
a0-target-only,26.875000,0,0.000000,212936,207.945312,5.771700,8,4,0.250000,ns-3-ub/scratch/20260929-block24-network-contention/cases/a0-target-only/runlog/QueueTrace_node_8_port_4.tr,ns3-simulated/trace-derived
a0-target-only,27.125000,0,0.000000,212936,207.945312,5.771700,8,4,0.250000,ns-3-ub/scratch/20260929-block24-network-contention/cases/a0-target-only/runlog/QueueTrace_node_8_port_4.tr,ns3-simulated/trace-derived
a0-target-only,27.375000,0,0.000000,212936,207.945312,5.771700,8,4,0.250000,ns-3-ub/scratch/20260929-block24-network-contention/cases/a0-target-only/runlog/QueueTrace_node_8_port_4.tr,ns3-simulated/trace-derived
a0-target-only,27.625000,0,0.000000,212936,207.945312,5.771700,8,4,0.250000,ns-3-ub/scratch/20260929-block24-network-contention/cases/a0-target-only/runlog/QueueTrace_node_8_port_4.tr,ns3-simulated/trace-derived
a0-target-only,27.875000,0,0.000000,212936,207.945312,5.771700,8,4,0.250000,ns-3-ub/scratch/20260929-block24-network-contention/cases/a0-target-only/runlog/QueueTrace_node_8_port_4.tr,ns3-simulated/trace-derived
a0-target-only,28.125000,0,0.000000,212936,207.945312,5.771700,8,4,0.250000,ns-3-ub/scratch/20260929-block24-network-contention/cases/a0-target-only/runlog/QueueTrace_node_8_port_4.tr,ns3-simulated/trace-derived
a0-target-only,28.375000,0,0.000000,212936,207.945312,5.771700,8,4,0.250000,ns-3-ub/scratch/20260929-block24-network-contention/cases/a0-target-only/runlog/QueueTrace_node_8_port_4.tr,ns3-simulated/trace-derived
a0-target-only,28.625000,0,0.000000,212936,207.945312,5.771700,8,4,0.250000,ns-3-ub/scratch/20260929-block24-network-contention/cases/a0-target-only/runlog/QueueTrace_node_8_port_4.tr,ns3-simulated/trace-derived
a0-target-only,28.875000,0,0.000000,212936,207.945312,5.771700,8,4,0.250000,ns-3-ub/scratch/20260929-block24-network-contention/cases/a0-target-only/runlog/QueueTrace_node_8_port_4.tr,ns3-simulated/trace-derived
a0-target-only,29.125000,0,0.000000,212936,207.945312,5.771700,8,4,0.250000,ns-3-ub/scratch/20260929-block24-network-contention/cases/a0-target-only/runlog/QueueTrace_node_8_port_4.tr,ns3-simulated/trace-derived
a0-target-only,29.375000,0,0.000000,212936,207.945312,5.771700,8,4,0.250000,ns-3-ub/scratch/20260929-block24-network-contention/cases/a0-target-only/runlog/QueueTrace_node_8_port_4.tr,ns3-simulated/trace-derived
a0-target-only,29.625000,0,0.000000,212936,207.945312,5.771700,8,4,0.250000,ns-3-ub/scratch/20260929-block24-network-contention/cases/a0-target-only/runlog/QueueTrace_node_8_port_4.tr,ns3-simulated/trace-derived
a0-target-only,29.875000,0,0.000000,212936,207.945312,5.771700,8,4,0.250000,ns-3-ub/scratch/20260929-block24-network-contention/cases/a0-target-only/runlog/QueueTrace_node_8_port_4.tr,ns3-simulated/trace-derived
a0-target-only,30.125000,0,0.000000,212936,207.945312,5.771700,8,4,0.250000,ns-3-ub/scratch/20260929-block24-network-contention/cases/a0-target-only/runlog/QueueTrace_node_8_port_4.tr,ns3-simulated/trace-derived
a0-target-only,30.375000,0,0.000000,212936,207.945312,5.771700,8,4,0.250000,ns-3-ub/scratch/20260929-block24-network-contention/cases/a0-target-only/runlog/QueueTrace_node_8_port_4.tr,ns3-simulated/trace-derived
a0-target-only,30.625000,0,0.000000,212936,207.945312,5.771700,8,4,0.250000,ns-3-ub/scratch/20260929-block24-network-contention/cases/a0-target-only/runlog/QueueTrace_node_8_port_4.tr,ns3-simulated/trace-derived
a0-target-only,30.875000,0,0.000000,212936,207.945312,5.771700,8,4,0.250000,ns-3-ub/scratch/20260929-block24-network-contention/cases/a0-target-only/runlog/QueueTrace_node_8_port_4.tr,ns3-simulated/trace-derived
a0-target-only,31.125000,0,0.000000,212936,207.945312,5.771700,8,4,0.250000,ns-3-ub/scratch/20260929-block24-network-contention/cases/a0-target-only/runlog/QueueTrace_node_8_port_4.tr,ns3-simulated/trace-derived
a0-target-only,31.375000,0,0.000000,212936,207.945312,5.771700,8,4,0.250000,ns-3-ub/scratch/20260929-block24-network-contention/cases/a0-target-only/runlog/QueueTrace_node_8_port_4.tr,ns3-simulated/trace-derived
a0-target-only,31.625000,0,0.000000,212936,207.945312,5.771700,8,4,0.250000,ns-3-ub/scratch/20260929-block24-network-contention/cases/a0-target-only/runlog/QueueTrace_node_8_port_4.tr,ns3-simulated/trace-derived
a0-target-only,31.875000,0,0.000000,212936,207.945312,5.771700,8,4,0.250000,ns-3-ub/scratch/20260929-block24-network-contention/cases/a0-target-only/runlog/QueueTrace_node_8_port_4.tr,ns3-simulated/trace-derived
a0-target-only,32.125000,0,0.000000,212936,207.945312,5.771700,8,4,0.250000,ns-3-ub/scratch/20260929-block24-network-contention/cases/a0-target-only/runlog/QueueTrace_node_8_port_4.tr,ns3-simulated/trace-derived
a0-target-only,32.375000,0,0.000000,212936,207.945312,5.771700,8,4,0.250000,ns-3-ub/scratch/20260929-block24-network-contention/cases/a0-target-only/runlog/QueueTrace_node_8_port_4.tr,ns3-simulated/trace-derived
a0-target-only,32.625000,0,0.000000,212936,207.945312,5.771700,8,4,0.250000,ns-3-ub/scratch/20260929-block24-network-contention/cases/a0-target-only/runlog/QueueTrace_node_8_port_4.tr,ns3-simulated/trace-derived
a0-target-only,32.875000,0,0.000000,212936,207.945312,5.771700,8,4,0.250000,ns-3-ub/scratch/20260929-block24-network-contention/cases/a0-target-only/runlog/QueueTrace_node_8_port_4.tr,ns3-simulated/trace-derived
a0-target-only,33.125000,0,0.000000,212936,207.945312,5.771700,8,4,0.250000,ns-3-ub/scratch/20260929-block24-network-contention/cases/a0-target-only/runlog/QueueTrace_node_8_port_4.tr,ns3-simulated/trace-derived
a0-target-only,33.375000,0,0.000000,212936,207.945312,5.771700,8,4,0.250000,ns-3-ub/scratch/20260929-block24-network-contention/cases/a0-target-only/runlog/QueueTrace_node_8_port_4.tr,ns3-simulated/trace-derived
a0-target-only,33.625000,0,0.000000,212936,207.945312,5.771700,8,4,0.250000,ns-3-ub/scratch/20260929-block24-network-contention/cases/a0-target-only/runlog/QueueTrace_node_8_port_4.tr,ns3-simulated/trace-derived
a0-target-only,33.875000,0,0.000000,212936,207.945312,5.771700,8,4,0.250000,ns-3-ub/scratch/20260929-block24-network-contention/cases/a0-target-only/runlog/QueueTrace_node_8_port_4.tr,ns3-simulated/trace-derived
a0-target-only,34.125000,0,0.000000,212936,207.945312,5.771700,8,4,0.250000,ns-3-ub/scratch/20260929-block24-network-contention/cases/a0-target-only/runlog/QueueTrace_node_8_port_4.tr,ns3-simulated/trace-derived
a0-target-only,34.375000,0,0.000000,212936,207.945312,5.771700,8,4,0.250000,ns-3-ub/scratch/20260929-block24-network-contention/cases/a0-target-only/runlog/QueueTrace_node_8_port_4.tr,ns3-simulated/trace-derived
a0-target-only,34.625000,0,0.000000,212936,207.945312,5.771700,8,4,0.250000,ns-3-ub/scratch/20260929-block24-network-contention/cases/a0-target-only/runlog/QueueTrace_node_8_port_4.tr,ns3-simulated/trace-derived
a0-target-only,34.875000,0,0.000000,212936,207.945312,5.771700,8,4,0.250000,ns-3-ub/scratch/20260929-block24-network-contention/cases/a0-target-only/runlog/QueueTrace_node_8_port_4.tr,ns3-simulated/trace-derived
a0-target-only,35.125000,0,0.000000,212936,207.945312,5.771700,8,4,0.250000,ns-3-ub/scratch/20260929-block24-network-contention/cases/a0-target-only/runlog/QueueTrace_node_8_port_4.tr,ns3-simulated/trace-derived
a0-target-only,35.375000,0,0.000000,212936,207.945312,5.771700,8,4,0.250000,ns-3-ub/scratch/20260929-block24-network-contention/cases/a0-target-only/runlog/QueueTrace_node_8_port_4.tr,ns3-simulated/trace-derived
a0-target-only,35.625000,0,0.000000,212936,207.945312,5.771700,8,4,0.250000,ns-3-ub/scratch/20260929-block24-network-contention/cases/a0-target-only/runlog/QueueTrace_node_8_port_4.tr,ns3-simulated/trace-derived
a0-target-only,35.875000,0,0.000000,212936,207.945312,5.771700,8,4,0.250000,ns-3-ub/scratch/20260929-block24-network-contention/cases/a0-target-only/runlog/QueueTrace_node_8_port_4.tr,ns3-simulated/trace-derived
a0-target-only,36.125000,0,0.000000,212936,207.945312,5.771700,8,4,0.250000,ns-3-ub/scratch/20260929-block24-network-contention/cases/a0-target-only/runlog/QueueTrace_node_8_port_4.tr,ns3-simulated/trace-derived
a0-target-only,36.375000,0,0.000000,212936,207.945312,5.771700,8,4,0.250000,ns-3-ub/scratch/20260929-block24-network-contention/cases/a0-target-only/runlog/QueueTrace_node_8_port_4.tr,ns3-simulated/trace-derived
a0-target-only,36.625000,0,0.000000,212936,207.945312,5.771700,8,4,0.250000,ns-3-ub/scratch/20260929-block24-network-contention/cases/a0-target-only/runlog/QueueTrace_node_8_port_4.tr,ns3-simulated/trace-derived
a0-target-only,36.875000,0,0.000000,212936,207.945312,5.771700,8,4,0.250000,ns-3-ub/scratch/20260929-block24-network-contention/cases/a0-target-only/runlog/QueueTrace_node_8_port_4.tr,ns3-simulated/trace-derived
a0-target-only,37.125000,0,0.000000,212936,207.945312,5.771700,8,4,0.250000,ns-3-ub/scratch/20260929-block24-network-contention/cases/a0-target-only/runlog/QueueTrace_node_8_port_4.tr,ns3-simulated/trace-derived
a0-target-only,37.375000,0,0.000000,212936,207.945312,5.771700,8,4,0.250000,ns-3-ub/scratch/20260929-block24-network-contention/cases/a0-target-only/runlog/QueueTrace_node_8_port_4.tr,ns3-simulated/trace-derived
a0-target-only,37.625000,0,0.000000,212936,207.945312,5.771700,8,4,0.250000,ns-3-ub/scratch/20260929-block24-network-contention/cases/a0-target-only/runlog/QueueTrace_node_8_port_4.tr,ns3-simulated/trace-derived
a0-target-only,37.875000,0,0.000000,212936,207.945312,5.771700,8,4,0.250000,ns-3-ub/scratch/20260929-block24-network-contention/cases/a0-target-only/runlog/QueueTrace_node_8_port_4.tr,ns3-simulated/trace-derived
a0-target-only,38.125000,0,0.000000,212936,207.945312,5.771700,8,4,0.250000,ns-3-ub/scratch/20260929-block24-network-contention/cases/a0-target-only/runlog/QueueTrace_node_8_port_4.tr,ns3-simulated/trace-derived
a0-target-only,38.375000,0,0.000000,212936,207.945312,5.771700,8,4,0.250000,ns-3-ub/scratch/20260929-block24-network-contention/cases/a0-target-only/runlog/QueueTrace_node_8_port_4.tr,ns3-simulated/trace-derived
a0-target-only,38.625000,0,0.000000,212936,207.945312,5.771700,8,4,0.250000,ns-3-ub/scratch/20260929-block24-network-contention/cases/a0-target-only/runlog/QueueTrace_node_8_port_4.tr,ns3-simulated/trace-derived
a0-target-only,38.875000,0,0.000000,212936,207.945312,5.771700,8,4,0.250000,ns-3-ub/scratch/20260929-block24-network-contention/cases/a0-target-only/runlog/QueueTrace_node_8_port_4.tr,ns3-simulated/trace-derived
a0-target-only,39.125000,0,0.000000,212936,207.945312,5.771700,8,4,0.250000,ns-3-ub/scratch/20260929-block24-network-contention/cases/a0-target-only/runlog/QueueTrace_node_8_port_4.tr,ns3-simulated/trace-derived
a0-target-only,39.375000,0,0.000000,212936,207.945312,5.771700,8,4,0.250000,ns-3-ub/scratch/20260929-block24-network-contention/cases/a0-target-only/runlog/QueueTrace_node_8_port_4.tr,ns3-simulated/trace-derived
a0-target-only,39.625000,0,0.000000,212936,207.945312,5.771700,8,4,0.250000,ns-3-ub/scratch/20260929-block24-network-contention/cases/a0-target-only/runlog/QueueTrace_node_8_port_4.tr,ns3-simulated/trace-derived
a0-target-only,39.875000,0,0.000000,212936,207.945312,5.771700,8,4,0.250000,ns-3-ub/scratch/20260929-block24-network-contention/cases/a0-target-only/runlog/QueueTrace_node_8_port_4.tr,ns3-simulated/trace-derived
a0-target-only,40.125000,0,0.000000,212936,207.945312,5.771700,8,4,0.250000,ns-3-ub/scratch/20260929-block24-network-contention/cases/a0-target-only/runlog/QueueTrace_node_8_port_4.tr,ns3-simulated/trace-derived
a0-target-only,40.375000,0,0.000000,212936,207.945312,5.771700,8,4,0.250000,ns-3-ub/scratch/20260929-block24-network-contention/cases/a0-target-only/runlog/QueueTrace_node_8_port_4.tr,ns3-simulated/trace-derived
a0-target-only,40.625000,0,0.000000,212936,207.945312,5.771700,8,4,0.250000,ns-3-ub/scratch/20260929-block24-network-contention/cases/a0-target-only/runlog/QueueTrace_node_8_port_4.tr,ns3-simulated/trace-derived
a0-target-only,40.875000,0,0.000000,212936,207.945312,5.771700,8,4,0.250000,ns-3-ub/scratch/20260929-block24-network-contention/cases/a0-target-only/runlog/QueueTrace_node_8_port_4.tr,ns3-simulated/trace-derived
a0-target-only,41.125000,0,0.000000,212936,207.945312,5.771700,8,4,0.250000,ns-3-ub/scratch/20260929-block24-network-contention/cases/a0-target-only/runlog/QueueTrace_node_8_port_4.tr,ns3-simulated/trace-derived
a0-target-only,41.375000,0,0.000000,212936,207.945312,5.771700,8,4,0.250000,ns-3-ub/scratch/20260929-block24-network-contention/cases/a0-target-only/runlog/QueueTrace_node_8_port_4.tr,ns3-simulated/trace-derived
a0-target-only,41.625000,0,0.000000,212936,207.945312,5.771700,8,4,0.250000,ns-3-ub/scratch/20260929-block24-network-contention/cases/a0-target-only/runlog/QueueTrace_node_8_port_4.tr,ns3-simulated/trace-derived
a0-target-only,41.875000,0,0.000000,212936,207.945312,5.771700,8,4,0.250000,ns-3-ub/scratch/20260929-block24-network-contention/cases/a0-target-only/runlog/QueueTrace_node_8_port_4.tr,ns3-simulated/trace-derived
a0-target-only,42.125000,0,0.000000,212936,207.945312,5.771700,8,4,0.250000,ns-3-ub/scratch/20260929-block24-network-contention/cases/a0-target-only/runlog/QueueTrace_node_8_port_4.tr,ns3-simulated/trace-derived
a0-target-only,42.375000,0,0.000000,212936,207.945312,5.771700,8,4,0.250000,ns-3-ub/scratch/20260929-block24-network-contention/cases/a0-target-only/runlog/QueueTrace_node_8_port_4.tr,ns3-simulated/trace-derived
a0-target-only,42.625000,0,0.000000,212936,207.945312,5.771700,8,4,0.250000,ns-3-ub/scratch/20260929-block24-network-contention/cases/a0-target-only/runlog/QueueTrace_node_8_port_4.tr,ns3-simulated/trace-derived
a0-target-only,42.875000,0,0.000000,212936,207.945312,5.771700,8,4,0.250000,ns-3-ub/scratch/20260929-block24-network-contention/cases/a0-target-only/runlog/QueueTrace_node_8_port_4.tr,ns3-simulated/trace-derived
a0-target-only,43.125000,0,0.000000,212936,207.945312,5.771700,8,4,0.250000,ns-3-ub/scratch/20260929-block24-network-contention/cases/a0-target-only/runlog/QueueTrace_node_8_port_4.tr,ns3-simulated/trace-derived
a0-target-only,43.375000,0,0.000000,212936,207.945312,5.771700,8,4,0.250000,ns-3-ub/scratch/20260929-block24-network-contention/cases/a0-target-only/runlog/QueueTrace_node_8_port_4.tr,ns3-simulated/trace-derived
a0-target-only,43.625000,0,0.000000,212936,207.945312,5.771700,8,4,0.250000,ns-3-ub/scratch/20260929-block24-network-contention/cases/a0-target-only/runlog/QueueTrace_node_8_port_4.tr,ns3-simulated/trace-derived
a0-target-only,43.875000,0,0.000000,212936,207.945312,5.771700,8,4,0.250000,ns-3-ub/scratch/20260929-block24-network-contention/cases/a0-target-only/runlog/QueueTrace_node_8_port_4.tr,ns3-simulated/trace-derived
a0-target-only,44.125000,0,0.000000,212936,207.945312,5.771700,8,4,0.250000,ns-3-ub/scratch/20260929-block24-network-contention/cases/a0-target-only/runlog/QueueTrace_node_8_port_4.tr,ns3-simulated/trace-derived
a0-target-only,44.375000,0,0.000000,212936,207.945312,5.771700,8,4,0.250000,ns-3-ub/scratch/20260929-block24-network-contention/cases/a0-target-only/runlog/QueueTrace_node_8_port_4.tr,ns3-simulated/trace-derived
a0-target-only,44.625000,0,0.000000,212936,207.945312,5.771700,8,4,0.250000,ns-3-ub/scratch/20260929-block24-network-contention/cases/a0-target-only/runlog/QueueTrace_node_8_port_4.tr,ns3-simulated/trace-derived
a0-target-only,44.875000,0,0.000000,212936,207.945312,5.771700,8,4,0.250000,ns-3-ub/scratch/20260929-block24-network-contention/cases/a0-target-only/runlog/QueueTrace_node_8_port_4.tr,ns3-simulated/trace-derived
a0-target-only,45.125000,0,0.000000,212936,207.945312,5.771700,8,4,0.250000,ns-3-ub/scratch/20260929-block24-network-contention/cases/a0-target-only/runlog/QueueTrace_node_8_port_4.tr,ns3-simulated/trace-derived
a0-target-only,45.375000,0,0.000000,212936,207.945312,5.771700,8,4,0.250000,ns-3-ub/scratch/20260929-block24-network-contention/cases/a0-target-only/runlog/QueueTrace_node_8_port_4.tr,ns3-simulated/trace-derived
a0-target-only,45.625000,0,0.000000,212936,207.945312,5.771700,8,4,0.250000,ns-3-ub/scratch/20260929-block24-network-contention/cases/a0-target-only/runlog/QueueTrace_node_8_port_4.tr,ns3-simulated/trace-derived
a0-target-only,45.875000,0,0.000000,212936,207.945312,5.771700,8,4,0.250000,ns-3-ub/scratch/20260929-block24-network-contention/cases/a0-target-only/runlog/QueueTrace_node_8_port_4.tr,ns3-simulated/trace-derived
a0-target-only,46.125000,0,0.000000,212936,207.945312,5.771700,8,4,0.250000,ns-3-ub/scratch/20260929-block24-network-contention/cases/a0-target-only/runlog/QueueTrace_node_8_port_4.tr,ns3-simulated/trace-derived
a0-target-only,46.375000,0,0.000000,212936,207.945312,5.771700,8,4,0.250000,ns-3-ub/scratch/20260929-block24-network-contention/cases/a0-target-only/runlog/QueueTrace_node_8_port_4.tr,ns3-simulated/trace-derived
a0-target-only,46.625000,0,0.000000,212936,207.945312,5.771700,8,4,0.250000,ns-3-ub/scratch/20260929-block24-network-contention/cases/a0-target-only/runlog/QueueTrace_node_8_port_4.tr,ns3-simulated/trace-derived
a0-target-only,46.875000,0,0.000000,212936,207.945312,5.771700,8,4,0.250000,ns-3-ub/scratch/20260929-block24-network-contention/cases/a0-target-only/runlog/QueueTrace_node_8_port_4.tr,ns3-simulated/trace-derived
a0-target-only,47.125000,0,0.000000,212936,207.945312,5.771700,8,4,0.250000,ns-3-ub/scratch/20260929-block24-network-contention/cases/a0-target-only/runlog/QueueTrace_node_8_port_4.tr,ns3-simulated/trace-derived
a0-target-only,47.375000,0,0.000000,212936,207.945312,5.771700,8,4,0.250000,ns-3-ub/scratch/20260929-block24-network-contention/cases/a0-target-only/runlog/QueueTrace_node_8_port_4.tr,ns3-simulated/trace-derived
a0-target-only,47.625000,0,0.000000,212936,207.945312,5.771700,8,4,0.250000,ns-3-ub/scratch/20260929-block24-network-contention/cases/a0-target-only/runlog/QueueTrace_node_8_port_4.tr,ns3-simulated/trace-derived
a0-target-only,47.875000,0,0.000000,212936,207.945312,5.771700,8,4,0.250000,ns-3-ub/scratch/20260929-block24-network-contention/cases/a0-target-only/runlog/QueueTrace_node_8_port_4.tr,ns3-simulated/trace-derived
a0-target-only,48.125000,0,0.000000,212936,207.945312,5.771700,8,4,0.250000,ns-3-ub/scratch/20260929-block24-network-contention/cases/a0-target-only/runlog/QueueTrace_node_8_port_4.tr,ns3-simulated/trace-derived
a0-target-only,48.375000,0,0.000000,212936,207.945312,5.771700,8,4,0.250000,ns-3-ub/scratch/20260929-block24-network-contention/cases/a0-target-only/runlog/QueueTrace_node_8_port_4.tr,ns3-simulated/trace-derived
a0-target-only,48.625000,0,0.000000,212936,207.945312,5.771700,8,4,0.250000,ns-3-ub/scratch/20260929-block24-network-contention/cases/a0-target-only/runlog/QueueTrace_node_8_port_4.tr,ns3-simulated/trace-derived
a0-target-only,48.875000,0,0.000000,212936,207.945312,5.771700,8,4,0.250000,ns-3-ub/scratch/20260929-block24-network-contention/cases/a0-target-only/runlog/QueueTrace_node_8_port_4.tr,ns3-simulated/trace-derived
a0-target-only,49.125000,0,0.000000,212936,207.945312,5.771700,8,4,0.250000,ns-3-ub/scratch/20260929-block24-network-contention/cases/a0-target-only/runlog/QueueTrace_node_8_port_4.tr,ns3-simulated/trace-derived
a0-target-only,49.375000,0,0.000000,212936,207.945312,5.771700,8,4,0.250000,ns-3-ub/scratch/20260929-block24-network-contention/cases/a0-target-only/runlog/QueueTrace_node_8_port_4.tr,ns3-simulated/trace-derived
a0-target-only,49.625000,0,0.000000,212936,207.945312,5.771700,8,4,0.250000,ns-3-ub/scratch/20260929-block24-network-contention/cases/a0-target-only/runlog/QueueTrace_node_8_port_4.tr,ns3-simulated/trace-derived
a0-target-only,49.875000,0,0.000000,212936,207.945312,5.771700,8,4,0.250000,ns-3-ub/scratch/20260929-block24-network-contention/cases/a0-target-only/runlog/QueueTrace_node_8_port_4.tr,ns3-simulated/trace-derived
a0-target-only,50.125000,0,0.000000,212936,207.945312,5.771700,8,4,0.250000,ns-3-ub/scratch/20260929-block24-network-contention/cases/a0-target-only/runlog/QueueTrace_node_8_port_4.tr,ns3-simulated/trace-derived
a0-target-only,50.375000,0,0.000000,212936,207.945312,5.771700,8,4,0.250000,ns-3-ub/scratch/20260929-block24-network-contention/cases/a0-target-only/runlog/QueueTrace_node_8_port_4.tr,ns3-simulated/trace-derived
a0-target-only,50.625000,0,0.000000,212936,207.945312,5.771700,8,4,0.250000,ns-3-ub/scratch/20260929-block24-network-contention/cases/a0-target-only/runlog/QueueTrace_node_8_port_4.tr,ns3-simulated/trace-derived
a0-target-only,50.875000,0,0.000000,212936,207.945312,5.771700,8,4,0.250000,ns-3-ub/scratch/20260929-block24-network-contention/cases/a0-target-only/runlog/QueueTrace_node_8_port_4.tr,ns3-simulated/trace-derived
a0-target-only,51.125000,0,0.000000,212936,207.945312,5.771700,8,4,0.250000,ns-3-ub/scratch/20260929-block24-network-contention/cases/a0-target-only/runlog/QueueTrace_node_8_port_4.tr,ns3-simulated/trace-derived
a0-target-only,51.375000,0,0.000000,212936,207.945312,5.771700,8,4,0.250000,ns-3-ub/scratch/20260929-block24-network-contention/cases/a0-target-only/runlog/QueueTrace_node_8_port_4.tr,ns3-simulated/trace-derived
a0-target-only,51.625000,0,0.000000,212936,207.945312,5.771700,8,4,0.250000,ns-3-ub/scratch/20260929-block24-network-contention/cases/a0-target-only/runlog/QueueTrace_node_8_port_4.tr,ns3-simulated/trace-derived
a0-target-only,51.875000,0,0.000000,212936,207.945312,5.771700,8,4,0.250000,ns-3-ub/scratch/20260929-block24-network-contention/cases/a0-target-only/runlog/QueueTrace_node_8_port_4.tr,ns3-simulated/trace-derived
a0-target-only,52.125000,0,0.000000,212936,207.945312,5.771700,8,4,0.250000,ns-3-ub/scratch/20260929-block24-network-contention/cases/a0-target-only/runlog/QueueTrace_node_8_port_4.tr,ns3-simulated/trace-derived
a0-target-only,52.375000,0,0.000000,212936,207.945312,5.771700,8,4,0.250000,ns-3-ub/scratch/20260929-block24-network-contention/cases/a0-target-only/runlog/QueueTrace_node_8_port_4.tr,ns3-simulated/trace-derived
a0-target-only,52.625000,0,0.000000,212936,207.945312,5.771700,8,4,0.250000,ns-3-ub/scratch/20260929-block24-network-contention/cases/a0-target-only/runlog/QueueTrace_node_8_port_4.tr,ns3-simulated/trace-derived
a0-target-only,52.875000,0,0.000000,212936,207.945312,5.771700,8,4,0.250000,ns-3-ub/scratch/20260929-block24-network-contention/cases/a0-target-only/runlog/QueueTrace_node_8_port_4.tr,ns3-simulated/trace-derived
a0-target-only,53.125000,0,0.000000,212936,207.945312,5.771700,8,4,0.250000,ns-3-ub/scratch/20260929-block24-network-contention/cases/a0-target-only/runlog/QueueTrace_node_8_port_4.tr,ns3-simulated/trace-derived
a0-target-only,53.375000,0,0.000000,212936,207.945312,5.771700,8,4,0.250000,ns-3-ub/scratch/20260929-block24-network-contention/cases/a0-target-only/runlog/QueueTrace_node_8_port_4.tr,ns3-simulated/trace-derived
a0-target-only,53.625000,0,0.000000,212936,207.945312,5.771700,8,4,0.250000,ns-3-ub/scratch/20260929-block24-network-contention/cases/a0-target-only/runlog/QueueTrace_node_8_port_4.tr,ns3-simulated/trace-derived
a0-target-only,53.875000,0,0.000000,212936,207.945312,5.771700,8,4,0.250000,ns-3-ub/scratch/20260929-block24-network-contention/cases/a0-target-only/runlog/QueueTrace_node_8_port_4.tr,ns3-simulated/trace-derived
a0-target-only,54.125000,0,0.000000,212936,207.945312,5.771700,8,4,0.250000,ns-3-ub/scratch/20260929-block24-network-contention/cases/a0-target-only/runlog/QueueTrace_node_8_port_4.tr,ns3-simulated/trace-derived
a0-target-only,54.375000,0,0.000000,212936,207.945312,5.771700,8,4,0.250000,ns-3-ub/scratch/20260929-block24-network-contention/cases/a0-target-only/runlog/QueueTrace_node_8_port_4.tr,ns3-simulated/trace-derived
a0-target-only,54.625000,0,0.000000,212936,207.945312,5.771700,8,4,0.250000,ns-3-ub/scratch/20260929-block24-network-contention/cases/a0-target-only/runlog/QueueTrace_node_8_port_4.tr,ns3-simulated/trace-derived
a0-target-only,54.875000,0,0.000000,212936,207.945312,5.771700,8,4,0.250000,ns-3-ub/scratch/20260929-block24-network-contention/cases/a0-target-only/runlog/QueueTrace_node_8_port_4.tr,ns3-simulated/trace-derived
a0-target-only,55.125000,0,0.000000,212936,207.945312,5.771700,8,4,0.250000,ns-3-ub/scratch/20260929-block24-network-contention/cases/a0-target-only/runlog/QueueTrace_node_8_port_4.tr,ns3-simulated/trace-derived
a0-target-only,55.375000,0,0.000000,212936,207.945312,5.771700,8,4,0.250000,ns-3-ub/scratch/20260929-block24-network-contention/cases/a0-target-only/runlog/QueueTrace_node_8_port_4.tr,ns3-simulated/trace-derived
a0-target-only,55.625000,0,0.000000,212936,207.945312,5.771700,8,4,0.250000,ns-3-ub/scratch/20260929-block24-network-contention/cases/a0-target-only/runlog/QueueTrace_node_8_port_4.tr,ns3-simulated/trace-derived
a0-target-only,55.875000,0,0.000000,212936,207.945312,5.771700,8,4,0.250000,ns-3-ub/scratch/20260929-block24-network-contention/cases/a0-target-only/runlog/QueueTrace_node_8_port_4.tr,ns3-simulated/trace-derived
a0-target-only,56.125000,0,0.000000,212936,207.945312,5.771700,8,4,0.250000,ns-3-ub/scratch/20260929-block24-network-contention/cases/a0-target-only/runlog/QueueTrace_node_8_port_4.tr,ns3-simulated/trace-derived
a0-target-only,56.375000,0,0.000000,212936,207.945312,5.771700,8,4,0.250000,ns-3-ub/scratch/20260929-block24-network-contention/cases/a0-target-only/runlog/QueueTrace_node_8_port_4.tr,ns3-simulated/trace-derived
a0-target-only,56.625000,0,0.000000,212936,207.945312,5.771700,8,4,0.250000,ns-3-ub/scratch/20260929-block24-network-contention/cases/a0-target-only/runlog/QueueTrace_node_8_port_4.tr,ns3-simulated/trace-derived
a0-target-only,56.875000,0,0.000000,212936,207.945312,5.771700,8,4,0.250000,ns-3-ub/scratch/20260929-block24-network-contention/cases/a0-target-only/runlog/QueueTrace_node_8_port_4.tr,ns3-simulated/trace-derived
a0-target-only,57.125000,0,0.000000,212936,207.945312,5.771700,8,4,0.250000,ns-3-ub/scratch/20260929-block24-network-contention/cases/a0-target-only/runlog/QueueTrace_node_8_port_4.tr,ns3-simulated/trace-derived
a0-target-only,57.375000,0,0.000000,212936,207.945312,5.771700,8,4,0.250000,ns-3-ub/scratch/20260929-block24-network-contention/cases/a0-target-only/runlog/QueueTrace_node_8_port_4.tr,ns3-simulated/trace-derived
a0-target-only,57.625000,0,0.000000,212936,207.945312,5.771700,8,4,0.250000,ns-3-ub/scratch/20260929-block24-network-contention/cases/a0-target-only/runlog/QueueTrace_node_8_port_4.tr,ns3-simulated/trace-derived
a0-target-only,57.875000,0,0.000000,212936,207.945312,5.771700,8,4,0.250000,ns-3-ub/scratch/20260929-block24-network-contention/cases/a0-target-only/runlog/QueueTrace_node_8_port_4.tr,ns3-simulated/trace-derived
a0-target-only,58.125000,0,0.000000,212936,207.945312,5.771700,8,4,0.250000,ns-3-ub/scratch/20260929-block24-network-contention/cases/a0-target-only/runlog/QueueTrace_node_8_port_4.tr,ns3-simulated/trace-derived
a0-target-only,58.375000,0,0.000000,212936,207.945312,5.771700,8,4,0.250000,ns-3-ub/scratch/20260929-block24-network-contention/cases/a0-target-only/runlog/QueueTrace_node_8_port_4.tr,ns3-simulated/trace-derived
a0-target-only,58.625000,0,0.000000,212936,207.945312,5.771700,8,4,0.250000,ns-3-ub/scratch/20260929-block24-network-contention/cases/a0-target-only/runlog/QueueTrace_node_8_port_4.tr,ns3-simulated/trace-derived
a0-target-only,58.875000,0,0.000000,212936,207.945312,5.771700,8,4,0.250000,ns-3-ub/scratch/20260929-block24-network-contention/cases/a0-target-only/runlog/QueueTrace_node_8_port_4.tr,ns3-simulated/trace-derived
a0-target-only,59.125000,0,0.000000,212936,207.945312,5.771700,8,4,0.250000,ns-3-ub/scratch/20260929-block24-network-contention/cases/a0-target-only/runlog/QueueTrace_node_8_port_4.tr,ns3-simulated/trace-derived
a0-target-only,59.375000,0,0.000000,212936,207.945312,5.771700,8,4,0.250000,ns-3-ub/scratch/20260929-block24-network-contention/cases/a0-target-only/runlog/QueueTrace_node_8_port_4.tr,ns3-simulated/trace-derived
a0-target-only,59.625000,0,0.000000,212936,207.945312,5.771700,8,4,0.250000,ns-3-ub/scratch/20260929-block24-network-contention/cases/a0-target-only/runlog/QueueTrace_node_8_port_4.tr,ns3-simulated/trace-derived
a0-target-only,59.875000,0,0.000000,212936,207.945312,5.771700,8,4,0.250000,ns-3-ub/scratch/20260929-block24-network-contention/cases/a0-target-only/runlog/QueueTrace_node_8_port_4.tr,ns3-simulated/trace-derived
a0-target-only,60.125000,0,0.000000,212936,207.945312,5.771700,8,4,0.250000,ns-3-ub/scratch/20260929-block24-network-contention/cases/a0-target-only/runlog/QueueTrace_node_8_port_4.tr,ns3-simulated/trace-derived
a0-target-only,60.375000,0,0.000000,212936,207.945312,5.771700,8,4,0.250000,ns-3-ub/scratch/20260929-block24-network-contention/cases/a0-target-only/runlog/QueueTrace_node_8_port_4.tr,ns3-simulated/trace-derived
a0-target-only,60.625000,0,0.000000,212936,207.945312,5.771700,8,4,0.250000,ns-3-ub/scratch/20260929-block24-network-contention/cases/a0-target-only/runlog/QueueTrace_node_8_port_4.tr,ns3-simulated/trace-derived
a0-target-only,60.875000,0,0.000000,212936,207.945312,5.771700,8,4,0.250000,ns-3-ub/scratch/20260929-block24-network-contention/cases/a0-target-only/runlog/QueueTrace_node_8_port_4.tr,ns3-simulated/trace-derived
a0-target-only,61.125000,0,0.000000,212936,207.945312,5.771700,8,4,0.250000,ns-3-ub/scratch/20260929-block24-network-contention/cases/a0-target-only/runlog/QueueTrace_node_8_port_4.tr,ns3-simulated/trace-derived
a0-target-only,61.375000,0,0.000000,212936,207.945312,5.771700,8,4,0.250000,ns-3-ub/scratch/20260929-block24-network-contention/cases/a0-target-only/runlog/QueueTrace_node_8_port_4.tr,ns3-simulated/trace-derived
a0-target-only,61.625000,0,0.000000,212936,207.945312,5.771700,8,4,0.250000,ns-3-ub/scratch/20260929-block24-network-contention/cases/a0-target-only/runlog/QueueTrace_node_8_port_4.tr,ns3-simulated/trace-derived
a0-target-only,61.875000,0,0.000000,212936,207.945312,5.771700,8,4,0.250000,ns-3-ub/scratch/20260929-block24-network-contention/cases/a0-target-only/runlog/QueueTrace_node_8_port_4.tr,ns3-simulated/trace-derived
a0-target-only,62.125000,0,0.000000,212936,207.945312,5.771700,8,4,0.250000,ns-3-ub/scratch/20260929-block24-network-contention/cases/a0-target-only/runlog/QueueTrace_node_8_port_4.tr,ns3-simulated/trace-derived
a0-target-only,62.375000,0,0.000000,212936,207.945312,5.771700,8,4,0.250000,ns-3-ub/scratch/20260929-block24-network-contention/cases/a0-target-only/runlog/QueueTrace_node_8_port_4.tr,ns3-simulated/trace-derived
a0-target-only,62.625000,0,0.000000,212936,207.945312,5.771700,8,4,0.250000,ns-3-ub/scratch/20260929-block24-network-contention/cases/a0-target-only/runlog/QueueTrace_node_8_port_4.tr,ns3-simulated/trace-derived
a0-target-only,62.875000,0,0.000000,212936,207.945312,5.771700,8,4,0.250000,ns-3-ub/scratch/20260929-block24-network-contention/cases/a0-target-only/runlog/QueueTrace_node_8_port_4.tr,ns3-simulated/trace-derived
a0-target-only,63.125000,0,0.000000,212936,207.945312,5.771700,8,4,0.250000,ns-3-ub/scratch/20260929-block24-network-contention/cases/a0-target-only/runlog/QueueTrace_node_8_port_4.tr,ns3-simulated/trace-derived
a0-target-only,63.375000,0,0.000000,212936,207.945312,5.771700,8,4,0.250000,ns-3-ub/scratch/20260929-block24-network-contention/cases/a0-target-only/runlog/QueueTrace_node_8_port_4.tr,ns3-simulated/trace-derived
a0-target-only,63.625000,0,0.000000,212936,207.945312,5.771700,8,4,0.250000,ns-3-ub/scratch/20260929-block24-network-contention/cases/a0-target-only/runlog/QueueTrace_node_8_port_4.tr,ns3-simulated/trace-derived
a0-target-only,63.875000,0,0.000000,212936,207.945312,5.771700,8,4,0.250000,ns-3-ub/scratch/20260929-block24-network-contention/cases/a0-target-only/runlog/QueueTrace_node_8_port_4.tr,ns3-simulated/trace-derived
a0-target-only,64.125000,0,0.000000,212936,207.945312,5.771700,8,4,0.250000,ns-3-ub/scratch/20260929-block24-network-contention/cases/a0-target-only/runlog/QueueTrace_node_8_port_4.tr,ns3-simulated/trace-derived
a0-target-only,64.375000,0,0.000000,212936,207.945312,5.771700,8,4,0.250000,ns-3-ub/scratch/20260929-block24-network-contention/cases/a0-target-only/runlog/QueueTrace_node_8_port_4.tr,ns3-simulated/trace-derived
a0-target-only,64.625000,0,0.000000,212936,207.945312,5.771700,8,4,0.250000,ns-3-ub/scratch/20260929-block24-network-contention/cases/a0-target-only/runlog/QueueTrace_node_8_port_4.tr,ns3-simulated/trace-derived
a0-target-only,64.875000,0,0.000000,212936,207.945312,5.771700,8,4,0.250000,ns-3-ub/scratch/20260929-block24-network-contention/cases/a0-target-only/runlog/QueueTrace_node_8_port_4.tr,ns3-simulated/trace-derived
a0-target-only,65.125000,0,0.000000,212936,207.945312,5.771700,8,4,0.250000,ns-3-ub/scratch/20260929-block24-network-contention/cases/a0-target-only/runlog/QueueTrace_node_8_port_4.tr,ns3-simulated/trace-derived
a0-target-only,65.375000,0,0.000000,212936,207.945312,5.771700,8,4,0.250000,ns-3-ub/scratch/20260929-block24-network-contention/cases/a0-target-only/runlog/QueueTrace_node_8_port_4.tr,ns3-simulated/trace-derived
a0-target-only,65.625000,0,0.000000,212936,207.945312,5.771700,8,4,0.250000,ns-3-ub/scratch/20260929-block24-network-contention/cases/a0-target-only/runlog/QueueTrace_node_8_port_4.tr,ns3-simulated/trace-derived
a0-target-only,65.875000,0,0.000000,212936,207.945312,5.771700,8,4,0.250000,ns-3-ub/scratch/20260929-block24-network-contention/cases/a0-target-only/runlog/QueueTrace_node_8_port_4.tr,ns3-simulated/trace-derived
a0-target-only,66.125000,0,0.000000,212936,207.945312,5.771700,8,4,0.250000,ns-3-ub/scratch/20260929-block24-network-contention/cases/a0-target-only/runlog/QueueTrace_node_8_port_4.tr,ns3-simulated/trace-derived
a0-target-only,66.375000,0,0.000000,212936,207.945312,5.771700,8,4,0.250000,ns-3-ub/scratch/20260929-block24-network-contention/cases/a0-target-only/runlog/QueueTrace_node_8_port_4.tr,ns3-simulated/trace-derived
a0-target-only,66.625000,0,0.000000,212936,207.945312,5.771700,8,4,0.250000,ns-3-ub/scratch/20260929-block24-network-contention/cases/a0-target-only/runlog/QueueTrace_node_8_port_4.tr,ns3-simulated/trace-derived
a0-target-only,66.875000,0,0.000000,212936,207.945312,5.771700,8,4,0.250000,ns-3-ub/scratch/20260929-block24-network-contention/cases/a0-target-only/runlog/QueueTrace_node_8_port_4.tr,ns3-simulated/trace-derived
a0-target-only,67.125000,0,0.000000,212936,207.945312,5.771700,8,4,0.250000,ns-3-ub/scratch/20260929-block24-network-contention/cases/a0-target-only/runlog/QueueTrace_node_8_port_4.tr,ns3-simulated/trace-derived
a0-target-only,67.375000,0,0.000000,212936,207.945312,5.771700,8,4,0.250000,ns-3-ub/scratch/20260929-block24-network-contention/cases/a0-target-only/runlog/QueueTrace_node_8_port_4.tr,ns3-simulated/trace-derived
a0-target-only,67.625000,0,0.000000,212936,207.945312,5.771700,8,4,0.250000,ns-3-ub/scratch/20260929-block24-network-contention/cases/a0-target-only/runlog/QueueTrace_node_8_port_4.tr,ns3-simulated/trace-derived
a0-target-only,67.875000,0,0.000000,212936,207.945312,5.771700,8,4,0.250000,ns-3-ub/scratch/20260929-block24-network-contention/cases/a0-target-only/runlog/QueueTrace_node_8_port_4.tr,ns3-simulated/trace-derived
a0-target-only,68.125000,0,0.000000,212936,207.945312,5.771700,8,4,0.250000,ns-3-ub/scratch/20260929-block24-network-contention/cases/a0-target-only/runlog/QueueTrace_node_8_port_4.tr,ns3-simulated/trace-derived
a0-target-only,68.375000,0,0.000000,212936,207.945312,5.771700,8,4,0.250000,ns-3-ub/scratch/20260929-block24-network-contention/cases/a0-target-only/runlog/QueueTrace_node_8_port_4.tr,ns3-simulated/trace-derived
a0-target-only,68.625000,0,0.000000,212936,207.945312,5.771700,8,4,0.250000,ns-3-ub/scratch/20260929-block24-network-contention/cases/a0-target-only/runlog/QueueTrace_node_8_port_4.tr,ns3-simulated/trace-derived
a0-target-only,68.875000,0,0.000000,212936,207.945312,5.771700,8,4,0.250000,ns-3-ub/scratch/20260929-block24-network-contention/cases/a0-target-only/runlog/QueueTrace_node_8_port_4.tr,ns3-simulated/trace-derived
a0-target-only,69.125000,0,0.000000,212936,207.945312,5.771700,8,4,0.250000,ns-3-ub/scratch/20260929-block24-network-contention/cases/a0-target-only/runlog/QueueTrace_node_8_port_4.tr,ns3-simulated/trace-derived
a0-target-only,69.375000,0,0.000000,212936,207.945312,5.771700,8,4,0.250000,ns-3-ub/scratch/20260929-block24-network-contention/cases/a0-target-only/runlog/QueueTrace_node_8_port_4.tr,ns3-simulated/trace-derived
a0-target-only,69.625000,0,0.000000,212936,207.945312,5.771700,8,4,0.250000,ns-3-ub/scratch/20260929-block24-network-contention/cases/a0-target-only/runlog/QueueTrace_node_8_port_4.tr,ns3-simulated/trace-derived
a0-target-only,69.875000,0,0.000000,212936,207.945312,5.771700,8,4,0.250000,ns-3-ub/scratch/20260929-block24-network-contention/cases/a0-target-only/runlog/QueueTrace_node_8_port_4.tr,ns3-simulated/trace-derived
a1-ep-same,0.125000,4174,4.076172,496706,485.064453,5.697640,8,4,0.250000,ns-3-ub/scratch/20260929-block24-network-contention/cases/a1-ep-same/runlog/QueueTrace_node_8_port_4.tr,ns3-simulated/trace-derived
a1-ep-same,0.375000,29218,28.533203,496706,485.064453,5.697640,8,4,0.250000,ns-3-ub/scratch/20260929-block24-network-contention/cases/a1-ep-same/runlog/QueueTrace_node_8_port_4.tr,ns3-simulated/trace-derived
a1-ep-same,0.625000,50088,48.914062,496706,485.064453,5.697640,8,4,0.250000,ns-3-ub/scratch/20260929-block24-network-contention/cases/a1-ep-same/runlog/QueueTrace_node_8_port_4.tr,ns3-simulated/trace-derived
a1-ep-same,0.875000,70958,69.294922,496706,485.064453,5.697640,8,4,0.250000,ns-3-ub/scratch/20260929-block24-network-contention/cases/a1-ep-same/runlog/QueueTrace_node_8_port_4.tr,ns3-simulated/trace-derived
a1-ep-same,1.125000,91828,89.675781,496706,485.064453,5.697640,8,4,0.250000,ns-3-ub/scratch/20260929-block24-network-contention/cases/a1-ep-same/runlog/QueueTrace_node_8_port_4.tr,ns3-simulated/trace-derived
a1-ep-same,1.375000,116872,114.132812,496706,485.064453,5.697640,8,4,0.250000,ns-3-ub/scratch/20260929-block24-network-contention/cases/a1-ep-same/runlog/QueueTrace_node_8_port_4.tr,ns3-simulated/trace-derived
a1-ep-same,1.625000,137742,134.513672,496706,485.064453,5.697640,8,4,0.250000,ns-3-ub/scratch/20260929-block24-network-contention/cases/a1-ep-same/runlog/QueueTrace_node_8_port_4.tr,ns3-simulated/trace-derived
a1-ep-same,1.875000,158612,154.894531,496706,485.064453,5.697640,8,4,0.250000,ns-3-ub/scratch/20260929-block24-network-contention/cases/a1-ep-same/runlog/QueueTrace_node_8_port_4.tr,ns3-simulated/trace-derived
a1-ep-same,2.125000,179482,175.275391,496706,485.064453,5.697640,8,4,0.250000,ns-3-ub/scratch/20260929-block24-network-contention/cases/a1-ep-same/runlog/QueueTrace_node_8_port_4.tr,ns3-simulated/trace-derived
a1-ep-same,2.375000,204526,199.732422,496706,485.064453,5.697640,8,4,0.250000,ns-3-ub/scratch/20260929-block24-network-contention/cases/a1-ep-same/runlog/QueueTrace_node_8_port_4.tr,ns3-simulated/trace-derived
a1-ep-same,2.625000,225396,220.113281,496706,485.064453,5.697640,8,4,0.250000,ns-3-ub/scratch/20260929-block24-network-contention/cases/a1-ep-same/runlog/QueueTrace_node_8_port_4.tr,ns3-simulated/trace-derived
a1-ep-same,2.875000,246266,240.494141,496706,485.064453,5.697640,8,4,0.250000,ns-3-ub/scratch/20260929-block24-network-contention/cases/a1-ep-same/runlog/QueueTrace_node_8_port_4.tr,ns3-simulated/trace-derived
a1-ep-same,3.125000,267136,260.875000,496706,485.064453,5.697640,8,4,0.250000,ns-3-ub/scratch/20260929-block24-network-contention/cases/a1-ep-same/runlog/QueueTrace_node_8_port_4.tr,ns3-simulated/trace-derived
a1-ep-same,3.375000,292180,285.332031,496706,485.064453,5.697640,8,4,0.250000,ns-3-ub/scratch/20260929-block24-network-contention/cases/a1-ep-same/runlog/QueueTrace_node_8_port_4.tr,ns3-simulated/trace-derived
a1-ep-same,3.625000,313050,305.712891,496706,485.064453,5.697640,8,4,0.250000,ns-3-ub/scratch/20260929-block24-network-contention/cases/a1-ep-same/runlog/QueueTrace_node_8_port_4.tr,ns3-simulated/trace-derived
a1-ep-same,3.875000,333920,326.093750,496706,485.064453,5.697640,8,4,0.250000,ns-3-ub/scratch/20260929-block24-network-contention/cases/a1-ep-same/runlog/QueueTrace_node_8_port_4.tr,ns3-simulated/trace-derived
a1-ep-same,4.125000,354790,346.474609,496706,485.064453,5.697640,8,4,0.250000,ns-3-ub/scratch/20260929-block24-network-contention/cases/a1-ep-same/runlog/QueueTrace_node_8_port_4.tr,ns3-simulated/trace-derived
a1-ep-same,4.375000,379834,370.931641,496706,485.064453,5.697640,8,4,0.250000,ns-3-ub/scratch/20260929-block24-network-contention/cases/a1-ep-same/runlog/QueueTrace_node_8_port_4.tr,ns3-simulated/trace-derived
a1-ep-same,4.625000,400704,391.312500,496706,485.064453,5.697640,8,4,0.250000,ns-3-ub/scratch/20260929-block24-network-contention/cases/a1-ep-same/runlog/QueueTrace_node_8_port_4.tr,ns3-simulated/trace-derived
a1-ep-same,4.875000,421574,411.693359,496706,485.064453,5.697640,8,4,0.250000,ns-3-ub/scratch/20260929-block24-network-contention/cases/a1-ep-same/runlog/QueueTrace_node_8_port_4.tr,ns3-simulated/trace-derived
a1-ep-same,5.125000,442444,432.074219,496706,485.064453,5.697640,8,4,0.250000,ns-3-ub/scratch/20260929-block24-network-contention/cases/a1-ep-same/runlog/QueueTrace_node_8_port_4.tr,ns3-simulated/trace-derived
a1-ep-same,5.375000,467488,456.531250,496706,485.064453,5.697640,8,4,0.250000,ns-3-ub/scratch/20260929-block24-network-contention/cases/a1-ep-same/runlog/QueueTrace_node_8_port_4.tr,ns3-simulated/trace-derived
a1-ep-same,5.625000,488358,476.912109,496706,485.064453,5.697640,8,4,0.250000,ns-3-ub/scratch/20260929-block24-network-contention/cases/a1-ep-same/runlog/QueueTrace_node_8_port_4.tr,ns3-simulated/trace-derived
a1-ep-same,5.875000,492532,480.988281,496706,485.064453,5.697640,8,4,0.250000,ns-3-ub/scratch/20260929-block24-network-contention/cases/a1-ep-same/runlog/QueueTrace_node_8_port_4.tr,ns3-simulated/trace-derived
a1-ep-same,6.125000,492532,480.988281,496706,485.064453,5.697640,8,4,0.250000,ns-3-ub/scratch/20260929-block24-network-contention/cases/a1-ep-same/runlog/QueueTrace_node_8_port_4.tr,ns3-simulated/trace-derived
a1-ep-same,6.375000,488358,476.912109,496706,485.064453,5.697640,8,4,0.250000,ns-3-ub/scratch/20260929-block24-network-contention/cases/a1-ep-same/runlog/QueueTrace_node_8_port_4.tr,ns3-simulated/trace-derived
a1-ep-same,6.625000,484184,472.835938,496706,485.064453,5.697640,8,4,0.250000,ns-3-ub/scratch/20260929-block24-network-contention/cases/a1-ep-same/runlog/QueueTrace_node_8_port_4.tr,ns3-simulated/trace-derived
a1-ep-same,6.875000,480010,468.759766,496706,485.064453,5.697640,8,4,0.250000,ns-3-ub/scratch/20260929-block24-network-contention/cases/a1-ep-same/runlog/QueueTrace_node_8_port_4.tr,ns3-simulated/trace-derived
a1-ep-same,7.125000,480010,468.759766,496706,485.064453,5.697640,8,4,0.250000,ns-3-ub/scratch/20260929-block24-network-contention/cases/a1-ep-same/runlog/QueueTrace_node_8_port_4.tr,ns3-simulated/trace-derived
a1-ep-same,7.375000,475836,464.683594,496706,485.064453,5.697640,8,4,0.250000,ns-3-ub/scratch/20260929-block24-network-contention/cases/a1-ep-same/runlog/QueueTrace_node_8_port_4.tr,ns3-simulated/trace-derived
a1-ep-same,7.625000,471662,460.607422,496706,485.064453,5.697640,8,4,0.250000,ns-3-ub/scratch/20260929-block24-network-contention/cases/a1-ep-same/runlog/QueueTrace_node_8_port_4.tr,ns3-simulated/trace-derived
a1-ep-same,7.875000,467488,456.531250,496706,485.064453,5.697640,8,4,0.250000,ns-3-ub/scratch/20260929-block24-network-contention/cases/a1-ep-same/runlog/QueueTrace_node_8_port_4.tr,ns3-simulated/trace-derived
a1-ep-same,8.125000,467488,456.531250,496706,485.064453,5.697640,8,4,0.250000,ns-3-ub/scratch/20260929-block24-network-contention/cases/a1-ep-same/runlog/QueueTrace_node_8_port_4.tr,ns3-simulated/trace-derived
a1-ep-same,8.375000,463314,452.455078,496706,485.064453,5.697640,8,4,0.250000,ns-3-ub/scratch/20260929-block24-network-contention/cases/a1-ep-same/runlog/QueueTrace_node_8_port_4.tr,ns3-simulated/trace-derived
a1-ep-same,8.625000,459140,448.378906,496706,485.064453,5.697640,8,4,0.250000,ns-3-ub/scratch/20260929-block24-network-contention/cases/a1-ep-same/runlog/QueueTrace_node_8_port_4.tr,ns3-simulated/trace-derived
a1-ep-same,8.875000,454966,444.302734,496706,485.064453,5.697640,8,4,0.250000,ns-3-ub/scratch/20260929-block24-network-contention/cases/a1-ep-same/runlog/QueueTrace_node_8_port_4.tr,ns3-simulated/trace-derived
a1-ep-same,9.125000,454966,444.302734,496706,485.064453,5.697640,8,4,0.250000,ns-3-ub/scratch/20260929-block24-network-contention/cases/a1-ep-same/runlog/QueueTrace_node_8_port_4.tr,ns3-simulated/trace-derived
a1-ep-same,9.375000,450792,440.226562,496706,485.064453,5.697640,8,4,0.250000,ns-3-ub/scratch/20260929-block24-network-contention/cases/a1-ep-same/runlog/QueueTrace_node_8_port_4.tr,ns3-simulated/trace-derived
a1-ep-same,9.625000,446618,436.150391,496706,485.064453,5.697640,8,4,0.250000,ns-3-ub/scratch/20260929-block24-network-contention/cases/a1-ep-same/runlog/QueueTrace_node_8_port_4.tr,ns3-simulated/trace-derived
a1-ep-same,9.875000,442444,432.074219,496706,485.064453,5.697640,8,4,0.250000,ns-3-ub/scratch/20260929-block24-network-contention/cases/a1-ep-same/runlog/QueueTrace_node_8_port_4.tr,ns3-simulated/trace-derived
a1-ep-same,10.125000,442444,432.074219,496706,485.064453,5.697640,8,4,0.250000,ns-3-ub/scratch/20260929-block24-network-contention/cases/a1-ep-same/runlog/QueueTrace_node_8_port_4.tr,ns3-simulated/trace-derived
a1-ep-same,10.375000,438270,427.998047,496706,485.064453,5.697640,8,4,0.250000,ns-3-ub/scratch/20260929-block24-network-contention/cases/a1-ep-same/runlog/QueueTrace_node_8_port_4.tr,ns3-simulated/trace-derived
a1-ep-same,10.625000,434096,423.921875,496706,485.064453,5.697640,8,4,0.250000,ns-3-ub/scratch/20260929-block24-network-contention/cases/a1-ep-same/runlog/QueueTrace_node_8_port_4.tr,ns3-simulated/trace-derived
a1-ep-same,10.875000,429984,419.906250,496706,485.064453,5.697640,8,4,0.250000,ns-3-ub/scratch/20260929-block24-network-contention/cases/a1-ep-same/runlog/QueueTrace_node_8_port_4.tr,ns3-simulated/trace-derived
a1-ep-same,11.125000,430046,419.966797,496706,485.064453,5.697640,8,4,0.250000,ns-3-ub/scratch/20260929-block24-network-contention/cases/a1-ep-same/runlog/QueueTrace_node_8_port_4.tr,ns3-simulated/trace-derived
a1-ep-same,11.375000,425872,415.890625,496706,485.064453,5.697640,8,4,0.250000,ns-3-ub/scratch/20260929-block24-network-contention/cases/a1-ep-same/runlog/QueueTrace_node_8_port_4.tr,ns3-simulated/trace-derived
a1-ep-same,11.625000,421698,411.814453,496706,485.064453,5.697640,8,4,0.250000,ns-3-ub/scratch/20260929-block24-network-contention/cases/a1-ep-same/runlog/QueueTrace_node_8_port_4.tr,ns3-simulated/trace-derived
a1-ep-same,11.875000,417524,407.738281,496706,485.064453,5.697640,8,4,0.250000,ns-3-ub/scratch/20260929-block24-network-contention/cases/a1-ep-same/runlog/QueueTrace_node_8_port_4.tr,ns3-simulated/trace-derived
a1-ep-same,12.125000,417524,407.738281,496706,485.064453,5.697640,8,4,0.250000,ns-3-ub/scratch/20260929-block24-network-contention/cases/a1-ep-same/runlog/QueueTrace_node_8_port_4.tr,ns3-simulated/trace-derived
a1-ep-same,12.375000,413350,403.662109,496706,485.064453,5.697640,8,4,0.250000,ns-3-ub/scratch/20260929-block24-network-contention/cases/a1-ep-same/runlog/QueueTrace_node_8_port_4.tr,ns3-simulated/trace-derived
a1-ep-same,12.625000,409176,399.585938,496706,485.064453,5.697640,8,4,0.250000,ns-3-ub/scratch/20260929-block24-network-contention/cases/a1-ep-same/runlog/QueueTrace_node_8_port_4.tr,ns3-simulated/trace-derived
a1-ep-same,12.875000,405002,395.509766,496706,485.064453,5.697640,8,4,0.250000,ns-3-ub/scratch/20260929-block24-network-contention/cases/a1-ep-same/runlog/QueueTrace_node_8_port_4.tr,ns3-simulated/trace-derived
a1-ep-same,13.125000,405002,395.509766,496706,485.064453,5.697640,8,4,0.250000,ns-3-ub/scratch/20260929-block24-network-contention/cases/a1-ep-same/runlog/QueueTrace_node_8_port_4.tr,ns3-simulated/trace-derived
a1-ep-same,13.375000,400828,391.433594,496706,485.064453,5.697640,8,4,0.250000,ns-3-ub/scratch/20260929-block24-network-contention/cases/a1-ep-same/runlog/QueueTrace_node_8_port_4.tr,ns3-simulated/trace-derived
a1-ep-same,13.625000,396654,387.357422,496706,485.064453,5.697640,8,4,0.250000,ns-3-ub/scratch/20260929-block24-network-contention/cases/a1-ep-same/runlog/QueueTrace_node_8_port_4.tr,ns3-simulated/trace-derived
a1-ep-same,13.875000,392480,383.281250,496706,485.064453,5.697640,8,4,0.250000,ns-3-ub/scratch/20260929-block24-network-contention/cases/a1-ep-same/runlog/QueueTrace_node_8_port_4.tr,ns3-simulated/trace-derived
a1-ep-same,14.125000,392480,383.281250,496706,485.064453,5.697640,8,4,0.250000,ns-3-ub/scratch/20260929-block24-network-contention/cases/a1-ep-same/runlog/QueueTrace_node_8_port_4.tr,ns3-simulated/trace-derived
a1-ep-same,14.375000,388306,379.205078,496706,485.064453,5.697640,8,4,0.250000,ns-3-ub/scratch/20260929-block24-network-contention/cases/a1-ep-same/runlog/QueueTrace_node_8_port_4.tr,ns3-simulated/trace-derived
a1-ep-same,14.625000,384132,375.128906,496706,485.064453,5.697640,8,4,0.250000,ns-3-ub/scratch/20260929-block24-network-contention/cases/a1-ep-same/runlog/QueueTrace_node_8_port_4.tr,ns3-simulated/trace-derived
a1-ep-same,14.875000,379958,371.052734,496706,485.064453,5.697640,8,4,0.250000,ns-3-ub/scratch/20260929-block24-network-contention/cases/a1-ep-same/runlog/QueueTrace_node_8_port_4.tr,ns3-simulated/trace-derived
a1-ep-same,15.125000,379958,371.052734,496706,485.064453,5.697640,8,4,0.250000,ns-3-ub/scratch/20260929-block24-network-contention/cases/a1-ep-same/runlog/QueueTrace_node_8_port_4.tr,ns3-simulated/trace-derived
a1-ep-same,15.375000,375784,366.976562,496706,485.064453,5.697640,8,4,0.250000,ns-3-ub/scratch/20260929-block24-network-contention/cases/a1-ep-same/runlog/QueueTrace_node_8_port_4.tr,ns3-simulated/trace-derived
a1-ep-same,15.625000,371610,362.900391,496706,485.064453,5.697640,8,4,0.250000,ns-3-ub/scratch/20260929-block24-network-contention/cases/a1-ep-same/runlog/QueueTrace_node_8_port_4.tr,ns3-simulated/trace-derived
a1-ep-same,15.875000,367436,358.824219,496706,485.064453,5.697640,8,4,0.250000,ns-3-ub/scratch/20260929-block24-network-contention/cases/a1-ep-same/runlog/QueueTrace_node_8_port_4.tr,ns3-simulated/trace-derived
a1-ep-same,16.125000,367436,358.824219,496706,485.064453,5.697640,8,4,0.250000,ns-3-ub/scratch/20260929-block24-network-contention/cases/a1-ep-same/runlog/QueueTrace_node_8_port_4.tr,ns3-simulated/trace-derived
a1-ep-same,16.375000,363262,354.748047,496706,485.064453,5.697640,8,4,0.250000,ns-3-ub/scratch/20260929-block24-network-contention/cases/a1-ep-same/runlog/QueueTrace_node_8_port_4.tr,ns3-simulated/trace-derived
a1-ep-same,16.625000,359088,350.671875,496706,485.064453,5.697640,8,4,0.250000,ns-3-ub/scratch/20260929-block24-network-contention/cases/a1-ep-same/runlog/QueueTrace_node_8_port_4.tr,ns3-simulated/trace-derived
a1-ep-same,16.875000,354914,346.595703,496706,485.064453,5.697640,8,4,0.250000,ns-3-ub/scratch/20260929-block24-network-contention/cases/a1-ep-same/runlog/QueueTrace_node_8_port_4.tr,ns3-simulated/trace-derived
a1-ep-same,17.125000,354914,346.595703,496706,485.064453,5.697640,8,4,0.250000,ns-3-ub/scratch/20260929-block24-network-contention/cases/a1-ep-same/runlog/QueueTrace_node_8_port_4.tr,ns3-simulated/trace-derived
a1-ep-same,17.375000,350740,342.519531,496706,485.064453,5.697640,8,4,0.250000,ns-3-ub/scratch/20260929-block24-network-contention/cases/a1-ep-same/runlog/QueueTrace_node_8_port_4.tr,ns3-simulated/trace-derived
a1-ep-same,17.625000,346566,338.443359,496706,485.064453,5.697640,8,4,0.250000,ns-3-ub/scratch/20260929-block24-network-contention/cases/a1-ep-same/runlog/QueueTrace_node_8_port_4.tr,ns3-simulated/trace-derived
a1-ep-same,17.875000,342392,334.367188,496706,485.064453,5.697640,8,4,0.250000,ns-3-ub/scratch/20260929-block24-network-contention/cases/a1-ep-same/runlog/QueueTrace_node_8_port_4.tr,ns3-simulated/trace-derived
a1-ep-same,18.125000,342392,334.367188,496706,485.064453,5.697640,8,4,0.250000,ns-3-ub/scratch/20260929-block24-network-contention/cases/a1-ep-same/runlog/QueueTrace_node_8_port_4.tr,ns3-simulated/trace-derived
a1-ep-same,18.375000,338218,330.291016,496706,485.064453,5.697640,8,4,0.250000,ns-3-ub/scratch/20260929-block24-network-contention/cases/a1-ep-same/runlog/QueueTrace_node_8_port_4.tr,ns3-simulated/trace-derived
a1-ep-same,18.625000,334044,326.214844,496706,485.064453,5.697640,8,4,0.250000,ns-3-ub/scratch/20260929-block24-network-contention/cases/a1-ep-same/runlog/QueueTrace_node_8_port_4.tr,ns3-simulated/trace-derived
a1-ep-same,18.875000,329870,322.138672,496706,485.064453,5.697640,8,4,0.250000,ns-3-ub/scratch/20260929-block24-network-contention/cases/a1-ep-same/runlog/QueueTrace_node_8_port_4.tr,ns3-simulated/trace-derived
a1-ep-same,19.125000,329870,322.138672,496706,485.064453,5.697640,8,4,0.250000,ns-3-ub/scratch/20260929-block24-network-contention/cases/a1-ep-same/runlog/QueueTrace_node_8_port_4.tr,ns3-simulated/trace-derived
a1-ep-same,19.375000,325696,318.062500,496706,485.064453,5.697640,8,4,0.250000,ns-3-ub/scratch/20260929-block24-network-contention/cases/a1-ep-same/runlog/QueueTrace_node_8_port_4.tr,ns3-simulated/trace-derived
a1-ep-same,19.625000,321522,313.986328,496706,485.064453,5.697640,8,4,0.250000,ns-3-ub/scratch/20260929-block24-network-contention/cases/a1-ep-same/runlog/QueueTrace_node_8_port_4.tr,ns3-simulated/trace-derived
a1-ep-same,19.875000,317348,309.910156,496706,485.064453,5.697640,8,4,0.250000,ns-3-ub/scratch/20260929-block24-network-contention/cases/a1-ep-same/runlog/QueueTrace_node_8_port_4.tr,ns3-simulated/trace-derived
a1-ep-same,20.125000,317348,309.910156,496706,485.064453,5.697640,8,4,0.250000,ns-3-ub/scratch/20260929-block24-network-contention/cases/a1-ep-same/runlog/QueueTrace_node_8_port_4.tr,ns3-simulated/trace-derived
a1-ep-same,20.375000,313174,305.833984,496706,485.064453,5.697640,8,4,0.250000,ns-3-ub/scratch/20260929-block24-network-contention/cases/a1-ep-same/runlog/QueueTrace_node_8_port_4.tr,ns3-simulated/trace-derived
a1-ep-same,20.625000,309000,301.757812,496706,485.064453,5.697640,8,4,0.250000,ns-3-ub/scratch/20260929-block24-network-contention/cases/a1-ep-same/runlog/QueueTrace_node_8_port_4.tr,ns3-simulated/trace-derived
a1-ep-same,20.875000,304826,297.681641,496706,485.064453,5.697640,8,4,0.250000,ns-3-ub/scratch/20260929-block24-network-contention/cases/a1-ep-same/runlog/QueueTrace_node_8_port_4.tr,ns3-simulated/trace-derived
a1-ep-same,21.125000,304826,297.681641,496706,485.064453,5.697640,8,4,0.250000,ns-3-ub/scratch/20260929-block24-network-contention/cases/a1-ep-same/runlog/QueueTrace_node_8_port_4.tr,ns3-simulated/trace-derived
a1-ep-same,21.375000,300652,293.605469,496706,485.064453,5.697640,8,4,0.250000,ns-3-ub/scratch/20260929-block24-network-contention/cases/a1-ep-same/runlog/QueueTrace_node_8_port_4.tr,ns3-simulated/trace-derived
a1-ep-same,21.625000,296540,289.589844,496706,485.064453,5.697640,8,4,0.250000,ns-3-ub/scratch/20260929-block24-network-contention/cases/a1-ep-same/runlog/QueueTrace_node_8_port_4.tr,ns3-simulated/trace-derived
a1-ep-same,21.875000,292428,285.574219,496706,485.064453,5.697640,8,4,0.250000,ns-3-ub/scratch/20260929-block24-network-contention/cases/a1-ep-same/runlog/QueueTrace_node_8_port_4.tr,ns3-simulated/trace-derived
a1-ep-same,22.125000,292428,285.574219,496706,485.064453,5.697640,8,4,0.250000,ns-3-ub/scratch/20260929-block24-network-contention/cases/a1-ep-same/runlog/QueueTrace_node_8_port_4.tr,ns3-simulated/trace-derived
a1-ep-same,22.375000,288254,281.498047,496706,485.064453,5.697640,8,4,0.250000,ns-3-ub/scratch/20260929-block24-network-contention/cases/a1-ep-same/runlog/QueueTrace_node_8_port_4.tr,ns3-simulated/trace-derived
a1-ep-same,22.625000,284080,277.421875,496706,485.064453,5.697640,8,4,0.250000,ns-3-ub/scratch/20260929-block24-network-contention/cases/a1-ep-same/runlog/QueueTrace_node_8_port_4.tr,ns3-simulated/trace-derived
a1-ep-same,22.875000,279906,273.345703,496706,485.064453,5.697640,8,4,0.250000,ns-3-ub/scratch/20260929-block24-network-contention/cases/a1-ep-same/runlog/QueueTrace_node_8_port_4.tr,ns3-simulated/trace-derived
a1-ep-same,23.125000,279906,273.345703,496706,485.064453,5.697640,8,4,0.250000,ns-3-ub/scratch/20260929-block24-network-contention/cases/a1-ep-same/runlog/QueueTrace_node_8_port_4.tr,ns3-simulated/trace-derived
a1-ep-same,23.375000,275732,269.269531,496706,485.064453,5.697640,8,4,0.250000,ns-3-ub/scratch/20260929-block24-network-contention/cases/a1-ep-same/runlog/QueueTrace_node_8_port_4.tr,ns3-simulated/trace-derived
a1-ep-same,23.625000,271558,265.193359,496706,485.064453,5.697640,8,4,0.250000,ns-3-ub/scratch/20260929-block24-network-contention/cases/a1-ep-same/runlog/QueueTrace_node_8_port_4.tr,ns3-simulated/trace-derived
a1-ep-same,23.875000,267384,261.117188,496706,485.064453,5.697640,8,4,0.250000,ns-3-ub/scratch/20260929-block24-network-contention/cases/a1-ep-same/runlog/QueueTrace_node_8_port_4.tr,ns3-simulated/trace-derived
a1-ep-same,24.125000,267384,261.117188,496706,485.064453,5.697640,8,4,0.250000,ns-3-ub/scratch/20260929-block24-network-contention/cases/a1-ep-same/runlog/QueueTrace_node_8_port_4.tr,ns3-simulated/trace-derived
a1-ep-same,24.375000,263210,257.041016,496706,485.064453,5.697640,8,4,0.250000,ns-3-ub/scratch/20260929-block24-network-contention/cases/a1-ep-same/runlog/QueueTrace_node_8_port_4.tr,ns3-simulated/trace-derived
a1-ep-same,24.625000,259036,252.964844,496706,485.064453,5.697640,8,4,0.250000,ns-3-ub/scratch/20260929-block24-network-contention/cases/a1-ep-same/runlog/QueueTrace_node_8_port_4.tr,ns3-simulated/trace-derived
a1-ep-same,24.875000,254862,248.888672,496706,485.064453,5.697640,8,4,0.250000,ns-3-ub/scratch/20260929-block24-network-contention/cases/a1-ep-same/runlog/QueueTrace_node_8_port_4.tr,ns3-simulated/trace-derived
a1-ep-same,25.125000,254862,248.888672,496706,485.064453,5.697640,8,4,0.250000,ns-3-ub/scratch/20260929-block24-network-contention/cases/a1-ep-same/runlog/QueueTrace_node_8_port_4.tr,ns3-simulated/trace-derived
a1-ep-same,25.375000,250688,244.812500,496706,485.064453,5.697640,8,4,0.250000,ns-3-ub/scratch/20260929-block24-network-contention/cases/a1-ep-same/runlog/QueueTrace_node_8_port_4.tr,ns3-simulated/trace-derived
a1-ep-same,25.625000,246514,240.736328,496706,485.064453,5.697640,8,4,0.250000,ns-3-ub/scratch/20260929-block24-network-contention/cases/a1-ep-same/runlog/QueueTrace_node_8_port_4.tr,ns3-simulated/trace-derived
a1-ep-same,25.875000,242340,236.660156,496706,485.064453,5.697640,8,4,0.250000,ns-3-ub/scratch/20260929-block24-network-contention/cases/a1-ep-same/runlog/QueueTrace_node_8_port_4.tr,ns3-simulated/trace-derived
a1-ep-same,26.125000,242340,236.660156,496706,485.064453,5.697640,8,4,0.250000,ns-3-ub/scratch/20260929-block24-network-contention/cases/a1-ep-same/runlog/QueueTrace_node_8_port_4.tr,ns3-simulated/trace-derived
a1-ep-same,26.375000,238166,232.583984,496706,485.064453,5.697640,8,4,0.250000,ns-3-ub/scratch/20260929-block24-network-contention/cases/a1-ep-same/runlog/QueueTrace_node_8_port_4.tr,ns3-simulated/trace-derived
a1-ep-same,26.625000,233992,228.507812,496706,485.064453,5.697640,8,4,0.250000,ns-3-ub/scratch/20260929-block24-network-contention/cases/a1-ep-same/runlog/QueueTrace_node_8_port_4.tr,ns3-simulated/trace-derived
a1-ep-same,26.875000,229818,224.431641,496706,485.064453,5.697640,8,4,0.250000,ns-3-ub/scratch/20260929-block24-network-contention/cases/a1-ep-same/runlog/QueueTrace_node_8_port_4.tr,ns3-simulated/trace-derived
a1-ep-same,27.125000,229818,224.431641,496706,485.064453,5.697640,8,4,0.250000,ns-3-ub/scratch/20260929-block24-network-contention/cases/a1-ep-same/runlog/QueueTrace_node_8_port_4.tr,ns3-simulated/trace-derived
a1-ep-same,27.375000,225644,220.355469,496706,485.064453,5.697640,8,4,0.250000,ns-3-ub/scratch/20260929-block24-network-contention/cases/a1-ep-same/runlog/QueueTrace_node_8_port_4.tr,ns3-simulated/trace-derived
a1-ep-same,27.625000,221470,216.279297,496706,485.064453,5.697640,8,4,0.250000,ns-3-ub/scratch/20260929-block24-network-contention/cases/a1-ep-same/runlog/QueueTrace_node_8_port_4.tr,ns3-simulated/trace-derived
a1-ep-same,27.875000,217296,212.203125,496706,485.064453,5.697640,8,4,0.250000,ns-3-ub/scratch/20260929-block24-network-contention/cases/a1-ep-same/runlog/QueueTrace_node_8_port_4.tr,ns3-simulated/trace-derived
a1-ep-same,28.125000,217296,212.203125,496706,485.064453,5.697640,8,4,0.250000,ns-3-ub/scratch/20260929-block24-network-contention/cases/a1-ep-same/runlog/QueueTrace_node_8_port_4.tr,ns3-simulated/trace-derived
a1-ep-same,28.375000,213122,208.126953,496706,485.064453,5.697640,8,4,0.250000,ns-3-ub/scratch/20260929-block24-network-contention/cases/a1-ep-same/runlog/QueueTrace_node_8_port_4.tr,ns3-simulated/trace-derived
a1-ep-same,28.625000,208948,204.050781,496706,485.064453,5.697640,8,4,0.250000,ns-3-ub/scratch/20260929-block24-network-contention/cases/a1-ep-same/runlog/QueueTrace_node_8_port_4.tr,ns3-simulated/trace-derived
a1-ep-same,28.875000,204774,199.974609,496706,485.064453,5.697640,8,4,0.250000,ns-3-ub/scratch/20260929-block24-network-contention/cases/a1-ep-same/runlog/QueueTrace_node_8_port_4.tr,ns3-simulated/trace-derived
a1-ep-same,29.125000,204774,199.974609,496706,485.064453,5.697640,8,4,0.250000,ns-3-ub/scratch/20260929-block24-network-contention/cases/a1-ep-same/runlog/QueueTrace_node_8_port_4.tr,ns3-simulated/trace-derived
a1-ep-same,29.375000,200600,195.898438,496706,485.064453,5.697640,8,4,0.250000,ns-3-ub/scratch/20260929-block24-network-contention/cases/a1-ep-same/runlog/QueueTrace_node_8_port_4.tr,ns3-simulated/trace-derived
a1-ep-same,29.625000,196426,191.822266,496706,485.064453,5.697640,8,4,0.250000,ns-3-ub/scratch/20260929-block24-network-contention/cases/a1-ep-same/runlog/QueueTrace_node_8_port_4.tr,ns3-simulated/trace-derived
a1-ep-same,29.875000,192252,187.746094,496706,485.064453,5.697640,8,4,0.250000,ns-3-ub/scratch/20260929-block24-network-contention/cases/a1-ep-same/runlog/QueueTrace_node_8_port_4.tr,ns3-simulated/trace-derived
a1-ep-same,30.125000,192252,187.746094,496706,485.064453,5.697640,8,4,0.250000,ns-3-ub/scratch/20260929-block24-network-contention/cases/a1-ep-same/runlog/QueueTrace_node_8_port_4.tr,ns3-simulated/trace-derived
a1-ep-same,30.375000,188078,183.669922,496706,485.064453,5.697640,8,4,0.250000,ns-3-ub/scratch/20260929-block24-network-contention/cases/a1-ep-same/runlog/QueueTrace_node_8_port_4.tr,ns3-simulated/trace-derived
a1-ep-same,30.625000,183904,179.593750,496706,485.064453,5.697640,8,4,0.250000,ns-3-ub/scratch/20260929-block24-network-contention/cases/a1-ep-same/runlog/QueueTrace_node_8_port_4.tr,ns3-simulated/trace-derived
a1-ep-same,30.875000,179730,175.517578,496706,485.064453,5.697640,8,4,0.250000,ns-3-ub/scratch/20260929-block24-network-contention/cases/a1-ep-same/runlog/QueueTrace_node_8_port_4.tr,ns3-simulated/trace-derived
a1-ep-same,31.125000,179730,175.517578,496706,485.064453,5.697640,8,4,0.250000,ns-3-ub/scratch/20260929-block24-network-contention/cases/a1-ep-same/runlog/QueueTrace_node_8_port_4.tr,ns3-simulated/trace-derived
a1-ep-same,31.375000,175556,171.441406,496706,485.064453,5.697640,8,4,0.250000,ns-3-ub/scratch/20260929-block24-network-contention/cases/a1-ep-same/runlog/QueueTrace_node_8_port_4.tr,ns3-simulated/trace-derived
a1-ep-same,31.625000,171382,167.365234,496706,485.064453,5.697640,8,4,0.250000,ns-3-ub/scratch/20260929-block24-network-contention/cases/a1-ep-same/runlog/QueueTrace_node_8_port_4.tr,ns3-simulated/trace-derived
a1-ep-same,31.875000,167208,163.289062,496706,485.064453,5.697640,8,4,0.250000,ns-3-ub/scratch/20260929-block24-network-contention/cases/a1-ep-same/runlog/QueueTrace_node_8_port_4.tr,ns3-simulated/trace-derived
a1-ep-same,32.125000,167208,163.289062,496706,485.064453,5.697640,8,4,0.250000,ns-3-ub/scratch/20260929-block24-network-contention/cases/a1-ep-same/runlog/QueueTrace_node_8_port_4.tr,ns3-simulated/trace-derived
a1-ep-same,32.375000,163096,159.273438,496706,485.064453,5.697640,8,4,0.250000,ns-3-ub/scratch/20260929-block24-network-contention/cases/a1-ep-same/runlog/QueueTrace_node_8_port_4.tr,ns3-simulated/trace-derived
a1-ep-same,32.625000,158984,155.257812,496706,485.064453,5.697640,8,4,0.250000,ns-3-ub/scratch/20260929-block24-network-contention/cases/a1-ep-same/runlog/QueueTrace_node_8_port_4.tr,ns3-simulated/trace-derived
a1-ep-same,32.875000,154810,151.181641,496706,485.064453,5.697640,8,4,0.250000,ns-3-ub/scratch/20260929-block24-network-contention/cases/a1-ep-same/runlog/QueueTrace_node_8_port_4.tr,ns3-simulated/trace-derived
a1-ep-same,33.125000,154810,151.181641,496706,485.064453,5.697640,8,4,0.250000,ns-3-ub/scratch/20260929-block24-network-contention/cases/a1-ep-same/runlog/QueueTrace_node_8_port_4.tr,ns3-simulated/trace-derived
a1-ep-same,33.375000,150636,147.105469,496706,485.064453,5.697640,8,4,0.250000,ns-3-ub/scratch/20260929-block24-network-contention/cases/a1-ep-same/runlog/QueueTrace_node_8_port_4.tr,ns3-simulated/trace-derived
a1-ep-same,33.625000,146462,143.029297,496706,485.064453,5.697640,8,4,0.250000,ns-3-ub/scratch/20260929-block24-network-contention/cases/a1-ep-same/runlog/QueueTrace_node_8_port_4.tr,ns3-simulated/trace-derived
a1-ep-same,33.875000,142288,138.953125,496706,485.064453,5.697640,8,4,0.250000,ns-3-ub/scratch/20260929-block24-network-contention/cases/a1-ep-same/runlog/QueueTrace_node_8_port_4.tr,ns3-simulated/trace-derived
a1-ep-same,34.125000,142288,138.953125,496706,485.064453,5.697640,8,4,0.250000,ns-3-ub/scratch/20260929-block24-network-contention/cases/a1-ep-same/runlog/QueueTrace_node_8_port_4.tr,ns3-simulated/trace-derived
a1-ep-same,34.375000,138114,134.876953,496706,485.064453,5.697640,8,4,0.250000,ns-3-ub/scratch/20260929-block24-network-contention/cases/a1-ep-same/runlog/QueueTrace_node_8_port_4.tr,ns3-simulated/trace-derived
a1-ep-same,34.625000,133940,130.800781,496706,485.064453,5.697640,8,4,0.250000,ns-3-ub/scratch/20260929-block24-network-contention/cases/a1-ep-same/runlog/QueueTrace_node_8_port_4.tr,ns3-simulated/trace-derived
a1-ep-same,34.875000,129766,126.724609,496706,485.064453,5.697640,8,4,0.250000,ns-3-ub/scratch/20260929-block24-network-contention/cases/a1-ep-same/runlog/QueueTrace_node_8_port_4.tr,ns3-simulated/trace-derived
a1-ep-same,35.125000,129766,126.724609,496706,485.064453,5.697640,8,4,0.250000,ns-3-ub/scratch/20260929-block24-network-contention/cases/a1-ep-same/runlog/QueueTrace_node_8_port_4.tr,ns3-simulated/trace-derived
a1-ep-same,35.375000,125592,122.648438,496706,485.064453,5.697640,8,4,0.250000,ns-3-ub/scratch/20260929-block24-network-contention/cases/a1-ep-same/runlog/QueueTrace_node_8_port_4.tr,ns3-simulated/trace-derived
a1-ep-same,35.625000,121418,118.572266,496706,485.064453,5.697640,8,4,0.250000,ns-3-ub/scratch/20260929-block24-network-contention/cases/a1-ep-same/runlog/QueueTrace_node_8_port_4.tr,ns3-simulated/trace-derived
a1-ep-same,35.875000,117244,114.496094,496706,485.064453,5.697640,8,4,0.250000,ns-3-ub/scratch/20260929-block24-network-contention/cases/a1-ep-same/runlog/QueueTrace_node_8_port_4.tr,ns3-simulated/trace-derived
a1-ep-same,36.125000,117244,114.496094,496706,485.064453,5.697640,8,4,0.250000,ns-3-ub/scratch/20260929-block24-network-contention/cases/a1-ep-same/runlog/QueueTrace_node_8_port_4.tr,ns3-simulated/trace-derived
a1-ep-same,36.375000,113070,110.419922,496706,485.064453,5.697640,8,4,0.250000,ns-3-ub/scratch/20260929-block24-network-contention/cases/a1-ep-same/runlog/QueueTrace_node_8_port_4.tr,ns3-simulated/trace-derived
a1-ep-same,36.625000,108896,106.343750,496706,485.064453,5.697640,8,4,0.250000,ns-3-ub/scratch/20260929-block24-network-contention/cases/a1-ep-same/runlog/QueueTrace_node_8_port_4.tr,ns3-simulated/trace-derived
a1-ep-same,36.875000,104722,102.267578,496706,485.064453,5.697640,8,4,0.250000,ns-3-ub/scratch/20260929-block24-network-contention/cases/a1-ep-same/runlog/QueueTrace_node_8_port_4.tr,ns3-simulated/trace-derived
a1-ep-same,37.125000,104722,102.267578,496706,485.064453,5.697640,8,4,0.250000,ns-3-ub/scratch/20260929-block24-network-contention/cases/a1-ep-same/runlog/QueueTrace_node_8_port_4.tr,ns3-simulated/trace-derived
a1-ep-same,37.375000,100548,98.191406,496706,485.064453,5.697640,8,4,0.250000,ns-3-ub/scratch/20260929-block24-network-contention/cases/a1-ep-same/runlog/QueueTrace_node_8_port_4.tr,ns3-simulated/trace-derived
a1-ep-same,37.625000,96374,94.115234,496706,485.064453,5.697640,8,4,0.250000,ns-3-ub/scratch/20260929-block24-network-contention/cases/a1-ep-same/runlog/QueueTrace_node_8_port_4.tr,ns3-simulated/trace-derived
a1-ep-same,37.875000,92200,90.039062,496706,485.064453,5.697640,8,4,0.250000,ns-3-ub/scratch/20260929-block24-network-contention/cases/a1-ep-same/runlog/QueueTrace_node_8_port_4.tr,ns3-simulated/trace-derived
a1-ep-same,38.125000,92200,90.039062,496706,485.064453,5.697640,8,4,0.250000,ns-3-ub/scratch/20260929-block24-network-contention/cases/a1-ep-same/runlog/QueueTrace_node_8_port_4.tr,ns3-simulated/trace-derived
a1-ep-same,38.375000,88026,85.962891,496706,485.064453,5.697640,8,4,0.250000,ns-3-ub/scratch/20260929-block24-network-contention/cases/a1-ep-same/runlog/QueueTrace_node_8_port_4.tr,ns3-simulated/trace-derived
a1-ep-same,38.625000,83852,81.886719,496706,485.064453,5.697640,8,4,0.250000,ns-3-ub/scratch/20260929-block24-network-contention/cases/a1-ep-same/runlog/QueueTrace_node_8_port_4.tr,ns3-simulated/trace-derived
a1-ep-same,38.875000,79678,77.810547,496706,485.064453,5.697640,8,4,0.250000,ns-3-ub/scratch/20260929-block24-network-contention/cases/a1-ep-same/runlog/QueueTrace_node_8_port_4.tr,ns3-simulated/trace-derived
a1-ep-same,39.125000,79678,77.810547,496706,485.064453,5.697640,8,4,0.250000,ns-3-ub/scratch/20260929-block24-network-contention/cases/a1-ep-same/runlog/QueueTrace_node_8_port_4.tr,ns3-simulated/trace-derived
a1-ep-same,39.375000,75504,73.734375,496706,485.064453,5.697640,8,4,0.250000,ns-3-ub/scratch/20260929-block24-network-contention/cases/a1-ep-same/runlog/QueueTrace_node_8_port_4.tr,ns3-simulated/trace-derived
a1-ep-same,39.625000,71330,69.658203,496706,485.064453,5.697640,8,4,0.250000,ns-3-ub/scratch/20260929-block24-network-contention/cases/a1-ep-same/runlog/QueueTrace_node_8_port_4.tr,ns3-simulated/trace-derived
a1-ep-same,39.875000,67156,65.582031,496706,485.064453,5.697640,8,4,0.250000,ns-3-ub/scratch/20260929-block24-network-contention/cases/a1-ep-same/runlog/QueueTrace_node_8_port_4.tr,ns3-simulated/trace-derived
a1-ep-same,40.125000,67156,65.582031,496706,485.064453,5.697640,8,4,0.250000,ns-3-ub/scratch/20260929-block24-network-contention/cases/a1-ep-same/runlog/QueueTrace_node_8_port_4.tr,ns3-simulated/trace-derived
a1-ep-same,40.375000,62982,61.505859,496706,485.064453,5.697640,8,4,0.250000,ns-3-ub/scratch/20260929-block24-network-contention/cases/a1-ep-same/runlog/QueueTrace_node_8_port_4.tr,ns3-simulated/trace-derived
a1-ep-same,40.625000,58808,57.429688,496706,485.064453,5.697640,8,4,0.250000,ns-3-ub/scratch/20260929-block24-network-contention/cases/a1-ep-same/runlog/QueueTrace_node_8_port_4.tr,ns3-simulated/trace-derived
a1-ep-same,40.875000,54634,53.353516,496706,485.064453,5.697640,8,4,0.250000,ns-3-ub/scratch/20260929-block24-network-contention/cases/a1-ep-same/runlog/QueueTrace_node_8_port_4.tr,ns3-simulated/trace-derived
a1-ep-same,41.125000,54634,53.353516,496706,485.064453,5.697640,8,4,0.250000,ns-3-ub/scratch/20260929-block24-network-contention/cases/a1-ep-same/runlog/QueueTrace_node_8_port_4.tr,ns3-simulated/trace-derived
a1-ep-same,41.375000,50460,49.277344,496706,485.064453,5.697640,8,4,0.250000,ns-3-ub/scratch/20260929-block24-network-contention/cases/a1-ep-same/runlog/QueueTrace_node_8_port_4.tr,ns3-simulated/trace-derived
a1-ep-same,41.625000,46286,45.201172,496706,485.064453,5.697640,8,4,0.250000,ns-3-ub/scratch/20260929-block24-network-contention/cases/a1-ep-same/runlog/QueueTrace_node_8_port_4.tr,ns3-simulated/trace-derived
a1-ep-same,41.875000,42112,41.125000,496706,485.064453,5.697640,8,4,0.250000,ns-3-ub/scratch/20260929-block24-network-contention/cases/a1-ep-same/runlog/QueueTrace_node_8_port_4.tr,ns3-simulated/trace-derived
a1-ep-same,42.125000,42112,41.125000,496706,485.064453,5.697640,8,4,0.250000,ns-3-ub/scratch/20260929-block24-network-contention/cases/a1-ep-same/runlog/QueueTrace_node_8_port_4.tr,ns3-simulated/trace-derived
a1-ep-same,42.375000,37938,37.048828,496706,485.064453,5.697640,8,4,0.250000,ns-3-ub/scratch/20260929-block24-network-contention/cases/a1-ep-same/runlog/QueueTrace_node_8_port_4.tr,ns3-simulated/trace-derived
a1-ep-same,42.625000,33764,32.972656,496706,485.064453,5.697640,8,4,0.250000,ns-3-ub/scratch/20260929-block24-network-contention/cases/a1-ep-same/runlog/QueueTrace_node_8_port_4.tr,ns3-simulated/trace-derived
a1-ep-same,42.875000,29652,28.957031,496706,485.064453,5.697640,8,4,0.250000,ns-3-ub/scratch/20260929-block24-network-contention/cases/a1-ep-same/runlog/QueueTrace_node_8_port_4.tr,ns3-simulated/trace-derived
a1-ep-same,43.125000,29652,28.957031,496706,485.064453,5.697640,8,4,0.250000,ns-3-ub/scratch/20260929-block24-network-contention/cases/a1-ep-same/runlog/QueueTrace_node_8_port_4.tr,ns3-simulated/trace-derived
a1-ep-same,43.375000,25540,24.941406,496706,485.064453,5.697640,8,4,0.250000,ns-3-ub/scratch/20260929-block24-network-contention/cases/a1-ep-same/runlog/QueueTrace_node_8_port_4.tr,ns3-simulated/trace-derived
a1-ep-same,43.625000,21366,20.865234,496706,485.064453,5.697640,8,4,0.250000,ns-3-ub/scratch/20260929-block24-network-contention/cases/a1-ep-same/runlog/QueueTrace_node_8_port_4.tr,ns3-simulated/trace-derived
a1-ep-same,43.875000,17192,16.789062,496706,485.064453,5.697640,8,4,0.250000,ns-3-ub/scratch/20260929-block24-network-contention/cases/a1-ep-same/runlog/QueueTrace_node_8_port_4.tr,ns3-simulated/trace-derived
a1-ep-same,44.125000,17192,16.789062,496706,485.064453,5.697640,8,4,0.250000,ns-3-ub/scratch/20260929-block24-network-contention/cases/a1-ep-same/runlog/QueueTrace_node_8_port_4.tr,ns3-simulated/trace-derived
a1-ep-same,44.375000,13018,12.712891,496706,485.064453,5.697640,8,4,0.250000,ns-3-ub/scratch/20260929-block24-network-contention/cases/a1-ep-same/runlog/QueueTrace_node_8_port_4.tr,ns3-simulated/trace-derived
a1-ep-same,44.625000,8844,8.636719,496706,485.064453,5.697640,8,4,0.250000,ns-3-ub/scratch/20260929-block24-network-contention/cases/a1-ep-same/runlog/QueueTrace_node_8_port_4.tr,ns3-simulated/trace-derived
a1-ep-same,44.875000,4670,4.560547,496706,485.064453,5.697640,8,4,0.250000,ns-3-ub/scratch/20260929-block24-network-contention/cases/a1-ep-same/runlog/QueueTrace_node_8_port_4.tr,ns3-simulated/trace-derived
a1-ep-same,45.125000,4670,4.560547,496706,485.064453,5.697640,8,4,0.250000,ns-3-ub/scratch/20260929-block24-network-contention/cases/a1-ep-same/runlog/QueueTrace_node_8_port_4.tr,ns3-simulated/trace-derived
a1-ep-same,45.375000,496,0.484375,496706,485.064453,5.697640,8,4,0.250000,ns-3-ub/scratch/20260929-block24-network-contention/cases/a1-ep-same/runlog/QueueTrace_node_8_port_4.tr,ns3-simulated/trace-derived
a1-ep-same,45.625000,0,0.000000,496706,485.064453,5.697640,8,4,0.250000,ns-3-ub/scratch/20260929-block24-network-contention/cases/a1-ep-same/runlog/QueueTrace_node_8_port_4.tr,ns3-simulated/trace-derived
a1-ep-same,45.875000,0,0.000000,496706,485.064453,5.697640,8,4,0.250000,ns-3-ub/scratch/20260929-block24-network-contention/cases/a1-ep-same/runlog/QueueTrace_node_8_port_4.tr,ns3-simulated/trace-derived
a1-ep-same,46.125000,0,0.000000,496706,485.064453,5.697640,8,4,0.250000,ns-3-ub/scratch/20260929-block24-network-contention/cases/a1-ep-same/runlog/QueueTrace_node_8_port_4.tr,ns3-simulated/trace-derived
a1-ep-same,46.375000,0,0.000000,496706,485.064453,5.697640,8,4,0.250000,ns-3-ub/scratch/20260929-block24-network-contention/cases/a1-ep-same/runlog/QueueTrace_node_8_port_4.tr,ns3-simulated/trace-derived
a1-ep-same,46.625000,0,0.000000,496706,485.064453,5.697640,8,4,0.250000,ns-3-ub/scratch/20260929-block24-network-contention/cases/a1-ep-same/runlog/QueueTrace_node_8_port_4.tr,ns3-simulated/trace-derived
a1-ep-same,46.875000,0,0.000000,496706,485.064453,5.697640,8,4,0.250000,ns-3-ub/scratch/20260929-block24-network-contention/cases/a1-ep-same/runlog/QueueTrace_node_8_port_4.tr,ns3-simulated/trace-derived
a1-ep-same,47.125000,0,0.000000,496706,485.064453,5.697640,8,4,0.250000,ns-3-ub/scratch/20260929-block24-network-contention/cases/a1-ep-same/runlog/QueueTrace_node_8_port_4.tr,ns3-simulated/trace-derived
a1-ep-same,47.375000,0,0.000000,496706,485.064453,5.697640,8,4,0.250000,ns-3-ub/scratch/20260929-block24-network-contention/cases/a1-ep-same/runlog/QueueTrace_node_8_port_4.tr,ns3-simulated/trace-derived
a1-ep-same,47.625000,0,0.000000,496706,485.064453,5.697640,8,4,0.250000,ns-3-ub/scratch/20260929-block24-network-contention/cases/a1-ep-same/runlog/QueueTrace_node_8_port_4.tr,ns3-simulated/trace-derived
a1-ep-same,47.875000,0,0.000000,496706,485.064453,5.697640,8,4,0.250000,ns-3-ub/scratch/20260929-block24-network-contention/cases/a1-ep-same/runlog/QueueTrace_node_8_port_4.tr,ns3-simulated/trace-derived
a1-ep-same,48.125000,0,0.000000,496706,485.064453,5.697640,8,4,0.250000,ns-3-ub/scratch/20260929-block24-network-contention/cases/a1-ep-same/runlog/QueueTrace_node_8_port_4.tr,ns3-simulated/trace-derived
a1-ep-same,48.375000,0,0.000000,496706,485.064453,5.697640,8,4,0.250000,ns-3-ub/scratch/20260929-block24-network-contention/cases/a1-ep-same/runlog/QueueTrace_node_8_port_4.tr,ns3-simulated/trace-derived
a1-ep-same,48.625000,0,0.000000,496706,485.064453,5.697640,8,4,0.250000,ns-3-ub/scratch/20260929-block24-network-contention/cases/a1-ep-same/runlog/QueueTrace_node_8_port_4.tr,ns3-simulated/trace-derived
a1-ep-same,48.875000,0,0.000000,496706,485.064453,5.697640,8,4,0.250000,ns-3-ub/scratch/20260929-block24-network-contention/cases/a1-ep-same/runlog/QueueTrace_node_8_port_4.tr,ns3-simulated/trace-derived
a1-ep-same,49.125000,0,0.000000,496706,485.064453,5.697640,8,4,0.250000,ns-3-ub/scratch/20260929-block24-network-contention/cases/a1-ep-same/runlog/QueueTrace_node_8_port_4.tr,ns3-simulated/trace-derived
a1-ep-same,49.375000,0,0.000000,496706,485.064453,5.697640,8,4,0.250000,ns-3-ub/scratch/20260929-block24-network-contention/cases/a1-ep-same/runlog/QueueTrace_node_8_port_4.tr,ns3-simulated/trace-derived
a1-ep-same,49.625000,0,0.000000,496706,485.064453,5.697640,8,4,0.250000,ns-3-ub/scratch/20260929-block24-network-contention/cases/a1-ep-same/runlog/QueueTrace_node_8_port_4.tr,ns3-simulated/trace-derived
a1-ep-same,49.875000,0,0.000000,496706,485.064453,5.697640,8,4,0.250000,ns-3-ub/scratch/20260929-block24-network-contention/cases/a1-ep-same/runlog/QueueTrace_node_8_port_4.tr,ns3-simulated/trace-derived
a1-ep-same,50.125000,0,0.000000,496706,485.064453,5.697640,8,4,0.250000,ns-3-ub/scratch/20260929-block24-network-contention/cases/a1-ep-same/runlog/QueueTrace_node_8_port_4.tr,ns3-simulated/trace-derived
a1-ep-same,50.375000,0,0.000000,496706,485.064453,5.697640,8,4,0.250000,ns-3-ub/scratch/20260929-block24-network-contention/cases/a1-ep-same/runlog/QueueTrace_node_8_port_4.tr,ns3-simulated/trace-derived
a1-ep-same,50.625000,0,0.000000,496706,485.064453,5.697640,8,4,0.250000,ns-3-ub/scratch/20260929-block24-network-contention/cases/a1-ep-same/runlog/QueueTrace_node_8_port_4.tr,ns3-simulated/trace-derived
a1-ep-same,50.875000,0,0.000000,496706,485.064453,5.697640,8,4,0.250000,ns-3-ub/scratch/20260929-block24-network-contention/cases/a1-ep-same/runlog/QueueTrace_node_8_port_4.tr,ns3-simulated/trace-derived
a1-ep-same,51.125000,0,0.000000,496706,485.064453,5.697640,8,4,0.250000,ns-3-ub/scratch/20260929-block24-network-contention/cases/a1-ep-same/runlog/QueueTrace_node_8_port_4.tr,ns3-simulated/trace-derived
a1-ep-same,51.375000,0,0.000000,496706,485.064453,5.697640,8,4,0.250000,ns-3-ub/scratch/20260929-block24-network-contention/cases/a1-ep-same/runlog/QueueTrace_node_8_port_4.tr,ns3-simulated/trace-derived
a1-ep-same,51.625000,0,0.000000,496706,485.064453,5.697640,8,4,0.250000,ns-3-ub/scratch/20260929-block24-network-contention/cases/a1-ep-same/runlog/QueueTrace_node_8_port_4.tr,ns3-simulated/trace-derived
a1-ep-same,51.875000,0,0.000000,496706,485.064453,5.697640,8,4,0.250000,ns-3-ub/scratch/20260929-block24-network-contention/cases/a1-ep-same/runlog/QueueTrace_node_8_port_4.tr,ns3-simulated/trace-derived
a1-ep-same,52.125000,0,0.000000,496706,485.064453,5.697640,8,4,0.250000,ns-3-ub/scratch/20260929-block24-network-contention/cases/a1-ep-same/runlog/QueueTrace_node_8_port_4.tr,ns3-simulated/trace-derived
a1-ep-same,52.375000,0,0.000000,496706,485.064453,5.697640,8,4,0.250000,ns-3-ub/scratch/20260929-block24-network-contention/cases/a1-ep-same/runlog/QueueTrace_node_8_port_4.tr,ns3-simulated/trace-derived
a1-ep-same,52.625000,0,0.000000,496706,485.064453,5.697640,8,4,0.250000,ns-3-ub/scratch/20260929-block24-network-contention/cases/a1-ep-same/runlog/QueueTrace_node_8_port_4.tr,ns3-simulated/trace-derived
a1-ep-same,52.875000,0,0.000000,496706,485.064453,5.697640,8,4,0.250000,ns-3-ub/scratch/20260929-block24-network-contention/cases/a1-ep-same/runlog/QueueTrace_node_8_port_4.tr,ns3-simulated/trace-derived
a1-ep-same,53.125000,0,0.000000,496706,485.064453,5.697640,8,4,0.250000,ns-3-ub/scratch/20260929-block24-network-contention/cases/a1-ep-same/runlog/QueueTrace_node_8_port_4.tr,ns3-simulated/trace-derived
a1-ep-same,53.375000,0,0.000000,496706,485.064453,5.697640,8,4,0.250000,ns-3-ub/scratch/20260929-block24-network-contention/cases/a1-ep-same/runlog/QueueTrace_node_8_port_4.tr,ns3-simulated/trace-derived
a1-ep-same,53.625000,0,0.000000,496706,485.064453,5.697640,8,4,0.250000,ns-3-ub/scratch/20260929-block24-network-contention/cases/a1-ep-same/runlog/QueueTrace_node_8_port_4.tr,ns3-simulated/trace-derived
a1-ep-same,53.875000,0,0.000000,496706,485.064453,5.697640,8,4,0.250000,ns-3-ub/scratch/20260929-block24-network-contention/cases/a1-ep-same/runlog/QueueTrace_node_8_port_4.tr,ns3-simulated/trace-derived
a1-ep-same,54.125000,0,0.000000,496706,485.064453,5.697640,8,4,0.250000,ns-3-ub/scratch/20260929-block24-network-contention/cases/a1-ep-same/runlog/QueueTrace_node_8_port_4.tr,ns3-simulated/trace-derived
a1-ep-same,54.375000,0,0.000000,496706,485.064453,5.697640,8,4,0.250000,ns-3-ub/scratch/20260929-block24-network-contention/cases/a1-ep-same/runlog/QueueTrace_node_8_port_4.tr,ns3-simulated/trace-derived
a1-ep-same,54.625000,0,0.000000,496706,485.064453,5.697640,8,4,0.250000,ns-3-ub/scratch/20260929-block24-network-contention/cases/a1-ep-same/runlog/QueueTrace_node_8_port_4.tr,ns3-simulated/trace-derived
a1-ep-same,54.875000,0,0.000000,496706,485.064453,5.697640,8,4,0.250000,ns-3-ub/scratch/20260929-block24-network-contention/cases/a1-ep-same/runlog/QueueTrace_node_8_port_4.tr,ns3-simulated/trace-derived
a1-ep-same,55.125000,0,0.000000,496706,485.064453,5.697640,8,4,0.250000,ns-3-ub/scratch/20260929-block24-network-contention/cases/a1-ep-same/runlog/QueueTrace_node_8_port_4.tr,ns3-simulated/trace-derived
a1-ep-same,55.375000,0,0.000000,496706,485.064453,5.697640,8,4,0.250000,ns-3-ub/scratch/20260929-block24-network-contention/cases/a1-ep-same/runlog/QueueTrace_node_8_port_4.tr,ns3-simulated/trace-derived
a1-ep-same,55.625000,0,0.000000,496706,485.064453,5.697640,8,4,0.250000,ns-3-ub/scratch/20260929-block24-network-contention/cases/a1-ep-same/runlog/QueueTrace_node_8_port_4.tr,ns3-simulated/trace-derived
a1-ep-same,55.875000,0,0.000000,496706,485.064453,5.697640,8,4,0.250000,ns-3-ub/scratch/20260929-block24-network-contention/cases/a1-ep-same/runlog/QueueTrace_node_8_port_4.tr,ns3-simulated/trace-derived
a1-ep-same,56.125000,0,0.000000,496706,485.064453,5.697640,8,4,0.250000,ns-3-ub/scratch/20260929-block24-network-contention/cases/a1-ep-same/runlog/QueueTrace_node_8_port_4.tr,ns3-simulated/trace-derived
a1-ep-same,56.375000,0,0.000000,496706,485.064453,5.697640,8,4,0.250000,ns-3-ub/scratch/20260929-block24-network-contention/cases/a1-ep-same/runlog/QueueTrace_node_8_port_4.tr,ns3-simulated/trace-derived
a1-ep-same,56.625000,0,0.000000,496706,485.064453,5.697640,8,4,0.250000,ns-3-ub/scratch/20260929-block24-network-contention/cases/a1-ep-same/runlog/QueueTrace_node_8_port_4.tr,ns3-simulated/trace-derived
a1-ep-same,56.875000,0,0.000000,496706,485.064453,5.697640,8,4,0.250000,ns-3-ub/scratch/20260929-block24-network-contention/cases/a1-ep-same/runlog/QueueTrace_node_8_port_4.tr,ns3-simulated/trace-derived
a1-ep-same,57.125000,0,0.000000,496706,485.064453,5.697640,8,4,0.250000,ns-3-ub/scratch/20260929-block24-network-contention/cases/a1-ep-same/runlog/QueueTrace_node_8_port_4.tr,ns3-simulated/trace-derived
a1-ep-same,57.375000,0,0.000000,496706,485.064453,5.697640,8,4,0.250000,ns-3-ub/scratch/20260929-block24-network-contention/cases/a1-ep-same/runlog/QueueTrace_node_8_port_4.tr,ns3-simulated/trace-derived
a1-ep-same,57.625000,0,0.000000,496706,485.064453,5.697640,8,4,0.250000,ns-3-ub/scratch/20260929-block24-network-contention/cases/a1-ep-same/runlog/QueueTrace_node_8_port_4.tr,ns3-simulated/trace-derived
a1-ep-same,57.875000,0,0.000000,496706,485.064453,5.697640,8,4,0.250000,ns-3-ub/scratch/20260929-block24-network-contention/cases/a1-ep-same/runlog/QueueTrace_node_8_port_4.tr,ns3-simulated/trace-derived
a1-ep-same,58.125000,0,0.000000,496706,485.064453,5.697640,8,4,0.250000,ns-3-ub/scratch/20260929-block24-network-contention/cases/a1-ep-same/runlog/QueueTrace_node_8_port_4.tr,ns3-simulated/trace-derived
a1-ep-same,58.375000,0,0.000000,496706,485.064453,5.697640,8,4,0.250000,ns-3-ub/scratch/20260929-block24-network-contention/cases/a1-ep-same/runlog/QueueTrace_node_8_port_4.tr,ns3-simulated/trace-derived
a1-ep-same,58.625000,0,0.000000,496706,485.064453,5.697640,8,4,0.250000,ns-3-ub/scratch/20260929-block24-network-contention/cases/a1-ep-same/runlog/QueueTrace_node_8_port_4.tr,ns3-simulated/trace-derived
a1-ep-same,58.875000,0,0.000000,496706,485.064453,5.697640,8,4,0.250000,ns-3-ub/scratch/20260929-block24-network-contention/cases/a1-ep-same/runlog/QueueTrace_node_8_port_4.tr,ns3-simulated/trace-derived
a1-ep-same,59.125000,0,0.000000,496706,485.064453,5.697640,8,4,0.250000,ns-3-ub/scratch/20260929-block24-network-contention/cases/a1-ep-same/runlog/QueueTrace_node_8_port_4.tr,ns3-simulated/trace-derived
a1-ep-same,59.375000,0,0.000000,496706,485.064453,5.697640,8,4,0.250000,ns-3-ub/scratch/20260929-block24-network-contention/cases/a1-ep-same/runlog/QueueTrace_node_8_port_4.tr,ns3-simulated/trace-derived
a1-ep-same,59.625000,0,0.000000,496706,485.064453,5.697640,8,4,0.250000,ns-3-ub/scratch/20260929-block24-network-contention/cases/a1-ep-same/runlog/QueueTrace_node_8_port_4.tr,ns3-simulated/trace-derived
a1-ep-same,59.875000,0,0.000000,496706,485.064453,5.697640,8,4,0.250000,ns-3-ub/scratch/20260929-block24-network-contention/cases/a1-ep-same/runlog/QueueTrace_node_8_port_4.tr,ns3-simulated/trace-derived
a1-ep-same,60.125000,0,0.000000,496706,485.064453,5.697640,8,4,0.250000,ns-3-ub/scratch/20260929-block24-network-contention/cases/a1-ep-same/runlog/QueueTrace_node_8_port_4.tr,ns3-simulated/trace-derived
a1-ep-same,60.375000,0,0.000000,496706,485.064453,5.697640,8,4,0.250000,ns-3-ub/scratch/20260929-block24-network-contention/cases/a1-ep-same/runlog/QueueTrace_node_8_port_4.tr,ns3-simulated/trace-derived
a1-ep-same,60.625000,0,0.000000,496706,485.064453,5.697640,8,4,0.250000,ns-3-ub/scratch/20260929-block24-network-contention/cases/a1-ep-same/runlog/QueueTrace_node_8_port_4.tr,ns3-simulated/trace-derived
a1-ep-same,60.875000,0,0.000000,496706,485.064453,5.697640,8,4,0.250000,ns-3-ub/scratch/20260929-block24-network-contention/cases/a1-ep-same/runlog/QueueTrace_node_8_port_4.tr,ns3-simulated/trace-derived
a1-ep-same,61.125000,0,0.000000,496706,485.064453,5.697640,8,4,0.250000,ns-3-ub/scratch/20260929-block24-network-contention/cases/a1-ep-same/runlog/QueueTrace_node_8_port_4.tr,ns3-simulated/trace-derived
a1-ep-same,61.375000,0,0.000000,496706,485.064453,5.697640,8,4,0.250000,ns-3-ub/scratch/20260929-block24-network-contention/cases/a1-ep-same/runlog/QueueTrace_node_8_port_4.tr,ns3-simulated/trace-derived
a1-ep-same,61.625000,0,0.000000,496706,485.064453,5.697640,8,4,0.250000,ns-3-ub/scratch/20260929-block24-network-contention/cases/a1-ep-same/runlog/QueueTrace_node_8_port_4.tr,ns3-simulated/trace-derived
a1-ep-same,61.875000,0,0.000000,496706,485.064453,5.697640,8,4,0.250000,ns-3-ub/scratch/20260929-block24-network-contention/cases/a1-ep-same/runlog/QueueTrace_node_8_port_4.tr,ns3-simulated/trace-derived
a1-ep-same,62.125000,0,0.000000,496706,485.064453,5.697640,8,4,0.250000,ns-3-ub/scratch/20260929-block24-network-contention/cases/a1-ep-same/runlog/QueueTrace_node_8_port_4.tr,ns3-simulated/trace-derived
a1-ep-same,62.375000,0,0.000000,496706,485.064453,5.697640,8,4,0.250000,ns-3-ub/scratch/20260929-block24-network-contention/cases/a1-ep-same/runlog/QueueTrace_node_8_port_4.tr,ns3-simulated/trace-derived
a1-ep-same,62.625000,0,0.000000,496706,485.064453,5.697640,8,4,0.250000,ns-3-ub/scratch/20260929-block24-network-contention/cases/a1-ep-same/runlog/QueueTrace_node_8_port_4.tr,ns3-simulated/trace-derived
a1-ep-same,62.875000,0,0.000000,496706,485.064453,5.697640,8,4,0.250000,ns-3-ub/scratch/20260929-block24-network-contention/cases/a1-ep-same/runlog/QueueTrace_node_8_port_4.tr,ns3-simulated/trace-derived
a1-ep-same,63.125000,0,0.000000,496706,485.064453,5.697640,8,4,0.250000,ns-3-ub/scratch/20260929-block24-network-contention/cases/a1-ep-same/runlog/QueueTrace_node_8_port_4.tr,ns3-simulated/trace-derived
a1-ep-same,63.375000,0,0.000000,496706,485.064453,5.697640,8,4,0.250000,ns-3-ub/scratch/20260929-block24-network-contention/cases/a1-ep-same/runlog/QueueTrace_node_8_port_4.tr,ns3-simulated/trace-derived
a1-ep-same,63.625000,0,0.000000,496706,485.064453,5.697640,8,4,0.250000,ns-3-ub/scratch/20260929-block24-network-contention/cases/a1-ep-same/runlog/QueueTrace_node_8_port_4.tr,ns3-simulated/trace-derived
a1-ep-same,63.875000,0,0.000000,496706,485.064453,5.697640,8,4,0.250000,ns-3-ub/scratch/20260929-block24-network-contention/cases/a1-ep-same/runlog/QueueTrace_node_8_port_4.tr,ns3-simulated/trace-derived
a1-ep-same,64.125000,0,0.000000,496706,485.064453,5.697640,8,4,0.250000,ns-3-ub/scratch/20260929-block24-network-contention/cases/a1-ep-same/runlog/QueueTrace_node_8_port_4.tr,ns3-simulated/trace-derived
a1-ep-same,64.375000,0,0.000000,496706,485.064453,5.697640,8,4,0.250000,ns-3-ub/scratch/20260929-block24-network-contention/cases/a1-ep-same/runlog/QueueTrace_node_8_port_4.tr,ns3-simulated/trace-derived
a1-ep-same,64.625000,0,0.000000,496706,485.064453,5.697640,8,4,0.250000,ns-3-ub/scratch/20260929-block24-network-contention/cases/a1-ep-same/runlog/QueueTrace_node_8_port_4.tr,ns3-simulated/trace-derived
a1-ep-same,64.875000,0,0.000000,496706,485.064453,5.697640,8,4,0.250000,ns-3-ub/scratch/20260929-block24-network-contention/cases/a1-ep-same/runlog/QueueTrace_node_8_port_4.tr,ns3-simulated/trace-derived
a1-ep-same,65.125000,0,0.000000,496706,485.064453,5.697640,8,4,0.250000,ns-3-ub/scratch/20260929-block24-network-contention/cases/a1-ep-same/runlog/QueueTrace_node_8_port_4.tr,ns3-simulated/trace-derived
a1-ep-same,65.375000,0,0.000000,496706,485.064453,5.697640,8,4,0.250000,ns-3-ub/scratch/20260929-block24-network-contention/cases/a1-ep-same/runlog/QueueTrace_node_8_port_4.tr,ns3-simulated/trace-derived
a1-ep-same,65.625000,0,0.000000,496706,485.064453,5.697640,8,4,0.250000,ns-3-ub/scratch/20260929-block24-network-contention/cases/a1-ep-same/runlog/QueueTrace_node_8_port_4.tr,ns3-simulated/trace-derived
a1-ep-same,65.875000,0,0.000000,496706,485.064453,5.697640,8,4,0.250000,ns-3-ub/scratch/20260929-block24-network-contention/cases/a1-ep-same/runlog/QueueTrace_node_8_port_4.tr,ns3-simulated/trace-derived
a1-ep-same,66.125000,0,0.000000,496706,485.064453,5.697640,8,4,0.250000,ns-3-ub/scratch/20260929-block24-network-contention/cases/a1-ep-same/runlog/QueueTrace_node_8_port_4.tr,ns3-simulated/trace-derived
a1-ep-same,66.375000,0,0.000000,496706,485.064453,5.697640,8,4,0.250000,ns-3-ub/scratch/20260929-block24-network-contention/cases/a1-ep-same/runlog/QueueTrace_node_8_port_4.tr,ns3-simulated/trace-derived
a1-ep-same,66.625000,0,0.000000,496706,485.064453,5.697640,8,4,0.250000,ns-3-ub/scratch/20260929-block24-network-contention/cases/a1-ep-same/runlog/QueueTrace_node_8_port_4.tr,ns3-simulated/trace-derived
a1-ep-same,66.875000,0,0.000000,496706,485.064453,5.697640,8,4,0.250000,ns-3-ub/scratch/20260929-block24-network-contention/cases/a1-ep-same/runlog/QueueTrace_node_8_port_4.tr,ns3-simulated/trace-derived
a1-ep-same,67.125000,0,0.000000,496706,485.064453,5.697640,8,4,0.250000,ns-3-ub/scratch/20260929-block24-network-contention/cases/a1-ep-same/runlog/QueueTrace_node_8_port_4.tr,ns3-simulated/trace-derived
a1-ep-same,67.375000,0,0.000000,496706,485.064453,5.697640,8,4,0.250000,ns-3-ub/scratch/20260929-block24-network-contention/cases/a1-ep-same/runlog/QueueTrace_node_8_port_4.tr,ns3-simulated/trace-derived
a1-ep-same,67.625000,0,0.000000,496706,485.064453,5.697640,8,4,0.250000,ns-3-ub/scratch/20260929-block24-network-contention/cases/a1-ep-same/runlog/QueueTrace_node_8_port_4.tr,ns3-simulated/trace-derived
a1-ep-same,67.875000,0,0.000000,496706,485.064453,5.697640,8,4,0.250000,ns-3-ub/scratch/20260929-block24-network-contention/cases/a1-ep-same/runlog/QueueTrace_node_8_port_4.tr,ns3-simulated/trace-derived
a1-ep-same,68.125000,0,0.000000,496706,485.064453,5.697640,8,4,0.250000,ns-3-ub/scratch/20260929-block24-network-contention/cases/a1-ep-same/runlog/QueueTrace_node_8_port_4.tr,ns3-simulated/trace-derived
a1-ep-same,68.375000,0,0.000000,496706,485.064453,5.697640,8,4,0.250000,ns-3-ub/scratch/20260929-block24-network-contention/cases/a1-ep-same/runlog/QueueTrace_node_8_port_4.tr,ns3-simulated/trace-derived
a1-ep-same,68.625000,0,0.000000,496706,485.064453,5.697640,8,4,0.250000,ns-3-ub/scratch/20260929-block24-network-contention/cases/a1-ep-same/runlog/QueueTrace_node_8_port_4.tr,ns3-simulated/trace-derived
a1-ep-same,68.875000,0,0.000000,496706,485.064453,5.697640,8,4,0.250000,ns-3-ub/scratch/20260929-block24-network-contention/cases/a1-ep-same/runlog/QueueTrace_node_8_port_4.tr,ns3-simulated/trace-derived
a1-ep-same,69.125000,0,0.000000,496706,485.064453,5.697640,8,4,0.250000,ns-3-ub/scratch/20260929-block24-network-contention/cases/a1-ep-same/runlog/QueueTrace_node_8_port_4.tr,ns3-simulated/trace-derived
a1-ep-same,69.375000,0,0.000000,496706,485.064453,5.697640,8,4,0.250000,ns-3-ub/scratch/20260929-block24-network-contention/cases/a1-ep-same/runlog/QueueTrace_node_8_port_4.tr,ns3-simulated/trace-derived
a1-ep-same,69.625000,0,0.000000,496706,485.064453,5.697640,8,4,0.250000,ns-3-ub/scratch/20260929-block24-network-contention/cases/a1-ep-same/runlog/QueueTrace_node_8_port_4.tr,ns3-simulated/trace-derived
a1-ep-same,69.875000,0,0.000000,496706,485.064453,5.697640,8,4,0.250000,ns-3-ub/scratch/20260929-block24-network-contention/cases/a1-ep-same/runlog/QueueTrace_node_8_port_4.tr,ns3-simulated/trace-derived
a2-ep-reverse,0.125000,0,0.000000,213077,208.083008,5.744260,8,4,0.250000,ns-3-ub/scratch/20260929-block24-network-contention/cases/a2-ep-reverse/runlog/QueueTrace_node_8_port_4.tr,ns3-simulated/trace-derived
a2-ep-reverse,0.375000,12522,12.228516,213077,208.083008,5.744260,8,4,0.250000,ns-3-ub/scratch/20260929-block24-network-contention/cases/a2-ep-reverse/runlog/QueueTrace_node_8_port_4.tr,ns3-simulated/trace-derived
a2-ep-reverse,0.625000,20870,20.380859,213077,208.083008,5.744260,8,4,0.250000,ns-3-ub/scratch/20260929-block24-network-contention/cases/a2-ep-reverse/runlog/QueueTrace_node_8_port_4.tr,ns3-simulated/trace-derived
a2-ep-reverse,0.875000,29280,28.593750,213077,208.083008,5.744260,8,4,0.250000,ns-3-ub/scratch/20260929-block24-network-contention/cases/a2-ep-reverse/runlog/QueueTrace_node_8_port_4.tr,ns3-simulated/trace-derived
a2-ep-reverse,1.125000,41802,40.822266,213077,208.083008,5.744260,8,4,0.250000,ns-3-ub/scratch/20260929-block24-network-contention/cases/a2-ep-reverse/runlog/QueueTrace_node_8_port_4.tr,ns3-simulated/trace-derived
a2-ep-reverse,1.375000,50212,49.035156,213077,208.083008,5.744260,8,4,0.250000,ns-3-ub/scratch/20260929-block24-network-contention/cases/a2-ep-reverse/runlog/QueueTrace_node_8_port_4.tr,ns3-simulated/trace-derived
a2-ep-reverse,1.625000,58498,57.126953,213077,208.083008,5.744260,8,4,0.250000,ns-3-ub/scratch/20260929-block24-network-contention/cases/a2-ep-reverse/runlog/QueueTrace_node_8_port_4.tr,ns3-simulated/trace-derived
a2-ep-reverse,1.875000,66846,65.279297,213077,208.083008,5.744260,8,4,0.250000,ns-3-ub/scratch/20260929-block24-network-contention/cases/a2-ep-reverse/runlog/QueueTrace_node_8_port_4.tr,ns3-simulated/trace-derived
a2-ep-reverse,2.125000,79430,77.568359,213077,208.083008,5.744260,8,4,0.250000,ns-3-ub/scratch/20260929-block24-network-contention/cases/a2-ep-reverse/runlog/QueueTrace_node_8_port_4.tr,ns3-simulated/trace-derived
a2-ep-reverse,2.375000,87778,85.720703,213077,208.083008,5.744260,8,4,0.250000,ns-3-ub/scratch/20260929-block24-network-contention/cases/a2-ep-reverse/runlog/QueueTrace_node_8_port_4.tr,ns3-simulated/trace-derived
a2-ep-reverse,2.625000,96064,93.812500,213077,208.083008,5.744260,8,4,0.250000,ns-3-ub/scratch/20260929-block24-network-contention/cases/a2-ep-reverse/runlog/QueueTrace_node_8_port_4.tr,ns3-simulated/trace-derived
a2-ep-reverse,2.875000,104412,101.964844,213077,208.083008,5.744260,8,4,0.250000,ns-3-ub/scratch/20260929-block24-network-contention/cases/a2-ep-reverse/runlog/QueueTrace_node_8_port_4.tr,ns3-simulated/trace-derived
a2-ep-reverse,3.125000,116996,114.253906,213077,208.083008,5.744260,8,4,0.250000,ns-3-ub/scratch/20260929-block24-network-contention/cases/a2-ep-reverse/runlog/QueueTrace_node_8_port_4.tr,ns3-simulated/trace-derived
a2-ep-reverse,3.375000,125344,122.406250,213077,208.083008,5.744260,8,4,0.250000,ns-3-ub/scratch/20260929-block24-network-contention/cases/a2-ep-reverse/runlog/QueueTrace_node_8_port_4.tr,ns3-simulated/trace-derived
a2-ep-reverse,3.625000,133630,130.498047,213077,208.083008,5.744260,8,4,0.250000,ns-3-ub/scratch/20260929-block24-network-contention/cases/a2-ep-reverse/runlog/QueueTrace_node_8_port_4.tr,ns3-simulated/trace-derived
a2-ep-reverse,3.875000,141978,138.650391,213077,208.083008,5.744260,8,4,0.250000,ns-3-ub/scratch/20260929-block24-network-contention/cases/a2-ep-reverse/runlog/QueueTrace_node_8_port_4.tr,ns3-simulated/trace-derived
a2-ep-reverse,4.125000,154562,150.939453,213077,208.083008,5.744260,8,4,0.250000,ns-3-ub/scratch/20260929-block24-network-contention/cases/a2-ep-reverse/runlog/QueueTrace_node_8_port_4.tr,ns3-simulated/trace-derived
a2-ep-reverse,4.375000,162848,159.031250,213077,208.083008,5.744260,8,4,0.250000,ns-3-ub/scratch/20260929-block24-network-contention/cases/a2-ep-reverse/runlog/QueueTrace_node_8_port_4.tr,ns3-simulated/trace-derived
a2-ep-reverse,4.625000,171196,167.183594,213077,208.083008,5.744260,8,4,0.250000,ns-3-ub/scratch/20260929-block24-network-contention/cases/a2-ep-reverse/runlog/QueueTrace_node_8_port_4.tr,ns3-simulated/trace-derived
a2-ep-reverse,4.875000,183718,179.412109,213077,208.083008,5.744260,8,4,0.250000,ns-3-ub/scratch/20260929-block24-network-contention/cases/a2-ep-reverse/runlog/QueueTrace_node_8_port_4.tr,ns3-simulated/trace-derived
a2-ep-reverse,5.125000,192128,187.625000,213077,208.083008,5.744260,8,4,0.250000,ns-3-ub/scratch/20260929-block24-network-contention/cases/a2-ep-reverse/runlog/QueueTrace_node_8_port_4.tr,ns3-simulated/trace-derived
a2-ep-reverse,5.375000,200414,195.716797,213077,208.083008,5.744260,8,4,0.250000,ns-3-ub/scratch/20260929-block24-network-contention/cases/a2-ep-reverse/runlog/QueueTrace_node_8_port_4.tr,ns3-simulated/trace-derived
a2-ep-reverse,5.625000,208762,203.869141,213077,208.083008,5.744260,8,4,0.250000,ns-3-ub/scratch/20260929-block24-network-contention/cases/a2-ep-reverse/runlog/QueueTrace_node_8_port_4.tr,ns3-simulated/trace-derived
a2-ep-reverse,5.875000,213077,208.083008,213077,208.083008,5.744260,8,4,0.250000,ns-3-ub/scratch/20260929-block24-network-contention/cases/a2-ep-reverse/runlog/QueueTrace_node_8_port_4.tr,ns3-simulated/trace-derived
a2-ep-reverse,6.125000,208903,204.006836,213077,208.083008,5.744260,8,4,0.250000,ns-3-ub/scratch/20260929-block24-network-contention/cases/a2-ep-reverse/runlog/QueueTrace_node_8_port_4.tr,ns3-simulated/trace-derived
a2-ep-reverse,6.375000,204667,199.870117,213077,208.083008,5.744260,8,4,0.250000,ns-3-ub/scratch/20260929-block24-network-contention/cases/a2-ep-reverse/runlog/QueueTrace_node_8_port_4.tr,ns3-simulated/trace-derived
a2-ep-reverse,6.625000,200476,195.777344,213077,208.083008,5.744260,8,4,0.250000,ns-3-ub/scratch/20260929-block24-network-contention/cases/a2-ep-reverse/runlog/QueueTrace_node_8_port_4.tr,ns3-simulated/trace-derived
a2-ep-reverse,6.875000,200600,195.898438,213077,208.083008,5.744260,8,4,0.250000,ns-3-ub/scratch/20260929-block24-network-contention/cases/a2-ep-reverse/runlog/QueueTrace_node_8_port_4.tr,ns3-simulated/trace-derived
a2-ep-reverse,7.125000,196426,191.822266,213077,208.083008,5.744260,8,4,0.250000,ns-3-ub/scratch/20260929-block24-network-contention/cases/a2-ep-reverse/runlog/QueueTrace_node_8_port_4.tr,ns3-simulated/trace-derived
a2-ep-reverse,7.375000,192190,187.685547,213077,208.083008,5.744260,8,4,0.250000,ns-3-ub/scratch/20260929-block24-network-contention/cases/a2-ep-reverse/runlog/QueueTrace_node_8_port_4.tr,ns3-simulated/trace-derived
a2-ep-reverse,7.625000,188016,183.609375,213077,208.083008,5.744260,8,4,0.250000,ns-3-ub/scratch/20260929-block24-network-contention/cases/a2-ep-reverse/runlog/QueueTrace_node_8_port_4.tr,ns3-simulated/trace-derived
a2-ep-reverse,7.875000,188078,183.669922,213077,208.083008,5.744260,8,4,0.250000,ns-3-ub/scratch/20260929-block24-network-contention/cases/a2-ep-reverse/runlog/QueueTrace_node_8_port_4.tr,ns3-simulated/trace-derived
a2-ep-reverse,8.125000,183842,179.533203,213077,208.083008,5.744260,8,4,0.250000,ns-3-ub/scratch/20260929-block24-network-contention/cases/a2-ep-reverse/runlog/QueueTrace_node_8_port_4.tr,ns3-simulated/trace-derived
a2-ep-reverse,8.375000,179668,175.457031,213077,208.083008,5.744260,8,4,0.250000,ns-3-ub/scratch/20260929-block24-network-contention/cases/a2-ep-reverse/runlog/QueueTrace_node_8_port_4.tr,ns3-simulated/trace-derived
a2-ep-reverse,8.625000,179730,175.517578,213077,208.083008,5.744260,8,4,0.250000,ns-3-ub/scratch/20260929-block24-network-contention/cases/a2-ep-reverse/runlog/QueueTrace_node_8_port_4.tr,ns3-simulated/trace-derived
a2-ep-reverse,8.875000,175556,171.441406,213077,208.083008,5.744260,8,4,0.250000,ns-3-ub/scratch/20260929-block24-network-contention/cases/a2-ep-reverse/runlog/QueueTrace_node_8_port_4.tr,ns3-simulated/trace-derived
a2-ep-reverse,9.125000,171320,167.304688,213077,208.083008,5.744260,8,4,0.250000,ns-3-ub/scratch/20260929-block24-network-contention/cases/a2-ep-reverse/runlog/QueueTrace_node_8_port_4.tr,ns3-simulated/trace-derived
a2-ep-reverse,9.375000,167146,163.228516,213077,208.083008,5.744260,8,4,0.250000,ns-3-ub/scratch/20260929-block24-network-contention/cases/a2-ep-reverse/runlog/QueueTrace_node_8_port_4.tr,ns3-simulated/trace-derived
a2-ep-reverse,9.625000,167208,163.289062,213077,208.083008,5.744260,8,4,0.250000,ns-3-ub/scratch/20260929-block24-network-contention/cases/a2-ep-reverse/runlog/QueueTrace_node_8_port_4.tr,ns3-simulated/trace-derived
a2-ep-reverse,9.875000,163034,159.212891,213077,208.083008,5.744260,8,4,0.250000,ns-3-ub/scratch/20260929-block24-network-contention/cases/a2-ep-reverse/runlog/QueueTrace_node_8_port_4.tr,ns3-simulated/trace-derived
a2-ep-reverse,10.125000,158798,155.076172,213077,208.083008,5.744260,8,4,0.250000,ns-3-ub/scratch/20260929-block24-network-contention/cases/a2-ep-reverse/runlog/QueueTrace_node_8_port_4.tr,ns3-simulated/trace-derived
a2-ep-reverse,10.375000,154624,151.000000,213077,208.083008,5.744260,8,4,0.250000,ns-3-ub/scratch/20260929-block24-network-contention/cases/a2-ep-reverse/runlog/QueueTrace_node_8_port_4.tr,ns3-simulated/trace-derived
a2-ep-reverse,10.625000,154686,151.060547,213077,208.083008,5.744260,8,4,0.250000,ns-3-ub/scratch/20260929-block24-network-contention/cases/a2-ep-reverse/runlog/QueueTrace_node_8_port_4.tr,ns3-simulated/trace-derived
a2-ep-reverse,10.875000,150512,146.984375,213077,208.083008,5.744260,8,4,0.250000,ns-3-ub/scratch/20260929-block24-network-contention/cases/a2-ep-reverse/runlog/QueueTrace_node_8_port_4.tr,ns3-simulated/trace-derived
a2-ep-reverse,11.125000,146276,142.847656,213077,208.083008,5.744260,8,4,0.250000,ns-3-ub/scratch/20260929-block24-network-contention/cases/a2-ep-reverse/runlog/QueueTrace_node_8_port_4.tr,ns3-simulated/trace-derived
a2-ep-reverse,11.375000,142181,138.848633,213077,208.083008,5.744260,8,4,0.250000,ns-3-ub/scratch/20260929-block24-network-contention/cases/a2-ep-reverse/runlog/QueueTrace_node_8_port_4.tr,ns3-simulated/trace-derived
a2-ep-reverse,11.625000,142243,138.909180,213077,208.083008,5.744260,8,4,0.250000,ns-3-ub/scratch/20260929-block24-network-contention/cases/a2-ep-reverse/runlog/QueueTrace_node_8_port_4.tr,ns3-simulated/trace-derived
a2-ep-reverse,11.875000,138007,134.772461,213077,208.083008,5.744260,8,4,0.250000,ns-3-ub/scratch/20260929-block24-network-contention/cases/a2-ep-reverse/runlog/QueueTrace_node_8_port_4.tr,ns3-simulated/trace-derived
a2-ep-reverse,12.125000,133833,130.696289,213077,208.083008,5.744260,8,4,0.250000,ns-3-ub/scratch/20260929-block24-network-contention/cases/a2-ep-reverse/runlog/QueueTrace_node_8_port_4.tr,ns3-simulated/trace-derived
a2-ep-reverse,12.375000,133895,130.756836,213077,208.083008,5.744260,8,4,0.250000,ns-3-ub/scratch/20260929-block24-network-contention/cases/a2-ep-reverse/runlog/QueueTrace_node_8_port_4.tr,ns3-simulated/trace-derived
a2-ep-reverse,12.625000,129766,126.724609,213077,208.083008,5.744260,8,4,0.250000,ns-3-ub/scratch/20260929-block24-network-contention/cases/a2-ep-reverse/runlog/QueueTrace_node_8_port_4.tr,ns3-simulated/trace-derived
a2-ep-reverse,12.875000,125530,122.587891,213077,208.083008,5.744260,8,4,0.250000,ns-3-ub/scratch/20260929-block24-network-contention/cases/a2-ep-reverse/runlog/QueueTrace_node_8_port_4.tr,ns3-simulated/trace-derived
a2-ep-reverse,13.125000,121356,118.511719,213077,208.083008,5.744260,8,4,0.250000,ns-3-ub/scratch/20260929-block24-network-contention/cases/a2-ep-reverse/runlog/QueueTrace_node_8_port_4.tr,ns3-simulated/trace-derived
a2-ep-reverse,13.375000,121418,118.572266,213077,208.083008,5.744260,8,4,0.250000,ns-3-ub/scratch/20260929-block24-network-contention/cases/a2-ep-reverse/runlog/QueueTrace_node_8_port_4.tr,ns3-simulated/trace-derived
a2-ep-reverse,13.625000,117244,114.496094,213077,208.083008,5.744260,8,4,0.250000,ns-3-ub/scratch/20260929-block24-network-contention/cases/a2-ep-reverse/runlog/QueueTrace_node_8_port_4.tr,ns3-simulated/trace-derived
a2-ep-reverse,13.875000,113008,110.359375,213077,208.083008,5.744260,8,4,0.250000,ns-3-ub/scratch/20260929-block24-network-contention/cases/a2-ep-reverse/runlog/QueueTrace_node_8_port_4.tr,ns3-simulated/trace-derived
a2-ep-reverse,14.125000,108834,106.283203,213077,208.083008,5.744260,8,4,0.250000,ns-3-ub/scratch/20260929-block24-network-contention/cases/a2-ep-reverse/runlog/QueueTrace_node_8_port_4.tr,ns3-simulated/trace-derived
a2-ep-reverse,14.375000,108896,106.343750,213077,208.083008,5.744260,8,4,0.250000,ns-3-ub/scratch/20260929-block24-network-contention/cases/a2-ep-reverse/runlog/QueueTrace_node_8_port_4.tr,ns3-simulated/trace-derived
a2-ep-reverse,14.625000,104722,102.267578,213077,208.083008,5.744260,8,4,0.250000,ns-3-ub/scratch/20260929-block24-network-contention/cases/a2-ep-reverse/runlog/QueueTrace_node_8_port_4.tr,ns3-simulated/trace-derived
a2-ep-reverse,14.875000,100486,98.130859,213077,208.083008,5.744260,8,4,0.250000,ns-3-ub/scratch/20260929-block24-network-contention/cases/a2-ep-reverse/runlog/QueueTrace_node_8_port_4.tr,ns3-simulated/trace-derived
a2-ep-reverse,15.125000,96312,94.054688,213077,208.083008,5.744260,8,4,0.250000,ns-3-ub/scratch/20260929-block24-network-contention/cases/a2-ep-reverse/runlog/QueueTrace_node_8_port_4.tr,ns3-simulated/trace-derived
a2-ep-reverse,15.375000,96374,94.115234,213077,208.083008,5.744260,8,4,0.250000,ns-3-ub/scratch/20260929-block24-network-contention/cases/a2-ep-reverse/runlog/QueueTrace_node_8_port_4.tr,ns3-simulated/trace-derived
a2-ep-reverse,15.625000,92138,89.978516,213077,208.083008,5.744260,8,4,0.250000,ns-3-ub/scratch/20260929-block24-network-contention/cases/a2-ep-reverse/runlog/QueueTrace_node_8_port_4.tr,ns3-simulated/trace-derived
a2-ep-reverse,15.875000,87964,85.902344,213077,208.083008,5.744260,8,4,0.250000,ns-3-ub/scratch/20260929-block24-network-contention/cases/a2-ep-reverse/runlog/QueueTrace_node_8_port_4.tr,ns3-simulated/trace-derived
a2-ep-reverse,16.125000,88026,85.962891,213077,208.083008,5.744260,8,4,0.250000,ns-3-ub/scratch/20260929-block24-network-contention/cases/a2-ep-reverse/runlog/QueueTrace_node_8_port_4.tr,ns3-simulated/trace-derived
a2-ep-reverse,16.375000,83852,81.886719,213077,208.083008,5.744260,8,4,0.250000,ns-3-ub/scratch/20260929-block24-network-contention/cases/a2-ep-reverse/runlog/QueueTrace_node_8_port_4.tr,ns3-simulated/trace-derived
a2-ep-reverse,16.625000,79616,77.750000,213077,208.083008,5.744260,8,4,0.250000,ns-3-ub/scratch/20260929-block24-network-contention/cases/a2-ep-reverse/runlog/QueueTrace_node_8_port_4.tr,ns3-simulated/trace-derived
a2-ep-reverse,16.875000,75521,73.750977,213077,208.083008,5.744260,8,4,0.250000,ns-3-ub/scratch/20260929-block24-network-contention/cases/a2-ep-reverse/runlog/QueueTrace_node_8_port_4.tr,ns3-simulated/trace-derived
a2-ep-reverse,17.125000,75583,73.811523,213077,208.083008,5.744260,8,4,0.250000,ns-3-ub/scratch/20260929-block24-network-contention/cases/a2-ep-reverse/runlog/QueueTrace_node_8_port_4.tr,ns3-simulated/trace-derived
a2-ep-reverse,17.375000,71409,69.735352,213077,208.083008,5.744260,8,4,0.250000,ns-3-ub/scratch/20260929-block24-network-contention/cases/a2-ep-reverse/runlog/QueueTrace_node_8_port_4.tr,ns3-simulated/trace-derived
a2-ep-reverse,17.625000,67173,65.598633,213077,208.083008,5.744260,8,4,0.250000,ns-3-ub/scratch/20260929-block24-network-contention/cases/a2-ep-reverse/runlog/QueueTrace_node_8_port_4.tr,ns3-simulated/trace-derived
a2-ep-reverse,17.875000,63079,61.600586,213077,208.083008,5.744260,8,4,0.250000,ns-3-ub/scratch/20260929-block24-network-contention/cases/a2-ep-reverse/runlog/QueueTrace_node_8_port_4.tr,ns3-simulated/trace-derived
a2-ep-reverse,18.125000,63101,61.622070,213077,208.083008,5.744260,8,4,0.250000,ns-3-ub/scratch/20260929-block24-network-contention/cases/a2-ep-reverse/runlog/QueueTrace_node_8_port_4.tr,ns3-simulated/trace-derived
a2-ep-reverse,18.375000,58932,57.550781,213077,208.083008,5.744260,8,4,0.250000,ns-3-ub/scratch/20260929-block24-network-contention/cases/a2-ep-reverse/runlog/QueueTrace_node_8_port_4.tr,ns3-simulated/trace-derived
a2-ep-reverse,18.625000,54696,53.414062,213077,208.083008,5.744260,8,4,0.250000,ns-3-ub/scratch/20260929-block24-network-contention/cases/a2-ep-reverse/runlog/QueueTrace_node_8_port_4.tr,ns3-simulated/trace-derived
a2-ep-reverse,18.875000,54758,53.474609,213077,208.083008,5.744260,8,4,0.250000,ns-3-ub/scratch/20260929-block24-network-contention/cases/a2-ep-reverse/runlog/QueueTrace_node_8_port_4.tr,ns3-simulated/trace-derived
a2-ep-reverse,19.125000,50584,49.398438,213077,208.083008,5.744260,8,4,0.250000,ns-3-ub/scratch/20260929-block24-network-contention/cases/a2-ep-reverse/runlog/QueueTrace_node_8_port_4.tr,ns3-simulated/trace-derived
a2-ep-reverse,19.375000,46348,45.261719,213077,208.083008,5.744260,8,4,0.250000,ns-3-ub/scratch/20260929-block24-network-contention/cases/a2-ep-reverse/runlog/QueueTrace_node_8_port_4.tr,ns3-simulated/trace-derived
a2-ep-reverse,19.625000,42174,41.185547,213077,208.083008,5.744260,8,4,0.250000,ns-3-ub/scratch/20260929-block24-network-contention/cases/a2-ep-reverse/runlog/QueueTrace_node_8_port_4.tr,ns3-simulated/trace-derived
a2-ep-reverse,19.875000,42236,41.246094,213077,208.083008,5.744260,8,4,0.250000,ns-3-ub/scratch/20260929-block24-network-contention/cases/a2-ep-reverse/runlog/QueueTrace_node_8_port_4.tr,ns3-simulated/trace-derived
a2-ep-reverse,20.125000,38062,37.169922,213077,208.083008,5.744260,8,4,0.250000,ns-3-ub/scratch/20260929-block24-network-contention/cases/a2-ep-reverse/runlog/QueueTrace_node_8_port_4.tr,ns3-simulated/trace-derived
a2-ep-reverse,20.375000,33826,33.033203,213077,208.083008,5.744260,8,4,0.250000,ns-3-ub/scratch/20260929-block24-network-contention/cases/a2-ep-reverse/runlog/QueueTrace_node_8_port_4.tr,ns3-simulated/trace-derived
a2-ep-reverse,20.625000,29652,28.957031,213077,208.083008,5.744260,8,4,0.250000,ns-3-ub/scratch/20260929-block24-network-contention/cases/a2-ep-reverse/runlog/QueueTrace_node_8_port_4.tr,ns3-simulated/trace-derived
a2-ep-reverse,20.875000,29714,29.017578,213077,208.083008,5.744260,8,4,0.250000,ns-3-ub/scratch/20260929-block24-network-contention/cases/a2-ep-reverse/runlog/QueueTrace_node_8_port_4.tr,ns3-simulated/trace-derived
a2-ep-reverse,21.125000,25540,24.941406,213077,208.083008,5.744260,8,4,0.250000,ns-3-ub/scratch/20260929-block24-network-contention/cases/a2-ep-reverse/runlog/QueueTrace_node_8_port_4.tr,ns3-simulated/trace-derived
a2-ep-reverse,21.375000,21304,20.804688,213077,208.083008,5.744260,8,4,0.250000,ns-3-ub/scratch/20260929-block24-network-contention/cases/a2-ep-reverse/runlog/QueueTrace_node_8_port_4.tr,ns3-simulated/trace-derived
a2-ep-reverse,21.625000,17130,16.728516,213077,208.083008,5.744260,8,4,0.250000,ns-3-ub/scratch/20260929-block24-network-contention/cases/a2-ep-reverse/runlog/QueueTrace_node_8_port_4.tr,ns3-simulated/trace-derived
a2-ep-reverse,21.875000,17192,16.789062,213077,208.083008,5.744260,8,4,0.250000,ns-3-ub/scratch/20260929-block24-network-contention/cases/a2-ep-reverse/runlog/QueueTrace_node_8_port_4.tr,ns3-simulated/trace-derived
a2-ep-reverse,22.125000,12956,12.652344,213077,208.083008,5.744260,8,4,0.250000,ns-3-ub/scratch/20260929-block24-network-contention/cases/a2-ep-reverse/runlog/QueueTrace_node_8_port_4.tr,ns3-simulated/trace-derived
a2-ep-reverse,22.375000,8861,8.653320,213077,208.083008,5.744260,8,4,0.250000,ns-3-ub/scratch/20260929-block24-network-contention/cases/a2-ep-reverse/runlog/QueueTrace_node_8_port_4.tr,ns3-simulated/trace-derived
a2-ep-reverse,22.625000,8923,8.713867,213077,208.083008,5.744260,8,4,0.250000,ns-3-ub/scratch/20260929-block24-network-contention/cases/a2-ep-reverse/runlog/QueueTrace_node_8_port_4.tr,ns3-simulated/trace-derived
a2-ep-reverse,22.875000,4749,4.637695,213077,208.083008,5.744260,8,4,0.250000,ns-3-ub/scratch/20260929-block24-network-contention/cases/a2-ep-reverse/runlog/QueueTrace_node_8_port_4.tr,ns3-simulated/trace-derived
a2-ep-reverse,23.125000,513,0.500977,213077,208.083008,5.744260,8,4,0.250000,ns-3-ub/scratch/20260929-block24-network-contention/cases/a2-ep-reverse/runlog/QueueTrace_node_8_port_4.tr,ns3-simulated/trace-derived
a2-ep-reverse,23.375000,186,0.181641,213077,208.083008,5.744260,8,4,0.250000,ns-3-ub/scratch/20260929-block24-network-contention/cases/a2-ep-reverse/runlog/QueueTrace_node_8_port_4.tr,ns3-simulated/trace-derived
a2-ep-reverse,23.625000,0,0.000000,213077,208.083008,5.744260,8,4,0.250000,ns-3-ub/scratch/20260929-block24-network-contention/cases/a2-ep-reverse/runlog/QueueTrace_node_8_port_4.tr,ns3-simulated/trace-derived
a2-ep-reverse,23.875000,0,0.000000,213077,208.083008,5.744260,8,4,0.250000,ns-3-ub/scratch/20260929-block24-network-contention/cases/a2-ep-reverse/runlog/QueueTrace_node_8_port_4.tr,ns3-simulated/trace-derived
a2-ep-reverse,24.125000,0,0.000000,213077,208.083008,5.744260,8,4,0.250000,ns-3-ub/scratch/20260929-block24-network-contention/cases/a2-ep-reverse/runlog/QueueTrace_node_8_port_4.tr,ns3-simulated/trace-derived
a2-ep-reverse,24.375000,0,0.000000,213077,208.083008,5.744260,8,4,0.250000,ns-3-ub/scratch/20260929-block24-network-contention/cases/a2-ep-reverse/runlog/QueueTrace_node_8_port_4.tr,ns3-simulated/trace-derived
a2-ep-reverse,24.625000,0,0.000000,213077,208.083008,5.744260,8,4,0.250000,ns-3-ub/scratch/20260929-block24-network-contention/cases/a2-ep-reverse/runlog/QueueTrace_node_8_port_4.tr,ns3-simulated/trace-derived
a2-ep-reverse,24.875000,0,0.000000,213077,208.083008,5.744260,8,4,0.250000,ns-3-ub/scratch/20260929-block24-network-contention/cases/a2-ep-reverse/runlog/QueueTrace_node_8_port_4.tr,ns3-simulated/trace-derived
a2-ep-reverse,25.125000,0,0.000000,213077,208.083008,5.744260,8,4,0.250000,ns-3-ub/scratch/20260929-block24-network-contention/cases/a2-ep-reverse/runlog/QueueTrace_node_8_port_4.tr,ns3-simulated/trace-derived
a2-ep-reverse,25.375000,0,0.000000,213077,208.083008,5.744260,8,4,0.250000,ns-3-ub/scratch/20260929-block24-network-contention/cases/a2-ep-reverse/runlog/QueueTrace_node_8_port_4.tr,ns3-simulated/trace-derived
a2-ep-reverse,25.625000,0,0.000000,213077,208.083008,5.744260,8,4,0.250000,ns-3-ub/scratch/20260929-block24-network-contention/cases/a2-ep-reverse/runlog/QueueTrace_node_8_port_4.tr,ns3-simulated/trace-derived
a2-ep-reverse,25.875000,0,0.000000,213077,208.083008,5.744260,8,4,0.250000,ns-3-ub/scratch/20260929-block24-network-contention/cases/a2-ep-reverse/runlog/QueueTrace_node_8_port_4.tr,ns3-simulated/trace-derived
a2-ep-reverse,26.125000,0,0.000000,213077,208.083008,5.744260,8,4,0.250000,ns-3-ub/scratch/20260929-block24-network-contention/cases/a2-ep-reverse/runlog/QueueTrace_node_8_port_4.tr,ns3-simulated/trace-derived
a2-ep-reverse,26.375000,0,0.000000,213077,208.083008,5.744260,8,4,0.250000,ns-3-ub/scratch/20260929-block24-network-contention/cases/a2-ep-reverse/runlog/QueueTrace_node_8_port_4.tr,ns3-simulated/trace-derived
a2-ep-reverse,26.625000,0,0.000000,213077,208.083008,5.744260,8,4,0.250000,ns-3-ub/scratch/20260929-block24-network-contention/cases/a2-ep-reverse/runlog/QueueTrace_node_8_port_4.tr,ns3-simulated/trace-derived
a2-ep-reverse,26.875000,0,0.000000,213077,208.083008,5.744260,8,4,0.250000,ns-3-ub/scratch/20260929-block24-network-contention/cases/a2-ep-reverse/runlog/QueueTrace_node_8_port_4.tr,ns3-simulated/trace-derived
a2-ep-reverse,27.125000,0,0.000000,213077,208.083008,5.744260,8,4,0.250000,ns-3-ub/scratch/20260929-block24-network-contention/cases/a2-ep-reverse/runlog/QueueTrace_node_8_port_4.tr,ns3-simulated/trace-derived
a2-ep-reverse,27.375000,0,0.000000,213077,208.083008,5.744260,8,4,0.250000,ns-3-ub/scratch/20260929-block24-network-contention/cases/a2-ep-reverse/runlog/QueueTrace_node_8_port_4.tr,ns3-simulated/trace-derived
a2-ep-reverse,27.625000,0,0.000000,213077,208.083008,5.744260,8,4,0.250000,ns-3-ub/scratch/20260929-block24-network-contention/cases/a2-ep-reverse/runlog/QueueTrace_node_8_port_4.tr,ns3-simulated/trace-derived
a2-ep-reverse,27.875000,0,0.000000,213077,208.083008,5.744260,8,4,0.250000,ns-3-ub/scratch/20260929-block24-network-contention/cases/a2-ep-reverse/runlog/QueueTrace_node_8_port_4.tr,ns3-simulated/trace-derived
a2-ep-reverse,28.125000,0,0.000000,213077,208.083008,5.744260,8,4,0.250000,ns-3-ub/scratch/20260929-block24-network-contention/cases/a2-ep-reverse/runlog/QueueTrace_node_8_port_4.tr,ns3-simulated/trace-derived
a2-ep-reverse,28.375000,0,0.000000,213077,208.083008,5.744260,8,4,0.250000,ns-3-ub/scratch/20260929-block24-network-contention/cases/a2-ep-reverse/runlog/QueueTrace_node_8_port_4.tr,ns3-simulated/trace-derived
a2-ep-reverse,28.625000,0,0.000000,213077,208.083008,5.744260,8,4,0.250000,ns-3-ub/scratch/20260929-block24-network-contention/cases/a2-ep-reverse/runlog/QueueTrace_node_8_port_4.tr,ns3-simulated/trace-derived
a2-ep-reverse,28.875000,0,0.000000,213077,208.083008,5.744260,8,4,0.250000,ns-3-ub/scratch/20260929-block24-network-contention/cases/a2-ep-reverse/runlog/QueueTrace_node_8_port_4.tr,ns3-simulated/trace-derived
a2-ep-reverse,29.125000,0,0.000000,213077,208.083008,5.744260,8,4,0.250000,ns-3-ub/scratch/20260929-block24-network-contention/cases/a2-ep-reverse/runlog/QueueTrace_node_8_port_4.tr,ns3-simulated/trace-derived
a2-ep-reverse,29.375000,0,0.000000,213077,208.083008,5.744260,8,4,0.250000,ns-3-ub/scratch/20260929-block24-network-contention/cases/a2-ep-reverse/runlog/QueueTrace_node_8_port_4.tr,ns3-simulated/trace-derived
a2-ep-reverse,29.625000,0,0.000000,213077,208.083008,5.744260,8,4,0.250000,ns-3-ub/scratch/20260929-block24-network-contention/cases/a2-ep-reverse/runlog/QueueTrace_node_8_port_4.tr,ns3-simulated/trace-derived
a2-ep-reverse,29.875000,0,0.000000,213077,208.083008,5.744260,8,4,0.250000,ns-3-ub/scratch/20260929-block24-network-contention/cases/a2-ep-reverse/runlog/QueueTrace_node_8_port_4.tr,ns3-simulated/trace-derived
a2-ep-reverse,30.125000,0,0.000000,213077,208.083008,5.744260,8,4,0.250000,ns-3-ub/scratch/20260929-block24-network-contention/cases/a2-ep-reverse/runlog/QueueTrace_node_8_port_4.tr,ns3-simulated/trace-derived
a2-ep-reverse,30.375000,0,0.000000,213077,208.083008,5.744260,8,4,0.250000,ns-3-ub/scratch/20260929-block24-network-contention/cases/a2-ep-reverse/runlog/QueueTrace_node_8_port_4.tr,ns3-simulated/trace-derived
a2-ep-reverse,30.625000,0,0.000000,213077,208.083008,5.744260,8,4,0.250000,ns-3-ub/scratch/20260929-block24-network-contention/cases/a2-ep-reverse/runlog/QueueTrace_node_8_port_4.tr,ns3-simulated/trace-derived
a2-ep-reverse,30.875000,0,0.000000,213077,208.083008,5.744260,8,4,0.250000,ns-3-ub/scratch/20260929-block24-network-contention/cases/a2-ep-reverse/runlog/QueueTrace_node_8_port_4.tr,ns3-simulated/trace-derived
a2-ep-reverse,31.125000,0,0.000000,213077,208.083008,5.744260,8,4,0.250000,ns-3-ub/scratch/20260929-block24-network-contention/cases/a2-ep-reverse/runlog/QueueTrace_node_8_port_4.tr,ns3-simulated/trace-derived
a2-ep-reverse,31.375000,0,0.000000,213077,208.083008,5.744260,8,4,0.250000,ns-3-ub/scratch/20260929-block24-network-contention/cases/a2-ep-reverse/runlog/QueueTrace_node_8_port_4.tr,ns3-simulated/trace-derived
a2-ep-reverse,31.625000,0,0.000000,213077,208.083008,5.744260,8,4,0.250000,ns-3-ub/scratch/20260929-block24-network-contention/cases/a2-ep-reverse/runlog/QueueTrace_node_8_port_4.tr,ns3-simulated/trace-derived
a2-ep-reverse,31.875000,0,0.000000,213077,208.083008,5.744260,8,4,0.250000,ns-3-ub/scratch/20260929-block24-network-contention/cases/a2-ep-reverse/runlog/QueueTrace_node_8_port_4.tr,ns3-simulated/trace-derived
a2-ep-reverse,32.125000,0,0.000000,213077,208.083008,5.744260,8,4,0.250000,ns-3-ub/scratch/20260929-block24-network-contention/cases/a2-ep-reverse/runlog/QueueTrace_node_8_port_4.tr,ns3-simulated/trace-derived
a2-ep-reverse,32.375000,0,0.000000,213077,208.083008,5.744260,8,4,0.250000,ns-3-ub/scratch/20260929-block24-network-contention/cases/a2-ep-reverse/runlog/QueueTrace_node_8_port_4.tr,ns3-simulated/trace-derived
a2-ep-reverse,32.625000,0,0.000000,213077,208.083008,5.744260,8,4,0.250000,ns-3-ub/scratch/20260929-block24-network-contention/cases/a2-ep-reverse/runlog/QueueTrace_node_8_port_4.tr,ns3-simulated/trace-derived
a2-ep-reverse,32.875000,0,0.000000,213077,208.083008,5.744260,8,4,0.250000,ns-3-ub/scratch/20260929-block24-network-contention/cases/a2-ep-reverse/runlog/QueueTrace_node_8_port_4.tr,ns3-simulated/trace-derived
a2-ep-reverse,33.125000,0,0.000000,213077,208.083008,5.744260,8,4,0.250000,ns-3-ub/scratch/20260929-block24-network-contention/cases/a2-ep-reverse/runlog/QueueTrace_node_8_port_4.tr,ns3-simulated/trace-derived
a2-ep-reverse,33.375000,0,0.000000,213077,208.083008,5.744260,8,4,0.250000,ns-3-ub/scratch/20260929-block24-network-contention/cases/a2-ep-reverse/runlog/QueueTrace_node_8_port_4.tr,ns3-simulated/trace-derived
a2-ep-reverse,33.625000,0,0.000000,213077,208.083008,5.744260,8,4,0.250000,ns-3-ub/scratch/20260929-block24-network-contention/cases/a2-ep-reverse/runlog/QueueTrace_node_8_port_4.tr,ns3-simulated/trace-derived
a2-ep-reverse,33.875000,0,0.000000,213077,208.083008,5.744260,8,4,0.250000,ns-3-ub/scratch/20260929-block24-network-contention/cases/a2-ep-reverse/runlog/QueueTrace_node_8_port_4.tr,ns3-simulated/trace-derived
a2-ep-reverse,34.125000,0,0.000000,213077,208.083008,5.744260,8,4,0.250000,ns-3-ub/scratch/20260929-block24-network-contention/cases/a2-ep-reverse/runlog/QueueTrace_node_8_port_4.tr,ns3-simulated/trace-derived
a2-ep-reverse,34.375000,0,0.000000,213077,208.083008,5.744260,8,4,0.250000,ns-3-ub/scratch/20260929-block24-network-contention/cases/a2-ep-reverse/runlog/QueueTrace_node_8_port_4.tr,ns3-simulated/trace-derived
a2-ep-reverse,34.625000,0,0.000000,213077,208.083008,5.744260,8,4,0.250000,ns-3-ub/scratch/20260929-block24-network-contention/cases/a2-ep-reverse/runlog/QueueTrace_node_8_port_4.tr,ns3-simulated/trace-derived
a2-ep-reverse,34.875000,0,0.000000,213077,208.083008,5.744260,8,4,0.250000,ns-3-ub/scratch/20260929-block24-network-contention/cases/a2-ep-reverse/runlog/QueueTrace_node_8_port_4.tr,ns3-simulated/trace-derived
a2-ep-reverse,35.125000,0,0.000000,213077,208.083008,5.744260,8,4,0.250000,ns-3-ub/scratch/20260929-block24-network-contention/cases/a2-ep-reverse/runlog/QueueTrace_node_8_port_4.tr,ns3-simulated/trace-derived
a2-ep-reverse,35.375000,0,0.000000,213077,208.083008,5.744260,8,4,0.250000,ns-3-ub/scratch/20260929-block24-network-contention/cases/a2-ep-reverse/runlog/QueueTrace_node_8_port_4.tr,ns3-simulated/trace-derived
a2-ep-reverse,35.625000,0,0.000000,213077,208.083008,5.744260,8,4,0.250000,ns-3-ub/scratch/20260929-block24-network-contention/cases/a2-ep-reverse/runlog/QueueTrace_node_8_port_4.tr,ns3-simulated/trace-derived
a2-ep-reverse,35.875000,0,0.000000,213077,208.083008,5.744260,8,4,0.250000,ns-3-ub/scratch/20260929-block24-network-contention/cases/a2-ep-reverse/runlog/QueueTrace_node_8_port_4.tr,ns3-simulated/trace-derived
a2-ep-reverse,36.125000,0,0.000000,213077,208.083008,5.744260,8,4,0.250000,ns-3-ub/scratch/20260929-block24-network-contention/cases/a2-ep-reverse/runlog/QueueTrace_node_8_port_4.tr,ns3-simulated/trace-derived
a2-ep-reverse,36.375000,0,0.000000,213077,208.083008,5.744260,8,4,0.250000,ns-3-ub/scratch/20260929-block24-network-contention/cases/a2-ep-reverse/runlog/QueueTrace_node_8_port_4.tr,ns3-simulated/trace-derived
a2-ep-reverse,36.625000,0,0.000000,213077,208.083008,5.744260,8,4,0.250000,ns-3-ub/scratch/20260929-block24-network-contention/cases/a2-ep-reverse/runlog/QueueTrace_node_8_port_4.tr,ns3-simulated/trace-derived
a2-ep-reverse,36.875000,0,0.000000,213077,208.083008,5.744260,8,4,0.250000,ns-3-ub/scratch/20260929-block24-network-contention/cases/a2-ep-reverse/runlog/QueueTrace_node_8_port_4.tr,ns3-simulated/trace-derived
a2-ep-reverse,37.125000,0,0.000000,213077,208.083008,5.744260,8,4,0.250000,ns-3-ub/scratch/20260929-block24-network-contention/cases/a2-ep-reverse/runlog/QueueTrace_node_8_port_4.tr,ns3-simulated/trace-derived
a2-ep-reverse,37.375000,0,0.000000,213077,208.083008,5.744260,8,4,0.250000,ns-3-ub/scratch/20260929-block24-network-contention/cases/a2-ep-reverse/runlog/QueueTrace_node_8_port_4.tr,ns3-simulated/trace-derived
a2-ep-reverse,37.625000,0,0.000000,213077,208.083008,5.744260,8,4,0.250000,ns-3-ub/scratch/20260929-block24-network-contention/cases/a2-ep-reverse/runlog/QueueTrace_node_8_port_4.tr,ns3-simulated/trace-derived
a2-ep-reverse,37.875000,0,0.000000,213077,208.083008,5.744260,8,4,0.250000,ns-3-ub/scratch/20260929-block24-network-contention/cases/a2-ep-reverse/runlog/QueueTrace_node_8_port_4.tr,ns3-simulated/trace-derived
a2-ep-reverse,38.125000,0,0.000000,213077,208.083008,5.744260,8,4,0.250000,ns-3-ub/scratch/20260929-block24-network-contention/cases/a2-ep-reverse/runlog/QueueTrace_node_8_port_4.tr,ns3-simulated/trace-derived
a2-ep-reverse,38.375000,0,0.000000,213077,208.083008,5.744260,8,4,0.250000,ns-3-ub/scratch/20260929-block24-network-contention/cases/a2-ep-reverse/runlog/QueueTrace_node_8_port_4.tr,ns3-simulated/trace-derived
a2-ep-reverse,38.625000,0,0.000000,213077,208.083008,5.744260,8,4,0.250000,ns-3-ub/scratch/20260929-block24-network-contention/cases/a2-ep-reverse/runlog/QueueTrace_node_8_port_4.tr,ns3-simulated/trace-derived
a2-ep-reverse,38.875000,0,0.000000,213077,208.083008,5.744260,8,4,0.250000,ns-3-ub/scratch/20260929-block24-network-contention/cases/a2-ep-reverse/runlog/QueueTrace_node_8_port_4.tr,ns3-simulated/trace-derived
a2-ep-reverse,39.125000,0,0.000000,213077,208.083008,5.744260,8,4,0.250000,ns-3-ub/scratch/20260929-block24-network-contention/cases/a2-ep-reverse/runlog/QueueTrace_node_8_port_4.tr,ns3-simulated/trace-derived
a2-ep-reverse,39.375000,0,0.000000,213077,208.083008,5.744260,8,4,0.250000,ns-3-ub/scratch/20260929-block24-network-contention/cases/a2-ep-reverse/runlog/QueueTrace_node_8_port_4.tr,ns3-simulated/trace-derived
a2-ep-reverse,39.625000,0,0.000000,213077,208.083008,5.744260,8,4,0.250000,ns-3-ub/scratch/20260929-block24-network-contention/cases/a2-ep-reverse/runlog/QueueTrace_node_8_port_4.tr,ns3-simulated/trace-derived
a2-ep-reverse,39.875000,0,0.000000,213077,208.083008,5.744260,8,4,0.250000,ns-3-ub/scratch/20260929-block24-network-contention/cases/a2-ep-reverse/runlog/QueueTrace_node_8_port_4.tr,ns3-simulated/trace-derived
a2-ep-reverse,40.125000,0,0.000000,213077,208.083008,5.744260,8,4,0.250000,ns-3-ub/scratch/20260929-block24-network-contention/cases/a2-ep-reverse/runlog/QueueTrace_node_8_port_4.tr,ns3-simulated/trace-derived
a2-ep-reverse,40.375000,0,0.000000,213077,208.083008,5.744260,8,4,0.250000,ns-3-ub/scratch/20260929-block24-network-contention/cases/a2-ep-reverse/runlog/QueueTrace_node_8_port_4.tr,ns3-simulated/trace-derived
a2-ep-reverse,40.625000,0,0.000000,213077,208.083008,5.744260,8,4,0.250000,ns-3-ub/scratch/20260929-block24-network-contention/cases/a2-ep-reverse/runlog/QueueTrace_node_8_port_4.tr,ns3-simulated/trace-derived
a2-ep-reverse,40.875000,0,0.000000,213077,208.083008,5.744260,8,4,0.250000,ns-3-ub/scratch/20260929-block24-network-contention/cases/a2-ep-reverse/runlog/QueueTrace_node_8_port_4.tr,ns3-simulated/trace-derived
a2-ep-reverse,41.125000,0,0.000000,213077,208.083008,5.744260,8,4,0.250000,ns-3-ub/scratch/20260929-block24-network-contention/cases/a2-ep-reverse/runlog/QueueTrace_node_8_port_4.tr,ns3-simulated/trace-derived
a2-ep-reverse,41.375000,0,0.000000,213077,208.083008,5.744260,8,4,0.250000,ns-3-ub/scratch/20260929-block24-network-contention/cases/a2-ep-reverse/runlog/QueueTrace_node_8_port_4.tr,ns3-simulated/trace-derived
a2-ep-reverse,41.625000,0,0.000000,213077,208.083008,5.744260,8,4,0.250000,ns-3-ub/scratch/20260929-block24-network-contention/cases/a2-ep-reverse/runlog/QueueTrace_node_8_port_4.tr,ns3-simulated/trace-derived
a2-ep-reverse,41.875000,0,0.000000,213077,208.083008,5.744260,8,4,0.250000,ns-3-ub/scratch/20260929-block24-network-contention/cases/a2-ep-reverse/runlog/QueueTrace_node_8_port_4.tr,ns3-simulated/trace-derived
a2-ep-reverse,42.125000,0,0.000000,213077,208.083008,5.744260,8,4,0.250000,ns-3-ub/scratch/20260929-block24-network-contention/cases/a2-ep-reverse/runlog/QueueTrace_node_8_port_4.tr,ns3-simulated/trace-derived
a2-ep-reverse,42.375000,0,0.000000,213077,208.083008,5.744260,8,4,0.250000,ns-3-ub/scratch/20260929-block24-network-contention/cases/a2-ep-reverse/runlog/QueueTrace_node_8_port_4.tr,ns3-simulated/trace-derived
a2-ep-reverse,42.625000,0,0.000000,213077,208.083008,5.744260,8,4,0.250000,ns-3-ub/scratch/20260929-block24-network-contention/cases/a2-ep-reverse/runlog/QueueTrace_node_8_port_4.tr,ns3-simulated/trace-derived
a2-ep-reverse,42.875000,0,0.000000,213077,208.083008,5.744260,8,4,0.250000,ns-3-ub/scratch/20260929-block24-network-contention/cases/a2-ep-reverse/runlog/QueueTrace_node_8_port_4.tr,ns3-simulated/trace-derived
a2-ep-reverse,43.125000,0,0.000000,213077,208.083008,5.744260,8,4,0.250000,ns-3-ub/scratch/20260929-block24-network-contention/cases/a2-ep-reverse/runlog/QueueTrace_node_8_port_4.tr,ns3-simulated/trace-derived
a2-ep-reverse,43.375000,0,0.000000,213077,208.083008,5.744260,8,4,0.250000,ns-3-ub/scratch/20260929-block24-network-contention/cases/a2-ep-reverse/runlog/QueueTrace_node_8_port_4.tr,ns3-simulated/trace-derived
a2-ep-reverse,43.625000,0,0.000000,213077,208.083008,5.744260,8,4,0.250000,ns-3-ub/scratch/20260929-block24-network-contention/cases/a2-ep-reverse/runlog/QueueTrace_node_8_port_4.tr,ns3-simulated/trace-derived
a2-ep-reverse,43.875000,0,0.000000,213077,208.083008,5.744260,8,4,0.250000,ns-3-ub/scratch/20260929-block24-network-contention/cases/a2-ep-reverse/runlog/QueueTrace_node_8_port_4.tr,ns3-simulated/trace-derived
a2-ep-reverse,44.125000,0,0.000000,213077,208.083008,5.744260,8,4,0.250000,ns-3-ub/scratch/20260929-block24-network-contention/cases/a2-ep-reverse/runlog/QueueTrace_node_8_port_4.tr,ns3-simulated/trace-derived
a2-ep-reverse,44.375000,0,0.000000,213077,208.083008,5.744260,8,4,0.250000,ns-3-ub/scratch/20260929-block24-network-contention/cases/a2-ep-reverse/runlog/QueueTrace_node_8_port_4.tr,ns3-simulated/trace-derived
a2-ep-reverse,44.625000,0,0.000000,213077,208.083008,5.744260,8,4,0.250000,ns-3-ub/scratch/20260929-block24-network-contention/cases/a2-ep-reverse/runlog/QueueTrace_node_8_port_4.tr,ns3-simulated/trace-derived
a2-ep-reverse,44.875000,0,0.000000,213077,208.083008,5.744260,8,4,0.250000,ns-3-ub/scratch/20260929-block24-network-contention/cases/a2-ep-reverse/runlog/QueueTrace_node_8_port_4.tr,ns3-simulated/trace-derived
a2-ep-reverse,45.125000,0,0.000000,213077,208.083008,5.744260,8,4,0.250000,ns-3-ub/scratch/20260929-block24-network-contention/cases/a2-ep-reverse/runlog/QueueTrace_node_8_port_4.tr,ns3-simulated/trace-derived
a2-ep-reverse,45.375000,0,0.000000,213077,208.083008,5.744260,8,4,0.250000,ns-3-ub/scratch/20260929-block24-network-contention/cases/a2-ep-reverse/runlog/QueueTrace_node_8_port_4.tr,ns3-simulated/trace-derived
a2-ep-reverse,45.625000,0,0.000000,213077,208.083008,5.744260,8,4,0.250000,ns-3-ub/scratch/20260929-block24-network-contention/cases/a2-ep-reverse/runlog/QueueTrace_node_8_port_4.tr,ns3-simulated/trace-derived
a2-ep-reverse,45.875000,0,0.000000,213077,208.083008,5.744260,8,4,0.250000,ns-3-ub/scratch/20260929-block24-network-contention/cases/a2-ep-reverse/runlog/QueueTrace_node_8_port_4.tr,ns3-simulated/trace-derived
a2-ep-reverse,46.125000,0,0.000000,213077,208.083008,5.744260,8,4,0.250000,ns-3-ub/scratch/20260929-block24-network-contention/cases/a2-ep-reverse/runlog/QueueTrace_node_8_port_4.tr,ns3-simulated/trace-derived
a2-ep-reverse,46.375000,0,0.000000,213077,208.083008,5.744260,8,4,0.250000,ns-3-ub/scratch/20260929-block24-network-contention/cases/a2-ep-reverse/runlog/QueueTrace_node_8_port_4.tr,ns3-simulated/trace-derived
a2-ep-reverse,46.625000,0,0.000000,213077,208.083008,5.744260,8,4,0.250000,ns-3-ub/scratch/20260929-block24-network-contention/cases/a2-ep-reverse/runlog/QueueTrace_node_8_port_4.tr,ns3-simulated/trace-derived
a2-ep-reverse,46.875000,0,0.000000,213077,208.083008,5.744260,8,4,0.250000,ns-3-ub/scratch/20260929-block24-network-contention/cases/a2-ep-reverse/runlog/QueueTrace_node_8_port_4.tr,ns3-simulated/trace-derived
a2-ep-reverse,47.125000,0,0.000000,213077,208.083008,5.744260,8,4,0.250000,ns-3-ub/scratch/20260929-block24-network-contention/cases/a2-ep-reverse/runlog/QueueTrace_node_8_port_4.tr,ns3-simulated/trace-derived
a2-ep-reverse,47.375000,0,0.000000,213077,208.083008,5.744260,8,4,0.250000,ns-3-ub/scratch/20260929-block24-network-contention/cases/a2-ep-reverse/runlog/QueueTrace_node_8_port_4.tr,ns3-simulated/trace-derived
a2-ep-reverse,47.625000,0,0.000000,213077,208.083008,5.744260,8,4,0.250000,ns-3-ub/scratch/20260929-block24-network-contention/cases/a2-ep-reverse/runlog/QueueTrace_node_8_port_4.tr,ns3-simulated/trace-derived
a2-ep-reverse,47.875000,0,0.000000,213077,208.083008,5.744260,8,4,0.250000,ns-3-ub/scratch/20260929-block24-network-contention/cases/a2-ep-reverse/runlog/QueueTrace_node_8_port_4.tr,ns3-simulated/trace-derived
a2-ep-reverse,48.125000,0,0.000000,213077,208.083008,5.744260,8,4,0.250000,ns-3-ub/scratch/20260929-block24-network-contention/cases/a2-ep-reverse/runlog/QueueTrace_node_8_port_4.tr,ns3-simulated/trace-derived
a2-ep-reverse,48.375000,0,0.000000,213077,208.083008,5.744260,8,4,0.250000,ns-3-ub/scratch/20260929-block24-network-contention/cases/a2-ep-reverse/runlog/QueueTrace_node_8_port_4.tr,ns3-simulated/trace-derived
a2-ep-reverse,48.625000,0,0.000000,213077,208.083008,5.744260,8,4,0.250000,ns-3-ub/scratch/20260929-block24-network-contention/cases/a2-ep-reverse/runlog/QueueTrace_node_8_port_4.tr,ns3-simulated/trace-derived
a2-ep-reverse,48.875000,0,0.000000,213077,208.083008,5.744260,8,4,0.250000,ns-3-ub/scratch/20260929-block24-network-contention/cases/a2-ep-reverse/runlog/QueueTrace_node_8_port_4.tr,ns3-simulated/trace-derived
a2-ep-reverse,49.125000,0,0.000000,213077,208.083008,5.744260,8,4,0.250000,ns-3-ub/scratch/20260929-block24-network-contention/cases/a2-ep-reverse/runlog/QueueTrace_node_8_port_4.tr,ns3-simulated/trace-derived
a2-ep-reverse,49.375000,0,0.000000,213077,208.083008,5.744260,8,4,0.250000,ns-3-ub/scratch/20260929-block24-network-contention/cases/a2-ep-reverse/runlog/QueueTrace_node_8_port_4.tr,ns3-simulated/trace-derived
a2-ep-reverse,49.625000,0,0.000000,213077,208.083008,5.744260,8,4,0.250000,ns-3-ub/scratch/20260929-block24-network-contention/cases/a2-ep-reverse/runlog/QueueTrace_node_8_port_4.tr,ns3-simulated/trace-derived
a2-ep-reverse,49.875000,0,0.000000,213077,208.083008,5.744260,8,4,0.250000,ns-3-ub/scratch/20260929-block24-network-contention/cases/a2-ep-reverse/runlog/QueueTrace_node_8_port_4.tr,ns3-simulated/trace-derived
a2-ep-reverse,50.125000,0,0.000000,213077,208.083008,5.744260,8,4,0.250000,ns-3-ub/scratch/20260929-block24-network-contention/cases/a2-ep-reverse/runlog/QueueTrace_node_8_port_4.tr,ns3-simulated/trace-derived
a2-ep-reverse,50.375000,0,0.000000,213077,208.083008,5.744260,8,4,0.250000,ns-3-ub/scratch/20260929-block24-network-contention/cases/a2-ep-reverse/runlog/QueueTrace_node_8_port_4.tr,ns3-simulated/trace-derived
a2-ep-reverse,50.625000,0,0.000000,213077,208.083008,5.744260,8,4,0.250000,ns-3-ub/scratch/20260929-block24-network-contention/cases/a2-ep-reverse/runlog/QueueTrace_node_8_port_4.tr,ns3-simulated/trace-derived
a2-ep-reverse,50.875000,0,0.000000,213077,208.083008,5.744260,8,4,0.250000,ns-3-ub/scratch/20260929-block24-network-contention/cases/a2-ep-reverse/runlog/QueueTrace_node_8_port_4.tr,ns3-simulated/trace-derived
a2-ep-reverse,51.125000,0,0.000000,213077,208.083008,5.744260,8,4,0.250000,ns-3-ub/scratch/20260929-block24-network-contention/cases/a2-ep-reverse/runlog/QueueTrace_node_8_port_4.tr,ns3-simulated/trace-derived
a2-ep-reverse,51.375000,0,0.000000,213077,208.083008,5.744260,8,4,0.250000,ns-3-ub/scratch/20260929-block24-network-contention/cases/a2-ep-reverse/runlog/QueueTrace_node_8_port_4.tr,ns3-simulated/trace-derived
a2-ep-reverse,51.625000,0,0.000000,213077,208.083008,5.744260,8,4,0.250000,ns-3-ub/scratch/20260929-block24-network-contention/cases/a2-ep-reverse/runlog/QueueTrace_node_8_port_4.tr,ns3-simulated/trace-derived
a2-ep-reverse,51.875000,0,0.000000,213077,208.083008,5.744260,8,4,0.250000,ns-3-ub/scratch/20260929-block24-network-contention/cases/a2-ep-reverse/runlog/QueueTrace_node_8_port_4.tr,ns3-simulated/trace-derived
a2-ep-reverse,52.125000,0,0.000000,213077,208.083008,5.744260,8,4,0.250000,ns-3-ub/scratch/20260929-block24-network-contention/cases/a2-ep-reverse/runlog/QueueTrace_node_8_port_4.tr,ns3-simulated/trace-derived
a2-ep-reverse,52.375000,0,0.000000,213077,208.083008,5.744260,8,4,0.250000,ns-3-ub/scratch/20260929-block24-network-contention/cases/a2-ep-reverse/runlog/QueueTrace_node_8_port_4.tr,ns3-simulated/trace-derived
a2-ep-reverse,52.625000,0,0.000000,213077,208.083008,5.744260,8,4,0.250000,ns-3-ub/scratch/20260929-block24-network-contention/cases/a2-ep-reverse/runlog/QueueTrace_node_8_port_4.tr,ns3-simulated/trace-derived
a2-ep-reverse,52.875000,0,0.000000,213077,208.083008,5.744260,8,4,0.250000,ns-3-ub/scratch/20260929-block24-network-contention/cases/a2-ep-reverse/runlog/QueueTrace_node_8_port_4.tr,ns3-simulated/trace-derived
a2-ep-reverse,53.125000,0,0.000000,213077,208.083008,5.744260,8,4,0.250000,ns-3-ub/scratch/20260929-block24-network-contention/cases/a2-ep-reverse/runlog/QueueTrace_node_8_port_4.tr,ns3-simulated/trace-derived
a2-ep-reverse,53.375000,0,0.000000,213077,208.083008,5.744260,8,4,0.250000,ns-3-ub/scratch/20260929-block24-network-contention/cases/a2-ep-reverse/runlog/QueueTrace_node_8_port_4.tr,ns3-simulated/trace-derived
a2-ep-reverse,53.625000,0,0.000000,213077,208.083008,5.744260,8,4,0.250000,ns-3-ub/scratch/20260929-block24-network-contention/cases/a2-ep-reverse/runlog/QueueTrace_node_8_port_4.tr,ns3-simulated/trace-derived
a2-ep-reverse,53.875000,0,0.000000,213077,208.083008,5.744260,8,4,0.250000,ns-3-ub/scratch/20260929-block24-network-contention/cases/a2-ep-reverse/runlog/QueueTrace_node_8_port_4.tr,ns3-simulated/trace-derived
a2-ep-reverse,54.125000,0,0.000000,213077,208.083008,5.744260,8,4,0.250000,ns-3-ub/scratch/20260929-block24-network-contention/cases/a2-ep-reverse/runlog/QueueTrace_node_8_port_4.tr,ns3-simulated/trace-derived
a2-ep-reverse,54.375000,0,0.000000,213077,208.083008,5.744260,8,4,0.250000,ns-3-ub/scratch/20260929-block24-network-contention/cases/a2-ep-reverse/runlog/QueueTrace_node_8_port_4.tr,ns3-simulated/trace-derived
a2-ep-reverse,54.625000,0,0.000000,213077,208.083008,5.744260,8,4,0.250000,ns-3-ub/scratch/20260929-block24-network-contention/cases/a2-ep-reverse/runlog/QueueTrace_node_8_port_4.tr,ns3-simulated/trace-derived
a2-ep-reverse,54.875000,0,0.000000,213077,208.083008,5.744260,8,4,0.250000,ns-3-ub/scratch/20260929-block24-network-contention/cases/a2-ep-reverse/runlog/QueueTrace_node_8_port_4.tr,ns3-simulated/trace-derived
a2-ep-reverse,55.125000,0,0.000000,213077,208.083008,5.744260,8,4,0.250000,ns-3-ub/scratch/20260929-block24-network-contention/cases/a2-ep-reverse/runlog/QueueTrace_node_8_port_4.tr,ns3-simulated/trace-derived
a2-ep-reverse,55.375000,0,0.000000,213077,208.083008,5.744260,8,4,0.250000,ns-3-ub/scratch/20260929-block24-network-contention/cases/a2-ep-reverse/runlog/QueueTrace_node_8_port_4.tr,ns3-simulated/trace-derived
a2-ep-reverse,55.625000,0,0.000000,213077,208.083008,5.744260,8,4,0.250000,ns-3-ub/scratch/20260929-block24-network-contention/cases/a2-ep-reverse/runlog/QueueTrace_node_8_port_4.tr,ns3-simulated/trace-derived
a2-ep-reverse,55.875000,0,0.000000,213077,208.083008,5.744260,8,4,0.250000,ns-3-ub/scratch/20260929-block24-network-contention/cases/a2-ep-reverse/runlog/QueueTrace_node_8_port_4.tr,ns3-simulated/trace-derived
a2-ep-reverse,56.125000,0,0.000000,213077,208.083008,5.744260,8,4,0.250000,ns-3-ub/scratch/20260929-block24-network-contention/cases/a2-ep-reverse/runlog/QueueTrace_node_8_port_4.tr,ns3-simulated/trace-derived
a2-ep-reverse,56.375000,0,0.000000,213077,208.083008,5.744260,8,4,0.250000,ns-3-ub/scratch/20260929-block24-network-contention/cases/a2-ep-reverse/runlog/QueueTrace_node_8_port_4.tr,ns3-simulated/trace-derived
a2-ep-reverse,56.625000,0,0.000000,213077,208.083008,5.744260,8,4,0.250000,ns-3-ub/scratch/20260929-block24-network-contention/cases/a2-ep-reverse/runlog/QueueTrace_node_8_port_4.tr,ns3-simulated/trace-derived
a2-ep-reverse,56.875000,0,0.000000,213077,208.083008,5.744260,8,4,0.250000,ns-3-ub/scratch/20260929-block24-network-contention/cases/a2-ep-reverse/runlog/QueueTrace_node_8_port_4.tr,ns3-simulated/trace-derived
a2-ep-reverse,57.125000,0,0.000000,213077,208.083008,5.744260,8,4,0.250000,ns-3-ub/scratch/20260929-block24-network-contention/cases/a2-ep-reverse/runlog/QueueTrace_node_8_port_4.tr,ns3-simulated/trace-derived
a2-ep-reverse,57.375000,0,0.000000,213077,208.083008,5.744260,8,4,0.250000,ns-3-ub/scratch/20260929-block24-network-contention/cases/a2-ep-reverse/runlog/QueueTrace_node_8_port_4.tr,ns3-simulated/trace-derived
a2-ep-reverse,57.625000,0,0.000000,213077,208.083008,5.744260,8,4,0.250000,ns-3-ub/scratch/20260929-block24-network-contention/cases/a2-ep-reverse/runlog/QueueTrace_node_8_port_4.tr,ns3-simulated/trace-derived
a2-ep-reverse,57.875000,0,0.000000,213077,208.083008,5.744260,8,4,0.250000,ns-3-ub/scratch/20260929-block24-network-contention/cases/a2-ep-reverse/runlog/QueueTrace_node_8_port_4.tr,ns3-simulated/trace-derived
a2-ep-reverse,58.125000,0,0.000000,213077,208.083008,5.744260,8,4,0.250000,ns-3-ub/scratch/20260929-block24-network-contention/cases/a2-ep-reverse/runlog/QueueTrace_node_8_port_4.tr,ns3-simulated/trace-derived
a2-ep-reverse,58.375000,0,0.000000,213077,208.083008,5.744260,8,4,0.250000,ns-3-ub/scratch/20260929-block24-network-contention/cases/a2-ep-reverse/runlog/QueueTrace_node_8_port_4.tr,ns3-simulated/trace-derived
a2-ep-reverse,58.625000,0,0.000000,213077,208.083008,5.744260,8,4,0.250000,ns-3-ub/scratch/20260929-block24-network-contention/cases/a2-ep-reverse/runlog/QueueTrace_node_8_port_4.tr,ns3-simulated/trace-derived
a2-ep-reverse,58.875000,0,0.000000,213077,208.083008,5.744260,8,4,0.250000,ns-3-ub/scratch/20260929-block24-network-contention/cases/a2-ep-reverse/runlog/QueueTrace_node_8_port_4.tr,ns3-simulated/trace-derived
a2-ep-reverse,59.125000,0,0.000000,213077,208.083008,5.744260,8,4,0.250000,ns-3-ub/scratch/20260929-block24-network-contention/cases/a2-ep-reverse/runlog/QueueTrace_node_8_port_4.tr,ns3-simulated/trace-derived
a2-ep-reverse,59.375000,0,0.000000,213077,208.083008,5.744260,8,4,0.250000,ns-3-ub/scratch/20260929-block24-network-contention/cases/a2-ep-reverse/runlog/QueueTrace_node_8_port_4.tr,ns3-simulated/trace-derived
a2-ep-reverse,59.625000,0,0.000000,213077,208.083008,5.744260,8,4,0.250000,ns-3-ub/scratch/20260929-block24-network-contention/cases/a2-ep-reverse/runlog/QueueTrace_node_8_port_4.tr,ns3-simulated/trace-derived
a2-ep-reverse,59.875000,0,0.000000,213077,208.083008,5.744260,8,4,0.250000,ns-3-ub/scratch/20260929-block24-network-contention/cases/a2-ep-reverse/runlog/QueueTrace_node_8_port_4.tr,ns3-simulated/trace-derived
a2-ep-reverse,60.125000,0,0.000000,213077,208.083008,5.744260,8,4,0.250000,ns-3-ub/scratch/20260929-block24-network-contention/cases/a2-ep-reverse/runlog/QueueTrace_node_8_port_4.tr,ns3-simulated/trace-derived
a2-ep-reverse,60.375000,0,0.000000,213077,208.083008,5.744260,8,4,0.250000,ns-3-ub/scratch/20260929-block24-network-contention/cases/a2-ep-reverse/runlog/QueueTrace_node_8_port_4.tr,ns3-simulated/trace-derived
a2-ep-reverse,60.625000,0,0.000000,213077,208.083008,5.744260,8,4,0.250000,ns-3-ub/scratch/20260929-block24-network-contention/cases/a2-ep-reverse/runlog/QueueTrace_node_8_port_4.tr,ns3-simulated/trace-derived
a2-ep-reverse,60.875000,0,0.000000,213077,208.083008,5.744260,8,4,0.250000,ns-3-ub/scratch/20260929-block24-network-contention/cases/a2-ep-reverse/runlog/QueueTrace_node_8_port_4.tr,ns3-simulated/trace-derived
a2-ep-reverse,61.125000,0,0.000000,213077,208.083008,5.744260,8,4,0.250000,ns-3-ub/scratch/20260929-block24-network-contention/cases/a2-ep-reverse/runlog/QueueTrace_node_8_port_4.tr,ns3-simulated/trace-derived
a2-ep-reverse,61.375000,0,0.000000,213077,208.083008,5.744260,8,4,0.250000,ns-3-ub/scratch/20260929-block24-network-contention/cases/a2-ep-reverse/runlog/QueueTrace_node_8_port_4.tr,ns3-simulated/trace-derived
a2-ep-reverse,61.625000,0,0.000000,213077,208.083008,5.744260,8,4,0.250000,ns-3-ub/scratch/20260929-block24-network-contention/cases/a2-ep-reverse/runlog/QueueTrace_node_8_port_4.tr,ns3-simulated/trace-derived
a2-ep-reverse,61.875000,0,0.000000,213077,208.083008,5.744260,8,4,0.250000,ns-3-ub/scratch/20260929-block24-network-contention/cases/a2-ep-reverse/runlog/QueueTrace_node_8_port_4.tr,ns3-simulated/trace-derived
a2-ep-reverse,62.125000,0,0.000000,213077,208.083008,5.744260,8,4,0.250000,ns-3-ub/scratch/20260929-block24-network-contention/cases/a2-ep-reverse/runlog/QueueTrace_node_8_port_4.tr,ns3-simulated/trace-derived
a2-ep-reverse,62.375000,0,0.000000,213077,208.083008,5.744260,8,4,0.250000,ns-3-ub/scratch/20260929-block24-network-contention/cases/a2-ep-reverse/runlog/QueueTrace_node_8_port_4.tr,ns3-simulated/trace-derived
a2-ep-reverse,62.625000,0,0.000000,213077,208.083008,5.744260,8,4,0.250000,ns-3-ub/scratch/20260929-block24-network-contention/cases/a2-ep-reverse/runlog/QueueTrace_node_8_port_4.tr,ns3-simulated/trace-derived
a2-ep-reverse,62.875000,0,0.000000,213077,208.083008,5.744260,8,4,0.250000,ns-3-ub/scratch/20260929-block24-network-contention/cases/a2-ep-reverse/runlog/QueueTrace_node_8_port_4.tr,ns3-simulated/trace-derived
a2-ep-reverse,63.125000,0,0.000000,213077,208.083008,5.744260,8,4,0.250000,ns-3-ub/scratch/20260929-block24-network-contention/cases/a2-ep-reverse/runlog/QueueTrace_node_8_port_4.tr,ns3-simulated/trace-derived
a2-ep-reverse,63.375000,0,0.000000,213077,208.083008,5.744260,8,4,0.250000,ns-3-ub/scratch/20260929-block24-network-contention/cases/a2-ep-reverse/runlog/QueueTrace_node_8_port_4.tr,ns3-simulated/trace-derived
a2-ep-reverse,63.625000,0,0.000000,213077,208.083008,5.744260,8,4,0.250000,ns-3-ub/scratch/20260929-block24-network-contention/cases/a2-ep-reverse/runlog/QueueTrace_node_8_port_4.tr,ns3-simulated/trace-derived
a2-ep-reverse,63.875000,0,0.000000,213077,208.083008,5.744260,8,4,0.250000,ns-3-ub/scratch/20260929-block24-network-contention/cases/a2-ep-reverse/runlog/QueueTrace_node_8_port_4.tr,ns3-simulated/trace-derived
a2-ep-reverse,64.125000,0,0.000000,213077,208.083008,5.744260,8,4,0.250000,ns-3-ub/scratch/20260929-block24-network-contention/cases/a2-ep-reverse/runlog/QueueTrace_node_8_port_4.tr,ns3-simulated/trace-derived
a2-ep-reverse,64.375000,0,0.000000,213077,208.083008,5.744260,8,4,0.250000,ns-3-ub/scratch/20260929-block24-network-contention/cases/a2-ep-reverse/runlog/QueueTrace_node_8_port_4.tr,ns3-simulated/trace-derived
a2-ep-reverse,64.625000,0,0.000000,213077,208.083008,5.744260,8,4,0.250000,ns-3-ub/scratch/20260929-block24-network-contention/cases/a2-ep-reverse/runlog/QueueTrace_node_8_port_4.tr,ns3-simulated/trace-derived
a2-ep-reverse,64.875000,0,0.000000,213077,208.083008,5.744260,8,4,0.250000,ns-3-ub/scratch/20260929-block24-network-contention/cases/a2-ep-reverse/runlog/QueueTrace_node_8_port_4.tr,ns3-simulated/trace-derived
a2-ep-reverse,65.125000,0,0.000000,213077,208.083008,5.744260,8,4,0.250000,ns-3-ub/scratch/20260929-block24-network-contention/cases/a2-ep-reverse/runlog/QueueTrace_node_8_port_4.tr,ns3-simulated/trace-derived
a2-ep-reverse,65.375000,0,0.000000,213077,208.083008,5.744260,8,4,0.250000,ns-3-ub/scratch/20260929-block24-network-contention/cases/a2-ep-reverse/runlog/QueueTrace_node_8_port_4.tr,ns3-simulated/trace-derived
a2-ep-reverse,65.625000,0,0.000000,213077,208.083008,5.744260,8,4,0.250000,ns-3-ub/scratch/20260929-block24-network-contention/cases/a2-ep-reverse/runlog/QueueTrace_node_8_port_4.tr,ns3-simulated/trace-derived
a2-ep-reverse,65.875000,0,0.000000,213077,208.083008,5.744260,8,4,0.250000,ns-3-ub/scratch/20260929-block24-network-contention/cases/a2-ep-reverse/runlog/QueueTrace_node_8_port_4.tr,ns3-simulated/trace-derived
a2-ep-reverse,66.125000,0,0.000000,213077,208.083008,5.744260,8,4,0.250000,ns-3-ub/scratch/20260929-block24-network-contention/cases/a2-ep-reverse/runlog/QueueTrace_node_8_port_4.tr,ns3-simulated/trace-derived
a2-ep-reverse,66.375000,0,0.000000,213077,208.083008,5.744260,8,4,0.250000,ns-3-ub/scratch/20260929-block24-network-contention/cases/a2-ep-reverse/runlog/QueueTrace_node_8_port_4.tr,ns3-simulated/trace-derived
a2-ep-reverse,66.625000,0,0.000000,213077,208.083008,5.744260,8,4,0.250000,ns-3-ub/scratch/20260929-block24-network-contention/cases/a2-ep-reverse/runlog/QueueTrace_node_8_port_4.tr,ns3-simulated/trace-derived
a2-ep-reverse,66.875000,0,0.000000,213077,208.083008,5.744260,8,4,0.250000,ns-3-ub/scratch/20260929-block24-network-contention/cases/a2-ep-reverse/runlog/QueueTrace_node_8_port_4.tr,ns3-simulated/trace-derived
a2-ep-reverse,67.125000,0,0.000000,213077,208.083008,5.744260,8,4,0.250000,ns-3-ub/scratch/20260929-block24-network-contention/cases/a2-ep-reverse/runlog/QueueTrace_node_8_port_4.tr,ns3-simulated/trace-derived
a2-ep-reverse,67.375000,0,0.000000,213077,208.083008,5.744260,8,4,0.250000,ns-3-ub/scratch/20260929-block24-network-contention/cases/a2-ep-reverse/runlog/QueueTrace_node_8_port_4.tr,ns3-simulated/trace-derived
a2-ep-reverse,67.625000,0,0.000000,213077,208.083008,5.744260,8,4,0.250000,ns-3-ub/scratch/20260929-block24-network-contention/cases/a2-ep-reverse/runlog/QueueTrace_node_8_port_4.tr,ns3-simulated/trace-derived
a2-ep-reverse,67.875000,0,0.000000,213077,208.083008,5.744260,8,4,0.250000,ns-3-ub/scratch/20260929-block24-network-contention/cases/a2-ep-reverse/runlog/QueueTrace_node_8_port_4.tr,ns3-simulated/trace-derived
a2-ep-reverse,68.125000,0,0.000000,213077,208.083008,5.744260,8,4,0.250000,ns-3-ub/scratch/20260929-block24-network-contention/cases/a2-ep-reverse/runlog/QueueTrace_node_8_port_4.tr,ns3-simulated/trace-derived
a2-ep-reverse,68.375000,0,0.000000,213077,208.083008,5.744260,8,4,0.250000,ns-3-ub/scratch/20260929-block24-network-contention/cases/a2-ep-reverse/runlog/QueueTrace_node_8_port_4.tr,ns3-simulated/trace-derived
a2-ep-reverse,68.625000,0,0.000000,213077,208.083008,5.744260,8,4,0.250000,ns-3-ub/scratch/20260929-block24-network-contention/cases/a2-ep-reverse/runlog/QueueTrace_node_8_port_4.tr,ns3-simulated/trace-derived
a2-ep-reverse,68.875000,0,0.000000,213077,208.083008,5.744260,8,4,0.250000,ns-3-ub/scratch/20260929-block24-network-contention/cases/a2-ep-reverse/runlog/QueueTrace_node_8_port_4.tr,ns3-simulated/trace-derived
a2-ep-reverse,69.125000,0,0.000000,213077,208.083008,5.744260,8,4,0.250000,ns-3-ub/scratch/20260929-block24-network-contention/cases/a2-ep-reverse/runlog/QueueTrace_node_8_port_4.tr,ns3-simulated/trace-derived
a2-ep-reverse,69.375000,0,0.000000,213077,208.083008,5.744260,8,4,0.250000,ns-3-ub/scratch/20260929-block24-network-contention/cases/a2-ep-reverse/runlog/QueueTrace_node_8_port_4.tr,ns3-simulated/trace-derived
a2-ep-reverse,69.625000,0,0.000000,213077,208.083008,5.744260,8,4,0.250000,ns-3-ub/scratch/20260929-block24-network-contention/cases/a2-ep-reverse/runlog/QueueTrace_node_8_port_4.tr,ns3-simulated/trace-derived
a2-ep-reverse,69.875000,0,0.000000,213077,208.083008,5.744260,8,4,0.250000,ns-3-ub/scratch/20260929-block24-network-contention/cases/a2-ep-reverse/runlog/QueueTrace_node_8_port_4.tr,ns3-simulated/trace-derived
a3-ep-kv,0.125000,4174,4.076172,684598,668.552734,10.780500,8,4,0.250000,ns-3-ub/scratch/20260929-block24-network-contention/cases/a3-ep-kv/runlog/QueueTrace_node_8_port_4.tr,ns3-simulated/trace-derived
a3-ep-kv,0.375000,29218,28.533203,684598,668.552734,10.780500,8,4,0.250000,ns-3-ub/scratch/20260929-block24-network-contention/cases/a3-ep-kv/runlog/QueueTrace_node_8_port_4.tr,ns3-simulated/trace-derived
a3-ep-kv,0.625000,50088,48.914062,684598,668.552734,10.780500,8,4,0.250000,ns-3-ub/scratch/20260929-block24-network-contention/cases/a3-ep-kv/runlog/QueueTrace_node_8_port_4.tr,ns3-simulated/trace-derived
a3-ep-kv,0.875000,70958,69.294922,684598,668.552734,10.780500,8,4,0.250000,ns-3-ub/scratch/20260929-block24-network-contention/cases/a3-ep-kv/runlog/QueueTrace_node_8_port_4.tr,ns3-simulated/trace-derived
a3-ep-kv,1.125000,91828,89.675781,684598,668.552734,10.780500,8,4,0.250000,ns-3-ub/scratch/20260929-block24-network-contention/cases/a3-ep-kv/runlog/QueueTrace_node_8_port_4.tr,ns3-simulated/trace-derived
a3-ep-kv,1.375000,116872,114.132812,684598,668.552734,10.780500,8,4,0.250000,ns-3-ub/scratch/20260929-block24-network-contention/cases/a3-ep-kv/runlog/QueueTrace_node_8_port_4.tr,ns3-simulated/trace-derived
a3-ep-kv,1.625000,137742,134.513672,684598,668.552734,10.780500,8,4,0.250000,ns-3-ub/scratch/20260929-block24-network-contention/cases/a3-ep-kv/runlog/QueueTrace_node_8_port_4.tr,ns3-simulated/trace-derived
a3-ep-kv,1.875000,158612,154.894531,684598,668.552734,10.780500,8,4,0.250000,ns-3-ub/scratch/20260929-block24-network-contention/cases/a3-ep-kv/runlog/QueueTrace_node_8_port_4.tr,ns3-simulated/trace-derived
a3-ep-kv,2.125000,179482,175.275391,684598,668.552734,10.780500,8,4,0.250000,ns-3-ub/scratch/20260929-block24-network-contention/cases/a3-ep-kv/runlog/QueueTrace_node_8_port_4.tr,ns3-simulated/trace-derived
a3-ep-kv,2.375000,204526,199.732422,684598,668.552734,10.780500,8,4,0.250000,ns-3-ub/scratch/20260929-block24-network-contention/cases/a3-ep-kv/runlog/QueueTrace_node_8_port_4.tr,ns3-simulated/trace-derived
a3-ep-kv,2.625000,225396,220.113281,684598,668.552734,10.780500,8,4,0.250000,ns-3-ub/scratch/20260929-block24-network-contention/cases/a3-ep-kv/runlog/QueueTrace_node_8_port_4.tr,ns3-simulated/trace-derived
a3-ep-kv,2.875000,246266,240.494141,684598,668.552734,10.780500,8,4,0.250000,ns-3-ub/scratch/20260929-block24-network-contention/cases/a3-ep-kv/runlog/QueueTrace_node_8_port_4.tr,ns3-simulated/trace-derived
a3-ep-kv,3.125000,267136,260.875000,684598,668.552734,10.780500,8,4,0.250000,ns-3-ub/scratch/20260929-block24-network-contention/cases/a3-ep-kv/runlog/QueueTrace_node_8_port_4.tr,ns3-simulated/trace-derived
a3-ep-kv,3.375000,292180,285.332031,684598,668.552734,10.780500,8,4,0.250000,ns-3-ub/scratch/20260929-block24-network-contention/cases/a3-ep-kv/runlog/QueueTrace_node_8_port_4.tr,ns3-simulated/trace-derived
a3-ep-kv,3.625000,313050,305.712891,684598,668.552734,10.780500,8,4,0.250000,ns-3-ub/scratch/20260929-block24-network-contention/cases/a3-ep-kv/runlog/QueueTrace_node_8_port_4.tr,ns3-simulated/trace-derived
a3-ep-kv,3.875000,333920,326.093750,684598,668.552734,10.780500,8,4,0.250000,ns-3-ub/scratch/20260929-block24-network-contention/cases/a3-ep-kv/runlog/QueueTrace_node_8_port_4.tr,ns3-simulated/trace-derived
a3-ep-kv,4.125000,354790,346.474609,684598,668.552734,10.780500,8,4,0.250000,ns-3-ub/scratch/20260929-block24-network-contention/cases/a3-ep-kv/runlog/QueueTrace_node_8_port_4.tr,ns3-simulated/trace-derived
a3-ep-kv,4.375000,379834,370.931641,684598,668.552734,10.780500,8,4,0.250000,ns-3-ub/scratch/20260929-block24-network-contention/cases/a3-ep-kv/runlog/QueueTrace_node_8_port_4.tr,ns3-simulated/trace-derived
a3-ep-kv,4.625000,400704,391.312500,684598,668.552734,10.780500,8,4,0.250000,ns-3-ub/scratch/20260929-block24-network-contention/cases/a3-ep-kv/runlog/QueueTrace_node_8_port_4.tr,ns3-simulated/trace-derived
a3-ep-kv,4.875000,421574,411.693359,684598,668.552734,10.780500,8,4,0.250000,ns-3-ub/scratch/20260929-block24-network-contention/cases/a3-ep-kv/runlog/QueueTrace_node_8_port_4.tr,ns3-simulated/trace-derived
a3-ep-kv,5.125000,442444,432.074219,684598,668.552734,10.780500,8,4,0.250000,ns-3-ub/scratch/20260929-block24-network-contention/cases/a3-ep-kv/runlog/QueueTrace_node_8_port_4.tr,ns3-simulated/trace-derived
a3-ep-kv,5.375000,467488,456.531250,684598,668.552734,10.780500,8,4,0.250000,ns-3-ub/scratch/20260929-block24-network-contention/cases/a3-ep-kv/runlog/QueueTrace_node_8_port_4.tr,ns3-simulated/trace-derived
a3-ep-kv,5.625000,488358,476.912109,684598,668.552734,10.780500,8,4,0.250000,ns-3-ub/scratch/20260929-block24-network-contention/cases/a3-ep-kv/runlog/QueueTrace_node_8_port_4.tr,ns3-simulated/trace-derived
a3-ep-kv,5.875000,500880,489.140625,684598,668.552734,10.780500,8,4,0.250000,ns-3-ub/scratch/20260929-block24-network-contention/cases/a3-ep-kv/runlog/QueueTrace_node_8_port_4.tr,ns3-simulated/trace-derived
a3-ep-kv,6.125000,513402,501.369141,684598,668.552734,10.780500,8,4,0.250000,ns-3-ub/scratch/20260929-block24-network-contention/cases/a3-ep-kv/runlog/QueueTrace_node_8_port_4.tr,ns3-simulated/trace-derived
a3-ep-kv,6.375000,521750,509.521484,684598,668.552734,10.780500,8,4,0.250000,ns-3-ub/scratch/20260929-block24-network-contention/cases/a3-ep-kv/runlog/QueueTrace_node_8_port_4.tr,ns3-simulated/trace-derived
a3-ep-kv,6.625000,530098,517.673828,684598,668.552734,10.780500,8,4,0.250000,ns-3-ub/scratch/20260929-block24-network-contention/cases/a3-ep-kv/runlog/QueueTrace_node_8_port_4.tr,ns3-simulated/trace-derived
a3-ep-kv,6.875000,538446,525.826172,684598,668.552734,10.780500,8,4,0.250000,ns-3-ub/scratch/20260929-block24-network-contention/cases/a3-ep-kv/runlog/QueueTrace_node_8_port_4.tr,ns3-simulated/trace-derived
a3-ep-kv,7.125000,550968,538.054688,684598,668.552734,10.780500,8,4,0.250000,ns-3-ub/scratch/20260929-block24-network-contention/cases/a3-ep-kv/runlog/QueueTrace_node_8_port_4.tr,ns3-simulated/trace-derived
a3-ep-kv,7.375000,559316,546.207031,684598,668.552734,10.780500,8,4,0.250000,ns-3-ub/scratch/20260929-block24-network-contention/cases/a3-ep-kv/runlog/QueueTrace_node_8_port_4.tr,ns3-simulated/trace-derived
a3-ep-kv,7.625000,567664,554.359375,684598,668.552734,10.780500,8,4,0.250000,ns-3-ub/scratch/20260929-block24-network-contention/cases/a3-ep-kv/runlog/QueueTrace_node_8_port_4.tr,ns3-simulated/trace-derived
a3-ep-kv,7.875000,576012,562.511719,684598,668.552734,10.780500,8,4,0.250000,ns-3-ub/scratch/20260929-block24-network-contention/cases/a3-ep-kv/runlog/QueueTrace_node_8_port_4.tr,ns3-simulated/trace-derived
a3-ep-kv,8.125000,588534,574.740234,684598,668.552734,10.780500,8,4,0.250000,ns-3-ub/scratch/20260929-block24-network-contention/cases/a3-ep-kv/runlog/QueueTrace_node_8_port_4.tr,ns3-simulated/trace-derived
a3-ep-kv,8.375000,596882,582.892578,684598,668.552734,10.780500,8,4,0.250000,ns-3-ub/scratch/20260929-block24-network-contention/cases/a3-ep-kv/runlog/QueueTrace_node_8_port_4.tr,ns3-simulated/trace-derived
a3-ep-kv,8.625000,605230,591.044922,684598,668.552734,10.780500,8,4,0.250000,ns-3-ub/scratch/20260929-block24-network-contention/cases/a3-ep-kv/runlog/QueueTrace_node_8_port_4.tr,ns3-simulated/trace-derived
a3-ep-kv,8.875000,613578,599.197266,684598,668.552734,10.780500,8,4,0.250000,ns-3-ub/scratch/20260929-block24-network-contention/cases/a3-ep-kv/runlog/QueueTrace_node_8_port_4.tr,ns3-simulated/trace-derived
a3-ep-kv,9.125000,626100,611.425781,684598,668.552734,10.780500,8,4,0.250000,ns-3-ub/scratch/20260929-block24-network-contention/cases/a3-ep-kv/runlog/QueueTrace_node_8_port_4.tr,ns3-simulated/trace-derived
a3-ep-kv,9.375000,634448,619.578125,684598,668.552734,10.780500,8,4,0.250000,ns-3-ub/scratch/20260929-block24-network-contention/cases/a3-ep-kv/runlog/QueueTrace_node_8_port_4.tr,ns3-simulated/trace-derived
a3-ep-kv,9.625000,642796,627.730469,684598,668.552734,10.780500,8,4,0.250000,ns-3-ub/scratch/20260929-block24-network-contention/cases/a3-ep-kv/runlog/QueueTrace_node_8_port_4.tr,ns3-simulated/trace-derived
a3-ep-kv,9.875000,651144,635.882812,684598,668.552734,10.780500,8,4,0.250000,ns-3-ub/scratch/20260929-block24-network-contention/cases/a3-ep-kv/runlog/QueueTrace_node_8_port_4.tr,ns3-simulated/trace-derived
a3-ep-kv,10.125000,663666,648.111328,684598,668.552734,10.780500,8,4,0.250000,ns-3-ub/scratch/20260929-block24-network-contention/cases/a3-ep-kv/runlog/QueueTrace_node_8_port_4.tr,ns3-simulated/trace-derived
a3-ep-kv,10.375000,672014,656.263672,684598,668.552734,10.780500,8,4,0.250000,ns-3-ub/scratch/20260929-block24-network-contention/cases/a3-ep-kv/runlog/QueueTrace_node_8_port_4.tr,ns3-simulated/trace-derived
a3-ep-kv,10.625000,680362,664.416016,684598,668.552734,10.780500,8,4,0.250000,ns-3-ub/scratch/20260929-block24-network-contention/cases/a3-ep-kv/runlog/QueueTrace_node_8_port_4.tr,ns3-simulated/trace-derived
a3-ep-kv,10.875000,680424,664.476562,684598,668.552734,10.780500,8,4,0.250000,ns-3-ub/scratch/20260929-block24-network-contention/cases/a3-ep-kv/runlog/QueueTrace_node_8_port_4.tr,ns3-simulated/trace-derived
a3-ep-kv,11.125000,680486,664.537109,684598,668.552734,10.780500,8,4,0.250000,ns-3-ub/scratch/20260929-block24-network-contention/cases/a3-ep-kv/runlog/QueueTrace_node_8_port_4.tr,ns3-simulated/trace-derived
a3-ep-kv,11.375000,676312,660.460938,684598,668.552734,10.780500,8,4,0.250000,ns-3-ub/scratch/20260929-block24-network-contention/cases/a3-ep-kv/runlog/QueueTrace_node_8_port_4.tr,ns3-simulated/trace-derived
a3-ep-kv,11.625000,672138,656.384766,684598,668.552734,10.780500,8,4,0.250000,ns-3-ub/scratch/20260929-block24-network-contention/cases/a3-ep-kv/runlog/QueueTrace_node_8_port_4.tr,ns3-simulated/trace-derived
a3-ep-kv,11.875000,667964,652.308594,684598,668.552734,10.780500,8,4,0.250000,ns-3-ub/scratch/20260929-block24-network-contention/cases/a3-ep-kv/runlog/QueueTrace_node_8_port_4.tr,ns3-simulated/trace-derived
a3-ep-kv,12.125000,667964,652.308594,684598,668.552734,10.780500,8,4,0.250000,ns-3-ub/scratch/20260929-block24-network-contention/cases/a3-ep-kv/runlog/QueueTrace_node_8_port_4.tr,ns3-simulated/trace-derived
a3-ep-kv,12.375000,663790,648.232422,684598,668.552734,10.780500,8,4,0.250000,ns-3-ub/scratch/20260929-block24-network-contention/cases/a3-ep-kv/runlog/QueueTrace_node_8_port_4.tr,ns3-simulated/trace-derived
a3-ep-kv,12.625000,659616,644.156250,684598,668.552734,10.780500,8,4,0.250000,ns-3-ub/scratch/20260929-block24-network-contention/cases/a3-ep-kv/runlog/QueueTrace_node_8_port_4.tr,ns3-simulated/trace-derived
a3-ep-kv,12.875000,655442,640.080078,684598,668.552734,10.780500,8,4,0.250000,ns-3-ub/scratch/20260929-block24-network-contention/cases/a3-ep-kv/runlog/QueueTrace_node_8_port_4.tr,ns3-simulated/trace-derived
a3-ep-kv,13.125000,655442,640.080078,684598,668.552734,10.780500,8,4,0.250000,ns-3-ub/scratch/20260929-block24-network-contention/cases/a3-ep-kv/runlog/QueueTrace_node_8_port_4.tr,ns3-simulated/trace-derived
a3-ep-kv,13.375000,651268,636.003906,684598,668.552734,10.780500,8,4,0.250000,ns-3-ub/scratch/20260929-block24-network-contention/cases/a3-ep-kv/runlog/QueueTrace_node_8_port_4.tr,ns3-simulated/trace-derived
a3-ep-kv,13.625000,647094,631.927734,684598,668.552734,10.780500,8,4,0.250000,ns-3-ub/scratch/20260929-block24-network-contention/cases/a3-ep-kv/runlog/QueueTrace_node_8_port_4.tr,ns3-simulated/trace-derived
a3-ep-kv,13.875000,642920,627.851562,684598,668.552734,10.780500,8,4,0.250000,ns-3-ub/scratch/20260929-block24-network-contention/cases/a3-ep-kv/runlog/QueueTrace_node_8_port_4.tr,ns3-simulated/trace-derived
a3-ep-kv,14.125000,642920,627.851562,684598,668.552734,10.780500,8,4,0.250000,ns-3-ub/scratch/20260929-block24-network-contention/cases/a3-ep-kv/runlog/QueueTrace_node_8_port_4.tr,ns3-simulated/trace-derived
a3-ep-kv,14.375000,638746,623.775391,684598,668.552734,10.780500,8,4,0.250000,ns-3-ub/scratch/20260929-block24-network-contention/cases/a3-ep-kv/runlog/QueueTrace_node_8_port_4.tr,ns3-simulated/trace-derived
a3-ep-kv,14.625000,634572,619.699219,684598,668.552734,10.780500,8,4,0.250000,ns-3-ub/scratch/20260929-block24-network-contention/cases/a3-ep-kv/runlog/QueueTrace_node_8_port_4.tr,ns3-simulated/trace-derived
a3-ep-kv,14.875000,630398,615.623047,684598,668.552734,10.780500,8,4,0.250000,ns-3-ub/scratch/20260929-block24-network-contention/cases/a3-ep-kv/runlog/QueueTrace_node_8_port_4.tr,ns3-simulated/trace-derived
a3-ep-kv,15.125000,630398,615.623047,684598,668.552734,10.780500,8,4,0.250000,ns-3-ub/scratch/20260929-block24-network-contention/cases/a3-ep-kv/runlog/QueueTrace_node_8_port_4.tr,ns3-simulated/trace-derived
a3-ep-kv,15.375000,626224,611.546875,684598,668.552734,10.780500,8,4,0.250000,ns-3-ub/scratch/20260929-block24-network-contention/cases/a3-ep-kv/runlog/QueueTrace_node_8_port_4.tr,ns3-simulated/trace-derived
a3-ep-kv,15.625000,622050,607.470703,684598,668.552734,10.780500,8,4,0.250000,ns-3-ub/scratch/20260929-block24-network-contention/cases/a3-ep-kv/runlog/QueueTrace_node_8_port_4.tr,ns3-simulated/trace-derived
a3-ep-kv,15.875000,617876,603.394531,684598,668.552734,10.780500,8,4,0.250000,ns-3-ub/scratch/20260929-block24-network-contention/cases/a3-ep-kv/runlog/QueueTrace_node_8_port_4.tr,ns3-simulated/trace-derived
a3-ep-kv,16.125000,617876,603.394531,684598,668.552734,10.780500,8,4,0.250000,ns-3-ub/scratch/20260929-block24-network-contention/cases/a3-ep-kv/runlog/QueueTrace_node_8_port_4.tr,ns3-simulated/trace-derived
a3-ep-kv,16.375000,613702,599.318359,684598,668.552734,10.780500,8,4,0.250000,ns-3-ub/scratch/20260929-block24-network-contention/cases/a3-ep-kv/runlog/QueueTrace_node_8_port_4.tr,ns3-simulated/trace-derived
a3-ep-kv,16.625000,609528,595.242188,684598,668.552734,10.780500,8,4,0.250000,ns-3-ub/scratch/20260929-block24-network-contention/cases/a3-ep-kv/runlog/QueueTrace_node_8_port_4.tr,ns3-simulated/trace-derived
a3-ep-kv,16.875000,605354,591.166016,684598,668.552734,10.780500,8,4,0.250000,ns-3-ub/scratch/20260929-block24-network-contention/cases/a3-ep-kv/runlog/QueueTrace_node_8_port_4.tr,ns3-simulated/trace-derived
a3-ep-kv,17.125000,605354,591.166016,684598,668.552734,10.780500,8,4,0.250000,ns-3-ub/scratch/20260929-block24-network-contention/cases/a3-ep-kv/runlog/QueueTrace_node_8_port_4.tr,ns3-simulated/trace-derived
a3-ep-kv,17.375000,601180,587.089844,684598,668.552734,10.780500,8,4,0.250000,ns-3-ub/scratch/20260929-block24-network-contention/cases/a3-ep-kv/runlog/QueueTrace_node_8_port_4.tr,ns3-simulated/trace-derived
a3-ep-kv,17.625000,597006,583.013672,684598,668.552734,10.780500,8,4,0.250000,ns-3-ub/scratch/20260929-block24-network-contention/cases/a3-ep-kv/runlog/QueueTrace_node_8_port_4.tr,ns3-simulated/trace-derived
a3-ep-kv,17.875000,592832,578.937500,684598,668.552734,10.780500,8,4,0.250000,ns-3-ub/scratch/20260929-block24-network-contention/cases/a3-ep-kv/runlog/QueueTrace_node_8_port_4.tr,ns3-simulated/trace-derived
a3-ep-kv,18.125000,592832,578.937500,684598,668.552734,10.780500,8,4,0.250000,ns-3-ub/scratch/20260929-block24-network-contention/cases/a3-ep-kv/runlog/QueueTrace_node_8_port_4.tr,ns3-simulated/trace-derived
a3-ep-kv,18.375000,588658,574.861328,684598,668.552734,10.780500,8,4,0.250000,ns-3-ub/scratch/20260929-block24-network-contention/cases/a3-ep-kv/runlog/QueueTrace_node_8_port_4.tr,ns3-simulated/trace-derived
a3-ep-kv,18.625000,584484,570.785156,684598,668.552734,10.780500,8,4,0.250000,ns-3-ub/scratch/20260929-block24-network-contention/cases/a3-ep-kv/runlog/QueueTrace_node_8_port_4.tr,ns3-simulated/trace-derived
a3-ep-kv,18.875000,580310,566.708984,684598,668.552734,10.780500,8,4,0.250000,ns-3-ub/scratch/20260929-block24-network-contention/cases/a3-ep-kv/runlog/QueueTrace_node_8_port_4.tr,ns3-simulated/trace-derived
a3-ep-kv,19.125000,580310,566.708984,684598,668.552734,10.780500,8,4,0.250000,ns-3-ub/scratch/20260929-block24-network-contention/cases/a3-ep-kv/runlog/QueueTrace_node_8_port_4.tr,ns3-simulated/trace-derived
a3-ep-kv,19.375000,576136,562.632812,684598,668.552734,10.780500,8,4,0.250000,ns-3-ub/scratch/20260929-block24-network-contention/cases/a3-ep-kv/runlog/QueueTrace_node_8_port_4.tr,ns3-simulated/trace-derived
a3-ep-kv,19.625000,571962,558.556641,684598,668.552734,10.780500,8,4,0.250000,ns-3-ub/scratch/20260929-block24-network-contention/cases/a3-ep-kv/runlog/QueueTrace_node_8_port_4.tr,ns3-simulated/trace-derived
a3-ep-kv,19.875000,567788,554.480469,684598,668.552734,10.780500,8,4,0.250000,ns-3-ub/scratch/20260929-block24-network-contention/cases/a3-ep-kv/runlog/QueueTrace_node_8_port_4.tr,ns3-simulated/trace-derived
a3-ep-kv,20.125000,567788,554.480469,684598,668.552734,10.780500,8,4,0.250000,ns-3-ub/scratch/20260929-block24-network-contention/cases/a3-ep-kv/runlog/QueueTrace_node_8_port_4.tr,ns3-simulated/trace-derived
a3-ep-kv,20.375000,563614,550.404297,684598,668.552734,10.780500,8,4,0.250000,ns-3-ub/scratch/20260929-block24-network-contention/cases/a3-ep-kv/runlog/QueueTrace_node_8_port_4.tr,ns3-simulated/trace-derived
a3-ep-kv,20.625000,559440,546.328125,684598,668.552734,10.780500,8,4,0.250000,ns-3-ub/scratch/20260929-block24-network-contention/cases/a3-ep-kv/runlog/QueueTrace_node_8_port_4.tr,ns3-simulated/trace-derived
a3-ep-kv,20.875000,555266,542.251953,684598,668.552734,10.780500,8,4,0.250000,ns-3-ub/scratch/20260929-block24-network-contention/cases/a3-ep-kv/runlog/QueueTrace_node_8_port_4.tr,ns3-simulated/trace-derived
a3-ep-kv,21.125000,555266,542.251953,684598,668.552734,10.780500,8,4,0.250000,ns-3-ub/scratch/20260929-block24-network-contention/cases/a3-ep-kv/runlog/QueueTrace_node_8_port_4.tr,ns3-simulated/trace-derived
a3-ep-kv,21.375000,551092,538.175781,684598,668.552734,10.780500,8,4,0.250000,ns-3-ub/scratch/20260929-block24-network-contention/cases/a3-ep-kv/runlog/QueueTrace_node_8_port_4.tr,ns3-simulated/trace-derived
a3-ep-kv,21.625000,546980,534.160156,684598,668.552734,10.780500,8,4,0.250000,ns-3-ub/scratch/20260929-block24-network-contention/cases/a3-ep-kv/runlog/QueueTrace_node_8_port_4.tr,ns3-simulated/trace-derived
a3-ep-kv,21.875000,542868,530.144531,684598,668.552734,10.780500,8,4,0.250000,ns-3-ub/scratch/20260929-block24-network-contention/cases/a3-ep-kv/runlog/QueueTrace_node_8_port_4.tr,ns3-simulated/trace-derived
a3-ep-kv,22.125000,542868,530.144531,684598,668.552734,10.780500,8,4,0.250000,ns-3-ub/scratch/20260929-block24-network-contention/cases/a3-ep-kv/runlog/QueueTrace_node_8_port_4.tr,ns3-simulated/trace-derived
a3-ep-kv,22.375000,538694,526.068359,684598,668.552734,10.780500,8,4,0.250000,ns-3-ub/scratch/20260929-block24-network-contention/cases/a3-ep-kv/runlog/QueueTrace_node_8_port_4.tr,ns3-simulated/trace-derived
a3-ep-kv,22.625000,534520,521.992188,684598,668.552734,10.780500,8,4,0.250000,ns-3-ub/scratch/20260929-block24-network-contention/cases/a3-ep-kv/runlog/QueueTrace_node_8_port_4.tr,ns3-simulated/trace-derived
a3-ep-kv,22.875000,530346,517.916016,684598,668.552734,10.780500,8,4,0.250000,ns-3-ub/scratch/20260929-block24-network-contention/cases/a3-ep-kv/runlog/QueueTrace_node_8_port_4.tr,ns3-simulated/trace-derived
a3-ep-kv,23.125000,530346,517.916016,684598,668.552734,10.780500,8,4,0.250000,ns-3-ub/scratch/20260929-block24-network-contention/cases/a3-ep-kv/runlog/QueueTrace_node_8_port_4.tr,ns3-simulated/trace-derived
a3-ep-kv,23.375000,526172,513.839844,684598,668.552734,10.780500,8,4,0.250000,ns-3-ub/scratch/20260929-block24-network-contention/cases/a3-ep-kv/runlog/QueueTrace_node_8_port_4.tr,ns3-simulated/trace-derived
a3-ep-kv,23.625000,521998,509.763672,684598,668.552734,10.780500,8,4,0.250000,ns-3-ub/scratch/20260929-block24-network-contention/cases/a3-ep-kv/runlog/QueueTrace_node_8_port_4.tr,ns3-simulated/trace-derived
a3-ep-kv,23.875000,517824,505.687500,684598,668.552734,10.780500,8,4,0.250000,ns-3-ub/scratch/20260929-block24-network-contention/cases/a3-ep-kv/runlog/QueueTrace_node_8_port_4.tr,ns3-simulated/trace-derived
a3-ep-kv,24.125000,517824,505.687500,684598,668.552734,10.780500,8,4,0.250000,ns-3-ub/scratch/20260929-block24-network-contention/cases/a3-ep-kv/runlog/QueueTrace_node_8_port_4.tr,ns3-simulated/trace-derived
a3-ep-kv,24.375000,513650,501.611328,684598,668.552734,10.780500,8,4,0.250000,ns-3-ub/scratch/20260929-block24-network-contention/cases/a3-ep-kv/runlog/QueueTrace_node_8_port_4.tr,ns3-simulated/trace-derived
a3-ep-kv,24.625000,509476,497.535156,684598,668.552734,10.780500,8,4,0.250000,ns-3-ub/scratch/20260929-block24-network-contention/cases/a3-ep-kv/runlog/QueueTrace_node_8_port_4.tr,ns3-simulated/trace-derived
a3-ep-kv,24.875000,505302,493.458984,684598,668.552734,10.780500,8,4,0.250000,ns-3-ub/scratch/20260929-block24-network-contention/cases/a3-ep-kv/runlog/QueueTrace_node_8_port_4.tr,ns3-simulated/trace-derived
a3-ep-kv,25.125000,505302,493.458984,684598,668.552734,10.780500,8,4,0.250000,ns-3-ub/scratch/20260929-block24-network-contention/cases/a3-ep-kv/runlog/QueueTrace_node_8_port_4.tr,ns3-simulated/trace-derived
a3-ep-kv,25.375000,501128,489.382812,684598,668.552734,10.780500,8,4,0.250000,ns-3-ub/scratch/20260929-block24-network-contention/cases/a3-ep-kv/runlog/QueueTrace_node_8_port_4.tr,ns3-simulated/trace-derived
a3-ep-kv,25.625000,496954,485.306641,684598,668.552734,10.780500,8,4,0.250000,ns-3-ub/scratch/20260929-block24-network-contention/cases/a3-ep-kv/runlog/QueueTrace_node_8_port_4.tr,ns3-simulated/trace-derived
a3-ep-kv,25.875000,492780,481.230469,684598,668.552734,10.780500,8,4,0.250000,ns-3-ub/scratch/20260929-block24-network-contention/cases/a3-ep-kv/runlog/QueueTrace_node_8_port_4.tr,ns3-simulated/trace-derived
a3-ep-kv,26.125000,492780,481.230469,684598,668.552734,10.780500,8,4,0.250000,ns-3-ub/scratch/20260929-block24-network-contention/cases/a3-ep-kv/runlog/QueueTrace_node_8_port_4.tr,ns3-simulated/trace-derived
a3-ep-kv,26.375000,488606,477.154297,684598,668.552734,10.780500,8,4,0.250000,ns-3-ub/scratch/20260929-block24-network-contention/cases/a3-ep-kv/runlog/QueueTrace_node_8_port_4.tr,ns3-simulated/trace-derived
a3-ep-kv,26.625000,484432,473.078125,684598,668.552734,10.780500,8,4,0.250000,ns-3-ub/scratch/20260929-block24-network-contention/cases/a3-ep-kv/runlog/QueueTrace_node_8_port_4.tr,ns3-simulated/trace-derived
a3-ep-kv,26.875000,480258,469.001953,684598,668.552734,10.780500,8,4,0.250000,ns-3-ub/scratch/20260929-block24-network-contention/cases/a3-ep-kv/runlog/QueueTrace_node_8_port_4.tr,ns3-simulated/trace-derived
a3-ep-kv,27.125000,480258,469.001953,684598,668.552734,10.780500,8,4,0.250000,ns-3-ub/scratch/20260929-block24-network-contention/cases/a3-ep-kv/runlog/QueueTrace_node_8_port_4.tr,ns3-simulated/trace-derived
a3-ep-kv,27.375000,476084,464.925781,684598,668.552734,10.780500,8,4,0.250000,ns-3-ub/scratch/20260929-block24-network-contention/cases/a3-ep-kv/runlog/QueueTrace_node_8_port_4.tr,ns3-simulated/trace-derived
a3-ep-kv,27.625000,471910,460.849609,684598,668.552734,10.780500,8,4,0.250000,ns-3-ub/scratch/20260929-block24-network-contention/cases/a3-ep-kv/runlog/QueueTrace_node_8_port_4.tr,ns3-simulated/trace-derived
a3-ep-kv,27.875000,467736,456.773438,684598,668.552734,10.780500,8,4,0.250000,ns-3-ub/scratch/20260929-block24-network-contention/cases/a3-ep-kv/runlog/QueueTrace_node_8_port_4.tr,ns3-simulated/trace-derived
a3-ep-kv,28.125000,467736,456.773438,684598,668.552734,10.780500,8,4,0.250000,ns-3-ub/scratch/20260929-block24-network-contention/cases/a3-ep-kv/runlog/QueueTrace_node_8_port_4.tr,ns3-simulated/trace-derived
a3-ep-kv,28.375000,463562,452.697266,684598,668.552734,10.780500,8,4,0.250000,ns-3-ub/scratch/20260929-block24-network-contention/cases/a3-ep-kv/runlog/QueueTrace_node_8_port_4.tr,ns3-simulated/trace-derived
a3-ep-kv,28.625000,459388,448.621094,684598,668.552734,10.780500,8,4,0.250000,ns-3-ub/scratch/20260929-block24-network-contention/cases/a3-ep-kv/runlog/QueueTrace_node_8_port_4.tr,ns3-simulated/trace-derived
a3-ep-kv,28.875000,455214,444.544922,684598,668.552734,10.780500,8,4,0.250000,ns-3-ub/scratch/20260929-block24-network-contention/cases/a3-ep-kv/runlog/QueueTrace_node_8_port_4.tr,ns3-simulated/trace-derived
a3-ep-kv,29.125000,455214,444.544922,684598,668.552734,10.780500,8,4,0.250000,ns-3-ub/scratch/20260929-block24-network-contention/cases/a3-ep-kv/runlog/QueueTrace_node_8_port_4.tr,ns3-simulated/trace-derived
a3-ep-kv,29.375000,451040,440.468750,684598,668.552734,10.780500,8,4,0.250000,ns-3-ub/scratch/20260929-block24-network-contention/cases/a3-ep-kv/runlog/QueueTrace_node_8_port_4.tr,ns3-simulated/trace-derived
a3-ep-kv,29.625000,446866,436.392578,684598,668.552734,10.780500,8,4,0.250000,ns-3-ub/scratch/20260929-block24-network-contention/cases/a3-ep-kv/runlog/QueueTrace_node_8_port_4.tr,ns3-simulated/trace-derived
a3-ep-kv,29.875000,442692,432.316406,684598,668.552734,10.780500,8,4,0.250000,ns-3-ub/scratch/20260929-block24-network-contention/cases/a3-ep-kv/runlog/QueueTrace_node_8_port_4.tr,ns3-simulated/trace-derived
a3-ep-kv,30.125000,442692,432.316406,684598,668.552734,10.780500,8,4,0.250000,ns-3-ub/scratch/20260929-block24-network-contention/cases/a3-ep-kv/runlog/QueueTrace_node_8_port_4.tr,ns3-simulated/trace-derived
a3-ep-kv,30.375000,438518,428.240234,684598,668.552734,10.780500,8,4,0.250000,ns-3-ub/scratch/20260929-block24-network-contention/cases/a3-ep-kv/runlog/QueueTrace_node_8_port_4.tr,ns3-simulated/trace-derived
a3-ep-kv,30.625000,434344,424.164062,684598,668.552734,10.780500,8,4,0.250000,ns-3-ub/scratch/20260929-block24-network-contention/cases/a3-ep-kv/runlog/QueueTrace_node_8_port_4.tr,ns3-simulated/trace-derived
a3-ep-kv,30.875000,430170,420.087891,684598,668.552734,10.780500,8,4,0.250000,ns-3-ub/scratch/20260929-block24-network-contention/cases/a3-ep-kv/runlog/QueueTrace_node_8_port_4.tr,ns3-simulated/trace-derived
a3-ep-kv,31.125000,430170,420.087891,684598,668.552734,10.780500,8,4,0.250000,ns-3-ub/scratch/20260929-block24-network-contention/cases/a3-ep-kv/runlog/QueueTrace_node_8_port_4.tr,ns3-simulated/trace-derived
a3-ep-kv,31.375000,425996,416.011719,684598,668.552734,10.780500,8,4,0.250000,ns-3-ub/scratch/20260929-block24-network-contention/cases/a3-ep-kv/runlog/QueueTrace_node_8_port_4.tr,ns3-simulated/trace-derived
a3-ep-kv,31.625000,421822,411.935547,684598,668.552734,10.780500,8,4,0.250000,ns-3-ub/scratch/20260929-block24-network-contention/cases/a3-ep-kv/runlog/QueueTrace_node_8_port_4.tr,ns3-simulated/trace-derived
a3-ep-kv,31.875000,417648,407.859375,684598,668.552734,10.780500,8,4,0.250000,ns-3-ub/scratch/20260929-block24-network-contention/cases/a3-ep-kv/runlog/QueueTrace_node_8_port_4.tr,ns3-simulated/trace-derived
a3-ep-kv,32.125000,417648,407.859375,684598,668.552734,10.780500,8,4,0.250000,ns-3-ub/scratch/20260929-block24-network-contention/cases/a3-ep-kv/runlog/QueueTrace_node_8_port_4.tr,ns3-simulated/trace-derived
a3-ep-kv,32.375000,413536,403.843750,684598,668.552734,10.780500,8,4,0.250000,ns-3-ub/scratch/20260929-block24-network-contention/cases/a3-ep-kv/runlog/QueueTrace_node_8_port_4.tr,ns3-simulated/trace-derived
a3-ep-kv,32.625000,409424,399.828125,684598,668.552734,10.780500,8,4,0.250000,ns-3-ub/scratch/20260929-block24-network-contention/cases/a3-ep-kv/runlog/QueueTrace_node_8_port_4.tr,ns3-simulated/trace-derived
a3-ep-kv,32.875000,405250,395.751953,684598,668.552734,10.780500,8,4,0.250000,ns-3-ub/scratch/20260929-block24-network-contention/cases/a3-ep-kv/runlog/QueueTrace_node_8_port_4.tr,ns3-simulated/trace-derived
a3-ep-kv,33.125000,405250,395.751953,684598,668.552734,10.780500,8,4,0.250000,ns-3-ub/scratch/20260929-block24-network-contention/cases/a3-ep-kv/runlog/QueueTrace_node_8_port_4.tr,ns3-simulated/trace-derived
a3-ep-kv,33.375000,401076,391.675781,684598,668.552734,10.780500,8,4,0.250000,ns-3-ub/scratch/20260929-block24-network-contention/cases/a3-ep-kv/runlog/QueueTrace_node_8_port_4.tr,ns3-simulated/trace-derived
a3-ep-kv,33.625000,396902,387.599609,684598,668.552734,10.780500,8,4,0.250000,ns-3-ub/scratch/20260929-block24-network-contention/cases/a3-ep-kv/runlog/QueueTrace_node_8_port_4.tr,ns3-simulated/trace-derived
a3-ep-kv,33.875000,392728,383.523438,684598,668.552734,10.780500,8,4,0.250000,ns-3-ub/scratch/20260929-block24-network-contention/cases/a3-ep-kv/runlog/QueueTrace_node_8_port_4.tr,ns3-simulated/trace-derived
a3-ep-kv,34.125000,392728,383.523438,684598,668.552734,10.780500,8,4,0.250000,ns-3-ub/scratch/20260929-block24-network-contention/cases/a3-ep-kv/runlog/QueueTrace_node_8_port_4.tr,ns3-simulated/trace-derived
a3-ep-kv,34.375000,388554,379.447266,684598,668.552734,10.780500,8,4,0.250000,ns-3-ub/scratch/20260929-block24-network-contention/cases/a3-ep-kv/runlog/QueueTrace_node_8_port_4.tr,ns3-simulated/trace-derived
a3-ep-kv,34.625000,384380,375.371094,684598,668.552734,10.780500,8,4,0.250000,ns-3-ub/scratch/20260929-block24-network-contention/cases/a3-ep-kv/runlog/QueueTrace_node_8_port_4.tr,ns3-simulated/trace-derived
a3-ep-kv,34.875000,380206,371.294922,684598,668.552734,10.780500,8,4,0.250000,ns-3-ub/scratch/20260929-block24-network-contention/cases/a3-ep-kv/runlog/QueueTrace_node_8_port_4.tr,ns3-simulated/trace-derived
a3-ep-kv,35.125000,380206,371.294922,684598,668.552734,10.780500,8,4,0.250000,ns-3-ub/scratch/20260929-block24-network-contention/cases/a3-ep-kv/runlog/QueueTrace_node_8_port_4.tr,ns3-simulated/trace-derived
a3-ep-kv,35.375000,376032,367.218750,684598,668.552734,10.780500,8,4,0.250000,ns-3-ub/scratch/20260929-block24-network-contention/cases/a3-ep-kv/runlog/QueueTrace_node_8_port_4.tr,ns3-simulated/trace-derived
a3-ep-kv,35.625000,371858,363.142578,684598,668.552734,10.780500,8,4,0.250000,ns-3-ub/scratch/20260929-block24-network-contention/cases/a3-ep-kv/runlog/QueueTrace_node_8_port_4.tr,ns3-simulated/trace-derived
a3-ep-kv,35.875000,367684,359.066406,684598,668.552734,10.780500,8,4,0.250000,ns-3-ub/scratch/20260929-block24-network-contention/cases/a3-ep-kv/runlog/QueueTrace_node_8_port_4.tr,ns3-simulated/trace-derived
a3-ep-kv,36.125000,367684,359.066406,684598,668.552734,10.780500,8,4,0.250000,ns-3-ub/scratch/20260929-block24-network-contention/cases/a3-ep-kv/runlog/QueueTrace_node_8_port_4.tr,ns3-simulated/trace-derived
a3-ep-kv,36.375000,363510,354.990234,684598,668.552734,10.780500,8,4,0.250000,ns-3-ub/scratch/20260929-block24-network-contention/cases/a3-ep-kv/runlog/QueueTrace_node_8_port_4.tr,ns3-simulated/trace-derived
a3-ep-kv,36.625000,359336,350.914062,684598,668.552734,10.780500,8,4,0.250000,ns-3-ub/scratch/20260929-block24-network-contention/cases/a3-ep-kv/runlog/QueueTrace_node_8_port_4.tr,ns3-simulated/trace-derived
a3-ep-kv,36.875000,355162,346.837891,684598,668.552734,10.780500,8,4,0.250000,ns-3-ub/scratch/20260929-block24-network-contention/cases/a3-ep-kv/runlog/QueueTrace_node_8_port_4.tr,ns3-simulated/trace-derived
a3-ep-kv,37.125000,355162,346.837891,684598,668.552734,10.780500,8,4,0.250000,ns-3-ub/scratch/20260929-block24-network-contention/cases/a3-ep-kv/runlog/QueueTrace_node_8_port_4.tr,ns3-simulated/trace-derived
a3-ep-kv,37.375000,350988,342.761719,684598,668.552734,10.780500,8,4,0.250000,ns-3-ub/scratch/20260929-block24-network-contention/cases/a3-ep-kv/runlog/QueueTrace_node_8_port_4.tr,ns3-simulated/trace-derived
a3-ep-kv,37.625000,346814,338.685547,684598,668.552734,10.780500,8,4,0.250000,ns-3-ub/scratch/20260929-block24-network-contention/cases/a3-ep-kv/runlog/QueueTrace_node_8_port_4.tr,ns3-simulated/trace-derived
a3-ep-kv,37.875000,342640,334.609375,684598,668.552734,10.780500,8,4,0.250000,ns-3-ub/scratch/20260929-block24-network-contention/cases/a3-ep-kv/runlog/QueueTrace_node_8_port_4.tr,ns3-simulated/trace-derived
a3-ep-kv,38.125000,342640,334.609375,684598,668.552734,10.780500,8,4,0.250000,ns-3-ub/scratch/20260929-block24-network-contention/cases/a3-ep-kv/runlog/QueueTrace_node_8_port_4.tr,ns3-simulated/trace-derived
a3-ep-kv,38.375000,338466,330.533203,684598,668.552734,10.780500,8,4,0.250000,ns-3-ub/scratch/20260929-block24-network-contention/cases/a3-ep-kv/runlog/QueueTrace_node_8_port_4.tr,ns3-simulated/trace-derived
a3-ep-kv,38.625000,334292,326.457031,684598,668.552734,10.780500,8,4,0.250000,ns-3-ub/scratch/20260929-block24-network-contention/cases/a3-ep-kv/runlog/QueueTrace_node_8_port_4.tr,ns3-simulated/trace-derived
a3-ep-kv,38.875000,330118,322.380859,684598,668.552734,10.780500,8,4,0.250000,ns-3-ub/scratch/20260929-block24-network-contention/cases/a3-ep-kv/runlog/QueueTrace_node_8_port_4.tr,ns3-simulated/trace-derived
a3-ep-kv,39.125000,330118,322.380859,684598,668.552734,10.780500,8,4,0.250000,ns-3-ub/scratch/20260929-block24-network-contention/cases/a3-ep-kv/runlog/QueueTrace_node_8_port_4.tr,ns3-simulated/trace-derived
a3-ep-kv,39.375000,325944,318.304688,684598,668.552734,10.780500,8,4,0.250000,ns-3-ub/scratch/20260929-block24-network-contention/cases/a3-ep-kv/runlog/QueueTrace_node_8_port_4.tr,ns3-simulated/trace-derived
a3-ep-kv,39.625000,321770,314.228516,684598,668.552734,10.780500,8,4,0.250000,ns-3-ub/scratch/20260929-block24-network-contention/cases/a3-ep-kv/runlog/QueueTrace_node_8_port_4.tr,ns3-simulated/trace-derived
a3-ep-kv,39.875000,317596,310.152344,684598,668.552734,10.780500,8,4,0.250000,ns-3-ub/scratch/20260929-block24-network-contention/cases/a3-ep-kv/runlog/QueueTrace_node_8_port_4.tr,ns3-simulated/trace-derived
a3-ep-kv,40.125000,317596,310.152344,684598,668.552734,10.780500,8,4,0.250000,ns-3-ub/scratch/20260929-block24-network-contention/cases/a3-ep-kv/runlog/QueueTrace_node_8_port_4.tr,ns3-simulated/trace-derived
a3-ep-kv,40.375000,313422,306.076172,684598,668.552734,10.780500,8,4,0.250000,ns-3-ub/scratch/20260929-block24-network-contention/cases/a3-ep-kv/runlog/QueueTrace_node_8_port_4.tr,ns3-simulated/trace-derived
a3-ep-kv,40.625000,309248,302.000000,684598,668.552734,10.780500,8,4,0.250000,ns-3-ub/scratch/20260929-block24-network-contention/cases/a3-ep-kv/runlog/QueueTrace_node_8_port_4.tr,ns3-simulated/trace-derived
a3-ep-kv,40.875000,305074,297.923828,684598,668.552734,10.780500,8,4,0.250000,ns-3-ub/scratch/20260929-block24-network-contention/cases/a3-ep-kv/runlog/QueueTrace_node_8_port_4.tr,ns3-simulated/trace-derived
a3-ep-kv,41.125000,305074,297.923828,684598,668.552734,10.780500,8,4,0.250000,ns-3-ub/scratch/20260929-block24-network-contention/cases/a3-ep-kv/runlog/QueueTrace_node_8_port_4.tr,ns3-simulated/trace-derived
a3-ep-kv,41.375000,300900,293.847656,684598,668.552734,10.780500,8,4,0.250000,ns-3-ub/scratch/20260929-block24-network-contention/cases/a3-ep-kv/runlog/QueueTrace_node_8_port_4.tr,ns3-simulated/trace-derived
a3-ep-kv,41.625000,296726,289.771484,684598,668.552734,10.780500,8,4,0.250000,ns-3-ub/scratch/20260929-block24-network-contention/cases/a3-ep-kv/runlog/QueueTrace_node_8_port_4.tr,ns3-simulated/trace-derived
a3-ep-kv,41.875000,292552,285.695312,684598,668.552734,10.780500,8,4,0.250000,ns-3-ub/scratch/20260929-block24-network-contention/cases/a3-ep-kv/runlog/QueueTrace_node_8_port_4.tr,ns3-simulated/trace-derived
a3-ep-kv,42.125000,292552,285.695312,684598,668.552734,10.780500,8,4,0.250000,ns-3-ub/scratch/20260929-block24-network-contention/cases/a3-ep-kv/runlog/QueueTrace_node_8_port_4.tr,ns3-simulated/trace-derived
a3-ep-kv,42.375000,288378,281.619141,684598,668.552734,10.780500,8,4,0.250000,ns-3-ub/scratch/20260929-block24-network-contention/cases/a3-ep-kv/runlog/QueueTrace_node_8_port_4.tr,ns3-simulated/trace-derived
a3-ep-kv,42.625000,284204,277.542969,684598,668.552734,10.780500,8,4,0.250000,ns-3-ub/scratch/20260929-block24-network-contention/cases/a3-ep-kv/runlog/QueueTrace_node_8_port_4.tr,ns3-simulated/trace-derived
a3-ep-kv,42.875000,280092,273.527344,684598,668.552734,10.780500,8,4,0.250000,ns-3-ub/scratch/20260929-block24-network-contention/cases/a3-ep-kv/runlog/QueueTrace_node_8_port_4.tr,ns3-simulated/trace-derived
a3-ep-kv,43.125000,280092,273.527344,684598,668.552734,10.780500,8,4,0.250000,ns-3-ub/scratch/20260929-block24-network-contention/cases/a3-ep-kv/runlog/QueueTrace_node_8_port_4.tr,ns3-simulated/trace-derived
a3-ep-kv,43.375000,275980,269.511719,684598,668.552734,10.780500,8,4,0.250000,ns-3-ub/scratch/20260929-block24-network-contention/cases/a3-ep-kv/runlog/QueueTrace_node_8_port_4.tr,ns3-simulated/trace-derived
a3-ep-kv,43.625000,271806,265.435547,684598,668.552734,10.780500,8,4,0.250000,ns-3-ub/scratch/20260929-block24-network-contention/cases/a3-ep-kv/runlog/QueueTrace_node_8_port_4.tr,ns3-simulated/trace-derived
a3-ep-kv,43.875000,267632,261.359375,684598,668.552734,10.780500,8,4,0.250000,ns-3-ub/scratch/20260929-block24-network-contention/cases/a3-ep-kv/runlog/QueueTrace_node_8_port_4.tr,ns3-simulated/trace-derived
a3-ep-kv,44.125000,267632,261.359375,684598,668.552734,10.780500,8,4,0.250000,ns-3-ub/scratch/20260929-block24-network-contention/cases/a3-ep-kv/runlog/QueueTrace_node_8_port_4.tr,ns3-simulated/trace-derived
a3-ep-kv,44.375000,263458,257.283203,684598,668.552734,10.780500,8,4,0.250000,ns-3-ub/scratch/20260929-block24-network-contention/cases/a3-ep-kv/runlog/QueueTrace_node_8_port_4.tr,ns3-simulated/trace-derived
a3-ep-kv,44.625000,259284,253.207031,684598,668.552734,10.780500,8,4,0.250000,ns-3-ub/scratch/20260929-block24-network-contention/cases/a3-ep-kv/runlog/QueueTrace_node_8_port_4.tr,ns3-simulated/trace-derived
a3-ep-kv,44.875000,255110,249.130859,684598,668.552734,10.780500,8,4,0.250000,ns-3-ub/scratch/20260929-block24-network-contention/cases/a3-ep-kv/runlog/QueueTrace_node_8_port_4.tr,ns3-simulated/trace-derived
a3-ep-kv,45.125000,255110,249.130859,684598,668.552734,10.780500,8,4,0.250000,ns-3-ub/scratch/20260929-block24-network-contention/cases/a3-ep-kv/runlog/QueueTrace_node_8_port_4.tr,ns3-simulated/trace-derived
a3-ep-kv,45.375000,250936,245.054688,684598,668.552734,10.780500,8,4,0.250000,ns-3-ub/scratch/20260929-block24-network-contention/cases/a3-ep-kv/runlog/QueueTrace_node_8_port_4.tr,ns3-simulated/trace-derived
a3-ep-kv,45.625000,246762,240.978516,684598,668.552734,10.780500,8,4,0.250000,ns-3-ub/scratch/20260929-block24-network-contention/cases/a3-ep-kv/runlog/QueueTrace_node_8_port_4.tr,ns3-simulated/trace-derived
a3-ep-kv,45.875000,246700,240.917969,684598,668.552734,10.780500,8,4,0.250000,ns-3-ub/scratch/20260929-block24-network-contention/cases/a3-ep-kv/runlog/QueueTrace_node_8_port_4.tr,ns3-simulated/trace-derived
a3-ep-kv,46.125000,242526,236.841797,684598,668.552734,10.780500,8,4,0.250000,ns-3-ub/scratch/20260929-block24-network-contention/cases/a3-ep-kv/runlog/QueueTrace_node_8_port_4.tr,ns3-simulated/trace-derived
a3-ep-kv,46.375000,238290,232.705078,684598,668.552734,10.780500,8,4,0.250000,ns-3-ub/scratch/20260929-block24-network-contention/cases/a3-ep-kv/runlog/QueueTrace_node_8_port_4.tr,ns3-simulated/trace-derived
a3-ep-kv,46.625000,234054,228.568359,684598,668.552734,10.780500,8,4,0.250000,ns-3-ub/scratch/20260929-block24-network-contention/cases/a3-ep-kv/runlog/QueueTrace_node_8_port_4.tr,ns3-simulated/trace-derived
a3-ep-kv,46.875000,234054,228.568359,684598,668.552734,10.780500,8,4,0.250000,ns-3-ub/scratch/20260929-block24-network-contention/cases/a3-ep-kv/runlog/QueueTrace_node_8_port_4.tr,ns3-simulated/trace-derived
a3-ep-kv,47.125000,229818,224.431641,684598,668.552734,10.780500,8,4,0.250000,ns-3-ub/scratch/20260929-block24-network-contention/cases/a3-ep-kv/runlog/QueueTrace_node_8_port_4.tr,ns3-simulated/trace-derived
a3-ep-kv,47.375000,225644,220.355469,684598,668.552734,10.780500,8,4,0.250000,ns-3-ub/scratch/20260929-block24-network-contention/cases/a3-ep-kv/runlog/QueueTrace_node_8_port_4.tr,ns3-simulated/trace-derived
a3-ep-kv,47.625000,221470,216.279297,684598,668.552734,10.780500,8,4,0.250000,ns-3-ub/scratch/20260929-block24-network-contention/cases/a3-ep-kv/runlog/QueueTrace_node_8_port_4.tr,ns3-simulated/trace-derived
a3-ep-kv,47.875000,221470,216.279297,684598,668.552734,10.780500,8,4,0.250000,ns-3-ub/scratch/20260929-block24-network-contention/cases/a3-ep-kv/runlog/QueueTrace_node_8_port_4.tr,ns3-simulated/trace-derived
a3-ep-kv,48.125000,217296,212.203125,684598,668.552734,10.780500,8,4,0.250000,ns-3-ub/scratch/20260929-block24-network-contention/cases/a3-ep-kv/runlog/QueueTrace_node_8_port_4.tr,ns3-simulated/trace-derived
a3-ep-kv,48.375000,213122,208.126953,684598,668.552734,10.780500,8,4,0.250000,ns-3-ub/scratch/20260929-block24-network-contention/cases/a3-ep-kv/runlog/QueueTrace_node_8_port_4.tr,ns3-simulated/trace-derived
a3-ep-kv,48.625000,208948,204.050781,684598,668.552734,10.780500,8,4,0.250000,ns-3-ub/scratch/20260929-block24-network-contention/cases/a3-ep-kv/runlog/QueueTrace_node_8_port_4.tr,ns3-simulated/trace-derived
a3-ep-kv,48.875000,208948,204.050781,684598,668.552734,10.780500,8,4,0.250000,ns-3-ub/scratch/20260929-block24-network-contention/cases/a3-ep-kv/runlog/QueueTrace_node_8_port_4.tr,ns3-simulated/trace-derived
a3-ep-kv,49.125000,204774,199.974609,684598,668.552734,10.780500,8,4,0.250000,ns-3-ub/scratch/20260929-block24-network-contention/cases/a3-ep-kv/runlog/QueueTrace_node_8_port_4.tr,ns3-simulated/trace-derived
a3-ep-kv,49.375000,200600,195.898438,684598,668.552734,10.780500,8,4,0.250000,ns-3-ub/scratch/20260929-block24-network-contention/cases/a3-ep-kv/runlog/QueueTrace_node_8_port_4.tr,ns3-simulated/trace-derived
a3-ep-kv,49.625000,196426,191.822266,684598,668.552734,10.780500,8,4,0.250000,ns-3-ub/scratch/20260929-block24-network-contention/cases/a3-ep-kv/runlog/QueueTrace_node_8_port_4.tr,ns3-simulated/trace-derived
a3-ep-kv,49.875000,196426,191.822266,684598,668.552734,10.780500,8,4,0.250000,ns-3-ub/scratch/20260929-block24-network-contention/cases/a3-ep-kv/runlog/QueueTrace_node_8_port_4.tr,ns3-simulated/trace-derived
a3-ep-kv,50.125000,192314,187.806641,684598,668.552734,10.780500,8,4,0.250000,ns-3-ub/scratch/20260929-block24-network-contention/cases/a3-ep-kv/runlog/QueueTrace_node_8_port_4.tr,ns3-simulated/trace-derived
a3-ep-kv,50.375000,188140,183.730469,684598,668.552734,10.780500,8,4,0.250000,ns-3-ub/scratch/20260929-block24-network-contention/cases/a3-ep-kv/runlog/QueueTrace_node_8_port_4.tr,ns3-simulated/trace-derived
a3-ep-kv,50.625000,183966,179.654297,684598,668.552734,10.780500,8,4,0.250000,ns-3-ub/scratch/20260929-block24-network-contention/cases/a3-ep-kv/runlog/QueueTrace_node_8_port_4.tr,ns3-simulated/trace-derived
a3-ep-kv,50.875000,183966,179.654297,684598,668.552734,10.780500,8,4,0.250000,ns-3-ub/scratch/20260929-block24-network-contention/cases/a3-ep-kv/runlog/QueueTrace_node_8_port_4.tr,ns3-simulated/trace-derived
a3-ep-kv,51.125000,179792,175.578125,684598,668.552734,10.780500,8,4,0.250000,ns-3-ub/scratch/20260929-block24-network-contention/cases/a3-ep-kv/runlog/QueueTrace_node_8_port_4.tr,ns3-simulated/trace-derived
a3-ep-kv,51.375000,175618,171.501953,684598,668.552734,10.780500,8,4,0.250000,ns-3-ub/scratch/20260929-block24-network-contention/cases/a3-ep-kv/runlog/QueueTrace_node_8_port_4.tr,ns3-simulated/trace-derived
a3-ep-kv,51.625000,171444,167.425781,684598,668.552734,10.780500,8,4,0.250000,ns-3-ub/scratch/20260929-block24-network-contention/cases/a3-ep-kv/runlog/QueueTrace_node_8_port_4.tr,ns3-simulated/trace-derived
a3-ep-kv,51.875000,171444,167.425781,684598,668.552734,10.780500,8,4,0.250000,ns-3-ub/scratch/20260929-block24-network-contention/cases/a3-ep-kv/runlog/QueueTrace_node_8_port_4.tr,ns3-simulated/trace-derived
a3-ep-kv,52.125000,167270,163.349609,684598,668.552734,10.780500,8,4,0.250000,ns-3-ub/scratch/20260929-block24-network-contention/cases/a3-ep-kv/runlog/QueueTrace_node_8_port_4.tr,ns3-simulated/trace-derived
a3-ep-kv,52.375000,163096,159.273438,684598,668.552734,10.780500,8,4,0.250000,ns-3-ub/scratch/20260929-block24-network-contention/cases/a3-ep-kv/runlog/QueueTrace_node_8_port_4.tr,ns3-simulated/trace-derived
a3-ep-kv,52.625000,158922,155.197266,684598,668.552734,10.780500,8,4,0.250000,ns-3-ub/scratch/20260929-block24-network-contention/cases/a3-ep-kv/runlog/QueueTrace_node_8_port_4.tr,ns3-simulated/trace-derived
a3-ep-kv,52.875000,158922,155.197266,684598,668.552734,10.780500,8,4,0.250000,ns-3-ub/scratch/20260929-block24-network-contention/cases/a3-ep-kv/runlog/QueueTrace_node_8_port_4.tr,ns3-simulated/trace-derived
a3-ep-kv,53.125000,154748,151.121094,684598,668.552734,10.780500,8,4,0.250000,ns-3-ub/scratch/20260929-block24-network-contention/cases/a3-ep-kv/runlog/QueueTrace_node_8_port_4.tr,ns3-simulated/trace-derived
a3-ep-kv,53.375000,150574,147.044922,684598,668.552734,10.780500,8,4,0.250000,ns-3-ub/scratch/20260929-block24-network-contention/cases/a3-ep-kv/runlog/QueueTrace_node_8_port_4.tr,ns3-simulated/trace-derived
a3-ep-kv,53.625000,146400,142.968750,684598,668.552734,10.780500,8,4,0.250000,ns-3-ub/scratch/20260929-block24-network-contention/cases/a3-ep-kv/runlog/QueueTrace_node_8_port_4.tr,ns3-simulated/trace-derived
a3-ep-kv,53.875000,146400,142.968750,684598,668.552734,10.780500,8,4,0.250000,ns-3-ub/scratch/20260929-block24-network-contention/cases/a3-ep-kv/runlog/QueueTrace_node_8_port_4.tr,ns3-simulated/trace-derived
a3-ep-kv,54.125000,142226,138.892578,684598,668.552734,10.780500,8,4,0.250000,ns-3-ub/scratch/20260929-block24-network-contention/cases/a3-ep-kv/runlog/QueueTrace_node_8_port_4.tr,ns3-simulated/trace-derived
a3-ep-kv,54.375000,138052,134.816406,684598,668.552734,10.780500,8,4,0.250000,ns-3-ub/scratch/20260929-block24-network-contention/cases/a3-ep-kv/runlog/QueueTrace_node_8_port_4.tr,ns3-simulated/trace-derived
a3-ep-kv,54.625000,133878,130.740234,684598,668.552734,10.780500,8,4,0.250000,ns-3-ub/scratch/20260929-block24-network-contention/cases/a3-ep-kv/runlog/QueueTrace_node_8_port_4.tr,ns3-simulated/trace-derived
a3-ep-kv,54.875000,133878,130.740234,684598,668.552734,10.780500,8,4,0.250000,ns-3-ub/scratch/20260929-block24-network-contention/cases/a3-ep-kv/runlog/QueueTrace_node_8_port_4.tr,ns3-simulated/trace-derived
a3-ep-kv,55.125000,129704,126.664062,684598,668.552734,10.780500,8,4,0.250000,ns-3-ub/scratch/20260929-block24-network-contention/cases/a3-ep-kv/runlog/QueueTrace_node_8_port_4.tr,ns3-simulated/trace-derived
a3-ep-kv,55.375000,125592,122.648438,684598,668.552734,10.780500,8,4,0.250000,ns-3-ub/scratch/20260929-block24-network-contention/cases/a3-ep-kv/runlog/QueueTrace_node_8_port_4.tr,ns3-simulated/trace-derived
a3-ep-kv,55.625000,121418,118.572266,684598,668.552734,10.780500,8,4,0.250000,ns-3-ub/scratch/20260929-block24-network-contention/cases/a3-ep-kv/runlog/QueueTrace_node_8_port_4.tr,ns3-simulated/trace-derived
a3-ep-kv,55.875000,121418,118.572266,684598,668.552734,10.780500,8,4,0.250000,ns-3-ub/scratch/20260929-block24-network-contention/cases/a3-ep-kv/runlog/QueueTrace_node_8_port_4.tr,ns3-simulated/trace-derived
a3-ep-kv,56.125000,117244,114.496094,684598,668.552734,10.780500,8,4,0.250000,ns-3-ub/scratch/20260929-block24-network-contention/cases/a3-ep-kv/runlog/QueueTrace_node_8_port_4.tr,ns3-simulated/trace-derived
a3-ep-kv,56.375000,113070,110.419922,684598,668.552734,10.780500,8,4,0.250000,ns-3-ub/scratch/20260929-block24-network-contention/cases/a3-ep-kv/runlog/QueueTrace_node_8_port_4.tr,ns3-simulated/trace-derived
a3-ep-kv,56.625000,108896,106.343750,684598,668.552734,10.780500,8,4,0.250000,ns-3-ub/scratch/20260929-block24-network-contention/cases/a3-ep-kv/runlog/QueueTrace_node_8_port_4.tr,ns3-simulated/trace-derived
a3-ep-kv,56.875000,108896,106.343750,684598,668.552734,10.780500,8,4,0.250000,ns-3-ub/scratch/20260929-block24-network-contention/cases/a3-ep-kv/runlog/QueueTrace_node_8_port_4.tr,ns3-simulated/trace-derived
a3-ep-kv,57.125000,104722,102.267578,684598,668.552734,10.780500,8,4,0.250000,ns-3-ub/scratch/20260929-block24-network-contention/cases/a3-ep-kv/runlog/QueueTrace_node_8_port_4.tr,ns3-simulated/trace-derived
a3-ep-kv,57.375000,100548,98.191406,684598,668.552734,10.780500,8,4,0.250000,ns-3-ub/scratch/20260929-block24-network-contention/cases/a3-ep-kv/runlog/QueueTrace_node_8_port_4.tr,ns3-simulated/trace-derived
a3-ep-kv,57.625000,96374,94.115234,684598,668.552734,10.780500,8,4,0.250000,ns-3-ub/scratch/20260929-block24-network-contention/cases/a3-ep-kv/runlog/QueueTrace_node_8_port_4.tr,ns3-simulated/trace-derived
a3-ep-kv,57.875000,96374,94.115234,684598,668.552734,10.780500,8,4,0.250000,ns-3-ub/scratch/20260929-block24-network-contention/cases/a3-ep-kv/runlog/QueueTrace_node_8_port_4.tr,ns3-simulated/trace-derived
a3-ep-kv,58.125000,92200,90.039062,684598,668.552734,10.780500,8,4,0.250000,ns-3-ub/scratch/20260929-block24-network-contention/cases/a3-ep-kv/runlog/QueueTrace_node_8_port_4.tr,ns3-simulated/trace-derived
a3-ep-kv,58.375000,88026,85.962891,684598,668.552734,10.780500,8,4,0.250000,ns-3-ub/scratch/20260929-block24-network-contention/cases/a3-ep-kv/runlog/QueueTrace_node_8_port_4.tr,ns3-simulated/trace-derived
a3-ep-kv,58.625000,83852,81.886719,684598,668.552734,10.780500,8,4,0.250000,ns-3-ub/scratch/20260929-block24-network-contention/cases/a3-ep-kv/runlog/QueueTrace_node_8_port_4.tr,ns3-simulated/trace-derived
a3-ep-kv,58.875000,83852,81.886719,684598,668.552734,10.780500,8,4,0.250000,ns-3-ub/scratch/20260929-block24-network-contention/cases/a3-ep-kv/runlog/QueueTrace_node_8_port_4.tr,ns3-simulated/trace-derived
a3-ep-kv,59.125000,79678,77.810547,684598,668.552734,10.780500,8,4,0.250000,ns-3-ub/scratch/20260929-block24-network-contention/cases/a3-ep-kv/runlog/QueueTrace_node_8_port_4.tr,ns3-simulated/trace-derived
a3-ep-kv,59.375000,75504,73.734375,684598,668.552734,10.780500,8,4,0.250000,ns-3-ub/scratch/20260929-block24-network-contention/cases/a3-ep-kv/runlog/QueueTrace_node_8_port_4.tr,ns3-simulated/trace-derived
a3-ep-kv,59.625000,71330,69.658203,684598,668.552734,10.780500,8,4,0.250000,ns-3-ub/scratch/20260929-block24-network-contention/cases/a3-ep-kv/runlog/QueueTrace_node_8_port_4.tr,ns3-simulated/trace-derived
a3-ep-kv,59.875000,71330,69.658203,684598,668.552734,10.780500,8,4,0.250000,ns-3-ub/scratch/20260929-block24-network-contention/cases/a3-ep-kv/runlog/QueueTrace_node_8_port_4.tr,ns3-simulated/trace-derived
a3-ep-kv,60.125000,67156,65.582031,684598,668.552734,10.780500,8,4,0.250000,ns-3-ub/scratch/20260929-block24-network-contention/cases/a3-ep-kv/runlog/QueueTrace_node_8_port_4.tr,ns3-simulated/trace-derived
a3-ep-kv,60.375000,62982,61.505859,684598,668.552734,10.780500,8,4,0.250000,ns-3-ub/scratch/20260929-block24-network-contention/cases/a3-ep-kv/runlog/QueueTrace_node_8_port_4.tr,ns3-simulated/trace-derived
a3-ep-kv,60.625000,58870,57.490234,684598,668.552734,10.780500,8,4,0.250000,ns-3-ub/scratch/20260929-block24-network-contention/cases/a3-ep-kv/runlog/QueueTrace_node_8_port_4.tr,ns3-simulated/trace-derived
a3-ep-kv,60.875000,58870,57.490234,684598,668.552734,10.780500,8,4,0.250000,ns-3-ub/scratch/20260929-block24-network-contention/cases/a3-ep-kv/runlog/QueueTrace_node_8_port_4.tr,ns3-simulated/trace-derived
a3-ep-kv,61.125000,54696,53.414062,684598,668.552734,10.780500,8,4,0.250000,ns-3-ub/scratch/20260929-block24-network-contention/cases/a3-ep-kv/runlog/QueueTrace_node_8_port_4.tr,ns3-simulated/trace-derived
a3-ep-kv,61.375000,50522,49.337891,684598,668.552734,10.780500,8,4,0.250000,ns-3-ub/scratch/20260929-block24-network-contention/cases/a3-ep-kv/runlog/QueueTrace_node_8_port_4.tr,ns3-simulated/trace-derived
a3-ep-kv,61.625000,46348,45.261719,684598,668.552734,10.780500,8,4,0.250000,ns-3-ub/scratch/20260929-block24-network-contention/cases/a3-ep-kv/runlog/QueueTrace_node_8_port_4.tr,ns3-simulated/trace-derived
a3-ep-kv,61.875000,46348,45.261719,684598,668.552734,10.780500,8,4,0.250000,ns-3-ub/scratch/20260929-block24-network-contention/cases/a3-ep-kv/runlog/QueueTrace_node_8_port_4.tr,ns3-simulated/trace-derived
a3-ep-kv,62.125000,42174,41.185547,684598,668.552734,10.780500,8,4,0.250000,ns-3-ub/scratch/20260929-block24-network-contention/cases/a3-ep-kv/runlog/QueueTrace_node_8_port_4.tr,ns3-simulated/trace-derived
a3-ep-kv,62.375000,38000,37.109375,684598,668.552734,10.780500,8,4,0.250000,ns-3-ub/scratch/20260929-block24-network-contention/cases/a3-ep-kv/runlog/QueueTrace_node_8_port_4.tr,ns3-simulated/trace-derived
a3-ep-kv,62.625000,33826,33.033203,684598,668.552734,10.780500,8,4,0.250000,ns-3-ub/scratch/20260929-block24-network-contention/cases/a3-ep-kv/runlog/QueueTrace_node_8_port_4.tr,ns3-simulated/trace-derived
a3-ep-kv,62.875000,33826,33.033203,684598,668.552734,10.780500,8,4,0.250000,ns-3-ub/scratch/20260929-block24-network-contention/cases/a3-ep-kv/runlog/QueueTrace_node_8_port_4.tr,ns3-simulated/trace-derived
a3-ep-kv,63.125000,29652,28.957031,684598,668.552734,10.780500,8,4,0.250000,ns-3-ub/scratch/20260929-block24-network-contention/cases/a3-ep-kv/runlog/QueueTrace_node_8_port_4.tr,ns3-simulated/trace-derived
a3-ep-kv,63.375000,25478,24.880859,684598,668.552734,10.780500,8,4,0.250000,ns-3-ub/scratch/20260929-block24-network-contention/cases/a3-ep-kv/runlog/QueueTrace_node_8_port_4.tr,ns3-simulated/trace-derived
a3-ep-kv,63.625000,21304,20.804688,684598,668.552734,10.780500,8,4,0.250000,ns-3-ub/scratch/20260929-block24-network-contention/cases/a3-ep-kv/runlog/QueueTrace_node_8_port_4.tr,ns3-simulated/trace-derived
a3-ep-kv,63.875000,21304,20.804688,684598,668.552734,10.780500,8,4,0.250000,ns-3-ub/scratch/20260929-block24-network-contention/cases/a3-ep-kv/runlog/QueueTrace_node_8_port_4.tr,ns3-simulated/trace-derived
a3-ep-kv,64.125000,17130,16.728516,684598,668.552734,10.780500,8,4,0.250000,ns-3-ub/scratch/20260929-block24-network-contention/cases/a3-ep-kv/runlog/QueueTrace_node_8_port_4.tr,ns3-simulated/trace-derived
a3-ep-kv,64.375000,12956,12.652344,684598,668.552734,10.780500,8,4,0.250000,ns-3-ub/scratch/20260929-block24-network-contention/cases/a3-ep-kv/runlog/QueueTrace_node_8_port_4.tr,ns3-simulated/trace-derived
a3-ep-kv,64.625000,8782,8.576172,684598,668.552734,10.780500,8,4,0.250000,ns-3-ub/scratch/20260929-block24-network-contention/cases/a3-ep-kv/runlog/QueueTrace_node_8_port_4.tr,ns3-simulated/trace-derived
a3-ep-kv,64.875000,8782,8.576172,684598,668.552734,10.780500,8,4,0.250000,ns-3-ub/scratch/20260929-block24-network-contention/cases/a3-ep-kv/runlog/QueueTrace_node_8_port_4.tr,ns3-simulated/trace-derived
a3-ep-kv,65.125000,4608,4.500000,684598,668.552734,10.780500,8,4,0.250000,ns-3-ub/scratch/20260929-block24-network-contention/cases/a3-ep-kv/runlog/QueueTrace_node_8_port_4.tr,ns3-simulated/trace-derived
a3-ep-kv,65.375000,434,0.423828,684598,668.552734,10.780500,8,4,0.250000,ns-3-ub/scratch/20260929-block24-network-contention/cases/a3-ep-kv/runlog/QueueTrace_node_8_port_4.tr,ns3-simulated/trace-derived
a3-ep-kv,65.625000,248,0.242188,684598,668.552734,10.780500,8,4,0.250000,ns-3-ub/scratch/20260929-block24-network-contention/cases/a3-ep-kv/runlog/QueueTrace_node_8_port_4.tr,ns3-simulated/trace-derived
a3-ep-kv,65.875000,0,0.000000,684598,668.552734,10.780500,8,4,0.250000,ns-3-ub/scratch/20260929-block24-network-contention/cases/a3-ep-kv/runlog/QueueTrace_node_8_port_4.tr,ns3-simulated/trace-derived
a3-ep-kv,66.125000,0,0.000000,684598,668.552734,10.780500,8,4,0.250000,ns-3-ub/scratch/20260929-block24-network-contention/cases/a3-ep-kv/runlog/QueueTrace_node_8_port_4.tr,ns3-simulated/trace-derived
a3-ep-kv,66.375000,0,0.000000,684598,668.552734,10.780500,8,4,0.250000,ns-3-ub/scratch/20260929-block24-network-contention/cases/a3-ep-kv/runlog/QueueTrace_node_8_port_4.tr,ns3-simulated/trace-derived
a3-ep-kv,66.625000,0,0.000000,684598,668.552734,10.780500,8,4,0.250000,ns-3-ub/scratch/20260929-block24-network-contention/cases/a3-ep-kv/runlog/QueueTrace_node_8_port_4.tr,ns3-simulated/trace-derived
a3-ep-kv,66.875000,0,0.000000,684598,668.552734,10.780500,8,4,0.250000,ns-3-ub/scratch/20260929-block24-network-contention/cases/a3-ep-kv/runlog/QueueTrace_node_8_port_4.tr,ns3-simulated/trace-derived
a3-ep-kv,67.125000,0,0.000000,684598,668.552734,10.780500,8,4,0.250000,ns-3-ub/scratch/20260929-block24-network-contention/cases/a3-ep-kv/runlog/QueueTrace_node_8_port_4.tr,ns3-simulated/trace-derived
a3-ep-kv,67.375000,0,0.000000,684598,668.552734,10.780500,8,4,0.250000,ns-3-ub/scratch/20260929-block24-network-contention/cases/a3-ep-kv/runlog/QueueTrace_node_8_port_4.tr,ns3-simulated/trace-derived
a3-ep-kv,67.625000,0,0.000000,684598,668.552734,10.780500,8,4,0.250000,ns-3-ub/scratch/20260929-block24-network-contention/cases/a3-ep-kv/runlog/QueueTrace_node_8_port_4.tr,ns3-simulated/trace-derived
a3-ep-kv,67.875000,0,0.000000,684598,668.552734,10.780500,8,4,0.250000,ns-3-ub/scratch/20260929-block24-network-contention/cases/a3-ep-kv/runlog/QueueTrace_node_8_port_4.tr,ns3-simulated/trace-derived
a3-ep-kv,68.125000,0,0.000000,684598,668.552734,10.780500,8,4,0.250000,ns-3-ub/scratch/20260929-block24-network-contention/cases/a3-ep-kv/runlog/QueueTrace_node_8_port_4.tr,ns3-simulated/trace-derived
a3-ep-kv,68.375000,0,0.000000,684598,668.552734,10.780500,8,4,0.250000,ns-3-ub/scratch/20260929-block24-network-contention/cases/a3-ep-kv/runlog/QueueTrace_node_8_port_4.tr,ns3-simulated/trace-derived
a3-ep-kv,68.625000,0,0.000000,684598,668.552734,10.780500,8,4,0.250000,ns-3-ub/scratch/20260929-block24-network-contention/cases/a3-ep-kv/runlog/QueueTrace_node_8_port_4.tr,ns3-simulated/trace-derived
a3-ep-kv,68.875000,0,0.000000,684598,668.552734,10.780500,8,4,0.250000,ns-3-ub/scratch/20260929-block24-network-contention/cases/a3-ep-kv/runlog/QueueTrace_node_8_port_4.tr,ns3-simulated/trace-derived
a3-ep-kv,69.125000,0,0.000000,684598,668.552734,10.780500,8,4,0.250000,ns-3-ub/scratch/20260929-block24-network-contention/cases/a3-ep-kv/runlog/QueueTrace_node_8_port_4.tr,ns3-simulated/trace-derived
a3-ep-kv,69.375000,0,0.000000,684598,668.552734,10.780500,8,4,0.250000,ns-3-ub/scratch/20260929-block24-network-contention/cases/a3-ep-kv/runlog/QueueTrace_node_8_port_4.tr,ns3-simulated/trace-derived
a3-ep-kv,69.625000,0,0.000000,684598,668.552734,10.780500,8,4,0.250000,ns-3-ub/scratch/20260929-block24-network-contention/cases/a3-ep-kv/runlog/QueueTrace_node_8_port_4.tr,ns3-simulated/trace-derived
a3-ep-kv,69.875000,0,0.000000,684598,668.552734,10.780500,8,4,0.250000,ns-3-ub/scratch/20260929-block24-network-contention/cases/a3-ep-kv/runlog/QueueTrace_node_8_port_4.tr,ns3-simulated/trace-derived
