case_id,case_label,task_id,flow_kind,direction,bin_start_us,bin_end_us,bin_center_us,wire_bytes_in_bin,bandwidth_gbps,utilization_pct,link_capacity_gbps,bin_width_us,evidence
a0-target-only,仅目标流,0,target,L2R,0.000000,0.250000,0.125000,1694.000000,54.208000,54.208000,100.000000,0.250000,ns3-simulated/trace-derived
a0-target-only,仅目标流,0,target,L2R,0.250000,0.500000,0.375000,3125.000000,100.000000,100.000000,100.000000,0.250000,ns3-simulated/trace-derived
a0-target-only,仅目标流,0,target,L2R,0.500000,0.750000,0.625000,3125.000000,100.000000,100.000000,100.000000,0.250000,ns3-simulated/trace-derived
a0-target-only,仅目标流,0,target,L2R,0.750000,1.000000,0.875000,3125.000000,100.000000,100.000000,100.000000,0.250000,ns3-simulated/trace-derived
a0-target-only,仅目标流,0,target,L2R,1.000000,1.250000,1.125000,3125.000000,100.000000,100.000000,100.000000,0.250000,ns3-simulated/trace-derived
a0-target-only,仅目标流,0,target,L2R,1.250000,1.500000,1.375000,3125.000000,100.000000,100.000000,100.000000,0.250000,ns3-simulated/trace-derived
a0-target-only,仅目标流,0,target,L2R,1.500000,1.750000,1.625000,3125.000000,100.000000,100.000000,100.000000,0.250000,ns3-simulated/trace-derived
a0-target-only,仅目标流,0,target,L2R,1.750000,2.000000,1.875000,3125.000000,100.000000,100.000000,100.000000,0.250000,ns3-simulated/trace-derived
a0-target-only,仅目标流,0,target,L2R,2.000000,2.250000,2.125000,3125.000000,100.000000,100.000000,100.000000,0.250000,ns3-simulated/trace-derived
a0-target-only,仅目标流,0,target,L2R,2.250000,2.500000,2.375000,3125.000000,100.000000,100.000000,100.000000,0.250000,ns3-simulated/trace-derived
a0-target-only,仅目标流,0,target,L2R,2.500000,2.750000,2.625000,3125.000000,100.000000,100.000000,100.000000,0.250000,ns3-simulated/trace-derived
a0-target-only,仅目标流,0,target,L2R,2.750000,3.000000,2.875000,3125.000000,100.000000,100.000000,100.000000,0.250000,ns3-simulated/trace-derived
a0-target-only,仅目标流,0,target,L2R,3.000000,3.250000,3.125000,3125.000000,100.000000,100.000000,100.000000,0.250000,ns3-simulated/trace-derived
a0-target-only,仅目标流,0,target,L2R,3.250000,3.500000,3.375000,3125.000000,100.000000,100.000000,100.000000,0.250000,ns3-simulated/trace-derived
a0-target-only,仅目标流,0,target,L2R,3.500000,3.750000,3.625000,3125.000000,100.000000,100.000000,100.000000,0.250000,ns3-simulated/trace-derived
a0-target-only,仅目标流,0,target,L2R,3.750000,4.000000,3.875000,3125.000000,100.000000,100.000000,100.000000,0.250000,ns3-simulated/trace-derived
a0-target-only,仅目标流,0,target,L2R,4.000000,4.250000,4.125000,3125.000000,100.000000,100.000000,100.000000,0.250000,ns3-simulated/trace-derived
a0-target-only,仅目标流,0,target,L2R,4.250000,4.500000,4.375000,3125.000000,100.000000,100.000000,100.000000,0.250000,ns3-simulated/trace-derived
a0-target-only,仅目标流,0,target,L2R,4.500000,4.750000,4.625000,3125.000000,100.000000,100.000000,100.000000,0.250000,ns3-simulated/trace-derived
a0-target-only,仅目标流,0,target,L2R,4.750000,5.000000,4.875000,3125.000000,100.000000,100.000000,100.000000,0.250000,ns3-simulated/trace-derived
a0-target-only,仅目标流,0,target,L2R,5.000000,5.250000,5.125000,3125.000000,100.000000,100.000000,100.000000,0.250000,ns3-simulated/trace-derived
a0-target-only,仅目标流,0,target,L2R,5.250000,5.500000,5.375000,3125.000000,100.000000,100.000000,100.000000,0.250000,ns3-simulated/trace-derived
a0-target-only,仅目标流,0,target,L2R,5.500000,5.750000,5.625000,3125.000000,100.000000,100.000000,100.000000,0.250000,ns3-simulated/trace-derived
a0-target-only,仅目标流,0,target,L2R,5.750000,6.000000,5.875000,3125.000000,100.000000,100.000000,100.000000,0.250000,ns3-simulated/trace-derived
a0-target-only,仅目标流,0,target,L2R,6.000000,6.250000,6.125000,3125.000000,100.000000,100.000000,100.000000,0.250000,ns3-simulated/trace-derived
a0-target-only,仅目标流,0,target,L2R,6.250000,6.500000,6.375000,3125.000000,100.000000,100.000000,100.000000,0.250000,ns3-simulated/trace-derived
a0-target-only,仅目标流,0,target,L2R,6.500000,6.750000,6.625000,3125.000000,100.000000,100.000000,100.000000,0.250000,ns3-simulated/trace-derived
a0-target-only,仅目标流,0,target,L2R,6.750000,7.000000,6.875000,3125.000000,100.000000,100.000000,100.000000,0.250000,ns3-simulated/trace-derived
a0-target-only,仅目标流,0,target,L2R,7.000000,7.250000,7.125000,3125.000000,100.000000,100.000000,100.000000,0.250000,ns3-simulated/trace-derived
a0-target-only,仅目标流,0,target,L2R,7.250000,7.500000,7.375000,3125.000000,100.000000,100.000000,100.000000,0.250000,ns3-simulated/trace-derived
a0-target-only,仅目标流,0,target,L2R,7.500000,7.750000,7.625000,3125.000000,100.000000,100.000000,100.000000,0.250000,ns3-simulated/trace-derived
a0-target-only,仅目标流,0,target,L2R,7.750000,8.000000,7.875000,3125.000000,100.000000,100.000000,100.000000,0.250000,ns3-simulated/trace-derived
a0-target-only,仅目标流,0,target,L2R,8.000000,8.250000,8.125000,3125.000000,100.000000,100.000000,100.000000,0.250000,ns3-simulated/trace-derived
a0-target-only,仅目标流,0,target,L2R,8.250000,8.500000,8.375000,3125.000000,100.000000,100.000000,100.000000,0.250000,ns3-simulated/trace-derived
a0-target-only,仅目标流,0,target,L2R,8.500000,8.750000,8.625000,3125.000000,100.000000,100.000000,100.000000,0.250000,ns3-simulated/trace-derived
a0-target-only,仅目标流,0,target,L2R,8.750000,9.000000,8.875000,3125.000000,100.000000,100.000000,100.000000,0.250000,ns3-simulated/trace-derived
a0-target-only,仅目标流,0,target,L2R,9.000000,9.250000,9.125000,3125.000000,100.000000,100.000000,100.000000,0.250000,ns3-simulated/trace-derived
a0-target-only,仅目标流,0,target,L2R,9.250000,9.500000,9.375000,3125.000000,100.000000,100.000000,100.000000,0.250000,ns3-simulated/trace-derived
a0-target-only,仅目标流,0,target,L2R,9.500000,9.750000,9.625000,3125.000000,100.000000,100.000000,100.000000,0.250000,ns3-simulated/trace-derived
a0-target-only,仅目标流,0,target,L2R,9.750000,10.000000,9.875000,3125.000000,100.000000,100.000000,100.000000,0.250000,ns3-simulated/trace-derived
a0-target-only,仅目标流,0,target,L2R,10.000000,10.250000,10.125000,3125.000000,100.000000,100.000000,100.000000,0.250000,ns3-simulated/trace-derived
a0-target-only,仅目标流,0,target,L2R,10.250000,10.500000,10.375000,3125.000000,100.000000,100.000000,100.000000,0.250000,ns3-simulated/trace-derived
a0-target-only,仅目标流,0,target,L2R,10.500000,10.750000,10.625000,3125.000000,100.000000,100.000000,100.000000,0.250000,ns3-simulated/trace-derived
a0-target-only,仅目标流,0,target,L2R,10.750000,11.000000,10.875000,3125.000000,100.000000,100.000000,100.000000,0.250000,ns3-simulated/trace-derived
a0-target-only,仅目标流,0,target,L2R,11.000000,11.250000,11.125000,3125.000000,100.000000,100.000000,100.000000,0.250000,ns3-simulated/trace-derived
a0-target-only,仅目标流,0,target,L2R,11.250000,11.500000,11.375000,3125.000000,100.000000,100.000000,100.000000,0.250000,ns3-simulated/trace-derived
a0-target-only,仅目标流,0,target,L2R,11.500000,11.750000,11.625000,3125.000000,100.000000,100.000000,100.000000,0.250000,ns3-simulated/trace-derived
a0-target-only,仅目标流,0,target,L2R,11.750000,12.000000,11.875000,3125.000000,100.000000,100.000000,100.000000,0.250000,ns3-simulated/trace-derived
a0-target-only,仅目标流,0,target,L2R,12.000000,12.250000,12.125000,3125.000000,100.000000,100.000000,100.000000,0.250000,ns3-simulated/trace-derived
a0-target-only,仅目标流,0,target,L2R,12.250000,12.500000,12.375000,3125.000000,100.000000,100.000000,100.000000,0.250000,ns3-simulated/trace-derived
a0-target-only,仅目标流,0,target,L2R,12.500000,12.750000,12.625000,3125.000000,100.000000,100.000000,100.000000,0.250000,ns3-simulated/trace-derived
a0-target-only,仅目标流,0,target,L2R,12.750000,13.000000,12.875000,3125.000000,100.000000,100.000000,100.000000,0.250000,ns3-simulated/trace-derived
a0-target-only,仅目标流,0,target,L2R,13.000000,13.250000,13.125000,3125.000000,100.000000,100.000000,100.000000,0.250000,ns3-simulated/trace-derived
a0-target-only,仅目标流,0,target,L2R,13.250000,13.500000,13.375000,3125.000000,100.000000,100.000000,100.000000,0.250000,ns3-simulated/trace-derived
a0-target-only,仅目标流,0,target,L2R,13.500000,13.750000,13.625000,3125.000000,100.000000,100.000000,100.000000,0.250000,ns3-simulated/trace-derived
a0-target-only,仅目标流,0,target,L2R,13.750000,14.000000,13.875000,3125.000000,100.000000,100.000000,100.000000,0.250000,ns3-simulated/trace-derived
a0-target-only,仅目标流,0,target,L2R,14.000000,14.250000,14.125000,3125.000000,100.000000,100.000000,100.000000,0.250000,ns3-simulated/trace-derived
a0-target-only,仅目标流,0,target,L2R,14.250000,14.500000,14.375000,3125.000000,100.000000,100.000000,100.000000,0.250000,ns3-simulated/trace-derived
a0-target-only,仅目标流,0,target,L2R,14.500000,14.750000,14.625000,3125.000000,100.000000,100.000000,100.000000,0.250000,ns3-simulated/trace-derived
a0-target-only,仅目标流,0,target,L2R,14.750000,15.000000,14.875000,3125.000000,100.000000,100.000000,100.000000,0.250000,ns3-simulated/trace-derived
a0-target-only,仅目标流,0,target,L2R,15.000000,15.250000,15.125000,3125.000000,100.000000,100.000000,100.000000,0.250000,ns3-simulated/trace-derived
a0-target-only,仅目标流,0,target,L2R,15.250000,15.500000,15.375000,3125.000000,100.000000,100.000000,100.000000,0.250000,ns3-simulated/trace-derived
a0-target-only,仅目标流,0,target,L2R,15.500000,15.750000,15.625000,3125.000000,100.000000,100.000000,100.000000,0.250000,ns3-simulated/trace-derived
a0-target-only,仅目标流,0,target,L2R,15.750000,16.000000,15.875000,3125.000000,100.000000,100.000000,100.000000,0.250000,ns3-simulated/trace-derived
a0-target-only,仅目标流,0,target,L2R,16.000000,16.250000,16.125000,3125.000000,100.000000,100.000000,100.000000,0.250000,ns3-simulated/trace-derived
a0-target-only,仅目标流,0,target,L2R,16.250000,16.500000,16.375000,3125.000000,100.000000,100.000000,100.000000,0.250000,ns3-simulated/trace-derived
a0-target-only,仅目标流,0,target,L2R,16.500000,16.750000,16.625000,3125.000000,100.000000,100.000000,100.000000,0.250000,ns3-simulated/trace-derived
a0-target-only,仅目标流,0,target,L2R,16.750000,17.000000,16.875000,3125.000000,100.000000,100.000000,100.000000,0.250000,ns3-simulated/trace-derived
a0-target-only,仅目标流,0,target,L2R,17.000000,17.250000,17.125000,3125.000000,100.000000,100.000000,100.000000,0.250000,ns3-simulated/trace-derived
a0-target-only,仅目标流,0,target,L2R,17.250000,17.500000,17.375000,3125.000000,100.000000,100.000000,100.000000,0.250000,ns3-simulated/trace-derived
a0-target-only,仅目标流,0,target,L2R,17.500000,17.750000,17.625000,3125.000000,100.000000,100.000000,100.000000,0.250000,ns3-simulated/trace-derived
a0-target-only,仅目标流,0,target,L2R,17.750000,18.000000,17.875000,3125.000000,100.000000,100.000000,100.000000,0.250000,ns3-simulated/trace-derived
a0-target-only,仅目标流,0,target,L2R,18.000000,18.250000,18.125000,3125.000000,100.000000,100.000000,100.000000,0.250000,ns3-simulated/trace-derived
a0-target-only,仅目标流,0,target,L2R,18.250000,18.500000,18.375000,3125.000000,100.000000,100.000000,100.000000,0.250000,ns3-simulated/trace-derived
a0-target-only,仅目标流,0,target,L2R,18.500000,18.750000,18.625000,3125.000000,100.000000,100.000000,100.000000,0.250000,ns3-simulated/trace-derived
a0-target-only,仅目标流,0,target,L2R,18.750000,19.000000,18.875000,3125.000000,100.000000,100.000000,100.000000,0.250000,ns3-simulated/trace-derived
a0-target-only,仅目标流,0,target,L2R,19.000000,19.250000,19.125000,3125.000000,100.000000,100.000000,100.000000,0.250000,ns3-simulated/trace-derived
a0-target-only,仅目标流,0,target,L2R,19.250000,19.500000,19.375000,3125.000000,100.000000,100.000000,100.000000,0.250000,ns3-simulated/trace-derived
a0-target-only,仅目标流,0,target,L2R,19.500000,19.750000,19.625000,3125.000000,100.000000,100.000000,100.000000,0.250000,ns3-simulated/trace-derived
a0-target-only,仅目标流,0,target,L2R,19.750000,20.000000,19.875000,3125.000000,100.000000,100.000000,100.000000,0.250000,ns3-simulated/trace-derived
a0-target-only,仅目标流,0,target,L2R,20.000000,20.250000,20.125000,3125.000000,100.000000,100.000000,100.000000,0.250000,ns3-simulated/trace-derived
a0-target-only,仅目标流,0,target,L2R,20.250000,20.500000,20.375000,3125.000000,100.000000,100.000000,100.000000,0.250000,ns3-simulated/trace-derived
a0-target-only,仅目标流,0,target,L2R,20.500000,20.750000,20.625000,3125.000000,100.000000,100.000000,100.000000,0.250000,ns3-simulated/trace-derived
a0-target-only,仅目标流,0,target,L2R,20.750000,21.000000,20.875000,3125.000000,100.000000,100.000000,100.000000,0.250000,ns3-simulated/trace-derived
a0-target-only,仅目标流,0,target,L2R,21.000000,21.250000,21.125000,3125.000000,100.000000,100.000000,100.000000,0.250000,ns3-simulated/trace-derived
a0-target-only,仅目标流,0,target,L2R,21.250000,21.500000,21.375000,3125.000000,100.000000,100.000000,100.000000,0.250000,ns3-simulated/trace-derived
a0-target-only,仅目标流,0,target,L2R,21.500000,21.750000,21.625000,3125.000000,100.000000,100.000000,100.000000,0.250000,ns3-simulated/trace-derived
a0-target-only,仅目标流,0,target,L2R,21.750000,22.000000,21.875000,3125.000000,100.000000,100.000000,100.000000,0.250000,ns3-simulated/trace-derived
a0-target-only,仅目标流,0,target,L2R,22.000000,22.250000,22.125000,3125.000000,100.000000,100.000000,100.000000,0.250000,ns3-simulated/trace-derived
a0-target-only,仅目标流,0,target,L2R,22.250000,22.500000,22.375000,3125.000000,100.000000,100.000000,100.000000,0.250000,ns3-simulated/trace-derived
a0-target-only,仅目标流,0,target,L2R,22.500000,22.750000,22.625000,3125.000000,100.000000,100.000000,100.000000,0.250000,ns3-simulated/trace-derived
a0-target-only,仅目标流,0,target,L2R,22.750000,23.000000,22.875000,888.000000,28.416000,28.416000,100.000000,0.250000,ns3-simulated/trace-derived
a0-target-only,仅目标流,0,target,L2R,23.000000,23.250000,23.125000,0.000000,0.000000,0.000000,100.000000,0.250000,ns3-simulated/trace-derived
a0-target-only,仅目标流,0,target,L2R,23.250000,23.500000,23.375000,0.000000,0.000000,0.000000,100.000000,0.250000,ns3-simulated/trace-derived
a0-target-only,仅目标流,0,target,L2R,23.500000,23.750000,23.625000,0.000000,0.000000,0.000000,100.000000,0.250000,ns3-simulated/trace-derived
a0-target-only,仅目标流,0,target,L2R,23.750000,24.000000,23.875000,0.000000,0.000000,0.000000,100.000000,0.250000,ns3-simulated/trace-derived
a0-target-only,仅目标流,0,target,L2R,24.000000,24.250000,24.125000,0.000000,0.000000,0.000000,100.000000,0.250000,ns3-simulated/trace-derived
a0-target-only,仅目标流,0,target,L2R,24.250000,24.500000,24.375000,0.000000,0.000000,0.000000,100.000000,0.250000,ns3-simulated/trace-derived
a0-target-only,仅目标流,0,target,L2R,24.500000,24.750000,24.625000,0.000000,0.000000,0.000000,100.000000,0.250000,ns3-simulated/trace-derived
a0-target-only,仅目标流,0,target,L2R,24.750000,25.000000,24.875000,0.000000,0.000000,0.000000,100.000000,0.250000,ns3-simulated/trace-derived
a0-target-only,仅目标流,0,target,L2R,25.000000,25.250000,25.125000,0.000000,0.000000,0.000000,100.000000,0.250000,ns3-simulated/trace-derived
a0-target-only,仅目标流,0,target,L2R,25.250000,25.500000,25.375000,0.000000,0.000000,0.000000,100.000000,0.250000,ns3-simulated/trace-derived
a0-target-only,仅目标流,0,target,L2R,25.500000,25.750000,25.625000,0.000000,0.000000,0.000000,100.000000,0.250000,ns3-simulated/trace-derived
a0-target-only,仅目标流,0,target,L2R,25.750000,26.000000,25.875000,0.000000,0.000000,0.000000,100.000000,0.250000,ns3-simulated/trace-derived
a0-target-only,仅目标流,0,target,L2R,26.000000,26.250000,26.125000,0.000000,0.000000,0.000000,100.000000,0.250000,ns3-simulated/trace-derived
a0-target-only,仅目标流,0,target,L2R,26.250000,26.500000,26.375000,0.000000,0.000000,0.000000,100.000000,0.250000,ns3-simulated/trace-derived
a0-target-only,仅目标流,0,target,L2R,26.500000,26.750000,26.625000,0.000000,0.000000,0.000000,100.000000,0.250000,ns3-simulated/trace-derived
a0-target-only,仅目标流,0,target,L2R,26.750000,27.000000,26.875000,0.000000,0.000000,0.000000,100.000000,0.250000,ns3-simulated/trace-derived
a0-target-only,仅目标流,0,target,L2R,27.000000,27.250000,27.125000,0.000000,0.000000,0.000000,100.000000,0.250000,ns3-simulated/trace-derived
a0-target-only,仅目标流,0,target,L2R,27.250000,27.500000,27.375000,0.000000,0.000000,0.000000,100.000000,0.250000,ns3-simulated/trace-derived
a0-target-only,仅目标流,0,target,L2R,27.500000,27.750000,27.625000,0.000000,0.000000,0.000000,100.000000,0.250000,ns3-simulated/trace-derived
a0-target-only,仅目标流,0,target,L2R,27.750000,28.000000,27.875000,0.000000,0.000000,0.000000,100.000000,0.250000,ns3-simulated/trace-derived
a0-target-only,仅目标流,0,target,L2R,28.000000,28.250000,28.125000,0.000000,0.000000,0.000000,100.000000,0.250000,ns3-simulated/trace-derived
a0-target-only,仅目标流,0,target,L2R,28.250000,28.500000,28.375000,0.000000,0.000000,0.000000,100.000000,0.250000,ns3-simulated/trace-derived
a0-target-only,仅目标流,0,target,L2R,28.500000,28.750000,28.625000,0.000000,0.000000,0.000000,100.000000,0.250000,ns3-simulated/trace-derived
a0-target-only,仅目标流,0,target,L2R,28.750000,29.000000,28.875000,0.000000,0.000000,0.000000,100.000000,0.250000,ns3-simulated/trace-derived
a0-target-only,仅目标流,0,target,L2R,29.000000,29.250000,29.125000,0.000000,0.000000,0.000000,100.000000,0.250000,ns3-simulated/trace-derived
a0-target-only,仅目标流,0,target,L2R,29.250000,29.500000,29.375000,0.000000,0.000000,0.000000,100.000000,0.250000,ns3-simulated/trace-derived
a0-target-only,仅目标流,0,target,L2R,29.500000,29.750000,29.625000,0.000000,0.000000,0.000000,100.000000,0.250000,ns3-simulated/trace-derived
a0-target-only,仅目标流,0,target,L2R,29.750000,30.000000,29.875000,0.000000,0.000000,0.000000,100.000000,0.250000,ns3-simulated/trace-derived
a0-target-only,仅目标流,0,target,L2R,30.000000,30.250000,30.125000,0.000000,0.000000,0.000000,100.000000,0.250000,ns3-simulated/trace-derived
a0-target-only,仅目标流,0,target,L2R,30.250000,30.500000,30.375000,0.000000,0.000000,0.000000,100.000000,0.250000,ns3-simulated/trace-derived
a0-target-only,仅目标流,0,target,L2R,30.500000,30.750000,30.625000,0.000000,0.000000,0.000000,100.000000,0.250000,ns3-simulated/trace-derived
a0-target-only,仅目标流,0,target,L2R,30.750000,31.000000,30.875000,0.000000,0.000000,0.000000,100.000000,0.250000,ns3-simulated/trace-derived
a0-target-only,仅目标流,0,target,L2R,31.000000,31.250000,31.125000,0.000000,0.000000,0.000000,100.000000,0.250000,ns3-simulated/trace-derived
a0-target-only,仅目标流,0,target,L2R,31.250000,31.500000,31.375000,0.000000,0.000000,0.000000,100.000000,0.250000,ns3-simulated/trace-derived
a0-target-only,仅目标流,0,target,L2R,31.500000,31.750000,31.625000,0.000000,0.000000,0.000000,100.000000,0.250000,ns3-simulated/trace-derived
a0-target-only,仅目标流,0,target,L2R,31.750000,32.000000,31.875000,0.000000,0.000000,0.000000,100.000000,0.250000,ns3-simulated/trace-derived
a0-target-only,仅目标流,0,target,L2R,32.000000,32.250000,32.125000,0.000000,0.000000,0.000000,100.000000,0.250000,ns3-simulated/trace-derived
a0-target-only,仅目标流,0,target,L2R,32.250000,32.500000,32.375000,0.000000,0.000000,0.000000,100.000000,0.250000,ns3-simulated/trace-derived
a0-target-only,仅目标流,0,target,L2R,32.500000,32.750000,32.625000,0.000000,0.000000,0.000000,100.000000,0.250000,ns3-simulated/trace-derived
a0-target-only,仅目标流,0,target,L2R,32.750000,33.000000,32.875000,0.000000,0.000000,0.000000,100.000000,0.250000,ns3-simulated/trace-derived
a0-target-only,仅目标流,0,target,L2R,33.000000,33.250000,33.125000,0.000000,0.000000,0.000000,100.000000,0.250000,ns3-simulated/trace-derived
a0-target-only,仅目标流,0,target,L2R,33.250000,33.500000,33.375000,0.000000,0.000000,0.000000,100.000000,0.250000,ns3-simulated/trace-derived
a0-target-only,仅目标流,0,target,L2R,33.500000,33.750000,33.625000,0.000000,0.000000,0.000000,100.000000,0.250000,ns3-simulated/trace-derived
a0-target-only,仅目标流,0,target,L2R,33.750000,34.000000,33.875000,0.000000,0.000000,0.000000,100.000000,0.250000,ns3-simulated/trace-derived
a0-target-only,仅目标流,0,target,L2R,34.000000,34.250000,34.125000,0.000000,0.000000,0.000000,100.000000,0.250000,ns3-simulated/trace-derived
a0-target-only,仅目标流,0,target,L2R,34.250000,34.500000,34.375000,0.000000,0.000000,0.000000,100.000000,0.250000,ns3-simulated/trace-derived
a0-target-only,仅目标流,0,target,L2R,34.500000,34.750000,34.625000,0.000000,0.000000,0.000000,100.000000,0.250000,ns3-simulated/trace-derived
a0-target-only,仅目标流,0,target,L2R,34.750000,35.000000,34.875000,0.000000,0.000000,0.000000,100.000000,0.250000,ns3-simulated/trace-derived
a0-target-only,仅目标流,0,target,L2R,35.000000,35.250000,35.125000,0.000000,0.000000,0.000000,100.000000,0.250000,ns3-simulated/trace-derived
a0-target-only,仅目标流,0,target,L2R,35.250000,35.500000,35.375000,0.000000,0.000000,0.000000,100.000000,0.250000,ns3-simulated/trace-derived
a0-target-only,仅目标流,0,target,L2R,35.500000,35.750000,35.625000,0.000000,0.000000,0.000000,100.000000,0.250000,ns3-simulated/trace-derived
a0-target-only,仅目标流,0,target,L2R,35.750000,36.000000,35.875000,0.000000,0.000000,0.000000,100.000000,0.250000,ns3-simulated/trace-derived
a0-target-only,仅目标流,0,target,L2R,36.000000,36.250000,36.125000,0.000000,0.000000,0.000000,100.000000,0.250000,ns3-simulated/trace-derived
a0-target-only,仅目标流,0,target,L2R,36.250000,36.500000,36.375000,0.000000,0.000000,0.000000,100.000000,0.250000,ns3-simulated/trace-derived
a0-target-only,仅目标流,0,target,L2R,36.500000,36.750000,36.625000,0.000000,0.000000,0.000000,100.000000,0.250000,ns3-simulated/trace-derived
a0-target-only,仅目标流,0,target,L2R,36.750000,37.000000,36.875000,0.000000,0.000000,0.000000,100.000000,0.250000,ns3-simulated/trace-derived
a0-target-only,仅目标流,0,target,L2R,37.000000,37.250000,37.125000,0.000000,0.000000,0.000000,100.000000,0.250000,ns3-simulated/trace-derived
a0-target-only,仅目标流,0,target,L2R,37.250000,37.500000,37.375000,0.000000,0.000000,0.000000,100.000000,0.250000,ns3-simulated/trace-derived
a0-target-only,仅目标流,0,target,L2R,37.500000,37.750000,37.625000,0.000000,0.000000,0.000000,100.000000,0.250000,ns3-simulated/trace-derived
a0-target-only,仅目标流,0,target,L2R,37.750000,38.000000,37.875000,0.000000,0.000000,0.000000,100.000000,0.250000,ns3-simulated/trace-derived
a0-target-only,仅目标流,0,target,L2R,38.000000,38.250000,38.125000,0.000000,0.000000,0.000000,100.000000,0.250000,ns3-simulated/trace-derived
a0-target-only,仅目标流,0,target,L2R,38.250000,38.500000,38.375000,0.000000,0.000000,0.000000,100.000000,0.250000,ns3-simulated/trace-derived
a0-target-only,仅目标流,0,target,L2R,38.500000,38.750000,38.625000,0.000000,0.000000,0.000000,100.000000,0.250000,ns3-simulated/trace-derived
a0-target-only,仅目标流,0,target,L2R,38.750000,39.000000,38.875000,0.000000,0.000000,0.000000,100.000000,0.250000,ns3-simulated/trace-derived
a0-target-only,仅目标流,0,target,L2R,39.000000,39.250000,39.125000,0.000000,0.000000,0.000000,100.000000,0.250000,ns3-simulated/trace-derived
a0-target-only,仅目标流,0,target,L2R,39.250000,39.500000,39.375000,0.000000,0.000000,0.000000,100.000000,0.250000,ns3-simulated/trace-derived
a0-target-only,仅目标流,0,target,L2R,39.500000,39.750000,39.625000,0.000000,0.000000,0.000000,100.000000,0.250000,ns3-simulated/trace-derived
a0-target-only,仅目标流,0,target,L2R,39.750000,40.000000,39.875000,0.000000,0.000000,0.000000,100.000000,0.250000,ns3-simulated/trace-derived
a0-target-only,仅目标流,0,target,L2R,40.000000,40.250000,40.125000,0.000000,0.000000,0.000000,100.000000,0.250000,ns3-simulated/trace-derived
a0-target-only,仅目标流,0,target,L2R,40.250000,40.500000,40.375000,0.000000,0.000000,0.000000,100.000000,0.250000,ns3-simulated/trace-derived
a0-target-only,仅目标流,0,target,L2R,40.500000,40.750000,40.625000,0.000000,0.000000,0.000000,100.000000,0.250000,ns3-simulated/trace-derived
a0-target-only,仅目标流,0,target,L2R,40.750000,41.000000,40.875000,0.000000,0.000000,0.000000,100.000000,0.250000,ns3-simulated/trace-derived
a0-target-only,仅目标流,0,target,L2R,41.000000,41.250000,41.125000,0.000000,0.000000,0.000000,100.000000,0.250000,ns3-simulated/trace-derived
a0-target-only,仅目标流,0,target,L2R,41.250000,41.500000,41.375000,0.000000,0.000000,0.000000,100.000000,0.250000,ns3-simulated/trace-derived
a0-target-only,仅目标流,0,target,L2R,41.500000,41.750000,41.625000,0.000000,0.000000,0.000000,100.000000,0.250000,ns3-simulated/trace-derived
a0-target-only,仅目标流,0,target,L2R,41.750000,42.000000,41.875000,0.000000,0.000000,0.000000,100.000000,0.250000,ns3-simulated/trace-derived
a0-target-only,仅目标流,0,target,L2R,42.000000,42.250000,42.125000,0.000000,0.000000,0.000000,100.000000,0.250000,ns3-simulated/trace-derived
a0-target-only,仅目标流,0,target,L2R,42.250000,42.500000,42.375000,0.000000,0.000000,0.000000,100.000000,0.250000,ns3-simulated/trace-derived
a0-target-only,仅目标流,0,target,L2R,42.500000,42.750000,42.625000,0.000000,0.000000,0.000000,100.000000,0.250000,ns3-simulated/trace-derived
a0-target-only,仅目标流,0,target,L2R,42.750000,43.000000,42.875000,0.000000,0.000000,0.000000,100.000000,0.250000,ns3-simulated/trace-derived
a0-target-only,仅目标流,0,target,L2R,43.000000,43.250000,43.125000,0.000000,0.000000,0.000000,100.000000,0.250000,ns3-simulated/trace-derived
a0-target-only,仅目标流,0,target,L2R,43.250000,43.500000,43.375000,0.000000,0.000000,0.000000,100.000000,0.250000,ns3-simulated/trace-derived
a0-target-only,仅目标流,0,target,L2R,43.500000,43.750000,43.625000,0.000000,0.000000,0.000000,100.000000,0.250000,ns3-simulated/trace-derived
a0-target-only,仅目标流,0,target,L2R,43.750000,44.000000,43.875000,0.000000,0.000000,0.000000,100.000000,0.250000,ns3-simulated/trace-derived
a0-target-only,仅目标流,0,target,L2R,44.000000,44.250000,44.125000,0.000000,0.000000,0.000000,100.000000,0.250000,ns3-simulated/trace-derived
a0-target-only,仅目标流,0,target,L2R,44.250000,44.500000,44.375000,0.000000,0.000000,0.000000,100.000000,0.250000,ns3-simulated/trace-derived
a0-target-only,仅目标流,0,target,L2R,44.500000,44.750000,44.625000,0.000000,0.000000,0.000000,100.000000,0.250000,ns3-simulated/trace-derived
a0-target-only,仅目标流,0,target,L2R,44.750000,45.000000,44.875000,0.000000,0.000000,0.000000,100.000000,0.250000,ns3-simulated/trace-derived
a0-target-only,仅目标流,0,target,L2R,45.000000,45.250000,45.125000,0.000000,0.000000,0.000000,100.000000,0.250000,ns3-simulated/trace-derived
a0-target-only,仅目标流,0,target,L2R,45.250000,45.500000,45.375000,0.000000,0.000000,0.000000,100.000000,0.250000,ns3-simulated/trace-derived
a0-target-only,仅目标流,0,target,L2R,45.500000,45.750000,45.625000,0.000000,0.000000,0.000000,100.000000,0.250000,ns3-simulated/trace-derived
a0-target-only,仅目标流,0,target,L2R,45.750000,46.000000,45.875000,0.000000,0.000000,0.000000,100.000000,0.250000,ns3-simulated/trace-derived
a0-target-only,仅目标流,0,target,L2R,46.000000,46.250000,46.125000,0.000000,0.000000,0.000000,100.000000,0.250000,ns3-simulated/trace-derived
a0-target-only,仅目标流,0,target,L2R,46.250000,46.500000,46.375000,0.000000,0.000000,0.000000,100.000000,0.250000,ns3-simulated/trace-derived
a0-target-only,仅目标流,0,target,L2R,46.500000,46.750000,46.625000,0.000000,0.000000,0.000000,100.000000,0.250000,ns3-simulated/trace-derived
a0-target-only,仅目标流,0,target,L2R,46.750000,47.000000,46.875000,0.000000,0.000000,0.000000,100.000000,0.250000,ns3-simulated/trace-derived
a0-target-only,仅目标流,0,target,L2R,47.000000,47.250000,47.125000,0.000000,0.000000,0.000000,100.000000,0.250000,ns3-simulated/trace-derived
a0-target-only,仅目标流,0,target,L2R,47.250000,47.500000,47.375000,0.000000,0.000000,0.000000,100.000000,0.250000,ns3-simulated/trace-derived
a0-target-only,仅目标流,0,target,L2R,47.500000,47.750000,47.625000,0.000000,0.000000,0.000000,100.000000,0.250000,ns3-simulated/trace-derived
a0-target-only,仅目标流,0,target,L2R,47.750000,48.000000,47.875000,0.000000,0.000000,0.000000,100.000000,0.250000,ns3-simulated/trace-derived
a0-target-only,仅目标流,0,target,L2R,48.000000,48.250000,48.125000,0.000000,0.000000,0.000000,100.000000,0.250000,ns3-simulated/trace-derived
a0-target-only,仅目标流,0,target,L2R,48.250000,48.500000,48.375000,0.000000,0.000000,0.000000,100.000000,0.250000,ns3-simulated/trace-derived
a0-target-only,仅目标流,0,target,L2R,48.500000,48.750000,48.625000,0.000000,0.000000,0.000000,100.000000,0.250000,ns3-simulated/trace-derived
a0-target-only,仅目标流,0,target,L2R,48.750000,49.000000,48.875000,0.000000,0.000000,0.000000,100.000000,0.250000,ns3-simulated/trace-derived
a0-target-only,仅目标流,0,target,L2R,49.000000,49.250000,49.125000,0.000000,0.000000,0.000000,100.000000,0.250000,ns3-simulated/trace-derived
a0-target-only,仅目标流,0,target,L2R,49.250000,49.500000,49.375000,0.000000,0.000000,0.000000,100.000000,0.250000,ns3-simulated/trace-derived
a0-target-only,仅目标流,0,target,L2R,49.500000,49.750000,49.625000,0.000000,0.000000,0.000000,100.000000,0.250000,ns3-simulated/trace-derived
a0-target-only,仅目标流,0,target,L2R,49.750000,50.000000,49.875000,0.000000,0.000000,0.000000,100.000000,0.250000,ns3-simulated/trace-derived
a0-target-only,仅目标流,0,target,L2R,50.000000,50.250000,50.125000,0.000000,0.000000,0.000000,100.000000,0.250000,ns3-simulated/trace-derived
a0-target-only,仅目标流,0,target,L2R,50.250000,50.500000,50.375000,0.000000,0.000000,0.000000,100.000000,0.250000,ns3-simulated/trace-derived
a0-target-only,仅目标流,0,target,L2R,50.500000,50.750000,50.625000,0.000000,0.000000,0.000000,100.000000,0.250000,ns3-simulated/trace-derived
a0-target-only,仅目标流,0,target,L2R,50.750000,51.000000,50.875000,0.000000,0.000000,0.000000,100.000000,0.250000,ns3-simulated/trace-derived
a0-target-only,仅目标流,0,target,L2R,51.000000,51.250000,51.125000,0.000000,0.000000,0.000000,100.000000,0.250000,ns3-simulated/trace-derived
a0-target-only,仅目标流,0,target,L2R,51.250000,51.500000,51.375000,0.000000,0.000000,0.000000,100.000000,0.250000,ns3-simulated/trace-derived
a0-target-only,仅目标流,0,target,L2R,51.500000,51.750000,51.625000,0.000000,0.000000,0.000000,100.000000,0.250000,ns3-simulated/trace-derived
a0-target-only,仅目标流,0,target,L2R,51.750000,52.000000,51.875000,0.000000,0.000000,0.000000,100.000000,0.250000,ns3-simulated/trace-derived
a0-target-only,仅目标流,0,target,L2R,52.000000,52.250000,52.125000,0.000000,0.000000,0.000000,100.000000,0.250000,ns3-simulated/trace-derived
a0-target-only,仅目标流,0,target,L2R,52.250000,52.500000,52.375000,0.000000,0.000000,0.000000,100.000000,0.250000,ns3-simulated/trace-derived
a0-target-only,仅目标流,0,target,L2R,52.500000,52.750000,52.625000,0.000000,0.000000,0.000000,100.000000,0.250000,ns3-simulated/trace-derived
a0-target-only,仅目标流,0,target,L2R,52.750000,53.000000,52.875000,0.000000,0.000000,0.000000,100.000000,0.250000,ns3-simulated/trace-derived
a0-target-only,仅目标流,0,target,L2R,53.000000,53.250000,53.125000,0.000000,0.000000,0.000000,100.000000,0.250000,ns3-simulated/trace-derived
a0-target-only,仅目标流,0,target,L2R,53.250000,53.500000,53.375000,0.000000,0.000000,0.000000,100.000000,0.250000,ns3-simulated/trace-derived
a0-target-only,仅目标流,0,target,L2R,53.500000,53.750000,53.625000,0.000000,0.000000,0.000000,100.000000,0.250000,ns3-simulated/trace-derived
a0-target-only,仅目标流,0,target,L2R,53.750000,54.000000,53.875000,0.000000,0.000000,0.000000,100.000000,0.250000,ns3-simulated/trace-derived
a0-target-only,仅目标流,0,target,L2R,54.000000,54.250000,54.125000,0.000000,0.000000,0.000000,100.000000,0.250000,ns3-simulated/trace-derived
a0-target-only,仅目标流,0,target,L2R,54.250000,54.500000,54.375000,0.000000,0.000000,0.000000,100.000000,0.250000,ns3-simulated/trace-derived
a0-target-only,仅目标流,0,target,L2R,54.500000,54.750000,54.625000,0.000000,0.000000,0.000000,100.000000,0.250000,ns3-simulated/trace-derived
a0-target-only,仅目标流,0,target,L2R,54.750000,55.000000,54.875000,0.000000,0.000000,0.000000,100.000000,0.250000,ns3-simulated/trace-derived
a0-target-only,仅目标流,0,target,L2R,55.000000,55.250000,55.125000,0.000000,0.000000,0.000000,100.000000,0.250000,ns3-simulated/trace-derived
a0-target-only,仅目标流,0,target,L2R,55.250000,55.500000,55.375000,0.000000,0.000000,0.000000,100.000000,0.250000,ns3-simulated/trace-derived
a0-target-only,仅目标流,0,target,L2R,55.500000,55.750000,55.625000,0.000000,0.000000,0.000000,100.000000,0.250000,ns3-simulated/trace-derived
a0-target-only,仅目标流,0,target,L2R,55.750000,56.000000,55.875000,0.000000,0.000000,0.000000,100.000000,0.250000,ns3-simulated/trace-derived
a0-target-only,仅目标流,0,target,L2R,56.000000,56.250000,56.125000,0.000000,0.000000,0.000000,100.000000,0.250000,ns3-simulated/trace-derived
a0-target-only,仅目标流,0,target,L2R,56.250000,56.500000,56.375000,0.000000,0.000000,0.000000,100.000000,0.250000,ns3-simulated/trace-derived
a0-target-only,仅目标流,0,target,L2R,56.500000,56.750000,56.625000,0.000000,0.000000,0.000000,100.000000,0.250000,ns3-simulated/trace-derived
a0-target-only,仅目标流,0,target,L2R,56.750000,57.000000,56.875000,0.000000,0.000000,0.000000,100.000000,0.250000,ns3-simulated/trace-derived
a0-target-only,仅目标流,0,target,L2R,57.000000,57.250000,57.125000,0.000000,0.000000,0.000000,100.000000,0.250000,ns3-simulated/trace-derived
a0-target-only,仅目标流,0,target,L2R,57.250000,57.500000,57.375000,0.000000,0.000000,0.000000,100.000000,0.250000,ns3-simulated/trace-derived
a0-target-only,仅目标流,0,target,L2R,57.500000,57.750000,57.625000,0.000000,0.000000,0.000000,100.000000,0.250000,ns3-simulated/trace-derived
a0-target-only,仅目标流,0,target,L2R,57.750000,58.000000,57.875000,0.000000,0.000000,0.000000,100.000000,0.250000,ns3-simulated/trace-derived
a0-target-only,仅目标流,0,target,L2R,58.000000,58.250000,58.125000,0.000000,0.000000,0.000000,100.000000,0.250000,ns3-simulated/trace-derived
a0-target-only,仅目标流,0,target,L2R,58.250000,58.500000,58.375000,0.000000,0.000000,0.000000,100.000000,0.250000,ns3-simulated/trace-derived
a0-target-only,仅目标流,0,target,L2R,58.500000,58.750000,58.625000,0.000000,0.000000,0.000000,100.000000,0.250000,ns3-simulated/trace-derived
a0-target-only,仅目标流,0,target,L2R,58.750000,59.000000,58.875000,0.000000,0.000000,0.000000,100.000000,0.250000,ns3-simulated/trace-derived
a0-target-only,仅目标流,0,target,L2R,59.000000,59.250000,59.125000,0.000000,0.000000,0.000000,100.000000,0.250000,ns3-simulated/trace-derived
a0-target-only,仅目标流,0,target,L2R,59.250000,59.500000,59.375000,0.000000,0.000000,0.000000,100.000000,0.250000,ns3-simulated/trace-derived
a0-target-only,仅目标流,0,target,L2R,59.500000,59.750000,59.625000,0.000000,0.000000,0.000000,100.000000,0.250000,ns3-simulated/trace-derived
a0-target-only,仅目标流,0,target,L2R,59.750000,60.000000,59.875000,0.000000,0.000000,0.000000,100.000000,0.250000,ns3-simulated/trace-derived
a0-target-only,仅目标流,0,target,L2R,60.000000,60.250000,60.125000,0.000000,0.000000,0.000000,100.000000,0.250000,ns3-simulated/trace-derived
a0-target-only,仅目标流,0,target,L2R,60.250000,60.500000,60.375000,0.000000,0.000000,0.000000,100.000000,0.250000,ns3-simulated/trace-derived
a0-target-only,仅目标流,0,target,L2R,60.500000,60.750000,60.625000,0.000000,0.000000,0.000000,100.000000,0.250000,ns3-simulated/trace-derived
a0-target-only,仅目标流,0,target,L2R,60.750000,61.000000,60.875000,0.000000,0.000000,0.000000,100.000000,0.250000,ns3-simulated/trace-derived
a0-target-only,仅目标流,0,target,L2R,61.000000,61.250000,61.125000,0.000000,0.000000,0.000000,100.000000,0.250000,ns3-simulated/trace-derived
a0-target-only,仅目标流,0,target,L2R,61.250000,61.500000,61.375000,0.000000,0.000000,0.000000,100.000000,0.250000,ns3-simulated/trace-derived
a0-target-only,仅目标流,0,target,L2R,61.500000,61.750000,61.625000,0.000000,0.000000,0.000000,100.000000,0.250000,ns3-simulated/trace-derived
a0-target-only,仅目标流,0,target,L2R,61.750000,62.000000,61.875000,0.000000,0.000000,0.000000,100.000000,0.250000,ns3-simulated/trace-derived
a0-target-only,仅目标流,0,target,L2R,62.000000,62.250000,62.125000,0.000000,0.000000,0.000000,100.000000,0.250000,ns3-simulated/trace-derived
a0-target-only,仅目标流,0,target,L2R,62.250000,62.500000,62.375000,0.000000,0.000000,0.000000,100.000000,0.250000,ns3-simulated/trace-derived
a0-target-only,仅目标流,0,target,L2R,62.500000,62.750000,62.625000,0.000000,0.000000,0.000000,100.000000,0.250000,ns3-simulated/trace-derived
a0-target-only,仅目标流,0,target,L2R,62.750000,63.000000,62.875000,0.000000,0.000000,0.000000,100.000000,0.250000,ns3-simulated/trace-derived
a0-target-only,仅目标流,0,target,L2R,63.000000,63.250000,63.125000,0.000000,0.000000,0.000000,100.000000,0.250000,ns3-simulated/trace-derived
a0-target-only,仅目标流,0,target,L2R,63.250000,63.500000,63.375000,0.000000,0.000000,0.000000,100.000000,0.250000,ns3-simulated/trace-derived
a0-target-only,仅目标流,0,target,L2R,63.500000,63.750000,63.625000,0.000000,0.000000,0.000000,100.000000,0.250000,ns3-simulated/trace-derived
a0-target-only,仅目标流,0,target,L2R,63.750000,64.000000,63.875000,0.000000,0.000000,0.000000,100.000000,0.250000,ns3-simulated/trace-derived
a0-target-only,仅目标流,0,target,L2R,64.000000,64.250000,64.125000,0.000000,0.000000,0.000000,100.000000,0.250000,ns3-simulated/trace-derived
a0-target-only,仅目标流,0,target,L2R,64.250000,64.500000,64.375000,0.000000,0.000000,0.000000,100.000000,0.250000,ns3-simulated/trace-derived
a0-target-only,仅目标流,0,target,L2R,64.500000,64.750000,64.625000,0.000000,0.000000,0.000000,100.000000,0.250000,ns3-simulated/trace-derived
a0-target-only,仅目标流,0,target,L2R,64.750000,65.000000,64.875000,0.000000,0.000000,0.000000,100.000000,0.250000,ns3-simulated/trace-derived
a0-target-only,仅目标流,0,target,L2R,65.000000,65.250000,65.125000,0.000000,0.000000,0.000000,100.000000,0.250000,ns3-simulated/trace-derived
a0-target-only,仅目标流,0,target,L2R,65.250000,65.500000,65.375000,0.000000,0.000000,0.000000,100.000000,0.250000,ns3-simulated/trace-derived
a0-target-only,仅目标流,0,target,L2R,65.500000,65.750000,65.625000,0.000000,0.000000,0.000000,100.000000,0.250000,ns3-simulated/trace-derived
a0-target-only,仅目标流,0,target,L2R,65.750000,66.000000,65.875000,0.000000,0.000000,0.000000,100.000000,0.250000,ns3-simulated/trace-derived
a0-target-only,仅目标流,0,target,L2R,66.000000,66.250000,66.125000,0.000000,0.000000,0.000000,100.000000,0.250000,ns3-simulated/trace-derived
a0-target-only,仅目标流,0,target,L2R,66.250000,66.500000,66.375000,0.000000,0.000000,0.000000,100.000000,0.250000,ns3-simulated/trace-derived
a0-target-only,仅目标流,0,target,L2R,66.500000,66.750000,66.625000,0.000000,0.000000,0.000000,100.000000,0.250000,ns3-simulated/trace-derived
a0-target-only,仅目标流,0,target,L2R,66.750000,67.000000,66.875000,0.000000,0.000000,0.000000,100.000000,0.250000,ns3-simulated/trace-derived
a0-target-only,仅目标流,0,target,L2R,67.000000,67.250000,67.125000,0.000000,0.000000,0.000000,100.000000,0.250000,ns3-simulated/trace-derived
a0-target-only,仅目标流,0,target,L2R,67.250000,67.500000,67.375000,0.000000,0.000000,0.000000,100.000000,0.250000,ns3-simulated/trace-derived
a0-target-only,仅目标流,0,target,L2R,67.500000,67.750000,67.625000,0.000000,0.000000,0.000000,100.000000,0.250000,ns3-simulated/trace-derived
a0-target-only,仅目标流,0,target,L2R,67.750000,68.000000,67.875000,0.000000,0.000000,0.000000,100.000000,0.250000,ns3-simulated/trace-derived
a0-target-only,仅目标流,0,target,L2R,68.000000,68.250000,68.125000,0.000000,0.000000,0.000000,100.000000,0.250000,ns3-simulated/trace-derived
a0-target-only,仅目标流,0,target,L2R,68.250000,68.500000,68.375000,0.000000,0.000000,0.000000,100.000000,0.250000,ns3-simulated/trace-derived
a0-target-only,仅目标流,0,target,L2R,68.500000,68.750000,68.625000,0.000000,0.000000,0.000000,100.000000,0.250000,ns3-simulated/trace-derived
a0-target-only,仅目标流,0,target,L2R,68.750000,69.000000,68.875000,0.000000,0.000000,0.000000,100.000000,0.250000,ns3-simulated/trace-derived
a0-target-only,仅目标流,0,target,L2R,69.000000,69.250000,69.125000,0.000000,0.000000,0.000000,100.000000,0.250000,ns3-simulated/trace-derived
a0-target-only,仅目标流,0,target,L2R,69.250000,69.500000,69.375000,0.000000,0.000000,0.000000,100.000000,0.250000,ns3-simulated/trace-derived
a0-target-only,仅目标流,0,target,L2R,69.500000,69.750000,69.625000,0.000000,0.000000,0.000000,100.000000,0.250000,ns3-simulated/trace-derived
a0-target-only,仅目标流,0,target,L2R,69.750000,70.000000,69.875000,0.000000,0.000000,0.000000,100.000000,0.250000,ns3-simulated/trace-derived
a0-target-only,仅目标流,0,target,L2R,70.000000,70.250000,70.125000,0.000000,0.000000,0.000000,100.000000,0.250000,ns3-simulated/trace-derived
a1-ep-same,同向 EP,0,target,L2R,0.000000,0.250000,0.125000,1694.000000,54.208000,54.208000,100.000000,0.250000,ns3-simulated/trace-derived
a1-ep-same,同向 EP,0,target,L2R,0.250000,0.500000,0.375000,2480.000000,79.360000,79.360000,100.000000,0.250000,ns3-simulated/trace-derived
a1-ep-same,同向 EP,0,target,L2R,0.500000,0.750000,0.625000,0.000000,0.000000,0.000000,100.000000,0.250000,ns3-simulated/trace-derived
a1-ep-same,同向 EP,0,target,L2R,0.750000,1.000000,0.875000,2721.000000,87.072000,87.072000,100.000000,0.250000,ns3-simulated/trace-derived
a1-ep-same,同向 EP,0,target,L2R,1.000000,1.250000,1.125000,1453.000000,46.496000,46.496000,100.000000,0.250000,ns3-simulated/trace-derived
a1-ep-same,同向 EP,0,target,L2R,1.250000,1.500000,1.375000,623.000000,19.936000,19.936000,100.000000,0.250000,ns3-simulated/trace-derived
a1-ep-same,同向 EP,0,target,L2R,1.500000,1.750000,1.625000,3125.000000,100.000000,100.000000,100.000000,0.250000,ns3-simulated/trace-derived
a1-ep-same,同向 EP,0,target,L2R,1.750000,2.000000,1.875000,426.000000,13.632000,13.632000,100.000000,0.250000,ns3-simulated/trace-derived
a1-ep-same,同向 EP,0,target,L2R,2.000000,2.250000,2.125000,1650.000000,52.800000,52.800000,100.000000,0.250000,ns3-simulated/trace-derived
a1-ep-same,同向 EP,0,target,L2R,2.250000,2.500000,2.375000,2524.000000,80.768000,80.768000,100.000000,0.250000,ns3-simulated/trace-derived
a1-ep-same,同向 EP,0,target,L2R,2.500000,2.750000,2.625000,0.000000,0.000000,0.000000,100.000000,0.250000,ns3-simulated/trace-derived
a1-ep-same,同向 EP,0,target,L2R,2.750000,3.000000,2.875000,2677.000000,85.664000,85.664000,100.000000,0.250000,ns3-simulated/trace-derived
a1-ep-same,同向 EP,0,target,L2R,3.000000,3.250000,3.125000,1497.000000,47.904000,47.904000,100.000000,0.250000,ns3-simulated/trace-derived
a1-ep-same,同向 EP,0,target,L2R,3.250000,3.500000,3.375000,579.000000,18.528000,18.528000,100.000000,0.250000,ns3-simulated/trace-derived
a1-ep-same,同向 EP,0,target,L2R,3.500000,3.750000,3.625000,3125.000000,100.000000,100.000000,100.000000,0.250000,ns3-simulated/trace-derived
a1-ep-same,同向 EP,0,target,L2R,3.750000,4.000000,3.875000,470.000000,15.040000,15.040000,100.000000,0.250000,ns3-simulated/trace-derived
a1-ep-same,同向 EP,0,target,L2R,4.000000,4.250000,4.125000,1606.000000,51.392000,51.392000,100.000000,0.250000,ns3-simulated/trace-derived
a1-ep-same,同向 EP,0,target,L2R,4.250000,4.500000,4.375000,2568.000000,82.176000,82.176000,100.000000,0.250000,ns3-simulated/trace-derived
a1-ep-same,同向 EP,0,target,L2R,4.500000,4.750000,4.625000,0.000000,0.000000,0.000000,100.000000,0.250000,ns3-simulated/trace-derived
a1-ep-same,同向 EP,0,target,L2R,4.750000,5.000000,4.875000,2633.000000,84.256000,84.256000,100.000000,0.250000,ns3-simulated/trace-derived
a1-ep-same,同向 EP,0,target,L2R,5.000000,5.250000,5.125000,1541.000000,49.312000,49.312000,100.000000,0.250000,ns3-simulated/trace-derived
a1-ep-same,同向 EP,0,target,L2R,5.250000,5.500000,5.375000,535.000000,17.120000,17.120000,100.000000,0.250000,ns3-simulated/trace-derived
a1-ep-same,同向 EP,0,target,L2R,5.500000,5.750000,5.625000,3125.000000,100.000000,100.000000,100.000000,0.250000,ns3-simulated/trace-derived
a1-ep-same,同向 EP,0,target,L2R,5.750000,6.000000,5.875000,514.000000,16.448000,16.448000,100.000000,0.250000,ns3-simulated/trace-derived
a1-ep-same,同向 EP,0,target,L2R,6.000000,6.250000,6.125000,1562.000000,49.984000,49.984000,100.000000,0.250000,ns3-simulated/trace-derived
a1-ep-same,同向 EP,0,target,L2R,6.250000,6.500000,6.375000,2612.000000,83.584000,83.584000,100.000000,0.250000,ns3-simulated/trace-derived
a1-ep-same,同向 EP,0,target,L2R,6.500000,6.750000,6.625000,0.000000,0.000000,0.000000,100.000000,0.250000,ns3-simulated/trace-derived
a1-ep-same,同向 EP,0,target,L2R,6.750000,7.000000,6.875000,2589.000000,82.848000,82.848000,100.000000,0.250000,ns3-simulated/trace-derived
a1-ep-same,同向 EP,0,target,L2R,7.000000,7.250000,7.125000,1585.000000,50.720000,50.720000,100.000000,0.250000,ns3-simulated/trace-derived
a1-ep-same,同向 EP,0,target,L2R,7.250000,7.500000,7.375000,491.000000,15.712000,15.712000,100.000000,0.250000,ns3-simulated/trace-derived
a1-ep-same,同向 EP,0,target,L2R,7.500000,7.750000,7.625000,3125.000000,100.000000,100.000000,100.000000,0.250000,ns3-simulated/trace-derived
a1-ep-same,同向 EP,0,target,L2R,7.750000,8.000000,7.875000,558.000000,17.856000,17.856000,100.000000,0.250000,ns3-simulated/trace-derived
a1-ep-same,同向 EP,0,target,L2R,8.000000,8.250000,8.125000,1518.000000,48.576000,48.576000,100.000000,0.250000,ns3-simulated/trace-derived
a1-ep-same,同向 EP,0,target,L2R,8.250000,8.500000,8.375000,2656.000000,84.992000,84.992000,100.000000,0.250000,ns3-simulated/trace-derived
a1-ep-same,同向 EP,0,target,L2R,8.500000,8.750000,8.625000,0.000000,0.000000,0.000000,100.000000,0.250000,ns3-simulated/trace-derived
a1-ep-same,同向 EP,0,target,L2R,8.750000,9.000000,8.875000,2545.000000,81.440000,81.440000,100.000000,0.250000,ns3-simulated/trace-derived
a1-ep-same,同向 EP,0,target,L2R,9.000000,9.250000,9.125000,1629.000000,52.128000,52.128000,100.000000,0.250000,ns3-simulated/trace-derived
a1-ep-same,同向 EP,0,target,L2R,9.250000,9.500000,9.375000,447.000000,14.304000,14.304000,100.000000,0.250000,ns3-simulated/trace-derived
a1-ep-same,同向 EP,0,target,L2R,9.500000,9.750000,9.625000,3125.000000,100.000000,100.000000,100.000000,0.250000,ns3-simulated/trace-derived
a1-ep-same,同向 EP,0,target,L2R,9.750000,10.000000,9.875000,602.000000,19.264000,19.264000,100.000000,0.250000,ns3-simulated/trace-derived
a1-ep-same,同向 EP,0,target,L2R,10.000000,10.250000,10.125000,1474.000000,47.168000,47.168000,100.000000,0.250000,ns3-simulated/trace-derived
a1-ep-same,同向 EP,0,target,L2R,10.250000,10.500000,10.375000,2700.000000,86.400000,86.400000,100.000000,0.250000,ns3-simulated/trace-derived
a1-ep-same,同向 EP,0,target,L2R,10.500000,10.750000,10.625000,0.000000,0.000000,0.000000,100.000000,0.250000,ns3-simulated/trace-derived
a1-ep-same,同向 EP,0,target,L2R,10.750000,11.000000,10.875000,2501.000000,80.032000,80.032000,100.000000,0.250000,ns3-simulated/trace-derived
a1-ep-same,同向 EP,0,target,L2R,11.000000,11.250000,11.125000,1673.000000,53.536000,53.536000,100.000000,0.250000,ns3-simulated/trace-derived
a1-ep-same,同向 EP,0,target,L2R,11.250000,11.500000,11.375000,403.000000,12.896000,12.896000,100.000000,0.250000,ns3-simulated/trace-derived
a1-ep-same,同向 EP,0,target,L2R,11.500000,11.750000,11.625000,3125.000000,100.000000,100.000000,100.000000,0.250000,ns3-simulated/trace-derived
a1-ep-same,同向 EP,0,target,L2R,11.750000,12.000000,11.875000,646.000000,20.672000,20.672000,100.000000,0.250000,ns3-simulated/trace-derived
a1-ep-same,同向 EP,0,target,L2R,12.000000,12.250000,12.125000,1430.000000,45.760000,45.760000,100.000000,0.250000,ns3-simulated/trace-derived
a1-ep-same,同向 EP,0,target,L2R,12.250000,12.500000,12.375000,2744.000000,87.808000,87.808000,100.000000,0.250000,ns3-simulated/trace-derived
a1-ep-same,同向 EP,0,target,L2R,12.500000,12.750000,12.625000,0.000000,0.000000,0.000000,100.000000,0.250000,ns3-simulated/trace-derived
a1-ep-same,同向 EP,0,target,L2R,12.750000,13.000000,12.875000,2457.000000,78.624000,78.624000,100.000000,0.250000,ns3-simulated/trace-derived
a1-ep-same,同向 EP,0,target,L2R,13.000000,13.250000,13.125000,1717.000000,54.944000,54.944000,100.000000,0.250000,ns3-simulated/trace-derived
a1-ep-same,同向 EP,0,target,L2R,13.250000,13.500000,13.375000,359.000000,11.488000,11.488000,100.000000,0.250000,ns3-simulated/trace-derived
a1-ep-same,同向 EP,0,target,L2R,13.500000,13.750000,13.625000,3125.000000,100.000000,100.000000,100.000000,0.250000,ns3-simulated/trace-derived
a1-ep-same,同向 EP,0,target,L2R,13.750000,14.000000,13.875000,690.000000,22.080000,22.080000,100.000000,0.250000,ns3-simulated/trace-derived
a1-ep-same,同向 EP,0,target,L2R,14.000000,14.250000,14.125000,1386.000000,44.352000,44.352000,100.000000,0.250000,ns3-simulated/trace-derived
a1-ep-same,同向 EP,0,target,L2R,14.250000,14.500000,14.375000,2788.000000,89.216000,89.216000,100.000000,0.250000,ns3-simulated/trace-derived
a1-ep-same,同向 EP,0,target,L2R,14.500000,14.750000,14.625000,0.000000,0.000000,0.000000,100.000000,0.250000,ns3-simulated/trace-derived
a1-ep-same,同向 EP,0,target,L2R,14.750000,15.000000,14.875000,2413.000000,77.216000,77.216000,100.000000,0.250000,ns3-simulated/trace-derived
a1-ep-same,同向 EP,0,target,L2R,15.000000,15.250000,15.125000,1761.000000,56.352000,56.352000,100.000000,0.250000,ns3-simulated/trace-derived
a1-ep-same,同向 EP,0,target,L2R,15.250000,15.500000,15.375000,315.000000,10.080000,10.080000,100.000000,0.250000,ns3-simulated/trace-derived
a1-ep-same,同向 EP,0,target,L2R,15.500000,15.750000,15.625000,3125.000000,100.000000,100.000000,100.000000,0.250000,ns3-simulated/trace-derived
a1-ep-same,同向 EP,0,target,L2R,15.750000,16.000000,15.875000,734.000000,23.488000,23.488000,100.000000,0.250000,ns3-simulated/trace-derived
a1-ep-same,同向 EP,0,target,L2R,16.000000,16.250000,16.125000,1342.000000,42.944000,42.944000,100.000000,0.250000,ns3-simulated/trace-derived
a1-ep-same,同向 EP,0,target,L2R,16.250000,16.500000,16.375000,2832.000000,90.624000,90.624000,100.000000,0.250000,ns3-simulated/trace-derived
a1-ep-same,同向 EP,0,target,L2R,16.500000,16.750000,16.625000,0.000000,0.000000,0.000000,100.000000,0.250000,ns3-simulated/trace-derived
a1-ep-same,同向 EP,0,target,L2R,16.750000,17.000000,16.875000,2369.000000,75.808000,75.808000,100.000000,0.250000,ns3-simulated/trace-derived
a1-ep-same,同向 EP,0,target,L2R,17.000000,17.250000,17.125000,1805.000000,57.760000,57.760000,100.000000,0.250000,ns3-simulated/trace-derived
a1-ep-same,同向 EP,0,target,L2R,17.250000,17.500000,17.375000,271.000000,8.672000,8.672000,100.000000,0.250000,ns3-simulated/trace-derived
a1-ep-same,同向 EP,0,target,L2R,17.500000,17.750000,17.625000,3125.000000,100.000000,100.000000,100.000000,0.250000,ns3-simulated/trace-derived
a1-ep-same,同向 EP,0,target,L2R,17.750000,18.000000,17.875000,778.000000,24.896000,24.896000,100.000000,0.250000,ns3-simulated/trace-derived
a1-ep-same,同向 EP,0,target,L2R,18.000000,18.250000,18.125000,1298.000000,41.536000,41.536000,100.000000,0.250000,ns3-simulated/trace-derived
a1-ep-same,同向 EP,0,target,L2R,18.250000,18.500000,18.375000,2876.000000,92.032000,92.032000,100.000000,0.250000,ns3-simulated/trace-derived
a1-ep-same,同向 EP,0,target,L2R,18.500000,18.750000,18.625000,0.000000,0.000000,0.000000,100.000000,0.250000,ns3-simulated/trace-derived
a1-ep-same,同向 EP,0,target,L2R,18.750000,19.000000,18.875000,2325.000000,74.400000,74.400000,100.000000,0.250000,ns3-simulated/trace-derived
a1-ep-same,同向 EP,0,target,L2R,19.000000,19.250000,19.125000,1849.000000,59.168000,59.168000,100.000000,0.250000,ns3-simulated/trace-derived
a1-ep-same,同向 EP,0,target,L2R,19.250000,19.500000,19.375000,227.000000,7.264000,7.264000,100.000000,0.250000,ns3-simulated/trace-derived
a1-ep-same,同向 EP,0,target,L2R,19.500000,19.750000,19.625000,3125.000000,100.000000,100.000000,100.000000,0.250000,ns3-simulated/trace-derived
a1-ep-same,同向 EP,0,target,L2R,19.750000,20.000000,19.875000,822.000000,26.304000,26.304000,100.000000,0.250000,ns3-simulated/trace-derived
a1-ep-same,同向 EP,0,target,L2R,20.000000,20.250000,20.125000,1254.000000,40.128000,40.128000,100.000000,0.250000,ns3-simulated/trace-derived
a1-ep-same,同向 EP,0,target,L2R,20.250000,20.500000,20.375000,2920.000000,93.440000,93.440000,100.000000,0.250000,ns3-simulated/trace-derived
a1-ep-same,同向 EP,0,target,L2R,20.500000,20.750000,20.625000,0.000000,0.000000,0.000000,100.000000,0.250000,ns3-simulated/trace-derived
a1-ep-same,同向 EP,0,target,L2R,20.750000,21.000000,20.875000,2281.000000,72.992000,72.992000,100.000000,0.250000,ns3-simulated/trace-derived
a1-ep-same,同向 EP,0,target,L2R,21.000000,21.250000,21.125000,1893.000000,60.576000,60.576000,100.000000,0.250000,ns3-simulated/trace-derived
a1-ep-same,同向 EP,0,target,L2R,21.250000,21.500000,21.375000,183.000000,5.856000,5.856000,100.000000,0.250000,ns3-simulated/trace-derived
a1-ep-same,同向 EP,0,target,L2R,21.500000,21.750000,21.625000,3125.000000,100.000000,100.000000,100.000000,0.250000,ns3-simulated/trace-derived
a1-ep-same,同向 EP,0,target,L2R,21.750000,22.000000,21.875000,866.000000,27.712000,27.712000,100.000000,0.250000,ns3-simulated/trace-derived
a1-ep-same,同向 EP,0,target,L2R,22.000000,22.250000,22.125000,1210.000000,38.720000,38.720000,100.000000,0.250000,ns3-simulated/trace-derived
a1-ep-same,同向 EP,0,target,L2R,22.250000,22.500000,22.375000,2964.000000,94.848000,94.848000,100.000000,0.250000,ns3-simulated/trace-derived
a1-ep-same,同向 EP,0,target,L2R,22.500000,22.750000,22.625000,0.000000,0.000000,0.000000,100.000000,0.250000,ns3-simulated/trace-derived
a1-ep-same,同向 EP,0,target,L2R,22.750000,23.000000,22.875000,2237.000000,71.584000,71.584000,100.000000,0.250000,ns3-simulated/trace-derived
a1-ep-same,同向 EP,0,target,L2R,23.000000,23.250000,23.125000,1937.000000,61.984000,61.984000,100.000000,0.250000,ns3-simulated/trace-derived
a1-ep-same,同向 EP,0,target,L2R,23.250000,23.500000,23.375000,139.000000,4.448000,4.448000,100.000000,0.250000,ns3-simulated/trace-derived
a1-ep-same,同向 EP,0,target,L2R,23.500000,23.750000,23.625000,3125.000000,100.000000,100.000000,100.000000,0.250000,ns3-simulated/trace-derived
a1-ep-same,同向 EP,0,target,L2R,23.750000,24.000000,23.875000,910.000000,29.120000,29.120000,100.000000,0.250000,ns3-simulated/trace-derived
a1-ep-same,同向 EP,0,target,L2R,24.000000,24.250000,24.125000,1166.000000,37.312000,37.312000,100.000000,0.250000,ns3-simulated/trace-derived
a1-ep-same,同向 EP,0,target,L2R,24.250000,24.500000,24.375000,3008.000000,96.256000,96.256000,100.000000,0.250000,ns3-simulated/trace-derived
a1-ep-same,同向 EP,0,target,L2R,24.500000,24.750000,24.625000,0.000000,0.000000,0.000000,100.000000,0.250000,ns3-simulated/trace-derived
a1-ep-same,同向 EP,0,target,L2R,24.750000,25.000000,24.875000,2193.000000,70.176000,70.176000,100.000000,0.250000,ns3-simulated/trace-derived
a1-ep-same,同向 EP,0,target,L2R,25.000000,25.250000,25.125000,1981.000000,63.392000,63.392000,100.000000,0.250000,ns3-simulated/trace-derived
a1-ep-same,同向 EP,0,target,L2R,25.250000,25.500000,25.375000,95.000000,3.040000,3.040000,100.000000,0.250000,ns3-simulated/trace-derived
a1-ep-same,同向 EP,0,target,L2R,25.500000,25.750000,25.625000,3125.000000,100.000000,100.000000,100.000000,0.250000,ns3-simulated/trace-derived
a1-ep-same,同向 EP,0,target,L2R,25.750000,26.000000,25.875000,954.000000,30.528000,30.528000,100.000000,0.250000,ns3-simulated/trace-derived
a1-ep-same,同向 EP,0,target,L2R,26.000000,26.250000,26.125000,1122.000000,35.904000,35.904000,100.000000,0.250000,ns3-simulated/trace-derived
a1-ep-same,同向 EP,0,target,L2R,26.250000,26.500000,26.375000,3052.000000,97.664000,97.664000,100.000000,0.250000,ns3-simulated/trace-derived
a1-ep-same,同向 EP,0,target,L2R,26.500000,26.750000,26.625000,0.000000,0.000000,0.000000,100.000000,0.250000,ns3-simulated/trace-derived
a1-ep-same,同向 EP,0,target,L2R,26.750000,27.000000,26.875000,2149.000000,68.768000,68.768000,100.000000,0.250000,ns3-simulated/trace-derived
a1-ep-same,同向 EP,0,target,L2R,27.000000,27.250000,27.125000,2025.000000,64.800000,64.800000,100.000000,0.250000,ns3-simulated/trace-derived
a1-ep-same,同向 EP,0,target,L2R,27.250000,27.500000,27.375000,51.000000,1.632000,1.632000,100.000000,0.250000,ns3-simulated/trace-derived
a1-ep-same,同向 EP,0,target,L2R,27.500000,27.750000,27.625000,3125.000000,100.000000,100.000000,100.000000,0.250000,ns3-simulated/trace-derived
a1-ep-same,同向 EP,0,target,L2R,27.750000,28.000000,27.875000,998.000000,31.936000,31.936000,100.000000,0.250000,ns3-simulated/trace-derived
a1-ep-same,同向 EP,0,target,L2R,28.000000,28.250000,28.125000,1078.000000,34.496000,34.496000,100.000000,0.250000,ns3-simulated/trace-derived
a1-ep-same,同向 EP,0,target,L2R,28.250000,28.500000,28.375000,3096.000000,99.072000,99.072000,100.000000,0.250000,ns3-simulated/trace-derived
a1-ep-same,同向 EP,0,target,L2R,28.500000,28.750000,28.625000,0.000000,0.000000,0.000000,100.000000,0.250000,ns3-simulated/trace-derived
a1-ep-same,同向 EP,0,target,L2R,28.750000,29.000000,28.875000,2105.000000,67.360000,67.360000,100.000000,0.250000,ns3-simulated/trace-derived
a1-ep-same,同向 EP,0,target,L2R,29.000000,29.250000,29.125000,2069.000000,66.208000,66.208000,100.000000,0.250000,ns3-simulated/trace-derived
a1-ep-same,同向 EP,0,target,L2R,29.250000,29.500000,29.375000,7.000000,0.224000,0.224000,100.000000,0.250000,ns3-simulated/trace-derived
a1-ep-same,同向 EP,0,target,L2R,29.500000,29.750000,29.625000,3125.000000,100.000000,100.000000,100.000000,0.250000,ns3-simulated/trace-derived
a1-ep-same,同向 EP,0,target,L2R,29.750000,30.000000,29.875000,1042.000000,33.344000,33.344000,100.000000,0.250000,ns3-simulated/trace-derived
a1-ep-same,同向 EP,0,target,L2R,30.000000,30.250000,30.125000,1034.000000,33.088000,33.088000,100.000000,0.250000,ns3-simulated/trace-derived
a1-ep-same,同向 EP,0,target,L2R,30.250000,30.500000,30.375000,3125.000000,100.000000,100.000000,100.000000,0.250000,ns3-simulated/trace-derived
a1-ep-same,同向 EP,0,target,L2R,30.500000,30.750000,30.625000,15.000000,0.480000,0.480000,100.000000,0.250000,ns3-simulated/trace-derived
a1-ep-same,同向 EP,0,target,L2R,30.750000,31.000000,30.875000,2061.000000,65.952000,65.952000,100.000000,0.250000,ns3-simulated/trace-derived
a1-ep-same,同向 EP,0,target,L2R,31.000000,31.250000,31.125000,2113.000000,67.616000,67.616000,100.000000,0.250000,ns3-simulated/trace-derived
a1-ep-same,同向 EP,0,target,L2R,31.250000,31.500000,31.375000,0.000000,0.000000,0.000000,100.000000,0.250000,ns3-simulated/trace-derived
a1-ep-same,同向 EP,0,target,L2R,31.500000,31.750000,31.625000,3088.000000,98.816000,98.816000,100.000000,0.250000,ns3-simulated/trace-derived
a1-ep-same,同向 EP,0,target,L2R,31.750000,32.000000,31.875000,1086.000000,34.752000,34.752000,100.000000,0.250000,ns3-simulated/trace-derived
a1-ep-same,同向 EP,0,target,L2R,32.000000,32.250000,32.125000,990.000000,31.680000,31.680000,100.000000,0.250000,ns3-simulated/trace-derived
a1-ep-same,同向 EP,0,target,L2R,32.250000,32.500000,32.375000,3125.000000,100.000000,100.000000,100.000000,0.250000,ns3-simulated/trace-derived
a1-ep-same,同向 EP,0,target,L2R,32.500000,32.750000,32.625000,59.000000,1.888000,1.888000,100.000000,0.250000,ns3-simulated/trace-derived
a1-ep-same,同向 EP,0,target,L2R,32.750000,33.000000,32.875000,2017.000000,64.544000,64.544000,100.000000,0.250000,ns3-simulated/trace-derived
a1-ep-same,同向 EP,0,target,L2R,33.000000,33.250000,33.125000,2157.000000,69.024000,69.024000,100.000000,0.250000,ns3-simulated/trace-derived
a1-ep-same,同向 EP,0,target,L2R,33.250000,33.500000,33.375000,0.000000,0.000000,0.000000,100.000000,0.250000,ns3-simulated/trace-derived
a1-ep-same,同向 EP,0,target,L2R,33.500000,33.750000,33.625000,3044.000000,97.408000,97.408000,100.000000,0.250000,ns3-simulated/trace-derived
a1-ep-same,同向 EP,0,target,L2R,33.750000,34.000000,33.875000,1130.000000,36.160000,36.160000,100.000000,0.250000,ns3-simulated/trace-derived
a1-ep-same,同向 EP,0,target,L2R,34.000000,34.250000,34.125000,946.000000,30.272000,30.272000,100.000000,0.250000,ns3-simulated/trace-derived
a1-ep-same,同向 EP,0,target,L2R,34.250000,34.500000,34.375000,3125.000000,100.000000,100.000000,100.000000,0.250000,ns3-simulated/trace-derived
a1-ep-same,同向 EP,0,target,L2R,34.500000,34.750000,34.625000,103.000000,3.296000,3.296000,100.000000,0.250000,ns3-simulated/trace-derived
a1-ep-same,同向 EP,0,target,L2R,34.750000,35.000000,34.875000,1973.000000,63.136000,63.136000,100.000000,0.250000,ns3-simulated/trace-derived
a1-ep-same,同向 EP,0,target,L2R,35.000000,35.250000,35.125000,2201.000000,70.432000,70.432000,100.000000,0.250000,ns3-simulated/trace-derived
a1-ep-same,同向 EP,0,target,L2R,35.250000,35.500000,35.375000,0.000000,0.000000,0.000000,100.000000,0.250000,ns3-simulated/trace-derived
a1-ep-same,同向 EP,0,target,L2R,35.500000,35.750000,35.625000,3000.000000,96.000000,96.000000,100.000000,0.250000,ns3-simulated/trace-derived
a1-ep-same,同向 EP,0,target,L2R,35.750000,36.000000,35.875000,1174.000000,37.568000,37.568000,100.000000,0.250000,ns3-simulated/trace-derived
a1-ep-same,同向 EP,0,target,L2R,36.000000,36.250000,36.125000,902.000000,28.864000,28.864000,100.000000,0.250000,ns3-simulated/trace-derived
a1-ep-same,同向 EP,0,target,L2R,36.250000,36.500000,36.375000,3125.000000,100.000000,100.000000,100.000000,0.250000,ns3-simulated/trace-derived
a1-ep-same,同向 EP,0,target,L2R,36.500000,36.750000,36.625000,147.000000,4.704000,4.704000,100.000000,0.250000,ns3-simulated/trace-derived
a1-ep-same,同向 EP,0,target,L2R,36.750000,37.000000,36.875000,1929.000000,61.728000,61.728000,100.000000,0.250000,ns3-simulated/trace-derived
a1-ep-same,同向 EP,0,target,L2R,37.000000,37.250000,37.125000,2245.000000,71.840000,71.840000,100.000000,0.250000,ns3-simulated/trace-derived
a1-ep-same,同向 EP,0,target,L2R,37.250000,37.500000,37.375000,0.000000,0.000000,0.000000,100.000000,0.250000,ns3-simulated/trace-derived
a1-ep-same,同向 EP,0,target,L2R,37.500000,37.750000,37.625000,2956.000000,94.592000,94.592000,100.000000,0.250000,ns3-simulated/trace-derived
a1-ep-same,同向 EP,0,target,L2R,37.750000,38.000000,37.875000,1218.000000,38.976000,38.976000,100.000000,0.250000,ns3-simulated/trace-derived
a1-ep-same,同向 EP,0,target,L2R,38.000000,38.250000,38.125000,858.000000,27.456000,27.456000,100.000000,0.250000,ns3-simulated/trace-derived
a1-ep-same,同向 EP,0,target,L2R,38.250000,38.500000,38.375000,3125.000000,100.000000,100.000000,100.000000,0.250000,ns3-simulated/trace-derived
a1-ep-same,同向 EP,0,target,L2R,38.500000,38.750000,38.625000,191.000000,6.112000,6.112000,100.000000,0.250000,ns3-simulated/trace-derived
a1-ep-same,同向 EP,0,target,L2R,38.750000,39.000000,38.875000,1885.000000,60.320000,60.320000,100.000000,0.250000,ns3-simulated/trace-derived
a1-ep-same,同向 EP,0,target,L2R,39.000000,39.250000,39.125000,2289.000000,73.248000,73.248000,100.000000,0.250000,ns3-simulated/trace-derived
a1-ep-same,同向 EP,0,target,L2R,39.250000,39.500000,39.375000,0.000000,0.000000,0.000000,100.000000,0.250000,ns3-simulated/trace-derived
a1-ep-same,同向 EP,0,target,L2R,39.500000,39.750000,39.625000,2912.000000,93.184000,93.184000,100.000000,0.250000,ns3-simulated/trace-derived
a1-ep-same,同向 EP,0,target,L2R,39.750000,40.000000,39.875000,1262.000000,40.384000,40.384000,100.000000,0.250000,ns3-simulated/trace-derived
a1-ep-same,同向 EP,0,target,L2R,40.000000,40.250000,40.125000,814.000000,26.048000,26.048000,100.000000,0.250000,ns3-simulated/trace-derived
a1-ep-same,同向 EP,0,target,L2R,40.250000,40.500000,40.375000,3125.000000,100.000000,100.000000,100.000000,0.250000,ns3-simulated/trace-derived
a1-ep-same,同向 EP,0,target,L2R,40.500000,40.750000,40.625000,235.000000,7.520000,7.520000,100.000000,0.250000,ns3-simulated/trace-derived
a1-ep-same,同向 EP,0,target,L2R,40.750000,41.000000,40.875000,1841.000000,58.912000,58.912000,100.000000,0.250000,ns3-simulated/trace-derived
a1-ep-same,同向 EP,0,target,L2R,41.000000,41.250000,41.125000,2333.000000,74.656000,74.656000,100.000000,0.250000,ns3-simulated/trace-derived
a1-ep-same,同向 EP,0,target,L2R,41.250000,41.500000,41.375000,0.000000,0.000000,0.000000,100.000000,0.250000,ns3-simulated/trace-derived
a1-ep-same,同向 EP,0,target,L2R,41.500000,41.750000,41.625000,2868.000000,91.776000,91.776000,100.000000,0.250000,ns3-simulated/trace-derived
a1-ep-same,同向 EP,0,target,L2R,41.750000,42.000000,41.875000,1306.000000,41.792000,41.792000,100.000000,0.250000,ns3-simulated/trace-derived
a1-ep-same,同向 EP,0,target,L2R,42.000000,42.250000,42.125000,770.000000,24.640000,24.640000,100.000000,0.250000,ns3-simulated/trace-derived
a1-ep-same,同向 EP,0,target,L2R,42.250000,42.500000,42.375000,3125.000000,100.000000,100.000000,100.000000,0.250000,ns3-simulated/trace-derived
a1-ep-same,同向 EP,0,target,L2R,42.500000,42.750000,42.625000,279.000000,8.928000,8.928000,100.000000,0.250000,ns3-simulated/trace-derived
a1-ep-same,同向 EP,0,target,L2R,42.750000,43.000000,42.875000,1797.000000,57.504000,57.504000,100.000000,0.250000,ns3-simulated/trace-derived
a1-ep-same,同向 EP,0,target,L2R,43.000000,43.250000,43.125000,2377.000000,76.064000,76.064000,100.000000,0.250000,ns3-simulated/trace-derived
a1-ep-same,同向 EP,0,target,L2R,43.250000,43.500000,43.375000,0.000000,0.000000,0.000000,100.000000,0.250000,ns3-simulated/trace-derived
a1-ep-same,同向 EP,0,target,L2R,43.500000,43.750000,43.625000,2824.000000,90.368000,90.368000,100.000000,0.250000,ns3-simulated/trace-derived
a1-ep-same,同向 EP,0,target,L2R,43.750000,44.000000,43.875000,1350.000000,43.200000,43.200000,100.000000,0.250000,ns3-simulated/trace-derived
a1-ep-same,同向 EP,0,target,L2R,44.000000,44.250000,44.125000,726.000000,23.232000,23.232000,100.000000,0.250000,ns3-simulated/trace-derived
a1-ep-same,同向 EP,0,target,L2R,44.250000,44.500000,44.375000,3125.000000,100.000000,100.000000,100.000000,0.250000,ns3-simulated/trace-derived
a1-ep-same,同向 EP,0,target,L2R,44.500000,44.750000,44.625000,323.000000,10.336000,10.336000,100.000000,0.250000,ns3-simulated/trace-derived
a1-ep-same,同向 EP,0,target,L2R,44.750000,45.000000,44.875000,1753.000000,56.096000,56.096000,100.000000,0.250000,ns3-simulated/trace-derived
a1-ep-same,同向 EP,0,target,L2R,45.000000,45.250000,45.125000,2421.000000,77.472000,77.472000,100.000000,0.250000,ns3-simulated/trace-derived
a1-ep-same,同向 EP,0,target,L2R,45.250000,45.500000,45.375000,0.000000,0.000000,0.000000,100.000000,0.250000,ns3-simulated/trace-derived
a1-ep-same,同向 EP,0,target,L2R,45.500000,45.750000,45.625000,0.000000,0.000000,0.000000,100.000000,0.250000,ns3-simulated/trace-derived
a1-ep-same,同向 EP,0,target,L2R,45.750000,46.000000,45.875000,0.000000,0.000000,0.000000,100.000000,0.250000,ns3-simulated/trace-derived
a1-ep-same,同向 EP,0,target,L2R,46.000000,46.250000,46.125000,0.000000,0.000000,0.000000,100.000000,0.250000,ns3-simulated/trace-derived
a1-ep-same,同向 EP,0,target,L2R,46.250000,46.500000,46.375000,0.000000,0.000000,0.000000,100.000000,0.250000,ns3-simulated/trace-derived
a1-ep-same,同向 EP,0,target,L2R,46.500000,46.750000,46.625000,0.000000,0.000000,0.000000,100.000000,0.250000,ns3-simulated/trace-derived
a1-ep-same,同向 EP,0,target,L2R,46.750000,47.000000,46.875000,0.000000,0.000000,0.000000,100.000000,0.250000,ns3-simulated/trace-derived
a1-ep-same,同向 EP,0,target,L2R,47.000000,47.250000,47.125000,0.000000,0.000000,0.000000,100.000000,0.250000,ns3-simulated/trace-derived
a1-ep-same,同向 EP,0,target,L2R,47.250000,47.500000,47.375000,0.000000,0.000000,0.000000,100.000000,0.250000,ns3-simulated/trace-derived
a1-ep-same,同向 EP,0,target,L2R,47.500000,47.750000,47.625000,0.000000,0.000000,0.000000,100.000000,0.250000,ns3-simulated/trace-derived
a1-ep-same,同向 EP,0,target,L2R,47.750000,48.000000,47.875000,0.000000,0.000000,0.000000,100.000000,0.250000,ns3-simulated/trace-derived
a1-ep-same,同向 EP,0,target,L2R,48.000000,48.250000,48.125000,0.000000,0.000000,0.000000,100.000000,0.250000,ns3-simulated/trace-derived
a1-ep-same,同向 EP,0,target,L2R,48.250000,48.500000,48.375000,0.000000,0.000000,0.000000,100.000000,0.250000,ns3-simulated/trace-derived
a1-ep-same,同向 EP,0,target,L2R,48.500000,48.750000,48.625000,0.000000,0.000000,0.000000,100.000000,0.250000,ns3-simulated/trace-derived
a1-ep-same,同向 EP,0,target,L2R,48.750000,49.000000,48.875000,0.000000,0.000000,0.000000,100.000000,0.250000,ns3-simulated/trace-derived
a1-ep-same,同向 EP,0,target,L2R,49.000000,49.250000,49.125000,0.000000,0.000000,0.000000,100.000000,0.250000,ns3-simulated/trace-derived
a1-ep-same,同向 EP,0,target,L2R,49.250000,49.500000,49.375000,0.000000,0.000000,0.000000,100.000000,0.250000,ns3-simulated/trace-derived
a1-ep-same,同向 EP,0,target,L2R,49.500000,49.750000,49.625000,0.000000,0.000000,0.000000,100.000000,0.250000,ns3-simulated/trace-derived
a1-ep-same,同向 EP,0,target,L2R,49.750000,50.000000,49.875000,0.000000,0.000000,0.000000,100.000000,0.250000,ns3-simulated/trace-derived
a1-ep-same,同向 EP,0,target,L2R,50.000000,50.250000,50.125000,0.000000,0.000000,0.000000,100.000000,0.250000,ns3-simulated/trace-derived
a1-ep-same,同向 EP,0,target,L2R,50.250000,50.500000,50.375000,0.000000,0.000000,0.000000,100.000000,0.250000,ns3-simulated/trace-derived
a1-ep-same,同向 EP,0,target,L2R,50.500000,50.750000,50.625000,0.000000,0.000000,0.000000,100.000000,0.250000,ns3-simulated/trace-derived
a1-ep-same,同向 EP,0,target,L2R,50.750000,51.000000,50.875000,0.000000,0.000000,0.000000,100.000000,0.250000,ns3-simulated/trace-derived
a1-ep-same,同向 EP,0,target,L2R,51.000000,51.250000,51.125000,0.000000,0.000000,0.000000,100.000000,0.250000,ns3-simulated/trace-derived
a1-ep-same,同向 EP,0,target,L2R,51.250000,51.500000,51.375000,0.000000,0.000000,0.000000,100.000000,0.250000,ns3-simulated/trace-derived
a1-ep-same,同向 EP,0,target,L2R,51.500000,51.750000,51.625000,0.000000,0.000000,0.000000,100.000000,0.250000,ns3-simulated/trace-derived
a1-ep-same,同向 EP,0,target,L2R,51.750000,52.000000,51.875000,0.000000,0.000000,0.000000,100.000000,0.250000,ns3-simulated/trace-derived
a1-ep-same,同向 EP,0,target,L2R,52.000000,52.250000,52.125000,0.000000,0.000000,0.000000,100.000000,0.250000,ns3-simulated/trace-derived
a1-ep-same,同向 EP,0,target,L2R,52.250000,52.500000,52.375000,0.000000,0.000000,0.000000,100.000000,0.250000,ns3-simulated/trace-derived
a1-ep-same,同向 EP,0,target,L2R,52.500000,52.750000,52.625000,0.000000,0.000000,0.000000,100.000000,0.250000,ns3-simulated/trace-derived
a1-ep-same,同向 EP,0,target,L2R,52.750000,53.000000,52.875000,0.000000,0.000000,0.000000,100.000000,0.250000,ns3-simulated/trace-derived
a1-ep-same,同向 EP,0,target,L2R,53.000000,53.250000,53.125000,0.000000,0.000000,0.000000,100.000000,0.250000,ns3-simulated/trace-derived
a1-ep-same,同向 EP,0,target,L2R,53.250000,53.500000,53.375000,0.000000,0.000000,0.000000,100.000000,0.250000,ns3-simulated/trace-derived
a1-ep-same,同向 EP,0,target,L2R,53.500000,53.750000,53.625000,0.000000,0.000000,0.000000,100.000000,0.250000,ns3-simulated/trace-derived
a1-ep-same,同向 EP,0,target,L2R,53.750000,54.000000,53.875000,0.000000,0.000000,0.000000,100.000000,0.250000,ns3-simulated/trace-derived
a1-ep-same,同向 EP,0,target,L2R,54.000000,54.250000,54.125000,0.000000,0.000000,0.000000,100.000000,0.250000,ns3-simulated/trace-derived
a1-ep-same,同向 EP,0,target,L2R,54.250000,54.500000,54.375000,0.000000,0.000000,0.000000,100.000000,0.250000,ns3-simulated/trace-derived
a1-ep-same,同向 EP,0,target,L2R,54.500000,54.750000,54.625000,0.000000,0.000000,0.000000,100.000000,0.250000,ns3-simulated/trace-derived
a1-ep-same,同向 EP,0,target,L2R,54.750000,55.000000,54.875000,0.000000,0.000000,0.000000,100.000000,0.250000,ns3-simulated/trace-derived
a1-ep-same,同向 EP,0,target,L2R,55.000000,55.250000,55.125000,0.000000,0.000000,0.000000,100.000000,0.250000,ns3-simulated/trace-derived
a1-ep-same,同向 EP,0,target,L2R,55.250000,55.500000,55.375000,0.000000,0.000000,0.000000,100.000000,0.250000,ns3-simulated/trace-derived
a1-ep-same,同向 EP,0,target,L2R,55.500000,55.750000,55.625000,0.000000,0.000000,0.000000,100.000000,0.250000,ns3-simulated/trace-derived
a1-ep-same,同向 EP,0,target,L2R,55.750000,56.000000,55.875000,0.000000,0.000000,0.000000,100.000000,0.250000,ns3-simulated/trace-derived
a1-ep-same,同向 EP,0,target,L2R,56.000000,56.250000,56.125000,0.000000,0.000000,0.000000,100.000000,0.250000,ns3-simulated/trace-derived
a1-ep-same,同向 EP,0,target,L2R,56.250000,56.500000,56.375000,0.000000,0.000000,0.000000,100.000000,0.250000,ns3-simulated/trace-derived
a1-ep-same,同向 EP,0,target,L2R,56.500000,56.750000,56.625000,0.000000,0.000000,0.000000,100.000000,0.250000,ns3-simulated/trace-derived
a1-ep-same,同向 EP,0,target,L2R,56.750000,57.000000,56.875000,0.000000,0.000000,0.000000,100.000000,0.250000,ns3-simulated/trace-derived
a1-ep-same,同向 EP,0,target,L2R,57.000000,57.250000,57.125000,0.000000,0.000000,0.000000,100.000000,0.250000,ns3-simulated/trace-derived
a1-ep-same,同向 EP,0,target,L2R,57.250000,57.500000,57.375000,0.000000,0.000000,0.000000,100.000000,0.250000,ns3-simulated/trace-derived
a1-ep-same,同向 EP,0,target,L2R,57.500000,57.750000,57.625000,0.000000,0.000000,0.000000,100.000000,0.250000,ns3-simulated/trace-derived
a1-ep-same,同向 EP,0,target,L2R,57.750000,58.000000,57.875000,0.000000,0.000000,0.000000,100.000000,0.250000,ns3-simulated/trace-derived
a1-ep-same,同向 EP,0,target,L2R,58.000000,58.250000,58.125000,0.000000,0.000000,0.000000,100.000000,0.250000,ns3-simulated/trace-derived
a1-ep-same,同向 EP,0,target,L2R,58.250000,58.500000,58.375000,0.000000,0.000000,0.000000,100.000000,0.250000,ns3-simulated/trace-derived
a1-ep-same,同向 EP,0,target,L2R,58.500000,58.750000,58.625000,0.000000,0.000000,0.000000,100.000000,0.250000,ns3-simulated/trace-derived
a1-ep-same,同向 EP,0,target,L2R,58.750000,59.000000,58.875000,0.000000,0.000000,0.000000,100.000000,0.250000,ns3-simulated/trace-derived
a1-ep-same,同向 EP,0,target,L2R,59.000000,59.250000,59.125000,0.000000,0.000000,0.000000,100.000000,0.250000,ns3-simulated/trace-derived
a1-ep-same,同向 EP,0,target,L2R,59.250000,59.500000,59.375000,0.000000,0.000000,0.000000,100.000000,0.250000,ns3-simulated/trace-derived
a1-ep-same,同向 EP,0,target,L2R,59.500000,59.750000,59.625000,0.000000,0.000000,0.000000,100.000000,0.250000,ns3-simulated/trace-derived
a1-ep-same,同向 EP,0,target,L2R,59.750000,60.000000,59.875000,0.000000,0.000000,0.000000,100.000000,0.250000,ns3-simulated/trace-derived
a1-ep-same,同向 EP,0,target,L2R,60.000000,60.250000,60.125000,0.000000,0.000000,0.000000,100.000000,0.250000,ns3-simulated/trace-derived
a1-ep-same,同向 EP,0,target,L2R,60.250000,60.500000,60.375000,0.000000,0.000000,0.000000,100.000000,0.250000,ns3-simulated/trace-derived
a1-ep-same,同向 EP,0,target,L2R,60.500000,60.750000,60.625000,0.000000,0.000000,0.000000,100.000000,0.250000,ns3-simulated/trace-derived
a1-ep-same,同向 EP,0,target,L2R,60.750000,61.000000,60.875000,0.000000,0.000000,0.000000,100.000000,0.250000,ns3-simulated/trace-derived
a1-ep-same,同向 EP,0,target,L2R,61.000000,61.250000,61.125000,0.000000,0.000000,0.000000,100.000000,0.250000,ns3-simulated/trace-derived
a1-ep-same,同向 EP,0,target,L2R,61.250000,61.500000,61.375000,0.000000,0.000000,0.000000,100.000000,0.250000,ns3-simulated/trace-derived
a1-ep-same,同向 EP,0,target,L2R,61.500000,61.750000,61.625000,0.000000,0.000000,0.000000,100.000000,0.250000,ns3-simulated/trace-derived
a1-ep-same,同向 EP,0,target,L2R,61.750000,62.000000,61.875000,0.000000,0.000000,0.000000,100.000000,0.250000,ns3-simulated/trace-derived
a1-ep-same,同向 EP,0,target,L2R,62.000000,62.250000,62.125000,0.000000,0.000000,0.000000,100.000000,0.250000,ns3-simulated/trace-derived
a1-ep-same,同向 EP,0,target,L2R,62.250000,62.500000,62.375000,0.000000,0.000000,0.000000,100.000000,0.250000,ns3-simulated/trace-derived
a1-ep-same,同向 EP,0,target,L2R,62.500000,62.750000,62.625000,0.000000,0.000000,0.000000,100.000000,0.250000,ns3-simulated/trace-derived
a1-ep-same,同向 EP,0,target,L2R,62.750000,63.000000,62.875000,0.000000,0.000000,0.000000,100.000000,0.250000,ns3-simulated/trace-derived
a1-ep-same,同向 EP,0,target,L2R,63.000000,63.250000,63.125000,0.000000,0.000000,0.000000,100.000000,0.250000,ns3-simulated/trace-derived
a1-ep-same,同向 EP,0,target,L2R,63.250000,63.500000,63.375000,0.000000,0.000000,0.000000,100.000000,0.250000,ns3-simulated/trace-derived
a1-ep-same,同向 EP,0,target,L2R,63.500000,63.750000,63.625000,0.000000,0.000000,0.000000,100.000000,0.250000,ns3-simulated/trace-derived
a1-ep-same,同向 EP,0,target,L2R,63.750000,64.000000,63.875000,0.000000,0.000000,0.000000,100.000000,0.250000,ns3-simulated/trace-derived
a1-ep-same,同向 EP,0,target,L2R,64.000000,64.250000,64.125000,0.000000,0.000000,0.000000,100.000000,0.250000,ns3-simulated/trace-derived
a1-ep-same,同向 EP,0,target,L2R,64.250000,64.500000,64.375000,0.000000,0.000000,0.000000,100.000000,0.250000,ns3-simulated/trace-derived
a1-ep-same,同向 EP,0,target,L2R,64.500000,64.750000,64.625000,0.000000,0.000000,0.000000,100.000000,0.250000,ns3-simulated/trace-derived
a1-ep-same,同向 EP,0,target,L2R,64.750000,65.000000,64.875000,0.000000,0.000000,0.000000,100.000000,0.250000,ns3-simulated/trace-derived
a1-ep-same,同向 EP,0,target,L2R,65.000000,65.250000,65.125000,0.000000,0.000000,0.000000,100.000000,0.250000,ns3-simulated/trace-derived
a1-ep-same,同向 EP,0,target,L2R,65.250000,65.500000,65.375000,0.000000,0.000000,0.000000,100.000000,0.250000,ns3-simulated/trace-derived
a1-ep-same,同向 EP,0,target,L2R,65.500000,65.750000,65.625000,0.000000,0.000000,0.000000,100.000000,0.250000,ns3-simulated/trace-derived
a1-ep-same,同向 EP,0,target,L2R,65.750000,66.000000,65.875000,0.000000,0.000000,0.000000,100.000000,0.250000,ns3-simulated/trace-derived
a1-ep-same,同向 EP,0,target,L2R,66.000000,66.250000,66.125000,0.000000,0.000000,0.000000,100.000000,0.250000,ns3-simulated/trace-derived
a1-ep-same,同向 EP,0,target,L2R,66.250000,66.500000,66.375000,0.000000,0.000000,0.000000,100.000000,0.250000,ns3-simulated/trace-derived
a1-ep-same,同向 EP,0,target,L2R,66.500000,66.750000,66.625000,0.000000,0.000000,0.000000,100.000000,0.250000,ns3-simulated/trace-derived
a1-ep-same,同向 EP,0,target,L2R,66.750000,67.000000,66.875000,0.000000,0.000000,0.000000,100.000000,0.250000,ns3-simulated/trace-derived
a1-ep-same,同向 EP,0,target,L2R,67.000000,67.250000,67.125000,0.000000,0.000000,0.000000,100.000000,0.250000,ns3-simulated/trace-derived
a1-ep-same,同向 EP,0,target,L2R,67.250000,67.500000,67.375000,0.000000,0.000000,0.000000,100.000000,0.250000,ns3-simulated/trace-derived
a1-ep-same,同向 EP,0,target,L2R,67.500000,67.750000,67.625000,0.000000,0.000000,0.000000,100.000000,0.250000,ns3-simulated/trace-derived
a1-ep-same,同向 EP,0,target,L2R,67.750000,68.000000,67.875000,0.000000,0.000000,0.000000,100.000000,0.250000,ns3-simulated/trace-derived
a1-ep-same,同向 EP,0,target,L2R,68.000000,68.250000,68.125000,0.000000,0.000000,0.000000,100.000000,0.250000,ns3-simulated/trace-derived
a1-ep-same,同向 EP,0,target,L2R,68.250000,68.500000,68.375000,0.000000,0.000000,0.000000,100.000000,0.250000,ns3-simulated/trace-derived
a1-ep-same,同向 EP,0,target,L2R,68.500000,68.750000,68.625000,0.000000,0.000000,0.000000,100.000000,0.250000,ns3-simulated/trace-derived
a1-ep-same,同向 EP,0,target,L2R,68.750000,69.000000,68.875000,0.000000,0.000000,0.000000,100.000000,0.250000,ns3-simulated/trace-derived
a1-ep-same,同向 EP,0,target,L2R,69.000000,69.250000,69.125000,0.000000,0.000000,0.000000,100.000000,0.250000,ns3-simulated/trace-derived
a1-ep-same,同向 EP,0,target,L2R,69.250000,69.500000,69.375000,0.000000,0.000000,0.000000,100.000000,0.250000,ns3-simulated/trace-derived
a1-ep-same,同向 EP,0,target,L2R,69.500000,69.750000,69.625000,0.000000,0.000000,0.000000,100.000000,0.250000,ns3-simulated/trace-derived
a1-ep-same,同向 EP,0,target,L2R,69.750000,70.000000,69.875000,0.000000,0.000000,0.000000,100.000000,0.250000,ns3-simulated/trace-derived
a1-ep-same,同向 EP,0,target,L2R,70.000000,70.250000,70.125000,0.000000,0.000000,0.000000,100.000000,0.250000,ns3-simulated/trace-derived
a1-ep-same,同向 EP,1,ep_competitor,L2R,0.000000,0.250000,0.125000,0.000000,0.000000,0.000000,100.000000,0.250000,ns3-simulated/trace-derived
a1-ep-same,同向 EP,1,ep_competitor,L2R,0.250000,0.500000,0.375000,645.000000,20.640000,20.640000,100.000000,0.250000,ns3-simulated/trace-derived
a1-ep-same,同向 EP,1,ep_competitor,L2R,0.500000,0.750000,0.625000,3125.000000,100.000000,100.000000,100.000000,0.250000,ns3-simulated/trace-derived
a1-ep-same,同向 EP,1,ep_competitor,L2R,0.750000,1.000000,0.875000,404.000000,12.928000,12.928000,100.000000,0.250000,ns3-simulated/trace-derived
a1-ep-same,同向 EP,1,ep_competitor,L2R,1.000000,1.250000,1.125000,1672.000000,53.504000,53.504000,100.000000,0.250000,ns3-simulated/trace-derived
a1-ep-same,同向 EP,1,ep_competitor,L2R,1.250000,1.500000,1.375000,2502.000000,80.064000,80.064000,100.000000,0.250000,ns3-simulated/trace-derived
a1-ep-same,同向 EP,1,ep_competitor,L2R,1.500000,1.750000,1.625000,0.000000,0.000000,0.000000,100.000000,0.250000,ns3-simulated/trace-derived
a1-ep-same,同向 EP,1,ep_competitor,L2R,1.750000,2.000000,1.875000,2699.000000,86.368000,86.368000,100.000000,0.250000,ns3-simulated/trace-derived
a1-ep-same,同向 EP,1,ep_competitor,L2R,2.000000,2.250000,2.125000,1475.000000,47.200000,47.200000,100.000000,0.250000,ns3-simulated/trace-derived
a1-ep-same,同向 EP,1,ep_competitor,L2R,2.250000,2.500000,2.375000,601.000000,19.232000,19.232000,100.000000,0.250000,ns3-simulated/trace-derived
a1-ep-same,同向 EP,1,ep_competitor,L2R,2.500000,2.750000,2.625000,3125.000000,100.000000,100.000000,100.000000,0.250000,ns3-simulated/trace-derived
a1-ep-same,同向 EP,1,ep_competitor,L2R,2.750000,3.000000,2.875000,448.000000,14.336000,14.336000,100.000000,0.250000,ns3-simulated/trace-derived
a1-ep-same,同向 EP,1,ep_competitor,L2R,3.000000,3.250000,3.125000,1628.000000,52.096000,52.096000,100.000000,0.250000,ns3-simulated/trace-derived
a1-ep-same,同向 EP,1,ep_competitor,L2R,3.250000,3.500000,3.375000,2546.000000,81.472000,81.472000,100.000000,0.250000,ns3-simulated/trace-derived
a1-ep-same,同向 EP,1,ep_competitor,L2R,3.500000,3.750000,3.625000,0.000000,0.000000,0.000000,100.000000,0.250000,ns3-simulated/trace-derived
a1-ep-same,同向 EP,1,ep_competitor,L2R,3.750000,4.000000,3.875000,2655.000000,84.960000,84.960000,100.000000,0.250000,ns3-simulated/trace-derived
a1-ep-same,同向 EP,1,ep_competitor,L2R,4.000000,4.250000,4.125000,1519.000000,48.608000,48.608000,100.000000,0.250000,ns3-simulated/trace-derived
a1-ep-same,同向 EP,1,ep_competitor,L2R,4.250000,4.500000,4.375000,557.000000,17.824000,17.824000,100.000000,0.250000,ns3-simulated/trace-derived
a1-ep-same,同向 EP,1,ep_competitor,L2R,4.500000,4.750000,4.625000,3125.000000,100.000000,100.000000,100.000000,0.250000,ns3-simulated/trace-derived
a1-ep-same,同向 EP,1,ep_competitor,L2R,4.750000,5.000000,4.875000,492.000000,15.744000,15.744000,100.000000,0.250000,ns3-simulated/trace-derived
a1-ep-same,同向 EP,1,ep_competitor,L2R,5.000000,5.250000,5.125000,1584.000000,50.688000,50.688000,100.000000,0.250000,ns3-simulated/trace-derived
a1-ep-same,同向 EP,1,ep_competitor,L2R,5.250000,5.500000,5.375000,2590.000000,82.880000,82.880000,100.000000,0.250000,ns3-simulated/trace-derived
a1-ep-same,同向 EP,1,ep_competitor,L2R,5.500000,5.750000,5.625000,0.000000,0.000000,0.000000,100.000000,0.250000,ns3-simulated/trace-derived
a1-ep-same,同向 EP,1,ep_competitor,L2R,5.750000,6.000000,5.875000,2611.000000,83.552000,83.552000,100.000000,0.250000,ns3-simulated/trace-derived
a1-ep-same,同向 EP,1,ep_competitor,L2R,6.000000,6.250000,6.125000,1563.000000,50.016000,50.016000,100.000000,0.250000,ns3-simulated/trace-derived
a1-ep-same,同向 EP,1,ep_competitor,L2R,6.250000,6.500000,6.375000,513.000000,16.416000,16.416000,100.000000,0.250000,ns3-simulated/trace-derived
a1-ep-same,同向 EP,1,ep_competitor,L2R,6.500000,6.750000,6.625000,3125.000000,100.000000,100.000000,100.000000,0.250000,ns3-simulated/trace-derived
a1-ep-same,同向 EP,1,ep_competitor,L2R,6.750000,7.000000,6.875000,536.000000,17.152000,17.152000,100.000000,0.250000,ns3-simulated/trace-derived
a1-ep-same,同向 EP,1,ep_competitor,L2R,7.000000,7.250000,7.125000,1540.000000,49.280000,49.280000,100.000000,0.250000,ns3-simulated/trace-derived
a1-ep-same,同向 EP,1,ep_competitor,L2R,7.250000,7.500000,7.375000,2634.000000,84.288000,84.288000,100.000000,0.250000,ns3-simulated/trace-derived
a1-ep-same,同向 EP,1,ep_competitor,L2R,7.500000,7.750000,7.625000,0.000000,0.000000,0.000000,100.000000,0.250000,ns3-simulated/trace-derived
a1-ep-same,同向 EP,1,ep_competitor,L2R,7.750000,8.000000,7.875000,2567.000000,82.144000,82.144000,100.000000,0.250000,ns3-simulated/trace-derived
a1-ep-same,同向 EP,1,ep_competitor,L2R,8.000000,8.250000,8.125000,1607.000000,51.424000,51.424000,100.000000,0.250000,ns3-simulated/trace-derived
a1-ep-same,同向 EP,1,ep_competitor,L2R,8.250000,8.500000,8.375000,469.000000,15.008000,15.008000,100.000000,0.250000,ns3-simulated/trace-derived
a1-ep-same,同向 EP,1,ep_competitor,L2R,8.500000,8.750000,8.625000,3125.000000,100.000000,100.000000,100.000000,0.250000,ns3-simulated/trace-derived
a1-ep-same,同向 EP,1,ep_competitor,L2R,8.750000,9.000000,8.875000,580.000000,18.560000,18.560000,100.000000,0.250000,ns3-simulated/trace-derived
a1-ep-same,同向 EP,1,ep_competitor,L2R,9.000000,9.250000,9.125000,1496.000000,47.872000,47.872000,100.000000,0.250000,ns3-simulated/trace-derived
a1-ep-same,同向 EP,1,ep_competitor,L2R,9.250000,9.500000,9.375000,2678.000000,85.696000,85.696000,100.000000,0.250000,ns3-simulated/trace-derived
a1-ep-same,同向 EP,1,ep_competitor,L2R,9.500000,9.750000,9.625000,0.000000,0.000000,0.000000,100.000000,0.250000,ns3-simulated/trace-derived
a1-ep-same,同向 EP,1,ep_competitor,L2R,9.750000,10.000000,9.875000,2523.000000,80.736000,80.736000,100.000000,0.250000,ns3-simulated/trace-derived
a1-ep-same,同向 EP,1,ep_competitor,L2R,10.000000,10.250000,10.125000,1651.000000,52.832000,52.832000,100.000000,0.250000,ns3-simulated/trace-derived
a1-ep-same,同向 EP,1,ep_competitor,L2R,10.250000,10.500000,10.375000,425.000000,13.600000,13.600000,100.000000,0.250000,ns3-simulated/trace-derived
a1-ep-same,同向 EP,1,ep_competitor,L2R,10.500000,10.750000,10.625000,3125.000000,100.000000,100.000000,100.000000,0.250000,ns3-simulated/trace-derived
a1-ep-same,同向 EP,1,ep_competitor,L2R,10.750000,11.000000,10.875000,624.000000,19.968000,19.968000,100.000000,0.250000,ns3-simulated/trace-derived
a1-ep-same,同向 EP,1,ep_competitor,L2R,11.000000,11.250000,11.125000,1452.000000,46.464000,46.464000,100.000000,0.250000,ns3-simulated/trace-derived
a1-ep-same,同向 EP,1,ep_competitor,L2R,11.250000,11.500000,11.375000,2722.000000,87.104000,87.104000,100.000000,0.250000,ns3-simulated/trace-derived
a1-ep-same,同向 EP,1,ep_competitor,L2R,11.500000,11.750000,11.625000,0.000000,0.000000,0.000000,100.000000,0.250000,ns3-simulated/trace-derived
a1-ep-same,同向 EP,1,ep_competitor,L2R,11.750000,12.000000,11.875000,2479.000000,79.328000,79.328000,100.000000,0.250000,ns3-simulated/trace-derived
a1-ep-same,同向 EP,1,ep_competitor,L2R,12.000000,12.250000,12.125000,1695.000000,54.240000,54.240000,100.000000,0.250000,ns3-simulated/trace-derived
a1-ep-same,同向 EP,1,ep_competitor,L2R,12.250000,12.500000,12.375000,381.000000,12.192000,12.192000,100.000000,0.250000,ns3-simulated/trace-derived
a1-ep-same,同向 EP,1,ep_competitor,L2R,12.500000,12.750000,12.625000,3125.000000,100.000000,100.000000,100.000000,0.250000,ns3-simulated/trace-derived
a1-ep-same,同向 EP,1,ep_competitor,L2R,12.750000,13.000000,12.875000,668.000000,21.376000,21.376000,100.000000,0.250000,ns3-simulated/trace-derived
a1-ep-same,同向 EP,1,ep_competitor,L2R,13.000000,13.250000,13.125000,1408.000000,45.056000,45.056000,100.000000,0.250000,ns3-simulated/trace-derived
a1-ep-same,同向 EP,1,ep_competitor,L2R,13.250000,13.500000,13.375000,2766.000000,88.512000,88.512000,100.000000,0.250000,ns3-simulated/trace-derived
a1-ep-same,同向 EP,1,ep_competitor,L2R,13.500000,13.750000,13.625000,0.000000,0.000000,0.000000,100.000000,0.250000,ns3-simulated/trace-derived
a1-ep-same,同向 EP,1,ep_competitor,L2R,13.750000,14.000000,13.875000,2435.000000,77.920000,77.920000,100.000000,0.250000,ns3-simulated/trace-derived
a1-ep-same,同向 EP,1,ep_competitor,L2R,14.000000,14.250000,14.125000,1739.000000,55.648000,55.648000,100.000000,0.250000,ns3-simulated/trace-derived
a1-ep-same,同向 EP,1,ep_competitor,L2R,14.250000,14.500000,14.375000,337.000000,10.784000,10.784000,100.000000,0.250000,ns3-simulated/trace-derived
a1-ep-same,同向 EP,1,ep_competitor,L2R,14.500000,14.750000,14.625000,3125.000000,100.000000,100.000000,100.000000,0.250000,ns3-simulated/trace-derived
a1-ep-same,同向 EP,1,ep_competitor,L2R,14.750000,15.000000,14.875000,712.000000,22.784000,22.784000,100.000000,0.250000,ns3-simulated/trace-derived
a1-ep-same,同向 EP,1,ep_competitor,L2R,15.000000,15.250000,15.125000,1364.000000,43.648000,43.648000,100.000000,0.250000,ns3-simulated/trace-derived
a1-ep-same,同向 EP,1,ep_competitor,L2R,15.250000,15.500000,15.375000,2810.000000,89.920000,89.920000,100.000000,0.250000,ns3-simulated/trace-derived
a1-ep-same,同向 EP,1,ep_competitor,L2R,15.500000,15.750000,15.625000,0.000000,0.000000,0.000000,100.000000,0.250000,ns3-simulated/trace-derived
a1-ep-same,同向 EP,1,ep_competitor,L2R,15.750000,16.000000,15.875000,2391.000000,76.512000,76.512000,100.000000,0.250000,ns3-simulated/trace-derived
a1-ep-same,同向 EP,1,ep_competitor,L2R,16.000000,16.250000,16.125000,1783.000000,57.056000,57.056000,100.000000,0.250000,ns3-simulated/trace-derived
a1-ep-same,同向 EP,1,ep_competitor,L2R,16.250000,16.500000,16.375000,293.000000,9.376000,9.376000,100.000000,0.250000,ns3-simulated/trace-derived
a1-ep-same,同向 EP,1,ep_competitor,L2R,16.500000,16.750000,16.625000,3125.000000,100.000000,100.000000,100.000000,0.250000,ns3-simulated/trace-derived
a1-ep-same,同向 EP,1,ep_competitor,L2R,16.750000,17.000000,16.875000,756.000000,24.192000,24.192000,100.000000,0.250000,ns3-simulated/trace-derived
a1-ep-same,同向 EP,1,ep_competitor,L2R,17.000000,17.250000,17.125000,1320.000000,42.240000,42.240000,100.000000,0.250000,ns3-simulated/trace-derived
a1-ep-same,同向 EP,1,ep_competitor,L2R,17.250000,17.500000,17.375000,2854.000000,91.328000,91.328000,100.000000,0.250000,ns3-simulated/trace-derived
a1-ep-same,同向 EP,1,ep_competitor,L2R,17.500000,17.750000,17.625000,0.000000,0.000000,0.000000,100.000000,0.250000,ns3-simulated/trace-derived
a1-ep-same,同向 EP,1,ep_competitor,L2R,17.750000,18.000000,17.875000,2347.000000,75.104000,75.104000,100.000000,0.250000,ns3-simulated/trace-derived
a1-ep-same,同向 EP,1,ep_competitor,L2R,18.000000,18.250000,18.125000,1827.000000,58.464000,58.464000,100.000000,0.250000,ns3-simulated/trace-derived
a1-ep-same,同向 EP,1,ep_competitor,L2R,18.250000,18.500000,18.375000,249.000000,7.968000,7.968000,100.000000,0.250000,ns3-simulated/trace-derived
a1-ep-same,同向 EP,1,ep_competitor,L2R,18.500000,18.750000,18.625000,3125.000000,100.000000,100.000000,100.000000,0.250000,ns3-simulated/trace-derived
a1-ep-same,同向 EP,1,ep_competitor,L2R,18.750000,19.000000,18.875000,800.000000,25.600000,25.600000,100.000000,0.250000,ns3-simulated/trace-derived
a1-ep-same,同向 EP,1,ep_competitor,L2R,19.000000,19.250000,19.125000,1276.000000,40.832000,40.832000,100.000000,0.250000,ns3-simulated/trace-derived
a1-ep-same,同向 EP,1,ep_competitor,L2R,19.250000,19.500000,19.375000,2898.000000,92.736000,92.736000,100.000000,0.250000,ns3-simulated/trace-derived
a1-ep-same,同向 EP,1,ep_competitor,L2R,19.500000,19.750000,19.625000,0.000000,0.000000,0.000000,100.000000,0.250000,ns3-simulated/trace-derived
a1-ep-same,同向 EP,1,ep_competitor,L2R,19.750000,20.000000,19.875000,2303.000000,73.696000,73.696000,100.000000,0.250000,ns3-simulated/trace-derived
a1-ep-same,同向 EP,1,ep_competitor,L2R,20.000000,20.250000,20.125000,1871.000000,59.872000,59.872000,100.000000,0.250000,ns3-simulated/trace-derived
a1-ep-same,同向 EP,1,ep_competitor,L2R,20.250000,20.500000,20.375000,205.000000,6.560000,6.560000,100.000000,0.250000,ns3-simulated/trace-derived
a1-ep-same,同向 EP,1,ep_competitor,L2R,20.500000,20.750000,20.625000,3125.000000,100.000000,100.000000,100.000000,0.250000,ns3-simulated/trace-derived
a1-ep-same,同向 EP,1,ep_competitor,L2R,20.750000,21.000000,20.875000,844.000000,27.008000,27.008000,100.000000,0.250000,ns3-simulated/trace-derived
a1-ep-same,同向 EP,1,ep_competitor,L2R,21.000000,21.250000,21.125000,1232.000000,39.424000,39.424000,100.000000,0.250000,ns3-simulated/trace-derived
a1-ep-same,同向 EP,1,ep_competitor,L2R,21.250000,21.500000,21.375000,2942.000000,94.144000,94.144000,100.000000,0.250000,ns3-simulated/trace-derived
a1-ep-same,同向 EP,1,ep_competitor,L2R,21.500000,21.750000,21.625000,0.000000,0.000000,0.000000,100.000000,0.250000,ns3-simulated/trace-derived
a1-ep-same,同向 EP,1,ep_competitor,L2R,21.750000,22.000000,21.875000,2259.000000,72.288000,72.288000,100.000000,0.250000,ns3-simulated/trace-derived
a1-ep-same,同向 EP,1,ep_competitor,L2R,22.000000,22.250000,22.125000,1915.000000,61.280000,61.280000,100.000000,0.250000,ns3-simulated/trace-derived
a1-ep-same,同向 EP,1,ep_competitor,L2R,22.250000,22.500000,22.375000,161.000000,5.152000,5.152000,100.000000,0.250000,ns3-simulated/trace-derived
a1-ep-same,同向 EP,1,ep_competitor,L2R,22.500000,22.750000,22.625000,3125.000000,100.000000,100.000000,100.000000,0.250000,ns3-simulated/trace-derived
a1-ep-same,同向 EP,1,ep_competitor,L2R,22.750000,23.000000,22.875000,888.000000,28.416000,28.416000,100.000000,0.250000,ns3-simulated/trace-derived
a1-ep-same,同向 EP,1,ep_competitor,L2R,23.000000,23.250000,23.125000,1188.000000,38.016000,38.016000,100.000000,0.250000,ns3-simulated/trace-derived
a1-ep-same,同向 EP,1,ep_competitor,L2R,23.250000,23.500000,23.375000,2986.000000,95.552000,95.552000,100.000000,0.250000,ns3-simulated/trace-derived
a1-ep-same,同向 EP,1,ep_competitor,L2R,23.500000,23.750000,23.625000,0.000000,0.000000,0.000000,100.000000,0.250000,ns3-simulated/trace-derived
a1-ep-same,同向 EP,1,ep_competitor,L2R,23.750000,24.000000,23.875000,2215.000000,70.880000,70.880000,100.000000,0.250000,ns3-simulated/trace-derived
a1-ep-same,同向 EP,1,ep_competitor,L2R,24.000000,24.250000,24.125000,1959.000000,62.688000,62.688000,100.000000,0.250000,ns3-simulated/trace-derived
a1-ep-same,同向 EP,1,ep_competitor,L2R,24.250000,24.500000,24.375000,117.000000,3.744000,3.744000,100.000000,0.250000,ns3-simulated/trace-derived
a1-ep-same,同向 EP,1,ep_competitor,L2R,24.500000,24.750000,24.625000,3125.000000,100.000000,100.000000,100.000000,0.250000,ns3-simulated/trace-derived
a1-ep-same,同向 EP,1,ep_competitor,L2R,24.750000,25.000000,24.875000,932.000000,29.824000,29.824000,100.000000,0.250000,ns3-simulated/trace-derived
a1-ep-same,同向 EP,1,ep_competitor,L2R,25.000000,25.250000,25.125000,1144.000000,36.608000,36.608000,100.000000,0.250000,ns3-simulated/trace-derived
a1-ep-same,同向 EP,1,ep_competitor,L2R,25.250000,25.500000,25.375000,3030.000000,96.960000,96.960000,100.000000,0.250000,ns3-simulated/trace-derived
a1-ep-same,同向 EP,1,ep_competitor,L2R,25.500000,25.750000,25.625000,0.000000,0.000000,0.000000,100.000000,0.250000,ns3-simulated/trace-derived
a1-ep-same,同向 EP,1,ep_competitor,L2R,25.750000,26.000000,25.875000,2171.000000,69.472000,69.472000,100.000000,0.250000,ns3-simulated/trace-derived
a1-ep-same,同向 EP,1,ep_competitor,L2R,26.000000,26.250000,26.125000,2003.000000,64.096000,64.096000,100.000000,0.250000,ns3-simulated/trace-derived
a1-ep-same,同向 EP,1,ep_competitor,L2R,26.250000,26.500000,26.375000,73.000000,2.336000,2.336000,100.000000,0.250000,ns3-simulated/trace-derived
a1-ep-same,同向 EP,1,ep_competitor,L2R,26.500000,26.750000,26.625000,3125.000000,100.000000,100.000000,100.000000,0.250000,ns3-simulated/trace-derived
a1-ep-same,同向 EP,1,ep_competitor,L2R,26.750000,27.000000,26.875000,976.000000,31.232000,31.232000,100.000000,0.250000,ns3-simulated/trace-derived
a1-ep-same,同向 EP,1,ep_competitor,L2R,27.000000,27.250000,27.125000,1100.000000,35.200000,35.200000,100.000000,0.250000,ns3-simulated/trace-derived
a1-ep-same,同向 EP,1,ep_competitor,L2R,27.250000,27.500000,27.375000,3074.000000,98.368000,98.368000,100.000000,0.250000,ns3-simulated/trace-derived
a1-ep-same,同向 EP,1,ep_competitor,L2R,27.500000,27.750000,27.625000,0.000000,0.000000,0.000000,100.000000,0.250000,ns3-simulated/trace-derived
a1-ep-same,同向 EP,1,ep_competitor,L2R,27.750000,28.000000,27.875000,2127.000000,68.064000,68.064000,100.000000,0.250000,ns3-simulated/trace-derived
a1-ep-same,同向 EP,1,ep_competitor,L2R,28.000000,28.250000,28.125000,2047.000000,65.504000,65.504000,100.000000,0.250000,ns3-simulated/trace-derived
a1-ep-same,同向 EP,1,ep_competitor,L2R,28.250000,28.500000,28.375000,29.000000,0.928000,0.928000,100.000000,0.250000,ns3-simulated/trace-derived
a1-ep-same,同向 EP,1,ep_competitor,L2R,28.500000,28.750000,28.625000,3125.000000,100.000000,100.000000,100.000000,0.250000,ns3-simulated/trace-derived
a1-ep-same,同向 EP,1,ep_competitor,L2R,28.750000,29.000000,28.875000,1020.000000,32.640000,32.640000,100.000000,0.250000,ns3-simulated/trace-derived
a1-ep-same,同向 EP,1,ep_competitor,L2R,29.000000,29.250000,29.125000,1056.000000,33.792000,33.792000,100.000000,0.250000,ns3-simulated/trace-derived
a1-ep-same,同向 EP,1,ep_competitor,L2R,29.250000,29.500000,29.375000,3118.000000,99.776000,99.776000,100.000000,0.250000,ns3-simulated/trace-derived
a1-ep-same,同向 EP,1,ep_competitor,L2R,29.500000,29.750000,29.625000,0.000000,0.000000,0.000000,100.000000,0.250000,ns3-simulated/trace-derived
a1-ep-same,同向 EP,1,ep_competitor,L2R,29.750000,30.000000,29.875000,2083.000000,66.656000,66.656000,100.000000,0.250000,ns3-simulated/trace-derived
a1-ep-same,同向 EP,1,ep_competitor,L2R,30.000000,30.250000,30.125000,2091.000000,66.912000,66.912000,100.000000,0.250000,ns3-simulated/trace-derived
a1-ep-same,同向 EP,1,ep_competitor,L2R,30.250000,30.500000,30.375000,0.000000,0.000000,0.000000,100.000000,0.250000,ns3-simulated/trace-derived
a1-ep-same,同向 EP,1,ep_competitor,L2R,30.500000,30.750000,30.625000,3110.000000,99.520000,99.520000,100.000000,0.250000,ns3-simulated/trace-derived
a1-ep-same,同向 EP,1,ep_competitor,L2R,30.750000,31.000000,30.875000,1064.000000,34.048000,34.048000,100.000000,0.250000,ns3-simulated/trace-derived
a1-ep-same,同向 EP,1,ep_competitor,L2R,31.000000,31.250000,31.125000,1012.000000,32.384000,32.384000,100.000000,0.250000,ns3-simulated/trace-derived
a1-ep-same,同向 EP,1,ep_competitor,L2R,31.250000,31.500000,31.375000,3125.000000,100.000000,100.000000,100.000000,0.250000,ns3-simulated/trace-derived
a1-ep-same,同向 EP,1,ep_competitor,L2R,31.500000,31.750000,31.625000,37.000000,1.184000,1.184000,100.000000,0.250000,ns3-simulated/trace-derived
a1-ep-same,同向 EP,1,ep_competitor,L2R,31.750000,32.000000,31.875000,2039.000000,65.248000,65.248000,100.000000,0.250000,ns3-simulated/trace-derived
a1-ep-same,同向 EP,1,ep_competitor,L2R,32.000000,32.250000,32.125000,2135.000000,68.320000,68.320000,100.000000,0.250000,ns3-simulated/trace-derived
a1-ep-same,同向 EP,1,ep_competitor,L2R,32.250000,32.500000,32.375000,0.000000,0.000000,0.000000,100.000000,0.250000,ns3-simulated/trace-derived
a1-ep-same,同向 EP,1,ep_competitor,L2R,32.500000,32.750000,32.625000,3066.000000,98.112000,98.112000,100.000000,0.250000,ns3-simulated/trace-derived
a1-ep-same,同向 EP,1,ep_competitor,L2R,32.750000,33.000000,32.875000,1108.000000,35.456000,35.456000,100.000000,0.250000,ns3-simulated/trace-derived
a1-ep-same,同向 EP,1,ep_competitor,L2R,33.000000,33.250000,33.125000,968.000000,30.976000,30.976000,100.000000,0.250000,ns3-simulated/trace-derived
a1-ep-same,同向 EP,1,ep_competitor,L2R,33.250000,33.500000,33.375000,3125.000000,100.000000,100.000000,100.000000,0.250000,ns3-simulated/trace-derived
a1-ep-same,同向 EP,1,ep_competitor,L2R,33.500000,33.750000,33.625000,81.000000,2.592000,2.592000,100.000000,0.250000,ns3-simulated/trace-derived
a1-ep-same,同向 EP,1,ep_competitor,L2R,33.750000,34.000000,33.875000,1995.000000,63.840000,63.840000,100.000000,0.250000,ns3-simulated/trace-derived
a1-ep-same,同向 EP,1,ep_competitor,L2R,34.000000,34.250000,34.125000,2179.000000,69.728000,69.728000,100.000000,0.250000,ns3-simulated/trace-derived
a1-ep-same,同向 EP,1,ep_competitor,L2R,34.250000,34.500000,34.375000,0.000000,0.000000,0.000000,100.000000,0.250000,ns3-simulated/trace-derived
a1-ep-same,同向 EP,1,ep_competitor,L2R,34.500000,34.750000,34.625000,3022.000000,96.704000,96.704000,100.000000,0.250000,ns3-simulated/trace-derived
a1-ep-same,同向 EP,1,ep_competitor,L2R,34.750000,35.000000,34.875000,1152.000000,36.864000,36.864000,100.000000,0.250000,ns3-simulated/trace-derived
a1-ep-same,同向 EP,1,ep_competitor,L2R,35.000000,35.250000,35.125000,924.000000,29.568000,29.568000,100.000000,0.250000,ns3-simulated/trace-derived
a1-ep-same,同向 EP,1,ep_competitor,L2R,35.250000,35.500000,35.375000,3125.000000,100.000000,100.000000,100.000000,0.250000,ns3-simulated/trace-derived
a1-ep-same,同向 EP,1,ep_competitor,L2R,35.500000,35.750000,35.625000,125.000000,4.000000,4.000000,100.000000,0.250000,ns3-simulated/trace-derived
a1-ep-same,同向 EP,1,ep_competitor,L2R,35.750000,36.000000,35.875000,1951.000000,62.432000,62.432000,100.000000,0.250000,ns3-simulated/trace-derived
a1-ep-same,同向 EP,1,ep_competitor,L2R,36.000000,36.250000,36.125000,2223.000000,71.136000,71.136000,100.000000,0.250000,ns3-simulated/trace-derived
a1-ep-same,同向 EP,1,ep_competitor,L2R,36.250000,36.500000,36.375000,0.000000,0.000000,0.000000,100.000000,0.250000,ns3-simulated/trace-derived
a1-ep-same,同向 EP,1,ep_competitor,L2R,36.500000,36.750000,36.625000,2978.000000,95.296000,95.296000,100.000000,0.250000,ns3-simulated/trace-derived
a1-ep-same,同向 EP,1,ep_competitor,L2R,36.750000,37.000000,36.875000,1196.000000,38.272000,38.272000,100.000000,0.250000,ns3-simulated/trace-derived
a1-ep-same,同向 EP,1,ep_competitor,L2R,37.000000,37.250000,37.125000,880.000000,28.160000,28.160000,100.000000,0.250000,ns3-simulated/trace-derived
a1-ep-same,同向 EP,1,ep_competitor,L2R,37.250000,37.500000,37.375000,3125.000000,100.000000,100.000000,100.000000,0.250000,ns3-simulated/trace-derived
a1-ep-same,同向 EP,1,ep_competitor,L2R,37.500000,37.750000,37.625000,169.000000,5.408000,5.408000,100.000000,0.250000,ns3-simulated/trace-derived
a1-ep-same,同向 EP,1,ep_competitor,L2R,37.750000,38.000000,37.875000,1907.000000,61.024000,61.024000,100.000000,0.250000,ns3-simulated/trace-derived
a1-ep-same,同向 EP,1,ep_competitor,L2R,38.000000,38.250000,38.125000,2267.000000,72.544000,72.544000,100.000000,0.250000,ns3-simulated/trace-derived
a1-ep-same,同向 EP,1,ep_competitor,L2R,38.250000,38.500000,38.375000,0.000000,0.000000,0.000000,100.000000,0.250000,ns3-simulated/trace-derived
a1-ep-same,同向 EP,1,ep_competitor,L2R,38.500000,38.750000,38.625000,2934.000000,93.888000,93.888000,100.000000,0.250000,ns3-simulated/trace-derived
a1-ep-same,同向 EP,1,ep_competitor,L2R,38.750000,39.000000,38.875000,1240.000000,39.680000,39.680000,100.000000,0.250000,ns3-simulated/trace-derived
a1-ep-same,同向 EP,1,ep_competitor,L2R,39.000000,39.250000,39.125000,836.000000,26.752000,26.752000,100.000000,0.250000,ns3-simulated/trace-derived
a1-ep-same,同向 EP,1,ep_competitor,L2R,39.250000,39.500000,39.375000,3125.000000,100.000000,100.000000,100.000000,0.250000,ns3-simulated/trace-derived
a1-ep-same,同向 EP,1,ep_competitor,L2R,39.500000,39.750000,39.625000,213.000000,6.816000,6.816000,100.000000,0.250000,ns3-simulated/trace-derived
a1-ep-same,同向 EP,1,ep_competitor,L2R,39.750000,40.000000,39.875000,1863.000000,59.616000,59.616000,100.000000,0.250000,ns3-simulated/trace-derived
a1-ep-same,同向 EP,1,ep_competitor,L2R,40.000000,40.250000,40.125000,2311.000000,73.952000,73.952000,100.000000,0.250000,ns3-simulated/trace-derived
a1-ep-same,同向 EP,1,ep_competitor,L2R,40.250000,40.500000,40.375000,0.000000,0.000000,0.000000,100.000000,0.250000,ns3-simulated/trace-derived
a1-ep-same,同向 EP,1,ep_competitor,L2R,40.500000,40.750000,40.625000,2890.000000,92.480000,92.480000,100.000000,0.250000,ns3-simulated/trace-derived
a1-ep-same,同向 EP,1,ep_competitor,L2R,40.750000,41.000000,40.875000,1284.000000,41.088000,41.088000,100.000000,0.250000,ns3-simulated/trace-derived
a1-ep-same,同向 EP,1,ep_competitor,L2R,41.000000,41.250000,41.125000,792.000000,25.344000,25.344000,100.000000,0.250000,ns3-simulated/trace-derived
a1-ep-same,同向 EP,1,ep_competitor,L2R,41.250000,41.500000,41.375000,3125.000000,100.000000,100.000000,100.000000,0.250000,ns3-simulated/trace-derived
a1-ep-same,同向 EP,1,ep_competitor,L2R,41.500000,41.750000,41.625000,257.000000,8.224000,8.224000,100.000000,0.250000,ns3-simulated/trace-derived
a1-ep-same,同向 EP,1,ep_competitor,L2R,41.750000,42.000000,41.875000,1819.000000,58.208000,58.208000,100.000000,0.250000,ns3-simulated/trace-derived
a1-ep-same,同向 EP,1,ep_competitor,L2R,42.000000,42.250000,42.125000,2355.000000,75.360000,75.360000,100.000000,0.250000,ns3-simulated/trace-derived
a1-ep-same,同向 EP,1,ep_competitor,L2R,42.250000,42.500000,42.375000,0.000000,0.000000,0.000000,100.000000,0.250000,ns3-simulated/trace-derived
a1-ep-same,同向 EP,1,ep_competitor,L2R,42.500000,42.750000,42.625000,2846.000000,91.072000,91.072000,100.000000,0.250000,ns3-simulated/trace-derived
a1-ep-same,同向 EP,1,ep_competitor,L2R,42.750000,43.000000,42.875000,1328.000000,42.496000,42.496000,100.000000,0.250000,ns3-simulated/trace-derived
a1-ep-same,同向 EP,1,ep_competitor,L2R,43.000000,43.250000,43.125000,748.000000,23.936000,23.936000,100.000000,0.250000,ns3-simulated/trace-derived
a1-ep-same,同向 EP,1,ep_competitor,L2R,43.250000,43.500000,43.375000,3125.000000,100.000000,100.000000,100.000000,0.250000,ns3-simulated/trace-derived
a1-ep-same,同向 EP,1,ep_competitor,L2R,43.500000,43.750000,43.625000,301.000000,9.632000,9.632000,100.000000,0.250000,ns3-simulated/trace-derived
a1-ep-same,同向 EP,1,ep_competitor,L2R,43.750000,44.000000,43.875000,1775.000000,56.800000,56.800000,100.000000,0.250000,ns3-simulated/trace-derived
a1-ep-same,同向 EP,1,ep_competitor,L2R,44.000000,44.250000,44.125000,2399.000000,76.768000,76.768000,100.000000,0.250000,ns3-simulated/trace-derived
a1-ep-same,同向 EP,1,ep_competitor,L2R,44.250000,44.500000,44.375000,0.000000,0.000000,0.000000,100.000000,0.250000,ns3-simulated/trace-derived
a1-ep-same,同向 EP,1,ep_competitor,L2R,44.500000,44.750000,44.625000,2802.000000,89.664000,89.664000,100.000000,0.250000,ns3-simulated/trace-derived
a1-ep-same,同向 EP,1,ep_competitor,L2R,44.750000,45.000000,44.875000,1372.000000,43.904000,43.904000,100.000000,0.250000,ns3-simulated/trace-derived
a1-ep-same,同向 EP,1,ep_competitor,L2R,45.000000,45.250000,45.125000,704.000000,22.528000,22.528000,100.000000,0.250000,ns3-simulated/trace-derived
a1-ep-same,同向 EP,1,ep_competitor,L2R,45.250000,45.500000,45.375000,3125.000000,100.000000,100.000000,100.000000,0.250000,ns3-simulated/trace-derived
a1-ep-same,同向 EP,1,ep_competitor,L2R,45.500000,45.750000,45.625000,345.000000,11.040000,11.040000,100.000000,0.250000,ns3-simulated/trace-derived
a1-ep-same,同向 EP,1,ep_competitor,L2R,45.750000,46.000000,45.875000,0.000000,0.000000,0.000000,100.000000,0.250000,ns3-simulated/trace-derived
a1-ep-same,同向 EP,1,ep_competitor,L2R,46.000000,46.250000,46.125000,0.000000,0.000000,0.000000,100.000000,0.250000,ns3-simulated/trace-derived
a1-ep-same,同向 EP,1,ep_competitor,L2R,46.250000,46.500000,46.375000,0.000000,0.000000,0.000000,100.000000,0.250000,ns3-simulated/trace-derived
a1-ep-same,同向 EP,1,ep_competitor,L2R,46.500000,46.750000,46.625000,0.000000,0.000000,0.000000,100.000000,0.250000,ns3-simulated/trace-derived
a1-ep-same,同向 EP,1,ep_competitor,L2R,46.750000,47.000000,46.875000,0.000000,0.000000,0.000000,100.000000,0.250000,ns3-simulated/trace-derived
a1-ep-same,同向 EP,1,ep_competitor,L2R,47.000000,47.250000,47.125000,0.000000,0.000000,0.000000,100.000000,0.250000,ns3-simulated/trace-derived
a1-ep-same,同向 EP,1,ep_competitor,L2R,47.250000,47.500000,47.375000,0.000000,0.000000,0.000000,100.000000,0.250000,ns3-simulated/trace-derived
a1-ep-same,同向 EP,1,ep_competitor,L2R,47.500000,47.750000,47.625000,0.000000,0.000000,0.000000,100.000000,0.250000,ns3-simulated/trace-derived
a1-ep-same,同向 EP,1,ep_competitor,L2R,47.750000,48.000000,47.875000,0.000000,0.000000,0.000000,100.000000,0.250000,ns3-simulated/trace-derived
a1-ep-same,同向 EP,1,ep_competitor,L2R,48.000000,48.250000,48.125000,0.000000,0.000000,0.000000,100.000000,0.250000,ns3-simulated/trace-derived
a1-ep-same,同向 EP,1,ep_competitor,L2R,48.250000,48.500000,48.375000,0.000000,0.000000,0.000000,100.000000,0.250000,ns3-simulated/trace-derived
a1-ep-same,同向 EP,1,ep_competitor,L2R,48.500000,48.750000,48.625000,0.000000,0.000000,0.000000,100.000000,0.250000,ns3-simulated/trace-derived
a1-ep-same,同向 EP,1,ep_competitor,L2R,48.750000,49.000000,48.875000,0.000000,0.000000,0.000000,100.000000,0.250000,ns3-simulated/trace-derived
a1-ep-same,同向 EP,1,ep_competitor,L2R,49.000000,49.250000,49.125000,0.000000,0.000000,0.000000,100.000000,0.250000,ns3-simulated/trace-derived
a1-ep-same,同向 EP,1,ep_competitor,L2R,49.250000,49.500000,49.375000,0.000000,0.000000,0.000000,100.000000,0.250000,ns3-simulated/trace-derived
a1-ep-same,同向 EP,1,ep_competitor,L2R,49.500000,49.750000,49.625000,0.000000,0.000000,0.000000,100.000000,0.250000,ns3-simulated/trace-derived
a1-ep-same,同向 EP,1,ep_competitor,L2R,49.750000,50.000000,49.875000,0.000000,0.000000,0.000000,100.000000,0.250000,ns3-simulated/trace-derived
a1-ep-same,同向 EP,1,ep_competitor,L2R,50.000000,50.250000,50.125000,0.000000,0.000000,0.000000,100.000000,0.250000,ns3-simulated/trace-derived
a1-ep-same,同向 EP,1,ep_competitor,L2R,50.250000,50.500000,50.375000,0.000000,0.000000,0.000000,100.000000,0.250000,ns3-simulated/trace-derived
a1-ep-same,同向 EP,1,ep_competitor,L2R,50.500000,50.750000,50.625000,0.000000,0.000000,0.000000,100.000000,0.250000,ns3-simulated/trace-derived
a1-ep-same,同向 EP,1,ep_competitor,L2R,50.750000,51.000000,50.875000,0.000000,0.000000,0.000000,100.000000,0.250000,ns3-simulated/trace-derived
a1-ep-same,同向 EP,1,ep_competitor,L2R,51.000000,51.250000,51.125000,0.000000,0.000000,0.000000,100.000000,0.250000,ns3-simulated/trace-derived
a1-ep-same,同向 EP,1,ep_competitor,L2R,51.250000,51.500000,51.375000,0.000000,0.000000,0.000000,100.000000,0.250000,ns3-simulated/trace-derived
a1-ep-same,同向 EP,1,ep_competitor,L2R,51.500000,51.750000,51.625000,0.000000,0.000000,0.000000,100.000000,0.250000,ns3-simulated/trace-derived
a1-ep-same,同向 EP,1,ep_competitor,L2R,51.750000,52.000000,51.875000,0.000000,0.000000,0.000000,100.000000,0.250000,ns3-simulated/trace-derived
a1-ep-same,同向 EP,1,ep_competitor,L2R,52.000000,52.250000,52.125000,0.000000,0.000000,0.000000,100.000000,0.250000,ns3-simulated/trace-derived
a1-ep-same,同向 EP,1,ep_competitor,L2R,52.250000,52.500000,52.375000,0.000000,0.000000,0.000000,100.000000,0.250000,ns3-simulated/trace-derived
a1-ep-same,同向 EP,1,ep_competitor,L2R,52.500000,52.750000,52.625000,0.000000,0.000000,0.000000,100.000000,0.250000,ns3-simulated/trace-derived
a1-ep-same,同向 EP,1,ep_competitor,L2R,52.750000,53.000000,52.875000,0.000000,0.000000,0.000000,100.000000,0.250000,ns3-simulated/trace-derived
a1-ep-same,同向 EP,1,ep_competitor,L2R,53.000000,53.250000,53.125000,0.000000,0.000000,0.000000,100.000000,0.250000,ns3-simulated/trace-derived
a1-ep-same,同向 EP,1,ep_competitor,L2R,53.250000,53.500000,53.375000,0.000000,0.000000,0.000000,100.000000,0.250000,ns3-simulated/trace-derived
a1-ep-same,同向 EP,1,ep_competitor,L2R,53.500000,53.750000,53.625000,0.000000,0.000000,0.000000,100.000000,0.250000,ns3-simulated/trace-derived
a1-ep-same,同向 EP,1,ep_competitor,L2R,53.750000,54.000000,53.875000,0.000000,0.000000,0.000000,100.000000,0.250000,ns3-simulated/trace-derived
a1-ep-same,同向 EP,1,ep_competitor,L2R,54.000000,54.250000,54.125000,0.000000,0.000000,0.000000,100.000000,0.250000,ns3-simulated/trace-derived
a1-ep-same,同向 EP,1,ep_competitor,L2R,54.250000,54.500000,54.375000,0.000000,0.000000,0.000000,100.000000,0.250000,ns3-simulated/trace-derived
a1-ep-same,同向 EP,1,ep_competitor,L2R,54.500000,54.750000,54.625000,0.000000,0.000000,0.000000,100.000000,0.250000,ns3-simulated/trace-derived
a1-ep-same,同向 EP,1,ep_competitor,L2R,54.750000,55.000000,54.875000,0.000000,0.000000,0.000000,100.000000,0.250000,ns3-simulated/trace-derived
a1-ep-same,同向 EP,1,ep_competitor,L2R,55.000000,55.250000,55.125000,0.000000,0.000000,0.000000,100.000000,0.250000,ns3-simulated/trace-derived
a1-ep-same,同向 EP,1,ep_competitor,L2R,55.250000,55.500000,55.375000,0.000000,0.000000,0.000000,100.000000,0.250000,ns3-simulated/trace-derived
a1-ep-same,同向 EP,1,ep_competitor,L2R,55.500000,55.750000,55.625000,0.000000,0.000000,0.000000,100.000000,0.250000,ns3-simulated/trace-derived
a1-ep-same,同向 EP,1,ep_competitor,L2R,55.750000,56.000000,55.875000,0.000000,0.000000,0.000000,100.000000,0.250000,ns3-simulated/trace-derived
a1-ep-same,同向 EP,1,ep_competitor,L2R,56.000000,56.250000,56.125000,0.000000,0.000000,0.000000,100.000000,0.250000,ns3-simulated/trace-derived
a1-ep-same,同向 EP,1,ep_competitor,L2R,56.250000,56.500000,56.375000,0.000000,0.000000,0.000000,100.000000,0.250000,ns3-simulated/trace-derived
a1-ep-same,同向 EP,1,ep_competitor,L2R,56.500000,56.750000,56.625000,0.000000,0.000000,0.000000,100.000000,0.250000,ns3-simulated/trace-derived
a1-ep-same,同向 EP,1,ep_competitor,L2R,56.750000,57.000000,56.875000,0.000000,0.000000,0.000000,100.000000,0.250000,ns3-simulated/trace-derived
a1-ep-same,同向 EP,1,ep_competitor,L2R,57.000000,57.250000,57.125000,0.000000,0.000000,0.000000,100.000000,0.250000,ns3-simulated/trace-derived
a1-ep-same,同向 EP,1,ep_competitor,L2R,57.250000,57.500000,57.375000,0.000000,0.000000,0.000000,100.000000,0.250000,ns3-simulated/trace-derived
a1-ep-same,同向 EP,1,ep_competitor,L2R,57.500000,57.750000,57.625000,0.000000,0.000000,0.000000,100.000000,0.250000,ns3-simulated/trace-derived
a1-ep-same,同向 EP,1,ep_competitor,L2R,57.750000,58.000000,57.875000,0.000000,0.000000,0.000000,100.000000,0.250000,ns3-simulated/trace-derived
a1-ep-same,同向 EP,1,ep_competitor,L2R,58.000000,58.250000,58.125000,0.000000,0.000000,0.000000,100.000000,0.250000,ns3-simulated/trace-derived
a1-ep-same,同向 EP,1,ep_competitor,L2R,58.250000,58.500000,58.375000,0.000000,0.000000,0.000000,100.000000,0.250000,ns3-simulated/trace-derived
a1-ep-same,同向 EP,1,ep_competitor,L2R,58.500000,58.750000,58.625000,0.000000,0.000000,0.000000,100.000000,0.250000,ns3-simulated/trace-derived
a1-ep-same,同向 EP,1,ep_competitor,L2R,58.750000,59.000000,58.875000,0.000000,0.000000,0.000000,100.000000,0.250000,ns3-simulated/trace-derived
a1-ep-same,同向 EP,1,ep_competitor,L2R,59.000000,59.250000,59.125000,0.000000,0.000000,0.000000,100.000000,0.250000,ns3-simulated/trace-derived
a1-ep-same,同向 EP,1,ep_competitor,L2R,59.250000,59.500000,59.375000,0.000000,0.000000,0.000000,100.000000,0.250000,ns3-simulated/trace-derived
a1-ep-same,同向 EP,1,ep_competitor,L2R,59.500000,59.750000,59.625000,0.000000,0.000000,0.000000,100.000000,0.250000,ns3-simulated/trace-derived
a1-ep-same,同向 EP,1,ep_competitor,L2R,59.750000,60.000000,59.875000,0.000000,0.000000,0.000000,100.000000,0.250000,ns3-simulated/trace-derived
a1-ep-same,同向 EP,1,ep_competitor,L2R,60.000000,60.250000,60.125000,0.000000,0.000000,0.000000,100.000000,0.250000,ns3-simulated/trace-derived
a1-ep-same,同向 EP,1,ep_competitor,L2R,60.250000,60.500000,60.375000,0.000000,0.000000,0.000000,100.000000,0.250000,ns3-simulated/trace-derived
a1-ep-same,同向 EP,1,ep_competitor,L2R,60.500000,60.750000,60.625000,0.000000,0.000000,0.000000,100.000000,0.250000,ns3-simulated/trace-derived
a1-ep-same,同向 EP,1,ep_competitor,L2R,60.750000,61.000000,60.875000,0.000000,0.000000,0.000000,100.000000,0.250000,ns3-simulated/trace-derived
a1-ep-same,同向 EP,1,ep_competitor,L2R,61.000000,61.250000,61.125000,0.000000,0.000000,0.000000,100.000000,0.250000,ns3-simulated/trace-derived
a1-ep-same,同向 EP,1,ep_competitor,L2R,61.250000,61.500000,61.375000,0.000000,0.000000,0.000000,100.000000,0.250000,ns3-simulated/trace-derived
a1-ep-same,同向 EP,1,ep_competitor,L2R,61.500000,61.750000,61.625000,0.000000,0.000000,0.000000,100.000000,0.250000,ns3-simulated/trace-derived
a1-ep-same,同向 EP,1,ep_competitor,L2R,61.750000,62.000000,61.875000,0.000000,0.000000,0.000000,100.000000,0.250000,ns3-simulated/trace-derived
a1-ep-same,同向 EP,1,ep_competitor,L2R,62.000000,62.250000,62.125000,0.000000,0.000000,0.000000,100.000000,0.250000,ns3-simulated/trace-derived
a1-ep-same,同向 EP,1,ep_competitor,L2R,62.250000,62.500000,62.375000,0.000000,0.000000,0.000000,100.000000,0.250000,ns3-simulated/trace-derived
a1-ep-same,同向 EP,1,ep_competitor,L2R,62.500000,62.750000,62.625000,0.000000,0.000000,0.000000,100.000000,0.250000,ns3-simulated/trace-derived
a1-ep-same,同向 EP,1,ep_competitor,L2R,62.750000,63.000000,62.875000,0.000000,0.000000,0.000000,100.000000,0.250000,ns3-simulated/trace-derived
a1-ep-same,同向 EP,1,ep_competitor,L2R,63.000000,63.250000,63.125000,0.000000,0.000000,0.000000,100.000000,0.250000,ns3-simulated/trace-derived
a1-ep-same,同向 EP,1,ep_competitor,L2R,63.250000,63.500000,63.375000,0.000000,0.000000,0.000000,100.000000,0.250000,ns3-simulated/trace-derived
a1-ep-same,同向 EP,1,ep_competitor,L2R,63.500000,63.750000,63.625000,0.000000,0.000000,0.000000,100.000000,0.250000,ns3-simulated/trace-derived
a1-ep-same,同向 EP,1,ep_competitor,L2R,63.750000,64.000000,63.875000,0.000000,0.000000,0.000000,100.000000,0.250000,ns3-simulated/trace-derived
a1-ep-same,同向 EP,1,ep_competitor,L2R,64.000000,64.250000,64.125000,0.000000,0.000000,0.000000,100.000000,0.250000,ns3-simulated/trace-derived
a1-ep-same,同向 EP,1,ep_competitor,L2R,64.250000,64.500000,64.375000,0.000000,0.000000,0.000000,100.000000,0.250000,ns3-simulated/trace-derived
a1-ep-same,同向 EP,1,ep_competitor,L2R,64.500000,64.750000,64.625000,0.000000,0.000000,0.000000,100.000000,0.250000,ns3-simulated/trace-derived
a1-ep-same,同向 EP,1,ep_competitor,L2R,64.750000,65.000000,64.875000,0.000000,0.000000,0.000000,100.000000,0.250000,ns3-simulated/trace-derived
a1-ep-same,同向 EP,1,ep_competitor,L2R,65.000000,65.250000,65.125000,0.000000,0.000000,0.000000,100.000000,0.250000,ns3-simulated/trace-derived
a1-ep-same,同向 EP,1,ep_competitor,L2R,65.250000,65.500000,65.375000,0.000000,0.000000,0.000000,100.000000,0.250000,ns3-simulated/trace-derived
a1-ep-same,同向 EP,1,ep_competitor,L2R,65.500000,65.750000,65.625000,0.000000,0.000000,0.000000,100.000000,0.250000,ns3-simulated/trace-derived
a1-ep-same,同向 EP,1,ep_competitor,L2R,65.750000,66.000000,65.875000,0.000000,0.000000,0.000000,100.000000,0.250000,ns3-simulated/trace-derived
a1-ep-same,同向 EP,1,ep_competitor,L2R,66.000000,66.250000,66.125000,0.000000,0.000000,0.000000,100.000000,0.250000,ns3-simulated/trace-derived
a1-ep-same,同向 EP,1,ep_competitor,L2R,66.250000,66.500000,66.375000,0.000000,0.000000,0.000000,100.000000,0.250000,ns3-simulated/trace-derived
a1-ep-same,同向 EP,1,ep_competitor,L2R,66.500000,66.750000,66.625000,0.000000,0.000000,0.000000,100.000000,0.250000,ns3-simulated/trace-derived
a1-ep-same,同向 EP,1,ep_competitor,L2R,66.750000,67.000000,66.875000,0.000000,0.000000,0.000000,100.000000,0.250000,ns3-simulated/trace-derived
a1-ep-same,同向 EP,1,ep_competitor,L2R,67.000000,67.250000,67.125000,0.000000,0.000000,0.000000,100.000000,0.250000,ns3-simulated/trace-derived
a1-ep-same,同向 EP,1,ep_competitor,L2R,67.250000,67.500000,67.375000,0.000000,0.000000,0.000000,100.000000,0.250000,ns3-simulated/trace-derived
a1-ep-same,同向 EP,1,ep_competitor,L2R,67.500000,67.750000,67.625000,0.000000,0.000000,0.000000,100.000000,0.250000,ns3-simulated/trace-derived
a1-ep-same,同向 EP,1,ep_competitor,L2R,67.750000,68.000000,67.875000,0.000000,0.000000,0.000000,100.000000,0.250000,ns3-simulated/trace-derived
a1-ep-same,同向 EP,1,ep_competitor,L2R,68.000000,68.250000,68.125000,0.000000,0.000000,0.000000,100.000000,0.250000,ns3-simulated/trace-derived
a1-ep-same,同向 EP,1,ep_competitor,L2R,68.250000,68.500000,68.375000,0.000000,0.000000,0.000000,100.000000,0.250000,ns3-simulated/trace-derived
a1-ep-same,同向 EP,1,ep_competitor,L2R,68.500000,68.750000,68.625000,0.000000,0.000000,0.000000,100.000000,0.250000,ns3-simulated/trace-derived
a1-ep-same,同向 EP,1,ep_competitor,L2R,68.750000,69.000000,68.875000,0.000000,0.000000,0.000000,100.000000,0.250000,ns3-simulated/trace-derived
a1-ep-same,同向 EP,1,ep_competitor,L2R,69.000000,69.250000,69.125000,0.000000,0.000000,0.000000,100.000000,0.250000,ns3-simulated/trace-derived
a1-ep-same,同向 EP,1,ep_competitor,L2R,69.250000,69.500000,69.375000,0.000000,0.000000,0.000000,100.000000,0.250000,ns3-simulated/trace-derived
a1-ep-same,同向 EP,1,ep_competitor,L2R,69.500000,69.750000,69.625000,0.000000,0.000000,0.000000,100.000000,0.250000,ns3-simulated/trace-derived
a1-ep-same,同向 EP,1,ep_competitor,L2R,69.750000,70.000000,69.875000,0.000000,0.000000,0.000000,100.000000,0.250000,ns3-simulated/trace-derived
a1-ep-same,同向 EP,1,ep_competitor,L2R,70.000000,70.250000,70.125000,0.000000,0.000000,0.000000,100.000000,0.250000,ns3-simulated/trace-derived
a2-ep-reverse,反向 EP,0,target,L2R,0.000000,0.250000,0.125000,1694.000000,54.208000,54.208000,100.000000,0.250000,ns3-simulated/trace-derived
a2-ep-reverse,反向 EP,0,target,L2R,0.250000,0.500000,0.375000,3125.000000,100.000000,100.000000,100.000000,0.250000,ns3-simulated/trace-derived
a2-ep-reverse,反向 EP,0,target,L2R,0.500000,0.750000,0.625000,3125.000000,100.000000,100.000000,100.000000,0.250000,ns3-simulated/trace-derived
a2-ep-reverse,反向 EP,0,target,L2R,0.750000,1.000000,0.875000,3125.000000,100.000000,100.000000,100.000000,0.250000,ns3-simulated/trace-derived
a2-ep-reverse,反向 EP,0,target,L2R,1.000000,1.250000,1.125000,3000.000000,96.000000,96.000000,100.000000,0.250000,ns3-simulated/trace-derived
a2-ep-reverse,反向 EP,0,target,L2R,1.250000,1.500000,1.375000,3063.000000,98.016000,98.016000,100.000000,0.250000,ns3-simulated/trace-derived
a2-ep-reverse,反向 EP,0,target,L2R,1.500000,1.750000,1.625000,3125.000000,100.000000,100.000000,100.000000,0.250000,ns3-simulated/trace-derived
a2-ep-reverse,反向 EP,0,target,L2R,1.750000,2.000000,1.875000,3000.000000,96.000000,96.000000,100.000000,0.250000,ns3-simulated/trace-derived
a2-ep-reverse,反向 EP,0,target,L2R,2.000000,2.250000,2.125000,3063.000000,98.016000,98.016000,100.000000,0.250000,ns3-simulated/trace-derived
a2-ep-reverse,反向 EP,0,target,L2R,2.250000,2.500000,2.375000,3000.000000,96.000000,96.000000,100.000000,0.250000,ns3-simulated/trace-derived
a2-ep-reverse,反向 EP,0,target,L2R,2.500000,2.750000,2.625000,3125.000000,100.000000,100.000000,100.000000,0.250000,ns3-simulated/trace-derived
a2-ep-reverse,反向 EP,0,target,L2R,2.750000,3.000000,2.875000,3063.000000,98.016000,98.016000,100.000000,0.250000,ns3-simulated/trace-derived
a2-ep-reverse,反向 EP,0,target,L2R,3.000000,3.250000,3.125000,3000.000000,96.000000,96.000000,100.000000,0.250000,ns3-simulated/trace-derived
a2-ep-reverse,反向 EP,0,target,L2R,3.250000,3.500000,3.375000,3125.000000,100.000000,100.000000,100.000000,0.250000,ns3-simulated/trace-derived
a2-ep-reverse,反向 EP,0,target,L2R,3.500000,3.750000,3.625000,3063.000000,98.016000,98.016000,100.000000,0.250000,ns3-simulated/trace-derived
a2-ep-reverse,反向 EP,0,target,L2R,3.750000,4.000000,3.875000,3000.000000,96.000000,96.000000,100.000000,0.250000,ns3-simulated/trace-derived
a2-ep-reverse,反向 EP,0,target,L2R,4.000000,4.250000,4.125000,3063.000000,98.016000,98.016000,100.000000,0.250000,ns3-simulated/trace-derived
a2-ep-reverse,反向 EP,0,target,L2R,4.250000,4.500000,4.375000,3125.000000,100.000000,100.000000,100.000000,0.250000,ns3-simulated/trace-derived
a2-ep-reverse,反向 EP,0,target,L2R,4.500000,4.750000,4.625000,3000.000000,96.000000,96.000000,100.000000,0.250000,ns3-simulated/trace-derived
a2-ep-reverse,反向 EP,0,target,L2R,4.750000,5.000000,4.875000,3063.000000,98.016000,98.016000,100.000000,0.250000,ns3-simulated/trace-derived
a2-ep-reverse,反向 EP,0,target,L2R,5.000000,5.250000,5.125000,3000.000000,96.000000,96.000000,100.000000,0.250000,ns3-simulated/trace-derived
a2-ep-reverse,反向 EP,0,target,L2R,5.250000,5.500000,5.375000,3125.000000,100.000000,100.000000,100.000000,0.250000,ns3-simulated/trace-derived
a2-ep-reverse,反向 EP,0,target,L2R,5.500000,5.750000,5.625000,3063.000000,98.016000,98.016000,100.000000,0.250000,ns3-simulated/trace-derived
a2-ep-reverse,反向 EP,0,target,L2R,5.750000,6.000000,5.875000,3000.000000,96.000000,96.000000,100.000000,0.250000,ns3-simulated/trace-derived
a2-ep-reverse,反向 EP,0,target,L2R,6.000000,6.250000,6.125000,3063.000000,98.016000,98.016000,100.000000,0.250000,ns3-simulated/trace-derived
a2-ep-reverse,反向 EP,0,target,L2R,6.250000,6.500000,6.375000,3125.000000,100.000000,100.000000,100.000000,0.250000,ns3-simulated/trace-derived
a2-ep-reverse,反向 EP,0,target,L2R,6.500000,6.750000,6.625000,3000.000000,96.000000,96.000000,100.000000,0.250000,ns3-simulated/trace-derived
a2-ep-reverse,反向 EP,0,target,L2R,6.750000,7.000000,6.875000,3063.000000,98.016000,98.016000,100.000000,0.250000,ns3-simulated/trace-derived
a2-ep-reverse,反向 EP,0,target,L2R,7.000000,7.250000,7.125000,3125.000000,100.000000,100.000000,100.000000,0.250000,ns3-simulated/trace-derived
a2-ep-reverse,反向 EP,0,target,L2R,7.250000,7.500000,7.375000,3000.000000,96.000000,96.000000,100.000000,0.250000,ns3-simulated/trace-derived
a2-ep-reverse,反向 EP,0,target,L2R,7.500000,7.750000,7.625000,3063.000000,98.016000,98.016000,100.000000,0.250000,ns3-simulated/trace-derived
a2-ep-reverse,反向 EP,0,target,L2R,7.750000,8.000000,7.875000,3000.000000,96.000000,96.000000,100.000000,0.250000,ns3-simulated/trace-derived
a2-ep-reverse,反向 EP,0,target,L2R,8.000000,8.250000,8.125000,3125.000000,100.000000,100.000000,100.000000,0.250000,ns3-simulated/trace-derived
a2-ep-reverse,反向 EP,0,target,L2R,8.250000,8.500000,8.375000,3063.000000,98.016000,98.016000,100.000000,0.250000,ns3-simulated/trace-derived
a2-ep-reverse,反向 EP,0,target,L2R,8.500000,8.750000,8.625000,3000.000000,96.000000,96.000000,100.000000,0.250000,ns3-simulated/trace-derived
a2-ep-reverse,反向 EP,0,target,L2R,8.750000,9.000000,8.875000,3063.000000,98.016000,98.016000,100.000000,0.250000,ns3-simulated/trace-derived
a2-ep-reverse,反向 EP,0,target,L2R,9.000000,9.250000,9.125000,3125.000000,100.000000,100.000000,100.000000,0.250000,ns3-simulated/trace-derived
a2-ep-reverse,反向 EP,0,target,L2R,9.250000,9.500000,9.375000,3000.000000,96.000000,96.000000,100.000000,0.250000,ns3-simulated/trace-derived
a2-ep-reverse,反向 EP,0,target,L2R,9.500000,9.750000,9.625000,3063.000000,98.016000,98.016000,100.000000,0.250000,ns3-simulated/trace-derived
a2-ep-reverse,反向 EP,0,target,L2R,9.750000,10.000000,9.875000,3033.000000,97.056000,97.056000,100.000000,0.250000,ns3-simulated/trace-derived
a2-ep-reverse,反向 EP,0,target,L2R,10.000000,10.250000,10.125000,3092.000000,98.944000,98.944000,100.000000,0.250000,ns3-simulated/trace-derived
a2-ep-reverse,反向 EP,0,target,L2R,10.250000,10.500000,10.375000,3063.000000,98.016000,98.016000,100.000000,0.250000,ns3-simulated/trace-derived
a2-ep-reverse,反向 EP,0,target,L2R,10.500000,10.750000,10.625000,3000.000000,96.000000,96.000000,100.000000,0.250000,ns3-simulated/trace-derived
a2-ep-reverse,反向 EP,0,target,L2R,10.750000,11.000000,10.875000,3125.000000,100.000000,100.000000,100.000000,0.250000,ns3-simulated/trace-derived
a2-ep-reverse,反向 EP,0,target,L2R,11.000000,11.250000,11.125000,3063.000000,98.016000,98.016000,100.000000,0.250000,ns3-simulated/trace-derived
a2-ep-reverse,反向 EP,0,target,L2R,11.250000,11.500000,11.375000,3000.000000,96.000000,96.000000,100.000000,0.250000,ns3-simulated/trace-derived
a2-ep-reverse,反向 EP,0,target,L2R,11.500000,11.750000,11.625000,3063.000000,98.016000,98.016000,100.000000,0.250000,ns3-simulated/trace-derived
a2-ep-reverse,反向 EP,0,target,L2R,11.750000,12.000000,11.875000,3125.000000,100.000000,100.000000,100.000000,0.250000,ns3-simulated/trace-derived
a2-ep-reverse,反向 EP,0,target,L2R,12.000000,12.250000,12.125000,3000.000000,96.000000,96.000000,100.000000,0.250000,ns3-simulated/trace-derived
a2-ep-reverse,反向 EP,0,target,L2R,12.250000,12.500000,12.375000,3046.000000,97.472000,97.472000,100.000000,0.250000,ns3-simulated/trace-derived
a2-ep-reverse,反向 EP,0,target,L2R,12.500000,12.750000,12.625000,3000.000000,96.000000,96.000000,100.000000,0.250000,ns3-simulated/trace-derived
a2-ep-reverse,反向 EP,0,target,L2R,12.750000,13.000000,12.875000,3125.000000,100.000000,100.000000,100.000000,0.250000,ns3-simulated/trace-derived
a2-ep-reverse,反向 EP,0,target,L2R,13.000000,13.250000,13.125000,3063.000000,98.016000,98.016000,100.000000,0.250000,ns3-simulated/trace-derived
a2-ep-reverse,反向 EP,0,target,L2R,13.250000,13.500000,13.375000,3000.000000,96.000000,96.000000,100.000000,0.250000,ns3-simulated/trace-derived
a2-ep-reverse,反向 EP,0,target,L2R,13.500000,13.750000,13.625000,3125.000000,100.000000,100.000000,100.000000,0.250000,ns3-simulated/trace-derived
a2-ep-reverse,反向 EP,0,target,L2R,13.750000,14.000000,13.875000,3063.000000,98.016000,98.016000,100.000000,0.250000,ns3-simulated/trace-derived
a2-ep-reverse,反向 EP,0,target,L2R,14.000000,14.250000,14.125000,3000.000000,96.000000,96.000000,100.000000,0.250000,ns3-simulated/trace-derived
a2-ep-reverse,反向 EP,0,target,L2R,14.250000,14.500000,14.375000,3063.000000,98.016000,98.016000,100.000000,0.250000,ns3-simulated/trace-derived
a2-ep-reverse,反向 EP,0,target,L2R,14.500000,14.750000,14.625000,3125.000000,100.000000,100.000000,100.000000,0.250000,ns3-simulated/trace-derived
a2-ep-reverse,反向 EP,0,target,L2R,14.750000,15.000000,14.875000,3000.000000,96.000000,96.000000,100.000000,0.250000,ns3-simulated/trace-derived
a2-ep-reverse,反向 EP,0,target,L2R,15.000000,15.250000,15.125000,3063.000000,98.016000,98.016000,100.000000,0.250000,ns3-simulated/trace-derived
a2-ep-reverse,反向 EP,0,target,L2R,15.250000,15.500000,15.375000,3000.000000,96.000000,96.000000,100.000000,0.250000,ns3-simulated/trace-derived
a2-ep-reverse,反向 EP,0,target,L2R,15.500000,15.750000,15.625000,3125.000000,100.000000,100.000000,100.000000,0.250000,ns3-simulated/trace-derived
a2-ep-reverse,反向 EP,0,target,L2R,15.750000,16.000000,15.875000,3063.000000,98.016000,98.016000,100.000000,0.250000,ns3-simulated/trace-derived
a2-ep-reverse,反向 EP,0,target,L2R,16.000000,16.250000,16.125000,3000.000000,96.000000,96.000000,100.000000,0.250000,ns3-simulated/trace-derived
a2-ep-reverse,反向 EP,0,target,L2R,16.250000,16.500000,16.375000,3063.000000,98.016000,98.016000,100.000000,0.250000,ns3-simulated/trace-derived
a2-ep-reverse,反向 EP,0,target,L2R,16.500000,16.750000,16.625000,3125.000000,100.000000,100.000000,100.000000,0.250000,ns3-simulated/trace-derived
a2-ep-reverse,反向 EP,0,target,L2R,16.750000,17.000000,16.875000,3000.000000,96.000000,96.000000,100.000000,0.250000,ns3-simulated/trace-derived
a2-ep-reverse,反向 EP,0,target,L2R,17.000000,17.250000,17.125000,3063.000000,98.016000,98.016000,100.000000,0.250000,ns3-simulated/trace-derived
a2-ep-reverse,反向 EP,0,target,L2R,17.250000,17.500000,17.375000,3125.000000,100.000000,100.000000,100.000000,0.250000,ns3-simulated/trace-derived
a2-ep-reverse,反向 EP,0,target,L2R,17.500000,17.750000,17.625000,3000.000000,96.000000,96.000000,100.000000,0.250000,ns3-simulated/trace-derived
a2-ep-reverse,反向 EP,0,target,L2R,17.750000,18.000000,17.875000,3063.000000,98.016000,98.016000,100.000000,0.250000,ns3-simulated/trace-derived
a2-ep-reverse,反向 EP,0,target,L2R,18.000000,18.250000,18.125000,2875.000000,92.000000,92.000000,100.000000,0.250000,ns3-simulated/trace-derived
a2-ep-reverse,反向 EP,0,target,L2R,18.250000,18.500000,18.375000,3125.000000,100.000000,100.000000,100.000000,0.250000,ns3-simulated/trace-derived
a2-ep-reverse,反向 EP,0,target,L2R,18.500000,18.750000,18.625000,3063.000000,98.016000,98.016000,100.000000,0.250000,ns3-simulated/trace-derived
a2-ep-reverse,反向 EP,0,target,L2R,18.750000,19.000000,18.875000,3000.000000,96.000000,96.000000,100.000000,0.250000,ns3-simulated/trace-derived
a2-ep-reverse,反向 EP,0,target,L2R,19.000000,19.250000,19.125000,3063.000000,98.016000,98.016000,100.000000,0.250000,ns3-simulated/trace-derived
a2-ep-reverse,反向 EP,0,target,L2R,19.250000,19.500000,19.375000,3125.000000,100.000000,100.000000,100.000000,0.250000,ns3-simulated/trace-derived
a2-ep-reverse,反向 EP,0,target,L2R,19.500000,19.750000,19.625000,3000.000000,96.000000,96.000000,100.000000,0.250000,ns3-simulated/trace-derived
a2-ep-reverse,反向 EP,0,target,L2R,19.750000,20.000000,19.875000,3063.000000,98.016000,98.016000,100.000000,0.250000,ns3-simulated/trace-derived
a2-ep-reverse,反向 EP,0,target,L2R,20.000000,20.250000,20.125000,3075.000000,98.400000,98.400000,100.000000,0.250000,ns3-simulated/trace-derived
a2-ep-reverse,反向 EP,0,target,L2R,20.250000,20.500000,20.375000,3050.000000,97.600000,97.600000,100.000000,0.250000,ns3-simulated/trace-derived
a2-ep-reverse,反向 EP,0,target,L2R,20.500000,20.750000,20.625000,3063.000000,98.016000,98.016000,100.000000,0.250000,ns3-simulated/trace-derived
a2-ep-reverse,反向 EP,0,target,L2R,20.750000,21.000000,20.875000,3000.000000,96.000000,96.000000,100.000000,0.250000,ns3-simulated/trace-derived
a2-ep-reverse,反向 EP,0,target,L2R,21.000000,21.250000,21.125000,3125.000000,100.000000,100.000000,100.000000,0.250000,ns3-simulated/trace-derived
a2-ep-reverse,反向 EP,0,target,L2R,21.250000,21.500000,21.375000,3063.000000,98.016000,98.016000,100.000000,0.250000,ns3-simulated/trace-derived
a2-ep-reverse,反向 EP,0,target,L2R,21.500000,21.750000,21.625000,3000.000000,96.000000,96.000000,100.000000,0.250000,ns3-simulated/trace-derived
a2-ep-reverse,反向 EP,0,target,L2R,21.750000,22.000000,21.875000,3063.000000,98.016000,98.016000,100.000000,0.250000,ns3-simulated/trace-derived
a2-ep-reverse,反向 EP,0,target,L2R,22.000000,22.250000,22.125000,3125.000000,100.000000,100.000000,100.000000,0.250000,ns3-simulated/trace-derived
a2-ep-reverse,反向 EP,0,target,L2R,22.250000,22.500000,22.375000,3000.000000,96.000000,96.000000,100.000000,0.250000,ns3-simulated/trace-derived
a2-ep-reverse,反向 EP,0,target,L2R,22.500000,22.750000,22.625000,3063.000000,98.016000,98.016000,100.000000,0.250000,ns3-simulated/trace-derived
a2-ep-reverse,反向 EP,0,target,L2R,22.750000,23.000000,22.875000,3000.000000,96.000000,96.000000,100.000000,0.250000,ns3-simulated/trace-derived
a2-ep-reverse,反向 EP,0,target,L2R,23.000000,23.250000,23.125000,3125.000000,100.000000,100.000000,100.000000,0.250000,ns3-simulated/trace-derived
a2-ep-reverse,反向 EP,0,target,L2R,23.250000,23.500000,23.375000,889.000000,28.448000,28.448000,100.000000,0.250000,ns3-simulated/trace-derived
a2-ep-reverse,反向 EP,0,target,L2R,23.500000,23.750000,23.625000,0.000000,0.000000,0.000000,100.000000,0.250000,ns3-simulated/trace-derived
a2-ep-reverse,反向 EP,0,target,L2R,23.750000,24.000000,23.875000,0.000000,0.000000,0.000000,100.000000,0.250000,ns3-simulated/trace-derived
a2-ep-reverse,反向 EP,0,target,L2R,24.000000,24.250000,24.125000,0.000000,0.000000,0.000000,100.000000,0.250000,ns3-simulated/trace-derived
a2-ep-reverse,反向 EP,0,target,L2R,24.250000,24.500000,24.375000,0.000000,0.000000,0.000000,100.000000,0.250000,ns3-simulated/trace-derived
a2-ep-reverse,反向 EP,0,target,L2R,24.500000,24.750000,24.625000,0.000000,0.000000,0.000000,100.000000,0.250000,ns3-simulated/trace-derived
a2-ep-reverse,反向 EP,0,target,L2R,24.750000,25.000000,24.875000,0.000000,0.000000,0.000000,100.000000,0.250000,ns3-simulated/trace-derived
a2-ep-reverse,反向 EP,0,target,L2R,25.000000,25.250000,25.125000,0.000000,0.000000,0.000000,100.000000,0.250000,ns3-simulated/trace-derived
a2-ep-reverse,反向 EP,0,target,L2R,25.250000,25.500000,25.375000,0.000000,0.000000,0.000000,100.000000,0.250000,ns3-simulated/trace-derived
a2-ep-reverse,反向 EP,0,target,L2R,25.500000,25.750000,25.625000,0.000000,0.000000,0.000000,100.000000,0.250000,ns3-simulated/trace-derived
a2-ep-reverse,反向 EP,0,target,L2R,25.750000,26.000000,25.875000,0.000000,0.000000,0.000000,100.000000,0.250000,ns3-simulated/trace-derived
a2-ep-reverse,反向 EP,0,target,L2R,26.000000,26.250000,26.125000,0.000000,0.000000,0.000000,100.000000,0.250000,ns3-simulated/trace-derived
a2-ep-reverse,反向 EP,0,target,L2R,26.250000,26.500000,26.375000,0.000000,0.000000,0.000000,100.000000,0.250000,ns3-simulated/trace-derived
a2-ep-reverse,反向 EP,0,target,L2R,26.500000,26.750000,26.625000,0.000000,0.000000,0.000000,100.000000,0.250000,ns3-simulated/trace-derived
a2-ep-reverse,反向 EP,0,target,L2R,26.750000,27.000000,26.875000,0.000000,0.000000,0.000000,100.000000,0.250000,ns3-simulated/trace-derived
a2-ep-reverse,反向 EP,0,target,L2R,27.000000,27.250000,27.125000,0.000000,0.000000,0.000000,100.000000,0.250000,ns3-simulated/trace-derived
a2-ep-reverse,反向 EP,0,target,L2R,27.250000,27.500000,27.375000,0.000000,0.000000,0.000000,100.000000,0.250000,ns3-simulated/trace-derived
a2-ep-reverse,反向 EP,0,target,L2R,27.500000,27.750000,27.625000,0.000000,0.000000,0.000000,100.000000,0.250000,ns3-simulated/trace-derived
a2-ep-reverse,反向 EP,0,target,L2R,27.750000,28.000000,27.875000,0.000000,0.000000,0.000000,100.000000,0.250000,ns3-simulated/trace-derived
a2-ep-reverse,反向 EP,0,target,L2R,28.000000,28.250000,28.125000,0.000000,0.000000,0.000000,100.000000,0.250000,ns3-simulated/trace-derived
a2-ep-reverse,反向 EP,0,target,L2R,28.250000,28.500000,28.375000,0.000000,0.000000,0.000000,100.000000,0.250000,ns3-simulated/trace-derived
a2-ep-reverse,反向 EP,0,target,L2R,28.500000,28.750000,28.625000,0.000000,0.000000,0.000000,100.000000,0.250000,ns3-simulated/trace-derived
a2-ep-reverse,反向 EP,0,target,L2R,28.750000,29.000000,28.875000,0.000000,0.000000,0.000000,100.000000,0.250000,ns3-simulated/trace-derived
a2-ep-reverse,反向 EP,0,target,L2R,29.000000,29.250000,29.125000,0.000000,0.000000,0.000000,100.000000,0.250000,ns3-simulated/trace-derived
a2-ep-reverse,反向 EP,0,target,L2R,29.250000,29.500000,29.375000,0.000000,0.000000,0.000000,100.000000,0.250000,ns3-simulated/trace-derived
a2-ep-reverse,反向 EP,0,target,L2R,29.500000,29.750000,29.625000,0.000000,0.000000,0.000000,100.000000,0.250000,ns3-simulated/trace-derived
a2-ep-reverse,反向 EP,0,target,L2R,29.750000,30.000000,29.875000,0.000000,0.000000,0.000000,100.000000,0.250000,ns3-simulated/trace-derived
a2-ep-reverse,反向 EP,0,target,L2R,30.000000,30.250000,30.125000,0.000000,0.000000,0.000000,100.000000,0.250000,ns3-simulated/trace-derived
a2-ep-reverse,反向 EP,0,target,L2R,30.250000,30.500000,30.375000,0.000000,0.000000,0.000000,100.000000,0.250000,ns3-simulated/trace-derived
a2-ep-reverse,反向 EP,0,target,L2R,30.500000,30.750000,30.625000,0.000000,0.000000,0.000000,100.000000,0.250000,ns3-simulated/trace-derived
a2-ep-reverse,反向 EP,0,target,L2R,30.750000,31.000000,30.875000,0.000000,0.000000,0.000000,100.000000,0.250000,ns3-simulated/trace-derived
a2-ep-reverse,反向 EP,0,target,L2R,31.000000,31.250000,31.125000,0.000000,0.000000,0.000000,100.000000,0.250000,ns3-simulated/trace-derived
a2-ep-reverse,反向 EP,0,target,L2R,31.250000,31.500000,31.375000,0.000000,0.000000,0.000000,100.000000,0.250000,ns3-simulated/trace-derived
a2-ep-reverse,反向 EP,0,target,L2R,31.500000,31.750000,31.625000,0.000000,0.000000,0.000000,100.000000,0.250000,ns3-simulated/trace-derived
a2-ep-reverse,反向 EP,0,target,L2R,31.750000,32.000000,31.875000,0.000000,0.000000,0.000000,100.000000,0.250000,ns3-simulated/trace-derived
a2-ep-reverse,反向 EP,0,target,L2R,32.000000,32.250000,32.125000,0.000000,0.000000,0.000000,100.000000,0.250000,ns3-simulated/trace-derived
a2-ep-reverse,反向 EP,0,target,L2R,32.250000,32.500000,32.375000,0.000000,0.000000,0.000000,100.000000,0.250000,ns3-simulated/trace-derived
a2-ep-reverse,反向 EP,0,target,L2R,32.500000,32.750000,32.625000,0.000000,0.000000,0.000000,100.000000,0.250000,ns3-simulated/trace-derived
a2-ep-reverse,反向 EP,0,target,L2R,32.750000,33.000000,32.875000,0.000000,0.000000,0.000000,100.000000,0.250000,ns3-simulated/trace-derived
a2-ep-reverse,反向 EP,0,target,L2R,33.000000,33.250000,33.125000,0.000000,0.000000,0.000000,100.000000,0.250000,ns3-simulated/trace-derived
a2-ep-reverse,反向 EP,0,target,L2R,33.250000,33.500000,33.375000,0.000000,0.000000,0.000000,100.000000,0.250000,ns3-simulated/trace-derived
a2-ep-reverse,反向 EP,0,target,L2R,33.500000,33.750000,33.625000,0.000000,0.000000,0.000000,100.000000,0.250000,ns3-simulated/trace-derived
a2-ep-reverse,反向 EP,0,target,L2R,33.750000,34.000000,33.875000,0.000000,0.000000,0.000000,100.000000,0.250000,ns3-simulated/trace-derived
a2-ep-reverse,反向 EP,0,target,L2R,34.000000,34.250000,34.125000,0.000000,0.000000,0.000000,100.000000,0.250000,ns3-simulated/trace-derived
a2-ep-reverse,反向 EP,0,target,L2R,34.250000,34.500000,34.375000,0.000000,0.000000,0.000000,100.000000,0.250000,ns3-simulated/trace-derived
a2-ep-reverse,反向 EP,0,target,L2R,34.500000,34.750000,34.625000,0.000000,0.000000,0.000000,100.000000,0.250000,ns3-simulated/trace-derived
a2-ep-reverse,反向 EP,0,target,L2R,34.750000,35.000000,34.875000,0.000000,0.000000,0.000000,100.000000,0.250000,ns3-simulated/trace-derived
a2-ep-reverse,反向 EP,0,target,L2R,35.000000,35.250000,35.125000,0.000000,0.000000,0.000000,100.000000,0.250000,ns3-simulated/trace-derived
a2-ep-reverse,反向 EP,0,target,L2R,35.250000,35.500000,35.375000,0.000000,0.000000,0.000000,100.000000,0.250000,ns3-simulated/trace-derived
a2-ep-reverse,反向 EP,0,target,L2R,35.500000,35.750000,35.625000,0.000000,0.000000,0.000000,100.000000,0.250000,ns3-simulated/trace-derived
a2-ep-reverse,反向 EP,0,target,L2R,35.750000,36.000000,35.875000,0.000000,0.000000,0.000000,100.000000,0.250000,ns3-simulated/trace-derived
a2-ep-reverse,反向 EP,0,target,L2R,36.000000,36.250000,36.125000,0.000000,0.000000,0.000000,100.000000,0.250000,ns3-simulated/trace-derived
a2-ep-reverse,反向 EP,0,target,L2R,36.250000,36.500000,36.375000,0.000000,0.000000,0.000000,100.000000,0.250000,ns3-simulated/trace-derived
a2-ep-reverse,反向 EP,0,target,L2R,36.500000,36.750000,36.625000,0.000000,0.000000,0.000000,100.000000,0.250000,ns3-simulated/trace-derived
a2-ep-reverse,反向 EP,0,target,L2R,36.750000,37.000000,36.875000,0.000000,0.000000,0.000000,100.000000,0.250000,ns3-simulated/trace-derived
a2-ep-reverse,反向 EP,0,target,L2R,37.000000,37.250000,37.125000,0.000000,0.000000,0.000000,100.000000,0.250000,ns3-simulated/trace-derived
a2-ep-reverse,反向 EP,0,target,L2R,37.250000,37.500000,37.375000,0.000000,0.000000,0.000000,100.000000,0.250000,ns3-simulated/trace-derived
a2-ep-reverse,反向 EP,0,target,L2R,37.500000,37.750000,37.625000,0.000000,0.000000,0.000000,100.000000,0.250000,ns3-simulated/trace-derived
a2-ep-reverse,反向 EP,0,target,L2R,37.750000,38.000000,37.875000,0.000000,0.000000,0.000000,100.000000,0.250000,ns3-simulated/trace-derived
a2-ep-reverse,反向 EP,0,target,L2R,38.000000,38.250000,38.125000,0.000000,0.000000,0.000000,100.000000,0.250000,ns3-simulated/trace-derived
a2-ep-reverse,反向 EP,0,target,L2R,38.250000,38.500000,38.375000,0.000000,0.000000,0.000000,100.000000,0.250000,ns3-simulated/trace-derived
a2-ep-reverse,反向 EP,0,target,L2R,38.500000,38.750000,38.625000,0.000000,0.000000,0.000000,100.000000,0.250000,ns3-simulated/trace-derived
a2-ep-reverse,反向 EP,0,target,L2R,38.750000,39.000000,38.875000,0.000000,0.000000,0.000000,100.000000,0.250000,ns3-simulated/trace-derived
a2-ep-reverse,反向 EP,0,target,L2R,39.000000,39.250000,39.125000,0.000000,0.000000,0.000000,100.000000,0.250000,ns3-simulated/trace-derived
a2-ep-reverse,反向 EP,0,target,L2R,39.250000,39.500000,39.375000,0.000000,0.000000,0.000000,100.000000,0.250000,ns3-simulated/trace-derived
a2-ep-reverse,反向 EP,0,target,L2R,39.500000,39.750000,39.625000,0.000000,0.000000,0.000000,100.000000,0.250000,ns3-simulated/trace-derived
a2-ep-reverse,反向 EP,0,target,L2R,39.750000,40.000000,39.875000,0.000000,0.000000,0.000000,100.000000,0.250000,ns3-simulated/trace-derived
a2-ep-reverse,反向 EP,0,target,L2R,40.000000,40.250000,40.125000,0.000000,0.000000,0.000000,100.000000,0.250000,ns3-simulated/trace-derived
a2-ep-reverse,反向 EP,0,target,L2R,40.250000,40.500000,40.375000,0.000000,0.000000,0.000000,100.000000,0.250000,ns3-simulated/trace-derived
a2-ep-reverse,反向 EP,0,target,L2R,40.500000,40.750000,40.625000,0.000000,0.000000,0.000000,100.000000,0.250000,ns3-simulated/trace-derived
a2-ep-reverse,反向 EP,0,target,L2R,40.750000,41.000000,40.875000,0.000000,0.000000,0.000000,100.000000,0.250000,ns3-simulated/trace-derived
a2-ep-reverse,反向 EP,0,target,L2R,41.000000,41.250000,41.125000,0.000000,0.000000,0.000000,100.000000,0.250000,ns3-simulated/trace-derived
a2-ep-reverse,反向 EP,0,target,L2R,41.250000,41.500000,41.375000,0.000000,0.000000,0.000000,100.000000,0.250000,ns3-simulated/trace-derived
a2-ep-reverse,反向 EP,0,target,L2R,41.500000,41.750000,41.625000,0.000000,0.000000,0.000000,100.000000,0.250000,ns3-simulated/trace-derived
a2-ep-reverse,反向 EP,0,target,L2R,41.750000,42.000000,41.875000,0.000000,0.000000,0.000000,100.000000,0.250000,ns3-simulated/trace-derived
a2-ep-reverse,反向 EP,0,target,L2R,42.000000,42.250000,42.125000,0.000000,0.000000,0.000000,100.000000,0.250000,ns3-simulated/trace-derived
a2-ep-reverse,反向 EP,0,target,L2R,42.250000,42.500000,42.375000,0.000000,0.000000,0.000000,100.000000,0.250000,ns3-simulated/trace-derived
a2-ep-reverse,反向 EP,0,target,L2R,42.500000,42.750000,42.625000,0.000000,0.000000,0.000000,100.000000,0.250000,ns3-simulated/trace-derived
a2-ep-reverse,反向 EP,0,target,L2R,42.750000,43.000000,42.875000,0.000000,0.000000,0.000000,100.000000,0.250000,ns3-simulated/trace-derived
a2-ep-reverse,反向 EP,0,target,L2R,43.000000,43.250000,43.125000,0.000000,0.000000,0.000000,100.000000,0.250000,ns3-simulated/trace-derived
a2-ep-reverse,反向 EP,0,target,L2R,43.250000,43.500000,43.375000,0.000000,0.000000,0.000000,100.000000,0.250000,ns3-simulated/trace-derived
a2-ep-reverse,反向 EP,0,target,L2R,43.500000,43.750000,43.625000,0.000000,0.000000,0.000000,100.000000,0.250000,ns3-simulated/trace-derived
a2-ep-reverse,反向 EP,0,target,L2R,43.750000,44.000000,43.875000,0.000000,0.000000,0.000000,100.000000,0.250000,ns3-simulated/trace-derived
a2-ep-reverse,反向 EP,0,target,L2R,44.000000,44.250000,44.125000,0.000000,0.000000,0.000000,100.000000,0.250000,ns3-simulated/trace-derived
a2-ep-reverse,反向 EP,0,target,L2R,44.250000,44.500000,44.375000,0.000000,0.000000,0.000000,100.000000,0.250000,ns3-simulated/trace-derived
a2-ep-reverse,反向 EP,0,target,L2R,44.500000,44.750000,44.625000,0.000000,0.000000,0.000000,100.000000,0.250000,ns3-simulated/trace-derived
a2-ep-reverse,反向 EP,0,target,L2R,44.750000,45.000000,44.875000,0.000000,0.000000,0.000000,100.000000,0.250000,ns3-simulated/trace-derived
a2-ep-reverse,反向 EP,0,target,L2R,45.000000,45.250000,45.125000,0.000000,0.000000,0.000000,100.000000,0.250000,ns3-simulated/trace-derived
a2-ep-reverse,反向 EP,0,target,L2R,45.250000,45.500000,45.375000,0.000000,0.000000,0.000000,100.000000,0.250000,ns3-simulated/trace-derived
a2-ep-reverse,反向 EP,0,target,L2R,45.500000,45.750000,45.625000,0.000000,0.000000,0.000000,100.000000,0.250000,ns3-simulated/trace-derived
a2-ep-reverse,反向 EP,0,target,L2R,45.750000,46.000000,45.875000,0.000000,0.000000,0.000000,100.000000,0.250000,ns3-simulated/trace-derived
a2-ep-reverse,反向 EP,0,target,L2R,46.000000,46.250000,46.125000,0.000000,0.000000,0.000000,100.000000,0.250000,ns3-simulated/trace-derived
a2-ep-reverse,反向 EP,0,target,L2R,46.250000,46.500000,46.375000,0.000000,0.000000,0.000000,100.000000,0.250000,ns3-simulated/trace-derived
a2-ep-reverse,反向 EP,0,target,L2R,46.500000,46.750000,46.625000,0.000000,0.000000,0.000000,100.000000,0.250000,ns3-simulated/trace-derived
a2-ep-reverse,反向 EP,0,target,L2R,46.750000,47.000000,46.875000,0.000000,0.000000,0.000000,100.000000,0.250000,ns3-simulated/trace-derived
a2-ep-reverse,反向 EP,0,target,L2R,47.000000,47.250000,47.125000,0.000000,0.000000,0.000000,100.000000,0.250000,ns3-simulated/trace-derived
a2-ep-reverse,反向 EP,0,target,L2R,47.250000,47.500000,47.375000,0.000000,0.000000,0.000000,100.000000,0.250000,ns3-simulated/trace-derived
a2-ep-reverse,反向 EP,0,target,L2R,47.500000,47.750000,47.625000,0.000000,0.000000,0.000000,100.000000,0.250000,ns3-simulated/trace-derived
a2-ep-reverse,反向 EP,0,target,L2R,47.750000,48.000000,47.875000,0.000000,0.000000,0.000000,100.000000,0.250000,ns3-simulated/trace-derived
a2-ep-reverse,反向 EP,0,target,L2R,48.000000,48.250000,48.125000,0.000000,0.000000,0.000000,100.000000,0.250000,ns3-simulated/trace-derived
a2-ep-reverse,反向 EP,0,target,L2R,48.250000,48.500000,48.375000,0.000000,0.000000,0.000000,100.000000,0.250000,ns3-simulated/trace-derived
a2-ep-reverse,反向 EP,0,target,L2R,48.500000,48.750000,48.625000,0.000000,0.000000,0.000000,100.000000,0.250000,ns3-simulated/trace-derived
a2-ep-reverse,反向 EP,0,target,L2R,48.750000,49.000000,48.875000,0.000000,0.000000,0.000000,100.000000,0.250000,ns3-simulated/trace-derived
a2-ep-reverse,反向 EP,0,target,L2R,49.000000,49.250000,49.125000,0.000000,0.000000,0.000000,100.000000,0.250000,ns3-simulated/trace-derived
a2-ep-reverse,反向 EP,0,target,L2R,49.250000,49.500000,49.375000,0.000000,0.000000,0.000000,100.000000,0.250000,ns3-simulated/trace-derived
a2-ep-reverse,反向 EP,0,target,L2R,49.500000,49.750000,49.625000,0.000000,0.000000,0.000000,100.000000,0.250000,ns3-simulated/trace-derived
a2-ep-reverse,反向 EP,0,target,L2R,49.750000,50.000000,49.875000,0.000000,0.000000,0.000000,100.000000,0.250000,ns3-simulated/trace-derived
a2-ep-reverse,反向 EP,0,target,L2R,50.000000,50.250000,50.125000,0.000000,0.000000,0.000000,100.000000,0.250000,ns3-simulated/trace-derived
a2-ep-reverse,反向 EP,0,target,L2R,50.250000,50.500000,50.375000,0.000000,0.000000,0.000000,100.000000,0.250000,ns3-simulated/trace-derived
a2-ep-reverse,反向 EP,0,target,L2R,50.500000,50.750000,50.625000,0.000000,0.000000,0.000000,100.000000,0.250000,ns3-simulated/trace-derived
a2-ep-reverse,反向 EP,0,target,L2R,50.750000,51.000000,50.875000,0.000000,0.000000,0.000000,100.000000,0.250000,ns3-simulated/trace-derived
a2-ep-reverse,反向 EP,0,target,L2R,51.000000,51.250000,51.125000,0.000000,0.000000,0.000000,100.000000,0.250000,ns3-simulated/trace-derived
a2-ep-reverse,反向 EP,0,target,L2R,51.250000,51.500000,51.375000,0.000000,0.000000,0.000000,100.000000,0.250000,ns3-simulated/trace-derived
a2-ep-reverse,反向 EP,0,target,L2R,51.500000,51.750000,51.625000,0.000000,0.000000,0.000000,100.000000,0.250000,ns3-simulated/trace-derived
a2-ep-reverse,反向 EP,0,target,L2R,51.750000,52.000000,51.875000,0.000000,0.000000,0.000000,100.000000,0.250000,ns3-simulated/trace-derived
a2-ep-reverse,反向 EP,0,target,L2R,52.000000,52.250000,52.125000,0.000000,0.000000,0.000000,100.000000,0.250000,ns3-simulated/trace-derived
a2-ep-reverse,反向 EP,0,target,L2R,52.250000,52.500000,52.375000,0.000000,0.000000,0.000000,100.000000,0.250000,ns3-simulated/trace-derived
a2-ep-reverse,反向 EP,0,target,L2R,52.500000,52.750000,52.625000,0.000000,0.000000,0.000000,100.000000,0.250000,ns3-simulated/trace-derived
a2-ep-reverse,反向 EP,0,target,L2R,52.750000,53.000000,52.875000,0.000000,0.000000,0.000000,100.000000,0.250000,ns3-simulated/trace-derived
a2-ep-reverse,反向 EP,0,target,L2R,53.000000,53.250000,53.125000,0.000000,0.000000,0.000000,100.000000,0.250000,ns3-simulated/trace-derived
a2-ep-reverse,反向 EP,0,target,L2R,53.250000,53.500000,53.375000,0.000000,0.000000,0.000000,100.000000,0.250000,ns3-simulated/trace-derived
a2-ep-reverse,反向 EP,0,target,L2R,53.500000,53.750000,53.625000,0.000000,0.000000,0.000000,100.000000,0.250000,ns3-simulated/trace-derived
a2-ep-reverse,反向 EP,0,target,L2R,53.750000,54.000000,53.875000,0.000000,0.000000,0.000000,100.000000,0.250000,ns3-simulated/trace-derived
a2-ep-reverse,反向 EP,0,target,L2R,54.000000,54.250000,54.125000,0.000000,0.000000,0.000000,100.000000,0.250000,ns3-simulated/trace-derived
a2-ep-reverse,反向 EP,0,target,L2R,54.250000,54.500000,54.375000,0.000000,0.000000,0.000000,100.000000,0.250000,ns3-simulated/trace-derived
a2-ep-reverse,反向 EP,0,target,L2R,54.500000,54.750000,54.625000,0.000000,0.000000,0.000000,100.000000,0.250000,ns3-simulated/trace-derived
a2-ep-reverse,反向 EP,0,target,L2R,54.750000,55.000000,54.875000,0.000000,0.000000,0.000000,100.000000,0.250000,ns3-simulated/trace-derived
a2-ep-reverse,反向 EP,0,target,L2R,55.000000,55.250000,55.125000,0.000000,0.000000,0.000000,100.000000,0.250000,ns3-simulated/trace-derived
a2-ep-reverse,反向 EP,0,target,L2R,55.250000,55.500000,55.375000,0.000000,0.000000,0.000000,100.000000,0.250000,ns3-simulated/trace-derived
a2-ep-reverse,反向 EP,0,target,L2R,55.500000,55.750000,55.625000,0.000000,0.000000,0.000000,100.000000,0.250000,ns3-simulated/trace-derived
a2-ep-reverse,反向 EP,0,target,L2R,55.750000,56.000000,55.875000,0.000000,0.000000,0.000000,100.000000,0.250000,ns3-simulated/trace-derived
a2-ep-reverse,反向 EP,0,target,L2R,56.000000,56.250000,56.125000,0.000000,0.000000,0.000000,100.000000,0.250000,ns3-simulated/trace-derived
a2-ep-reverse,反向 EP,0,target,L2R,56.250000,56.500000,56.375000,0.000000,0.000000,0.000000,100.000000,0.250000,ns3-simulated/trace-derived
a2-ep-reverse,反向 EP,0,target,L2R,56.500000,56.750000,56.625000,0.000000,0.000000,0.000000,100.000000,0.250000,ns3-simulated/trace-derived
a2-ep-reverse,反向 EP,0,target,L2R,56.750000,57.000000,56.875000,0.000000,0.000000,0.000000,100.000000,0.250000,ns3-simulated/trace-derived
a2-ep-reverse,反向 EP,0,target,L2R,57.000000,57.250000,57.125000,0.000000,0.000000,0.000000,100.000000,0.250000,ns3-simulated/trace-derived
a2-ep-reverse,反向 EP,0,target,L2R,57.250000,57.500000,57.375000,0.000000,0.000000,0.000000,100.000000,0.250000,ns3-simulated/trace-derived
a2-ep-reverse,反向 EP,0,target,L2R,57.500000,57.750000,57.625000,0.000000,0.000000,0.000000,100.000000,0.250000,ns3-simulated/trace-derived
a2-ep-reverse,反向 EP,0,target,L2R,57.750000,58.000000,57.875000,0.000000,0.000000,0.000000,100.000000,0.250000,ns3-simulated/trace-derived
a2-ep-reverse,反向 EP,0,target,L2R,58.000000,58.250000,58.125000,0.000000,0.000000,0.000000,100.000000,0.250000,ns3-simulated/trace-derived
a2-ep-reverse,反向 EP,0,target,L2R,58.250000,58.500000,58.375000,0.000000,0.000000,0.000000,100.000000,0.250000,ns3-simulated/trace-derived
a2-ep-reverse,反向 EP,0,target,L2R,58.500000,58.750000,58.625000,0.000000,0.000000,0.000000,100.000000,0.250000,ns3-simulated/trace-derived
a2-ep-reverse,反向 EP,0,target,L2R,58.750000,59.000000,58.875000,0.000000,0.000000,0.000000,100.000000,0.250000,ns3-simulated/trace-derived
a2-ep-reverse,反向 EP,0,target,L2R,59.000000,59.250000,59.125000,0.000000,0.000000,0.000000,100.000000,0.250000,ns3-simulated/trace-derived
a2-ep-reverse,反向 EP,0,target,L2R,59.250000,59.500000,59.375000,0.000000,0.000000,0.000000,100.000000,0.250000,ns3-simulated/trace-derived
a2-ep-reverse,反向 EP,0,target,L2R,59.500000,59.750000,59.625000,0.000000,0.000000,0.000000,100.000000,0.250000,ns3-simulated/trace-derived
a2-ep-reverse,反向 EP,0,target,L2R,59.750000,60.000000,59.875000,0.000000,0.000000,0.000000,100.000000,0.250000,ns3-simulated/trace-derived
a2-ep-reverse,反向 EP,0,target,L2R,60.000000,60.250000,60.125000,0.000000,0.000000,0.000000,100.000000,0.250000,ns3-simulated/trace-derived
a2-ep-reverse,反向 EP,0,target,L2R,60.250000,60.500000,60.375000,0.000000,0.000000,0.000000,100.000000,0.250000,ns3-simulated/trace-derived
a2-ep-reverse,反向 EP,0,target,L2R,60.500000,60.750000,60.625000,0.000000,0.000000,0.000000,100.000000,0.250000,ns3-simulated/trace-derived
a2-ep-reverse,反向 EP,0,target,L2R,60.750000,61.000000,60.875000,0.000000,0.000000,0.000000,100.000000,0.250000,ns3-simulated/trace-derived
a2-ep-reverse,反向 EP,0,target,L2R,61.000000,61.250000,61.125000,0.000000,0.000000,0.000000,100.000000,0.250000,ns3-simulated/trace-derived
a2-ep-reverse,反向 EP,0,target,L2R,61.250000,61.500000,61.375000,0.000000,0.000000,0.000000,100.000000,0.250000,ns3-simulated/trace-derived
a2-ep-reverse,反向 EP,0,target,L2R,61.500000,61.750000,61.625000,0.000000,0.000000,0.000000,100.000000,0.250000,ns3-simulated/trace-derived
a2-ep-reverse,反向 EP,0,target,L2R,61.750000,62.000000,61.875000,0.000000,0.000000,0.000000,100.000000,0.250000,ns3-simulated/trace-derived
a2-ep-reverse,反向 EP,0,target,L2R,62.000000,62.250000,62.125000,0.000000,0.000000,0.000000,100.000000,0.250000,ns3-simulated/trace-derived
a2-ep-reverse,反向 EP,0,target,L2R,62.250000,62.500000,62.375000,0.000000,0.000000,0.000000,100.000000,0.250000,ns3-simulated/trace-derived
a2-ep-reverse,反向 EP,0,target,L2R,62.500000,62.750000,62.625000,0.000000,0.000000,0.000000,100.000000,0.250000,ns3-simulated/trace-derived
a2-ep-reverse,反向 EP,0,target,L2R,62.750000,63.000000,62.875000,0.000000,0.000000,0.000000,100.000000,0.250000,ns3-simulated/trace-derived
a2-ep-reverse,反向 EP,0,target,L2R,63.000000,63.250000,63.125000,0.000000,0.000000,0.000000,100.000000,0.250000,ns3-simulated/trace-derived
a2-ep-reverse,反向 EP,0,target,L2R,63.250000,63.500000,63.375000,0.000000,0.000000,0.000000,100.000000,0.250000,ns3-simulated/trace-derived
a2-ep-reverse,反向 EP,0,target,L2R,63.500000,63.750000,63.625000,0.000000,0.000000,0.000000,100.000000,0.250000,ns3-simulated/trace-derived
a2-ep-reverse,反向 EP,0,target,L2R,63.750000,64.000000,63.875000,0.000000,0.000000,0.000000,100.000000,0.250000,ns3-simulated/trace-derived
a2-ep-reverse,反向 EP,0,target,L2R,64.000000,64.250000,64.125000,0.000000,0.000000,0.000000,100.000000,0.250000,ns3-simulated/trace-derived
a2-ep-reverse,反向 EP,0,target,L2R,64.250000,64.500000,64.375000,0.000000,0.000000,0.000000,100.000000,0.250000,ns3-simulated/trace-derived
a2-ep-reverse,反向 EP,0,target,L2R,64.500000,64.750000,64.625000,0.000000,0.000000,0.000000,100.000000,0.250000,ns3-simulated/trace-derived
a2-ep-reverse,反向 EP,0,target,L2R,64.750000,65.000000,64.875000,0.000000,0.000000,0.000000,100.000000,0.250000,ns3-simulated/trace-derived
a2-ep-reverse,反向 EP,0,target,L2R,65.000000,65.250000,65.125000,0.000000,0.000000,0.000000,100.000000,0.250000,ns3-simulated/trace-derived
a2-ep-reverse,反向 EP,0,target,L2R,65.250000,65.500000,65.375000,0.000000,0.000000,0.000000,100.000000,0.250000,ns3-simulated/trace-derived
a2-ep-reverse,反向 EP,0,target,L2R,65.500000,65.750000,65.625000,0.000000,0.000000,0.000000,100.000000,0.250000,ns3-simulated/trace-derived
a2-ep-reverse,反向 EP,0,target,L2R,65.750000,66.000000,65.875000,0.000000,0.000000,0.000000,100.000000,0.250000,ns3-simulated/trace-derived
a2-ep-reverse,反向 EP,0,target,L2R,66.000000,66.250000,66.125000,0.000000,0.000000,0.000000,100.000000,0.250000,ns3-simulated/trace-derived
a2-ep-reverse,反向 EP,0,target,L2R,66.250000,66.500000,66.375000,0.000000,0.000000,0.000000,100.000000,0.250000,ns3-simulated/trace-derived
a2-ep-reverse,反向 EP,0,target,L2R,66.500000,66.750000,66.625000,0.000000,0.000000,0.000000,100.000000,0.250000,ns3-simulated/trace-derived
a2-ep-reverse,反向 EP,0,target,L2R,66.750000,67.000000,66.875000,0.000000,0.000000,0.000000,100.000000,0.250000,ns3-simulated/trace-derived
a2-ep-reverse,反向 EP,0,target,L2R,67.000000,67.250000,67.125000,0.000000,0.000000,0.000000,100.000000,0.250000,ns3-simulated/trace-derived
a2-ep-reverse,反向 EP,0,target,L2R,67.250000,67.500000,67.375000,0.000000,0.000000,0.000000,100.000000,0.250000,ns3-simulated/trace-derived
a2-ep-reverse,反向 EP,0,target,L2R,67.500000,67.750000,67.625000,0.000000,0.000000,0.000000,100.000000,0.250000,ns3-simulated/trace-derived
a2-ep-reverse,反向 EP,0,target,L2R,67.750000,68.000000,67.875000,0.000000,0.000000,0.000000,100.000000,0.250000,ns3-simulated/trace-derived
a2-ep-reverse,反向 EP,0,target,L2R,68.000000,68.250000,68.125000,0.000000,0.000000,0.000000,100.000000,0.250000,ns3-simulated/trace-derived
a2-ep-reverse,反向 EP,0,target,L2R,68.250000,68.500000,68.375000,0.000000,0.000000,0.000000,100.000000,0.250000,ns3-simulated/trace-derived
a2-ep-reverse,反向 EP,0,target,L2R,68.500000,68.750000,68.625000,0.000000,0.000000,0.000000,100.000000,0.250000,ns3-simulated/trace-derived
a2-ep-reverse,反向 EP,0,target,L2R,68.750000,69.000000,68.875000,0.000000,0.000000,0.000000,100.000000,0.250000,ns3-simulated/trace-derived
a2-ep-reverse,反向 EP,0,target,L2R,69.000000,69.250000,69.125000,0.000000,0.000000,0.000000,100.000000,0.250000,ns3-simulated/trace-derived
a2-ep-reverse,反向 EP,0,target,L2R,69.250000,69.500000,69.375000,0.000000,0.000000,0.000000,100.000000,0.250000,ns3-simulated/trace-derived
a2-ep-reverse,反向 EP,0,target,L2R,69.500000,69.750000,69.625000,0.000000,0.000000,0.000000,100.000000,0.250000,ns3-simulated/trace-derived
a2-ep-reverse,反向 EP,0,target,L2R,69.750000,70.000000,69.875000,0.000000,0.000000,0.000000,100.000000,0.250000,ns3-simulated/trace-derived
a2-ep-reverse,反向 EP,0,target,L2R,70.000000,70.250000,70.125000,0.000000,0.000000,0.000000,100.000000,0.250000,ns3-simulated/trace-derived
a2-ep-reverse,反向 EP,1,reverse_ep,R2L,0.000000,0.250000,0.125000,1694.000000,54.208000,54.208000,100.000000,0.250000,ns3-simulated/trace-derived
a2-ep-reverse,反向 EP,1,reverse_ep,R2L,0.250000,0.500000,0.375000,3125.000000,100.000000,100.000000,100.000000,0.250000,ns3-simulated/trace-derived
a2-ep-reverse,反向 EP,1,reverse_ep,R2L,0.500000,0.750000,0.625000,3125.000000,100.000000,100.000000,100.000000,0.250000,ns3-simulated/trace-derived
a2-ep-reverse,反向 EP,1,reverse_ep,R2L,0.750000,1.000000,0.875000,3125.000000,100.000000,100.000000,100.000000,0.250000,ns3-simulated/trace-derived
a2-ep-reverse,反向 EP,1,reverse_ep,R2L,1.000000,1.250000,1.125000,3000.000000,96.000000,96.000000,100.000000,0.250000,ns3-simulated/trace-derived
a2-ep-reverse,反向 EP,1,reverse_ep,R2L,1.250000,1.500000,1.375000,3063.000000,98.016000,98.016000,100.000000,0.250000,ns3-simulated/trace-derived
a2-ep-reverse,反向 EP,1,reverse_ep,R2L,1.500000,1.750000,1.625000,3125.000000,100.000000,100.000000,100.000000,0.250000,ns3-simulated/trace-derived
a2-ep-reverse,反向 EP,1,reverse_ep,R2L,1.750000,2.000000,1.875000,3000.000000,96.000000,96.000000,100.000000,0.250000,ns3-simulated/trace-derived
a2-ep-reverse,反向 EP,1,reverse_ep,R2L,2.000000,2.250000,2.125000,3063.000000,98.016000,98.016000,100.000000,0.250000,ns3-simulated/trace-derived
a2-ep-reverse,反向 EP,1,reverse_ep,R2L,2.250000,2.500000,2.375000,3000.000000,96.000000,96.000000,100.000000,0.250000,ns3-simulated/trace-derived
a2-ep-reverse,反向 EP,1,reverse_ep,R2L,2.500000,2.750000,2.625000,3125.000000,100.000000,100.000000,100.000000,0.250000,ns3-simulated/trace-derived
a2-ep-reverse,反向 EP,1,reverse_ep,R2L,2.750000,3.000000,2.875000,3063.000000,98.016000,98.016000,100.000000,0.250000,ns3-simulated/trace-derived
a2-ep-reverse,反向 EP,1,reverse_ep,R2L,3.000000,3.250000,3.125000,3000.000000,96.000000,96.000000,100.000000,0.250000,ns3-simulated/trace-derived
a2-ep-reverse,反向 EP,1,reverse_ep,R2L,3.250000,3.500000,3.375000,3125.000000,100.000000,100.000000,100.000000,0.250000,ns3-simulated/trace-derived
a2-ep-reverse,反向 EP,1,reverse_ep,R2L,3.500000,3.750000,3.625000,3063.000000,98.016000,98.016000,100.000000,0.250000,ns3-simulated/trace-derived
a2-ep-reverse,反向 EP,1,reverse_ep,R2L,3.750000,4.000000,3.875000,3000.000000,96.000000,96.000000,100.000000,0.250000,ns3-simulated/trace-derived
a2-ep-reverse,反向 EP,1,reverse_ep,R2L,4.000000,4.250000,4.125000,3063.000000,98.016000,98.016000,100.000000,0.250000,ns3-simulated/trace-derived
a2-ep-reverse,反向 EP,1,reverse_ep,R2L,4.250000,4.500000,4.375000,3125.000000,100.000000,100.000000,100.000000,0.250000,ns3-simulated/trace-derived
a2-ep-reverse,反向 EP,1,reverse_ep,R2L,4.500000,4.750000,4.625000,3000.000000,96.000000,96.000000,100.000000,0.250000,ns3-simulated/trace-derived
a2-ep-reverse,反向 EP,1,reverse_ep,R2L,4.750000,5.000000,4.875000,3063.000000,98.016000,98.016000,100.000000,0.250000,ns3-simulated/trace-derived
a2-ep-reverse,反向 EP,1,reverse_ep,R2L,5.000000,5.250000,5.125000,3000.000000,96.000000,96.000000,100.000000,0.250000,ns3-simulated/trace-derived
a2-ep-reverse,反向 EP,1,reverse_ep,R2L,5.250000,5.500000,5.375000,3125.000000,100.000000,100.000000,100.000000,0.250000,ns3-simulated/trace-derived
a2-ep-reverse,反向 EP,1,reverse_ep,R2L,5.500000,5.750000,5.625000,3063.000000,98.016000,98.016000,100.000000,0.250000,ns3-simulated/trace-derived
a2-ep-reverse,反向 EP,1,reverse_ep,R2L,5.750000,6.000000,5.875000,3000.000000,96.000000,96.000000,100.000000,0.250000,ns3-simulated/trace-derived
a2-ep-reverse,反向 EP,1,reverse_ep,R2L,6.000000,6.250000,6.125000,3063.000000,98.016000,98.016000,100.000000,0.250000,ns3-simulated/trace-derived
a2-ep-reverse,反向 EP,1,reverse_ep,R2L,6.250000,6.500000,6.375000,3125.000000,100.000000,100.000000,100.000000,0.250000,ns3-simulated/trace-derived
a2-ep-reverse,反向 EP,1,reverse_ep,R2L,6.500000,6.750000,6.625000,3000.000000,96.000000,96.000000,100.000000,0.250000,ns3-simulated/trace-derived
a2-ep-reverse,反向 EP,1,reverse_ep,R2L,6.750000,7.000000,6.875000,3063.000000,98.016000,98.016000,100.000000,0.250000,ns3-simulated/trace-derived
a2-ep-reverse,反向 EP,1,reverse_ep,R2L,7.000000,7.250000,7.125000,3125.000000,100.000000,100.000000,100.000000,0.250000,ns3-simulated/trace-derived
a2-ep-reverse,反向 EP,1,reverse_ep,R2L,7.250000,7.500000,7.375000,3000.000000,96.000000,96.000000,100.000000,0.250000,ns3-simulated/trace-derived
a2-ep-reverse,反向 EP,1,reverse_ep,R2L,7.500000,7.750000,7.625000,3063.000000,98.016000,98.016000,100.000000,0.250000,ns3-simulated/trace-derived
a2-ep-reverse,反向 EP,1,reverse_ep,R2L,7.750000,8.000000,7.875000,3000.000000,96.000000,96.000000,100.000000,0.250000,ns3-simulated/trace-derived
a2-ep-reverse,反向 EP,1,reverse_ep,R2L,8.000000,8.250000,8.125000,3125.000000,100.000000,100.000000,100.000000,0.250000,ns3-simulated/trace-derived
a2-ep-reverse,反向 EP,1,reverse_ep,R2L,8.250000,8.500000,8.375000,3063.000000,98.016000,98.016000,100.000000,0.250000,ns3-simulated/trace-derived
a2-ep-reverse,反向 EP,1,reverse_ep,R2L,8.500000,8.750000,8.625000,3000.000000,96.000000,96.000000,100.000000,0.250000,ns3-simulated/trace-derived
a2-ep-reverse,反向 EP,1,reverse_ep,R2L,8.750000,9.000000,8.875000,3063.000000,98.016000,98.016000,100.000000,0.250000,ns3-simulated/trace-derived
a2-ep-reverse,反向 EP,1,reverse_ep,R2L,9.000000,9.250000,9.125000,3125.000000,100.000000,100.000000,100.000000,0.250000,ns3-simulated/trace-derived
a2-ep-reverse,反向 EP,1,reverse_ep,R2L,9.250000,9.500000,9.375000,3000.000000,96.000000,96.000000,100.000000,0.250000,ns3-simulated/trace-derived
a2-ep-reverse,反向 EP,1,reverse_ep,R2L,9.500000,9.750000,9.625000,3063.000000,98.016000,98.016000,100.000000,0.250000,ns3-simulated/trace-derived
a2-ep-reverse,反向 EP,1,reverse_ep,R2L,9.750000,10.000000,9.875000,3033.000000,97.056000,97.056000,100.000000,0.250000,ns3-simulated/trace-derived
a2-ep-reverse,反向 EP,1,reverse_ep,R2L,10.000000,10.250000,10.125000,3092.000000,98.944000,98.944000,100.000000,0.250000,ns3-simulated/trace-derived
a2-ep-reverse,反向 EP,1,reverse_ep,R2L,10.250000,10.500000,10.375000,3063.000000,98.016000,98.016000,100.000000,0.250000,ns3-simulated/trace-derived
a2-ep-reverse,反向 EP,1,reverse_ep,R2L,10.500000,10.750000,10.625000,3000.000000,96.000000,96.000000,100.000000,0.250000,ns3-simulated/trace-derived
a2-ep-reverse,反向 EP,1,reverse_ep,R2L,10.750000,11.000000,10.875000,3125.000000,100.000000,100.000000,100.000000,0.250000,ns3-simulated/trace-derived
a2-ep-reverse,反向 EP,1,reverse_ep,R2L,11.000000,11.250000,11.125000,3063.000000,98.016000,98.016000,100.000000,0.250000,ns3-simulated/trace-derived
a2-ep-reverse,反向 EP,1,reverse_ep,R2L,11.250000,11.500000,11.375000,3000.000000,96.000000,96.000000,100.000000,0.250000,ns3-simulated/trace-derived
a2-ep-reverse,反向 EP,1,reverse_ep,R2L,11.500000,11.750000,11.625000,3063.000000,98.016000,98.016000,100.000000,0.250000,ns3-simulated/trace-derived
a2-ep-reverse,反向 EP,1,reverse_ep,R2L,11.750000,12.000000,11.875000,3125.000000,100.000000,100.000000,100.000000,0.250000,ns3-simulated/trace-derived
a2-ep-reverse,反向 EP,1,reverse_ep,R2L,12.000000,12.250000,12.125000,3000.000000,96.000000,96.000000,100.000000,0.250000,ns3-simulated/trace-derived
a2-ep-reverse,反向 EP,1,reverse_ep,R2L,12.250000,12.500000,12.375000,3046.000000,97.472000,97.472000,100.000000,0.250000,ns3-simulated/trace-derived
a2-ep-reverse,反向 EP,1,reverse_ep,R2L,12.500000,12.750000,12.625000,3000.000000,96.000000,96.000000,100.000000,0.250000,ns3-simulated/trace-derived
a2-ep-reverse,反向 EP,1,reverse_ep,R2L,12.750000,13.000000,12.875000,3125.000000,100.000000,100.000000,100.000000,0.250000,ns3-simulated/trace-derived
a2-ep-reverse,反向 EP,1,reverse_ep,R2L,13.000000,13.250000,13.125000,3063.000000,98.016000,98.016000,100.000000,0.250000,ns3-simulated/trace-derived
a2-ep-reverse,反向 EP,1,reverse_ep,R2L,13.250000,13.500000,13.375000,3000.000000,96.000000,96.000000,100.000000,0.250000,ns3-simulated/trace-derived
a2-ep-reverse,反向 EP,1,reverse_ep,R2L,13.500000,13.750000,13.625000,3125.000000,100.000000,100.000000,100.000000,0.250000,ns3-simulated/trace-derived
a2-ep-reverse,反向 EP,1,reverse_ep,R2L,13.750000,14.000000,13.875000,3063.000000,98.016000,98.016000,100.000000,0.250000,ns3-simulated/trace-derived
a2-ep-reverse,反向 EP,1,reverse_ep,R2L,14.000000,14.250000,14.125000,3000.000000,96.000000,96.000000,100.000000,0.250000,ns3-simulated/trace-derived
a2-ep-reverse,反向 EP,1,reverse_ep,R2L,14.250000,14.500000,14.375000,3063.000000,98.016000,98.016000,100.000000,0.250000,ns3-simulated/trace-derived
a2-ep-reverse,反向 EP,1,reverse_ep,R2L,14.500000,14.750000,14.625000,3125.000000,100.000000,100.000000,100.000000,0.250000,ns3-simulated/trace-derived
a2-ep-reverse,反向 EP,1,reverse_ep,R2L,14.750000,15.000000,14.875000,3000.000000,96.000000,96.000000,100.000000,0.250000,ns3-simulated/trace-derived
a2-ep-reverse,反向 EP,1,reverse_ep,R2L,15.000000,15.250000,15.125000,3063.000000,98.016000,98.016000,100.000000,0.250000,ns3-simulated/trace-derived
a2-ep-reverse,反向 EP,1,reverse_ep,R2L,15.250000,15.500000,15.375000,3000.000000,96.000000,96.000000,100.000000,0.250000,ns3-simulated/trace-derived
a2-ep-reverse,反向 EP,1,reverse_ep,R2L,15.500000,15.750000,15.625000,3125.000000,100.000000,100.000000,100.000000,0.250000,ns3-simulated/trace-derived
a2-ep-reverse,反向 EP,1,reverse_ep,R2L,15.750000,16.000000,15.875000,3063.000000,98.016000,98.016000,100.000000,0.250000,ns3-simulated/trace-derived
a2-ep-reverse,反向 EP,1,reverse_ep,R2L,16.000000,16.250000,16.125000,3000.000000,96.000000,96.000000,100.000000,0.250000,ns3-simulated/trace-derived
a2-ep-reverse,反向 EP,1,reverse_ep,R2L,16.250000,16.500000,16.375000,3063.000000,98.016000,98.016000,100.000000,0.250000,ns3-simulated/trace-derived
a2-ep-reverse,反向 EP,1,reverse_ep,R2L,16.500000,16.750000,16.625000,3125.000000,100.000000,100.000000,100.000000,0.250000,ns3-simulated/trace-derived
a2-ep-reverse,反向 EP,1,reverse_ep,R2L,16.750000,17.000000,16.875000,3000.000000,96.000000,96.000000,100.000000,0.250000,ns3-simulated/trace-derived
a2-ep-reverse,反向 EP,1,reverse_ep,R2L,17.000000,17.250000,17.125000,3063.000000,98.016000,98.016000,100.000000,0.250000,ns3-simulated/trace-derived
a2-ep-reverse,反向 EP,1,reverse_ep,R2L,17.250000,17.500000,17.375000,3125.000000,100.000000,100.000000,100.000000,0.250000,ns3-simulated/trace-derived
a2-ep-reverse,反向 EP,1,reverse_ep,R2L,17.500000,17.750000,17.625000,3000.000000,96.000000,96.000000,100.000000,0.250000,ns3-simulated/trace-derived
a2-ep-reverse,反向 EP,1,reverse_ep,R2L,17.750000,18.000000,17.875000,3063.000000,98.016000,98.016000,100.000000,0.250000,ns3-simulated/trace-derived
a2-ep-reverse,反向 EP,1,reverse_ep,R2L,18.000000,18.250000,18.125000,2875.000000,92.000000,92.000000,100.000000,0.250000,ns3-simulated/trace-derived
a2-ep-reverse,反向 EP,1,reverse_ep,R2L,18.250000,18.500000,18.375000,3125.000000,100.000000,100.000000,100.000000,0.250000,ns3-simulated/trace-derived
a2-ep-reverse,反向 EP,1,reverse_ep,R2L,18.500000,18.750000,18.625000,3063.000000,98.016000,98.016000,100.000000,0.250000,ns3-simulated/trace-derived
a2-ep-reverse,反向 EP,1,reverse_ep,R2L,18.750000,19.000000,18.875000,3000.000000,96.000000,96.000000,100.000000,0.250000,ns3-simulated/trace-derived
a2-ep-reverse,反向 EP,1,reverse_ep,R2L,19.000000,19.250000,19.125000,3063.000000,98.016000,98.016000,100.000000,0.250000,ns3-simulated/trace-derived
a2-ep-reverse,反向 EP,1,reverse_ep,R2L,19.250000,19.500000,19.375000,3125.000000,100.000000,100.000000,100.000000,0.250000,ns3-simulated/trace-derived
a2-ep-reverse,反向 EP,1,reverse_ep,R2L,19.500000,19.750000,19.625000,3000.000000,96.000000,96.000000,100.000000,0.250000,ns3-simulated/trace-derived
a2-ep-reverse,反向 EP,1,reverse_ep,R2L,19.750000,20.000000,19.875000,3063.000000,98.016000,98.016000,100.000000,0.250000,ns3-simulated/trace-derived
a2-ep-reverse,反向 EP,1,reverse_ep,R2L,20.000000,20.250000,20.125000,3075.000000,98.400000,98.400000,100.000000,0.250000,ns3-simulated/trace-derived
a2-ep-reverse,反向 EP,1,reverse_ep,R2L,20.250000,20.500000,20.375000,3050.000000,97.600000,97.600000,100.000000,0.250000,ns3-simulated/trace-derived
a2-ep-reverse,反向 EP,1,reverse_ep,R2L,20.500000,20.750000,20.625000,3063.000000,98.016000,98.016000,100.000000,0.250000,ns3-simulated/trace-derived
a2-ep-reverse,反向 EP,1,reverse_ep,R2L,20.750000,21.000000,20.875000,3000.000000,96.000000,96.000000,100.000000,0.250000,ns3-simulated/trace-derived
a2-ep-reverse,反向 EP,1,reverse_ep,R2L,21.000000,21.250000,21.125000,3125.000000,100.000000,100.000000,100.000000,0.250000,ns3-simulated/trace-derived
a2-ep-reverse,反向 EP,1,reverse_ep,R2L,21.250000,21.500000,21.375000,3063.000000,98.016000,98.016000,100.000000,0.250000,ns3-simulated/trace-derived
a2-ep-reverse,反向 EP,1,reverse_ep,R2L,21.500000,21.750000,21.625000,3000.000000,96.000000,96.000000,100.000000,0.250000,ns3-simulated/trace-derived
a2-ep-reverse,反向 EP,1,reverse_ep,R2L,21.750000,22.000000,21.875000,3063.000000,98.016000,98.016000,100.000000,0.250000,ns3-simulated/trace-derived
a2-ep-reverse,反向 EP,1,reverse_ep,R2L,22.000000,22.250000,22.125000,3125.000000,100.000000,100.000000,100.000000,0.250000,ns3-simulated/trace-derived
a2-ep-reverse,反向 EP,1,reverse_ep,R2L,22.250000,22.500000,22.375000,3000.000000,96.000000,96.000000,100.000000,0.250000,ns3-simulated/trace-derived
a2-ep-reverse,反向 EP,1,reverse_ep,R2L,22.500000,22.750000,22.625000,3063.000000,98.016000,98.016000,100.000000,0.250000,ns3-simulated/trace-derived
a2-ep-reverse,反向 EP,1,reverse_ep,R2L,22.750000,23.000000,22.875000,3000.000000,96.000000,96.000000,100.000000,0.250000,ns3-simulated/trace-derived
a2-ep-reverse,反向 EP,1,reverse_ep,R2L,23.000000,23.250000,23.125000,3125.000000,100.000000,100.000000,100.000000,0.250000,ns3-simulated/trace-derived
a2-ep-reverse,反向 EP,1,reverse_ep,R2L,23.250000,23.500000,23.375000,889.000000,28.448000,28.448000,100.000000,0.250000,ns3-simulated/trace-derived
a2-ep-reverse,反向 EP,1,reverse_ep,R2L,23.500000,23.750000,23.625000,0.000000,0.000000,0.000000,100.000000,0.250000,ns3-simulated/trace-derived
a2-ep-reverse,反向 EP,1,reverse_ep,R2L,23.750000,24.000000,23.875000,0.000000,0.000000,0.000000,100.000000,0.250000,ns3-simulated/trace-derived
a2-ep-reverse,反向 EP,1,reverse_ep,R2L,24.000000,24.250000,24.125000,0.000000,0.000000,0.000000,100.000000,0.250000,ns3-simulated/trace-derived
a2-ep-reverse,反向 EP,1,reverse_ep,R2L,24.250000,24.500000,24.375000,0.000000,0.000000,0.000000,100.000000,0.250000,ns3-simulated/trace-derived
a2-ep-reverse,反向 EP,1,reverse_ep,R2L,24.500000,24.750000,24.625000,0.000000,0.000000,0.000000,100.000000,0.250000,ns3-simulated/trace-derived
a2-ep-reverse,反向 EP,1,reverse_ep,R2L,24.750000,25.000000,24.875000,0.000000,0.000000,0.000000,100.000000,0.250000,ns3-simulated/trace-derived
a2-ep-reverse,反向 EP,1,reverse_ep,R2L,25.000000,25.250000,25.125000,0.000000,0.000000,0.000000,100.000000,0.250000,ns3-simulated/trace-derived
a2-ep-reverse,反向 EP,1,reverse_ep,R2L,25.250000,25.500000,25.375000,0.000000,0.000000,0.000000,100.000000,0.250000,ns3-simulated/trace-derived
a2-ep-reverse,反向 EP,1,reverse_ep,R2L,25.500000,25.750000,25.625000,0.000000,0.000000,0.000000,100.000000,0.250000,ns3-simulated/trace-derived
a2-ep-reverse,反向 EP,1,reverse_ep,R2L,25.750000,26.000000,25.875000,0.000000,0.000000,0.000000,100.000000,0.250000,ns3-simulated/trace-derived
a2-ep-reverse,反向 EP,1,reverse_ep,R2L,26.000000,26.250000,26.125000,0.000000,0.000000,0.000000,100.000000,0.250000,ns3-simulated/trace-derived
a2-ep-reverse,反向 EP,1,reverse_ep,R2L,26.250000,26.500000,26.375000,0.000000,0.000000,0.000000,100.000000,0.250000,ns3-simulated/trace-derived
a2-ep-reverse,反向 EP,1,reverse_ep,R2L,26.500000,26.750000,26.625000,0.000000,0.000000,0.000000,100.000000,0.250000,ns3-simulated/trace-derived
a2-ep-reverse,反向 EP,1,reverse_ep,R2L,26.750000,27.000000,26.875000,0.000000,0.000000,0.000000,100.000000,0.250000,ns3-simulated/trace-derived
a2-ep-reverse,反向 EP,1,reverse_ep,R2L,27.000000,27.250000,27.125000,0.000000,0.000000,0.000000,100.000000,0.250000,ns3-simulated/trace-derived
a2-ep-reverse,反向 EP,1,reverse_ep,R2L,27.250000,27.500000,27.375000,0.000000,0.000000,0.000000,100.000000,0.250000,ns3-simulated/trace-derived
a2-ep-reverse,反向 EP,1,reverse_ep,R2L,27.500000,27.750000,27.625000,0.000000,0.000000,0.000000,100.000000,0.250000,ns3-simulated/trace-derived
a2-ep-reverse,反向 EP,1,reverse_ep,R2L,27.750000,28.000000,27.875000,0.000000,0.000000,0.000000,100.000000,0.250000,ns3-simulated/trace-derived
a2-ep-reverse,反向 EP,1,reverse_ep,R2L,28.000000,28.250000,28.125000,0.000000,0.000000,0.000000,100.000000,0.250000,ns3-simulated/trace-derived
a2-ep-reverse,反向 EP,1,reverse_ep,R2L,28.250000,28.500000,28.375000,0.000000,0.000000,0.000000,100.000000,0.250000,ns3-simulated/trace-derived
a2-ep-reverse,反向 EP,1,reverse_ep,R2L,28.500000,28.750000,28.625000,0.000000,0.000000,0.000000,100.000000,0.250000,ns3-simulated/trace-derived
a2-ep-reverse,反向 EP,1,reverse_ep,R2L,28.750000,29.000000,28.875000,0.000000,0.000000,0.000000,100.000000,0.250000,ns3-simulated/trace-derived
a2-ep-reverse,反向 EP,1,reverse_ep,R2L,29.000000,29.250000,29.125000,0.000000,0.000000,0.000000,100.000000,0.250000,ns3-simulated/trace-derived
a2-ep-reverse,反向 EP,1,reverse_ep,R2L,29.250000,29.500000,29.375000,0.000000,0.000000,0.000000,100.000000,0.250000,ns3-simulated/trace-derived
a2-ep-reverse,反向 EP,1,reverse_ep,R2L,29.500000,29.750000,29.625000,0.000000,0.000000,0.000000,100.000000,0.250000,ns3-simulated/trace-derived
a2-ep-reverse,反向 EP,1,reverse_ep,R2L,29.750000,30.000000,29.875000,0.000000,0.000000,0.000000,100.000000,0.250000,ns3-simulated/trace-derived
a2-ep-reverse,反向 EP,1,reverse_ep,R2L,30.000000,30.250000,30.125000,0.000000,0.000000,0.000000,100.000000,0.250000,ns3-simulated/trace-derived
a2-ep-reverse,反向 EP,1,reverse_ep,R2L,30.250000,30.500000,30.375000,0.000000,0.000000,0.000000,100.000000,0.250000,ns3-simulated/trace-derived
a2-ep-reverse,反向 EP,1,reverse_ep,R2L,30.500000,30.750000,30.625000,0.000000,0.000000,0.000000,100.000000,0.250000,ns3-simulated/trace-derived
a2-ep-reverse,反向 EP,1,reverse_ep,R2L,30.750000,31.000000,30.875000,0.000000,0.000000,0.000000,100.000000,0.250000,ns3-simulated/trace-derived
a2-ep-reverse,反向 EP,1,reverse_ep,R2L,31.000000,31.250000,31.125000,0.000000,0.000000,0.000000,100.000000,0.250000,ns3-simulated/trace-derived
a2-ep-reverse,反向 EP,1,reverse_ep,R2L,31.250000,31.500000,31.375000,0.000000,0.000000,0.000000,100.000000,0.250000,ns3-simulated/trace-derived
a2-ep-reverse,反向 EP,1,reverse_ep,R2L,31.500000,31.750000,31.625000,0.000000,0.000000,0.000000,100.000000,0.250000,ns3-simulated/trace-derived
a2-ep-reverse,反向 EP,1,reverse_ep,R2L,31.750000,32.000000,31.875000,0.000000,0.000000,0.000000,100.000000,0.250000,ns3-simulated/trace-derived
a2-ep-reverse,反向 EP,1,reverse_ep,R2L,32.000000,32.250000,32.125000,0.000000,0.000000,0.000000,100.000000,0.250000,ns3-simulated/trace-derived
a2-ep-reverse,反向 EP,1,reverse_ep,R2L,32.250000,32.500000,32.375000,0.000000,0.000000,0.000000,100.000000,0.250000,ns3-simulated/trace-derived
a2-ep-reverse,反向 EP,1,reverse_ep,R2L,32.500000,32.750000,32.625000,0.000000,0.000000,0.000000,100.000000,0.250000,ns3-simulated/trace-derived
a2-ep-reverse,反向 EP,1,reverse_ep,R2L,32.750000,33.000000,32.875000,0.000000,0.000000,0.000000,100.000000,0.250000,ns3-simulated/trace-derived
a2-ep-reverse,反向 EP,1,reverse_ep,R2L,33.000000,33.250000,33.125000,0.000000,0.000000,0.000000,100.000000,0.250000,ns3-simulated/trace-derived
a2-ep-reverse,反向 EP,1,reverse_ep,R2L,33.250000,33.500000,33.375000,0.000000,0.000000,0.000000,100.000000,0.250000,ns3-simulated/trace-derived
a2-ep-reverse,反向 EP,1,reverse_ep,R2L,33.500000,33.750000,33.625000,0.000000,0.000000,0.000000,100.000000,0.250000,ns3-simulated/trace-derived
a2-ep-reverse,反向 EP,1,reverse_ep,R2L,33.750000,34.000000,33.875000,0.000000,0.000000,0.000000,100.000000,0.250000,ns3-simulated/trace-derived
a2-ep-reverse,反向 EP,1,reverse_ep,R2L,34.000000,34.250000,34.125000,0.000000,0.000000,0.000000,100.000000,0.250000,ns3-simulated/trace-derived
a2-ep-reverse,反向 EP,1,reverse_ep,R2L,34.250000,34.500000,34.375000,0.000000,0.000000,0.000000,100.000000,0.250000,ns3-simulated/trace-derived
a2-ep-reverse,反向 EP,1,reverse_ep,R2L,34.500000,34.750000,34.625000,0.000000,0.000000,0.000000,100.000000,0.250000,ns3-simulated/trace-derived
a2-ep-reverse,反向 EP,1,reverse_ep,R2L,34.750000,35.000000,34.875000,0.000000,0.000000,0.000000,100.000000,0.250000,ns3-simulated/trace-derived
a2-ep-reverse,反向 EP,1,reverse_ep,R2L,35.000000,35.250000,35.125000,0.000000,0.000000,0.000000,100.000000,0.250000,ns3-simulated/trace-derived
a2-ep-reverse,反向 EP,1,reverse_ep,R2L,35.250000,35.500000,35.375000,0.000000,0.000000,0.000000,100.000000,0.250000,ns3-simulated/trace-derived
a2-ep-reverse,反向 EP,1,reverse_ep,R2L,35.500000,35.750000,35.625000,0.000000,0.000000,0.000000,100.000000,0.250000,ns3-simulated/trace-derived
a2-ep-reverse,反向 EP,1,reverse_ep,R2L,35.750000,36.000000,35.875000,0.000000,0.000000,0.000000,100.000000,0.250000,ns3-simulated/trace-derived
a2-ep-reverse,反向 EP,1,reverse_ep,R2L,36.000000,36.250000,36.125000,0.000000,0.000000,0.000000,100.000000,0.250000,ns3-simulated/trace-derived
a2-ep-reverse,反向 EP,1,reverse_ep,R2L,36.250000,36.500000,36.375000,0.000000,0.000000,0.000000,100.000000,0.250000,ns3-simulated/trace-derived
a2-ep-reverse,反向 EP,1,reverse_ep,R2L,36.500000,36.750000,36.625000,0.000000,0.000000,0.000000,100.000000,0.250000,ns3-simulated/trace-derived
a2-ep-reverse,反向 EP,1,reverse_ep,R2L,36.750000,37.000000,36.875000,0.000000,0.000000,0.000000,100.000000,0.250000,ns3-simulated/trace-derived
a2-ep-reverse,反向 EP,1,reverse_ep,R2L,37.000000,37.250000,37.125000,0.000000,0.000000,0.000000,100.000000,0.250000,ns3-simulated/trace-derived
a2-ep-reverse,反向 EP,1,reverse_ep,R2L,37.250000,37.500000,37.375000,0.000000,0.000000,0.000000,100.000000,0.250000,ns3-simulated/trace-derived
a2-ep-reverse,反向 EP,1,reverse_ep,R2L,37.500000,37.750000,37.625000,0.000000,0.000000,0.000000,100.000000,0.250000,ns3-simulated/trace-derived
a2-ep-reverse,反向 EP,1,reverse_ep,R2L,37.750000,38.000000,37.875000,0.000000,0.000000,0.000000,100.000000,0.250000,ns3-simulated/trace-derived
a2-ep-reverse,反向 EP,1,reverse_ep,R2L,38.000000,38.250000,38.125000,0.000000,0.000000,0.000000,100.000000,0.250000,ns3-simulated/trace-derived
a2-ep-reverse,反向 EP,1,reverse_ep,R2L,38.250000,38.500000,38.375000,0.000000,0.000000,0.000000,100.000000,0.250000,ns3-simulated/trace-derived
a2-ep-reverse,反向 EP,1,reverse_ep,R2L,38.500000,38.750000,38.625000,0.000000,0.000000,0.000000,100.000000,0.250000,ns3-simulated/trace-derived
a2-ep-reverse,反向 EP,1,reverse_ep,R2L,38.750000,39.000000,38.875000,0.000000,0.000000,0.000000,100.000000,0.250000,ns3-simulated/trace-derived
a2-ep-reverse,反向 EP,1,reverse_ep,R2L,39.000000,39.250000,39.125000,0.000000,0.000000,0.000000,100.000000,0.250000,ns3-simulated/trace-derived
a2-ep-reverse,反向 EP,1,reverse_ep,R2L,39.250000,39.500000,39.375000,0.000000,0.000000,0.000000,100.000000,0.250000,ns3-simulated/trace-derived
a2-ep-reverse,反向 EP,1,reverse_ep,R2L,39.500000,39.750000,39.625000,0.000000,0.000000,0.000000,100.000000,0.250000,ns3-simulated/trace-derived
a2-ep-reverse,反向 EP,1,reverse_ep,R2L,39.750000,40.000000,39.875000,0.000000,0.000000,0.000000,100.000000,0.250000,ns3-simulated/trace-derived
a2-ep-reverse,反向 EP,1,reverse_ep,R2L,40.000000,40.250000,40.125000,0.000000,0.000000,0.000000,100.000000,0.250000,ns3-simulated/trace-derived
a2-ep-reverse,反向 EP,1,reverse_ep,R2L,40.250000,40.500000,40.375000,0.000000,0.000000,0.000000,100.000000,0.250000,ns3-simulated/trace-derived
a2-ep-reverse,反向 EP,1,reverse_ep,R2L,40.500000,40.750000,40.625000,0.000000,0.000000,0.000000,100.000000,0.250000,ns3-simulated/trace-derived
a2-ep-reverse,反向 EP,1,reverse_ep,R2L,40.750000,41.000000,40.875000,0.000000,0.000000,0.000000,100.000000,0.250000,ns3-simulated/trace-derived
a2-ep-reverse,反向 EP,1,reverse_ep,R2L,41.000000,41.250000,41.125000,0.000000,0.000000,0.000000,100.000000,0.250000,ns3-simulated/trace-derived
a2-ep-reverse,反向 EP,1,reverse_ep,R2L,41.250000,41.500000,41.375000,0.000000,0.000000,0.000000,100.000000,0.250000,ns3-simulated/trace-derived
a2-ep-reverse,反向 EP,1,reverse_ep,R2L,41.500000,41.750000,41.625000,0.000000,0.000000,0.000000,100.000000,0.250000,ns3-simulated/trace-derived
a2-ep-reverse,反向 EP,1,reverse_ep,R2L,41.750000,42.000000,41.875000,0.000000,0.000000,0.000000,100.000000,0.250000,ns3-simulated/trace-derived
a2-ep-reverse,反向 EP,1,reverse_ep,R2L,42.000000,42.250000,42.125000,0.000000,0.000000,0.000000,100.000000,0.250000,ns3-simulated/trace-derived
a2-ep-reverse,反向 EP,1,reverse_ep,R2L,42.250000,42.500000,42.375000,0.000000,0.000000,0.000000,100.000000,0.250000,ns3-simulated/trace-derived
a2-ep-reverse,反向 EP,1,reverse_ep,R2L,42.500000,42.750000,42.625000,0.000000,0.000000,0.000000,100.000000,0.250000,ns3-simulated/trace-derived
a2-ep-reverse,反向 EP,1,reverse_ep,R2L,42.750000,43.000000,42.875000,0.000000,0.000000,0.000000,100.000000,0.250000,ns3-simulated/trace-derived
a2-ep-reverse,反向 EP,1,reverse_ep,R2L,43.000000,43.250000,43.125000,0.000000,0.000000,0.000000,100.000000,0.250000,ns3-simulated/trace-derived
a2-ep-reverse,反向 EP,1,reverse_ep,R2L,43.250000,43.500000,43.375000,0.000000,0.000000,0.000000,100.000000,0.250000,ns3-simulated/trace-derived
a2-ep-reverse,反向 EP,1,reverse_ep,R2L,43.500000,43.750000,43.625000,0.000000,0.000000,0.000000,100.000000,0.250000,ns3-simulated/trace-derived
a2-ep-reverse,反向 EP,1,reverse_ep,R2L,43.750000,44.000000,43.875000,0.000000,0.000000,0.000000,100.000000,0.250000,ns3-simulated/trace-derived
a2-ep-reverse,反向 EP,1,reverse_ep,R2L,44.000000,44.250000,44.125000,0.000000,0.000000,0.000000,100.000000,0.250000,ns3-simulated/trace-derived
a2-ep-reverse,反向 EP,1,reverse_ep,R2L,44.250000,44.500000,44.375000,0.000000,0.000000,0.000000,100.000000,0.250000,ns3-simulated/trace-derived
a2-ep-reverse,反向 EP,1,reverse_ep,R2L,44.500000,44.750000,44.625000,0.000000,0.000000,0.000000,100.000000,0.250000,ns3-simulated/trace-derived
a2-ep-reverse,反向 EP,1,reverse_ep,R2L,44.750000,45.000000,44.875000,0.000000,0.000000,0.000000,100.000000,0.250000,ns3-simulated/trace-derived
a2-ep-reverse,反向 EP,1,reverse_ep,R2L,45.000000,45.250000,45.125000,0.000000,0.000000,0.000000,100.000000,0.250000,ns3-simulated/trace-derived
a2-ep-reverse,反向 EP,1,reverse_ep,R2L,45.250000,45.500000,45.375000,0.000000,0.000000,0.000000,100.000000,0.250000,ns3-simulated/trace-derived
a2-ep-reverse,反向 EP,1,reverse_ep,R2L,45.500000,45.750000,45.625000,0.000000,0.000000,0.000000,100.000000,0.250000,ns3-simulated/trace-derived
a2-ep-reverse,反向 EP,1,reverse_ep,R2L,45.750000,46.000000,45.875000,0.000000,0.000000,0.000000,100.000000,0.250000,ns3-simulated/trace-derived
a2-ep-reverse,反向 EP,1,reverse_ep,R2L,46.000000,46.250000,46.125000,0.000000,0.000000,0.000000,100.000000,0.250000,ns3-simulated/trace-derived
a2-ep-reverse,反向 EP,1,reverse_ep,R2L,46.250000,46.500000,46.375000,0.000000,0.000000,0.000000,100.000000,0.250000,ns3-simulated/trace-derived
a2-ep-reverse,反向 EP,1,reverse_ep,R2L,46.500000,46.750000,46.625000,0.000000,0.000000,0.000000,100.000000,0.250000,ns3-simulated/trace-derived
a2-ep-reverse,反向 EP,1,reverse_ep,R2L,46.750000,47.000000,46.875000,0.000000,0.000000,0.000000,100.000000,0.250000,ns3-simulated/trace-derived
a2-ep-reverse,反向 EP,1,reverse_ep,R2L,47.000000,47.250000,47.125000,0.000000,0.000000,0.000000,100.000000,0.250000,ns3-simulated/trace-derived
a2-ep-reverse,反向 EP,1,reverse_ep,R2L,47.250000,47.500000,47.375000,0.000000,0.000000,0.000000,100.000000,0.250000,ns3-simulated/trace-derived
a2-ep-reverse,反向 EP,1,reverse_ep,R2L,47.500000,47.750000,47.625000,0.000000,0.000000,0.000000,100.000000,0.250000,ns3-simulated/trace-derived
a2-ep-reverse,反向 EP,1,reverse_ep,R2L,47.750000,48.000000,47.875000,0.000000,0.000000,0.000000,100.000000,0.250000,ns3-simulated/trace-derived
a2-ep-reverse,反向 EP,1,reverse_ep,R2L,48.000000,48.250000,48.125000,0.000000,0.000000,0.000000,100.000000,0.250000,ns3-simulated/trace-derived
a2-ep-reverse,反向 EP,1,reverse_ep,R2L,48.250000,48.500000,48.375000,0.000000,0.000000,0.000000,100.000000,0.250000,ns3-simulated/trace-derived
a2-ep-reverse,反向 EP,1,reverse_ep,R2L,48.500000,48.750000,48.625000,0.000000,0.000000,0.000000,100.000000,0.250000,ns3-simulated/trace-derived
a2-ep-reverse,反向 EP,1,reverse_ep,R2L,48.750000,49.000000,48.875000,0.000000,0.000000,0.000000,100.000000,0.250000,ns3-simulated/trace-derived
a2-ep-reverse,反向 EP,1,reverse_ep,R2L,49.000000,49.250000,49.125000,0.000000,0.000000,0.000000,100.000000,0.250000,ns3-simulated/trace-derived
a2-ep-reverse,反向 EP,1,reverse_ep,R2L,49.250000,49.500000,49.375000,0.000000,0.000000,0.000000,100.000000,0.250000,ns3-simulated/trace-derived
a2-ep-reverse,反向 EP,1,reverse_ep,R2L,49.500000,49.750000,49.625000,0.000000,0.000000,0.000000,100.000000,0.250000,ns3-simulated/trace-derived
a2-ep-reverse,反向 EP,1,reverse_ep,R2L,49.750000,50.000000,49.875000,0.000000,0.000000,0.000000,100.000000,0.250000,ns3-simulated/trace-derived
a2-ep-reverse,反向 EP,1,reverse_ep,R2L,50.000000,50.250000,50.125000,0.000000,0.000000,0.000000,100.000000,0.250000,ns3-simulated/trace-derived
a2-ep-reverse,反向 EP,1,reverse_ep,R2L,50.250000,50.500000,50.375000,0.000000,0.000000,0.000000,100.000000,0.250000,ns3-simulated/trace-derived
a2-ep-reverse,反向 EP,1,reverse_ep,R2L,50.500000,50.750000,50.625000,0.000000,0.000000,0.000000,100.000000,0.250000,ns3-simulated/trace-derived
a2-ep-reverse,反向 EP,1,reverse_ep,R2L,50.750000,51.000000,50.875000,0.000000,0.000000,0.000000,100.000000,0.250000,ns3-simulated/trace-derived
a2-ep-reverse,反向 EP,1,reverse_ep,R2L,51.000000,51.250000,51.125000,0.000000,0.000000,0.000000,100.000000,0.250000,ns3-simulated/trace-derived
a2-ep-reverse,反向 EP,1,reverse_ep,R2L,51.250000,51.500000,51.375000,0.000000,0.000000,0.000000,100.000000,0.250000,ns3-simulated/trace-derived
a2-ep-reverse,反向 EP,1,reverse_ep,R2L,51.500000,51.750000,51.625000,0.000000,0.000000,0.000000,100.000000,0.250000,ns3-simulated/trace-derived
a2-ep-reverse,反向 EP,1,reverse_ep,R2L,51.750000,52.000000,51.875000,0.000000,0.000000,0.000000,100.000000,0.250000,ns3-simulated/trace-derived
a2-ep-reverse,反向 EP,1,reverse_ep,R2L,52.000000,52.250000,52.125000,0.000000,0.000000,0.000000,100.000000,0.250000,ns3-simulated/trace-derived
a2-ep-reverse,反向 EP,1,reverse_ep,R2L,52.250000,52.500000,52.375000,0.000000,0.000000,0.000000,100.000000,0.250000,ns3-simulated/trace-derived
a2-ep-reverse,反向 EP,1,reverse_ep,R2L,52.500000,52.750000,52.625000,0.000000,0.000000,0.000000,100.000000,0.250000,ns3-simulated/trace-derived
a2-ep-reverse,反向 EP,1,reverse_ep,R2L,52.750000,53.000000,52.875000,0.000000,0.000000,0.000000,100.000000,0.250000,ns3-simulated/trace-derived
a2-ep-reverse,反向 EP,1,reverse_ep,R2L,53.000000,53.250000,53.125000,0.000000,0.000000,0.000000,100.000000,0.250000,ns3-simulated/trace-derived
a2-ep-reverse,反向 EP,1,reverse_ep,R2L,53.250000,53.500000,53.375000,0.000000,0.000000,0.000000,100.000000,0.250000,ns3-simulated/trace-derived
a2-ep-reverse,反向 EP,1,reverse_ep,R2L,53.500000,53.750000,53.625000,0.000000,0.000000,0.000000,100.000000,0.250000,ns3-simulated/trace-derived
a2-ep-reverse,反向 EP,1,reverse_ep,R2L,53.750000,54.000000,53.875000,0.000000,0.000000,0.000000,100.000000,0.250000,ns3-simulated/trace-derived
a2-ep-reverse,反向 EP,1,reverse_ep,R2L,54.000000,54.250000,54.125000,0.000000,0.000000,0.000000,100.000000,0.250000,ns3-simulated/trace-derived
a2-ep-reverse,反向 EP,1,reverse_ep,R2L,54.250000,54.500000,54.375000,0.000000,0.000000,0.000000,100.000000,0.250000,ns3-simulated/trace-derived
a2-ep-reverse,反向 EP,1,reverse_ep,R2L,54.500000,54.750000,54.625000,0.000000,0.000000,0.000000,100.000000,0.250000,ns3-simulated/trace-derived
a2-ep-reverse,反向 EP,1,reverse_ep,R2L,54.750000,55.000000,54.875000,0.000000,0.000000,0.000000,100.000000,0.250000,ns3-simulated/trace-derived
a2-ep-reverse,反向 EP,1,reverse_ep,R2L,55.000000,55.250000,55.125000,0.000000,0.000000,0.000000,100.000000,0.250000,ns3-simulated/trace-derived
a2-ep-reverse,反向 EP,1,reverse_ep,R2L,55.250000,55.500000,55.375000,0.000000,0.000000,0.000000,100.000000,0.250000,ns3-simulated/trace-derived
a2-ep-reverse,反向 EP,1,reverse_ep,R2L,55.500000,55.750000,55.625000,0.000000,0.000000,0.000000,100.000000,0.250000,ns3-simulated/trace-derived
a2-ep-reverse,反向 EP,1,reverse_ep,R2L,55.750000,56.000000,55.875000,0.000000,0.000000,0.000000,100.000000,0.250000,ns3-simulated/trace-derived
a2-ep-reverse,反向 EP,1,reverse_ep,R2L,56.000000,56.250000,56.125000,0.000000,0.000000,0.000000,100.000000,0.250000,ns3-simulated/trace-derived
a2-ep-reverse,反向 EP,1,reverse_ep,R2L,56.250000,56.500000,56.375000,0.000000,0.000000,0.000000,100.000000,0.250000,ns3-simulated/trace-derived
a2-ep-reverse,反向 EP,1,reverse_ep,R2L,56.500000,56.750000,56.625000,0.000000,0.000000,0.000000,100.000000,0.250000,ns3-simulated/trace-derived
a2-ep-reverse,反向 EP,1,reverse_ep,R2L,56.750000,57.000000,56.875000,0.000000,0.000000,0.000000,100.000000,0.250000,ns3-simulated/trace-derived
a2-ep-reverse,反向 EP,1,reverse_ep,R2L,57.000000,57.250000,57.125000,0.000000,0.000000,0.000000,100.000000,0.250000,ns3-simulated/trace-derived
a2-ep-reverse,反向 EP,1,reverse_ep,R2L,57.250000,57.500000,57.375000,0.000000,0.000000,0.000000,100.000000,0.250000,ns3-simulated/trace-derived
a2-ep-reverse,反向 EP,1,reverse_ep,R2L,57.500000,57.750000,57.625000,0.000000,0.000000,0.000000,100.000000,0.250000,ns3-simulated/trace-derived
a2-ep-reverse,反向 EP,1,reverse_ep,R2L,57.750000,58.000000,57.875000,0.000000,0.000000,0.000000,100.000000,0.250000,ns3-simulated/trace-derived
a2-ep-reverse,反向 EP,1,reverse_ep,R2L,58.000000,58.250000,58.125000,0.000000,0.000000,0.000000,100.000000,0.250000,ns3-simulated/trace-derived
a2-ep-reverse,反向 EP,1,reverse_ep,R2L,58.250000,58.500000,58.375000,0.000000,0.000000,0.000000,100.000000,0.250000,ns3-simulated/trace-derived
a2-ep-reverse,反向 EP,1,reverse_ep,R2L,58.500000,58.750000,58.625000,0.000000,0.000000,0.000000,100.000000,0.250000,ns3-simulated/trace-derived
a2-ep-reverse,反向 EP,1,reverse_ep,R2L,58.750000,59.000000,58.875000,0.000000,0.000000,0.000000,100.000000,0.250000,ns3-simulated/trace-derived
a2-ep-reverse,反向 EP,1,reverse_ep,R2L,59.000000,59.250000,59.125000,0.000000,0.000000,0.000000,100.000000,0.250000,ns3-simulated/trace-derived
a2-ep-reverse,反向 EP,1,reverse_ep,R2L,59.250000,59.500000,59.375000,0.000000,0.000000,0.000000,100.000000,0.250000,ns3-simulated/trace-derived
a2-ep-reverse,反向 EP,1,reverse_ep,R2L,59.500000,59.750000,59.625000,0.000000,0.000000,0.000000,100.000000,0.250000,ns3-simulated/trace-derived
a2-ep-reverse,反向 EP,1,reverse_ep,R2L,59.750000,60.000000,59.875000,0.000000,0.000000,0.000000,100.000000,0.250000,ns3-simulated/trace-derived
a2-ep-reverse,反向 EP,1,reverse_ep,R2L,60.000000,60.250000,60.125000,0.000000,0.000000,0.000000,100.000000,0.250000,ns3-simulated/trace-derived
a2-ep-reverse,反向 EP,1,reverse_ep,R2L,60.250000,60.500000,60.375000,0.000000,0.000000,0.000000,100.000000,0.250000,ns3-simulated/trace-derived
a2-ep-reverse,反向 EP,1,reverse_ep,R2L,60.500000,60.750000,60.625000,0.000000,0.000000,0.000000,100.000000,0.250000,ns3-simulated/trace-derived
a2-ep-reverse,反向 EP,1,reverse_ep,R2L,60.750000,61.000000,60.875000,0.000000,0.000000,0.000000,100.000000,0.250000,ns3-simulated/trace-derived
a2-ep-reverse,反向 EP,1,reverse_ep,R2L,61.000000,61.250000,61.125000,0.000000,0.000000,0.000000,100.000000,0.250000,ns3-simulated/trace-derived
a2-ep-reverse,反向 EP,1,reverse_ep,R2L,61.250000,61.500000,61.375000,0.000000,0.000000,0.000000,100.000000,0.250000,ns3-simulated/trace-derived
a2-ep-reverse,反向 EP,1,reverse_ep,R2L,61.500000,61.750000,61.625000,0.000000,0.000000,0.000000,100.000000,0.250000,ns3-simulated/trace-derived
a2-ep-reverse,反向 EP,1,reverse_ep,R2L,61.750000,62.000000,61.875000,0.000000,0.000000,0.000000,100.000000,0.250000,ns3-simulated/trace-derived
a2-ep-reverse,反向 EP,1,reverse_ep,R2L,62.000000,62.250000,62.125000,0.000000,0.000000,0.000000,100.000000,0.250000,ns3-simulated/trace-derived
a2-ep-reverse,反向 EP,1,reverse_ep,R2L,62.250000,62.500000,62.375000,0.000000,0.000000,0.000000,100.000000,0.250000,ns3-simulated/trace-derived
a2-ep-reverse,反向 EP,1,reverse_ep,R2L,62.500000,62.750000,62.625000,0.000000,0.000000,0.000000,100.000000,0.250000,ns3-simulated/trace-derived
a2-ep-reverse,反向 EP,1,reverse_ep,R2L,62.750000,63.000000,62.875000,0.000000,0.000000,0.000000,100.000000,0.250000,ns3-simulated/trace-derived
a2-ep-reverse,反向 EP,1,reverse_ep,R2L,63.000000,63.250000,63.125000,0.000000,0.000000,0.000000,100.000000,0.250000,ns3-simulated/trace-derived
a2-ep-reverse,反向 EP,1,reverse_ep,R2L,63.250000,63.500000,63.375000,0.000000,0.000000,0.000000,100.000000,0.250000,ns3-simulated/trace-derived
a2-ep-reverse,反向 EP,1,reverse_ep,R2L,63.500000,63.750000,63.625000,0.000000,0.000000,0.000000,100.000000,0.250000,ns3-simulated/trace-derived
a2-ep-reverse,反向 EP,1,reverse_ep,R2L,63.750000,64.000000,63.875000,0.000000,0.000000,0.000000,100.000000,0.250000,ns3-simulated/trace-derived
a2-ep-reverse,反向 EP,1,reverse_ep,R2L,64.000000,64.250000,64.125000,0.000000,0.000000,0.000000,100.000000,0.250000,ns3-simulated/trace-derived
a2-ep-reverse,反向 EP,1,reverse_ep,R2L,64.250000,64.500000,64.375000,0.000000,0.000000,0.000000,100.000000,0.250000,ns3-simulated/trace-derived
a2-ep-reverse,反向 EP,1,reverse_ep,R2L,64.500000,64.750000,64.625000,0.000000,0.000000,0.000000,100.000000,0.250000,ns3-simulated/trace-derived
a2-ep-reverse,反向 EP,1,reverse_ep,R2L,64.750000,65.000000,64.875000,0.000000,0.000000,0.000000,100.000000,0.250000,ns3-simulated/trace-derived
a2-ep-reverse,反向 EP,1,reverse_ep,R2L,65.000000,65.250000,65.125000,0.000000,0.000000,0.000000,100.000000,0.250000,ns3-simulated/trace-derived
a2-ep-reverse,反向 EP,1,reverse_ep,R2L,65.250000,65.500000,65.375000,0.000000,0.000000,0.000000,100.000000,0.250000,ns3-simulated/trace-derived
a2-ep-reverse,反向 EP,1,reverse_ep,R2L,65.500000,65.750000,65.625000,0.000000,0.000000,0.000000,100.000000,0.250000,ns3-simulated/trace-derived
a2-ep-reverse,反向 EP,1,reverse_ep,R2L,65.750000,66.000000,65.875000,0.000000,0.000000,0.000000,100.000000,0.250000,ns3-simulated/trace-derived
a2-ep-reverse,反向 EP,1,reverse_ep,R2L,66.000000,66.250000,66.125000,0.000000,0.000000,0.000000,100.000000,0.250000,ns3-simulated/trace-derived
a2-ep-reverse,反向 EP,1,reverse_ep,R2L,66.250000,66.500000,66.375000,0.000000,0.000000,0.000000,100.000000,0.250000,ns3-simulated/trace-derived
a2-ep-reverse,反向 EP,1,reverse_ep,R2L,66.500000,66.750000,66.625000,0.000000,0.000000,0.000000,100.000000,0.250000,ns3-simulated/trace-derived
a2-ep-reverse,反向 EP,1,reverse_ep,R2L,66.750000,67.000000,66.875000,0.000000,0.000000,0.000000,100.000000,0.250000,ns3-simulated/trace-derived
a2-ep-reverse,反向 EP,1,reverse_ep,R2L,67.000000,67.250000,67.125000,0.000000,0.000000,0.000000,100.000000,0.250000,ns3-simulated/trace-derived
a2-ep-reverse,反向 EP,1,reverse_ep,R2L,67.250000,67.500000,67.375000,0.000000,0.000000,0.000000,100.000000,0.250000,ns3-simulated/trace-derived
a2-ep-reverse,反向 EP,1,reverse_ep,R2L,67.500000,67.750000,67.625000,0.000000,0.000000,0.000000,100.000000,0.250000,ns3-simulated/trace-derived
a2-ep-reverse,反向 EP,1,reverse_ep,R2L,67.750000,68.000000,67.875000,0.000000,0.000000,0.000000,100.000000,0.250000,ns3-simulated/trace-derived
a2-ep-reverse,反向 EP,1,reverse_ep,R2L,68.000000,68.250000,68.125000,0.000000,0.000000,0.000000,100.000000,0.250000,ns3-simulated/trace-derived
a2-ep-reverse,反向 EP,1,reverse_ep,R2L,68.250000,68.500000,68.375000,0.000000,0.000000,0.000000,100.000000,0.250000,ns3-simulated/trace-derived
a2-ep-reverse,反向 EP,1,reverse_ep,R2L,68.500000,68.750000,68.625000,0.000000,0.000000,0.000000,100.000000,0.250000,ns3-simulated/trace-derived
a2-ep-reverse,反向 EP,1,reverse_ep,R2L,68.750000,69.000000,68.875000,0.000000,0.000000,0.000000,100.000000,0.250000,ns3-simulated/trace-derived
a2-ep-reverse,反向 EP,1,reverse_ep,R2L,69.000000,69.250000,69.125000,0.000000,0.000000,0.000000,100.000000,0.250000,ns3-simulated/trace-derived
a2-ep-reverse,反向 EP,1,reverse_ep,R2L,69.250000,69.500000,69.375000,0.000000,0.000000,0.000000,100.000000,0.250000,ns3-simulated/trace-derived
a2-ep-reverse,反向 EP,1,reverse_ep,R2L,69.500000,69.750000,69.625000,0.000000,0.000000,0.000000,100.000000,0.250000,ns3-simulated/trace-derived
a2-ep-reverse,反向 EP,1,reverse_ep,R2L,69.750000,70.000000,69.875000,0.000000,0.000000,0.000000,100.000000,0.250000,ns3-simulated/trace-derived
a2-ep-reverse,反向 EP,1,reverse_ep,R2L,70.000000,70.250000,70.125000,0.000000,0.000000,0.000000,100.000000,0.250000,ns3-simulated/trace-derived
a3-ep-kv,同向 KV,0,target,L2R,0.000000,0.250000,0.125000,1694.000000,54.208000,54.208000,100.000000,0.250000,ns3-simulated/trace-derived
a3-ep-kv,同向 KV,0,target,L2R,0.250000,0.500000,0.375000,2480.000000,79.360000,79.360000,100.000000,0.250000,ns3-simulated/trace-derived
a3-ep-kv,同向 KV,0,target,L2R,0.500000,0.750000,0.625000,0.000000,0.000000,0.000000,100.000000,0.250000,ns3-simulated/trace-derived
a3-ep-kv,同向 KV,0,target,L2R,0.750000,1.000000,0.875000,2721.000000,87.072000,87.072000,100.000000,0.250000,ns3-simulated/trace-derived
a3-ep-kv,同向 KV,0,target,L2R,1.000000,1.250000,1.125000,1453.000000,46.496000,46.496000,100.000000,0.250000,ns3-simulated/trace-derived
a3-ep-kv,同向 KV,0,target,L2R,1.250000,1.500000,1.375000,623.000000,19.936000,19.936000,100.000000,0.250000,ns3-simulated/trace-derived
a3-ep-kv,同向 KV,0,target,L2R,1.500000,1.750000,1.625000,3125.000000,100.000000,100.000000,100.000000,0.250000,ns3-simulated/trace-derived
a3-ep-kv,同向 KV,0,target,L2R,1.750000,2.000000,1.875000,426.000000,13.632000,13.632000,100.000000,0.250000,ns3-simulated/trace-derived
a3-ep-kv,同向 KV,0,target,L2R,2.000000,2.250000,2.125000,1650.000000,52.800000,52.800000,100.000000,0.250000,ns3-simulated/trace-derived
a3-ep-kv,同向 KV,0,target,L2R,2.250000,2.500000,2.375000,2524.000000,80.768000,80.768000,100.000000,0.250000,ns3-simulated/trace-derived
a3-ep-kv,同向 KV,0,target,L2R,2.500000,2.750000,2.625000,0.000000,0.000000,0.000000,100.000000,0.250000,ns3-simulated/trace-derived
a3-ep-kv,同向 KV,0,target,L2R,2.750000,3.000000,2.875000,2677.000000,85.664000,85.664000,100.000000,0.250000,ns3-simulated/trace-derived
a3-ep-kv,同向 KV,0,target,L2R,3.000000,3.250000,3.125000,1497.000000,47.904000,47.904000,100.000000,0.250000,ns3-simulated/trace-derived
a3-ep-kv,同向 KV,0,target,L2R,3.250000,3.500000,3.375000,579.000000,18.528000,18.528000,100.000000,0.250000,ns3-simulated/trace-derived
a3-ep-kv,同向 KV,0,target,L2R,3.500000,3.750000,3.625000,3125.000000,100.000000,100.000000,100.000000,0.250000,ns3-simulated/trace-derived
a3-ep-kv,同向 KV,0,target,L2R,3.750000,4.000000,3.875000,470.000000,15.040000,15.040000,100.000000,0.250000,ns3-simulated/trace-derived
a3-ep-kv,同向 KV,0,target,L2R,4.000000,4.250000,4.125000,1606.000000,51.392000,51.392000,100.000000,0.250000,ns3-simulated/trace-derived
a3-ep-kv,同向 KV,0,target,L2R,4.250000,4.500000,4.375000,2568.000000,82.176000,82.176000,100.000000,0.250000,ns3-simulated/trace-derived
a3-ep-kv,同向 KV,0,target,L2R,4.500000,4.750000,4.625000,0.000000,0.000000,0.000000,100.000000,0.250000,ns3-simulated/trace-derived
a3-ep-kv,同向 KV,0,target,L2R,4.750000,5.000000,4.875000,2633.000000,84.256000,84.256000,100.000000,0.250000,ns3-simulated/trace-derived
a3-ep-kv,同向 KV,0,target,L2R,5.000000,5.250000,5.125000,1541.000000,49.312000,49.312000,100.000000,0.250000,ns3-simulated/trace-derived
a3-ep-kv,同向 KV,0,target,L2R,5.250000,5.500000,5.375000,535.000000,17.120000,17.120000,100.000000,0.250000,ns3-simulated/trace-derived
a3-ep-kv,同向 KV,0,target,L2R,5.500000,5.750000,5.625000,3125.000000,100.000000,100.000000,100.000000,0.250000,ns3-simulated/trace-derived
a3-ep-kv,同向 KV,0,target,L2R,5.750000,6.000000,5.875000,514.000000,16.448000,16.448000,100.000000,0.250000,ns3-simulated/trace-derived
a3-ep-kv,同向 KV,0,target,L2R,6.000000,6.250000,6.125000,1562.000000,49.984000,49.984000,100.000000,0.250000,ns3-simulated/trace-derived
a3-ep-kv,同向 KV,0,target,L2R,6.250000,6.500000,6.375000,2612.000000,83.584000,83.584000,100.000000,0.250000,ns3-simulated/trace-derived
a3-ep-kv,同向 KV,0,target,L2R,6.500000,6.750000,6.625000,0.000000,0.000000,0.000000,100.000000,0.250000,ns3-simulated/trace-derived
a3-ep-kv,同向 KV,0,target,L2R,6.750000,7.000000,6.875000,2589.000000,82.848000,82.848000,100.000000,0.250000,ns3-simulated/trace-derived
a3-ep-kv,同向 KV,0,target,L2R,7.000000,7.250000,7.125000,1585.000000,50.720000,50.720000,100.000000,0.250000,ns3-simulated/trace-derived
a3-ep-kv,同向 KV,0,target,L2R,7.250000,7.500000,7.375000,491.000000,15.712000,15.712000,100.000000,0.250000,ns3-simulated/trace-derived
a3-ep-kv,同向 KV,0,target,L2R,7.500000,7.750000,7.625000,3125.000000,100.000000,100.000000,100.000000,0.250000,ns3-simulated/trace-derived
a3-ep-kv,同向 KV,0,target,L2R,7.750000,8.000000,7.875000,558.000000,17.856000,17.856000,100.000000,0.250000,ns3-simulated/trace-derived
a3-ep-kv,同向 KV,0,target,L2R,8.000000,8.250000,8.125000,1518.000000,48.576000,48.576000,100.000000,0.250000,ns3-simulated/trace-derived
a3-ep-kv,同向 KV,0,target,L2R,8.250000,8.500000,8.375000,2656.000000,84.992000,84.992000,100.000000,0.250000,ns3-simulated/trace-derived
a3-ep-kv,同向 KV,0,target,L2R,8.500000,8.750000,8.625000,0.000000,0.000000,0.000000,100.000000,0.250000,ns3-simulated/trace-derived
a3-ep-kv,同向 KV,0,target,L2R,8.750000,9.000000,8.875000,2545.000000,81.440000,81.440000,100.000000,0.250000,ns3-simulated/trace-derived
a3-ep-kv,同向 KV,0,target,L2R,9.000000,9.250000,9.125000,1629.000000,52.128000,52.128000,100.000000,0.250000,ns3-simulated/trace-derived
a3-ep-kv,同向 KV,0,target,L2R,9.250000,9.500000,9.375000,447.000000,14.304000,14.304000,100.000000,0.250000,ns3-simulated/trace-derived
a3-ep-kv,同向 KV,0,target,L2R,9.500000,9.750000,9.625000,3125.000000,100.000000,100.000000,100.000000,0.250000,ns3-simulated/trace-derived
a3-ep-kv,同向 KV,0,target,L2R,9.750000,10.000000,9.875000,602.000000,19.264000,19.264000,100.000000,0.250000,ns3-simulated/trace-derived
a3-ep-kv,同向 KV,0,target,L2R,10.000000,10.250000,10.125000,1474.000000,47.168000,47.168000,100.000000,0.250000,ns3-simulated/trace-derived
a3-ep-kv,同向 KV,0,target,L2R,10.250000,10.500000,10.375000,2700.000000,86.400000,86.400000,100.000000,0.250000,ns3-simulated/trace-derived
a3-ep-kv,同向 KV,0,target,L2R,10.500000,10.750000,10.625000,0.000000,0.000000,0.000000,100.000000,0.250000,ns3-simulated/trace-derived
a3-ep-kv,同向 KV,0,target,L2R,10.750000,11.000000,10.875000,2501.000000,80.032000,80.032000,100.000000,0.250000,ns3-simulated/trace-derived
a3-ep-kv,同向 KV,0,target,L2R,11.000000,11.250000,11.125000,1673.000000,53.536000,53.536000,100.000000,0.250000,ns3-simulated/trace-derived
a3-ep-kv,同向 KV,0,target,L2R,11.250000,11.500000,11.375000,403.000000,12.896000,12.896000,100.000000,0.250000,ns3-simulated/trace-derived
a3-ep-kv,同向 KV,0,target,L2R,11.500000,11.750000,11.625000,3125.000000,100.000000,100.000000,100.000000,0.250000,ns3-simulated/trace-derived
a3-ep-kv,同向 KV,0,target,L2R,11.750000,12.000000,11.875000,646.000000,20.672000,20.672000,100.000000,0.250000,ns3-simulated/trace-derived
a3-ep-kv,同向 KV,0,target,L2R,12.000000,12.250000,12.125000,1430.000000,45.760000,45.760000,100.000000,0.250000,ns3-simulated/trace-derived
a3-ep-kv,同向 KV,0,target,L2R,12.250000,12.500000,12.375000,2744.000000,87.808000,87.808000,100.000000,0.250000,ns3-simulated/trace-derived
a3-ep-kv,同向 KV,0,target,L2R,12.500000,12.750000,12.625000,0.000000,0.000000,0.000000,100.000000,0.250000,ns3-simulated/trace-derived
a3-ep-kv,同向 KV,0,target,L2R,12.750000,13.000000,12.875000,2457.000000,78.624000,78.624000,100.000000,0.250000,ns3-simulated/trace-derived
a3-ep-kv,同向 KV,0,target,L2R,13.000000,13.250000,13.125000,1717.000000,54.944000,54.944000,100.000000,0.250000,ns3-simulated/trace-derived
a3-ep-kv,同向 KV,0,target,L2R,13.250000,13.500000,13.375000,359.000000,11.488000,11.488000,100.000000,0.250000,ns3-simulated/trace-derived
a3-ep-kv,同向 KV,0,target,L2R,13.500000,13.750000,13.625000,3125.000000,100.000000,100.000000,100.000000,0.250000,ns3-simulated/trace-derived
a3-ep-kv,同向 KV,0,target,L2R,13.750000,14.000000,13.875000,690.000000,22.080000,22.080000,100.000000,0.250000,ns3-simulated/trace-derived
a3-ep-kv,同向 KV,0,target,L2R,14.000000,14.250000,14.125000,1386.000000,44.352000,44.352000,100.000000,0.250000,ns3-simulated/trace-derived
a3-ep-kv,同向 KV,0,target,L2R,14.250000,14.500000,14.375000,2788.000000,89.216000,89.216000,100.000000,0.250000,ns3-simulated/trace-derived
a3-ep-kv,同向 KV,0,target,L2R,14.500000,14.750000,14.625000,0.000000,0.000000,0.000000,100.000000,0.250000,ns3-simulated/trace-derived
a3-ep-kv,同向 KV,0,target,L2R,14.750000,15.000000,14.875000,2413.000000,77.216000,77.216000,100.000000,0.250000,ns3-simulated/trace-derived
a3-ep-kv,同向 KV,0,target,L2R,15.000000,15.250000,15.125000,1761.000000,56.352000,56.352000,100.000000,0.250000,ns3-simulated/trace-derived
a3-ep-kv,同向 KV,0,target,L2R,15.250000,15.500000,15.375000,315.000000,10.080000,10.080000,100.000000,0.250000,ns3-simulated/trace-derived
a3-ep-kv,同向 KV,0,target,L2R,15.500000,15.750000,15.625000,3125.000000,100.000000,100.000000,100.000000,0.250000,ns3-simulated/trace-derived
a3-ep-kv,同向 KV,0,target,L2R,15.750000,16.000000,15.875000,734.000000,23.488000,23.488000,100.000000,0.250000,ns3-simulated/trace-derived
a3-ep-kv,同向 KV,0,target,L2R,16.000000,16.250000,16.125000,1342.000000,42.944000,42.944000,100.000000,0.250000,ns3-simulated/trace-derived
a3-ep-kv,同向 KV,0,target,L2R,16.250000,16.500000,16.375000,2832.000000,90.624000,90.624000,100.000000,0.250000,ns3-simulated/trace-derived
a3-ep-kv,同向 KV,0,target,L2R,16.500000,16.750000,16.625000,0.000000,0.000000,0.000000,100.000000,0.250000,ns3-simulated/trace-derived
a3-ep-kv,同向 KV,0,target,L2R,16.750000,17.000000,16.875000,2369.000000,75.808000,75.808000,100.000000,0.250000,ns3-simulated/trace-derived
a3-ep-kv,同向 KV,0,target,L2R,17.000000,17.250000,17.125000,1805.000000,57.760000,57.760000,100.000000,0.250000,ns3-simulated/trace-derived
a3-ep-kv,同向 KV,0,target,L2R,17.250000,17.500000,17.375000,271.000000,8.672000,8.672000,100.000000,0.250000,ns3-simulated/trace-derived
a3-ep-kv,同向 KV,0,target,L2R,17.500000,17.750000,17.625000,3125.000000,100.000000,100.000000,100.000000,0.250000,ns3-simulated/trace-derived
a3-ep-kv,同向 KV,0,target,L2R,17.750000,18.000000,17.875000,778.000000,24.896000,24.896000,100.000000,0.250000,ns3-simulated/trace-derived
a3-ep-kv,同向 KV,0,target,L2R,18.000000,18.250000,18.125000,1298.000000,41.536000,41.536000,100.000000,0.250000,ns3-simulated/trace-derived
a3-ep-kv,同向 KV,0,target,L2R,18.250000,18.500000,18.375000,2876.000000,92.032000,92.032000,100.000000,0.250000,ns3-simulated/trace-derived
a3-ep-kv,同向 KV,0,target,L2R,18.500000,18.750000,18.625000,0.000000,0.000000,0.000000,100.000000,0.250000,ns3-simulated/trace-derived
a3-ep-kv,同向 KV,0,target,L2R,18.750000,19.000000,18.875000,2325.000000,74.400000,74.400000,100.000000,0.250000,ns3-simulated/trace-derived
a3-ep-kv,同向 KV,0,target,L2R,19.000000,19.250000,19.125000,1849.000000,59.168000,59.168000,100.000000,0.250000,ns3-simulated/trace-derived
a3-ep-kv,同向 KV,0,target,L2R,19.250000,19.500000,19.375000,227.000000,7.264000,7.264000,100.000000,0.250000,ns3-simulated/trace-derived
a3-ep-kv,同向 KV,0,target,L2R,19.500000,19.750000,19.625000,3125.000000,100.000000,100.000000,100.000000,0.250000,ns3-simulated/trace-derived
a3-ep-kv,同向 KV,0,target,L2R,19.750000,20.000000,19.875000,822.000000,26.304000,26.304000,100.000000,0.250000,ns3-simulated/trace-derived
a3-ep-kv,同向 KV,0,target,L2R,20.000000,20.250000,20.125000,1254.000000,40.128000,40.128000,100.000000,0.250000,ns3-simulated/trace-derived
a3-ep-kv,同向 KV,0,target,L2R,20.250000,20.500000,20.375000,2920.000000,93.440000,93.440000,100.000000,0.250000,ns3-simulated/trace-derived
a3-ep-kv,同向 KV,0,target,L2R,20.500000,20.750000,20.625000,0.000000,0.000000,0.000000,100.000000,0.250000,ns3-simulated/trace-derived
a3-ep-kv,同向 KV,0,target,L2R,20.750000,21.000000,20.875000,2281.000000,72.992000,72.992000,100.000000,0.250000,ns3-simulated/trace-derived
a3-ep-kv,同向 KV,0,target,L2R,21.000000,21.250000,21.125000,1893.000000,60.576000,60.576000,100.000000,0.250000,ns3-simulated/trace-derived
a3-ep-kv,同向 KV,0,target,L2R,21.250000,21.500000,21.375000,183.000000,5.856000,5.856000,100.000000,0.250000,ns3-simulated/trace-derived
a3-ep-kv,同向 KV,0,target,L2R,21.500000,21.750000,21.625000,3125.000000,100.000000,100.000000,100.000000,0.250000,ns3-simulated/trace-derived
a3-ep-kv,同向 KV,0,target,L2R,21.750000,22.000000,21.875000,866.000000,27.712000,27.712000,100.000000,0.250000,ns3-simulated/trace-derived
a3-ep-kv,同向 KV,0,target,L2R,22.000000,22.250000,22.125000,1210.000000,38.720000,38.720000,100.000000,0.250000,ns3-simulated/trace-derived
a3-ep-kv,同向 KV,0,target,L2R,22.250000,22.500000,22.375000,2964.000000,94.848000,94.848000,100.000000,0.250000,ns3-simulated/trace-derived
a3-ep-kv,同向 KV,0,target,L2R,22.500000,22.750000,22.625000,0.000000,0.000000,0.000000,100.000000,0.250000,ns3-simulated/trace-derived
a3-ep-kv,同向 KV,0,target,L2R,22.750000,23.000000,22.875000,2237.000000,71.584000,71.584000,100.000000,0.250000,ns3-simulated/trace-derived
a3-ep-kv,同向 KV,0,target,L2R,23.000000,23.250000,23.125000,1937.000000,61.984000,61.984000,100.000000,0.250000,ns3-simulated/trace-derived
a3-ep-kv,同向 KV,0,target,L2R,23.250000,23.500000,23.375000,139.000000,4.448000,4.448000,100.000000,0.250000,ns3-simulated/trace-derived
a3-ep-kv,同向 KV,0,target,L2R,23.500000,23.750000,23.625000,3125.000000,100.000000,100.000000,100.000000,0.250000,ns3-simulated/trace-derived
a3-ep-kv,同向 KV,0,target,L2R,23.750000,24.000000,23.875000,910.000000,29.120000,29.120000,100.000000,0.250000,ns3-simulated/trace-derived
a3-ep-kv,同向 KV,0,target,L2R,24.000000,24.250000,24.125000,1166.000000,37.312000,37.312000,100.000000,0.250000,ns3-simulated/trace-derived
a3-ep-kv,同向 KV,0,target,L2R,24.250000,24.500000,24.375000,3008.000000,96.256000,96.256000,100.000000,0.250000,ns3-simulated/trace-derived
a3-ep-kv,同向 KV,0,target,L2R,24.500000,24.750000,24.625000,0.000000,0.000000,0.000000,100.000000,0.250000,ns3-simulated/trace-derived
a3-ep-kv,同向 KV,0,target,L2R,24.750000,25.000000,24.875000,2193.000000,70.176000,70.176000,100.000000,0.250000,ns3-simulated/trace-derived
a3-ep-kv,同向 KV,0,target,L2R,25.000000,25.250000,25.125000,1981.000000,63.392000,63.392000,100.000000,0.250000,ns3-simulated/trace-derived
a3-ep-kv,同向 KV,0,target,L2R,25.250000,25.500000,25.375000,95.000000,3.040000,3.040000,100.000000,0.250000,ns3-simulated/trace-derived
a3-ep-kv,同向 KV,0,target,L2R,25.500000,25.750000,25.625000,3125.000000,100.000000,100.000000,100.000000,0.250000,ns3-simulated/trace-derived
a3-ep-kv,同向 KV,0,target,L2R,25.750000,26.000000,25.875000,954.000000,30.528000,30.528000,100.000000,0.250000,ns3-simulated/trace-derived
a3-ep-kv,同向 KV,0,target,L2R,26.000000,26.250000,26.125000,1122.000000,35.904000,35.904000,100.000000,0.250000,ns3-simulated/trace-derived
a3-ep-kv,同向 KV,0,target,L2R,26.250000,26.500000,26.375000,3052.000000,97.664000,97.664000,100.000000,0.250000,ns3-simulated/trace-derived
a3-ep-kv,同向 KV,0,target,L2R,26.500000,26.750000,26.625000,0.000000,0.000000,0.000000,100.000000,0.250000,ns3-simulated/trace-derived
a3-ep-kv,同向 KV,0,target,L2R,26.750000,27.000000,26.875000,2149.000000,68.768000,68.768000,100.000000,0.250000,ns3-simulated/trace-derived
a3-ep-kv,同向 KV,0,target,L2R,27.000000,27.250000,27.125000,2025.000000,64.800000,64.800000,100.000000,0.250000,ns3-simulated/trace-derived
a3-ep-kv,同向 KV,0,target,L2R,27.250000,27.500000,27.375000,51.000000,1.632000,1.632000,100.000000,0.250000,ns3-simulated/trace-derived
a3-ep-kv,同向 KV,0,target,L2R,27.500000,27.750000,27.625000,3125.000000,100.000000,100.000000,100.000000,0.250000,ns3-simulated/trace-derived
a3-ep-kv,同向 KV,0,target,L2R,27.750000,28.000000,27.875000,998.000000,31.936000,31.936000,100.000000,0.250000,ns3-simulated/trace-derived
a3-ep-kv,同向 KV,0,target,L2R,28.000000,28.250000,28.125000,1078.000000,34.496000,34.496000,100.000000,0.250000,ns3-simulated/trace-derived
a3-ep-kv,同向 KV,0,target,L2R,28.250000,28.500000,28.375000,3096.000000,99.072000,99.072000,100.000000,0.250000,ns3-simulated/trace-derived
a3-ep-kv,同向 KV,0,target,L2R,28.500000,28.750000,28.625000,0.000000,0.000000,0.000000,100.000000,0.250000,ns3-simulated/trace-derived
a3-ep-kv,同向 KV,0,target,L2R,28.750000,29.000000,28.875000,2105.000000,67.360000,67.360000,100.000000,0.250000,ns3-simulated/trace-derived
a3-ep-kv,同向 KV,0,target,L2R,29.000000,29.250000,29.125000,2069.000000,66.208000,66.208000,100.000000,0.250000,ns3-simulated/trace-derived
a3-ep-kv,同向 KV,0,target,L2R,29.250000,29.500000,29.375000,7.000000,0.224000,0.224000,100.000000,0.250000,ns3-simulated/trace-derived
a3-ep-kv,同向 KV,0,target,L2R,29.500000,29.750000,29.625000,3125.000000,100.000000,100.000000,100.000000,0.250000,ns3-simulated/trace-derived
a3-ep-kv,同向 KV,0,target,L2R,29.750000,30.000000,29.875000,1042.000000,33.344000,33.344000,100.000000,0.250000,ns3-simulated/trace-derived
a3-ep-kv,同向 KV,0,target,L2R,30.000000,30.250000,30.125000,1034.000000,33.088000,33.088000,100.000000,0.250000,ns3-simulated/trace-derived
a3-ep-kv,同向 KV,0,target,L2R,30.250000,30.500000,30.375000,3125.000000,100.000000,100.000000,100.000000,0.250000,ns3-simulated/trace-derived
a3-ep-kv,同向 KV,0,target,L2R,30.500000,30.750000,30.625000,15.000000,0.480000,0.480000,100.000000,0.250000,ns3-simulated/trace-derived
a3-ep-kv,同向 KV,0,target,L2R,30.750000,31.000000,30.875000,2061.000000,65.952000,65.952000,100.000000,0.250000,ns3-simulated/trace-derived
a3-ep-kv,同向 KV,0,target,L2R,31.000000,31.250000,31.125000,2113.000000,67.616000,67.616000,100.000000,0.250000,ns3-simulated/trace-derived
a3-ep-kv,同向 KV,0,target,L2R,31.250000,31.500000,31.375000,0.000000,0.000000,0.000000,100.000000,0.250000,ns3-simulated/trace-derived
a3-ep-kv,同向 KV,0,target,L2R,31.500000,31.750000,31.625000,3088.000000,98.816000,98.816000,100.000000,0.250000,ns3-simulated/trace-derived
a3-ep-kv,同向 KV,0,target,L2R,31.750000,32.000000,31.875000,1086.000000,34.752000,34.752000,100.000000,0.250000,ns3-simulated/trace-derived
a3-ep-kv,同向 KV,0,target,L2R,32.000000,32.250000,32.125000,990.000000,31.680000,31.680000,100.000000,0.250000,ns3-simulated/trace-derived
a3-ep-kv,同向 KV,0,target,L2R,32.250000,32.500000,32.375000,3125.000000,100.000000,100.000000,100.000000,0.250000,ns3-simulated/trace-derived
a3-ep-kv,同向 KV,0,target,L2R,32.500000,32.750000,32.625000,59.000000,1.888000,1.888000,100.000000,0.250000,ns3-simulated/trace-derived
a3-ep-kv,同向 KV,0,target,L2R,32.750000,33.000000,32.875000,2017.000000,64.544000,64.544000,100.000000,0.250000,ns3-simulated/trace-derived
a3-ep-kv,同向 KV,0,target,L2R,33.000000,33.250000,33.125000,2157.000000,69.024000,69.024000,100.000000,0.250000,ns3-simulated/trace-derived
a3-ep-kv,同向 KV,0,target,L2R,33.250000,33.500000,33.375000,0.000000,0.000000,0.000000,100.000000,0.250000,ns3-simulated/trace-derived
a3-ep-kv,同向 KV,0,target,L2R,33.500000,33.750000,33.625000,3044.000000,97.408000,97.408000,100.000000,0.250000,ns3-simulated/trace-derived
a3-ep-kv,同向 KV,0,target,L2R,33.750000,34.000000,33.875000,1130.000000,36.160000,36.160000,100.000000,0.250000,ns3-simulated/trace-derived
a3-ep-kv,同向 KV,0,target,L2R,34.000000,34.250000,34.125000,946.000000,30.272000,30.272000,100.000000,0.250000,ns3-simulated/trace-derived
a3-ep-kv,同向 KV,0,target,L2R,34.250000,34.500000,34.375000,3125.000000,100.000000,100.000000,100.000000,0.250000,ns3-simulated/trace-derived
a3-ep-kv,同向 KV,0,target,L2R,34.500000,34.750000,34.625000,103.000000,3.296000,3.296000,100.000000,0.250000,ns3-simulated/trace-derived
a3-ep-kv,同向 KV,0,target,L2R,34.750000,35.000000,34.875000,1973.000000,63.136000,63.136000,100.000000,0.250000,ns3-simulated/trace-derived
a3-ep-kv,同向 KV,0,target,L2R,35.000000,35.250000,35.125000,2201.000000,70.432000,70.432000,100.000000,0.250000,ns3-simulated/trace-derived
a3-ep-kv,同向 KV,0,target,L2R,35.250000,35.500000,35.375000,0.000000,0.000000,0.000000,100.000000,0.250000,ns3-simulated/trace-derived
a3-ep-kv,同向 KV,0,target,L2R,35.500000,35.750000,35.625000,3000.000000,96.000000,96.000000,100.000000,0.250000,ns3-simulated/trace-derived
a3-ep-kv,同向 KV,0,target,L2R,35.750000,36.000000,35.875000,1174.000000,37.568000,37.568000,100.000000,0.250000,ns3-simulated/trace-derived
a3-ep-kv,同向 KV,0,target,L2R,36.000000,36.250000,36.125000,902.000000,28.864000,28.864000,100.000000,0.250000,ns3-simulated/trace-derived
a3-ep-kv,同向 KV,0,target,L2R,36.250000,36.500000,36.375000,3125.000000,100.000000,100.000000,100.000000,0.250000,ns3-simulated/trace-derived
a3-ep-kv,同向 KV,0,target,L2R,36.500000,36.750000,36.625000,147.000000,4.704000,4.704000,100.000000,0.250000,ns3-simulated/trace-derived
a3-ep-kv,同向 KV,0,target,L2R,36.750000,37.000000,36.875000,1929.000000,61.728000,61.728000,100.000000,0.250000,ns3-simulated/trace-derived
a3-ep-kv,同向 KV,0,target,L2R,37.000000,37.250000,37.125000,2245.000000,71.840000,71.840000,100.000000,0.250000,ns3-simulated/trace-derived
a3-ep-kv,同向 KV,0,target,L2R,37.250000,37.500000,37.375000,0.000000,0.000000,0.000000,100.000000,0.250000,ns3-simulated/trace-derived
a3-ep-kv,同向 KV,0,target,L2R,37.500000,37.750000,37.625000,2956.000000,94.592000,94.592000,100.000000,0.250000,ns3-simulated/trace-derived
a3-ep-kv,同向 KV,0,target,L2R,37.750000,38.000000,37.875000,1218.000000,38.976000,38.976000,100.000000,0.250000,ns3-simulated/trace-derived
a3-ep-kv,同向 KV,0,target,L2R,38.000000,38.250000,38.125000,858.000000,27.456000,27.456000,100.000000,0.250000,ns3-simulated/trace-derived
a3-ep-kv,同向 KV,0,target,L2R,38.250000,38.500000,38.375000,3125.000000,100.000000,100.000000,100.000000,0.250000,ns3-simulated/trace-derived
a3-ep-kv,同向 KV,0,target,L2R,38.500000,38.750000,38.625000,191.000000,6.112000,6.112000,100.000000,0.250000,ns3-simulated/trace-derived
a3-ep-kv,同向 KV,0,target,L2R,38.750000,39.000000,38.875000,1885.000000,60.320000,60.320000,100.000000,0.250000,ns3-simulated/trace-derived
a3-ep-kv,同向 KV,0,target,L2R,39.000000,39.250000,39.125000,2289.000000,73.248000,73.248000,100.000000,0.250000,ns3-simulated/trace-derived
a3-ep-kv,同向 KV,0,target,L2R,39.250000,39.500000,39.375000,0.000000,0.000000,0.000000,100.000000,0.250000,ns3-simulated/trace-derived
a3-ep-kv,同向 KV,0,target,L2R,39.500000,39.750000,39.625000,2912.000000,93.184000,93.184000,100.000000,0.250000,ns3-simulated/trace-derived
a3-ep-kv,同向 KV,0,target,L2R,39.750000,40.000000,39.875000,1262.000000,40.384000,40.384000,100.000000,0.250000,ns3-simulated/trace-derived
a3-ep-kv,同向 KV,0,target,L2R,40.000000,40.250000,40.125000,814.000000,26.048000,26.048000,100.000000,0.250000,ns3-simulated/trace-derived
a3-ep-kv,同向 KV,0,target,L2R,40.250000,40.500000,40.375000,3125.000000,100.000000,100.000000,100.000000,0.250000,ns3-simulated/trace-derived
a3-ep-kv,同向 KV,0,target,L2R,40.500000,40.750000,40.625000,235.000000,7.520000,7.520000,100.000000,0.250000,ns3-simulated/trace-derived
a3-ep-kv,同向 KV,0,target,L2R,40.750000,41.000000,40.875000,1841.000000,58.912000,58.912000,100.000000,0.250000,ns3-simulated/trace-derived
a3-ep-kv,同向 KV,0,target,L2R,41.000000,41.250000,41.125000,2333.000000,74.656000,74.656000,100.000000,0.250000,ns3-simulated/trace-derived
a3-ep-kv,同向 KV,0,target,L2R,41.250000,41.500000,41.375000,0.000000,0.000000,0.000000,100.000000,0.250000,ns3-simulated/trace-derived
a3-ep-kv,同向 KV,0,target,L2R,41.500000,41.750000,41.625000,2868.000000,91.776000,91.776000,100.000000,0.250000,ns3-simulated/trace-derived
a3-ep-kv,同向 KV,0,target,L2R,41.750000,42.000000,41.875000,1306.000000,41.792000,41.792000,100.000000,0.250000,ns3-simulated/trace-derived
a3-ep-kv,同向 KV,0,target,L2R,42.000000,42.250000,42.125000,770.000000,24.640000,24.640000,100.000000,0.250000,ns3-simulated/trace-derived
a3-ep-kv,同向 KV,0,target,L2R,42.250000,42.500000,42.375000,3125.000000,100.000000,100.000000,100.000000,0.250000,ns3-simulated/trace-derived
a3-ep-kv,同向 KV,0,target,L2R,42.500000,42.750000,42.625000,279.000000,8.928000,8.928000,100.000000,0.250000,ns3-simulated/trace-derived
a3-ep-kv,同向 KV,0,target,L2R,42.750000,43.000000,42.875000,1797.000000,57.504000,57.504000,100.000000,0.250000,ns3-simulated/trace-derived
a3-ep-kv,同向 KV,0,target,L2R,43.000000,43.250000,43.125000,2377.000000,76.064000,76.064000,100.000000,0.250000,ns3-simulated/trace-derived
a3-ep-kv,同向 KV,0,target,L2R,43.250000,43.500000,43.375000,0.000000,0.000000,0.000000,100.000000,0.250000,ns3-simulated/trace-derived
a3-ep-kv,同向 KV,0,target,L2R,43.500000,43.750000,43.625000,2824.000000,90.368000,90.368000,100.000000,0.250000,ns3-simulated/trace-derived
a3-ep-kv,同向 KV,0,target,L2R,43.750000,44.000000,43.875000,1350.000000,43.200000,43.200000,100.000000,0.250000,ns3-simulated/trace-derived
a3-ep-kv,同向 KV,0,target,L2R,44.000000,44.250000,44.125000,726.000000,23.232000,23.232000,100.000000,0.250000,ns3-simulated/trace-derived
a3-ep-kv,同向 KV,0,target,L2R,44.250000,44.500000,44.375000,3125.000000,100.000000,100.000000,100.000000,0.250000,ns3-simulated/trace-derived
a3-ep-kv,同向 KV,0,target,L2R,44.500000,44.750000,44.625000,323.000000,10.336000,10.336000,100.000000,0.250000,ns3-simulated/trace-derived
a3-ep-kv,同向 KV,0,target,L2R,44.750000,45.000000,44.875000,1753.000000,56.096000,56.096000,100.000000,0.250000,ns3-simulated/trace-derived
a3-ep-kv,同向 KV,0,target,L2R,45.000000,45.250000,45.125000,2421.000000,77.472000,77.472000,100.000000,0.250000,ns3-simulated/trace-derived
a3-ep-kv,同向 KV,0,target,L2R,45.250000,45.500000,45.375000,0.000000,0.000000,0.000000,100.000000,0.250000,ns3-simulated/trace-derived
a3-ep-kv,同向 KV,0,target,L2R,45.500000,45.750000,45.625000,0.000000,0.000000,0.000000,100.000000,0.250000,ns3-simulated/trace-derived
a3-ep-kv,同向 KV,0,target,L2R,45.750000,46.000000,45.875000,0.000000,0.000000,0.000000,100.000000,0.250000,ns3-simulated/trace-derived
a3-ep-kv,同向 KV,0,target,L2R,46.000000,46.250000,46.125000,0.000000,0.000000,0.000000,100.000000,0.250000,ns3-simulated/trace-derived
a3-ep-kv,同向 KV,0,target,L2R,46.250000,46.500000,46.375000,0.000000,0.000000,0.000000,100.000000,0.250000,ns3-simulated/trace-derived
a3-ep-kv,同向 KV,0,target,L2R,46.500000,46.750000,46.625000,0.000000,0.000000,0.000000,100.000000,0.250000,ns3-simulated/trace-derived
a3-ep-kv,同向 KV,0,target,L2R,46.750000,47.000000,46.875000,0.000000,0.000000,0.000000,100.000000,0.250000,ns3-simulated/trace-derived
a3-ep-kv,同向 KV,0,target,L2R,47.000000,47.250000,47.125000,0.000000,0.000000,0.000000,100.000000,0.250000,ns3-simulated/trace-derived
a3-ep-kv,同向 KV,0,target,L2R,47.250000,47.500000,47.375000,0.000000,0.000000,0.000000,100.000000,0.250000,ns3-simulated/trace-derived
a3-ep-kv,同向 KV,0,target,L2R,47.500000,47.750000,47.625000,0.000000,0.000000,0.000000,100.000000,0.250000,ns3-simulated/trace-derived
a3-ep-kv,同向 KV,0,target,L2R,47.750000,48.000000,47.875000,0.000000,0.000000,0.000000,100.000000,0.250000,ns3-simulated/trace-derived
a3-ep-kv,同向 KV,0,target,L2R,48.000000,48.250000,48.125000,0.000000,0.000000,0.000000,100.000000,0.250000,ns3-simulated/trace-derived
a3-ep-kv,同向 KV,0,target,L2R,48.250000,48.500000,48.375000,0.000000,0.000000,0.000000,100.000000,0.250000,ns3-simulated/trace-derived
a3-ep-kv,同向 KV,0,target,L2R,48.500000,48.750000,48.625000,0.000000,0.000000,0.000000,100.000000,0.250000,ns3-simulated/trace-derived
a3-ep-kv,同向 KV,0,target,L2R,48.750000,49.000000,48.875000,0.000000,0.000000,0.000000,100.000000,0.250000,ns3-simulated/trace-derived
a3-ep-kv,同向 KV,0,target,L2R,49.000000,49.250000,49.125000,0.000000,0.000000,0.000000,100.000000,0.250000,ns3-simulated/trace-derived
a3-ep-kv,同向 KV,0,target,L2R,49.250000,49.500000,49.375000,0.000000,0.000000,0.000000,100.000000,0.250000,ns3-simulated/trace-derived
a3-ep-kv,同向 KV,0,target,L2R,49.500000,49.750000,49.625000,0.000000,0.000000,0.000000,100.000000,0.250000,ns3-simulated/trace-derived
a3-ep-kv,同向 KV,0,target,L2R,49.750000,50.000000,49.875000,0.000000,0.000000,0.000000,100.000000,0.250000,ns3-simulated/trace-derived
a3-ep-kv,同向 KV,0,target,L2R,50.000000,50.250000,50.125000,0.000000,0.000000,0.000000,100.000000,0.250000,ns3-simulated/trace-derived
a3-ep-kv,同向 KV,0,target,L2R,50.250000,50.500000,50.375000,0.000000,0.000000,0.000000,100.000000,0.250000,ns3-simulated/trace-derived
a3-ep-kv,同向 KV,0,target,L2R,50.500000,50.750000,50.625000,0.000000,0.000000,0.000000,100.000000,0.250000,ns3-simulated/trace-derived
a3-ep-kv,同向 KV,0,target,L2R,50.750000,51.000000,50.875000,0.000000,0.000000,0.000000,100.000000,0.250000,ns3-simulated/trace-derived
a3-ep-kv,同向 KV,0,target,L2R,51.000000,51.250000,51.125000,0.000000,0.000000,0.000000,100.000000,0.250000,ns3-simulated/trace-derived
a3-ep-kv,同向 KV,0,target,L2R,51.250000,51.500000,51.375000,0.000000,0.000000,0.000000,100.000000,0.250000,ns3-simulated/trace-derived
a3-ep-kv,同向 KV,0,target,L2R,51.500000,51.750000,51.625000,0.000000,0.000000,0.000000,100.000000,0.250000,ns3-simulated/trace-derived
a3-ep-kv,同向 KV,0,target,L2R,51.750000,52.000000,51.875000,0.000000,0.000000,0.000000,100.000000,0.250000,ns3-simulated/trace-derived
a3-ep-kv,同向 KV,0,target,L2R,52.000000,52.250000,52.125000,0.000000,0.000000,0.000000,100.000000,0.250000,ns3-simulated/trace-derived
a3-ep-kv,同向 KV,0,target,L2R,52.250000,52.500000,52.375000,0.000000,0.000000,0.000000,100.000000,0.250000,ns3-simulated/trace-derived
a3-ep-kv,同向 KV,0,target,L2R,52.500000,52.750000,52.625000,0.000000,0.000000,0.000000,100.000000,0.250000,ns3-simulated/trace-derived
a3-ep-kv,同向 KV,0,target,L2R,52.750000,53.000000,52.875000,0.000000,0.000000,0.000000,100.000000,0.250000,ns3-simulated/trace-derived
a3-ep-kv,同向 KV,0,target,L2R,53.000000,53.250000,53.125000,0.000000,0.000000,0.000000,100.000000,0.250000,ns3-simulated/trace-derived
a3-ep-kv,同向 KV,0,target,L2R,53.250000,53.500000,53.375000,0.000000,0.000000,0.000000,100.000000,0.250000,ns3-simulated/trace-derived
a3-ep-kv,同向 KV,0,target,L2R,53.500000,53.750000,53.625000,0.000000,0.000000,0.000000,100.000000,0.250000,ns3-simulated/trace-derived
a3-ep-kv,同向 KV,0,target,L2R,53.750000,54.000000,53.875000,0.000000,0.000000,0.000000,100.000000,0.250000,ns3-simulated/trace-derived
a3-ep-kv,同向 KV,0,target,L2R,54.000000,54.250000,54.125000,0.000000,0.000000,0.000000,100.000000,0.250000,ns3-simulated/trace-derived
a3-ep-kv,同向 KV,0,target,L2R,54.250000,54.500000,54.375000,0.000000,0.000000,0.000000,100.000000,0.250000,ns3-simulated/trace-derived
a3-ep-kv,同向 KV,0,target,L2R,54.500000,54.750000,54.625000,0.000000,0.000000,0.000000,100.000000,0.250000,ns3-simulated/trace-derived
a3-ep-kv,同向 KV,0,target,L2R,54.750000,55.000000,54.875000,0.000000,0.000000,0.000000,100.000000,0.250000,ns3-simulated/trace-derived
a3-ep-kv,同向 KV,0,target,L2R,55.000000,55.250000,55.125000,0.000000,0.000000,0.000000,100.000000,0.250000,ns3-simulated/trace-derived
a3-ep-kv,同向 KV,0,target,L2R,55.250000,55.500000,55.375000,0.000000,0.000000,0.000000,100.000000,0.250000,ns3-simulated/trace-derived
a3-ep-kv,同向 KV,0,target,L2R,55.500000,55.750000,55.625000,0.000000,0.000000,0.000000,100.000000,0.250000,ns3-simulated/trace-derived
a3-ep-kv,同向 KV,0,target,L2R,55.750000,56.000000,55.875000,0.000000,0.000000,0.000000,100.000000,0.250000,ns3-simulated/trace-derived
a3-ep-kv,同向 KV,0,target,L2R,56.000000,56.250000,56.125000,0.000000,0.000000,0.000000,100.000000,0.250000,ns3-simulated/trace-derived
a3-ep-kv,同向 KV,0,target,L2R,56.250000,56.500000,56.375000,0.000000,0.000000,0.000000,100.000000,0.250000,ns3-simulated/trace-derived
a3-ep-kv,同向 KV,0,target,L2R,56.500000,56.750000,56.625000,0.000000,0.000000,0.000000,100.000000,0.250000,ns3-simulated/trace-derived
a3-ep-kv,同向 KV,0,target,L2R,56.750000,57.000000,56.875000,0.000000,0.000000,0.000000,100.000000,0.250000,ns3-simulated/trace-derived
a3-ep-kv,同向 KV,0,target,L2R,57.000000,57.250000,57.125000,0.000000,0.000000,0.000000,100.000000,0.250000,ns3-simulated/trace-derived
a3-ep-kv,同向 KV,0,target,L2R,57.250000,57.500000,57.375000,0.000000,0.000000,0.000000,100.000000,0.250000,ns3-simulated/trace-derived
a3-ep-kv,同向 KV,0,target,L2R,57.500000,57.750000,57.625000,0.000000,0.000000,0.000000,100.000000,0.250000,ns3-simulated/trace-derived
a3-ep-kv,同向 KV,0,target,L2R,57.750000,58.000000,57.875000,0.000000,0.000000,0.000000,100.000000,0.250000,ns3-simulated/trace-derived
a3-ep-kv,同向 KV,0,target,L2R,58.000000,58.250000,58.125000,0.000000,0.000000,0.000000,100.000000,0.250000,ns3-simulated/trace-derived
a3-ep-kv,同向 KV,0,target,L2R,58.250000,58.500000,58.375000,0.000000,0.000000,0.000000,100.000000,0.250000,ns3-simulated/trace-derived
a3-ep-kv,同向 KV,0,target,L2R,58.500000,58.750000,58.625000,0.000000,0.000000,0.000000,100.000000,0.250000,ns3-simulated/trace-derived
a3-ep-kv,同向 KV,0,target,L2R,58.750000,59.000000,58.875000,0.000000,0.000000,0.000000,100.000000,0.250000,ns3-simulated/trace-derived
a3-ep-kv,同向 KV,0,target,L2R,59.000000,59.250000,59.125000,0.000000,0.000000,0.000000,100.000000,0.250000,ns3-simulated/trace-derived
a3-ep-kv,同向 KV,0,target,L2R,59.250000,59.500000,59.375000,0.000000,0.000000,0.000000,100.000000,0.250000,ns3-simulated/trace-derived
a3-ep-kv,同向 KV,0,target,L2R,59.500000,59.750000,59.625000,0.000000,0.000000,0.000000,100.000000,0.250000,ns3-simulated/trace-derived
a3-ep-kv,同向 KV,0,target,L2R,59.750000,60.000000,59.875000,0.000000,0.000000,0.000000,100.000000,0.250000,ns3-simulated/trace-derived
a3-ep-kv,同向 KV,0,target,L2R,60.000000,60.250000,60.125000,0.000000,0.000000,0.000000,100.000000,0.250000,ns3-simulated/trace-derived
a3-ep-kv,同向 KV,0,target,L2R,60.250000,60.500000,60.375000,0.000000,0.000000,0.000000,100.000000,0.250000,ns3-simulated/trace-derived
a3-ep-kv,同向 KV,0,target,L2R,60.500000,60.750000,60.625000,0.000000,0.000000,0.000000,100.000000,0.250000,ns3-simulated/trace-derived
a3-ep-kv,同向 KV,0,target,L2R,60.750000,61.000000,60.875000,0.000000,0.000000,0.000000,100.000000,0.250000,ns3-simulated/trace-derived
a3-ep-kv,同向 KV,0,target,L2R,61.000000,61.250000,61.125000,0.000000,0.000000,0.000000,100.000000,0.250000,ns3-simulated/trace-derived
a3-ep-kv,同向 KV,0,target,L2R,61.250000,61.500000,61.375000,0.000000,0.000000,0.000000,100.000000,0.250000,ns3-simulated/trace-derived
a3-ep-kv,同向 KV,0,target,L2R,61.500000,61.750000,61.625000,0.000000,0.000000,0.000000,100.000000,0.250000,ns3-simulated/trace-derived
a3-ep-kv,同向 KV,0,target,L2R,61.750000,62.000000,61.875000,0.000000,0.000000,0.000000,100.000000,0.250000,ns3-simulated/trace-derived
a3-ep-kv,同向 KV,0,target,L2R,62.000000,62.250000,62.125000,0.000000,0.000000,0.000000,100.000000,0.250000,ns3-simulated/trace-derived
a3-ep-kv,同向 KV,0,target,L2R,62.250000,62.500000,62.375000,0.000000,0.000000,0.000000,100.000000,0.250000,ns3-simulated/trace-derived
a3-ep-kv,同向 KV,0,target,L2R,62.500000,62.750000,62.625000,0.000000,0.000000,0.000000,100.000000,0.250000,ns3-simulated/trace-derived
a3-ep-kv,同向 KV,0,target,L2R,62.750000,63.000000,62.875000,0.000000,0.000000,0.000000,100.000000,0.250000,ns3-simulated/trace-derived
a3-ep-kv,同向 KV,0,target,L2R,63.000000,63.250000,63.125000,0.000000,0.000000,0.000000,100.000000,0.250000,ns3-simulated/trace-derived
a3-ep-kv,同向 KV,0,target,L2R,63.250000,63.500000,63.375000,0.000000,0.000000,0.000000,100.000000,0.250000,ns3-simulated/trace-derived
a3-ep-kv,同向 KV,0,target,L2R,63.500000,63.750000,63.625000,0.000000,0.000000,0.000000,100.000000,0.250000,ns3-simulated/trace-derived
a3-ep-kv,同向 KV,0,target,L2R,63.750000,64.000000,63.875000,0.000000,0.000000,0.000000,100.000000,0.250000,ns3-simulated/trace-derived
a3-ep-kv,同向 KV,0,target,L2R,64.000000,64.250000,64.125000,0.000000,0.000000,0.000000,100.000000,0.250000,ns3-simulated/trace-derived
a3-ep-kv,同向 KV,0,target,L2R,64.250000,64.500000,64.375000,0.000000,0.000000,0.000000,100.000000,0.250000,ns3-simulated/trace-derived
a3-ep-kv,同向 KV,0,target,L2R,64.500000,64.750000,64.625000,0.000000,0.000000,0.000000,100.000000,0.250000,ns3-simulated/trace-derived
a3-ep-kv,同向 KV,0,target,L2R,64.750000,65.000000,64.875000,0.000000,0.000000,0.000000,100.000000,0.250000,ns3-simulated/trace-derived
a3-ep-kv,同向 KV,0,target,L2R,65.000000,65.250000,65.125000,0.000000,0.000000,0.000000,100.000000,0.250000,ns3-simulated/trace-derived
a3-ep-kv,同向 KV,0,target,L2R,65.250000,65.500000,65.375000,0.000000,0.000000,0.000000,100.000000,0.250000,ns3-simulated/trace-derived
a3-ep-kv,同向 KV,0,target,L2R,65.500000,65.750000,65.625000,0.000000,0.000000,0.000000,100.000000,0.250000,ns3-simulated/trace-derived
a3-ep-kv,同向 KV,0,target,L2R,65.750000,66.000000,65.875000,0.000000,0.000000,0.000000,100.000000,0.250000,ns3-simulated/trace-derived
a3-ep-kv,同向 KV,0,target,L2R,66.000000,66.250000,66.125000,0.000000,0.000000,0.000000,100.000000,0.250000,ns3-simulated/trace-derived
a3-ep-kv,同向 KV,0,target,L2R,66.250000,66.500000,66.375000,0.000000,0.000000,0.000000,100.000000,0.250000,ns3-simulated/trace-derived
a3-ep-kv,同向 KV,0,target,L2R,66.500000,66.750000,66.625000,0.000000,0.000000,0.000000,100.000000,0.250000,ns3-simulated/trace-derived
a3-ep-kv,同向 KV,0,target,L2R,66.750000,67.000000,66.875000,0.000000,0.000000,0.000000,100.000000,0.250000,ns3-simulated/trace-derived
a3-ep-kv,同向 KV,0,target,L2R,67.000000,67.250000,67.125000,0.000000,0.000000,0.000000,100.000000,0.250000,ns3-simulated/trace-derived
a3-ep-kv,同向 KV,0,target,L2R,67.250000,67.500000,67.375000,0.000000,0.000000,0.000000,100.000000,0.250000,ns3-simulated/trace-derived
a3-ep-kv,同向 KV,0,target,L2R,67.500000,67.750000,67.625000,0.000000,0.000000,0.000000,100.000000,0.250000,ns3-simulated/trace-derived
a3-ep-kv,同向 KV,0,target,L2R,67.750000,68.000000,67.875000,0.000000,0.000000,0.000000,100.000000,0.250000,ns3-simulated/trace-derived
a3-ep-kv,同向 KV,0,target,L2R,68.000000,68.250000,68.125000,0.000000,0.000000,0.000000,100.000000,0.250000,ns3-simulated/trace-derived
a3-ep-kv,同向 KV,0,target,L2R,68.250000,68.500000,68.375000,0.000000,0.000000,0.000000,100.000000,0.250000,ns3-simulated/trace-derived
a3-ep-kv,同向 KV,0,target,L2R,68.500000,68.750000,68.625000,0.000000,0.000000,0.000000,100.000000,0.250000,ns3-simulated/trace-derived
a3-ep-kv,同向 KV,0,target,L2R,68.750000,69.000000,68.875000,0.000000,0.000000,0.000000,100.000000,0.250000,ns3-simulated/trace-derived
a3-ep-kv,同向 KV,0,target,L2R,69.000000,69.250000,69.125000,0.000000,0.000000,0.000000,100.000000,0.250000,ns3-simulated/trace-derived
a3-ep-kv,同向 KV,0,target,L2R,69.250000,69.500000,69.375000,0.000000,0.000000,0.000000,100.000000,0.250000,ns3-simulated/trace-derived
a3-ep-kv,同向 KV,0,target,L2R,69.500000,69.750000,69.625000,0.000000,0.000000,0.000000,100.000000,0.250000,ns3-simulated/trace-derived
a3-ep-kv,同向 KV,0,target,L2R,69.750000,70.000000,69.875000,0.000000,0.000000,0.000000,100.000000,0.250000,ns3-simulated/trace-derived
a3-ep-kv,同向 KV,0,target,L2R,70.000000,70.250000,70.125000,0.000000,0.000000,0.000000,100.000000,0.250000,ns3-simulated/trace-derived
a3-ep-kv,同向 KV,1,kv_competitor,L2R,0.000000,0.250000,0.125000,0.000000,0.000000,0.000000,100.000000,0.250000,ns3-simulated/trace-derived
a3-ep-kv,同向 KV,1,kv_competitor,L2R,0.250000,0.500000,0.375000,645.000000,20.640000,20.640000,100.000000,0.250000,ns3-simulated/trace-derived
a3-ep-kv,同向 KV,1,kv_competitor,L2R,0.500000,0.750000,0.625000,3125.000000,100.000000,100.000000,100.000000,0.250000,ns3-simulated/trace-derived
a3-ep-kv,同向 KV,1,kv_competitor,L2R,0.750000,1.000000,0.875000,404.000000,12.928000,12.928000,100.000000,0.250000,ns3-simulated/trace-derived
a3-ep-kv,同向 KV,1,kv_competitor,L2R,1.000000,1.250000,1.125000,1672.000000,53.504000,53.504000,100.000000,0.250000,ns3-simulated/trace-derived
a3-ep-kv,同向 KV,1,kv_competitor,L2R,1.250000,1.500000,1.375000,2502.000000,80.064000,80.064000,100.000000,0.250000,ns3-simulated/trace-derived
a3-ep-kv,同向 KV,1,kv_competitor,L2R,1.500000,1.750000,1.625000,0.000000,0.000000,0.000000,100.000000,0.250000,ns3-simulated/trace-derived
a3-ep-kv,同向 KV,1,kv_competitor,L2R,1.750000,2.000000,1.875000,2699.000000,86.368000,86.368000,100.000000,0.250000,ns3-simulated/trace-derived
a3-ep-kv,同向 KV,1,kv_competitor,L2R,2.000000,2.250000,2.125000,1475.000000,47.200000,47.200000,100.000000,0.250000,ns3-simulated/trace-derived
a3-ep-kv,同向 KV,1,kv_competitor,L2R,2.250000,2.500000,2.375000,601.000000,19.232000,19.232000,100.000000,0.250000,ns3-simulated/trace-derived
a3-ep-kv,同向 KV,1,kv_competitor,L2R,2.500000,2.750000,2.625000,3125.000000,100.000000,100.000000,100.000000,0.250000,ns3-simulated/trace-derived
a3-ep-kv,同向 KV,1,kv_competitor,L2R,2.750000,3.000000,2.875000,448.000000,14.336000,14.336000,100.000000,0.250000,ns3-simulated/trace-derived
a3-ep-kv,同向 KV,1,kv_competitor,L2R,3.000000,3.250000,3.125000,1628.000000,52.096000,52.096000,100.000000,0.250000,ns3-simulated/trace-derived
a3-ep-kv,同向 KV,1,kv_competitor,L2R,3.250000,3.500000,3.375000,2546.000000,81.472000,81.472000,100.000000,0.250000,ns3-simulated/trace-derived
a3-ep-kv,同向 KV,1,kv_competitor,L2R,3.500000,3.750000,3.625000,0.000000,0.000000,0.000000,100.000000,0.250000,ns3-simulated/trace-derived
a3-ep-kv,同向 KV,1,kv_competitor,L2R,3.750000,4.000000,3.875000,2655.000000,84.960000,84.960000,100.000000,0.250000,ns3-simulated/trace-derived
a3-ep-kv,同向 KV,1,kv_competitor,L2R,4.000000,4.250000,4.125000,1519.000000,48.608000,48.608000,100.000000,0.250000,ns3-simulated/trace-derived
a3-ep-kv,同向 KV,1,kv_competitor,L2R,4.250000,4.500000,4.375000,557.000000,17.824000,17.824000,100.000000,0.250000,ns3-simulated/trace-derived
a3-ep-kv,同向 KV,1,kv_competitor,L2R,4.500000,4.750000,4.625000,3125.000000,100.000000,100.000000,100.000000,0.250000,ns3-simulated/trace-derived
a3-ep-kv,同向 KV,1,kv_competitor,L2R,4.750000,5.000000,4.875000,492.000000,15.744000,15.744000,100.000000,0.250000,ns3-simulated/trace-derived
a3-ep-kv,同向 KV,1,kv_competitor,L2R,5.000000,5.250000,5.125000,1584.000000,50.688000,50.688000,100.000000,0.250000,ns3-simulated/trace-derived
a3-ep-kv,同向 KV,1,kv_competitor,L2R,5.250000,5.500000,5.375000,2590.000000,82.880000,82.880000,100.000000,0.250000,ns3-simulated/trace-derived
a3-ep-kv,同向 KV,1,kv_competitor,L2R,5.500000,5.750000,5.625000,0.000000,0.000000,0.000000,100.000000,0.250000,ns3-simulated/trace-derived
a3-ep-kv,同向 KV,1,kv_competitor,L2R,5.750000,6.000000,5.875000,2611.000000,83.552000,83.552000,100.000000,0.250000,ns3-simulated/trace-derived
a3-ep-kv,同向 KV,1,kv_competitor,L2R,6.000000,6.250000,6.125000,1563.000000,50.016000,50.016000,100.000000,0.250000,ns3-simulated/trace-derived
a3-ep-kv,同向 KV,1,kv_competitor,L2R,6.250000,6.500000,6.375000,513.000000,16.416000,16.416000,100.000000,0.250000,ns3-simulated/trace-derived
a3-ep-kv,同向 KV,1,kv_competitor,L2R,6.500000,6.750000,6.625000,3125.000000,100.000000,100.000000,100.000000,0.250000,ns3-simulated/trace-derived
a3-ep-kv,同向 KV,1,kv_competitor,L2R,6.750000,7.000000,6.875000,536.000000,17.152000,17.152000,100.000000,0.250000,ns3-simulated/trace-derived
a3-ep-kv,同向 KV,1,kv_competitor,L2R,7.000000,7.250000,7.125000,1540.000000,49.280000,49.280000,100.000000,0.250000,ns3-simulated/trace-derived
a3-ep-kv,同向 KV,1,kv_competitor,L2R,7.250000,7.500000,7.375000,2634.000000,84.288000,84.288000,100.000000,0.250000,ns3-simulated/trace-derived
a3-ep-kv,同向 KV,1,kv_competitor,L2R,7.500000,7.750000,7.625000,0.000000,0.000000,0.000000,100.000000,0.250000,ns3-simulated/trace-derived
a3-ep-kv,同向 KV,1,kv_competitor,L2R,7.750000,8.000000,7.875000,2567.000000,82.144000,82.144000,100.000000,0.250000,ns3-simulated/trace-derived
a3-ep-kv,同向 KV,1,kv_competitor,L2R,8.000000,8.250000,8.125000,1607.000000,51.424000,51.424000,100.000000,0.250000,ns3-simulated/trace-derived
a3-ep-kv,同向 KV,1,kv_competitor,L2R,8.250000,8.500000,8.375000,469.000000,15.008000,15.008000,100.000000,0.250000,ns3-simulated/trace-derived
a3-ep-kv,同向 KV,1,kv_competitor,L2R,8.500000,8.750000,8.625000,3125.000000,100.000000,100.000000,100.000000,0.250000,ns3-simulated/trace-derived
a3-ep-kv,同向 KV,1,kv_competitor,L2R,8.750000,9.000000,8.875000,580.000000,18.560000,18.560000,100.000000,0.250000,ns3-simulated/trace-derived
a3-ep-kv,同向 KV,1,kv_competitor,L2R,9.000000,9.250000,9.125000,1496.000000,47.872000,47.872000,100.000000,0.250000,ns3-simulated/trace-derived
a3-ep-kv,同向 KV,1,kv_competitor,L2R,9.250000,9.500000,9.375000,2678.000000,85.696000,85.696000,100.000000,0.250000,ns3-simulated/trace-derived
a3-ep-kv,同向 KV,1,kv_competitor,L2R,9.500000,9.750000,9.625000,0.000000,0.000000,0.000000,100.000000,0.250000,ns3-simulated/trace-derived
a3-ep-kv,同向 KV,1,kv_competitor,L2R,9.750000,10.000000,9.875000,2523.000000,80.736000,80.736000,100.000000,0.250000,ns3-simulated/trace-derived
a3-ep-kv,同向 KV,1,kv_competitor,L2R,10.000000,10.250000,10.125000,1651.000000,52.832000,52.832000,100.000000,0.250000,ns3-simulated/trace-derived
a3-ep-kv,同向 KV,1,kv_competitor,L2R,10.250000,10.500000,10.375000,425.000000,13.600000,13.600000,100.000000,0.250000,ns3-simulated/trace-derived
a3-ep-kv,同向 KV,1,kv_competitor,L2R,10.500000,10.750000,10.625000,3125.000000,100.000000,100.000000,100.000000,0.250000,ns3-simulated/trace-derived
a3-ep-kv,同向 KV,1,kv_competitor,L2R,10.750000,11.000000,10.875000,624.000000,19.968000,19.968000,100.000000,0.250000,ns3-simulated/trace-derived
a3-ep-kv,同向 KV,1,kv_competitor,L2R,11.000000,11.250000,11.125000,1452.000000,46.464000,46.464000,100.000000,0.250000,ns3-simulated/trace-derived
a3-ep-kv,同向 KV,1,kv_competitor,L2R,11.250000,11.500000,11.375000,2722.000000,87.104000,87.104000,100.000000,0.250000,ns3-simulated/trace-derived
a3-ep-kv,同向 KV,1,kv_competitor,L2R,11.500000,11.750000,11.625000,0.000000,0.000000,0.000000,100.000000,0.250000,ns3-simulated/trace-derived
a3-ep-kv,同向 KV,1,kv_competitor,L2R,11.750000,12.000000,11.875000,2479.000000,79.328000,79.328000,100.000000,0.250000,ns3-simulated/trace-derived
a3-ep-kv,同向 KV,1,kv_competitor,L2R,12.000000,12.250000,12.125000,1695.000000,54.240000,54.240000,100.000000,0.250000,ns3-simulated/trace-derived
a3-ep-kv,同向 KV,1,kv_competitor,L2R,12.250000,12.500000,12.375000,381.000000,12.192000,12.192000,100.000000,0.250000,ns3-simulated/trace-derived
a3-ep-kv,同向 KV,1,kv_competitor,L2R,12.500000,12.750000,12.625000,3125.000000,100.000000,100.000000,100.000000,0.250000,ns3-simulated/trace-derived
a3-ep-kv,同向 KV,1,kv_competitor,L2R,12.750000,13.000000,12.875000,668.000000,21.376000,21.376000,100.000000,0.250000,ns3-simulated/trace-derived
a3-ep-kv,同向 KV,1,kv_competitor,L2R,13.000000,13.250000,13.125000,1408.000000,45.056000,45.056000,100.000000,0.250000,ns3-simulated/trace-derived
a3-ep-kv,同向 KV,1,kv_competitor,L2R,13.250000,13.500000,13.375000,2766.000000,88.512000,88.512000,100.000000,0.250000,ns3-simulated/trace-derived
a3-ep-kv,同向 KV,1,kv_competitor,L2R,13.500000,13.750000,13.625000,0.000000,0.000000,0.000000,100.000000,0.250000,ns3-simulated/trace-derived
a3-ep-kv,同向 KV,1,kv_competitor,L2R,13.750000,14.000000,13.875000,2435.000000,77.920000,77.920000,100.000000,0.250000,ns3-simulated/trace-derived
a3-ep-kv,同向 KV,1,kv_competitor,L2R,14.000000,14.250000,14.125000,1739.000000,55.648000,55.648000,100.000000,0.250000,ns3-simulated/trace-derived
a3-ep-kv,同向 KV,1,kv_competitor,L2R,14.250000,14.500000,14.375000,337.000000,10.784000,10.784000,100.000000,0.250000,ns3-simulated/trace-derived
a3-ep-kv,同向 KV,1,kv_competitor,L2R,14.500000,14.750000,14.625000,3125.000000,100.000000,100.000000,100.000000,0.250000,ns3-simulated/trace-derived
a3-ep-kv,同向 KV,1,kv_competitor,L2R,14.750000,15.000000,14.875000,712.000000,22.784000,22.784000,100.000000,0.250000,ns3-simulated/trace-derived
a3-ep-kv,同向 KV,1,kv_competitor,L2R,15.000000,15.250000,15.125000,1364.000000,43.648000,43.648000,100.000000,0.250000,ns3-simulated/trace-derived
a3-ep-kv,同向 KV,1,kv_competitor,L2R,15.250000,15.500000,15.375000,2810.000000,89.920000,89.920000,100.000000,0.250000,ns3-simulated/trace-derived
a3-ep-kv,同向 KV,1,kv_competitor,L2R,15.500000,15.750000,15.625000,0.000000,0.000000,0.000000,100.000000,0.250000,ns3-simulated/trace-derived
a3-ep-kv,同向 KV,1,kv_competitor,L2R,15.750000,16.000000,15.875000,2391.000000,76.512000,76.512000,100.000000,0.250000,ns3-simulated/trace-derived
a3-ep-kv,同向 KV,1,kv_competitor,L2R,16.000000,16.250000,16.125000,1783.000000,57.056000,57.056000,100.000000,0.250000,ns3-simulated/trace-derived
a3-ep-kv,同向 KV,1,kv_competitor,L2R,16.250000,16.500000,16.375000,293.000000,9.376000,9.376000,100.000000,0.250000,ns3-simulated/trace-derived
a3-ep-kv,同向 KV,1,kv_competitor,L2R,16.500000,16.750000,16.625000,3125.000000,100.000000,100.000000,100.000000,0.250000,ns3-simulated/trace-derived
a3-ep-kv,同向 KV,1,kv_competitor,L2R,16.750000,17.000000,16.875000,756.000000,24.192000,24.192000,100.000000,0.250000,ns3-simulated/trace-derived
a3-ep-kv,同向 KV,1,kv_competitor,L2R,17.000000,17.250000,17.125000,1320.000000,42.240000,42.240000,100.000000,0.250000,ns3-simulated/trace-derived
a3-ep-kv,同向 KV,1,kv_competitor,L2R,17.250000,17.500000,17.375000,2854.000000,91.328000,91.328000,100.000000,0.250000,ns3-simulated/trace-derived
a3-ep-kv,同向 KV,1,kv_competitor,L2R,17.500000,17.750000,17.625000,0.000000,0.000000,0.000000,100.000000,0.250000,ns3-simulated/trace-derived
a3-ep-kv,同向 KV,1,kv_competitor,L2R,17.750000,18.000000,17.875000,2347.000000,75.104000,75.104000,100.000000,0.250000,ns3-simulated/trace-derived
a3-ep-kv,同向 KV,1,kv_competitor,L2R,18.000000,18.250000,18.125000,1827.000000,58.464000,58.464000,100.000000,0.250000,ns3-simulated/trace-derived
a3-ep-kv,同向 KV,1,kv_competitor,L2R,18.250000,18.500000,18.375000,249.000000,7.968000,7.968000,100.000000,0.250000,ns3-simulated/trace-derived
a3-ep-kv,同向 KV,1,kv_competitor,L2R,18.500000,18.750000,18.625000,3125.000000,100.000000,100.000000,100.000000,0.250000,ns3-simulated/trace-derived
a3-ep-kv,同向 KV,1,kv_competitor,L2R,18.750000,19.000000,18.875000,800.000000,25.600000,25.600000,100.000000,0.250000,ns3-simulated/trace-derived
a3-ep-kv,同向 KV,1,kv_competitor,L2R,19.000000,19.250000,19.125000,1276.000000,40.832000,40.832000,100.000000,0.250000,ns3-simulated/trace-derived
a3-ep-kv,同向 KV,1,kv_competitor,L2R,19.250000,19.500000,19.375000,2898.000000,92.736000,92.736000,100.000000,0.250000,ns3-simulated/trace-derived
a3-ep-kv,同向 KV,1,kv_competitor,L2R,19.500000,19.750000,19.625000,0.000000,0.000000,0.000000,100.000000,0.250000,ns3-simulated/trace-derived
a3-ep-kv,同向 KV,1,kv_competitor,L2R,19.750000,20.000000,19.875000,2303.000000,73.696000,73.696000,100.000000,0.250000,ns3-simulated/trace-derived
a3-ep-kv,同向 KV,1,kv_competitor,L2R,20.000000,20.250000,20.125000,1871.000000,59.872000,59.872000,100.000000,0.250000,ns3-simulated/trace-derived
a3-ep-kv,同向 KV,1,kv_competitor,L2R,20.250000,20.500000,20.375000,205.000000,6.560000,6.560000,100.000000,0.250000,ns3-simulated/trace-derived
a3-ep-kv,同向 KV,1,kv_competitor,L2R,20.500000,20.750000,20.625000,3125.000000,100.000000,100.000000,100.000000,0.250000,ns3-simulated/trace-derived
a3-ep-kv,同向 KV,1,kv_competitor,L2R,20.750000,21.000000,20.875000,844.000000,27.008000,27.008000,100.000000,0.250000,ns3-simulated/trace-derived
a3-ep-kv,同向 KV,1,kv_competitor,L2R,21.000000,21.250000,21.125000,1232.000000,39.424000,39.424000,100.000000,0.250000,ns3-simulated/trace-derived
a3-ep-kv,同向 KV,1,kv_competitor,L2R,21.250000,21.500000,21.375000,2942.000000,94.144000,94.144000,100.000000,0.250000,ns3-simulated/trace-derived
a3-ep-kv,同向 KV,1,kv_competitor,L2R,21.500000,21.750000,21.625000,0.000000,0.000000,0.000000,100.000000,0.250000,ns3-simulated/trace-derived
a3-ep-kv,同向 KV,1,kv_competitor,L2R,21.750000,22.000000,21.875000,2259.000000,72.288000,72.288000,100.000000,0.250000,ns3-simulated/trace-derived
a3-ep-kv,同向 KV,1,kv_competitor,L2R,22.000000,22.250000,22.125000,1915.000000,61.280000,61.280000,100.000000,0.250000,ns3-simulated/trace-derived
a3-ep-kv,同向 KV,1,kv_competitor,L2R,22.250000,22.500000,22.375000,161.000000,5.152000,5.152000,100.000000,0.250000,ns3-simulated/trace-derived
a3-ep-kv,同向 KV,1,kv_competitor,L2R,22.500000,22.750000,22.625000,3125.000000,100.000000,100.000000,100.000000,0.250000,ns3-simulated/trace-derived
a3-ep-kv,同向 KV,1,kv_competitor,L2R,22.750000,23.000000,22.875000,888.000000,28.416000,28.416000,100.000000,0.250000,ns3-simulated/trace-derived
a3-ep-kv,同向 KV,1,kv_competitor,L2R,23.000000,23.250000,23.125000,1188.000000,38.016000,38.016000,100.000000,0.250000,ns3-simulated/trace-derived
a3-ep-kv,同向 KV,1,kv_competitor,L2R,23.250000,23.500000,23.375000,2986.000000,95.552000,95.552000,100.000000,0.250000,ns3-simulated/trace-derived
a3-ep-kv,同向 KV,1,kv_competitor,L2R,23.500000,23.750000,23.625000,0.000000,0.000000,0.000000,100.000000,0.250000,ns3-simulated/trace-derived
a3-ep-kv,同向 KV,1,kv_competitor,L2R,23.750000,24.000000,23.875000,2215.000000,70.880000,70.880000,100.000000,0.250000,ns3-simulated/trace-derived
a3-ep-kv,同向 KV,1,kv_competitor,L2R,24.000000,24.250000,24.125000,1959.000000,62.688000,62.688000,100.000000,0.250000,ns3-simulated/trace-derived
a3-ep-kv,同向 KV,1,kv_competitor,L2R,24.250000,24.500000,24.375000,117.000000,3.744000,3.744000,100.000000,0.250000,ns3-simulated/trace-derived
a3-ep-kv,同向 KV,1,kv_competitor,L2R,24.500000,24.750000,24.625000,3125.000000,100.000000,100.000000,100.000000,0.250000,ns3-simulated/trace-derived
a3-ep-kv,同向 KV,1,kv_competitor,L2R,24.750000,25.000000,24.875000,932.000000,29.824000,29.824000,100.000000,0.250000,ns3-simulated/trace-derived
a3-ep-kv,同向 KV,1,kv_competitor,L2R,25.000000,25.250000,25.125000,1144.000000,36.608000,36.608000,100.000000,0.250000,ns3-simulated/trace-derived
a3-ep-kv,同向 KV,1,kv_competitor,L2R,25.250000,25.500000,25.375000,3030.000000,96.960000,96.960000,100.000000,0.250000,ns3-simulated/trace-derived
a3-ep-kv,同向 KV,1,kv_competitor,L2R,25.500000,25.750000,25.625000,0.000000,0.000000,0.000000,100.000000,0.250000,ns3-simulated/trace-derived
a3-ep-kv,同向 KV,1,kv_competitor,L2R,25.750000,26.000000,25.875000,2171.000000,69.472000,69.472000,100.000000,0.250000,ns3-simulated/trace-derived
a3-ep-kv,同向 KV,1,kv_competitor,L2R,26.000000,26.250000,26.125000,2003.000000,64.096000,64.096000,100.000000,0.250000,ns3-simulated/trace-derived
a3-ep-kv,同向 KV,1,kv_competitor,L2R,26.250000,26.500000,26.375000,73.000000,2.336000,2.336000,100.000000,0.250000,ns3-simulated/trace-derived
a3-ep-kv,同向 KV,1,kv_competitor,L2R,26.500000,26.750000,26.625000,3125.000000,100.000000,100.000000,100.000000,0.250000,ns3-simulated/trace-derived
a3-ep-kv,同向 KV,1,kv_competitor,L2R,26.750000,27.000000,26.875000,976.000000,31.232000,31.232000,100.000000,0.250000,ns3-simulated/trace-derived
a3-ep-kv,同向 KV,1,kv_competitor,L2R,27.000000,27.250000,27.125000,1100.000000,35.200000,35.200000,100.000000,0.250000,ns3-simulated/trace-derived
a3-ep-kv,同向 KV,1,kv_competitor,L2R,27.250000,27.500000,27.375000,3074.000000,98.368000,98.368000,100.000000,0.250000,ns3-simulated/trace-derived
a3-ep-kv,同向 KV,1,kv_competitor,L2R,27.500000,27.750000,27.625000,0.000000,0.000000,0.000000,100.000000,0.250000,ns3-simulated/trace-derived
a3-ep-kv,同向 KV,1,kv_competitor,L2R,27.750000,28.000000,27.875000,2127.000000,68.064000,68.064000,100.000000,0.250000,ns3-simulated/trace-derived
a3-ep-kv,同向 KV,1,kv_competitor,L2R,28.000000,28.250000,28.125000,2047.000000,65.504000,65.504000,100.000000,0.250000,ns3-simulated/trace-derived
a3-ep-kv,同向 KV,1,kv_competitor,L2R,28.250000,28.500000,28.375000,29.000000,0.928000,0.928000,100.000000,0.250000,ns3-simulated/trace-derived
a3-ep-kv,同向 KV,1,kv_competitor,L2R,28.500000,28.750000,28.625000,3125.000000,100.000000,100.000000,100.000000,0.250000,ns3-simulated/trace-derived
a3-ep-kv,同向 KV,1,kv_competitor,L2R,28.750000,29.000000,28.875000,1020.000000,32.640000,32.640000,100.000000,0.250000,ns3-simulated/trace-derived
a3-ep-kv,同向 KV,1,kv_competitor,L2R,29.000000,29.250000,29.125000,1056.000000,33.792000,33.792000,100.000000,0.250000,ns3-simulated/trace-derived
a3-ep-kv,同向 KV,1,kv_competitor,L2R,29.250000,29.500000,29.375000,3118.000000,99.776000,99.776000,100.000000,0.250000,ns3-simulated/trace-derived
a3-ep-kv,同向 KV,1,kv_competitor,L2R,29.500000,29.750000,29.625000,0.000000,0.000000,0.000000,100.000000,0.250000,ns3-simulated/trace-derived
a3-ep-kv,同向 KV,1,kv_competitor,L2R,29.750000,30.000000,29.875000,2083.000000,66.656000,66.656000,100.000000,0.250000,ns3-simulated/trace-derived
a3-ep-kv,同向 KV,1,kv_competitor,L2R,30.000000,30.250000,30.125000,2091.000000,66.912000,66.912000,100.000000,0.250000,ns3-simulated/trace-derived
a3-ep-kv,同向 KV,1,kv_competitor,L2R,30.250000,30.500000,30.375000,0.000000,0.000000,0.000000,100.000000,0.250000,ns3-simulated/trace-derived
a3-ep-kv,同向 KV,1,kv_competitor,L2R,30.500000,30.750000,30.625000,3110.000000,99.520000,99.520000,100.000000,0.250000,ns3-simulated/trace-derived
a3-ep-kv,同向 KV,1,kv_competitor,L2R,30.750000,31.000000,30.875000,1064.000000,34.048000,34.048000,100.000000,0.250000,ns3-simulated/trace-derived
a3-ep-kv,同向 KV,1,kv_competitor,L2R,31.000000,31.250000,31.125000,1012.000000,32.384000,32.384000,100.000000,0.250000,ns3-simulated/trace-derived
a3-ep-kv,同向 KV,1,kv_competitor,L2R,31.250000,31.500000,31.375000,3125.000000,100.000000,100.000000,100.000000,0.250000,ns3-simulated/trace-derived
a3-ep-kv,同向 KV,1,kv_competitor,L2R,31.500000,31.750000,31.625000,37.000000,1.184000,1.184000,100.000000,0.250000,ns3-simulated/trace-derived
a3-ep-kv,同向 KV,1,kv_competitor,L2R,31.750000,32.000000,31.875000,2039.000000,65.248000,65.248000,100.000000,0.250000,ns3-simulated/trace-derived
a3-ep-kv,同向 KV,1,kv_competitor,L2R,32.000000,32.250000,32.125000,2135.000000,68.320000,68.320000,100.000000,0.250000,ns3-simulated/trace-derived
a3-ep-kv,同向 KV,1,kv_competitor,L2R,32.250000,32.500000,32.375000,0.000000,0.000000,0.000000,100.000000,0.250000,ns3-simulated/trace-derived
a3-ep-kv,同向 KV,1,kv_competitor,L2R,32.500000,32.750000,32.625000,3066.000000,98.112000,98.112000,100.000000,0.250000,ns3-simulated/trace-derived
a3-ep-kv,同向 KV,1,kv_competitor,L2R,32.750000,33.000000,32.875000,1108.000000,35.456000,35.456000,100.000000,0.250000,ns3-simulated/trace-derived
a3-ep-kv,同向 KV,1,kv_competitor,L2R,33.000000,33.250000,33.125000,968.000000,30.976000,30.976000,100.000000,0.250000,ns3-simulated/trace-derived
a3-ep-kv,同向 KV,1,kv_competitor,L2R,33.250000,33.500000,33.375000,3125.000000,100.000000,100.000000,100.000000,0.250000,ns3-simulated/trace-derived
a3-ep-kv,同向 KV,1,kv_competitor,L2R,33.500000,33.750000,33.625000,81.000000,2.592000,2.592000,100.000000,0.250000,ns3-simulated/trace-derived
a3-ep-kv,同向 KV,1,kv_competitor,L2R,33.750000,34.000000,33.875000,1995.000000,63.840000,63.840000,100.000000,0.250000,ns3-simulated/trace-derived
a3-ep-kv,同向 KV,1,kv_competitor,L2R,34.000000,34.250000,34.125000,2179.000000,69.728000,69.728000,100.000000,0.250000,ns3-simulated/trace-derived
a3-ep-kv,同向 KV,1,kv_competitor,L2R,34.250000,34.500000,34.375000,0.000000,0.000000,0.000000,100.000000,0.250000,ns3-simulated/trace-derived
a3-ep-kv,同向 KV,1,kv_competitor,L2R,34.500000,34.750000,34.625000,3022.000000,96.704000,96.704000,100.000000,0.250000,ns3-simulated/trace-derived
a3-ep-kv,同向 KV,1,kv_competitor,L2R,34.750000,35.000000,34.875000,1152.000000,36.864000,36.864000,100.000000,0.250000,ns3-simulated/trace-derived
a3-ep-kv,同向 KV,1,kv_competitor,L2R,35.000000,35.250000,35.125000,924.000000,29.568000,29.568000,100.000000,0.250000,ns3-simulated/trace-derived
a3-ep-kv,同向 KV,1,kv_competitor,L2R,35.250000,35.500000,35.375000,3125.000000,100.000000,100.000000,100.000000,0.250000,ns3-simulated/trace-derived
a3-ep-kv,同向 KV,1,kv_competitor,L2R,35.500000,35.750000,35.625000,125.000000,4.000000,4.000000,100.000000,0.250000,ns3-simulated/trace-derived
a3-ep-kv,同向 KV,1,kv_competitor,L2R,35.750000,36.000000,35.875000,1951.000000,62.432000,62.432000,100.000000,0.250000,ns3-simulated/trace-derived
a3-ep-kv,同向 KV,1,kv_competitor,L2R,36.000000,36.250000,36.125000,2223.000000,71.136000,71.136000,100.000000,0.250000,ns3-simulated/trace-derived
a3-ep-kv,同向 KV,1,kv_competitor,L2R,36.250000,36.500000,36.375000,0.000000,0.000000,0.000000,100.000000,0.250000,ns3-simulated/trace-derived
a3-ep-kv,同向 KV,1,kv_competitor,L2R,36.500000,36.750000,36.625000,2978.000000,95.296000,95.296000,100.000000,0.250000,ns3-simulated/trace-derived
a3-ep-kv,同向 KV,1,kv_competitor,L2R,36.750000,37.000000,36.875000,1196.000000,38.272000,38.272000,100.000000,0.250000,ns3-simulated/trace-derived
a3-ep-kv,同向 KV,1,kv_competitor,L2R,37.000000,37.250000,37.125000,880.000000,28.160000,28.160000,100.000000,0.250000,ns3-simulated/trace-derived
a3-ep-kv,同向 KV,1,kv_competitor,L2R,37.250000,37.500000,37.375000,3125.000000,100.000000,100.000000,100.000000,0.250000,ns3-simulated/trace-derived
a3-ep-kv,同向 KV,1,kv_competitor,L2R,37.500000,37.750000,37.625000,169.000000,5.408000,5.408000,100.000000,0.250000,ns3-simulated/trace-derived
a3-ep-kv,同向 KV,1,kv_competitor,L2R,37.750000,38.000000,37.875000,1907.000000,61.024000,61.024000,100.000000,0.250000,ns3-simulated/trace-derived
a3-ep-kv,同向 KV,1,kv_competitor,L2R,38.000000,38.250000,38.125000,2267.000000,72.544000,72.544000,100.000000,0.250000,ns3-simulated/trace-derived
a3-ep-kv,同向 KV,1,kv_competitor,L2R,38.250000,38.500000,38.375000,0.000000,0.000000,0.000000,100.000000,0.250000,ns3-simulated/trace-derived
a3-ep-kv,同向 KV,1,kv_competitor,L2R,38.500000,38.750000,38.625000,2934.000000,93.888000,93.888000,100.000000,0.250000,ns3-simulated/trace-derived
a3-ep-kv,同向 KV,1,kv_competitor,L2R,38.750000,39.000000,38.875000,1240.000000,39.680000,39.680000,100.000000,0.250000,ns3-simulated/trace-derived
a3-ep-kv,同向 KV,1,kv_competitor,L2R,39.000000,39.250000,39.125000,836.000000,26.752000,26.752000,100.000000,0.250000,ns3-simulated/trace-derived
a3-ep-kv,同向 KV,1,kv_competitor,L2R,39.250000,39.500000,39.375000,3125.000000,100.000000,100.000000,100.000000,0.250000,ns3-simulated/trace-derived
a3-ep-kv,同向 KV,1,kv_competitor,L2R,39.500000,39.750000,39.625000,213.000000,6.816000,6.816000,100.000000,0.250000,ns3-simulated/trace-derived
a3-ep-kv,同向 KV,1,kv_competitor,L2R,39.750000,40.000000,39.875000,1863.000000,59.616000,59.616000,100.000000,0.250000,ns3-simulated/trace-derived
a3-ep-kv,同向 KV,1,kv_competitor,L2R,40.000000,40.250000,40.125000,2311.000000,73.952000,73.952000,100.000000,0.250000,ns3-simulated/trace-derived
a3-ep-kv,同向 KV,1,kv_competitor,L2R,40.250000,40.500000,40.375000,0.000000,0.000000,0.000000,100.000000,0.250000,ns3-simulated/trace-derived
a3-ep-kv,同向 KV,1,kv_competitor,L2R,40.500000,40.750000,40.625000,2890.000000,92.480000,92.480000,100.000000,0.250000,ns3-simulated/trace-derived
a3-ep-kv,同向 KV,1,kv_competitor,L2R,40.750000,41.000000,40.875000,1284.000000,41.088000,41.088000,100.000000,0.250000,ns3-simulated/trace-derived
a3-ep-kv,同向 KV,1,kv_competitor,L2R,41.000000,41.250000,41.125000,792.000000,25.344000,25.344000,100.000000,0.250000,ns3-simulated/trace-derived
a3-ep-kv,同向 KV,1,kv_competitor,L2R,41.250000,41.500000,41.375000,3125.000000,100.000000,100.000000,100.000000,0.250000,ns3-simulated/trace-derived
a3-ep-kv,同向 KV,1,kv_competitor,L2R,41.500000,41.750000,41.625000,257.000000,8.224000,8.224000,100.000000,0.250000,ns3-simulated/trace-derived
a3-ep-kv,同向 KV,1,kv_competitor,L2R,41.750000,42.000000,41.875000,1819.000000,58.208000,58.208000,100.000000,0.250000,ns3-simulated/trace-derived
a3-ep-kv,同向 KV,1,kv_competitor,L2R,42.000000,42.250000,42.125000,2355.000000,75.360000,75.360000,100.000000,0.250000,ns3-simulated/trace-derived
a3-ep-kv,同向 KV,1,kv_competitor,L2R,42.250000,42.500000,42.375000,0.000000,0.000000,0.000000,100.000000,0.250000,ns3-simulated/trace-derived
a3-ep-kv,同向 KV,1,kv_competitor,L2R,42.500000,42.750000,42.625000,2846.000000,91.072000,91.072000,100.000000,0.250000,ns3-simulated/trace-derived
a3-ep-kv,同向 KV,1,kv_competitor,L2R,42.750000,43.000000,42.875000,1328.000000,42.496000,42.496000,100.000000,0.250000,ns3-simulated/trace-derived
a3-ep-kv,同向 KV,1,kv_competitor,L2R,43.000000,43.250000,43.125000,748.000000,23.936000,23.936000,100.000000,0.250000,ns3-simulated/trace-derived
a3-ep-kv,同向 KV,1,kv_competitor,L2R,43.250000,43.500000,43.375000,3125.000000,100.000000,100.000000,100.000000,0.250000,ns3-simulated/trace-derived
a3-ep-kv,同向 KV,1,kv_competitor,L2R,43.500000,43.750000,43.625000,301.000000,9.632000,9.632000,100.000000,0.250000,ns3-simulated/trace-derived
a3-ep-kv,同向 KV,1,kv_competitor,L2R,43.750000,44.000000,43.875000,1775.000000,56.800000,56.800000,100.000000,0.250000,ns3-simulated/trace-derived
a3-ep-kv,同向 KV,1,kv_competitor,L2R,44.000000,44.250000,44.125000,2399.000000,76.768000,76.768000,100.000000,0.250000,ns3-simulated/trace-derived
a3-ep-kv,同向 KV,1,kv_competitor,L2R,44.250000,44.500000,44.375000,0.000000,0.000000,0.000000,100.000000,0.250000,ns3-simulated/trace-derived
a3-ep-kv,同向 KV,1,kv_competitor,L2R,44.500000,44.750000,44.625000,2802.000000,89.664000,89.664000,100.000000,0.250000,ns3-simulated/trace-derived
a3-ep-kv,同向 KV,1,kv_competitor,L2R,44.750000,45.000000,44.875000,1372.000000,43.904000,43.904000,100.000000,0.250000,ns3-simulated/trace-derived
a3-ep-kv,同向 KV,1,kv_competitor,L2R,45.000000,45.250000,45.125000,704.000000,22.528000,22.528000,100.000000,0.250000,ns3-simulated/trace-derived
a3-ep-kv,同向 KV,1,kv_competitor,L2R,45.250000,45.500000,45.375000,3125.000000,100.000000,100.000000,100.000000,0.250000,ns3-simulated/trace-derived
a3-ep-kv,同向 KV,1,kv_competitor,L2R,45.500000,45.750000,45.625000,3000.000000,96.000000,96.000000,100.000000,0.250000,ns3-simulated/trace-derived
a3-ep-kv,同向 KV,1,kv_competitor,L2R,45.750000,46.000000,45.875000,3063.000000,98.016000,98.016000,100.000000,0.250000,ns3-simulated/trace-derived
a3-ep-kv,同向 KV,1,kv_competitor,L2R,46.000000,46.250000,46.125000,3000.000000,96.000000,96.000000,100.000000,0.250000,ns3-simulated/trace-derived
a3-ep-kv,同向 KV,1,kv_competitor,L2R,46.250000,46.500000,46.375000,3125.000000,100.000000,100.000000,100.000000,0.250000,ns3-simulated/trace-derived
a3-ep-kv,同向 KV,1,kv_competitor,L2R,46.500000,46.750000,46.625000,3063.000000,98.016000,98.016000,100.000000,0.250000,ns3-simulated/trace-derived
a3-ep-kv,同向 KV,1,kv_competitor,L2R,46.750000,47.000000,46.875000,3000.000000,96.000000,96.000000,100.000000,0.250000,ns3-simulated/trace-derived
a3-ep-kv,同向 KV,1,kv_competitor,L2R,47.000000,47.250000,47.125000,3125.000000,100.000000,100.000000,100.000000,0.250000,ns3-simulated/trace-derived
a3-ep-kv,同向 KV,1,kv_competitor,L2R,47.250000,47.500000,47.375000,3125.000000,100.000000,100.000000,100.000000,0.250000,ns3-simulated/trace-derived
a3-ep-kv,同向 KV,1,kv_competitor,L2R,47.500000,47.750000,47.625000,3125.000000,100.000000,100.000000,100.000000,0.250000,ns3-simulated/trace-derived
a3-ep-kv,同向 KV,1,kv_competitor,L2R,47.750000,48.000000,47.875000,3125.000000,100.000000,100.000000,100.000000,0.250000,ns3-simulated/trace-derived
a3-ep-kv,同向 KV,1,kv_competitor,L2R,48.000000,48.250000,48.125000,3125.000000,100.000000,100.000000,100.000000,0.250000,ns3-simulated/trace-derived
a3-ep-kv,同向 KV,1,kv_competitor,L2R,48.250000,48.500000,48.375000,3125.000000,100.000000,100.000000,100.000000,0.250000,ns3-simulated/trace-derived
a3-ep-kv,同向 KV,1,kv_competitor,L2R,48.500000,48.750000,48.625000,3125.000000,100.000000,100.000000,100.000000,0.250000,ns3-simulated/trace-derived
a3-ep-kv,同向 KV,1,kv_competitor,L2R,48.750000,49.000000,48.875000,3125.000000,100.000000,100.000000,100.000000,0.250000,ns3-simulated/trace-derived
a3-ep-kv,同向 KV,1,kv_competitor,L2R,49.000000,49.250000,49.125000,3125.000000,100.000000,100.000000,100.000000,0.250000,ns3-simulated/trace-derived
a3-ep-kv,同向 KV,1,kv_competitor,L2R,49.250000,49.500000,49.375000,3125.000000,100.000000,100.000000,100.000000,0.250000,ns3-simulated/trace-derived
a3-ep-kv,同向 KV,1,kv_competitor,L2R,49.500000,49.750000,49.625000,3125.000000,100.000000,100.000000,100.000000,0.250000,ns3-simulated/trace-derived
a3-ep-kv,同向 KV,1,kv_competitor,L2R,49.750000,50.000000,49.875000,3125.000000,100.000000,100.000000,100.000000,0.250000,ns3-simulated/trace-derived
a3-ep-kv,同向 KV,1,kv_competitor,L2R,50.000000,50.250000,50.125000,3125.000000,100.000000,100.000000,100.000000,0.250000,ns3-simulated/trace-derived
a3-ep-kv,同向 KV,1,kv_competitor,L2R,50.250000,50.500000,50.375000,3125.000000,100.000000,100.000000,100.000000,0.250000,ns3-simulated/trace-derived
a3-ep-kv,同向 KV,1,kv_competitor,L2R,50.500000,50.750000,50.625000,3125.000000,100.000000,100.000000,100.000000,0.250000,ns3-simulated/trace-derived
a3-ep-kv,同向 KV,1,kv_competitor,L2R,50.750000,51.000000,50.875000,3125.000000,100.000000,100.000000,100.000000,0.250000,ns3-simulated/trace-derived
a3-ep-kv,同向 KV,1,kv_competitor,L2R,51.000000,51.250000,51.125000,3125.000000,100.000000,100.000000,100.000000,0.250000,ns3-simulated/trace-derived
a3-ep-kv,同向 KV,1,kv_competitor,L2R,51.250000,51.500000,51.375000,3125.000000,100.000000,100.000000,100.000000,0.250000,ns3-simulated/trace-derived
a3-ep-kv,同向 KV,1,kv_competitor,L2R,51.500000,51.750000,51.625000,3125.000000,100.000000,100.000000,100.000000,0.250000,ns3-simulated/trace-derived
a3-ep-kv,同向 KV,1,kv_competitor,L2R,51.750000,52.000000,51.875000,3125.000000,100.000000,100.000000,100.000000,0.250000,ns3-simulated/trace-derived
a3-ep-kv,同向 KV,1,kv_competitor,L2R,52.000000,52.250000,52.125000,3125.000000,100.000000,100.000000,100.000000,0.250000,ns3-simulated/trace-derived
a3-ep-kv,同向 KV,1,kv_competitor,L2R,52.250000,52.500000,52.375000,3125.000000,100.000000,100.000000,100.000000,0.250000,ns3-simulated/trace-derived
a3-ep-kv,同向 KV,1,kv_competitor,L2R,52.500000,52.750000,52.625000,3125.000000,100.000000,100.000000,100.000000,0.250000,ns3-simulated/trace-derived
a3-ep-kv,同向 KV,1,kv_competitor,L2R,52.750000,53.000000,52.875000,3125.000000,100.000000,100.000000,100.000000,0.250000,ns3-simulated/trace-derived
a3-ep-kv,同向 KV,1,kv_competitor,L2R,53.000000,53.250000,53.125000,3125.000000,100.000000,100.000000,100.000000,0.250000,ns3-simulated/trace-derived
a3-ep-kv,同向 KV,1,kv_competitor,L2R,53.250000,53.500000,53.375000,3125.000000,100.000000,100.000000,100.000000,0.250000,ns3-simulated/trace-derived
a3-ep-kv,同向 KV,1,kv_competitor,L2R,53.500000,53.750000,53.625000,3125.000000,100.000000,100.000000,100.000000,0.250000,ns3-simulated/trace-derived
a3-ep-kv,同向 KV,1,kv_competitor,L2R,53.750000,54.000000,53.875000,3125.000000,100.000000,100.000000,100.000000,0.250000,ns3-simulated/trace-derived
a3-ep-kv,同向 KV,1,kv_competitor,L2R,54.000000,54.250000,54.125000,3125.000000,100.000000,100.000000,100.000000,0.250000,ns3-simulated/trace-derived
a3-ep-kv,同向 KV,1,kv_competitor,L2R,54.250000,54.500000,54.375000,3125.000000,100.000000,100.000000,100.000000,0.250000,ns3-simulated/trace-derived
a3-ep-kv,同向 KV,1,kv_competitor,L2R,54.500000,54.750000,54.625000,3125.000000,100.000000,100.000000,100.000000,0.250000,ns3-simulated/trace-derived
a3-ep-kv,同向 KV,1,kv_competitor,L2R,54.750000,55.000000,54.875000,3125.000000,100.000000,100.000000,100.000000,0.250000,ns3-simulated/trace-derived
a3-ep-kv,同向 KV,1,kv_competitor,L2R,55.000000,55.250000,55.125000,3125.000000,100.000000,100.000000,100.000000,0.250000,ns3-simulated/trace-derived
a3-ep-kv,同向 KV,1,kv_competitor,L2R,55.250000,55.500000,55.375000,3125.000000,100.000000,100.000000,100.000000,0.250000,ns3-simulated/trace-derived
a3-ep-kv,同向 KV,1,kv_competitor,L2R,55.500000,55.750000,55.625000,3125.000000,100.000000,100.000000,100.000000,0.250000,ns3-simulated/trace-derived
a3-ep-kv,同向 KV,1,kv_competitor,L2R,55.750000,56.000000,55.875000,3125.000000,100.000000,100.000000,100.000000,0.250000,ns3-simulated/trace-derived
a3-ep-kv,同向 KV,1,kv_competitor,L2R,56.000000,56.250000,56.125000,3125.000000,100.000000,100.000000,100.000000,0.250000,ns3-simulated/trace-derived
a3-ep-kv,同向 KV,1,kv_competitor,L2R,56.250000,56.500000,56.375000,3125.000000,100.000000,100.000000,100.000000,0.250000,ns3-simulated/trace-derived
a3-ep-kv,同向 KV,1,kv_competitor,L2R,56.500000,56.750000,56.625000,3125.000000,100.000000,100.000000,100.000000,0.250000,ns3-simulated/trace-derived
a3-ep-kv,同向 KV,1,kv_competitor,L2R,56.750000,57.000000,56.875000,3125.000000,100.000000,100.000000,100.000000,0.250000,ns3-simulated/trace-derived
a3-ep-kv,同向 KV,1,kv_competitor,L2R,57.000000,57.250000,57.125000,3125.000000,100.000000,100.000000,100.000000,0.250000,ns3-simulated/trace-derived
a3-ep-kv,同向 KV,1,kv_competitor,L2R,57.250000,57.500000,57.375000,3125.000000,100.000000,100.000000,100.000000,0.250000,ns3-simulated/trace-derived
a3-ep-kv,同向 KV,1,kv_competitor,L2R,57.500000,57.750000,57.625000,3125.000000,100.000000,100.000000,100.000000,0.250000,ns3-simulated/trace-derived
a3-ep-kv,同向 KV,1,kv_competitor,L2R,57.750000,58.000000,57.875000,3125.000000,100.000000,100.000000,100.000000,0.250000,ns3-simulated/trace-derived
a3-ep-kv,同向 KV,1,kv_competitor,L2R,58.000000,58.250000,58.125000,3125.000000,100.000000,100.000000,100.000000,0.250000,ns3-simulated/trace-derived
a3-ep-kv,同向 KV,1,kv_competitor,L2R,58.250000,58.500000,58.375000,3125.000000,100.000000,100.000000,100.000000,0.250000,ns3-simulated/trace-derived
a3-ep-kv,同向 KV,1,kv_competitor,L2R,58.500000,58.750000,58.625000,3125.000000,100.000000,100.000000,100.000000,0.250000,ns3-simulated/trace-derived
a3-ep-kv,同向 KV,1,kv_competitor,L2R,58.750000,59.000000,58.875000,3125.000000,100.000000,100.000000,100.000000,0.250000,ns3-simulated/trace-derived
a3-ep-kv,同向 KV,1,kv_competitor,L2R,59.000000,59.250000,59.125000,3125.000000,100.000000,100.000000,100.000000,0.250000,ns3-simulated/trace-derived
a3-ep-kv,同向 KV,1,kv_competitor,L2R,59.250000,59.500000,59.375000,3125.000000,100.000000,100.000000,100.000000,0.250000,ns3-simulated/trace-derived
a3-ep-kv,同向 KV,1,kv_competitor,L2R,59.500000,59.750000,59.625000,3125.000000,100.000000,100.000000,100.000000,0.250000,ns3-simulated/trace-derived
a3-ep-kv,同向 KV,1,kv_competitor,L2R,59.750000,60.000000,59.875000,3125.000000,100.000000,100.000000,100.000000,0.250000,ns3-simulated/trace-derived
a3-ep-kv,同向 KV,1,kv_competitor,L2R,60.000000,60.250000,60.125000,3125.000000,100.000000,100.000000,100.000000,0.250000,ns3-simulated/trace-derived
a3-ep-kv,同向 KV,1,kv_competitor,L2R,60.250000,60.500000,60.375000,3125.000000,100.000000,100.000000,100.000000,0.250000,ns3-simulated/trace-derived
a3-ep-kv,同向 KV,1,kv_competitor,L2R,60.500000,60.750000,60.625000,3125.000000,100.000000,100.000000,100.000000,0.250000,ns3-simulated/trace-derived
a3-ep-kv,同向 KV,1,kv_competitor,L2R,60.750000,61.000000,60.875000,3125.000000,100.000000,100.000000,100.000000,0.250000,ns3-simulated/trace-derived
a3-ep-kv,同向 KV,1,kv_competitor,L2R,61.000000,61.250000,61.125000,3125.000000,100.000000,100.000000,100.000000,0.250000,ns3-simulated/trace-derived
a3-ep-kv,同向 KV,1,kv_competitor,L2R,61.250000,61.500000,61.375000,3125.000000,100.000000,100.000000,100.000000,0.250000,ns3-simulated/trace-derived
a3-ep-kv,同向 KV,1,kv_competitor,L2R,61.500000,61.750000,61.625000,3125.000000,100.000000,100.000000,100.000000,0.250000,ns3-simulated/trace-derived
a3-ep-kv,同向 KV,1,kv_competitor,L2R,61.750000,62.000000,61.875000,3125.000000,100.000000,100.000000,100.000000,0.250000,ns3-simulated/trace-derived
a3-ep-kv,同向 KV,1,kv_competitor,L2R,62.000000,62.250000,62.125000,3125.000000,100.000000,100.000000,100.000000,0.250000,ns3-simulated/trace-derived
a3-ep-kv,同向 KV,1,kv_competitor,L2R,62.250000,62.500000,62.375000,3125.000000,100.000000,100.000000,100.000000,0.250000,ns3-simulated/trace-derived
a3-ep-kv,同向 KV,1,kv_competitor,L2R,62.500000,62.750000,62.625000,3125.000000,100.000000,100.000000,100.000000,0.250000,ns3-simulated/trace-derived
a3-ep-kv,同向 KV,1,kv_competitor,L2R,62.750000,63.000000,62.875000,3125.000000,100.000000,100.000000,100.000000,0.250000,ns3-simulated/trace-derived
a3-ep-kv,同向 KV,1,kv_competitor,L2R,63.000000,63.250000,63.125000,3125.000000,100.000000,100.000000,100.000000,0.250000,ns3-simulated/trace-derived
a3-ep-kv,同向 KV,1,kv_competitor,L2R,63.250000,63.500000,63.375000,3125.000000,100.000000,100.000000,100.000000,0.250000,ns3-simulated/trace-derived
a3-ep-kv,同向 KV,1,kv_competitor,L2R,63.500000,63.750000,63.625000,3125.000000,100.000000,100.000000,100.000000,0.250000,ns3-simulated/trace-derived
a3-ep-kv,同向 KV,1,kv_competitor,L2R,63.750000,64.000000,63.875000,3125.000000,100.000000,100.000000,100.000000,0.250000,ns3-simulated/trace-derived
a3-ep-kv,同向 KV,1,kv_competitor,L2R,64.000000,64.250000,64.125000,3125.000000,100.000000,100.000000,100.000000,0.250000,ns3-simulated/trace-derived
a3-ep-kv,同向 KV,1,kv_competitor,L2R,64.250000,64.500000,64.375000,3125.000000,100.000000,100.000000,100.000000,0.250000,ns3-simulated/trace-derived
a3-ep-kv,同向 KV,1,kv_competitor,L2R,64.500000,64.750000,64.625000,3125.000000,100.000000,100.000000,100.000000,0.250000,ns3-simulated/trace-derived
a3-ep-kv,同向 KV,1,kv_competitor,L2R,64.750000,65.000000,64.875000,3125.000000,100.000000,100.000000,100.000000,0.250000,ns3-simulated/trace-derived
a3-ep-kv,同向 KV,1,kv_competitor,L2R,65.000000,65.250000,65.125000,3125.000000,100.000000,100.000000,100.000000,0.250000,ns3-simulated/trace-derived
a3-ep-kv,同向 KV,1,kv_competitor,L2R,65.250000,65.500000,65.375000,3125.000000,100.000000,100.000000,100.000000,0.250000,ns3-simulated/trace-derived
a3-ep-kv,同向 KV,1,kv_competitor,L2R,65.500000,65.750000,65.625000,1284.000000,41.088000,41.088000,100.000000,0.250000,ns3-simulated/trace-derived
a3-ep-kv,同向 KV,1,kv_competitor,L2R,65.750000,66.000000,65.875000,0.000000,0.000000,0.000000,100.000000,0.250000,ns3-simulated/trace-derived
a3-ep-kv,同向 KV,1,kv_competitor,L2R,66.000000,66.250000,66.125000,0.000000,0.000000,0.000000,100.000000,0.250000,ns3-simulated/trace-derived
a3-ep-kv,同向 KV,1,kv_competitor,L2R,66.250000,66.500000,66.375000,0.000000,0.000000,0.000000,100.000000,0.250000,ns3-simulated/trace-derived
a3-ep-kv,同向 KV,1,kv_competitor,L2R,66.500000,66.750000,66.625000,0.000000,0.000000,0.000000,100.000000,0.250000,ns3-simulated/trace-derived
a3-ep-kv,同向 KV,1,kv_competitor,L2R,66.750000,67.000000,66.875000,0.000000,0.000000,0.000000,100.000000,0.250000,ns3-simulated/trace-derived
a3-ep-kv,同向 KV,1,kv_competitor,L2R,67.000000,67.250000,67.125000,0.000000,0.000000,0.000000,100.000000,0.250000,ns3-simulated/trace-derived
a3-ep-kv,同向 KV,1,kv_competitor,L2R,67.250000,67.500000,67.375000,0.000000,0.000000,0.000000,100.000000,0.250000,ns3-simulated/trace-derived
a3-ep-kv,同向 KV,1,kv_competitor,L2R,67.500000,67.750000,67.625000,0.000000,0.000000,0.000000,100.000000,0.250000,ns3-simulated/trace-derived
a3-ep-kv,同向 KV,1,kv_competitor,L2R,67.750000,68.000000,67.875000,0.000000,0.000000,0.000000,100.000000,0.250000,ns3-simulated/trace-derived
a3-ep-kv,同向 KV,1,kv_competitor,L2R,68.000000,68.250000,68.125000,0.000000,0.000000,0.000000,100.000000,0.250000,ns3-simulated/trace-derived
a3-ep-kv,同向 KV,1,kv_competitor,L2R,68.250000,68.500000,68.375000,0.000000,0.000000,0.000000,100.000000,0.250000,ns3-simulated/trace-derived
a3-ep-kv,同向 KV,1,kv_competitor,L2R,68.500000,68.750000,68.625000,0.000000,0.000000,0.000000,100.000000,0.250000,ns3-simulated/trace-derived
a3-ep-kv,同向 KV,1,kv_competitor,L2R,68.750000,69.000000,68.875000,0.000000,0.000000,0.000000,100.000000,0.250000,ns3-simulated/trace-derived
a3-ep-kv,同向 KV,1,kv_competitor,L2R,69.000000,69.250000,69.125000,0.000000,0.000000,0.000000,100.000000,0.250000,ns3-simulated/trace-derived
a3-ep-kv,同向 KV,1,kv_competitor,L2R,69.250000,69.500000,69.375000,0.000000,0.000000,0.000000,100.000000,0.250000,ns3-simulated/trace-derived
a3-ep-kv,同向 KV,1,kv_competitor,L2R,69.500000,69.750000,69.625000,0.000000,0.000000,0.000000,100.000000,0.250000,ns3-simulated/trace-derived
a3-ep-kv,同向 KV,1,kv_competitor,L2R,69.750000,70.000000,69.875000,0.000000,0.000000,0.000000,100.000000,0.250000,ns3-simulated/trace-derived
a3-ep-kv,同向 KV,1,kv_competitor,L2R,70.000000,70.250000,70.125000,0.000000,0.000000,0.000000,100.000000,0.250000,ns3-simulated/trace-derived
