source_path,sha256
site/research/round09/llmservingsim_input_sweep.csv,d0eaa5131877e40aff7d6a7168c54b23eb74c0c7d0a34c29f15a9ac76dbb88de
site/research/round09/model_inventory.csv,abf74f8315a1c707c926d486c3b36e64449950f58da7ed66800124fa04fb5930
site/research/round09/network_contention_summary.csv,42c3090f2200d58449c6bfe63a135bf8fb7dd82d5502a1f9217d30149db4766b
site/research/round10/long_window_bandwidth_timeseries.csv,a2eac5afb1c47fac0f8cce229cd6f95a6821cbcba622bcac3971ae80e19a6b4a
site/research/round10/long_window_packet_events.csv,be5bd0841d7e2d3026faaf861ff04e63206ded10dfc358870519c41e64c93773
site/research/round10/long_window_queue_timeseries.csv,17b5d16ed3ceba216293b5b60a2f8358e40243fc52d45c458623621959e8182d
site/research/round10/long_window_task_windows.csv,6666adca310be0c6de2b8ed0ebf6fcb655eebb238c17030f0cf76fefa836472d
site/research/round10/long_window_wave_summary.csv,f4949ff60e0fe0b921fd47a4133259ddbc18d70f622cac0961bb27e46ee80290
site/research/round10/zoom_w1_w2_bandwidth_timeseries.csv,9b72469145b3249cfd8a4e26df45fbec3b17d82d0c1831e2872c134e2021a02a
site/research/round10/zoom_w1_w2_queue_timeseries.csv,d6eb045f84afc5d59790a29fed752769802b3446845c6b380a11d5affa9fe85c
site/source/_static/round09/huawei-384-logical-mapping.svg,81dc1ea1ad7fdd89b73b758df8986a9413e7e5328bd7955a43a9e2ad9dcfccde
site/source/_static/round10/long-window-network-traffic-waves.svg,ed5a3a719d789be820f419716d7a2c34269e5ee8756ef491673ca76b9f646462
site/source/_static/round10/zoomed-w1-w2-contention-peaks.svg,69585b302e272359c62add6632283e12c8ba87df8a888c158686c68bc63afb66
workspace/第04轮_仿真平台验证_20260917/LLMServingSim/repo/astra-sim/astra-sim/workload/Workload.cc,ba7056f4353041273d1563e27265d97bd2003cc0530c60ceea79530394388543
workspace/第04轮_仿真平台验证_20260917/LLMServingSim/repo/astra-sim/extern/graph_frontend/chakra/src/converter/llm_converter.py,d375023f49eea65f3678f5150d4a51a281d73fb64422991e7879e3f7fe839975
workspace/第04轮_仿真平台验证_20260917/LLMServingSim/repo/configs/model/Qwen/Qwen3-30B-A3B-Instruct-2507.json,0736f3bafb95cc658776c92ab34f5f98d8169634a3a36b84892d71448a1f19d3
workspace/第04轮_仿真平台验证_20260917/LLMServingSim/repo/profiler/core/engine.py,97af7061ae41a9232c0ff213ee876f502bb7188cc6e8b89932edf15e2241ac6d
workspace/第04轮_仿真平台验证_20260917/LLMServingSim/repo/profiler/perf/RTXPRO6000/Qwen/Qwen3-30B-A3B-Instruct-2507/bf16/meta.yaml,e755433ea63a19e9d4a4919f04da412807aa520972dc97df3dfb8908b6a70f96
workspace/第04轮_仿真平台验证_20260917/LLMServingSim/repo/serving/core/config_builder.py,012db7552bbc579bec6e98efa35fa3dddab5a849dc4a8784ea3bd98f63beaa69
workspace/第04轮_仿真平台验证_20260917/LLMServingSim/repo/serving/core/graph_generator.py,e29ad2c00420525e04853c8ca7c2cd0041d8117d3a5cf8098ea57d5bcd5d7fa1
workspace/第04轮_仿真平台验证_20260917/LLMServingSim/repo/serving/core/trace_generator.py,10c628a76b53aa9ba1d53f21bffd68e0c64370e1c9dfc61b813d463d18bf50ff
workspace/第05轮_联合仿真M0_20260919/ns-3-ub/repo/scratch/20260929-block24-network-contention/analysis_classification.csv,f825bf5344c4d9a324aedd84b7ba6adb1d8fbece07e558ba36d0127b8a5b6c2c
workspace/第05轮_联合仿真M0_20260919/ns-3-ub/repo/scratch/20260929-block24-network-contention/cases/a0-target-only/experiment-spec.md,ed34cee33a6e2280e1b0a88ce41332900bbcc6b159d5d1e19d8603af4047c561
workspace/第05轮_联合仿真M0_20260919/ns-3-ub/repo/scratch/20260929-block24-network-contention/cases/a0-target-only/network_attribute.txt,bc6ee76d1805d5ba41a6a8467bfe65d4c89d6a50a666ea9a00f1d22a99ed59cf
workspace/第05轮_联合仿真M0_20260919/ns-3-ub/repo/scratch/20260929-block24-network-contention/cases/a0-target-only/node.csv,4a2f3f7797805708ca8d127ed98111cffec3990c7bbc4e2164fe1202fc4579cf
workspace/第05轮_联合仿真M0_20260919/ns-3-ub/repo/scratch/20260929-block24-network-contention/cases/a0-target-only/output/task_statistics.csv,a4c0f71e47003b6cfc19d74aa542d0c629e542b9805444e4caa68b65e46d921c
workspace/第05轮_联合仿真M0_20260919/ns-3-ub/repo/scratch/20260929-block24-network-contention/cases/a0-target-only/routing_table.csv,8dd4afb6805ab67dbecc4d4e3e8f76b6ef33e4f676218ca90aba881f79f5a185
workspace/第05轮_联合仿真M0_20260919/ns-3-ub/repo/scratch/20260929-block24-network-contention/cases/a0-target-only/runlog/QueueTrace_node_0_port_0.tr,7ca8623238e60b57618419a3eb181a1f4f4d67715460c888201557970d88614f
workspace/第05轮_联合仿真M0_20260919/ns-3-ub/repo/scratch/20260929-block24-network-contention/cases/a0-target-only/runlog/QueueTrace_node_4_port_0.tr,fb2213dc70694b3465055b413b69a25965f2b393aebff91c51030baa417ee0f3
workspace/第05轮_联合仿真M0_20260919/ns-3-ub/repo/scratch/20260929-block24-network-contention/cases/a0-target-only/runlog/QueueTrace_node_8_port_0.tr,c83378f2586a707737d1647b5bbbb6e62d866e4c5e121ff655742f02aa72ac36
workspace/第05轮_联合仿真M0_20260919/ns-3-ub/repo/scratch/20260929-block24-network-contention/cases/a0-target-only/runlog/QueueTrace_node_8_port_4.tr,24480f1485dced685397fc0310b5cfc0f33487da45d91946665aeebc56a4e096
workspace/第05轮_联合仿真M0_20260919/ns-3-ub/repo/scratch/20260929-block24-network-contention/cases/a0-target-only/runlog/QueueTrace_node_9_port_0.tr,b18e9951e33a0376e0c879c95f3be2b57d909907fcca8939ee0e5a453996a55a
workspace/第05轮_联合仿真M0_20260919/ns-3-ub/repo/scratch/20260929-block24-network-contention/cases/a0-target-only/runlog/QueueTrace_node_9_port_4.tr,8f639f9e5c40d053194f2ebb04596f98ee2e2d6b1a93f59765a4e5b04f5b5903
workspace/第05轮_联合仿真M0_20260919/ns-3-ub/repo/scratch/20260929-block24-network-contention/cases/a0-target-only/topology.csv,bae7fff12ec11ff5b737f25159f7c2c38f8e679a662e31dc32c2af2a29356f5e
workspace/第05轮_联合仿真M0_20260919/ns-3-ub/repo/scratch/20260929-block24-network-contention/cases/a0-target-only/traffic.csv,4822b865323fb209bc9fc1edf61ef4be2028d12def32c61190b77252dd5475e3
workspace/第05轮_联合仿真M0_20260919/ns-3-ub/repo/scratch/20260929-block24-network-contention/cases/a1-ep-same/experiment-spec.md,a2e5cfc9bf9fd4fdd69ca8dc1904e769fcd6aee084f741b161a210b6acd0fb31
workspace/第05轮_联合仿真M0_20260919/ns-3-ub/repo/scratch/20260929-block24-network-contention/cases/a1-ep-same/network_attribute.txt,bc6ee76d1805d5ba41a6a8467bfe65d4c89d6a50a666ea9a00f1d22a99ed59cf
workspace/第05轮_联合仿真M0_20260919/ns-3-ub/repo/scratch/20260929-block24-network-contention/cases/a1-ep-same/node.csv,4a2f3f7797805708ca8d127ed98111cffec3990c7bbc4e2164fe1202fc4579cf
workspace/第05轮_联合仿真M0_20260919/ns-3-ub/repo/scratch/20260929-block24-network-contention/cases/a1-ep-same/output/task_statistics.csv,41d4bed55c7e7dbb2845f99e604568f2f976650ce42d124ae5a0a2e267b4c6da
workspace/第05轮_联合仿真M0_20260919/ns-3-ub/repo/scratch/20260929-block24-network-contention/cases/a1-ep-same/routing_table.csv,8dd4afb6805ab67dbecc4d4e3e8f76b6ef33e4f676218ca90aba881f79f5a185
workspace/第05轮_联合仿真M0_20260919/ns-3-ub/repo/scratch/20260929-block24-network-contention/cases/a1-ep-same/runlog/QueueTrace_node_0_port_0.tr,3ee603227ce52dc5c4c96c2772932d29eac84d118b24271aa4e4b26a8d7ba780
workspace/第05轮_联合仿真M0_20260919/ns-3-ub/repo/scratch/20260929-block24-network-contention/cases/a1-ep-same/runlog/QueueTrace_node_1_port_0.tr,8bdfb7f4997a9742ef4fc382d93972b8085db24151d93e1676841766c7eeb7bc
workspace/第05轮_联合仿真M0_20260919/ns-3-ub/repo/scratch/20260929-block24-network-contention/cases/a1-ep-same/runlog/QueueTrace_node_4_port_0.tr,d673a5e8bc055c456b86503adb9d96cc9293050f85e1047bb036a46146d75f55
workspace/第05轮_联合仿真M0_20260919/ns-3-ub/repo/scratch/20260929-block24-network-contention/cases/a1-ep-same/runlog/QueueTrace_node_5_port_0.tr,ff9c2051a81f574a86ed51c385a44b20ef18f3ad02d58710bfad342d30bf382c
workspace/第05轮_联合仿真M0_20260919/ns-3-ub/repo/scratch/20260929-block24-network-contention/cases/a1-ep-same/runlog/QueueTrace_node_8_port_0.tr,7ab9eff3c19a6e43fd36415f8180266340bcedde13cdee593d69b984044e2e6a
workspace/第05轮_联合仿真M0_20260919/ns-3-ub/repo/scratch/20260929-block24-network-contention/cases/a1-ep-same/runlog/QueueTrace_node_8_port_1.tr,288bf4c4f7a1d7e8a6b34b9b06b28b4b4331d071814464ef9e318072edace1b9
workspace/第05轮_联合仿真M0_20260919/ns-3-ub/repo/scratch/20260929-block24-network-contention/cases/a1-ep-same/runlog/QueueTrace_node_8_port_4.tr,bd63a6cd539689d7fdf157efa787c72d69074cd60b70924fd84fa23884c8ea72
workspace/第05轮_联合仿真M0_20260919/ns-3-ub/repo/scratch/20260929-block24-network-contention/cases/a1-ep-same/runlog/QueueTrace_node_9_port_0.tr,d04695878754fcef6f21b259e401ac89787a925f5da04c52462acc1146c8d762
workspace/第05轮_联合仿真M0_20260919/ns-3-ub/repo/scratch/20260929-block24-network-contention/cases/a1-ep-same/runlog/QueueTrace_node_9_port_1.tr,63769cec829efe4336239a3db28e933cecf053d657e04845a91709cf6f45156e
workspace/第05轮_联合仿真M0_20260919/ns-3-ub/repo/scratch/20260929-block24-network-contention/cases/a1-ep-same/runlog/QueueTrace_node_9_port_4.tr,52e2e30df08928c4044de5cb3eb5c2fde64e2b97691f537f60454c27f333bedb
workspace/第05轮_联合仿真M0_20260919/ns-3-ub/repo/scratch/20260929-block24-network-contention/cases/a1-ep-same/topology.csv,bae7fff12ec11ff5b737f25159f7c2c38f8e679a662e31dc32c2af2a29356f5e
workspace/第05轮_联合仿真M0_20260919/ns-3-ub/repo/scratch/20260929-block24-network-contention/cases/a1-ep-same/traffic.csv,86379fbe240422c5ee7f841af9d68d815c6efc3621c0677ecf9a0a4b0e4396bc
workspace/第05轮_联合仿真M0_20260919/ns-3-ub/repo/scratch/20260929-block24-network-contention/cases/a2-ep-reverse/experiment-spec.md,3bc5968dcd124032e60e2959136f6551a11c84ef24d7039dc61756c14bfaddc7
workspace/第05轮_联合仿真M0_20260919/ns-3-ub/repo/scratch/20260929-block24-network-contention/cases/a2-ep-reverse/network_attribute.txt,bc6ee76d1805d5ba41a6a8467bfe65d4c89d6a50a666ea9a00f1d22a99ed59cf
workspace/第05轮_联合仿真M0_20260919/ns-3-ub/repo/scratch/20260929-block24-network-contention/cases/a2-ep-reverse/node.csv,4a2f3f7797805708ca8d127ed98111cffec3990c7bbc4e2164fe1202fc4579cf
workspace/第05轮_联合仿真M0_20260919/ns-3-ub/repo/scratch/20260929-block24-network-contention/cases/a2-ep-reverse/output/task_statistics.csv,e74a8dccdb1f5457b912001960705838785e3b38d61b6c8b142d7cbba49d1ed3
workspace/第05轮_联合仿真M0_20260919/ns-3-ub/repo/scratch/20260929-block24-network-contention/cases/a2-ep-reverse/routing_table.csv,8dd4afb6805ab67dbecc4d4e3e8f76b6ef33e4f676218ca90aba881f79f5a185
workspace/第05轮_联合仿真M0_20260919/ns-3-ub/repo/scratch/20260929-block24-network-contention/cases/a2-ep-reverse/runlog/QueueTrace_node_0_port_0.tr,3a866a11c94255327cf9157f911418a6b350892b057a2bb507eb62c89438d8ec
workspace/第05轮_联合仿真M0_20260919/ns-3-ub/repo/scratch/20260929-block24-network-contention/cases/a2-ep-reverse/runlog/QueueTrace_node_1_port_0.tr,c1d88fd3dd0f8372200313ad9a5ef9a8c8d218bef88703882589d61df43a52c3
workspace/第05轮_联合仿真M0_20260919/ns-3-ub/repo/scratch/20260929-block24-network-contention/cases/a2-ep-reverse/runlog/QueueTrace_node_4_port_0.tr,c1d88fd3dd0f8372200313ad9a5ef9a8c8d218bef88703882589d61df43a52c3
workspace/第05轮_联合仿真M0_20260919/ns-3-ub/repo/scratch/20260929-block24-network-contention/cases/a2-ep-reverse/runlog/QueueTrace_node_5_port_0.tr,3a866a11c94255327cf9157f911418a6b350892b057a2bb507eb62c89438d8ec
workspace/第05轮_联合仿真M0_20260919/ns-3-ub/repo/scratch/20260929-block24-network-contention/cases/a2-ep-reverse/runlog/QueueTrace_node_8_port_0.tr,c80c1b614716bdc82b7c80d7f27713ca5e5eff00758933d7eb040d97dfdf7e53
workspace/第05轮_联合仿真M0_20260919/ns-3-ub/repo/scratch/20260929-block24-network-contention/cases/a2-ep-reverse/runlog/QueueTrace_node_8_port_1.tr,2cbf7c1353f1758ded5452e52f30a9fb9f41517e460aae012a07401ab04167b0
workspace/第05轮_联合仿真M0_20260919/ns-3-ub/repo/scratch/20260929-block24-network-contention/cases/a2-ep-reverse/runlog/QueueTrace_node_8_port_4.tr,20436a6a9f6f951cec05062f9cbb498a06e70e8178dcabe958a79a6a9acfa0ca
workspace/第05轮_联合仿真M0_20260919/ns-3-ub/repo/scratch/20260929-block24-network-contention/cases/a2-ep-reverse/runlog/QueueTrace_node_9_port_0.tr,6015e2c0cb661eaf9856dfea02906bf88a03c3c3ab1c9168da02f14032ca072e
workspace/第05轮_联合仿真M0_20260919/ns-3-ub/repo/scratch/20260929-block24-network-contention/cases/a2-ep-reverse/runlog/QueueTrace_node_9_port_1.tr,7bbec40506db94d08e98abae87cae17811aed4c3319df0eb39443a68f57020a6
workspace/第05轮_联合仿真M0_20260919/ns-3-ub/repo/scratch/20260929-block24-network-contention/cases/a2-ep-reverse/runlog/QueueTrace_node_9_port_4.tr,20436a6a9f6f951cec05062f9cbb498a06e70e8178dcabe958a79a6a9acfa0ca
workspace/第05轮_联合仿真M0_20260919/ns-3-ub/repo/scratch/20260929-block24-network-contention/cases/a2-ep-reverse/topology.csv,bae7fff12ec11ff5b737f25159f7c2c38f8e679a662e31dc32c2af2a29356f5e
workspace/第05轮_联合仿真M0_20260919/ns-3-ub/repo/scratch/20260929-block24-network-contention/cases/a2-ep-reverse/traffic.csv,fffc3e98ffa91af1eb9406ec2f82b8faef1bbb8dcfb3689fb9baf358d775e036
workspace/第05轮_联合仿真M0_20260919/ns-3-ub/repo/scratch/20260929-block24-network-contention/cases/a3-ep-kv/experiment-spec.md,3cfaa84a24a118de8ab4985710ea5743c4d22d5e78528a2b6fc791138e870b71
workspace/第05轮_联合仿真M0_20260919/ns-3-ub/repo/scratch/20260929-block24-network-contention/cases/a3-ep-kv/network_attribute.txt,bc6ee76d1805d5ba41a6a8467bfe65d4c89d6a50a666ea9a00f1d22a99ed59cf
workspace/第05轮_联合仿真M0_20260919/ns-3-ub/repo/scratch/20260929-block24-network-contention/cases/a3-ep-kv/node.csv,4a2f3f7797805708ca8d127ed98111cffec3990c7bbc4e2164fe1202fc4579cf
workspace/第05轮_联合仿真M0_20260919/ns-3-ub/repo/scratch/20260929-block24-network-contention/cases/a3-ep-kv/output/task_statistics.csv,b659254f07eaab3d860994b847a02407045a56927c31f9c0b379a9e61a8fd25d
workspace/第05轮_联合仿真M0_20260919/ns-3-ub/repo/scratch/20260929-block24-network-contention/cases/a3-ep-kv/routing_table.csv,8dd4afb6805ab67dbecc4d4e3e8f76b6ef33e4f676218ca90aba881f79f5a185
workspace/第05轮_联合仿真M0_20260919/ns-3-ub/repo/scratch/20260929-block24-network-contention/cases/a3-ep-kv/runlog/QueueTrace_node_0_port_0.tr,3ee603227ce52dc5c4c96c2772932d29eac84d118b24271aa4e4b26a8d7ba780
workspace/第05轮_联合仿真M0_20260919/ns-3-ub/repo/scratch/20260929-block24-network-contention/cases/a3-ep-kv/runlog/QueueTrace_node_1_port_0.tr,5e34fce2a556df2846f6c89652a7da68de96ceea23b91ca6e33080c512923ce9
workspace/第05轮_联合仿真M0_20260919/ns-3-ub/repo/scratch/20260929-block24-network-contention/cases/a3-ep-kv/runlog/QueueTrace_node_4_port_0.tr,d673a5e8bc055c456b86503adb9d96cc9293050f85e1047bb036a46146d75f55
workspace/第05轮_联合仿真M0_20260919/ns-3-ub/repo/scratch/20260929-block24-network-contention/cases/a3-ep-kv/runlog/QueueTrace_node_5_port_0.tr,19dcedfb136c6f47d581d9c0f232ad81f358d9585f09b4485c32faf89a463e7b
workspace/第05轮_联合仿真M0_20260919/ns-3-ub/repo/scratch/20260929-block24-network-contention/cases/a3-ep-kv/runlog/QueueTrace_node_8_port_0.tr,2271a14063d8731dd4af8a1c1ca1d8678e40e483be48ca7619972dfc0edf7d80
workspace/第05轮_联合仿真M0_20260919/ns-3-ub/repo/scratch/20260929-block24-network-contention/cases/a3-ep-kv/runlog/QueueTrace_node_8_port_1.tr,9abc295325d9fa21b145752da80799d36383099864a784066999c7026dfedc29
workspace/第05轮_联合仿真M0_20260919/ns-3-ub/repo/scratch/20260929-block24-network-contention/cases/a3-ep-kv/runlog/QueueTrace_node_8_port_4.tr,87b3dd99a252ef23194c3c8e013037c046b1d970b5dfd3cf5581c3144bcf998f
workspace/第05轮_联合仿真M0_20260919/ns-3-ub/repo/scratch/20260929-block24-network-contention/cases/a3-ep-kv/runlog/QueueTrace_node_9_port_0.tr,8942462066bb7b259921ae44423e8ccaff9807ce217725da5096712fa8c8265d
workspace/第05轮_联合仿真M0_20260919/ns-3-ub/repo/scratch/20260929-block24-network-contention/cases/a3-ep-kv/runlog/QueueTrace_node_9_port_1.tr,fe6c8d75e2c2345726053f453b37f4e473f6d5504e4b5e83507d37b3801bdcfc
workspace/第05轮_联合仿真M0_20260919/ns-3-ub/repo/scratch/20260929-block24-network-contention/cases/a3-ep-kv/runlog/QueueTrace_node_9_port_4.tr,357cc29e42643edbb52f3b7b4412b243579ce2ea7f84ebaed2b5af04a1f56730
workspace/第05轮_联合仿真M0_20260919/ns-3-ub/repo/scratch/20260929-block24-network-contention/cases/a3-ep-kv/topology.csv,bae7fff12ec11ff5b737f25159f7c2c38f8e679a662e31dc32c2af2a29356f5e
workspace/第05轮_联合仿真M0_20260919/ns-3-ub/repo/scratch/20260929-block24-network-contention/cases/a3-ep-kv/traffic.csv,60731c81e96b8528404f048b4fd536408c79b7106b7752e680500c63ca1e52cb
workspace/第05轮_联合仿真M0_20260919/ns-3-ub/repo/scratch/20260929-block24-network-contention/cases/b1-bg25/experiment-spec.md,f01e50f59ee73b5b31d483f05b6fd61b10b9527bd055c6e6a252803d40a2207d
workspace/第05轮_联合仿真M0_20260919/ns-3-ub/repo/scratch/20260929-block24-network-contention/cases/b1-bg25/network_attribute.txt,bc6ee76d1805d5ba41a6a8467bfe65d4c89d6a50a666ea9a00f1d22a99ed59cf
workspace/第05轮_联合仿真M0_20260919/ns-3-ub/repo/scratch/20260929-block24-network-contention/cases/b1-bg25/node.csv,4a2f3f7797805708ca8d127ed98111cffec3990c7bbc4e2164fe1202fc4579cf
workspace/第05轮_联合仿真M0_20260919/ns-3-ub/repo/scratch/20260929-block24-network-contention/cases/b1-bg25/output/task_statistics.csv,6995866576726fb312679d30c95c8911a857ae2979e26bc198c801f76cd769de
workspace/第05轮_联合仿真M0_20260919/ns-3-ub/repo/scratch/20260929-block24-network-contention/cases/b1-bg25/routing_table.csv,8dd4afb6805ab67dbecc4d4e3e8f76b6ef33e4f676218ca90aba881f79f5a185
workspace/第05轮_联合仿真M0_20260919/ns-3-ub/repo/scratch/20260929-block24-network-contention/cases/b1-bg25/runlog/QueueTrace_node_0_port_0.tr,9853732a5efdca1ed7245b1b652da000d9c0d57517607eb7ed0d4ac1d38005a2
workspace/第05轮_联合仿真M0_20260919/ns-3-ub/repo/scratch/20260929-block24-network-contention/cases/b1-bg25/runlog/QueueTrace_node_1_port_0.tr,5c383845242af1289d01c74fac56deb69d3b9fbaca45d710fa6807df437764cd
workspace/第05轮_联合仿真M0_20260919/ns-3-ub/repo/scratch/20260929-block24-network-contention/cases/b1-bg25/runlog/QueueTrace_node_4_port_0.tr,d800b54dbdaffe2d6d283823fc3565cd084945fecec4553c24794f0f0342443b
workspace/第05轮_联合仿真M0_20260919/ns-3-ub/repo/scratch/20260929-block24-network-contention/cases/b1-bg25/runlog/QueueTrace_node_5_port_0.tr,5a7806dad0ccc1e31d1675275e6cd705bbabb2cce1c03407d0bee8d00eba8876
workspace/第05轮_联合仿真M0_20260919/ns-3-ub/repo/scratch/20260929-block24-network-contention/cases/b1-bg25/runlog/QueueTrace_node_8_port_0.tr,a35bb8fb4530226910d70c14a118711572e0e7c913517c62126ceb0f8a3b6522
workspace/第05轮_联合仿真M0_20260919/ns-3-ub/repo/scratch/20260929-block24-network-contention/cases/b1-bg25/runlog/QueueTrace_node_8_port_1.tr,a243748e0f6b8b3c9d2575f07314a234025a952060b16e6194ca9fe141f2ff6d
workspace/第05轮_联合仿真M0_20260919/ns-3-ub/repo/scratch/20260929-block24-network-contention/cases/b1-bg25/runlog/QueueTrace_node_8_port_4.tr,7991a0bedeaca509b1dccd91b963db262856e086804b0312ce910fd6048c3768
workspace/第05轮_联合仿真M0_20260919/ns-3-ub/repo/scratch/20260929-block24-network-contention/cases/b1-bg25/runlog/QueueTrace_node_9_port_0.tr,ed02f7ffc9d87e602e8ebabe7ff4ba0c334a3fdcc21a2be1a4dd04c26e6e6db1
workspace/第05轮_联合仿真M0_20260919/ns-3-ub/repo/scratch/20260929-block24-network-contention/cases/b1-bg25/runlog/QueueTrace_node_9_port_1.tr,1f8bd774d586520b9cdefbe4aecf5dd891aba3a2620ead7ddd6797ba108f5420
workspace/第05轮_联合仿真M0_20260919/ns-3-ub/repo/scratch/20260929-block24-network-contention/cases/b1-bg25/runlog/QueueTrace_node_9_port_4.tr,6a4108c94a29e8c95f4f07f2c4e37ff969b174b4ab47fbe79d9bfebfbe03e4ab
workspace/第05轮_联合仿真M0_20260919/ns-3-ub/repo/scratch/20260929-block24-network-contention/cases/b1-bg25/topology.csv,bae7fff12ec11ff5b737f25159f7c2c38f8e679a662e31dc32c2af2a29356f5e
workspace/第05轮_联合仿真M0_20260919/ns-3-ub/repo/scratch/20260929-block24-network-contention/cases/b1-bg25/traffic.csv,945b3ba6b032313f6a7c8b4c7894d155924a308c0c26a1d688bc9f40418053ef
workspace/第05轮_联合仿真M0_20260919/ns-3-ub/repo/scratch/20260929-block24-network-contention/cases/b2-bg50/experiment-spec.md,27062aaa608bd1c360f2afc63e46f8e747647e796a22ead086bd8e55a81f7f69
workspace/第05轮_联合仿真M0_20260919/ns-3-ub/repo/scratch/20260929-block24-network-contention/cases/b2-bg50/network_attribute.txt,bc6ee76d1805d5ba41a6a8467bfe65d4c89d6a50a666ea9a00f1d22a99ed59cf
workspace/第05轮_联合仿真M0_20260919/ns-3-ub/repo/scratch/20260929-block24-network-contention/cases/b2-bg50/node.csv,4a2f3f7797805708ca8d127ed98111cffec3990c7bbc4e2164fe1202fc4579cf
workspace/第05轮_联合仿真M0_20260919/ns-3-ub/repo/scratch/20260929-block24-network-contention/cases/b2-bg50/output/task_statistics.csv,cb101752ef5c8e391d9800a1a8e5d808b394f0088b4b7fdc6c6a7a9d5c010f30
workspace/第05轮_联合仿真M0_20260919/ns-3-ub/repo/scratch/20260929-block24-network-contention/cases/b2-bg50/routing_table.csv,8dd4afb6805ab67dbecc4d4e3e8f76b6ef33e4f676218ca90aba881f79f5a185
workspace/第05轮_联合仿真M0_20260919/ns-3-ub/repo/scratch/20260929-block24-network-contention/cases/b2-bg50/runlog/QueueTrace_node_0_port_0.tr,f0f2aad2d427310db6c562fe6eaf56909df7d5c418f772d4af1c0d6f7a3b2117
workspace/第05轮_联合仿真M0_20260919/ns-3-ub/repo/scratch/20260929-block24-network-contention/cases/b2-bg50/runlog/QueueTrace_node_1_port_0.tr,b0191ab0b9fb0a0e1392efdc92c158b08ec9bfa712982b7e68ccce1e5c0c254a
workspace/第05轮_联合仿真M0_20260919/ns-3-ub/repo/scratch/20260929-block24-network-contention/cases/b2-bg50/runlog/QueueTrace_node_4_port_0.tr,806983aece9127549b87a15331cd6b85bf396b9f6888544ee63519e0c9200b9c
workspace/第05轮_联合仿真M0_20260919/ns-3-ub/repo/scratch/20260929-block24-network-contention/cases/b2-bg50/runlog/QueueTrace_node_5_port_0.tr,f71dd5f90113d252c05c00f9a098392dc3cbc52b50ed6c9b77620b8109adea7d
workspace/第05轮_联合仿真M0_20260919/ns-3-ub/repo/scratch/20260929-block24-network-contention/cases/b2-bg50/runlog/QueueTrace_node_8_port_0.tr,e218cdca55fb74bc3ff348f47d9b53519578f7b7f3eca68f404614459ce44a01
workspace/第05轮_联合仿真M0_20260919/ns-3-ub/repo/scratch/20260929-block24-network-contention/cases/b2-bg50/runlog/QueueTrace_node_8_port_1.tr,a770c2b8b4254811b70c438bd12c38dc6c94c99d6ae3ecd04cfbe15259c4527d
workspace/第05轮_联合仿真M0_20260919/ns-3-ub/repo/scratch/20260929-block24-network-contention/cases/b2-bg50/runlog/QueueTrace_node_8_port_4.tr,46ef83fd563a78d658fcb2fb96b004a339e35efeba1145158df0681ae9c5ba7d
workspace/第05轮_联合仿真M0_20260919/ns-3-ub/repo/scratch/20260929-block24-network-contention/cases/b2-bg50/runlog/QueueTrace_node_9_port_0.tr,2a753587486448616f454cbb513eb9825d3172a3318812c1ebabeefccee7d5f0
workspace/第05轮_联合仿真M0_20260919/ns-3-ub/repo/scratch/20260929-block24-network-contention/cases/b2-bg50/runlog/QueueTrace_node_9_port_1.tr,ed1e98191e5e8c202cfe3448ea31400ed52290f6a64a5de8ded7f628ffa6b0a4
workspace/第05轮_联合仿真M0_20260919/ns-3-ub/repo/scratch/20260929-block24-network-contention/cases/b2-bg50/runlog/QueueTrace_node_9_port_4.tr,98735290ce121dd7e41626ea1f0ac53db31b4512d7df52194e6ac27238083663
workspace/第05轮_联合仿真M0_20260919/ns-3-ub/repo/scratch/20260929-block24-network-contention/cases/b2-bg50/topology.csv,bae7fff12ec11ff5b737f25159f7c2c38f8e679a662e31dc32c2af2a29356f5e
workspace/第05轮_联合仿真M0_20260919/ns-3-ub/repo/scratch/20260929-block24-network-contention/cases/b2-bg50/traffic.csv,9828a7e752cab6944776302c6b2d68072aa47190fb58b648573ffb6f8890745c
workspace/第05轮_联合仿真M0_20260919/ns-3-ub/repo/scratch/20260929-block24-network-contention/cases/b3-bg75/experiment-spec.md,0dc78096795eee246a69c97c1d7a0525b3576eb767a23ea4c562cc77edd5b0d0
workspace/第05轮_联合仿真M0_20260919/ns-3-ub/repo/scratch/20260929-block24-network-contention/cases/b3-bg75/network_attribute.txt,bc6ee76d1805d5ba41a6a8467bfe65d4c89d6a50a666ea9a00f1d22a99ed59cf
workspace/第05轮_联合仿真M0_20260919/ns-3-ub/repo/scratch/20260929-block24-network-contention/cases/b3-bg75/node.csv,4a2f3f7797805708ca8d127ed98111cffec3990c7bbc4e2164fe1202fc4579cf
workspace/第05轮_联合仿真M0_20260919/ns-3-ub/repo/scratch/20260929-block24-network-contention/cases/b3-bg75/output/task_statistics.csv,6efce33914f12154fc8f8c42053031ef1aa8ce943b6c350a55a92ad4aecea163
workspace/第05轮_联合仿真M0_20260919/ns-3-ub/repo/scratch/20260929-block24-network-contention/cases/b3-bg75/routing_table.csv,8dd4afb6805ab67dbecc4d4e3e8f76b6ef33e4f676218ca90aba881f79f5a185
workspace/第05轮_联合仿真M0_20260919/ns-3-ub/repo/scratch/20260929-block24-network-contention/cases/b3-bg75/runlog/QueueTrace_node_0_port_0.tr,1120eeeda7fc540e2cf4adf7dc74d60270db83384e8a41b072a7f81a7febb864
workspace/第05轮_联合仿真M0_20260919/ns-3-ub/repo/scratch/20260929-block24-network-contention/cases/b3-bg75/runlog/QueueTrace_node_1_port_0.tr,dad1884f1d6016d97823ca736a7726400c84ef8c66e57c3e957098a725cbf2ee
workspace/第05轮_联合仿真M0_20260919/ns-3-ub/repo/scratch/20260929-block24-network-contention/cases/b3-bg75/runlog/QueueTrace_node_4_port_0.tr,8d9fdd2b23e7cd5578404428f225dd9cef216f65139a8d2e92f58ef1637aee06
workspace/第05轮_联合仿真M0_20260919/ns-3-ub/repo/scratch/20260929-block24-network-contention/cases/b3-bg75/runlog/QueueTrace_node_5_port_0.tr,711c274d8dd0abd8deb27ff4315166befcb2e3286e68ff15e666909d536fa3f7
workspace/第05轮_联合仿真M0_20260919/ns-3-ub/repo/scratch/20260929-block24-network-contention/cases/b3-bg75/runlog/QueueTrace_node_8_port_0.tr,cf439e779754796cd2d3ac7fc0a4b98c4cb9f602bf06373523b89b76a154f15a
workspace/第05轮_联合仿真M0_20260919/ns-3-ub/repo/scratch/20260929-block24-network-contention/cases/b3-bg75/runlog/QueueTrace_node_8_port_1.tr,fe18580f563a43167444c2d0f89c6f8854e12c64f62142e0a3b1bc86a96ef099
workspace/第05轮_联合仿真M0_20260919/ns-3-ub/repo/scratch/20260929-block24-network-contention/cases/b3-bg75/runlog/QueueTrace_node_8_port_4.tr,3d5bc5c345f79acbd255f238a23e8fad10a59ec5070d823fb46e1e07393b8836
workspace/第05轮_联合仿真M0_20260919/ns-3-ub/repo/scratch/20260929-block24-network-contention/cases/b3-bg75/runlog/QueueTrace_node_9_port_0.tr,66ff0c706c8445be13ea82c8b497072d566efabb8b443a3f67a1e467f45ec2fb
workspace/第05轮_联合仿真M0_20260919/ns-3-ub/repo/scratch/20260929-block24-network-contention/cases/b3-bg75/runlog/QueueTrace_node_9_port_1.tr,4973748b88ff97d7ac52c6ac44fa405328c52ce7c2f014ebbaf7a537992c24fe
workspace/第05轮_联合仿真M0_20260919/ns-3-ub/repo/scratch/20260929-block24-network-contention/cases/b3-bg75/runlog/QueueTrace_node_9_port_4.tr,431f7e16e12a666a615c94bb42542b2cdc06024bb7866c81c9c76061e3e3b0b5
workspace/第05轮_联合仿真M0_20260919/ns-3-ub/repo/scratch/20260929-block24-network-contention/cases/b3-bg75/topology.csv,bae7fff12ec11ff5b737f25159f7c2c38f8e679a662e31dc32c2af2a29356f5e
workspace/第05轮_联合仿真M0_20260919/ns-3-ub/repo/scratch/20260929-block24-network-contention/cases/b3-bg75/traffic.csv,48f2ccfa229fcbe0a70f7b13855748d9f9ef450a71a2447cd54415cf25105caa
workspace/第05轮_联合仿真M0_20260919/ns-3-ub/repo/scratch/20260929-block24-network-contention/cases/b4-bg100/experiment-spec.md,e2c320b8fa83c25439a4855170ec490324142a64970eb49081f4ceaf2e32c5cc
workspace/第05轮_联合仿真M0_20260919/ns-3-ub/repo/scratch/20260929-block24-network-contention/cases/b4-bg100/network_attribute.txt,bc6ee76d1805d5ba41a6a8467bfe65d4c89d6a50a666ea9a00f1d22a99ed59cf
workspace/第05轮_联合仿真M0_20260919/ns-3-ub/repo/scratch/20260929-block24-network-contention/cases/b4-bg100/node.csv,4a2f3f7797805708ca8d127ed98111cffec3990c7bbc4e2164fe1202fc4579cf
workspace/第05轮_联合仿真M0_20260919/ns-3-ub/repo/scratch/20260929-block24-network-contention/cases/b4-bg100/output/task_statistics.csv,41d4bed55c7e7dbb2845f99e604568f2f976650ce42d124ae5a0a2e267b4c6da
workspace/第05轮_联合仿真M0_20260919/ns-3-ub/repo/scratch/20260929-block24-network-contention/cases/b4-bg100/routing_table.csv,8dd4afb6805ab67dbecc4d4e3e8f76b6ef33e4f676218ca90aba881f79f5a185
workspace/第05轮_联合仿真M0_20260919/ns-3-ub/repo/scratch/20260929-block24-network-contention/cases/b4-bg100/runlog/QueueTrace_node_0_port_0.tr,3ee603227ce52dc5c4c96c2772932d29eac84d118b24271aa4e4b26a8d7ba780
workspace/第05轮_联合仿真M0_20260919/ns-3-ub/repo/scratch/20260929-block24-network-contention/cases/b4-bg100/runlog/QueueTrace_node_1_port_0.tr,8bdfb7f4997a9742ef4fc382d93972b8085db24151d93e1676841766c7eeb7bc
workspace/第05轮_联合仿真M0_20260919/ns-3-ub/repo/scratch/20260929-block24-network-contention/cases/b4-bg100/runlog/QueueTrace_node_4_port_0.tr,d673a5e8bc055c456b86503adb9d96cc9293050f85e1047bb036a46146d75f55
workspace/第05轮_联合仿真M0_20260919/ns-3-ub/repo/scratch/20260929-block24-network-contention/cases/b4-bg100/runlog/QueueTrace_node_5_port_0.tr,ff9c2051a81f574a86ed51c385a44b20ef18f3ad02d58710bfad342d30bf382c
workspace/第05轮_联合仿真M0_20260919/ns-3-ub/repo/scratch/20260929-block24-network-contention/cases/b4-bg100/runlog/QueueTrace_node_8_port_0.tr,7ab9eff3c19a6e43fd36415f8180266340bcedde13cdee593d69b984044e2e6a
workspace/第05轮_联合仿真M0_20260919/ns-3-ub/repo/scratch/20260929-block24-network-contention/cases/b4-bg100/runlog/QueueTrace_node_8_port_1.tr,288bf4c4f7a1d7e8a6b34b9b06b28b4b4331d071814464ef9e318072edace1b9
workspace/第05轮_联合仿真M0_20260919/ns-3-ub/repo/scratch/20260929-block24-network-contention/cases/b4-bg100/runlog/QueueTrace_node_8_port_4.tr,bd63a6cd539689d7fdf157efa787c72d69074cd60b70924fd84fa23884c8ea72
workspace/第05轮_联合仿真M0_20260919/ns-3-ub/repo/scratch/20260929-block24-network-contention/cases/b4-bg100/runlog/QueueTrace_node_9_port_0.tr,d04695878754fcef6f21b259e401ac89787a925f5da04c52462acc1146c8d762
workspace/第05轮_联合仿真M0_20260919/ns-3-ub/repo/scratch/20260929-block24-network-contention/cases/b4-bg100/runlog/QueueTrace_node_9_port_1.tr,63769cec829efe4336239a3db28e933cecf053d657e04845a91709cf6f45156e
workspace/第05轮_联合仿真M0_20260919/ns-3-ub/repo/scratch/20260929-block24-network-contention/cases/b4-bg100/runlog/QueueTrace_node_9_port_4.tr,52e2e30df08928c4044de5cb3eb5c2fde64e2b97691f537f60454c27f333bedb
workspace/第05轮_联合仿真M0_20260919/ns-3-ub/repo/scratch/20260929-block24-network-contention/cases/b4-bg100/topology.csv,bae7fff12ec11ff5b737f25159f7c2c38f8e679a662e31dc32c2af2a29356f5e
workspace/第05轮_联合仿真M0_20260919/ns-3-ub/repo/scratch/20260929-block24-network-contention/cases/b4-bg100/traffic.csv,86379fbe240422c5ee7f841af9d68d815c6efc3621c0677ecf9a0a4b0e4396bc
workspace/第05轮_联合仿真M0_20260919/ns-3-ub/repo/scratch/20260929-block24-network-contention/cases/c0-balanced/experiment-spec.md,8508538a89b555615952409bea4719f41ace464937279a942d17c39edbc2a403
workspace/第05轮_联合仿真M0_20260919/ns-3-ub/repo/scratch/20260929-block24-network-contention/cases/c0-balanced/network_attribute.txt,bc6ee76d1805d5ba41a6a8467bfe65d4c89d6a50a666ea9a00f1d22a99ed59cf
workspace/第05轮_联合仿真M0_20260919/ns-3-ub/repo/scratch/20260929-block24-network-contention/cases/c0-balanced/node.csv,4a2f3f7797805708ca8d127ed98111cffec3990c7bbc4e2164fe1202fc4579cf
workspace/第05轮_联合仿真M0_20260919/ns-3-ub/repo/scratch/20260929-block24-network-contention/cases/c0-balanced/output/task_statistics.csv,9d12306eca28e3b232b642ae12cbdc6141cc80dca1eab9d211a5ed650a92286a
workspace/第05轮_联合仿真M0_20260919/ns-3-ub/repo/scratch/20260929-block24-network-contention/cases/c0-balanced/routing_table.csv,8dd4afb6805ab67dbecc4d4e3e8f76b6ef33e4f676218ca90aba881f79f5a185
workspace/第05轮_联合仿真M0_20260919/ns-3-ub/repo/scratch/20260929-block24-network-contention/cases/c0-balanced/runlog/QueueTrace_node_0_port_0.tr,72ec0ba1fcd7185f2f306b1d51355ed6eb83e300621ec50e3243ee5a2da29080
workspace/第05轮_联合仿真M0_20260919/ns-3-ub/repo/scratch/20260929-block24-network-contention/cases/c0-balanced/runlog/QueueTrace_node_1_port_0.tr,a6145ff8afdb4a573d67be8ba899319b6c6d85cb9f9aea1add8833356009d6d2
workspace/第05轮_联合仿真M0_20260919/ns-3-ub/repo/scratch/20260929-block24-network-contention/cases/c0-balanced/runlog/QueueTrace_node_2_port_0.tr,5044c3e06d3eb9462e028349cffaaf7ea3c1ffe1edbdd6a912f40bf167f012d8
workspace/第05轮_联合仿真M0_20260919/ns-3-ub/repo/scratch/20260929-block24-network-contention/cases/c0-balanced/runlog/QueueTrace_node_3_port_0.tr,ccb84fe70cf864abb029c357eb0ff4285cdfafe1f7721a6eb0eb61775c57e82c
workspace/第05轮_联合仿真M0_20260919/ns-3-ub/repo/scratch/20260929-block24-network-contention/cases/c0-balanced/runlog/QueueTrace_node_4_port_0.tr,b374c9bde479b13bb6970b9999f626d80a1293941b30ff645fd95369a88c0ed4
workspace/第05轮_联合仿真M0_20260919/ns-3-ub/repo/scratch/20260929-block24-network-contention/cases/c0-balanced/runlog/QueueTrace_node_5_port_0.tr,aeabff13cb5c410f494c2c2e0e2fcd191667366fc00da9063374065887272413
workspace/第05轮_联合仿真M0_20260919/ns-3-ub/repo/scratch/20260929-block24-network-contention/cases/c0-balanced/runlog/QueueTrace_node_6_port_0.tr,9f2936e2719e4eb85c01adcdf4ea490ee55a5d22656bb15745b752f9806e08a9
workspace/第05轮_联合仿真M0_20260919/ns-3-ub/repo/scratch/20260929-block24-network-contention/cases/c0-balanced/runlog/QueueTrace_node_7_port_0.tr,f3bcd70af69e43d40c385b474c227fb7229044d712c4ff4e3dd27c7e0a0f5765
workspace/第05轮_联合仿真M0_20260919/ns-3-ub/repo/scratch/20260929-block24-network-contention/cases/c0-balanced/runlog/QueueTrace_node_8_port_0.tr,61f706b2cab33f8309e0d84f8b5dedf3898294e3561205cf2d76f22416f4a96f
workspace/第05轮_联合仿真M0_20260919/ns-3-ub/repo/scratch/20260929-block24-network-contention/cases/c0-balanced/runlog/QueueTrace_node_8_port_1.tr,ec64350cb46a05363887d3036067ff6212aaf4b6f7ce6ffd69a26b36de33390f
workspace/第05轮_联合仿真M0_20260919/ns-3-ub/repo/scratch/20260929-block24-network-contention/cases/c0-balanced/runlog/QueueTrace_node_8_port_2.tr,080e69dda27278d356632d3d2987a8b93250c81355a7e9564e3ff2e3d9e5b660
workspace/第05轮_联合仿真M0_20260919/ns-3-ub/repo/scratch/20260929-block24-network-contention/cases/c0-balanced/runlog/QueueTrace_node_8_port_3.tr,f1b3828b6e54b5800c7472b246c558262c4a0d8826a6b7cf27fcb4b31f4fca66
workspace/第05轮_联合仿真M0_20260919/ns-3-ub/repo/scratch/20260929-block24-network-contention/cases/c0-balanced/runlog/QueueTrace_node_8_port_4.tr,1b7a138f65b4f4b7889b5e127841c23a5750d1fbce67466577c27fa44d54903e
workspace/第05轮_联合仿真M0_20260919/ns-3-ub/repo/scratch/20260929-block24-network-contention/cases/c0-balanced/runlog/QueueTrace_node_9_port_0.tr,4d27967a944f82bb521b0dd17c72e5f31f89e8c0754bd3b9c939a02f08dce566
workspace/第05轮_联合仿真M0_20260919/ns-3-ub/repo/scratch/20260929-block24-network-contention/cases/c0-balanced/runlog/QueueTrace_node_9_port_1.tr,ebd993c1257eba05ebd74d9ac34eed694eb16860d0b494df6704f06ae0bf5a4a
workspace/第05轮_联合仿真M0_20260919/ns-3-ub/repo/scratch/20260929-block24-network-contention/cases/c0-balanced/runlog/QueueTrace_node_9_port_2.tr,83ce96c3a2697bfe0541b51feac4a263e0a891a790226e1ffdec273282e81df7
workspace/第05轮_联合仿真M0_20260919/ns-3-ub/repo/scratch/20260929-block24-network-contention/cases/c0-balanced/runlog/QueueTrace_node_9_port_3.tr,117733c50c5bf3a7a1234ac4e30b1e3585eb3c0dc09be5d10115ec923a2246b2
workspace/第05轮_联合仿真M0_20260919/ns-3-ub/repo/scratch/20260929-block24-network-contention/cases/c0-balanced/runlog/QueueTrace_node_9_port_4.tr,2711be1ab0fd13c644dd86a002729b616eca3a709ae21055792ad05c1893edcc
workspace/第05轮_联合仿真M0_20260919/ns-3-ub/repo/scratch/20260929-block24-network-contention/cases/c0-balanced/topology.csv,40e86211c663c88eea9f58bc2bca28969e5e6a9fc6b9f0fc1c879de07e25057b
workspace/第05轮_联合仿真M0_20260919/ns-3-ub/repo/scratch/20260929-block24-network-contention/cases/c0-balanced/traffic.csv,d9b6636a971dac63a3b4f6df87182795acebd571e8610a8825490cdaaa0f74cc
workspace/第05轮_联合仿真M0_20260919/ns-3-ub/repo/scratch/20260929-block24-network-contention/cases/c1-zipf/experiment-spec.md,14d3040d0a68ee5b73edc3f7781905a7e507c40cd04b030afbc862aae544fdf7
workspace/第05轮_联合仿真M0_20260919/ns-3-ub/repo/scratch/20260929-block24-network-contention/cases/c1-zipf/network_attribute.txt,bc6ee76d1805d5ba41a6a8467bfe65d4c89d6a50a666ea9a00f1d22a99ed59cf
workspace/第05轮_联合仿真M0_20260919/ns-3-ub/repo/scratch/20260929-block24-network-contention/cases/c1-zipf/node.csv,4a2f3f7797805708ca8d127ed98111cffec3990c7bbc4e2164fe1202fc4579cf
workspace/第05轮_联合仿真M0_20260919/ns-3-ub/repo/scratch/20260929-block24-network-contention/cases/c1-zipf/output/task_statistics.csv,498f9b89687aa9c50070fe643d4f70d8d41c1be1a5d6e6a48b7c2d8229712753
workspace/第05轮_联合仿真M0_20260919/ns-3-ub/repo/scratch/20260929-block24-network-contention/cases/c1-zipf/routing_table.csv,8dd4afb6805ab67dbecc4d4e3e8f76b6ef33e4f676218ca90aba881f79f5a185
workspace/第05轮_联合仿真M0_20260919/ns-3-ub/repo/scratch/20260929-block24-network-contention/cases/c1-zipf/runlog/QueueTrace_node_0_port_0.tr,4c198874ddd817c3805fc3f8a67f208783f1d57cb639eb0866566cced8b512c4
workspace/第05轮_联合仿真M0_20260919/ns-3-ub/repo/scratch/20260929-block24-network-contention/cases/c1-zipf/runlog/QueueTrace_node_1_port_0.tr,f4d35c84af11e81dc2082e6ac33c7b75fa8023291d679192a787134ec04a1bc4
workspace/第05轮_联合仿真M0_20260919/ns-3-ub/repo/scratch/20260929-block24-network-contention/cases/c1-zipf/runlog/QueueTrace_node_2_port_0.tr,36d0e6efe26c93a1126abaa5f8b7052c4c3708b58b79a3e34c6939890e0816e9
workspace/第05轮_联合仿真M0_20260919/ns-3-ub/repo/scratch/20260929-block24-network-contention/cases/c1-zipf/runlog/QueueTrace_node_3_port_0.tr,7de7e403b88ec546ed3caab4153d19eeb9c80502f95b15a69d6c88f5a095b555
workspace/第05轮_联合仿真M0_20260919/ns-3-ub/repo/scratch/20260929-block24-network-contention/cases/c1-zipf/runlog/QueueTrace_node_4_port_0.tr,04e8457fd8a989c1e0387ca484628681438d1b1413a6c2fa59ee3518e1110472
workspace/第05轮_联合仿真M0_20260919/ns-3-ub/repo/scratch/20260929-block24-network-contention/cases/c1-zipf/runlog/QueueTrace_node_5_port_0.tr,d48aa4dd58d7b9a04133fb642c3239aa590769f21d33eaea8d366185b8f81f9c
workspace/第05轮_联合仿真M0_20260919/ns-3-ub/repo/scratch/20260929-block24-network-contention/cases/c1-zipf/runlog/QueueTrace_node_6_port_0.tr,feb9b0fcb96e0c07efb682b86deab219ee86d1567aae883443d223261516cff8
workspace/第05轮_联合仿真M0_20260919/ns-3-ub/repo/scratch/20260929-block24-network-contention/cases/c1-zipf/runlog/QueueTrace_node_7_port_0.tr,92c26c93f3888dd269f491bf2d0aa9ea739e0c575767f52a97ba97536054a997
workspace/第05轮_联合仿真M0_20260919/ns-3-ub/repo/scratch/20260929-block24-network-contention/cases/c1-zipf/runlog/QueueTrace_node_8_port_0.tr,1fff2b68a38e50805212f58f72d7761d9df4fbc6e7905cc9c4ac24cee43eb29e
workspace/第05轮_联合仿真M0_20260919/ns-3-ub/repo/scratch/20260929-block24-network-contention/cases/c1-zipf/runlog/QueueTrace_node_8_port_1.tr,4b3363a2c01b4398bcbcf862affa78133a53f36d807a8c3ae4bfb4b25b391058
workspace/第05轮_联合仿真M0_20260919/ns-3-ub/repo/scratch/20260929-block24-network-contention/cases/c1-zipf/runlog/QueueTrace_node_8_port_2.tr,107e3bf7b2a23edaf1bcc07bff668b8ca3b5e64146f9414633b978403d8e1312
workspace/第05轮_联合仿真M0_20260919/ns-3-ub/repo/scratch/20260929-block24-network-contention/cases/c1-zipf/runlog/QueueTrace_node_8_port_3.tr,f322a3482c833b52b4456da8cc5d8a34ee607ef867c6934e8f79a058e49ba6e4
workspace/第05轮_联合仿真M0_20260919/ns-3-ub/repo/scratch/20260929-block24-network-contention/cases/c1-zipf/runlog/QueueTrace_node_8_port_4.tr,f6b488f2b9ba97640f6180b7ca92e06d43840797faf1cef735533a7fe06cf755
workspace/第05轮_联合仿真M0_20260919/ns-3-ub/repo/scratch/20260929-block24-network-contention/cases/c1-zipf/runlog/QueueTrace_node_9_port_0.tr,8131468f1a0d37f263084e3d464fbfd1a5c3ba2ba466992b2dc640fc46e888e9
workspace/第05轮_联合仿真M0_20260919/ns-3-ub/repo/scratch/20260929-block24-network-contention/cases/c1-zipf/runlog/QueueTrace_node_9_port_1.tr,233e8546a30e6aea6a7a3859f77913ef90cbba472b30d9eca03181862a923363
workspace/第05轮_联合仿真M0_20260919/ns-3-ub/repo/scratch/20260929-block24-network-contention/cases/c1-zipf/runlog/QueueTrace_node_9_port_2.tr,ff4d00f8b22ba5b904d0f2761840fbad22f73ac44b27193f1d46403e0b898d6d
workspace/第05轮_联合仿真M0_20260919/ns-3-ub/repo/scratch/20260929-block24-network-contention/cases/c1-zipf/runlog/QueueTrace_node_9_port_3.tr,e2564e6be75a06bf9f93458bbf573e8ae36d91eabd2204a490293ec966a8e07c
workspace/第05轮_联合仿真M0_20260919/ns-3-ub/repo/scratch/20260929-block24-network-contention/cases/c1-zipf/runlog/QueueTrace_node_9_port_4.tr,e8910bc108494132bb96ba2d13a57c21c4d243b45b798fdb6f05981218a699ca
workspace/第05轮_联合仿真M0_20260919/ns-3-ub/repo/scratch/20260929-block24-network-contention/cases/c1-zipf/topology.csv,40e86211c663c88eea9f58bc2bca28969e5e6a9fc6b9f0fc1c879de07e25057b
workspace/第05轮_联合仿真M0_20260919/ns-3-ub/repo/scratch/20260929-block24-network-contention/cases/c1-zipf/traffic.csv,a1ccaecdcbc5fd66d9c974f6451f5da5b3f92fe449d8da55797f529a03c79356
workspace/第05轮_联合仿真M0_20260919/ns-3-ub/repo/scratch/20260929-block24-network-contention/cases/c2-hot/experiment-spec.md,bbb66ace16bd8a3a600a4ea31c9d2b2f33f24f1cf8eb62384e6781f1c19a2aec
workspace/第05轮_联合仿真M0_20260919/ns-3-ub/repo/scratch/20260929-block24-network-contention/cases/c2-hot/network_attribute.txt,bc6ee76d1805d5ba41a6a8467bfe65d4c89d6a50a666ea9a00f1d22a99ed59cf
workspace/第05轮_联合仿真M0_20260919/ns-3-ub/repo/scratch/20260929-block24-network-contention/cases/c2-hot/node.csv,4a2f3f7797805708ca8d127ed98111cffec3990c7bbc4e2164fe1202fc4579cf
workspace/第05轮_联合仿真M0_20260919/ns-3-ub/repo/scratch/20260929-block24-network-contention/cases/c2-hot/output/task_statistics.csv,4d0fd0870b274acbd790cea70f2662bb4d64fed02793e8c3aa3fe0f4ee32bcbd
workspace/第05轮_联合仿真M0_20260919/ns-3-ub/repo/scratch/20260929-block24-network-contention/cases/c2-hot/routing_table.csv,8dd4afb6805ab67dbecc4d4e3e8f76b6ef33e4f676218ca90aba881f79f5a185
workspace/第05轮_联合仿真M0_20260919/ns-3-ub/repo/scratch/20260929-block24-network-contention/cases/c2-hot/runlog/QueueTrace_node_0_port_0.tr,2bd94083789a546d36524633c5b6bccbd64a3453d29e4318efacef9eaed43865
workspace/第05轮_联合仿真M0_20260919/ns-3-ub/repo/scratch/20260929-block24-network-contention/cases/c2-hot/runlog/QueueTrace_node_1_port_0.tr,b9fd40da98f9928bde998e81234d60608ed228182155abba2d930ab6c1ad702f
workspace/第05轮_联合仿真M0_20260919/ns-3-ub/repo/scratch/20260929-block24-network-contention/cases/c2-hot/runlog/QueueTrace_node_2_port_0.tr,eb09edad818e2fca4257754abba21d87f37ffe59a2b07f7604f4e5217184595b
workspace/第05轮_联合仿真M0_20260919/ns-3-ub/repo/scratch/20260929-block24-network-contention/cases/c2-hot/runlog/QueueTrace_node_3_port_0.tr,bdb081df4ab4c33813cd5ecb662f9c687bd403499298d20d586bf6658ec678d2
workspace/第05轮_联合仿真M0_20260919/ns-3-ub/repo/scratch/20260929-block24-network-contention/cases/c2-hot/runlog/QueueTrace_node_4_port_0.tr,7c82fa2f8c1c005e0d5c6904f404772f2d47d96371f57772e062c2c0322d6d6f
workspace/第05轮_联合仿真M0_20260919/ns-3-ub/repo/scratch/20260929-block24-network-contention/cases/c2-hot/runlog/QueueTrace_node_5_port_0.tr,52a4d72c2c3b00f891b2ffe53d685e333c6814ef0554b7fefe99a97d6f80e88a
workspace/第05轮_联合仿真M0_20260919/ns-3-ub/repo/scratch/20260929-block24-network-contention/cases/c2-hot/runlog/QueueTrace_node_6_port_0.tr,aa85bff9e9a5765866b823a642457bf4dadf9c7fc8ad9d0c68eca9e5b9640c0f
workspace/第05轮_联合仿真M0_20260919/ns-3-ub/repo/scratch/20260929-block24-network-contention/cases/c2-hot/runlog/QueueTrace_node_7_port_0.tr,a6a5368f1ccf8bb4c853c5362a65bd3de7523acec48f9884edf433d0356180b4
workspace/第05轮_联合仿真M0_20260919/ns-3-ub/repo/scratch/20260929-block24-network-contention/cases/c2-hot/runlog/QueueTrace_node_8_port_0.tr,65c6b97347a436b78d92a7cf88ad53df17003cc9bc206bff0067900348875413
workspace/第05轮_联合仿真M0_20260919/ns-3-ub/repo/scratch/20260929-block24-network-contention/cases/c2-hot/runlog/QueueTrace_node_8_port_1.tr,c5e33dd44d2b2f0214f3b56149574e230e2dfb6c3329bf30b27d72426527e503
workspace/第05轮_联合仿真M0_20260919/ns-3-ub/repo/scratch/20260929-block24-network-contention/cases/c2-hot/runlog/QueueTrace_node_8_port_2.tr,c9fbf53b588ba067756537378c5e72e91b122f52fd389e55b4ba7bbf5356b58a
workspace/第05轮_联合仿真M0_20260919/ns-3-ub/repo/scratch/20260929-block24-network-contention/cases/c2-hot/runlog/QueueTrace_node_8_port_3.tr,ee8eabaf24caf690d47f9046b181dbcc6f3920baf01c86375f17651993487ddc
workspace/第05轮_联合仿真M0_20260919/ns-3-ub/repo/scratch/20260929-block24-network-contention/cases/c2-hot/runlog/QueueTrace_node_8_port_4.tr,c6f371b78ea49a17d6807a51221fd9a110cc60f1c95f626d36a94c89484a6d3f
workspace/第05轮_联合仿真M0_20260919/ns-3-ub/repo/scratch/20260929-block24-network-contention/cases/c2-hot/runlog/QueueTrace_node_9_port_0.tr,e9047a01a88d67ce6c46a674c3f80e528f31fe4e71b0860860a612dcbfdb4fe8
workspace/第05轮_联合仿真M0_20260919/ns-3-ub/repo/scratch/20260929-block24-network-contention/cases/c2-hot/runlog/QueueTrace_node_9_port_1.tr,7d603d3002a51fbe28aed7aa935b91f561be022e1927f605efc8b616240a7e80
workspace/第05轮_联合仿真M0_20260919/ns-3-ub/repo/scratch/20260929-block24-network-contention/cases/c2-hot/runlog/QueueTrace_node_9_port_2.tr,e1500b0ab576500068fa41750d5bb9bf277873b86820e6c31d6cec4fd3ab6f9b
workspace/第05轮_联合仿真M0_20260919/ns-3-ub/repo/scratch/20260929-block24-network-contention/cases/c2-hot/runlog/QueueTrace_node_9_port_3.tr,327946bde92c173a9269964ff9124a05464a5b38db6e9b70ae421130f5088e9c
workspace/第05轮_联合仿真M0_20260919/ns-3-ub/repo/scratch/20260929-block24-network-contention/cases/c2-hot/runlog/QueueTrace_node_9_port_4.tr,d1dce50f63e14873cb2cf617443df3d8cd0995cc5565b52948ca90c801ee0ef6
workspace/第05轮_联合仿真M0_20260919/ns-3-ub/repo/scratch/20260929-block24-network-contention/cases/c2-hot/topology.csv,40e86211c663c88eea9f58bc2bca28969e5e6a9fc6b9f0fc1c879de07e25057b
workspace/第05轮_联合仿真M0_20260919/ns-3-ub/repo/scratch/20260929-block24-network-contention/cases/c2-hot/traffic.csv,7e2888633fca334fc4a5ec6f62fbff1ffd0663e1a5552285d4de5228dbec1794
workspace/第05轮_联合仿真M0_20260919/ns-3-ub/repo/scratch/20260929-block24-network-contention/experiment-plan.md,11bac6ea5cdb88919ce3fc60d695aafed940aeeb3e4c68c048fda1c33130d82c
workspace/第05轮_联合仿真M0_20260919/ns-3-ub/repo/scratch/20260929-block24-network-contention/matrix.yaml,4dd4f57d1c682adbf63576cd8c191b31b57444cbfd7015af4fb6e27d9f9cc0fc
workspace/第05轮_联合仿真M0_20260919/ns-3-ub/repo/scratch/20260929-block24-network-contention/run-ledger.md,a9d2b5d8851d84ff0728d62b6f333b4edb42423da6b971a19ab43dff3052eb1b
workspace/第05轮_联合仿真M0_20260919/ns-3-ub/repo/scratch/20260930-long-window-contention/case/output/task_statistics.csv,f712f6a42670e3e9e469bea5b4f887e2786185fa8e75bc14a3ac1628c508ff79
workspace/第05轮_联合仿真M0_20260919/ns-3-ub/repo/scratch/20260930-long-window-contention/case/runlog/AllPacketTrace_PKT_node_0.tr,6630c19a62fe15267a86a0e421d9627cabefa979bfade1b46036f70032fcf075
workspace/第05轮_联合仿真M0_20260919/ns-3-ub/repo/scratch/20260930-long-window-contention/case/runlog/AllPacketTrace_PKT_node_1.tr,2a1b85148329dc15b0198e4c4838a92c6d55b47a2b3dace68ed35f4543313874
workspace/第05轮_联合仿真M0_20260919/ns-3-ub/repo/scratch/20260930-long-window-contention/case/runlog/AllPacketTrace_PKT_node_2.tr,e1fcf63c6241a222db84b7b685ab3cf2683abd2b521d4f3506f7a47ef31872fd
workspace/第05轮_联合仿真M0_20260919/ns-3-ub/repo/scratch/20260930-long-window-contention/case/runlog/AllPacketTrace_PKT_node_3.tr,71ed7e3e7e75837b76fe14f6e0e9e9a0f180aa1f17238630872251d5490bebc0
workspace/第05轮_联合仿真M0_20260919/ns-3-ub/repo/scratch/20260930-long-window-contention/case/runlog/AllPacketTrace_PKT_node_4.tr,50148cb47d5115a7f2aa941dff8038c7fc791f14e9777edc47d05bc9d85836bc
workspace/第05轮_联合仿真M0_20260919/ns-3-ub/repo/scratch/20260930-long-window-contention/case/runlog/AllPacketTrace_PKT_node_5.tr,452e0f1355f369c6ee40997e30df22a3973a84c50623bd11100f2592c9d107cc
workspace/第05轮_联合仿真M0_20260919/ns-3-ub/repo/scratch/20260930-long-window-contention/case/runlog/AllPacketTrace_PKT_node_6.tr,5e8ce0c2c7aa46b1aca225bbc22d6c123377375137aa0509383ac51111ae941d
workspace/第05轮_联合仿真M0_20260919/ns-3-ub/repo/scratch/20260930-long-window-contention/case/runlog/AllPacketTrace_PKT_node_7.tr,a48d82a119bc6702d5d9a59c320d24445696e6c5bde2ebb1098f42af74ef7789
workspace/第05轮_联合仿真M0_20260919/ns-3-ub/repo/scratch/20260930-long-window-contention/case/runlog/PortTrace_node_8_port_4.tr,c880e99e6ffb0566bc1fc1547d80e5d4c8a10c6272af208ee982132b0de872a1
workspace/第05轮_联合仿真M0_20260919/ns-3-ub/repo/scratch/20260930-long-window-contention/case/runlog/PortTrace_node_9_port_4.tr,5e3c4d85c5c725a4cb6e98dabfc63c3838859b064839e92ee85e28dcbf5c5fcb
workspace/第05轮_联合仿真M0_20260919/ns-3-ub/repo/scratch/20260930-long-window-contention/case/runlog/QueueTrace_node_8_port_4.tr,69b1effc1370f553d29bb41b9cca59a56681fb9daafe61a1957834120c1e3c39
workspace/第05轮_联合仿真M0_20260919/ns-3-ub/repo/scratch/20260930-long-window-contention/case/runlog/QueueTrace_node_9_port_4.tr,dde5279f2b666d3b407fc3808dff774344e1b9a597d1eea1065ba3dc3f3f53f2
workspace/第05轮_联合仿真M0_20260919/ns-3-ub/repo/scratch/20260930-long-window-contention/case/traffic.csv,f993129d5ed461dd28b2c18e250f70944747f172505980d7437bd13acef1c020
workspace/第06轮_SimAI与LLMServingSim_trace分析_20260924/tools/parse_llmservingsim_trace.py,c7bd6acac976e553a8bf7971f41c92818ef68cd5f1fb3ab30dd5749121dbb42a
workspace/第07轮_Block24端到端collective_profile_20260926/analysis/block24_packet_profile.csv,921cad46539208fed6b133f4659743546eb38edf4e6767b635d2f4525203d024
workspace/第07轮_Block24端到端collective_profile_20260926/analysis/block24_summary.json,2fcf6d01c2ba529f2b8de2312cdc9030a4e882bc4e1fa3640f2dee8c091f8e3b
workspace/第07轮_Block24端到端collective_profile_20260926/case_snapshot/flow_manifest.csv,522f29df9236bfedc337b35b07cf81cd47bde0a5c1cd1e3e761afa053e06d786
workspace/第09轮_模型硬件拓扑trace与网络竞争_20260929/experiments/llmservingsim_input_sweep/astra_inputs/round09-i1024-o32/network/network.yml,a32a61c1287c6cd8da0547ed93cdc01664a234b84207629fe1321e346fe553bb
workspace/第09轮_模型硬件拓扑trace与网络竞争_20260929/experiments/llmservingsim_input_sweep/astra_inputs/round09-i1024-o32/system/system.json,b2cf62643b641bf2599a1032fdd2a5c97b3378944f29b32f37c567bceb089c89
workspace/第09轮_模型硬件拓扑trace与网络竞争_20260929/experiments/llmservingsim_input_sweep/astra_inputs/round09-i1024-o32/trace/RTXPRO6000/Qwen/Qwen3-30B-A3B-Instruct-2507/instance0_batch0.txt,e6d43c796a9df1fd3b14a0ff427ba3958c350ec8baa27fa577a88212073cde1c
workspace/第09轮_模型硬件拓扑trace与网络竞争_20260929/experiments/llmservingsim_input_sweep/astra_inputs/round09-i1024-o32/trace/RTXPRO6000/Qwen/Qwen3-30B-A3B-Instruct-2507/instance0_batch1.txt,2a1127c88e27d4b072794c0ef39705009db2f0144385749dc103a088dfd1473a
workspace/第09轮_模型硬件拓扑trace与网络竞争_20260929/experiments/llmservingsim_input_sweep/astra_inputs/round09-i1024-o32/trace/RTXPRO6000/Qwen/Qwen3-30B-A3B-Instruct-2507/instance0_batch10.txt,fc9e91d32b79cdd379df166e09af95f721350f4f3884c2ef0344ab679a398b46
workspace/第09轮_模型硬件拓扑trace与网络竞争_20260929/experiments/llmservingsim_input_sweep/astra_inputs/round09-i1024-o32/trace/RTXPRO6000/Qwen/Qwen3-30B-A3B-Instruct-2507/instance0_batch11.txt,0ead5fd355f8adc4469f5707f761d984b9c92dab7b5bf0ed84f1e7cbb996e559
workspace/第09轮_模型硬件拓扑trace与网络竞争_20260929/experiments/llmservingsim_input_sweep/astra_inputs/round09-i1024-o32/trace/RTXPRO6000/Qwen/Qwen3-30B-A3B-Instruct-2507/instance0_batch12.txt,456c5d7644d4cce7561bdd3d556664dd2d67d15324b1337c170bcea470c14b9b
workspace/第09轮_模型硬件拓扑trace与网络竞争_20260929/experiments/llmservingsim_input_sweep/astra_inputs/round09-i1024-o32/trace/RTXPRO6000/Qwen/Qwen3-30B-A3B-Instruct-2507/instance0_batch13.txt,79269a90ad1ab4e9d485f92912ad64a140afaa950e3303307c9265115b68ad87
workspace/第09轮_模型硬件拓扑trace与网络竞争_20260929/experiments/llmservingsim_input_sweep/astra_inputs/round09-i1024-o32/trace/RTXPRO6000/Qwen/Qwen3-30B-A3B-Instruct-2507/instance0_batch14.txt,c24968bd688efb8c44ff4aa4ad42d0b500aa878180e03b0d5292a905b97ddc76
workspace/第09轮_模型硬件拓扑trace与网络竞争_20260929/experiments/llmservingsim_input_sweep/astra_inputs/round09-i1024-o32/trace/RTXPRO6000/Qwen/Qwen3-30B-A3B-Instruct-2507/instance0_batch15.txt,4334d86c2943305a8545d933882b31ccdb3400a388d3589a84b778fe5f15fe86
workspace/第09轮_模型硬件拓扑trace与网络竞争_20260929/experiments/llmservingsim_input_sweep/astra_inputs/round09-i1024-o32/trace/RTXPRO6000/Qwen/Qwen3-30B-A3B-Instruct-2507/instance0_batch16.txt,46041300372e095a70df213651c145af1eea7e1d62d5d4d6d8393a54a80face7
workspace/第09轮_模型硬件拓扑trace与网络竞争_20260929/experiments/llmservingsim_input_sweep/astra_inputs/round09-i1024-o32/trace/RTXPRO6000/Qwen/Qwen3-30B-A3B-Instruct-2507/instance0_batch17.txt,edeeb94461c34edc5bd26ef997f5eb426b65ba0ba3398514cc57c650efe857ca
workspace/第09轮_模型硬件拓扑trace与网络竞争_20260929/experiments/llmservingsim_input_sweep/astra_inputs/round09-i1024-o32/trace/RTXPRO6000/Qwen/Qwen3-30B-A3B-Instruct-2507/instance0_batch18.txt,07afdd278a5d3c2634d2b6ae4fc7d28ec1eb4b67001c3242133a978a245ad8be
workspace/第09轮_模型硬件拓扑trace与网络竞争_20260929/experiments/llmservingsim_input_sweep/astra_inputs/round09-i1024-o32/trace/RTXPRO6000/Qwen/Qwen3-30B-A3B-Instruct-2507/instance0_batch19.txt,f0348d308ed44cc6a42f2106c0c8d39cdef70e55fee90a7eab1fa56ad88dada7
workspace/第09轮_模型硬件拓扑trace与网络竞争_20260929/experiments/llmservingsim_input_sweep/astra_inputs/round09-i1024-o32/trace/RTXPRO6000/Qwen/Qwen3-30B-A3B-Instruct-2507/instance0_batch2.txt,22c1411929d960ac9793ba8f2f126bfdc3c9765a3918dbefd759f3ed10c22c72
workspace/第09轮_模型硬件拓扑trace与网络竞争_20260929/experiments/llmservingsim_input_sweep/astra_inputs/round09-i1024-o32/trace/RTXPRO6000/Qwen/Qwen3-30B-A3B-Instruct-2507/instance0_batch20.txt,5731c82102d87cc4f98427b028ac8c3ac0bf03188f21cb0bc8ba76b1f1782cc3
workspace/第09轮_模型硬件拓扑trace与网络竞争_20260929/experiments/llmservingsim_input_sweep/astra_inputs/round09-i1024-o32/trace/RTXPRO6000/Qwen/Qwen3-30B-A3B-Instruct-2507/instance0_batch21.txt,c66c37a7404fd2791cf46b9a8d8219c5e5fcd2db9a4eacb335c1e6a2c6c9e07d
workspace/第09轮_模型硬件拓扑trace与网络竞争_20260929/experiments/llmservingsim_input_sweep/astra_inputs/round09-i1024-o32/trace/RTXPRO6000/Qwen/Qwen3-30B-A3B-Instruct-2507/instance0_batch22.txt,72c35ba729d2695879f1a6fc2b96b6aed7c31bfb45fd18194c02e8f603274388
workspace/第09轮_模型硬件拓扑trace与网络竞争_20260929/experiments/llmservingsim_input_sweep/astra_inputs/round09-i1024-o32/trace/RTXPRO6000/Qwen/Qwen3-30B-A3B-Instruct-2507/instance0_batch23.txt,e5f33dbb90037e038fd85070b57c418d1dca33d99701c0604fee59c61ba4afe1
workspace/第09轮_模型硬件拓扑trace与网络竞争_20260929/experiments/llmservingsim_input_sweep/astra_inputs/round09-i1024-o32/trace/RTXPRO6000/Qwen/Qwen3-30B-A3B-Instruct-2507/instance0_batch24.txt,9f4c31d956f2b1c91322ba89b95108d013b53d77e429511e72ec753414e84d17
workspace/第09轮_模型硬件拓扑trace与网络竞争_20260929/experiments/llmservingsim_input_sweep/astra_inputs/round09-i1024-o32/trace/RTXPRO6000/Qwen/Qwen3-30B-A3B-Instruct-2507/instance0_batch25.txt,0431dab41cc6de327442e5b5b373b79dd2a3ceb129c0285d9218a42e17e3af7f
workspace/第09轮_模型硬件拓扑trace与网络竞争_20260929/experiments/llmservingsim_input_sweep/astra_inputs/round09-i1024-o32/trace/RTXPRO6000/Qwen/Qwen3-30B-A3B-Instruct-2507/instance0_batch26.txt,b3011c558ee7e3cb1c1b61dc45e79190892bbf1f33d8b35b9e3bdf81991fcdec
workspace/第09轮_模型硬件拓扑trace与网络竞争_20260929/experiments/llmservingsim_input_sweep/astra_inputs/round09-i1024-o32/trace/RTXPRO6000/Qwen/Qwen3-30B-A3B-Instruct-2507/instance0_batch27.txt,026dc3d26da197190b3afda9f87c15a953e5ae80e18eccd17edd6fbac72027c9
workspace/第09轮_模型硬件拓扑trace与网络竞争_20260929/experiments/llmservingsim_input_sweep/astra_inputs/round09-i1024-o32/trace/RTXPRO6000/Qwen/Qwen3-30B-A3B-Instruct-2507/instance0_batch28.txt,c14b8402376b24f2322ec44e4f8deaf1c35bd54550eeab7805fdb545c3419e29
workspace/第09轮_模型硬件拓扑trace与网络竞争_20260929/experiments/llmservingsim_input_sweep/astra_inputs/round09-i1024-o32/trace/RTXPRO6000/Qwen/Qwen3-30B-A3B-Instruct-2507/instance0_batch29.txt,03c5b6eeb1e079e0e82f5cfb07ad0998b9a653c8d983d427ec3c14b2b29320a6
workspace/第09轮_模型硬件拓扑trace与网络竞争_20260929/experiments/llmservingsim_input_sweep/astra_inputs/round09-i1024-o32/trace/RTXPRO6000/Qwen/Qwen3-30B-A3B-Instruct-2507/instance0_batch3.txt,e1dc36fa4bd3e61f857a806f1301a263355e56ebefc0e08dd5bdb7163226e4d1
workspace/第09轮_模型硬件拓扑trace与网络竞争_20260929/experiments/llmservingsim_input_sweep/astra_inputs/round09-i1024-o32/trace/RTXPRO6000/Qwen/Qwen3-30B-A3B-Instruct-2507/instance0_batch30.txt,21fc530dfe956a5596f4b04e85c3a64477087c19fa4cf85419730a1c65317805
workspace/第09轮_模型硬件拓扑trace与网络竞争_20260929/experiments/llmservingsim_input_sweep/astra_inputs/round09-i1024-o32/trace/RTXPRO6000/Qwen/Qwen3-30B-A3B-Instruct-2507/instance0_batch31.txt,c7b1665785869ea32caf80dc430d4ad006c91ef14a45ab42b61ce7e78fefe6aa
workspace/第09轮_模型硬件拓扑trace与网络竞争_20260929/experiments/llmservingsim_input_sweep/astra_inputs/round09-i1024-o32/trace/RTXPRO6000/Qwen/Qwen3-30B-A3B-Instruct-2507/instance0_batch4.txt,fb33ecf0038198abbb4c13f2204136b991b6fb8c6686faad99363a5d4771da0a
workspace/第09轮_模型硬件拓扑trace与网络竞争_20260929/experiments/llmservingsim_input_sweep/astra_inputs/round09-i1024-o32/trace/RTXPRO6000/Qwen/Qwen3-30B-A3B-Instruct-2507/instance0_batch5.txt,30644a458f991955cbdc54e85dd54d0b0049beced166322100fb467d2d28b1ba
workspace/第09轮_模型硬件拓扑trace与网络竞争_20260929/experiments/llmservingsim_input_sweep/astra_inputs/round09-i1024-o32/trace/RTXPRO6000/Qwen/Qwen3-30B-A3B-Instruct-2507/instance0_batch6.txt,2aac922d30137e7cf654538f560e14eeaac68b8c45abfb209d2fc55ecf3029ae
workspace/第09轮_模型硬件拓扑trace与网络竞争_20260929/experiments/llmservingsim_input_sweep/astra_inputs/round09-i1024-o32/trace/RTXPRO6000/Qwen/Qwen3-30B-A3B-Instruct-2507/instance0_batch7.txt,474c7902a1f4c3535c45214cfe280202760c7303705bd60d83ee5253068caa3f
workspace/第09轮_模型硬件拓扑trace与网络竞争_20260929/experiments/llmservingsim_input_sweep/astra_inputs/round09-i1024-o32/trace/RTXPRO6000/Qwen/Qwen3-30B-A3B-Instruct-2507/instance0_batch8.txt,40c2ecdd65ceb428d67f343d6cc705ff9219168378a165dbbd1b3e1c4d16d4ee
workspace/第09轮_模型硬件拓扑trace与网络竞争_20260929/experiments/llmservingsim_input_sweep/astra_inputs/round09-i1024-o32/trace/RTXPRO6000/Qwen/Qwen3-30B-A3B-Instruct-2507/instance0_batch9.txt,fe289947961132b52721ee14513c3d92a1201f2d80d06afadf4c8795274f3888
workspace/第09轮_模型硬件拓扑trace与网络竞争_20260929/experiments/llmservingsim_input_sweep/astra_inputs/round09-i1024-o32/workload/RTXPRO6000/Qwen/Qwen3-30B-A3B-Instruct-2507/instance0_batch0/llm.0.et,3be1685fbb596ed08ba3f27fedc6b746128ad76b33e641a06c775cda98b5e311
workspace/第09轮_模型硬件拓扑trace与网络竞争_20260929/experiments/llmservingsim_input_sweep/astra_inputs/round09-i1024-o32/workload/RTXPRO6000/Qwen/Qwen3-30B-A3B-Instruct-2507/instance0_batch0/llm.1.et,708aac73653730803eb30e1e606c5314cdd37b6cfadf827da7acddb0f94a2433
workspace/第09轮_模型硬件拓扑trace与网络竞争_20260929/experiments/llmservingsim_input_sweep/astra_inputs/round09-i1024-o32/workload/RTXPRO6000/Qwen/Qwen3-30B-A3B-Instruct-2507/instance0_batch1/llm.0.et,a55ad7a4937d4248d05e88f4d1ddae61cabff424c7b615c1557b0791914e6601
workspace/第09轮_模型硬件拓扑trace与网络竞争_20260929/experiments/llmservingsim_input_sweep/astra_inputs/round09-i1024-o32/workload/RTXPRO6000/Qwen/Qwen3-30B-A3B-Instruct-2507/instance0_batch1/llm.1.et,6af92e65fac2580aa20c42cba9e961109340c94dceda0c3d9203b5700fa69acb
workspace/第09轮_模型硬件拓扑trace与网络竞争_20260929/experiments/llmservingsim_input_sweep/astra_inputs/round09-i1024-o32/workload/RTXPRO6000/Qwen/Qwen3-30B-A3B-Instruct-2507/instance0_batch10/llm.0.et,b4c519966211a1a64ee8f37f152d6763900a6f1bd04b82111a0681d539a81e20
workspace/第09轮_模型硬件拓扑trace与网络竞争_20260929/experiments/llmservingsim_input_sweep/astra_inputs/round09-i1024-o32/workload/RTXPRO6000/Qwen/Qwen3-30B-A3B-Instruct-2507/instance0_batch10/llm.1.et,d81f85564b6c6f36236944415378d22dc7cc9e94767166ed930e8226bd158820
workspace/第09轮_模型硬件拓扑trace与网络竞争_20260929/experiments/llmservingsim_input_sweep/astra_inputs/round09-i1024-o32/workload/RTXPRO6000/Qwen/Qwen3-30B-A3B-Instruct-2507/instance0_batch11/llm.0.et,18efede2ddbbf5f1a3a79efbb6a98aa7bb820652e5a31722ce51914c4c93318f
workspace/第09轮_模型硬件拓扑trace与网络竞争_20260929/experiments/llmservingsim_input_sweep/astra_inputs/round09-i1024-o32/workload/RTXPRO6000/Qwen/Qwen3-30B-A3B-Instruct-2507/instance0_batch11/llm.1.et,543a68c73f878910ed45df8268a74ee56371de67a98cd6c820bd1bf113bee14f
workspace/第09轮_模型硬件拓扑trace与网络竞争_20260929/experiments/llmservingsim_input_sweep/astra_inputs/round09-i1024-o32/workload/RTXPRO6000/Qwen/Qwen3-30B-A3B-Instruct-2507/instance0_batch12/llm.0.et,c7af9ac788ffd22f9d548c890aa75c3cda925a254ecff8ea4db389fbf5a00886
workspace/第09轮_模型硬件拓扑trace与网络竞争_20260929/experiments/llmservingsim_input_sweep/astra_inputs/round09-i1024-o32/workload/RTXPRO6000/Qwen/Qwen3-30B-A3B-Instruct-2507/instance0_batch12/llm.1.et,d37f6c2259e3e02eadf47647a7c6dfaa31e87ac2b5377843b3becbef645f64ce
workspace/第09轮_模型硬件拓扑trace与网络竞争_20260929/experiments/llmservingsim_input_sweep/astra_inputs/round09-i1024-o32/workload/RTXPRO6000/Qwen/Qwen3-30B-A3B-Instruct-2507/instance0_batch13/llm.0.et,ce1bbfa0e643033bd32139f725d94eb2a4e88e11e60557312f04fadbbc7528e5
workspace/第09轮_模型硬件拓扑trace与网络竞争_20260929/experiments/llmservingsim_input_sweep/astra_inputs/round09-i1024-o32/workload/RTXPRO6000/Qwen/Qwen3-30B-A3B-Instruct-2507/instance0_batch13/llm.1.et,9fccaa71358195e4ec57ac06ef71f9d9f13bef9778dea5a29b69acc8e7e5ca57
workspace/第09轮_模型硬件拓扑trace与网络竞争_20260929/experiments/llmservingsim_input_sweep/astra_inputs/round09-i1024-o32/workload/RTXPRO6000/Qwen/Qwen3-30B-A3B-Instruct-2507/instance0_batch14/llm.0.et,a53bde0d9f266248cbbab876f383dc57589f6ab8dba1e30769aa172d102a34de
workspace/第09轮_模型硬件拓扑trace与网络竞争_20260929/experiments/llmservingsim_input_sweep/astra_inputs/round09-i1024-o32/workload/RTXPRO6000/Qwen/Qwen3-30B-A3B-Instruct-2507/instance0_batch14/llm.1.et,909d3707e12b18d2056361284cc625e26fd3eaf55747b9584225a1b661a22c09
workspace/第09轮_模型硬件拓扑trace与网络竞争_20260929/experiments/llmservingsim_input_sweep/astra_inputs/round09-i1024-o32/workload/RTXPRO6000/Qwen/Qwen3-30B-A3B-Instruct-2507/instance0_batch15/llm.0.et,01c959e9689d1cc03cd990ef5a331b7e4925e2d0d3dd301941ef9aa8d409da2b
workspace/第09轮_模型硬件拓扑trace与网络竞争_20260929/experiments/llmservingsim_input_sweep/astra_inputs/round09-i1024-o32/workload/RTXPRO6000/Qwen/Qwen3-30B-A3B-Instruct-2507/instance0_batch15/llm.1.et,9aadfe78fd06680936c86d0d1b0aa8024acfdecace8009adf47d359b5ae9967e
workspace/第09轮_模型硬件拓扑trace与网络竞争_20260929/experiments/llmservingsim_input_sweep/astra_inputs/round09-i1024-o32/workload/RTXPRO6000/Qwen/Qwen3-30B-A3B-Instruct-2507/instance0_batch16/llm.0.et,e99a08d382db83da3969bbb615411f7e4b27c41e3534b22de4cf2f3d11528562
workspace/第09轮_模型硬件拓扑trace与网络竞争_20260929/experiments/llmservingsim_input_sweep/astra_inputs/round09-i1024-o32/workload/RTXPRO6000/Qwen/Qwen3-30B-A3B-Instruct-2507/instance0_batch16/llm.1.et,0ca93f12663d5ae4c3cc8d88a837060e053ed43c1c3fa4ab2ef9315ae7313ab1
workspace/第09轮_模型硬件拓扑trace与网络竞争_20260929/experiments/llmservingsim_input_sweep/astra_inputs/round09-i1024-o32/workload/RTXPRO6000/Qwen/Qwen3-30B-A3B-Instruct-2507/instance0_batch17/llm.0.et,dae8d6a022dd7f0471a7929d310ea090588e7dacbb187eb6582cc482fbc74a4b
workspace/第09轮_模型硬件拓扑trace与网络竞争_20260929/experiments/llmservingsim_input_sweep/astra_inputs/round09-i1024-o32/workload/RTXPRO6000/Qwen/Qwen3-30B-A3B-Instruct-2507/instance0_batch17/llm.1.et,c4d808d0ffe59cfb67c498025401f363cb597713d4d45c592cf547dd7618fb06
workspace/第09轮_模型硬件拓扑trace与网络竞争_20260929/experiments/llmservingsim_input_sweep/astra_inputs/round09-i1024-o32/workload/RTXPRO6000/Qwen/Qwen3-30B-A3B-Instruct-2507/instance0_batch18/llm.0.et,9c2690bfe0c4b3e591300b102fb361be95bc122152a23b6b4d388969ddcc0d40
workspace/第09轮_模型硬件拓扑trace与网络竞争_20260929/experiments/llmservingsim_input_sweep/astra_inputs/round09-i1024-o32/workload/RTXPRO6000/Qwen/Qwen3-30B-A3B-Instruct-2507/instance0_batch18/llm.1.et,3f98160c3a43cccf9ef937b68e9b4cf13911f49ae6a530d92e147b45fa7aef03
workspace/第09轮_模型硬件拓扑trace与网络竞争_20260929/experiments/llmservingsim_input_sweep/astra_inputs/round09-i1024-o32/workload/RTXPRO6000/Qwen/Qwen3-30B-A3B-Instruct-2507/instance0_batch19/llm.0.et,0cd180a74bd83eb60aaf0f714074a7d7a0e76d9db00a5e959c65391191cc25cb
workspace/第09轮_模型硬件拓扑trace与网络竞争_20260929/experiments/llmservingsim_input_sweep/astra_inputs/round09-i1024-o32/workload/RTXPRO6000/Qwen/Qwen3-30B-A3B-Instruct-2507/instance0_batch19/llm.1.et,3cb669268ee6b4d4796829a1bf74e1f899a552408213096330fef0c675e1a46d
workspace/第09轮_模型硬件拓扑trace与网络竞争_20260929/experiments/llmservingsim_input_sweep/astra_inputs/round09-i1024-o32/workload/RTXPRO6000/Qwen/Qwen3-30B-A3B-Instruct-2507/instance0_batch2/llm.0.et,30271a13f94c4cccbb6b74c32abc8066eca7a22c7c0d7fad42955f8982c7b71c
workspace/第09轮_模型硬件拓扑trace与网络竞争_20260929/experiments/llmservingsim_input_sweep/astra_inputs/round09-i1024-o32/workload/RTXPRO6000/Qwen/Qwen3-30B-A3B-Instruct-2507/instance0_batch2/llm.1.et,be165666109249d641ab89615e30b2f6372817fa97b6f0cc8de203381dae00a6
workspace/第09轮_模型硬件拓扑trace与网络竞争_20260929/experiments/llmservingsim_input_sweep/astra_inputs/round09-i1024-o32/workload/RTXPRO6000/Qwen/Qwen3-30B-A3B-Instruct-2507/instance0_batch20/llm.0.et,88eefdf49ba62157f214a438657a0495694bbb91e3ee93a1b9cc11669992067c
workspace/第09轮_模型硬件拓扑trace与网络竞争_20260929/experiments/llmservingsim_input_sweep/astra_inputs/round09-i1024-o32/workload/RTXPRO6000/Qwen/Qwen3-30B-A3B-Instruct-2507/instance0_batch20/llm.1.et,b26dd6397fa3fedef8ec7c01437c27b59b7f05d39a419759e091ddc01f1b1eb3
workspace/第09轮_模型硬件拓扑trace与网络竞争_20260929/experiments/llmservingsim_input_sweep/astra_inputs/round09-i1024-o32/workload/RTXPRO6000/Qwen/Qwen3-30B-A3B-Instruct-2507/instance0_batch21/llm.0.et,99ea28c8238bf0597315ad0df80fcbbd8b5d74a898f421f42685e48a68e7c09e
workspace/第09轮_模型硬件拓扑trace与网络竞争_20260929/experiments/llmservingsim_input_sweep/astra_inputs/round09-i1024-o32/workload/RTXPRO6000/Qwen/Qwen3-30B-A3B-Instruct-2507/instance0_batch21/llm.1.et,fc551e2bfff7de04de660b8f0e9fd63b7456dfd8db10d1bc1a18f3f14b4562dc
workspace/第09轮_模型硬件拓扑trace与网络竞争_20260929/experiments/llmservingsim_input_sweep/astra_inputs/round09-i1024-o32/workload/RTXPRO6000/Qwen/Qwen3-30B-A3B-Instruct-2507/instance0_batch22/llm.0.et,a3f6bba49e38cce17dfacb9a7c4a66290efd08bc3840fc7aa8978c587e81d3c0
workspace/第09轮_模型硬件拓扑trace与网络竞争_20260929/experiments/llmservingsim_input_sweep/astra_inputs/round09-i1024-o32/workload/RTXPRO6000/Qwen/Qwen3-30B-A3B-Instruct-2507/instance0_batch22/llm.1.et,b58a347587da72563688b495ac3b7dcf43acaa21467e38ea759e21446782be71
workspace/第09轮_模型硬件拓扑trace与网络竞争_20260929/experiments/llmservingsim_input_sweep/astra_inputs/round09-i1024-o32/workload/RTXPRO6000/Qwen/Qwen3-30B-A3B-Instruct-2507/instance0_batch23/llm.0.et,732820f87cbec32193c73f90716b5b022daf01224430f591b0f94277f6450453
workspace/第09轮_模型硬件拓扑trace与网络竞争_20260929/experiments/llmservingsim_input_sweep/astra_inputs/round09-i1024-o32/workload/RTXPRO6000/Qwen/Qwen3-30B-A3B-Instruct-2507/instance0_batch23/llm.1.et,46fb2ccda4dd0e59f7bb87212e75b6a6760c6492ce98a9c8f7d348ba6f366f66
workspace/第09轮_模型硬件拓扑trace与网络竞争_20260929/experiments/llmservingsim_input_sweep/astra_inputs/round09-i1024-o32/workload/RTXPRO6000/Qwen/Qwen3-30B-A3B-Instruct-2507/instance0_batch24/llm.0.et,4e1e8acbcdbfef2b80715cf9e5e0a52b92fc8b7f49aa90c118671569ad3b8f48
workspace/第09轮_模型硬件拓扑trace与网络竞争_20260929/experiments/llmservingsim_input_sweep/astra_inputs/round09-i1024-o32/workload/RTXPRO6000/Qwen/Qwen3-30B-A3B-Instruct-2507/instance0_batch24/llm.1.et,1d2a05458e7e5fd54abbb409e3570ca2baf632a68de7f8da9248d02d631530a1
workspace/第09轮_模型硬件拓扑trace与网络竞争_20260929/experiments/llmservingsim_input_sweep/astra_inputs/round09-i1024-o32/workload/RTXPRO6000/Qwen/Qwen3-30B-A3B-Instruct-2507/instance0_batch25/llm.0.et,071e3fa981af5c8781f995b0966346d28207e0d71175420a83d2bd143d4c981f
workspace/第09轮_模型硬件拓扑trace与网络竞争_20260929/experiments/llmservingsim_input_sweep/astra_inputs/round09-i1024-o32/workload/RTXPRO6000/Qwen/Qwen3-30B-A3B-Instruct-2507/instance0_batch25/llm.1.et,5ed7fb22801ad354b48f46130e63af0068c2dedc3ec1f792e3594ac02f4d2e06
workspace/第09轮_模型硬件拓扑trace与网络竞争_20260929/experiments/llmservingsim_input_sweep/astra_inputs/round09-i1024-o32/workload/RTXPRO6000/Qwen/Qwen3-30B-A3B-Instruct-2507/instance0_batch26/llm.0.et,41d2f1dbb5a364418c6c2693d71c9231b9a0569e091b48407cd47c6b7f20675f
workspace/第09轮_模型硬件拓扑trace与网络竞争_20260929/experiments/llmservingsim_input_sweep/astra_inputs/round09-i1024-o32/workload/RTXPRO6000/Qwen/Qwen3-30B-A3B-Instruct-2507/instance0_batch26/llm.1.et,3925b8ce9ce910171109eef3d481b672b5a60c41253f6f426fa2564faca4925c
workspace/第09轮_模型硬件拓扑trace与网络竞争_20260929/experiments/llmservingsim_input_sweep/astra_inputs/round09-i1024-o32/workload/RTXPRO6000/Qwen/Qwen3-30B-A3B-Instruct-2507/instance0_batch27/llm.0.et,b6b863274c1e3f8cd81f54e00cdde766e46fd3c696717379c77ae1fde61b9e2e
workspace/第09轮_模型硬件拓扑trace与网络竞争_20260929/experiments/llmservingsim_input_sweep/astra_inputs/round09-i1024-o32/workload/RTXPRO6000/Qwen/Qwen3-30B-A3B-Instruct-2507/instance0_batch27/llm.1.et,178d0fc0498612e646093a534912a701721d7b567978bb58128c569805b7324c
workspace/第09轮_模型硬件拓扑trace与网络竞争_20260929/experiments/llmservingsim_input_sweep/astra_inputs/round09-i1024-o32/workload/RTXPRO6000/Qwen/Qwen3-30B-A3B-Instruct-2507/instance0_batch28/llm.0.et,118b9690ce26fee4701300d59312c3506857c54cb732c2aa490692813b4fb26b
workspace/第09轮_模型硬件拓扑trace与网络竞争_20260929/experiments/llmservingsim_input_sweep/astra_inputs/round09-i1024-o32/workload/RTXPRO6000/Qwen/Qwen3-30B-A3B-Instruct-2507/instance0_batch28/llm.1.et,eb41dac1a867dc0751fbba398b9adf8ab647f21cde58d58b107bab5194cc889d
workspace/第09轮_模型硬件拓扑trace与网络竞争_20260929/experiments/llmservingsim_input_sweep/astra_inputs/round09-i1024-o32/workload/RTXPRO6000/Qwen/Qwen3-30B-A3B-Instruct-2507/instance0_batch29/llm.0.et,6ac8d2ba245b406e1200179be660c79887b86cecf43a100b598015849f235276
workspace/第09轮_模型硬件拓扑trace与网络竞争_20260929/experiments/llmservingsim_input_sweep/astra_inputs/round09-i1024-o32/workload/RTXPRO6000/Qwen/Qwen3-30B-A3B-Instruct-2507/instance0_batch29/llm.1.et,6c08804922d96aebbd14adf879fe2f4344102fb0e558e712f256c02c0d1eb531
workspace/第09轮_模型硬件拓扑trace与网络竞争_20260929/experiments/llmservingsim_input_sweep/astra_inputs/round09-i1024-o32/workload/RTXPRO6000/Qwen/Qwen3-30B-A3B-Instruct-2507/instance0_batch3/llm.0.et,19cccf73ef19358c4f5616f9740acd6636a5e6e2e516006618c76a1cb2fb6666
workspace/第09轮_模型硬件拓扑trace与网络竞争_20260929/experiments/llmservingsim_input_sweep/astra_inputs/round09-i1024-o32/workload/RTXPRO6000/Qwen/Qwen3-30B-A3B-Instruct-2507/instance0_batch3/llm.1.et,71cf386fb4bbaafd54f30f70913fafbf76f98aedb9a044a01cce261143168347
workspace/第09轮_模型硬件拓扑trace与网络竞争_20260929/experiments/llmservingsim_input_sweep/astra_inputs/round09-i1024-o32/workload/RTXPRO6000/Qwen/Qwen3-30B-A3B-Instruct-2507/instance0_batch30/llm.0.et,708a3f4505f8e6d7ada533f24efffc8c0eed8b46580e0e0bef6ffca1a24685a9
workspace/第09轮_模型硬件拓扑trace与网络竞争_20260929/experiments/llmservingsim_input_sweep/astra_inputs/round09-i1024-o32/workload/RTXPRO6000/Qwen/Qwen3-30B-A3B-Instruct-2507/instance0_batch30/llm.1.et,f8664162b43ad900a576b78994785f6baf51b9fe01a7fdf70a9184559089b7fd
workspace/第09轮_模型硬件拓扑trace与网络竞争_20260929/experiments/llmservingsim_input_sweep/astra_inputs/round09-i1024-o32/workload/RTXPRO6000/Qwen/Qwen3-30B-A3B-Instruct-2507/instance0_batch31/llm.0.et,0d31e0441056448492c8e855ddc7bda3566217030d40bcddffafe896f548b327
workspace/第09轮_模型硬件拓扑trace与网络竞争_20260929/experiments/llmservingsim_input_sweep/astra_inputs/round09-i1024-o32/workload/RTXPRO6000/Qwen/Qwen3-30B-A3B-Instruct-2507/instance0_batch31/llm.1.et,f329e7c5c1bd0f486fe6d2c8a26b223d39e6fe9d49cd449a69c661e17642e7a3
workspace/第09轮_模型硬件拓扑trace与网络竞争_20260929/experiments/llmservingsim_input_sweep/astra_inputs/round09-i1024-o32/workload/RTXPRO6000/Qwen/Qwen3-30B-A3B-Instruct-2507/instance0_batch4/llm.0.et,87fcb012df006e46ab9e7ee43fc934f2e5a774d6dd7ac5f8a84b2724a7aa590d
workspace/第09轮_模型硬件拓扑trace与网络竞争_20260929/experiments/llmservingsim_input_sweep/astra_inputs/round09-i1024-o32/workload/RTXPRO6000/Qwen/Qwen3-30B-A3B-Instruct-2507/instance0_batch4/llm.1.et,314e6063bcefd80c30823d7930a17e5c5be2a3ea1775a53271005a06b885077f
workspace/第09轮_模型硬件拓扑trace与网络竞争_20260929/experiments/llmservingsim_input_sweep/astra_inputs/round09-i1024-o32/workload/RTXPRO6000/Qwen/Qwen3-30B-A3B-Instruct-2507/instance0_batch5/llm.0.et,57515617947c2173c30a86dc41c9c6397048a8cd18dd8eda569749ccf053dfef
workspace/第09轮_模型硬件拓扑trace与网络竞争_20260929/experiments/llmservingsim_input_sweep/astra_inputs/round09-i1024-o32/workload/RTXPRO6000/Qwen/Qwen3-30B-A3B-Instruct-2507/instance0_batch5/llm.1.et,687f84bd30d969a0ad6554700d33f7294d961692d417af7c39718f1e848b3a1c
workspace/第09轮_模型硬件拓扑trace与网络竞争_20260929/experiments/llmservingsim_input_sweep/astra_inputs/round09-i1024-o32/workload/RTXPRO6000/Qwen/Qwen3-30B-A3B-Instruct-2507/instance0_batch6/llm.0.et,1ab0764796adc72fe32cfffc64a51aee498a48f5b4ba26329c292933a3e1761c
workspace/第09轮_模型硬件拓扑trace与网络竞争_20260929/experiments/llmservingsim_input_sweep/astra_inputs/round09-i1024-o32/workload/RTXPRO6000/Qwen/Qwen3-30B-A3B-Instruct-2507/instance0_batch6/llm.1.et,9345b3f743beea4e3d3d5fa6ace83b37b99d65e03cb52b511beaf5bf77e42637
workspace/第09轮_模型硬件拓扑trace与网络竞争_20260929/experiments/llmservingsim_input_sweep/astra_inputs/round09-i1024-o32/workload/RTXPRO6000/Qwen/Qwen3-30B-A3B-Instruct-2507/instance0_batch7/llm.0.et,76257e120e7f88fa7ddada69de4fe853386c0df7eb0adefac67408d4431a5e10
workspace/第09轮_模型硬件拓扑trace与网络竞争_20260929/experiments/llmservingsim_input_sweep/astra_inputs/round09-i1024-o32/workload/RTXPRO6000/Qwen/Qwen3-30B-A3B-Instruct-2507/instance0_batch7/llm.1.et,3e45f7b641460fd4489af621ecc665c858e682ceb3bbfe54082bb4677894042c
workspace/第09轮_模型硬件拓扑trace与网络竞争_20260929/experiments/llmservingsim_input_sweep/astra_inputs/round09-i1024-o32/workload/RTXPRO6000/Qwen/Qwen3-30B-A3B-Instruct-2507/instance0_batch8/llm.0.et,58c0dc6074cb244cc21b5e213eb2516be85987bfab47c8d829eade30b45f730d
workspace/第09轮_模型硬件拓扑trace与网络竞争_20260929/experiments/llmservingsim_input_sweep/astra_inputs/round09-i1024-o32/workload/RTXPRO6000/Qwen/Qwen3-30B-A3B-Instruct-2507/instance0_batch8/llm.1.et,b923825dd4d927bf9972f55db715ab0ba53900cfbc3135fb9f24d572995ecb2c
workspace/第09轮_模型硬件拓扑trace与网络竞争_20260929/experiments/llmservingsim_input_sweep/astra_inputs/round09-i1024-o32/workload/RTXPRO6000/Qwen/Qwen3-30B-A3B-Instruct-2507/instance0_batch9/llm.0.et,146aefc4f0dca367dd05c22f61ab06ae3f231856c9e656924c2f47084c0df021
workspace/第09轮_模型硬件拓扑trace与网络竞争_20260929/experiments/llmservingsim_input_sweep/astra_inputs/round09-i1024-o32/workload/RTXPRO6000/Qwen/Qwen3-30B-A3B-Instruct-2507/instance0_batch9/llm.1.et,51d748b750fe7ff45b876d8d1cfbc84ad22cf3383c6863995420501dcc34d212
workspace/第09轮_模型硬件拓扑trace与网络竞争_20260929/experiments/llmservingsim_input_sweep/astra_inputs/round09-i1024-o32/workload/event_handler/llm.0.et,39d6be36c155406229df4f6bbe61018205aec6edcc983d14852d022273ee1b81
workspace/第09轮_模型硬件拓扑trace与网络竞争_20260929/experiments/llmservingsim_input_sweep/astra_inputs/round09-i1024-o32/workload/event_handler/llm.1.et,6c54582d162a3db6ead29674dc82dfb233d152b22c85d8bcab8e8633ff184105
workspace/第09轮_模型硬件拓扑trace与网络竞争_20260929/experiments/llmservingsim_input_sweep/astra_inputs/round09-i1024-o4/network/network.yml,a32a61c1287c6cd8da0547ed93cdc01664a234b84207629fe1321e346fe553bb
workspace/第09轮_模型硬件拓扑trace与网络竞争_20260929/experiments/llmservingsim_input_sweep/astra_inputs/round09-i1024-o4/system/system.json,b2cf62643b641bf2599a1032fdd2a5c97b3378944f29b32f37c567bceb089c89
workspace/第09轮_模型硬件拓扑trace与网络竞争_20260929/experiments/llmservingsim_input_sweep/astra_inputs/round09-i1024-o4/trace/RTXPRO6000/Qwen/Qwen3-30B-A3B-Instruct-2507/instance0_batch0.txt,e6d43c796a9df1fd3b14a0ff427ba3958c350ec8baa27fa577a88212073cde1c
workspace/第09轮_模型硬件拓扑trace与网络竞争_20260929/experiments/llmservingsim_input_sweep/astra_inputs/round09-i1024-o4/trace/RTXPRO6000/Qwen/Qwen3-30B-A3B-Instruct-2507/instance0_batch1.txt,2a1127c88e27d4b072794c0ef39705009db2f0144385749dc103a088dfd1473a
workspace/第09轮_模型硬件拓扑trace与网络竞争_20260929/experiments/llmservingsim_input_sweep/astra_inputs/round09-i1024-o4/trace/RTXPRO6000/Qwen/Qwen3-30B-A3B-Instruct-2507/instance0_batch2.txt,22c1411929d960ac9793ba8f2f126bfdc3c9765a3918dbefd759f3ed10c22c72
workspace/第09轮_模型硬件拓扑trace与网络竞争_20260929/experiments/llmservingsim_input_sweep/astra_inputs/round09-i1024-o4/trace/RTXPRO6000/Qwen/Qwen3-30B-A3B-Instruct-2507/instance0_batch3.txt,e1dc36fa4bd3e61f857a806f1301a263355e56ebefc0e08dd5bdb7163226e4d1
workspace/第09轮_模型硬件拓扑trace与网络竞争_20260929/experiments/llmservingsim_input_sweep/astra_inputs/round09-i1024-o4/workload/RTXPRO6000/Qwen/Qwen3-30B-A3B-Instruct-2507/instance0_batch0/llm.0.et,601cef18bd088990de3ac03646c52bf6cf4d38773819e7a2d01aacd16b3455af
workspace/第09轮_模型硬件拓扑trace与网络竞争_20260929/experiments/llmservingsim_input_sweep/astra_inputs/round09-i1024-o4/workload/RTXPRO6000/Qwen/Qwen3-30B-A3B-Instruct-2507/instance0_batch0/llm.1.et,3d781d354b13ac7087948d160fa00f00ea565b968157c09fef64991693734bd1
workspace/第09轮_模型硬件拓扑trace与网络竞争_20260929/experiments/llmservingsim_input_sweep/astra_inputs/round09-i1024-o4/workload/RTXPRO6000/Qwen/Qwen3-30B-A3B-Instruct-2507/instance0_batch1/llm.0.et,16afbb969dcd4e12d2be2f6300ce99af4192c4485520272a0f46b5ff78e2bb3b
workspace/第09轮_模型硬件拓扑trace与网络竞争_20260929/experiments/llmservingsim_input_sweep/astra_inputs/round09-i1024-o4/workload/RTXPRO6000/Qwen/Qwen3-30B-A3B-Instruct-2507/instance0_batch1/llm.1.et,242a846d2a0a5a005c24fcc36fe6a49ddce6c64ea43ba83a70609e98cc315d58
workspace/第09轮_模型硬件拓扑trace与网络竞争_20260929/experiments/llmservingsim_input_sweep/astra_inputs/round09-i1024-o4/workload/RTXPRO6000/Qwen/Qwen3-30B-A3B-Instruct-2507/instance0_batch2/llm.0.et,46b1d16c3638f6e7319531afb53fe3c35228c42de7fbe1dfbdf75c0e5ff268cf
workspace/第09轮_模型硬件拓扑trace与网络竞争_20260929/experiments/llmservingsim_input_sweep/astra_inputs/round09-i1024-o4/workload/RTXPRO6000/Qwen/Qwen3-30B-A3B-Instruct-2507/instance0_batch2/llm.1.et,c6b6dce64744f2d9baae244c18d09a1236932805aec10f0d40dafaef77a6460a
workspace/第09轮_模型硬件拓扑trace与网络竞争_20260929/experiments/llmservingsim_input_sweep/astra_inputs/round09-i1024-o4/workload/RTXPRO6000/Qwen/Qwen3-30B-A3B-Instruct-2507/instance0_batch3/llm.0.et,db26ac48d4296d947a732bb882ffb1cde9b98d91002fec4b78da1fb13e7b122b
workspace/第09轮_模型硬件拓扑trace与网络竞争_20260929/experiments/llmservingsim_input_sweep/astra_inputs/round09-i1024-o4/workload/RTXPRO6000/Qwen/Qwen3-30B-A3B-Instruct-2507/instance0_batch3/llm.1.et,f360b8c726b13affb534b198d49e339141fb1554421476fb90d4f8b5f811f109
workspace/第09轮_模型硬件拓扑trace与网络竞争_20260929/experiments/llmservingsim_input_sweep/astra_inputs/round09-i1024-o4/workload/event_handler/llm.0.et,aab463ea4ed51209465bf16c08699d3885b2dad1ba7f95364771905f3349c3bf
workspace/第09轮_模型硬件拓扑trace与网络竞争_20260929/experiments/llmservingsim_input_sweep/astra_inputs/round09-i1024-o4/workload/event_handler/llm.1.et,0ba61c35ec46f79966b34f23fe57eedb2f21282d211d1a0a6b9ea0cd48272709
workspace/第09轮_模型硬件拓扑trace与网络竞争_20260929/experiments/llmservingsim_input_sweep/astra_inputs/round09-i128-o32/network/network.yml,a32a61c1287c6cd8da0547ed93cdc01664a234b84207629fe1321e346fe553bb
workspace/第09轮_模型硬件拓扑trace与网络竞争_20260929/experiments/llmservingsim_input_sweep/astra_inputs/round09-i128-o32/system/system.json,b2cf62643b641bf2599a1032fdd2a5c97b3378944f29b32f37c567bceb089c89
workspace/第09轮_模型硬件拓扑trace与网络竞争_20260929/experiments/llmservingsim_input_sweep/astra_inputs/round09-i128-o32/trace/RTXPRO6000/Qwen/Qwen3-30B-A3B-Instruct-2507/instance0_batch0.txt,9d54e38f75517f8f8e374db74ae6da225620fb8e034414a7a7ec12b06d495bb0
workspace/第09轮_模型硬件拓扑trace与网络竞争_20260929/experiments/llmservingsim_input_sweep/astra_inputs/round09-i128-o32/trace/RTXPRO6000/Qwen/Qwen3-30B-A3B-Instruct-2507/instance0_batch1.txt,982151214fafe2997748ab647348cd118fcf74044a671a0a64546f9bd0d4fe8d
workspace/第09轮_模型硬件拓扑trace与网络竞争_20260929/experiments/llmservingsim_input_sweep/astra_inputs/round09-i128-o32/trace/RTXPRO6000/Qwen/Qwen3-30B-A3B-Instruct-2507/instance0_batch10.txt,b94cde96b975003d5282874386cb56bfda44004b92fcf7c2a5ee4a438af6ce55
workspace/第09轮_模型硬件拓扑trace与网络竞争_20260929/experiments/llmservingsim_input_sweep/astra_inputs/round09-i128-o32/trace/RTXPRO6000/Qwen/Qwen3-30B-A3B-Instruct-2507/instance0_batch11.txt,5cef1a1c34b72eaae958588f19844a1f50eb4cb0aee492314aa66dd197d8771d
workspace/第09轮_模型硬件拓扑trace与网络竞争_20260929/experiments/llmservingsim_input_sweep/astra_inputs/round09-i128-o32/trace/RTXPRO6000/Qwen/Qwen3-30B-A3B-Instruct-2507/instance0_batch12.txt,106ef4adc89260a6057b7761cfd37a43adbe7dd2159c8bd3311ee3785b498a65
workspace/第09轮_模型硬件拓扑trace与网络竞争_20260929/experiments/llmservingsim_input_sweep/astra_inputs/round09-i128-o32/trace/RTXPRO6000/Qwen/Qwen3-30B-A3B-Instruct-2507/instance0_batch13.txt,6dc171f64678708da197c4acb6290e677179c7b5bf892b3e67eff4d7d4e3e261
workspace/第09轮_模型硬件拓扑trace与网络竞争_20260929/experiments/llmservingsim_input_sweep/astra_inputs/round09-i128-o32/trace/RTXPRO6000/Qwen/Qwen3-30B-A3B-Instruct-2507/instance0_batch14.txt,4a53e1051140a1bac8e5a6a1732d6a549b3d52de4ad8d11a95b37a8f79f04b7d
workspace/第09轮_模型硬件拓扑trace与网络竞争_20260929/experiments/llmservingsim_input_sweep/astra_inputs/round09-i128-o32/trace/RTXPRO6000/Qwen/Qwen3-30B-A3B-Instruct-2507/instance0_batch15.txt,706603ad41a40b93f3e004494c251f746aa62cf4aa63f71d22d7aa96b23cd596
workspace/第09轮_模型硬件拓扑trace与网络竞争_20260929/experiments/llmservingsim_input_sweep/astra_inputs/round09-i128-o32/trace/RTXPRO6000/Qwen/Qwen3-30B-A3B-Instruct-2507/instance0_batch16.txt,5d7be416921e8540a2dda6c198a6ca2747d0f8bd6bba645fb9a716bf74b3525c
workspace/第09轮_模型硬件拓扑trace与网络竞争_20260929/experiments/llmservingsim_input_sweep/astra_inputs/round09-i128-o32/trace/RTXPRO6000/Qwen/Qwen3-30B-A3B-Instruct-2507/instance0_batch17.txt,28fe5f102a8751810dd4d14eff55518fdebe74c3df6a7e611b7e953d6f0d7f26
workspace/第09轮_模型硬件拓扑trace与网络竞争_20260929/experiments/llmservingsim_input_sweep/astra_inputs/round09-i128-o32/trace/RTXPRO6000/Qwen/Qwen3-30B-A3B-Instruct-2507/instance0_batch18.txt,fce34b3946af2672dc7dad491ca6d5dc1c8d3ca08d3cfc757fb8dd140bf27ff8
workspace/第09轮_模型硬件拓扑trace与网络竞争_20260929/experiments/llmservingsim_input_sweep/astra_inputs/round09-i128-o32/trace/RTXPRO6000/Qwen/Qwen3-30B-A3B-Instruct-2507/instance0_batch19.txt,cd2482f13a3e488d81915e41906a5d9d4079ce670c66aa779ed2823938d36bdd
workspace/第09轮_模型硬件拓扑trace与网络竞争_20260929/experiments/llmservingsim_input_sweep/astra_inputs/round09-i128-o32/trace/RTXPRO6000/Qwen/Qwen3-30B-A3B-Instruct-2507/instance0_batch2.txt,b33d0baaaacb733c13b8f7176fe2e34e722ec1866c0fc5490e160c5683ab8e29
workspace/第09轮_模型硬件拓扑trace与网络竞争_20260929/experiments/llmservingsim_input_sweep/astra_inputs/round09-i128-o32/trace/RTXPRO6000/Qwen/Qwen3-30B-A3B-Instruct-2507/instance0_batch20.txt,80ddec4ec9c5fd680b76884b328894ad91a2213fa39ed2482db18f608fc5a9ff
workspace/第09轮_模型硬件拓扑trace与网络竞争_20260929/experiments/llmservingsim_input_sweep/astra_inputs/round09-i128-o32/trace/RTXPRO6000/Qwen/Qwen3-30B-A3B-Instruct-2507/instance0_batch21.txt,19e063b98d5a4f95b1ad19bcab027231dc68b09e88a0bc254abe4290ead31300
workspace/第09轮_模型硬件拓扑trace与网络竞争_20260929/experiments/llmservingsim_input_sweep/astra_inputs/round09-i128-o32/trace/RTXPRO6000/Qwen/Qwen3-30B-A3B-Instruct-2507/instance0_batch22.txt,8c80b40be62679691e5e95ca141d8897398dbc0931636d7e25b94cdc95fbc200
workspace/第09轮_模型硬件拓扑trace与网络竞争_20260929/experiments/llmservingsim_input_sweep/astra_inputs/round09-i128-o32/trace/RTXPRO6000/Qwen/Qwen3-30B-A3B-Instruct-2507/instance0_batch23.txt,07f2c99a74e806d84e39461aadc147d8cd961ffdf717cb1ad22112599ac910c7
workspace/第09轮_模型硬件拓扑trace与网络竞争_20260929/experiments/llmservingsim_input_sweep/astra_inputs/round09-i128-o32/trace/RTXPRO6000/Qwen/Qwen3-30B-A3B-Instruct-2507/instance0_batch24.txt,7d6874043ae05e6d8f694c9000f9f1a53d9476a6d8a3135030ba70a4ac5dc173
workspace/第09轮_模型硬件拓扑trace与网络竞争_20260929/experiments/llmservingsim_input_sweep/astra_inputs/round09-i128-o32/trace/RTXPRO6000/Qwen/Qwen3-30B-A3B-Instruct-2507/instance0_batch25.txt,a69f7828e788c1639d0afec77ebf001f5ece4c072905d33aa473c7f3ae23ee45
workspace/第09轮_模型硬件拓扑trace与网络竞争_20260929/experiments/llmservingsim_input_sweep/astra_inputs/round09-i128-o32/trace/RTXPRO6000/Qwen/Qwen3-30B-A3B-Instruct-2507/instance0_batch26.txt,abc00b655a9b23c26929b3e2fcf4399f7a84458caf37df4c27162adf9fd6538b
workspace/第09轮_模型硬件拓扑trace与网络竞争_20260929/experiments/llmservingsim_input_sweep/astra_inputs/round09-i128-o32/trace/RTXPRO6000/Qwen/Qwen3-30B-A3B-Instruct-2507/instance0_batch27.txt,36e6c619fa37b2815354b859917ddd0c4d3c4f54b7c252f099a5d27625c98f1e
workspace/第09轮_模型硬件拓扑trace与网络竞争_20260929/experiments/llmservingsim_input_sweep/astra_inputs/round09-i128-o32/trace/RTXPRO6000/Qwen/Qwen3-30B-A3B-Instruct-2507/instance0_batch28.txt,bfc53b73490dec2d880f863e4134b960dabe7fe581cf3979661028db902bb719
workspace/第09轮_模型硬件拓扑trace与网络竞争_20260929/experiments/llmservingsim_input_sweep/astra_inputs/round09-i128-o32/trace/RTXPRO6000/Qwen/Qwen3-30B-A3B-Instruct-2507/instance0_batch29.txt,ed3b54a0c4792f7ce08f70e2dee363590ea72f25904b95c44027de586c9e2193
workspace/第09轮_模型硬件拓扑trace与网络竞争_20260929/experiments/llmservingsim_input_sweep/astra_inputs/round09-i128-o32/trace/RTXPRO6000/Qwen/Qwen3-30B-A3B-Instruct-2507/instance0_batch3.txt,11f7c90b1f6b70cfcf55fe94403a7c1dddeafac5ea677ce375610426e2904bb0
workspace/第09轮_模型硬件拓扑trace与网络竞争_20260929/experiments/llmservingsim_input_sweep/astra_inputs/round09-i128-o32/trace/RTXPRO6000/Qwen/Qwen3-30B-A3B-Instruct-2507/instance0_batch30.txt,4f3ddf400baf6f3c0aad28093c0f4246e2164baf3886f221a4fd66322d43733d
workspace/第09轮_模型硬件拓扑trace与网络竞争_20260929/experiments/llmservingsim_input_sweep/astra_inputs/round09-i128-o32/trace/RTXPRO6000/Qwen/Qwen3-30B-A3B-Instruct-2507/instance0_batch31.txt,6616dd11de7b005cb817c0493e8596d73447696c3038254ce785a5702c76d235
workspace/第09轮_模型硬件拓扑trace与网络竞争_20260929/experiments/llmservingsim_input_sweep/astra_inputs/round09-i128-o32/trace/RTXPRO6000/Qwen/Qwen3-30B-A3B-Instruct-2507/instance0_batch4.txt,72c334bee962e69aada7a82879645bc49960fbab3f83ba47d3db494d4675e96d
workspace/第09轮_模型硬件拓扑trace与网络竞争_20260929/experiments/llmservingsim_input_sweep/astra_inputs/round09-i128-o32/trace/RTXPRO6000/Qwen/Qwen3-30B-A3B-Instruct-2507/instance0_batch5.txt,6126164356a2833f6657e3f3be8b387bb44d7f98e344a23efbcd42c66217a8d8
workspace/第09轮_模型硬件拓扑trace与网络竞争_20260929/experiments/llmservingsim_input_sweep/astra_inputs/round09-i128-o32/trace/RTXPRO6000/Qwen/Qwen3-30B-A3B-Instruct-2507/instance0_batch6.txt,c86e2ad789aac757d7787edd9211ae380062b6616fe398cf2c169c6dda08e16a
workspace/第09轮_模型硬件拓扑trace与网络竞争_20260929/experiments/llmservingsim_input_sweep/astra_inputs/round09-i128-o32/trace/RTXPRO6000/Qwen/Qwen3-30B-A3B-Instruct-2507/instance0_batch7.txt,c927a1d055ac56c06e45d86a6b004899526129f8e4a92f174b9eede7666c7a53
workspace/第09轮_模型硬件拓扑trace与网络竞争_20260929/experiments/llmservingsim_input_sweep/astra_inputs/round09-i128-o32/trace/RTXPRO6000/Qwen/Qwen3-30B-A3B-Instruct-2507/instance0_batch8.txt,1ba77706127901ffc12a3306e0fc4347eac92e25625daf073d0388659a21e51b
workspace/第09轮_模型硬件拓扑trace与网络竞争_20260929/experiments/llmservingsim_input_sweep/astra_inputs/round09-i128-o32/trace/RTXPRO6000/Qwen/Qwen3-30B-A3B-Instruct-2507/instance0_batch9.txt,6a2a853201333b1b2af0da432d9393546fe927391f817f6f3868784a5204d311
workspace/第09轮_模型硬件拓扑trace与网络竞争_20260929/experiments/llmservingsim_input_sweep/astra_inputs/round09-i128-o32/workload/RTXPRO6000/Qwen/Qwen3-30B-A3B-Instruct-2507/instance0_batch0/llm.0.et,23746fa211c6cf6e8a9121f007c3bab4f329e9b29bc5334b266c5b3e156c8cca
workspace/第09轮_模型硬件拓扑trace与网络竞争_20260929/experiments/llmservingsim_input_sweep/astra_inputs/round09-i128-o32/workload/RTXPRO6000/Qwen/Qwen3-30B-A3B-Instruct-2507/instance0_batch0/llm.1.et,b8fe2582752e3ee46fa8cb1cbe71893af26d494e527b35622b035d326ac27db3
workspace/第09轮_模型硬件拓扑trace与网络竞争_20260929/experiments/llmservingsim_input_sweep/astra_inputs/round09-i128-o32/workload/RTXPRO6000/Qwen/Qwen3-30B-A3B-Instruct-2507/instance0_batch1/llm.0.et,102b2e90d48853421a7ea39c735dcd5c23752cf25bf7b9d98330f188287cbc1b
workspace/第09轮_模型硬件拓扑trace与网络竞争_20260929/experiments/llmservingsim_input_sweep/astra_inputs/round09-i128-o32/workload/RTXPRO6000/Qwen/Qwen3-30B-A3B-Instruct-2507/instance0_batch1/llm.1.et,efefad55ff28c089845041e3d8aaf7daa6ea77d866b7666a51172db3d1e8d2e8
workspace/第09轮_模型硬件拓扑trace与网络竞争_20260929/experiments/llmservingsim_input_sweep/astra_inputs/round09-i128-o32/workload/RTXPRO6000/Qwen/Qwen3-30B-A3B-Instruct-2507/instance0_batch10/llm.0.et,caf185074c8fc047c7faa02f3499fb6e30fc8070b3648b9097ec14429f04f858
workspace/第09轮_模型硬件拓扑trace与网络竞争_20260929/experiments/llmservingsim_input_sweep/astra_inputs/round09-i128-o32/workload/RTXPRO6000/Qwen/Qwen3-30B-A3B-Instruct-2507/instance0_batch10/llm.1.et,6b0d51fd40cd4a71aa1021024c362ae5cb3d300368560f6aecf22b811ab98a94
workspace/第09轮_模型硬件拓扑trace与网络竞争_20260929/experiments/llmservingsim_input_sweep/astra_inputs/round09-i128-o32/workload/RTXPRO6000/Qwen/Qwen3-30B-A3B-Instruct-2507/instance0_batch11/llm.0.et,9cfedd3b8a7cc674098116bbcb6e4f481d08ca07764b92fb4f08747b8bbfca19
workspace/第09轮_模型硬件拓扑trace与网络竞争_20260929/experiments/llmservingsim_input_sweep/astra_inputs/round09-i128-o32/workload/RTXPRO6000/Qwen/Qwen3-30B-A3B-Instruct-2507/instance0_batch11/llm.1.et,79a69c34f8119840955277ca81eb9d48f65cac754bfc9bcd53e57bf486e589e4
workspace/第09轮_模型硬件拓扑trace与网络竞争_20260929/experiments/llmservingsim_input_sweep/astra_inputs/round09-i128-o32/workload/RTXPRO6000/Qwen/Qwen3-30B-A3B-Instruct-2507/instance0_batch12/llm.0.et,1fc909c69cb74dd3e04f5263058cac0351f4df6da9fde8b150156d1d95984230
workspace/第09轮_模型硬件拓扑trace与网络竞争_20260929/experiments/llmservingsim_input_sweep/astra_inputs/round09-i128-o32/workload/RTXPRO6000/Qwen/Qwen3-30B-A3B-Instruct-2507/instance0_batch12/llm.1.et,c2d341e843b2d57203038ee8d90b092baaccf994aa19393e408c9aef829ec0e6
workspace/第09轮_模型硬件拓扑trace与网络竞争_20260929/experiments/llmservingsim_input_sweep/astra_inputs/round09-i128-o32/workload/RTXPRO6000/Qwen/Qwen3-30B-A3B-Instruct-2507/instance0_batch13/llm.0.et,89d578ae2b5fe53070a2eb0a6fcf409acfe54d44534a2e09e6ddb1c8beebe4b8
workspace/第09轮_模型硬件拓扑trace与网络竞争_20260929/experiments/llmservingsim_input_sweep/astra_inputs/round09-i128-o32/workload/RTXPRO6000/Qwen/Qwen3-30B-A3B-Instruct-2507/instance0_batch13/llm.1.et,18a8412e23bc4511b4d32e04f48e27125b41497e360698a1fe5441d1b24380cc
workspace/第09轮_模型硬件拓扑trace与网络竞争_20260929/experiments/llmservingsim_input_sweep/astra_inputs/round09-i128-o32/workload/RTXPRO6000/Qwen/Qwen3-30B-A3B-Instruct-2507/instance0_batch14/llm.0.et,3ec9934ca25a9566c957db8dbcdaf4cf68961fcc1491434606d06abdb8c9165e
workspace/第09轮_模型硬件拓扑trace与网络竞争_20260929/experiments/llmservingsim_input_sweep/astra_inputs/round09-i128-o32/workload/RTXPRO6000/Qwen/Qwen3-30B-A3B-Instruct-2507/instance0_batch14/llm.1.et,077e7fe7c991110400937efd040d33a8cc8e791d42b93e95f6f5ee99ce9465fb
workspace/第09轮_模型硬件拓扑trace与网络竞争_20260929/experiments/llmservingsim_input_sweep/astra_inputs/round09-i128-o32/workload/RTXPRO6000/Qwen/Qwen3-30B-A3B-Instruct-2507/instance0_batch15/llm.0.et,b2dacc2c2cb9f6f59eb8122d3f01126840e3e9901eceb7ec5038cb5ba8fe6dc2
workspace/第09轮_模型硬件拓扑trace与网络竞争_20260929/experiments/llmservingsim_input_sweep/astra_inputs/round09-i128-o32/workload/RTXPRO6000/Qwen/Qwen3-30B-A3B-Instruct-2507/instance0_batch15/llm.1.et,98598b1191409febbec6b8def6728df1bb6d8513bfb5764269c5dab3f40f0385
workspace/第09轮_模型硬件拓扑trace与网络竞争_20260929/experiments/llmservingsim_input_sweep/astra_inputs/round09-i128-o32/workload/RTXPRO6000/Qwen/Qwen3-30B-A3B-Instruct-2507/instance0_batch16/llm.0.et,1dc8bedca9b1e6ca8d9707979ad92c29b4fe22ee2bc029b02ff9c96e4c6a5bff
workspace/第09轮_模型硬件拓扑trace与网络竞争_20260929/experiments/llmservingsim_input_sweep/astra_inputs/round09-i128-o32/workload/RTXPRO6000/Qwen/Qwen3-30B-A3B-Instruct-2507/instance0_batch16/llm.1.et,458466627405f6b72618e251b07ea85836bed2ce77f967827c5b67b7fbf152bd
workspace/第09轮_模型硬件拓扑trace与网络竞争_20260929/experiments/llmservingsim_input_sweep/astra_inputs/round09-i128-o32/workload/RTXPRO6000/Qwen/Qwen3-30B-A3B-Instruct-2507/instance0_batch17/llm.0.et,a70f49b2ebb522b7c204a3f97e11e0bc336128fc550b614eff8a8be50b48dd27
workspace/第09轮_模型硬件拓扑trace与网络竞争_20260929/experiments/llmservingsim_input_sweep/astra_inputs/round09-i128-o32/workload/RTXPRO6000/Qwen/Qwen3-30B-A3B-Instruct-2507/instance0_batch17/llm.1.et,7d358384ecb0525187bc20973b4ac915f10f93ccfc6bb01848298034eb77dc5f
workspace/第09轮_模型硬件拓扑trace与网络竞争_20260929/experiments/llmservingsim_input_sweep/astra_inputs/round09-i128-o32/workload/RTXPRO6000/Qwen/Qwen3-30B-A3B-Instruct-2507/instance0_batch18/llm.0.et,02f24f4185e5a97745ecb55ef9060f5e9bf0efecad397e1bd926c06e6c2ea28e
workspace/第09轮_模型硬件拓扑trace与网络竞争_20260929/experiments/llmservingsim_input_sweep/astra_inputs/round09-i128-o32/workload/RTXPRO6000/Qwen/Qwen3-30B-A3B-Instruct-2507/instance0_batch18/llm.1.et,7a6f7b1881b0e08d82bc338552d4c1de66b45b1b2fed19204598279280d9b40b
workspace/第09轮_模型硬件拓扑trace与网络竞争_20260929/experiments/llmservingsim_input_sweep/astra_inputs/round09-i128-o32/workload/RTXPRO6000/Qwen/Qwen3-30B-A3B-Instruct-2507/instance0_batch19/llm.0.et,373079b9d013e0c5df5f592f64b3b9ce91154180c4f576591a6061d58f922ff9
workspace/第09轮_模型硬件拓扑trace与网络竞争_20260929/experiments/llmservingsim_input_sweep/astra_inputs/round09-i128-o32/workload/RTXPRO6000/Qwen/Qwen3-30B-A3B-Instruct-2507/instance0_batch19/llm.1.et,c6119a2816a9612272af12050a8c6c012aeabf6dd9846546d8fc1878dac0dec6
workspace/第09轮_模型硬件拓扑trace与网络竞争_20260929/experiments/llmservingsim_input_sweep/astra_inputs/round09-i128-o32/workload/RTXPRO6000/Qwen/Qwen3-30B-A3B-Instruct-2507/instance0_batch2/llm.0.et,cc2264ef61ab1195724cc716130487c988871e99ca418dfa95e1042a2b0a2689
workspace/第09轮_模型硬件拓扑trace与网络竞争_20260929/experiments/llmservingsim_input_sweep/astra_inputs/round09-i128-o32/workload/RTXPRO6000/Qwen/Qwen3-30B-A3B-Instruct-2507/instance0_batch2/llm.1.et,5a94c6923663ec218c78671b5a174c787e82182700d9aba118c3deb39eca8235
workspace/第09轮_模型硬件拓扑trace与网络竞争_20260929/experiments/llmservingsim_input_sweep/astra_inputs/round09-i128-o32/workload/RTXPRO6000/Qwen/Qwen3-30B-A3B-Instruct-2507/instance0_batch20/llm.0.et,35911a46ff05487347e3235ae3e215bfad6e72de8916f1474eb0f49fe99589c6
workspace/第09轮_模型硬件拓扑trace与网络竞争_20260929/experiments/llmservingsim_input_sweep/astra_inputs/round09-i128-o32/workload/RTXPRO6000/Qwen/Qwen3-30B-A3B-Instruct-2507/instance0_batch20/llm.1.et,860f50c25c93f3571bf604db639d8c96a6bf8cf86e757deda9340fc0c4d3baf8
workspace/第09轮_模型硬件拓扑trace与网络竞争_20260929/experiments/llmservingsim_input_sweep/astra_inputs/round09-i128-o32/workload/RTXPRO6000/Qwen/Qwen3-30B-A3B-Instruct-2507/instance0_batch21/llm.0.et,bbad680ace78c0aa9f91f1ea5aed8285f53edc5b3bc4e3e0e402f8f58783a06c
workspace/第09轮_模型硬件拓扑trace与网络竞争_20260929/experiments/llmservingsim_input_sweep/astra_inputs/round09-i128-o32/workload/RTXPRO6000/Qwen/Qwen3-30B-A3B-Instruct-2507/instance0_batch21/llm.1.et,3e73144756e515db14e06280cde14696c13800eb9fb03addb47de4e25e8d49bc
workspace/第09轮_模型硬件拓扑trace与网络竞争_20260929/experiments/llmservingsim_input_sweep/astra_inputs/round09-i128-o32/workload/RTXPRO6000/Qwen/Qwen3-30B-A3B-Instruct-2507/instance0_batch22/llm.0.et,9ff2f50abb87dc5f6a046e858fe6147d888bf012b6d247f9cebf70bf49f26d44
workspace/第09轮_模型硬件拓扑trace与网络竞争_20260929/experiments/llmservingsim_input_sweep/astra_inputs/round09-i128-o32/workload/RTXPRO6000/Qwen/Qwen3-30B-A3B-Instruct-2507/instance0_batch22/llm.1.et,ee3ed16b1ae398f0945aeeda2343c71a50987caab5af79d7110ac213cb93a3a9
workspace/第09轮_模型硬件拓扑trace与网络竞争_20260929/experiments/llmservingsim_input_sweep/astra_inputs/round09-i128-o32/workload/RTXPRO6000/Qwen/Qwen3-30B-A3B-Instruct-2507/instance0_batch23/llm.0.et,867d7c184f1d202125e72b52ab7d853816937516b2beda1825533a8dce801f3c
workspace/第09轮_模型硬件拓扑trace与网络竞争_20260929/experiments/llmservingsim_input_sweep/astra_inputs/round09-i128-o32/workload/RTXPRO6000/Qwen/Qwen3-30B-A3B-Instruct-2507/instance0_batch23/llm.1.et,6b810baea3276c6db18d00c2de1db156cd7541f2d7c9e6dd3e9ae04b764ccef1
workspace/第09轮_模型硬件拓扑trace与网络竞争_20260929/experiments/llmservingsim_input_sweep/astra_inputs/round09-i128-o32/workload/RTXPRO6000/Qwen/Qwen3-30B-A3B-Instruct-2507/instance0_batch24/llm.0.et,7d342f9d448da3c590cb4525d720e39b26d03dff9cab99f783d526e8f6fae750
workspace/第09轮_模型硬件拓扑trace与网络竞争_20260929/experiments/llmservingsim_input_sweep/astra_inputs/round09-i128-o32/workload/RTXPRO6000/Qwen/Qwen3-30B-A3B-Instruct-2507/instance0_batch24/llm.1.et,62eb7ffd1148310bdd3e144cf282b65f1cf91a775c7fd196ff6902d44eb440d2
workspace/第09轮_模型硬件拓扑trace与网络竞争_20260929/experiments/llmservingsim_input_sweep/astra_inputs/round09-i128-o32/workload/RTXPRO6000/Qwen/Qwen3-30B-A3B-Instruct-2507/instance0_batch25/llm.0.et,09aaa1cf8d35c394a8b5c3d1a0e3a657cbed74f210197706e2e778590fdd4ed9
workspace/第09轮_模型硬件拓扑trace与网络竞争_20260929/experiments/llmservingsim_input_sweep/astra_inputs/round09-i128-o32/workload/RTXPRO6000/Qwen/Qwen3-30B-A3B-Instruct-2507/instance0_batch25/llm.1.et,205ba4f2218d28f0fe0e2d6bbbd2e7ab41ecac457a1c746bfbaca794d19a35ae
workspace/第09轮_模型硬件拓扑trace与网络竞争_20260929/experiments/llmservingsim_input_sweep/astra_inputs/round09-i128-o32/workload/RTXPRO6000/Qwen/Qwen3-30B-A3B-Instruct-2507/instance0_batch26/llm.0.et,e19d281a2eeb09b85ebb07751b0db313a75880b615e285c9a26e06f5ae4da4b3
workspace/第09轮_模型硬件拓扑trace与网络竞争_20260929/experiments/llmservingsim_input_sweep/astra_inputs/round09-i128-o32/workload/RTXPRO6000/Qwen/Qwen3-30B-A3B-Instruct-2507/instance0_batch26/llm.1.et,a774f23eddd89379c0625e824806127c92b9ca39cba0bf23ef4cc670fa6c1ae8
workspace/第09轮_模型硬件拓扑trace与网络竞争_20260929/experiments/llmservingsim_input_sweep/astra_inputs/round09-i128-o32/workload/RTXPRO6000/Qwen/Qwen3-30B-A3B-Instruct-2507/instance0_batch27/llm.0.et,8a1354c1c35946f5c2268013f7ccbf5628695077af0068417e874d337d90326f
workspace/第09轮_模型硬件拓扑trace与网络竞争_20260929/experiments/llmservingsim_input_sweep/astra_inputs/round09-i128-o32/workload/RTXPRO6000/Qwen/Qwen3-30B-A3B-Instruct-2507/instance0_batch27/llm.1.et,99a39adfd1c9ebc33785f9f4d7cb945ffc86706f5c5f1cc4325f5a5fcb4b0dac
workspace/第09轮_模型硬件拓扑trace与网络竞争_20260929/experiments/llmservingsim_input_sweep/astra_inputs/round09-i128-o32/workload/RTXPRO6000/Qwen/Qwen3-30B-A3B-Instruct-2507/instance0_batch28/llm.0.et,194c6e1d2af000136db8a9eeb1a872f60fafac4d3b9cb73ee2b389a33b129c73
workspace/第09轮_模型硬件拓扑trace与网络竞争_20260929/experiments/llmservingsim_input_sweep/astra_inputs/round09-i128-o32/workload/RTXPRO6000/Qwen/Qwen3-30B-A3B-Instruct-2507/instance0_batch28/llm.1.et,b0d080cf37908911beef6c1361e00a448d71cbb80aea02c33769017f57e8a611
workspace/第09轮_模型硬件拓扑trace与网络竞争_20260929/experiments/llmservingsim_input_sweep/astra_inputs/round09-i128-o32/workload/RTXPRO6000/Qwen/Qwen3-30B-A3B-Instruct-2507/instance0_batch29/llm.0.et,912343eeeb971356db53242fe82c91ef8a4d9a970d8c6b3a058798cc7f3dc4c3
workspace/第09轮_模型硬件拓扑trace与网络竞争_20260929/experiments/llmservingsim_input_sweep/astra_inputs/round09-i128-o32/workload/RTXPRO6000/Qwen/Qwen3-30B-A3B-Instruct-2507/instance0_batch29/llm.1.et,8e7fcb67f453ecb058112845bc71b6fba0c39e5f8bc070f941a8f5f0272afab8
workspace/第09轮_模型硬件拓扑trace与网络竞争_20260929/experiments/llmservingsim_input_sweep/astra_inputs/round09-i128-o32/workload/RTXPRO6000/Qwen/Qwen3-30B-A3B-Instruct-2507/instance0_batch3/llm.0.et,e798f909817e410ae504089509fd651257cd0961992d9c061f625d3bafccefb0
workspace/第09轮_模型硬件拓扑trace与网络竞争_20260929/experiments/llmservingsim_input_sweep/astra_inputs/round09-i128-o32/workload/RTXPRO6000/Qwen/Qwen3-30B-A3B-Instruct-2507/instance0_batch3/llm.1.et,341ff6ad55cf4983604d6e7c9447607e71ef45459d92922dee0c35f8ed5f6ce7
workspace/第09轮_模型硬件拓扑trace与网络竞争_20260929/experiments/llmservingsim_input_sweep/astra_inputs/round09-i128-o32/workload/RTXPRO6000/Qwen/Qwen3-30B-A3B-Instruct-2507/instance0_batch30/llm.0.et,7ff88999f9226343d38c21cba3e0361c1f6cef247d5e3b94ce30cb862a82869f
workspace/第09轮_模型硬件拓扑trace与网络竞争_20260929/experiments/llmservingsim_input_sweep/astra_inputs/round09-i128-o32/workload/RTXPRO6000/Qwen/Qwen3-30B-A3B-Instruct-2507/instance0_batch30/llm.1.et,d5bfd5f788f0a5b49560eb384b01d328ceffe585e00d467e0b819dd63eba8406
workspace/第09轮_模型硬件拓扑trace与网络竞争_20260929/experiments/llmservingsim_input_sweep/astra_inputs/round09-i128-o32/workload/RTXPRO6000/Qwen/Qwen3-30B-A3B-Instruct-2507/instance0_batch31/llm.0.et,cb609ba132d03ca323e1618e0b0484409689d318bdbc88490631d3de59214377
workspace/第09轮_模型硬件拓扑trace与网络竞争_20260929/experiments/llmservingsim_input_sweep/astra_inputs/round09-i128-o32/workload/RTXPRO6000/Qwen/Qwen3-30B-A3B-Instruct-2507/instance0_batch31/llm.1.et,92151e274a0b35d118cf561e856178dca89b52002f40c4b2abe76739de045130
workspace/第09轮_模型硬件拓扑trace与网络竞争_20260929/experiments/llmservingsim_input_sweep/astra_inputs/round09-i128-o32/workload/RTXPRO6000/Qwen/Qwen3-30B-A3B-Instruct-2507/instance0_batch4/llm.0.et,1202b1bc6da7dc76c23642626b4dfac90b523b61710b0654a365976efc5d6c38
workspace/第09轮_模型硬件拓扑trace与网络竞争_20260929/experiments/llmservingsim_input_sweep/astra_inputs/round09-i128-o32/workload/RTXPRO6000/Qwen/Qwen3-30B-A3B-Instruct-2507/instance0_batch4/llm.1.et,85184ea5dc53362767c1fb951e0cbe559256ecddf471c1103394ea17e9a4b6f7
workspace/第09轮_模型硬件拓扑trace与网络竞争_20260929/experiments/llmservingsim_input_sweep/astra_inputs/round09-i128-o32/workload/RTXPRO6000/Qwen/Qwen3-30B-A3B-Instruct-2507/instance0_batch5/llm.0.et,e3cb77532e3dddc71a9c4ea6f82d8a3c051459ee69d3b62624e31df590a425f8
workspace/第09轮_模型硬件拓扑trace与网络竞争_20260929/experiments/llmservingsim_input_sweep/astra_inputs/round09-i128-o32/workload/RTXPRO6000/Qwen/Qwen3-30B-A3B-Instruct-2507/instance0_batch5/llm.1.et,1aeb4377e5cf9d56d6c11b7cf1cdf257e2dccbf6909a4cd274572ee6c8a7c2c3
workspace/第09轮_模型硬件拓扑trace与网络竞争_20260929/experiments/llmservingsim_input_sweep/astra_inputs/round09-i128-o32/workload/RTXPRO6000/Qwen/Qwen3-30B-A3B-Instruct-2507/instance0_batch6/llm.0.et,9ec2e3314fee59be29fd3e8523700549a529953b29388991d29a4d183a25d4cf
workspace/第09轮_模型硬件拓扑trace与网络竞争_20260929/experiments/llmservingsim_input_sweep/astra_inputs/round09-i128-o32/workload/RTXPRO6000/Qwen/Qwen3-30B-A3B-Instruct-2507/instance0_batch6/llm.1.et,a927cea300333a74457c66a9aa63d3184a91b38708164184c81182941f42ae99
workspace/第09轮_模型硬件拓扑trace与网络竞争_20260929/experiments/llmservingsim_input_sweep/astra_inputs/round09-i128-o32/workload/RTXPRO6000/Qwen/Qwen3-30B-A3B-Instruct-2507/instance0_batch7/llm.0.et,79a1426bf0f8dc01cec1a94599caf6d7110b08c0c5f6f96a80ea8b6918b1c6bc
workspace/第09轮_模型硬件拓扑trace与网络竞争_20260929/experiments/llmservingsim_input_sweep/astra_inputs/round09-i128-o32/workload/RTXPRO6000/Qwen/Qwen3-30B-A3B-Instruct-2507/instance0_batch7/llm.1.et,88587961def8b28d5f3c71f7cc9743949cceaa4d306c2250e078ad56bbd0041c
workspace/第09轮_模型硬件拓扑trace与网络竞争_20260929/experiments/llmservingsim_input_sweep/astra_inputs/round09-i128-o32/workload/RTXPRO6000/Qwen/Qwen3-30B-A3B-Instruct-2507/instance0_batch8/llm.0.et,f4e11c038a5d963353c4cdf9769be3a8794d1d237829e0412a64cde415597eef
workspace/第09轮_模型硬件拓扑trace与网络竞争_20260929/experiments/llmservingsim_input_sweep/astra_inputs/round09-i128-o32/workload/RTXPRO6000/Qwen/Qwen3-30B-A3B-Instruct-2507/instance0_batch8/llm.1.et,7d74733f47ddb03c3d3994763125fe942216255b5dffccbe54b7dba8b15e30ce
workspace/第09轮_模型硬件拓扑trace与网络竞争_20260929/experiments/llmservingsim_input_sweep/astra_inputs/round09-i128-o32/workload/RTXPRO6000/Qwen/Qwen3-30B-A3B-Instruct-2507/instance0_batch9/llm.0.et,be463c3ff4ca7e21378ce421c8629082a808e39909f6c0a2cee3e224a119578b
workspace/第09轮_模型硬件拓扑trace与网络竞争_20260929/experiments/llmservingsim_input_sweep/astra_inputs/round09-i128-o32/workload/RTXPRO6000/Qwen/Qwen3-30B-A3B-Instruct-2507/instance0_batch9/llm.1.et,5ae2d5af4b5f8799eff1eaed57f3d73123cdcaf16e4c52dc0e3ed63da10e9c55
workspace/第09轮_模型硬件拓扑trace与网络竞争_20260929/experiments/llmservingsim_input_sweep/astra_inputs/round09-i128-o32/workload/event_handler/llm.0.et,c27bdf6e9ba43520d7344c64ccdbd767f38ce9aa9e4bb6544c7f7f2e79fd4380
workspace/第09轮_模型硬件拓扑trace与网络竞争_20260929/experiments/llmservingsim_input_sweep/astra_inputs/round09-i128-o32/workload/event_handler/llm.1.et,40f2e5db75d24b66215a95bf30102c81b840c22acf95312b9fb901787399376b
workspace/第09轮_模型硬件拓扑trace与网络竞争_20260929/experiments/llmservingsim_input_sweep/astra_inputs/round09-i128-o4/network/network.yml,a32a61c1287c6cd8da0547ed93cdc01664a234b84207629fe1321e346fe553bb
workspace/第09轮_模型硬件拓扑trace与网络竞争_20260929/experiments/llmservingsim_input_sweep/astra_inputs/round09-i128-o4/system/system.json,b2cf62643b641bf2599a1032fdd2a5c97b3378944f29b32f37c567bceb089c89
workspace/第09轮_模型硬件拓扑trace与网络竞争_20260929/experiments/llmservingsim_input_sweep/astra_inputs/round09-i128-o4/trace/RTXPRO6000/Qwen/Qwen3-30B-A3B-Instruct-2507/instance0_batch0.txt,9d54e38f75517f8f8e374db74ae6da225620fb8e034414a7a7ec12b06d495bb0
workspace/第09轮_模型硬件拓扑trace与网络竞争_20260929/experiments/llmservingsim_input_sweep/astra_inputs/round09-i128-o4/trace/RTXPRO6000/Qwen/Qwen3-30B-A3B-Instruct-2507/instance0_batch1.txt,982151214fafe2997748ab647348cd118fcf74044a671a0a64546f9bd0d4fe8d
workspace/第09轮_模型硬件拓扑trace与网络竞争_20260929/experiments/llmservingsim_input_sweep/astra_inputs/round09-i128-o4/trace/RTXPRO6000/Qwen/Qwen3-30B-A3B-Instruct-2507/instance0_batch2.txt,b33d0baaaacb733c13b8f7176fe2e34e722ec1866c0fc5490e160c5683ab8e29
workspace/第09轮_模型硬件拓扑trace与网络竞争_20260929/experiments/llmservingsim_input_sweep/astra_inputs/round09-i128-o4/trace/RTXPRO6000/Qwen/Qwen3-30B-A3B-Instruct-2507/instance0_batch3.txt,11f7c90b1f6b70cfcf55fe94403a7c1dddeafac5ea677ce375610426e2904bb0
workspace/第09轮_模型硬件拓扑trace与网络竞争_20260929/experiments/llmservingsim_input_sweep/astra_inputs/round09-i128-o4/workload/RTXPRO6000/Qwen/Qwen3-30B-A3B-Instruct-2507/instance0_batch0/llm.0.et,6bcd8ca8c0642f7494c5b4c117d1d98bb05d170ef004c20f05a8f385e0ee46f6
workspace/第09轮_模型硬件拓扑trace与网络竞争_20260929/experiments/llmservingsim_input_sweep/astra_inputs/round09-i128-o4/workload/RTXPRO6000/Qwen/Qwen3-30B-A3B-Instruct-2507/instance0_batch0/llm.1.et,4b8117279415cb0f583c9e9db7d410bf481e52171f15174681f063ce181a6074
workspace/第09轮_模型硬件拓扑trace与网络竞争_20260929/experiments/llmservingsim_input_sweep/astra_inputs/round09-i128-o4/workload/RTXPRO6000/Qwen/Qwen3-30B-A3B-Instruct-2507/instance0_batch1/llm.0.et,caac42095fd6e26887da0f6601d98d3f922a8bee003658ff115592a66da3ae1c
workspace/第09轮_模型硬件拓扑trace与网络竞争_20260929/experiments/llmservingsim_input_sweep/astra_inputs/round09-i128-o4/workload/RTXPRO6000/Qwen/Qwen3-30B-A3B-Instruct-2507/instance0_batch1/llm.1.et,a720f2c3fca21c91d15a7ddca4e8a942109f6d5ba0f72a4f6e7097afcc9e8298
workspace/第09轮_模型硬件拓扑trace与网络竞争_20260929/experiments/llmservingsim_input_sweep/astra_inputs/round09-i128-o4/workload/RTXPRO6000/Qwen/Qwen3-30B-A3B-Instruct-2507/instance0_batch2/llm.0.et,9f64c1dfb77e5d15a34b98b2aa59bc905e9a46d38f61e74997e5317c4854ce8a
workspace/第09轮_模型硬件拓扑trace与网络竞争_20260929/experiments/llmservingsim_input_sweep/astra_inputs/round09-i128-o4/workload/RTXPRO6000/Qwen/Qwen3-30B-A3B-Instruct-2507/instance0_batch2/llm.1.et,dadae8be893fe954e1e515d1513e9569e8750871da7ffdec0d17f6bd1a81ca04
workspace/第09轮_模型硬件拓扑trace与网络竞争_20260929/experiments/llmservingsim_input_sweep/astra_inputs/round09-i128-o4/workload/RTXPRO6000/Qwen/Qwen3-30B-A3B-Instruct-2507/instance0_batch3/llm.0.et,1874f062ab7375b5cda9a4511cc86cf638622c3d8073a05279a26fb1a7afb376
workspace/第09轮_模型硬件拓扑trace与网络竞争_20260929/experiments/llmservingsim_input_sweep/astra_inputs/round09-i128-o4/workload/RTXPRO6000/Qwen/Qwen3-30B-A3B-Instruct-2507/instance0_batch3/llm.1.et,cb4afd91bcc0add0aa357eec806d16268272607ae95481308591996367630250
workspace/第09轮_模型硬件拓扑trace与网络竞争_20260929/experiments/llmservingsim_input_sweep/astra_inputs/round09-i128-o4/workload/event_handler/llm.0.et,ef9bd338787e131464b5511de39012e7546592c85b680a531c2eeb4e8557bf59
workspace/第09轮_模型硬件拓扑trace与网络竞争_20260929/experiments/llmservingsim_input_sweep/astra_inputs/round09-i128-o4/workload/event_handler/llm.1.et,b587cefe28bf015773a416d914834cba5bb1adccc4af13a8958fb238a8693bfc
workspace/第09轮_模型硬件拓扑trace与网络竞争_20260929/experiments/llmservingsim_input_sweep/astra_inputs/round09-i4096-o32/network/network.yml,a32a61c1287c6cd8da0547ed93cdc01664a234b84207629fe1321e346fe553bb
workspace/第09轮_模型硬件拓扑trace与网络竞争_20260929/experiments/llmservingsim_input_sweep/astra_inputs/round09-i4096-o32/system/system.json,b2cf62643b641bf2599a1032fdd2a5c97b3378944f29b32f37c567bceb089c89
workspace/第09轮_模型硬件拓扑trace与网络竞争_20260929/experiments/llmservingsim_input_sweep/astra_inputs/round09-i4096-o32/trace/RTXPRO6000/Qwen/Qwen3-30B-A3B-Instruct-2507/instance0_batch0.txt,6c4627a0e0db60aff80535f1b1b936c8e32479d819de75c35fbe260585e3cfaf
workspace/第09轮_模型硬件拓扑trace与网络竞争_20260929/experiments/llmservingsim_input_sweep/astra_inputs/round09-i4096-o32/trace/RTXPRO6000/Qwen/Qwen3-30B-A3B-Instruct-2507/instance0_batch1.txt,46f5b12824ca339d9833b2da26eda0e9f71fa651d10efb72ae0a9a32f3f041d1
workspace/第09轮_模型硬件拓扑trace与网络竞争_20260929/experiments/llmservingsim_input_sweep/astra_inputs/round09-i4096-o32/trace/RTXPRO6000/Qwen/Qwen3-30B-A3B-Instruct-2507/instance0_batch10.txt,30eec01707c788ee6c5b40cced7929c85a2b6ab51c9b6befa6a2944a59ff43b2
workspace/第09轮_模型硬件拓扑trace与网络竞争_20260929/experiments/llmservingsim_input_sweep/astra_inputs/round09-i4096-o32/trace/RTXPRO6000/Qwen/Qwen3-30B-A3B-Instruct-2507/instance0_batch11.txt,97761ca39b02a2d2a216c6d0ee6f819f4987c727f89f1ff7d429f62394fa3819
workspace/第09轮_模型硬件拓扑trace与网络竞争_20260929/experiments/llmservingsim_input_sweep/astra_inputs/round09-i4096-o32/trace/RTXPRO6000/Qwen/Qwen3-30B-A3B-Instruct-2507/instance0_batch12.txt,581dfd101164ab6d0a006eff991f86a2dea6da5a79a872a4130294401a8622b6
workspace/第09轮_模型硬件拓扑trace与网络竞争_20260929/experiments/llmservingsim_input_sweep/astra_inputs/round09-i4096-o32/trace/RTXPRO6000/Qwen/Qwen3-30B-A3B-Instruct-2507/instance0_batch13.txt,e8bea357fc43a2d3af23f2cf2c1b84eadbc91642d10e2962d3ad7a765fb98f5a
workspace/第09轮_模型硬件拓扑trace与网络竞争_20260929/experiments/llmservingsim_input_sweep/astra_inputs/round09-i4096-o32/trace/RTXPRO6000/Qwen/Qwen3-30B-A3B-Instruct-2507/instance0_batch14.txt,60cf68e15714047c105441b2f93e0602c2631dce0287bb0793fc4399db15ae82
workspace/第09轮_模型硬件拓扑trace与网络竞争_20260929/experiments/llmservingsim_input_sweep/astra_inputs/round09-i4096-o32/trace/RTXPRO6000/Qwen/Qwen3-30B-A3B-Instruct-2507/instance0_batch15.txt,c40cd25dbdd938d4e13c30f96cea093972f4f585d6b26284242de645b55c59e3
workspace/第09轮_模型硬件拓扑trace与网络竞争_20260929/experiments/llmservingsim_input_sweep/astra_inputs/round09-i4096-o32/trace/RTXPRO6000/Qwen/Qwen3-30B-A3B-Instruct-2507/instance0_batch16.txt,befc25bbe0621aede0bcf7c2809ef8f4aef28affeab26898ba5b667dbca7a31e
workspace/第09轮_模型硬件拓扑trace与网络竞争_20260929/experiments/llmservingsim_input_sweep/astra_inputs/round09-i4096-o32/trace/RTXPRO6000/Qwen/Qwen3-30B-A3B-Instruct-2507/instance0_batch17.txt,66a367bf167b70323bcab92605059ceee97e4e877873f02a106da63172967393
workspace/第09轮_模型硬件拓扑trace与网络竞争_20260929/experiments/llmservingsim_input_sweep/astra_inputs/round09-i4096-o32/trace/RTXPRO6000/Qwen/Qwen3-30B-A3B-Instruct-2507/instance0_batch18.txt,e6df9bf195233c631effec5688d9314d82efe2c6f943256f3fbf18cd08755678
workspace/第09轮_模型硬件拓扑trace与网络竞争_20260929/experiments/llmservingsim_input_sweep/astra_inputs/round09-i4096-o32/trace/RTXPRO6000/Qwen/Qwen3-30B-A3B-Instruct-2507/instance0_batch19.txt,0d05a34a4085d8fa3dba80b20706ae9773babce36abede6a0e9c560b16f4ea6f
workspace/第09轮_模型硬件拓扑trace与网络竞争_20260929/experiments/llmservingsim_input_sweep/astra_inputs/round09-i4096-o32/trace/RTXPRO6000/Qwen/Qwen3-30B-A3B-Instruct-2507/instance0_batch2.txt,0c483e975726a9da69c12da01027c2660588f4fe54529300eb290485929fd928
workspace/第09轮_模型硬件拓扑trace与网络竞争_20260929/experiments/llmservingsim_input_sweep/astra_inputs/round09-i4096-o32/trace/RTXPRO6000/Qwen/Qwen3-30B-A3B-Instruct-2507/instance0_batch20.txt,ac234f7053980b5c8cf30c494a7964222359ee24f07209d28427e28d5dc06f8c
workspace/第09轮_模型硬件拓扑trace与网络竞争_20260929/experiments/llmservingsim_input_sweep/astra_inputs/round09-i4096-o32/trace/RTXPRO6000/Qwen/Qwen3-30B-A3B-Instruct-2507/instance0_batch21.txt,b3c1425070aea3fa1d9bcd62c19ae2bbc57ea0fde6be8087620631eb3dc60c18
workspace/第09轮_模型硬件拓扑trace与网络竞争_20260929/experiments/llmservingsim_input_sweep/astra_inputs/round09-i4096-o32/trace/RTXPRO6000/Qwen/Qwen3-30B-A3B-Instruct-2507/instance0_batch22.txt,a84412ee75e34e6ed6a22596861e5d5d7e88227c841141c1cb216e5d0d03e86e
workspace/第09轮_模型硬件拓扑trace与网络竞争_20260929/experiments/llmservingsim_input_sweep/astra_inputs/round09-i4096-o32/trace/RTXPRO6000/Qwen/Qwen3-30B-A3B-Instruct-2507/instance0_batch23.txt,5101133a326f69c0fafa5406fb979c81bf12899733bceb147a88ca7fc192e184
workspace/第09轮_模型硬件拓扑trace与网络竞争_20260929/experiments/llmservingsim_input_sweep/astra_inputs/round09-i4096-o32/trace/RTXPRO6000/Qwen/Qwen3-30B-A3B-Instruct-2507/instance0_batch24.txt,22a0a45d815ba6d7e3e95ef39180996cf2419221aef81244679492204416c74f
workspace/第09轮_模型硬件拓扑trace与网络竞争_20260929/experiments/llmservingsim_input_sweep/astra_inputs/round09-i4096-o32/trace/RTXPRO6000/Qwen/Qwen3-30B-A3B-Instruct-2507/instance0_batch25.txt,437ed4e7944485765f74b61fed48768fed0def1c6187bd0ec842df3aae2867be
workspace/第09轮_模型硬件拓扑trace与网络竞争_20260929/experiments/llmservingsim_input_sweep/astra_inputs/round09-i4096-o32/trace/RTXPRO6000/Qwen/Qwen3-30B-A3B-Instruct-2507/instance0_batch26.txt,aaa8d081c269af98ac9d8f6809ff92dca49574695462c495fdbdd5f4a0ff09e2
workspace/第09轮_模型硬件拓扑trace与网络竞争_20260929/experiments/llmservingsim_input_sweep/astra_inputs/round09-i4096-o32/trace/RTXPRO6000/Qwen/Qwen3-30B-A3B-Instruct-2507/instance0_batch27.txt,8c1b421760a5095771d734d29581de77987312c5ed31d425545697c359a3deb9
workspace/第09轮_模型硬件拓扑trace与网络竞争_20260929/experiments/llmservingsim_input_sweep/astra_inputs/round09-i4096-o32/trace/RTXPRO6000/Qwen/Qwen3-30B-A3B-Instruct-2507/instance0_batch28.txt,9f2fe09e331b0f1343137b8d1b06e67f20267dd61e3f2a1e24cdeee40f9599f7
workspace/第09轮_模型硬件拓扑trace与网络竞争_20260929/experiments/llmservingsim_input_sweep/astra_inputs/round09-i4096-o32/trace/RTXPRO6000/Qwen/Qwen3-30B-A3B-Instruct-2507/instance0_batch29.txt,29b082ae989090f36040689b913194940e827517ecc39a24744b5b26f7f85523
workspace/第09轮_模型硬件拓扑trace与网络竞争_20260929/experiments/llmservingsim_input_sweep/astra_inputs/round09-i4096-o32/trace/RTXPRO6000/Qwen/Qwen3-30B-A3B-Instruct-2507/instance0_batch3.txt,784342d15e1cedf5965a4da07ab77a7aa29638b3f60358758ac6503c2e6481e1
workspace/第09轮_模型硬件拓扑trace与网络竞争_20260929/experiments/llmservingsim_input_sweep/astra_inputs/round09-i4096-o32/trace/RTXPRO6000/Qwen/Qwen3-30B-A3B-Instruct-2507/instance0_batch30.txt,37fb04526b359295b24abab104bf79d02d076b90b32ec023d5eb364f752ad922
workspace/第09轮_模型硬件拓扑trace与网络竞争_20260929/experiments/llmservingsim_input_sweep/astra_inputs/round09-i4096-o32/trace/RTXPRO6000/Qwen/Qwen3-30B-A3B-Instruct-2507/instance0_batch31.txt,f6c5dbf72c938d2dd006793f844f7315825c5dacc7f03d14e1c53dcf8081fc39
workspace/第09轮_模型硬件拓扑trace与网络竞争_20260929/experiments/llmservingsim_input_sweep/astra_inputs/round09-i4096-o32/trace/RTXPRO6000/Qwen/Qwen3-30B-A3B-Instruct-2507/instance0_batch32.txt,732f0f8948f161d1f524722b9c7e0c5388ae82fe1536459cd9441a25dee48daf
workspace/第09轮_模型硬件拓扑trace与网络竞争_20260929/experiments/llmservingsim_input_sweep/astra_inputs/round09-i4096-o32/trace/RTXPRO6000/Qwen/Qwen3-30B-A3B-Instruct-2507/instance0_batch4.txt,21c2a838685c2ae96b49a6c7d87da34e1fb3e9d387f578fe46d24d12413c1ceb
workspace/第09轮_模型硬件拓扑trace与网络竞争_20260929/experiments/llmservingsim_input_sweep/astra_inputs/round09-i4096-o32/trace/RTXPRO6000/Qwen/Qwen3-30B-A3B-Instruct-2507/instance0_batch5.txt,39da5d67a5753fffaaef9f0b88a758ed7a4c93bc0a68baef2e81c2c265bf0ce9
workspace/第09轮_模型硬件拓扑trace与网络竞争_20260929/experiments/llmservingsim_input_sweep/astra_inputs/round09-i4096-o32/trace/RTXPRO6000/Qwen/Qwen3-30B-A3B-Instruct-2507/instance0_batch6.txt,0f25857c95e65dadb0fff3d3e662b9f7a245b7171236837212f95d34ebe6ad29
workspace/第09轮_模型硬件拓扑trace与网络竞争_20260929/experiments/llmservingsim_input_sweep/astra_inputs/round09-i4096-o32/trace/RTXPRO6000/Qwen/Qwen3-30B-A3B-Instruct-2507/instance0_batch7.txt,d3046e938d92acfd08166aed5b94f4fe68903d7a75bcb18771cde427491560e5
workspace/第09轮_模型硬件拓扑trace与网络竞争_20260929/experiments/llmservingsim_input_sweep/astra_inputs/round09-i4096-o32/trace/RTXPRO6000/Qwen/Qwen3-30B-A3B-Instruct-2507/instance0_batch8.txt,48724930a9e841bca9ac46960aa5bafd7bbafb54670bf9ce276999e3497aed2d
workspace/第09轮_模型硬件拓扑trace与网络竞争_20260929/experiments/llmservingsim_input_sweep/astra_inputs/round09-i4096-o32/trace/RTXPRO6000/Qwen/Qwen3-30B-A3B-Instruct-2507/instance0_batch9.txt,2dfe27ea162ab70b21bc9652d0ba6a832ff48542ccf34e7ca899e999e1038070
workspace/第09轮_模型硬件拓扑trace与网络竞争_20260929/experiments/llmservingsim_input_sweep/astra_inputs/round09-i4096-o32/workload/RTXPRO6000/Qwen/Qwen3-30B-A3B-Instruct-2507/instance0_batch0/llm.0.et,7a3c3498f36cacd15452bd54048308685e9d3d3d228cf93b8774fb6cc42b0fbd
workspace/第09轮_模型硬件拓扑trace与网络竞争_20260929/experiments/llmservingsim_input_sweep/astra_inputs/round09-i4096-o32/workload/RTXPRO6000/Qwen/Qwen3-30B-A3B-Instruct-2507/instance0_batch0/llm.1.et,857808ec93e5324af3b2074cb6c47bc98e479bf4240f046b6de908db9a2b3c68
workspace/第09轮_模型硬件拓扑trace与网络竞争_20260929/experiments/llmservingsim_input_sweep/astra_inputs/round09-i4096-o32/workload/RTXPRO6000/Qwen/Qwen3-30B-A3B-Instruct-2507/instance0_batch1/llm.0.et,1b9a0ae883636e99a250bf0b495e56545dafbcf97325775ce0733cb34a69bee6
workspace/第09轮_模型硬件拓扑trace与网络竞争_20260929/experiments/llmservingsim_input_sweep/astra_inputs/round09-i4096-o32/workload/RTXPRO6000/Qwen/Qwen3-30B-A3B-Instruct-2507/instance0_batch1/llm.1.et,4a47892417ed655b41e1673687bd63c4a397a817a9bd884a3781ba8669664527
workspace/第09轮_模型硬件拓扑trace与网络竞争_20260929/experiments/llmservingsim_input_sweep/astra_inputs/round09-i4096-o32/workload/RTXPRO6000/Qwen/Qwen3-30B-A3B-Instruct-2507/instance0_batch10/llm.0.et,be8a3f24a205eb041b53f2d4de6551c6ee9b02067a98f204e579db7e553fc6e1
workspace/第09轮_模型硬件拓扑trace与网络竞争_20260929/experiments/llmservingsim_input_sweep/astra_inputs/round09-i4096-o32/workload/RTXPRO6000/Qwen/Qwen3-30B-A3B-Instruct-2507/instance0_batch10/llm.1.et,3738c6a4cb1f0b9838facc783c92c489e79630d4518e281a9415a14ecc5efae9
workspace/第09轮_模型硬件拓扑trace与网络竞争_20260929/experiments/llmservingsim_input_sweep/astra_inputs/round09-i4096-o32/workload/RTXPRO6000/Qwen/Qwen3-30B-A3B-Instruct-2507/instance0_batch11/llm.0.et,f5b009cf875c2ecab93693bbece5c32227ec5000ca61c7d3cd39779bef94e3db
workspace/第09轮_模型硬件拓扑trace与网络竞争_20260929/experiments/llmservingsim_input_sweep/astra_inputs/round09-i4096-o32/workload/RTXPRO6000/Qwen/Qwen3-30B-A3B-Instruct-2507/instance0_batch11/llm.1.et,27c5c413d8d97f2b45b1b28ab468ae46b7cad9a669227b6087f2c92d8283b265
workspace/第09轮_模型硬件拓扑trace与网络竞争_20260929/experiments/llmservingsim_input_sweep/astra_inputs/round09-i4096-o32/workload/RTXPRO6000/Qwen/Qwen3-30B-A3B-Instruct-2507/instance0_batch12/llm.0.et,7eaa6f7e18c632aca4d80205b399e1b9f71edab39d1de340846cc4bec94feefa
workspace/第09轮_模型硬件拓扑trace与网络竞争_20260929/experiments/llmservingsim_input_sweep/astra_inputs/round09-i4096-o32/workload/RTXPRO6000/Qwen/Qwen3-30B-A3B-Instruct-2507/instance0_batch12/llm.1.et,f232f559bbe967e8d7c08508ae477fde2ef3c4aed35ea0ac5bdfbf627ae43224
workspace/第09轮_模型硬件拓扑trace与网络竞争_20260929/experiments/llmservingsim_input_sweep/astra_inputs/round09-i4096-o32/workload/RTXPRO6000/Qwen/Qwen3-30B-A3B-Instruct-2507/instance0_batch13/llm.0.et,31114a9bba50fe9073d0bf8b6d305e77d99014e4bcd783f18657cec5e5f97ecc
workspace/第09轮_模型硬件拓扑trace与网络竞争_20260929/experiments/llmservingsim_input_sweep/astra_inputs/round09-i4096-o32/workload/RTXPRO6000/Qwen/Qwen3-30B-A3B-Instruct-2507/instance0_batch13/llm.1.et,41b4138f878261f51ffab30e4afecc96fd639ba2d6e50c3f104af8f0b697fdb2
workspace/第09轮_模型硬件拓扑trace与网络竞争_20260929/experiments/llmservingsim_input_sweep/astra_inputs/round09-i4096-o32/workload/RTXPRO6000/Qwen/Qwen3-30B-A3B-Instruct-2507/instance0_batch14/llm.0.et,fd138009a5a3cce7d08598a4324ea53d896e615d6593c15c0989ec8b53dbf516
workspace/第09轮_模型硬件拓扑trace与网络竞争_20260929/experiments/llmservingsim_input_sweep/astra_inputs/round09-i4096-o32/workload/RTXPRO6000/Qwen/Qwen3-30B-A3B-Instruct-2507/instance0_batch14/llm.1.et,8dd67746318064b1051e9bbc990ac0f7a1fd7d4bea0fc0ec9f181237a14977c2
workspace/第09轮_模型硬件拓扑trace与网络竞争_20260929/experiments/llmservingsim_input_sweep/astra_inputs/round09-i4096-o32/workload/RTXPRO6000/Qwen/Qwen3-30B-A3B-Instruct-2507/instance0_batch15/llm.0.et,1cd06c71115aea1c34730c19c23efad9242582121a6da51fd0979988f2f47770
workspace/第09轮_模型硬件拓扑trace与网络竞争_20260929/experiments/llmservingsim_input_sweep/astra_inputs/round09-i4096-o32/workload/RTXPRO6000/Qwen/Qwen3-30B-A3B-Instruct-2507/instance0_batch15/llm.1.et,30aeaef9ffc4f54356876270cb61a83a673707e5c30862885486fc585c08ed78
workspace/第09轮_模型硬件拓扑trace与网络竞争_20260929/experiments/llmservingsim_input_sweep/astra_inputs/round09-i4096-o32/workload/RTXPRO6000/Qwen/Qwen3-30B-A3B-Instruct-2507/instance0_batch16/llm.0.et,82161db95e8c634500a030b15d5223e3b6cb959acc13baa86ce6e9ed6aa26788
workspace/第09轮_模型硬件拓扑trace与网络竞争_20260929/experiments/llmservingsim_input_sweep/astra_inputs/round09-i4096-o32/workload/RTXPRO6000/Qwen/Qwen3-30B-A3B-Instruct-2507/instance0_batch16/llm.1.et,d95e96b2c8b65d04a499ff6d12ef985bdfb5807fb0715389afa3421d939854e1
workspace/第09轮_模型硬件拓扑trace与网络竞争_20260929/experiments/llmservingsim_input_sweep/astra_inputs/round09-i4096-o32/workload/RTXPRO6000/Qwen/Qwen3-30B-A3B-Instruct-2507/instance0_batch17/llm.0.et,b3bd404d0fb016dd3d9c37c24f7623874bafb7c5cf7ff016ab4636101c47facc
workspace/第09轮_模型硬件拓扑trace与网络竞争_20260929/experiments/llmservingsim_input_sweep/astra_inputs/round09-i4096-o32/workload/RTXPRO6000/Qwen/Qwen3-30B-A3B-Instruct-2507/instance0_batch17/llm.1.et,184e508adf01f7c8969622252796087fad305eaec1f9bc956df9d7f628f8d819
workspace/第09轮_模型硬件拓扑trace与网络竞争_20260929/experiments/llmservingsim_input_sweep/astra_inputs/round09-i4096-o32/workload/RTXPRO6000/Qwen/Qwen3-30B-A3B-Instruct-2507/instance0_batch18/llm.0.et,9d55beab32f44ddbed1744e2d842c8ea2feef993e65bacbd7e009cb77a3e9824
workspace/第09轮_模型硬件拓扑trace与网络竞争_20260929/experiments/llmservingsim_input_sweep/astra_inputs/round09-i4096-o32/workload/RTXPRO6000/Qwen/Qwen3-30B-A3B-Instruct-2507/instance0_batch18/llm.1.et,06346a01bf2c20c7c10165596633c259dc98497818ff32305b8a1070eabc8535
workspace/第09轮_模型硬件拓扑trace与网络竞争_20260929/experiments/llmservingsim_input_sweep/astra_inputs/round09-i4096-o32/workload/RTXPRO6000/Qwen/Qwen3-30B-A3B-Instruct-2507/instance0_batch19/llm.0.et,770a14ce4adc9582931dbf15583383b6ad07f3bb1e21e86355aa1388aeef26b1
workspace/第09轮_模型硬件拓扑trace与网络竞争_20260929/experiments/llmservingsim_input_sweep/astra_inputs/round09-i4096-o32/workload/RTXPRO6000/Qwen/Qwen3-30B-A3B-Instruct-2507/instance0_batch19/llm.1.et,c58578735d62b652f615b0e19fbc05d1f0b4dd3369c8f388d85a95fa2e59a3a2
workspace/第09轮_模型硬件拓扑trace与网络竞争_20260929/experiments/llmservingsim_input_sweep/astra_inputs/round09-i4096-o32/workload/RTXPRO6000/Qwen/Qwen3-30B-A3B-Instruct-2507/instance0_batch2/llm.0.et,67129447ab596007bd1fe761c06271f7cbbe88f8ee77803bce4db83e55a19fc4
workspace/第09轮_模型硬件拓扑trace与网络竞争_20260929/experiments/llmservingsim_input_sweep/astra_inputs/round09-i4096-o32/workload/RTXPRO6000/Qwen/Qwen3-30B-A3B-Instruct-2507/instance0_batch2/llm.1.et,3459a39267b6eeeedd0f98bd583b6b295f4ee7d07c1775b611aa0ead1e162ae9
workspace/第09轮_模型硬件拓扑trace与网络竞争_20260929/experiments/llmservingsim_input_sweep/astra_inputs/round09-i4096-o32/workload/RTXPRO6000/Qwen/Qwen3-30B-A3B-Instruct-2507/instance0_batch20/llm.0.et,96c47eae0e896d5dcaac64f1cf603c0da12b945ecd200b101aee958ef96319d9
workspace/第09轮_模型硬件拓扑trace与网络竞争_20260929/experiments/llmservingsim_input_sweep/astra_inputs/round09-i4096-o32/workload/RTXPRO6000/Qwen/Qwen3-30B-A3B-Instruct-2507/instance0_batch20/llm.1.et,71f7e0e965141c6cb9c1e3ddb42658c8efc2060b95953ed94845fc7571c1e333
workspace/第09轮_模型硬件拓扑trace与网络竞争_20260929/experiments/llmservingsim_input_sweep/astra_inputs/round09-i4096-o32/workload/RTXPRO6000/Qwen/Qwen3-30B-A3B-Instruct-2507/instance0_batch21/llm.0.et,68f08c58db6b389b5ff0e1d1014b822b25a5c0be3a4889168976bee50c29a1dc
workspace/第09轮_模型硬件拓扑trace与网络竞争_20260929/experiments/llmservingsim_input_sweep/astra_inputs/round09-i4096-o32/workload/RTXPRO6000/Qwen/Qwen3-30B-A3B-Instruct-2507/instance0_batch21/llm.1.et,4b67eac8eed10e0ff6a29245fdfba62992ed22433503e5487fdcecc3a2875d3e
workspace/第09轮_模型硬件拓扑trace与网络竞争_20260929/experiments/llmservingsim_input_sweep/astra_inputs/round09-i4096-o32/workload/RTXPRO6000/Qwen/Qwen3-30B-A3B-Instruct-2507/instance0_batch22/llm.0.et,94b01a9af596887a092ef59ffc41039267563bb42fbecc51bba67515036ee9c3
workspace/第09轮_模型硬件拓扑trace与网络竞争_20260929/experiments/llmservingsim_input_sweep/astra_inputs/round09-i4096-o32/workload/RTXPRO6000/Qwen/Qwen3-30B-A3B-Instruct-2507/instance0_batch22/llm.1.et,5c2edf471ad51339cce57efc48a01fd3fdc62a18d78e72fb1db8f5510b81e5e4
workspace/第09轮_模型硬件拓扑trace与网络竞争_20260929/experiments/llmservingsim_input_sweep/astra_inputs/round09-i4096-o32/workload/RTXPRO6000/Qwen/Qwen3-30B-A3B-Instruct-2507/instance0_batch23/llm.0.et,57486e2e3520bac8dd833e44e32333287ee7feaa1ef81ba01e6f18f6801b60e6
workspace/第09轮_模型硬件拓扑trace与网络竞争_20260929/experiments/llmservingsim_input_sweep/astra_inputs/round09-i4096-o32/workload/RTXPRO6000/Qwen/Qwen3-30B-A3B-Instruct-2507/instance0_batch23/llm.1.et,9643de15e317806ab74ec7f5e71d3f4b1f82cd11a7adbb6f04131e3fd932ac40
workspace/第09轮_模型硬件拓扑trace与网络竞争_20260929/experiments/llmservingsim_input_sweep/astra_inputs/round09-i4096-o32/workload/RTXPRO6000/Qwen/Qwen3-30B-A3B-Instruct-2507/instance0_batch24/llm.0.et,24d3770a0dc272d59bca59bde404155aed7ac0227fad7c5eac04d37e7f90c956
workspace/第09轮_模型硬件拓扑trace与网络竞争_20260929/experiments/llmservingsim_input_sweep/astra_inputs/round09-i4096-o32/workload/RTXPRO6000/Qwen/Qwen3-30B-A3B-Instruct-2507/instance0_batch24/llm.1.et,c91b79306bc94dad0ab41ab8d3bf8889f155f7babcea48129f057404ef86424d
workspace/第09轮_模型硬件拓扑trace与网络竞争_20260929/experiments/llmservingsim_input_sweep/astra_inputs/round09-i4096-o32/workload/RTXPRO6000/Qwen/Qwen3-30B-A3B-Instruct-2507/instance0_batch25/llm.0.et,1a9e9d529216c50c941f2dd8247ef1eb4e6858d287c9557948bf7e6e9554b1f3
workspace/第09轮_模型硬件拓扑trace与网络竞争_20260929/experiments/llmservingsim_input_sweep/astra_inputs/round09-i4096-o32/workload/RTXPRO6000/Qwen/Qwen3-30B-A3B-Instruct-2507/instance0_batch25/llm.1.et,955ad3accbcf9a390ba91420d1aeaaae319921dfe5b7b4c4b2a2105932011241
workspace/第09轮_模型硬件拓扑trace与网络竞争_20260929/experiments/llmservingsim_input_sweep/astra_inputs/round09-i4096-o32/workload/RTXPRO6000/Qwen/Qwen3-30B-A3B-Instruct-2507/instance0_batch26/llm.0.et,8455dcd38bcb4de9dec05a8808ffb929019734e9b16eb1dafac1f14f45cde0a8
workspace/第09轮_模型硬件拓扑trace与网络竞争_20260929/experiments/llmservingsim_input_sweep/astra_inputs/round09-i4096-o32/workload/RTXPRO6000/Qwen/Qwen3-30B-A3B-Instruct-2507/instance0_batch26/llm.1.et,99f0e1ba4f37d9bfceff7e310893e93d79214b67cb22c2ce62ff6f0af7748ee0
workspace/第09轮_模型硬件拓扑trace与网络竞争_20260929/experiments/llmservingsim_input_sweep/astra_inputs/round09-i4096-o32/workload/RTXPRO6000/Qwen/Qwen3-30B-A3B-Instruct-2507/instance0_batch27/llm.0.et,fd52dc450f5bb8e8e82ac0126285e987c6aaff36dfab9b9bf62d8c753d6f567c
workspace/第09轮_模型硬件拓扑trace与网络竞争_20260929/experiments/llmservingsim_input_sweep/astra_inputs/round09-i4096-o32/workload/RTXPRO6000/Qwen/Qwen3-30B-A3B-Instruct-2507/instance0_batch27/llm.1.et,407a99014f8ba596f865f430804c84c22e6dc740a3b0ebf78a378b9979fce5e2
workspace/第09轮_模型硬件拓扑trace与网络竞争_20260929/experiments/llmservingsim_input_sweep/astra_inputs/round09-i4096-o32/workload/RTXPRO6000/Qwen/Qwen3-30B-A3B-Instruct-2507/instance0_batch28/llm.0.et,45d54b59b2bc93fb54a46a6e75e044ad4b1715c08f415dd9495ff766c2a99d04
workspace/第09轮_模型硬件拓扑trace与网络竞争_20260929/experiments/llmservingsim_input_sweep/astra_inputs/round09-i4096-o32/workload/RTXPRO6000/Qwen/Qwen3-30B-A3B-Instruct-2507/instance0_batch28/llm.1.et,6a74142570001959a5200cc99b43a85015b94be62f7a6977fe65e6f67ad5c0ba
workspace/第09轮_模型硬件拓扑trace与网络竞争_20260929/experiments/llmservingsim_input_sweep/astra_inputs/round09-i4096-o32/workload/RTXPRO6000/Qwen/Qwen3-30B-A3B-Instruct-2507/instance0_batch29/llm.0.et,b725240ab3f3ae34b1dd76199ad6ec6dede02243814acc343c3f880c888b12bd
workspace/第09轮_模型硬件拓扑trace与网络竞争_20260929/experiments/llmservingsim_input_sweep/astra_inputs/round09-i4096-o32/workload/RTXPRO6000/Qwen/Qwen3-30B-A3B-Instruct-2507/instance0_batch29/llm.1.et,8fbf8986283b527390a1fc578d2608bda7d959e89e0920d0e0a087207e5fff88
workspace/第09轮_模型硬件拓扑trace与网络竞争_20260929/experiments/llmservingsim_input_sweep/astra_inputs/round09-i4096-o32/workload/RTXPRO6000/Qwen/Qwen3-30B-A3B-Instruct-2507/instance0_batch3/llm.0.et,76992a2d1de9c5a4512c6a7144ca052a6d5f1d4cd9e5340b1185281d751090c1
workspace/第09轮_模型硬件拓扑trace与网络竞争_20260929/experiments/llmservingsim_input_sweep/astra_inputs/round09-i4096-o32/workload/RTXPRO6000/Qwen/Qwen3-30B-A3B-Instruct-2507/instance0_batch3/llm.1.et,a77e8b397e429773a50e0ae64c4357d2780b2e691119118fd9a8455e3b02f3b8
workspace/第09轮_模型硬件拓扑trace与网络竞争_20260929/experiments/llmservingsim_input_sweep/astra_inputs/round09-i4096-o32/workload/RTXPRO6000/Qwen/Qwen3-30B-A3B-Instruct-2507/instance0_batch30/llm.0.et,a048bdb2b2bf6ac8592f27d5cfa9824f7e290b8e309e65b612b46829f87108b8
workspace/第09轮_模型硬件拓扑trace与网络竞争_20260929/experiments/llmservingsim_input_sweep/astra_inputs/round09-i4096-o32/workload/RTXPRO6000/Qwen/Qwen3-30B-A3B-Instruct-2507/instance0_batch30/llm.1.et,c4a328b04efb8b1420b355255282445045a092f988f4450e306fe4fec7562680
workspace/第09轮_模型硬件拓扑trace与网络竞争_20260929/experiments/llmservingsim_input_sweep/astra_inputs/round09-i4096-o32/workload/RTXPRO6000/Qwen/Qwen3-30B-A3B-Instruct-2507/instance0_batch31/llm.0.et,71994ef662b825451e841d93a038199947b27ca007bb29c33bd07b156634969d
workspace/第09轮_模型硬件拓扑trace与网络竞争_20260929/experiments/llmservingsim_input_sweep/astra_inputs/round09-i4096-o32/workload/RTXPRO6000/Qwen/Qwen3-30B-A3B-Instruct-2507/instance0_batch31/llm.1.et,97155f46b509ab64b06bcb1a0e611109e6158ae0d409780152d5d963d025f75b
workspace/第09轮_模型硬件拓扑trace与网络竞争_20260929/experiments/llmservingsim_input_sweep/astra_inputs/round09-i4096-o32/workload/RTXPRO6000/Qwen/Qwen3-30B-A3B-Instruct-2507/instance0_batch32/llm.0.et,3b7ade01f5a03f0d0c412adddd4effcd6e20dcb7e19366d4596c810525bed5d6
workspace/第09轮_模型硬件拓扑trace与网络竞争_20260929/experiments/llmservingsim_input_sweep/astra_inputs/round09-i4096-o32/workload/RTXPRO6000/Qwen/Qwen3-30B-A3B-Instruct-2507/instance0_batch32/llm.1.et,c6e42fa0c52be97746acc5fa3fbe8a1b7108d7821dd3383930a3d44118809890
workspace/第09轮_模型硬件拓扑trace与网络竞争_20260929/experiments/llmservingsim_input_sweep/astra_inputs/round09-i4096-o32/workload/RTXPRO6000/Qwen/Qwen3-30B-A3B-Instruct-2507/instance0_batch4/llm.0.et,f49b13a942b9ebf262361c3bd0da1c1701096cdb7768cb5f4ce79aa64438e06c
workspace/第09轮_模型硬件拓扑trace与网络竞争_20260929/experiments/llmservingsim_input_sweep/astra_inputs/round09-i4096-o32/workload/RTXPRO6000/Qwen/Qwen3-30B-A3B-Instruct-2507/instance0_batch4/llm.1.et,aeb10554730bac8a0ff975e639fb32d960872cf6440007b9261c9d321b54e684
workspace/第09轮_模型硬件拓扑trace与网络竞争_20260929/experiments/llmservingsim_input_sweep/astra_inputs/round09-i4096-o32/workload/RTXPRO6000/Qwen/Qwen3-30B-A3B-Instruct-2507/instance0_batch5/llm.0.et,4ab447e46006a7c1b8a45e7e175b7e9e56f51fe959be8b51b5103ab7cfcba086
workspace/第09轮_模型硬件拓扑trace与网络竞争_20260929/experiments/llmservingsim_input_sweep/astra_inputs/round09-i4096-o32/workload/RTXPRO6000/Qwen/Qwen3-30B-A3B-Instruct-2507/instance0_batch5/llm.1.et,154ebc1497a820b04adb399f14537e94552fee4277416466ecefd4daf30ce7c5
workspace/第09轮_模型硬件拓扑trace与网络竞争_20260929/experiments/llmservingsim_input_sweep/astra_inputs/round09-i4096-o32/workload/RTXPRO6000/Qwen/Qwen3-30B-A3B-Instruct-2507/instance0_batch6/llm.0.et,f2c92225913096449774307894f38ce76b3a86c67c172f6cdc8b9e468cc4dadc
workspace/第09轮_模型硬件拓扑trace与网络竞争_20260929/experiments/llmservingsim_input_sweep/astra_inputs/round09-i4096-o32/workload/RTXPRO6000/Qwen/Qwen3-30B-A3B-Instruct-2507/instance0_batch6/llm.1.et,22f45e958b5800f24f91a92190fda51b007d5873e9ffd83bbf3350b6bd7e1b6e
workspace/第09轮_模型硬件拓扑trace与网络竞争_20260929/experiments/llmservingsim_input_sweep/astra_inputs/round09-i4096-o32/workload/RTXPRO6000/Qwen/Qwen3-30B-A3B-Instruct-2507/instance0_batch7/llm.0.et,02b96334287656c6e7a638dee00ae5ae58340aea9dc5f6a6516865d539457309
workspace/第09轮_模型硬件拓扑trace与网络竞争_20260929/experiments/llmservingsim_input_sweep/astra_inputs/round09-i4096-o32/workload/RTXPRO6000/Qwen/Qwen3-30B-A3B-Instruct-2507/instance0_batch7/llm.1.et,a6c38d30814ea1c16eb469302a72d5d1997aa5d8f4837eedf962c5e2cd571d71
workspace/第09轮_模型硬件拓扑trace与网络竞争_20260929/experiments/llmservingsim_input_sweep/astra_inputs/round09-i4096-o32/workload/RTXPRO6000/Qwen/Qwen3-30B-A3B-Instruct-2507/instance0_batch8/llm.0.et,e6d8c9b35a847c2ac42063e889a8c6e67b86d339eda950b2cb859a447dc1c2e4
workspace/第09轮_模型硬件拓扑trace与网络竞争_20260929/experiments/llmservingsim_input_sweep/astra_inputs/round09-i4096-o32/workload/RTXPRO6000/Qwen/Qwen3-30B-A3B-Instruct-2507/instance0_batch8/llm.1.et,9072ac2a70df7576d462064bc5189bc4b8c952c3a7fceba66158bd1e8d9bfcd3
workspace/第09轮_模型硬件拓扑trace与网络竞争_20260929/experiments/llmservingsim_input_sweep/astra_inputs/round09-i4096-o32/workload/RTXPRO6000/Qwen/Qwen3-30B-A3B-Instruct-2507/instance0_batch9/llm.0.et,f9342b5641f0e2f2f7149e183a018c3e1a50a16990a4fdde2d877715d2dde4c6
workspace/第09轮_模型硬件拓扑trace与网络竞争_20260929/experiments/llmservingsim_input_sweep/astra_inputs/round09-i4096-o32/workload/RTXPRO6000/Qwen/Qwen3-30B-A3B-Instruct-2507/instance0_batch9/llm.1.et,b4227cb93b53aa63f68b2238984ab9a50f34f8fd08bc654982aae4543503646f
workspace/第09轮_模型硬件拓扑trace与网络竞争_20260929/experiments/llmservingsim_input_sweep/astra_inputs/round09-i4096-o32/workload/event_handler/llm.0.et,ab18a39523c59c1f34920a8a575fe0d98fe510febccfa99bfd0d59002f6e8660
workspace/第09轮_模型硬件拓扑trace与网络竞争_20260929/experiments/llmservingsim_input_sweep/astra_inputs/round09-i4096-o32/workload/event_handler/llm.1.et,6fab615a029e7920fcb40fae928019a6015d9ff2d547d7e78ff3e59e437e4fb5
workspace/第09轮_模型硬件拓扑trace与网络竞争_20260929/experiments/llmservingsim_input_sweep/astra_inputs/round09-i4096-o4/network/network.yml,a32a61c1287c6cd8da0547ed93cdc01664a234b84207629fe1321e346fe553bb
workspace/第09轮_模型硬件拓扑trace与网络竞争_20260929/experiments/llmservingsim_input_sweep/astra_inputs/round09-i4096-o4/system/system.json,b2cf62643b641bf2599a1032fdd2a5c97b3378944f29b32f37c567bceb089c89
workspace/第09轮_模型硬件拓扑trace与网络竞争_20260929/experiments/llmservingsim_input_sweep/astra_inputs/round09-i4096-o4/trace/RTXPRO6000/Qwen/Qwen3-30B-A3B-Instruct-2507/instance0_batch0.txt,6c4627a0e0db60aff80535f1b1b936c8e32479d819de75c35fbe260585e3cfaf
workspace/第09轮_模型硬件拓扑trace与网络竞争_20260929/experiments/llmservingsim_input_sweep/astra_inputs/round09-i4096-o4/trace/RTXPRO6000/Qwen/Qwen3-30B-A3B-Instruct-2507/instance0_batch1.txt,46f5b12824ca339d9833b2da26eda0e9f71fa651d10efb72ae0a9a32f3f041d1
workspace/第09轮_模型硬件拓扑trace与网络竞争_20260929/experiments/llmservingsim_input_sweep/astra_inputs/round09-i4096-o4/trace/RTXPRO6000/Qwen/Qwen3-30B-A3B-Instruct-2507/instance0_batch2.txt,0c483e975726a9da69c12da01027c2660588f4fe54529300eb290485929fd928
workspace/第09轮_模型硬件拓扑trace与网络竞争_20260929/experiments/llmservingsim_input_sweep/astra_inputs/round09-i4096-o4/trace/RTXPRO6000/Qwen/Qwen3-30B-A3B-Instruct-2507/instance0_batch3.txt,784342d15e1cedf5965a4da07ab77a7aa29638b3f60358758ac6503c2e6481e1
workspace/第09轮_模型硬件拓扑trace与网络竞争_20260929/experiments/llmservingsim_input_sweep/astra_inputs/round09-i4096-o4/trace/RTXPRO6000/Qwen/Qwen3-30B-A3B-Instruct-2507/instance0_batch4.txt,21c2a838685c2ae96b49a6c7d87da34e1fb3e9d387f578fe46d24d12413c1ceb
workspace/第09轮_模型硬件拓扑trace与网络竞争_20260929/experiments/llmservingsim_input_sweep/astra_inputs/round09-i4096-o4/workload/RTXPRO6000/Qwen/Qwen3-30B-A3B-Instruct-2507/instance0_batch0/llm.0.et,a8efebf78486e8e3181184f97b097088073454a015f4607600f932c78ffcafae
workspace/第09轮_模型硬件拓扑trace与网络竞争_20260929/experiments/llmservingsim_input_sweep/astra_inputs/round09-i4096-o4/workload/RTXPRO6000/Qwen/Qwen3-30B-A3B-Instruct-2507/instance0_batch0/llm.1.et,50a273c778dc1129d16b34d3879edc3349e5dbaf6964607e5b226ffab7cb1270
workspace/第09轮_模型硬件拓扑trace与网络竞争_20260929/experiments/llmservingsim_input_sweep/astra_inputs/round09-i4096-o4/workload/RTXPRO6000/Qwen/Qwen3-30B-A3B-Instruct-2507/instance0_batch1/llm.0.et,35a156847be954037e452b33d799e58c7b45c88895a813e957415d0455287d28
workspace/第09轮_模型硬件拓扑trace与网络竞争_20260929/experiments/llmservingsim_input_sweep/astra_inputs/round09-i4096-o4/workload/RTXPRO6000/Qwen/Qwen3-30B-A3B-Instruct-2507/instance0_batch1/llm.1.et,e4a1da5e57e41e762f35f094083212aba4958feaf758247703a1d28601d62569
workspace/第09轮_模型硬件拓扑trace与网络竞争_20260929/experiments/llmservingsim_input_sweep/astra_inputs/round09-i4096-o4/workload/RTXPRO6000/Qwen/Qwen3-30B-A3B-Instruct-2507/instance0_batch2/llm.0.et,550cc60c5706a4f6988b1ae4bd6530fcac62b20c3dddf23db36c30228bf8d680
workspace/第09轮_模型硬件拓扑trace与网络竞争_20260929/experiments/llmservingsim_input_sweep/astra_inputs/round09-i4096-o4/workload/RTXPRO6000/Qwen/Qwen3-30B-A3B-Instruct-2507/instance0_batch2/llm.1.et,00e4a1ea4ae29f1b58d36cc1493eb8b5152e7c90cdcfda15ecf0786f222ce281
workspace/第09轮_模型硬件拓扑trace与网络竞争_20260929/experiments/llmservingsim_input_sweep/astra_inputs/round09-i4096-o4/workload/RTXPRO6000/Qwen/Qwen3-30B-A3B-Instruct-2507/instance0_batch3/llm.0.et,fe09a8c770a1e8ceb44869fc85c3828b3706c874ebc1e596e1cc02e2ab3386bb
workspace/第09轮_模型硬件拓扑trace与网络竞争_20260929/experiments/llmservingsim_input_sweep/astra_inputs/round09-i4096-o4/workload/RTXPRO6000/Qwen/Qwen3-30B-A3B-Instruct-2507/instance0_batch3/llm.1.et,d64db86cd0f841ab9464e574dc5a368b2cd89b0f29d4a4c076f1f008db6a3599
workspace/第09轮_模型硬件拓扑trace与网络竞争_20260929/experiments/llmservingsim_input_sweep/astra_inputs/round09-i4096-o4/workload/RTXPRO6000/Qwen/Qwen3-30B-A3B-Instruct-2507/instance0_batch4/llm.0.et,df74998a8ca7fca162e71f72cfba9cb358813e3f88f4db3aa50c327e7713292d
workspace/第09轮_模型硬件拓扑trace与网络竞争_20260929/experiments/llmservingsim_input_sweep/astra_inputs/round09-i4096-o4/workload/RTXPRO6000/Qwen/Qwen3-30B-A3B-Instruct-2507/instance0_batch4/llm.1.et,5af71ed989e715fa5a433f411a68fbd494592c39ffd65ad92bdcae7e94a5767a
workspace/第09轮_模型硬件拓扑trace与网络竞争_20260929/experiments/llmservingsim_input_sweep/astra_inputs/round09-i4096-o4/workload/event_handler/llm.0.et,7357865043079e9a2a1c0decba2467486be6dace208fd2c32ca7f3fe983f76e7
workspace/第09轮_模型硬件拓扑trace与网络竞争_20260929/experiments/llmservingsim_input_sweep/astra_inputs/round09-i4096-o4/workload/event_handler/llm.1.et,0657e243ec2f784addb55a47772d595fe73fdde7ce283077d214c312449527d9
workspace/第09轮_模型硬件拓扑trace与网络竞争_20260929/experiments/llmservingsim_input_sweep/input1024_output32.jsonl,8e5fe78372af547bcc359695865b50d3a92e60424e2ef06b26ec14abab6c4a23
workspace/第09轮_模型硬件拓扑trace与网络竞争_20260929/experiments/llmservingsim_input_sweep/input1024_output4.jsonl,f24eef94a32beb6b003198f6016136adfe3fc071c20f1d0f8081ee902d95076e
workspace/第09轮_模型硬件拓扑trace与网络竞争_20260929/experiments/llmservingsim_input_sweep/input128_output32.jsonl,7bd3b06efc5effd7f7bf7a2c89120d354f168b3e95c7ddeb02df35b394ba8f75
workspace/第09轮_模型硬件拓扑trace与网络竞争_20260929/experiments/llmservingsim_input_sweep/input128_output4.jsonl,b5dd19444556e3455b8f5bd91e36fcaffb7727d26077dd888f06d95dfa665298
workspace/第09轮_模型硬件拓扑trace与网络竞争_20260929/experiments/llmservingsim_input_sweep/input4096_output32.jsonl,0179ae0a9764aa95020d5d514015bd61c30503a491277e7b4b8fe1f08f59ccc3
workspace/第09轮_模型硬件拓扑trace与网络竞争_20260929/experiments/llmservingsim_input_sweep/input4096_output4.jsonl,13e5e9de5397ded7ac5fe3208db8b5cee72279b141a9b8eafe5d52f44ad4dddb
workspace/第09轮_模型硬件拓扑trace与网络竞争_20260929/experiments/llmservingsim_input_sweep/results/input1024_output32.csv,b640c50d9e6ffd5261a2cc41edda2c690be656181726a41764b64dbd10c9d718
workspace/第09轮_模型硬件拓扑trace与网络竞争_20260929/experiments/llmservingsim_input_sweep/results/input1024_output4.csv,45e1c94a698097c30621c86f23b76b424b18817be635cdf9796b36c2f0ea9f8d
workspace/第09轮_模型硬件拓扑trace与网络竞争_20260929/experiments/llmservingsim_input_sweep/results/input128_output32.csv,65d364fbae3092d2531b0af20b13516812655af4e4a16087ec63daf0aa0e373a
workspace/第09轮_模型硬件拓扑trace与网络竞争_20260929/experiments/llmservingsim_input_sweep/results/input128_output4.csv,9ca4d341cd28c2241552d9bfa360e73c8b2f1f7b47aee3f72121e02e03676c4d
workspace/第09轮_模型硬件拓扑trace与网络竞争_20260929/experiments/llmservingsim_input_sweep/results/input4096_output32.csv,f1636078a1fe0a1828fe1746aa4f8dd6f931c6f42bfbd6f8aa1c976ca43cf14d
workspace/第09轮_模型硬件拓扑trace与网络竞争_20260929/experiments/llmservingsim_input_sweep/results/input4096_output4.csv,f22c09cb165e9a391145afe655efacfe56075c1b2d6b8687739f875e8fdfac85
workspace/第10轮_长时间网络竞争流量_20260930/analysis/analyze_long_window.py,9dc5d8336aa545a8308d129db43317fb1a1227c84d75c739c6f5453f1986230e
workspace/第10轮_长时间网络竞争流量_20260930/analysis/generate_figures.py,17106a860b61d4a6fdaecda7706ebc8b8c3de2e19f03b6628cf457bd48dafb35
workspace/第10轮_长时间网络竞争流量_20260930/analysis/long_window_bandwidth_timeseries.csv,a2eac5afb1c47fac0f8cce229cd6f95a6821cbcba622bcac3971ae80e19a6b4a
workspace/第10轮_长时间网络竞争流量_20260930/analysis/long_window_packet_events.csv,be5bd0841d7e2d3026faaf861ff04e63206ded10dfc358870519c41e64c93773
workspace/第10轮_长时间网络竞争流量_20260930/analysis/long_window_queue_timeseries.csv,17b5d16ed3ceba216293b5b60a2f8358e40243fc52d45c458623621959e8182d
workspace/第10轮_长时间网络竞争流量_20260930/analysis/long_window_task_windows.csv,6666adca310be0c6de2b8ed0ebf6fcb655eebb238c17030f0cf76fefa836472d
workspace/第10轮_长时间网络竞争流量_20260930/analysis/long_window_wave_summary.csv,f4949ff60e0fe0b921fd47a4133259ddbc18d70f622cac0961bb27e46ee80290
workspace/第10轮_长时间网络竞争流量_20260930/analysis/test_long_window.py,173d35d120a083739d2beb7013fe99954bc8c8cbdcfbda45346ed7948e5eab83
workspace/第10轮_长时间网络竞争流量_20260930/analysis/zoom_w1_w2_bandwidth_timeseries.csv,9b72469145b3249cfd8a4e26df45fbec3b17d82d0c1831e2872c134e2021a02a
workspace/第10轮_长时间网络竞争流量_20260930/analysis/zoom_w1_w2_queue_timeseries.csv,d6eb045f84afc5d59790a29fed752769802b3446845c6b380a11d5affa9fe85c
