uid,psn,src,dst,task_id,payload_bytes,wire_bytes,direction,core_egress_rounded_us,flow_kind,wave_id,wave_label,packet_start_us,serialization_us,packet_end_us,link_capacity_gbps,evidence
0,0,0,4,0,4096,4174,L2R,20.114000,target,0,目标基线,20.114480,0.333920,20.448400,100.000000,ns3-simulated/trace-derived
1,1,0,4,0,4096,4174,L2R,20.448000,target,0,目标基线,20.448400,0.333920,20.782320,100.000000,ns3-simulated/trace-derived
2,2,0,4,0,4096,4174,L2R,20.782000,target,0,目标基线,20.782320,0.333920,21.116240,100.000000,ns3-simulated/trace-derived
3,3,0,4,0,4096,4174,L2R,21.116000,target,0,目标基线,21.116240,0.333920,21.450160,100.000000,ns3-simulated/trace-derived
4,4,0,4,0,4096,4174,L2R,21.450000,target,0,目标基线,21.450160,0.333920,21.784080,100.000000,ns3-simulated/trace-derived
5,5,0,4,0,4096,4174,L2R,21.784000,target,0,目标基线,21.784080,0.333920,22.118000,100.000000,ns3-simulated/trace-derived
6,6,0,4,0,4096,4174,L2R,22.118000,target,0,目标基线,22.118000,0.333920,22.451920,100.000000,ns3-simulated/trace-derived
7,7,0,4,0,4096,4174,L2R,22.451000,target,0,目标基线,22.451920,0.333920,22.785840,100.000000,ns3-simulated/trace-derived
8,8,0,4,0,4096,4174,L2R,22.785000,target,0,目标基线,22.785840,0.333920,23.119760,100.000000,ns3-simulated/trace-derived
10,9,0,4,0,4096,4174,L2R,23.119000,target,0,目标基线,23.119760,0.333920,23.453680,100.000000,ns3-simulated/trace-derived
11,10,0,4,0,4096,4174,L2R,23.453000,target,0,目标基线,23.453680,0.333920,23.787600,100.000000,ns3-simulated/trace-derived
12,11,0,4,0,4096,4174,L2R,23.787000,target,0,目标基线,23.787600,0.333920,24.121520,100.000000,ns3-simulated/trace-derived
13,12,0,4,0,4096,4174,L2R,24.121000,target,0,目标基线,24.121520,0.333920,24.455440,100.000000,ns3-simulated/trace-derived
15,13,0,4,0,4096,4174,L2R,24.455000,target,0,目标基线,24.455440,0.333920,24.789360,100.000000,ns3-simulated/trace-derived
16,14,0,4,0,4096,4174,L2R,24.789000,target,0,目标基线,24.789360,0.333920,25.123280,100.000000,ns3-simulated/trace-derived
17,15,0,4,0,4096,4174,L2R,25.123000,target,0,目标基线,25.123280,0.333920,25.457200,100.000000,ns3-simulated/trace-derived
18,16,0,4,0,4096,4174,L2R,25.457000,target,0,目标基线,25.457200,0.333920,25.791120,100.000000,ns3-simulated/trace-derived
20,17,0,4,0,4096,4174,L2R,25.791000,target,0,目标基线,25.791120,0.333920,26.125040,100.000000,ns3-simulated/trace-derived
21,18,0,4,0,4096,4174,L2R,26.125000,target,0,目标基线,26.125040,0.333920,26.458960,100.000000,ns3-simulated/trace-derived
22,19,0,4,0,4096,4174,L2R,26.458000,target,0,目标基线,26.458960,0.333920,26.792880,100.000000,ns3-simulated/trace-derived
23,20,0,4,0,4096,4174,L2R,26.792000,target,0,目标基线,26.792880,0.333920,27.126800,100.000000,ns3-simulated/trace-derived
25,21,0,4,0,4096,4174,L2R,27.126000,target,0,目标基线,27.126800,0.333920,27.460720,100.000000,ns3-simulated/trace-derived
26,22,0,4,0,4096,4174,L2R,27.460000,target,0,目标基线,27.460720,0.333920,27.794640,100.000000,ns3-simulated/trace-derived
27,23,0,4,0,4096,4174,L2R,27.794000,target,0,目标基线,27.794640,0.333920,28.128560,100.000000,ns3-simulated/trace-derived
28,24,0,4,0,4096,4174,L2R,28.128000,target,0,目标基线,28.128560,0.333920,28.462480,100.000000,ns3-simulated/trace-derived
30,25,0,4,0,4096,4174,L2R,28.462000,target,0,目标基线,28.462480,0.333920,28.796400,100.000000,ns3-simulated/trace-derived
31,26,0,4,0,4096,4174,L2R,28.796000,target,0,目标基线,28.796400,0.333920,29.130320,100.000000,ns3-simulated/trace-derived
32,27,0,4,0,4096,4174,L2R,29.130000,target,0,目标基线,29.130320,0.333920,29.464240,100.000000,ns3-simulated/trace-derived
33,28,0,4,0,4096,4174,L2R,29.464000,target,0,目标基线,29.464240,0.333920,29.798160,100.000000,ns3-simulated/trace-derived
35,29,0,4,0,4096,4174,L2R,29.798000,target,0,目标基线,29.798160,0.333920,30.132080,100.000000,ns3-simulated/trace-derived
36,30,0,4,0,4096,4174,L2R,30.132000,target,0,目标基线,30.132080,0.333920,30.466000,100.000000,ns3-simulated/trace-derived
37,31,0,4,0,4096,4174,L2R,30.466000,target,0,目标基线,30.466000,0.333920,30.799920,100.000000,ns3-simulated/trace-derived
38,32,0,4,0,4096,4174,L2R,30.799000,target,0,目标基线,30.799920,0.333920,31.133840,100.000000,ns3-simulated/trace-derived
40,33,0,4,0,4096,4174,L2R,31.133000,target,0,目标基线,31.133840,0.333920,31.467760,100.000000,ns3-simulated/trace-derived
41,34,0,4,0,4096,4174,L2R,31.467000,target,0,目标基线,31.467760,0.333920,31.801680,100.000000,ns3-simulated/trace-derived
42,35,0,4,0,4096,4174,L2R,31.801000,target,0,目标基线,31.801680,0.333920,32.135600,100.000000,ns3-simulated/trace-derived
43,36,0,4,0,4096,4174,L2R,32.135000,target,0,目标基线,32.135600,0.333920,32.469520,100.000000,ns3-simulated/trace-derived
45,37,0,4,0,4096,4174,L2R,32.469000,target,0,目标基线,32.469520,0.333920,32.803440,100.000000,ns3-simulated/trace-derived
46,38,0,4,0,4096,4174,L2R,32.803000,target,0,目标基线,32.803440,0.333920,33.137360,100.000000,ns3-simulated/trace-derived
47,39,0,4,0,4096,4174,L2R,33.137000,target,0,目标基线,33.137360,0.333920,33.471280,100.000000,ns3-simulated/trace-derived
48,40,0,4,0,4096,4174,L2R,33.471000,target,0,目标基线,33.471280,0.333920,33.805200,100.000000,ns3-simulated/trace-derived
50,41,0,4,0,4096,4174,L2R,33.805000,target,0,目标基线,33.805200,0.333920,34.139120,100.000000,ns3-simulated/trace-derived
51,42,0,4,0,4096,4174,L2R,34.139000,target,0,目标基线,34.139120,0.333920,34.473040,100.000000,ns3-simulated/trace-derived
52,43,0,4,0,4096,4174,L2R,34.473000,target,0,目标基线,34.473040,0.333920,34.806960,100.000000,ns3-simulated/trace-derived
53,44,0,4,0,4096,4174,L2R,34.806000,target,0,目标基线,34.806960,0.333920,35.140880,100.000000,ns3-simulated/trace-derived
55,45,0,4,0,4096,4174,L2R,35.140000,target,0,目标基线,35.140880,0.333920,35.474800,100.000000,ns3-simulated/trace-derived
56,46,0,4,0,4096,4174,L2R,35.474000,target,0,目标基线,35.474800,0.333920,35.808720,100.000000,ns3-simulated/trace-derived
57,47,0,4,0,4096,4174,L2R,35.808000,target,0,目标基线,35.808720,0.333920,36.142640,100.000000,ns3-simulated/trace-derived
58,48,0,4,0,4096,4174,L2R,36.142000,target,0,目标基线,36.142640,0.333920,36.476560,100.000000,ns3-simulated/trace-derived
60,49,0,4,0,4096,4174,L2R,36.476000,target,0,目标基线,36.476560,0.333920,36.810480,100.000000,ns3-simulated/trace-derived
61,50,0,4,0,4096,4174,L2R,36.810000,target,0,目标基线,36.810480,0.333920,37.144400,100.000000,ns3-simulated/trace-derived
62,51,0,4,0,4096,4174,L2R,37.144000,target,0,目标基线,37.144400,0.333920,37.478320,100.000000,ns3-simulated/trace-derived
63,52,0,4,0,4096,4174,L2R,37.478000,target,0,目标基线,37.478320,0.333920,37.812240,100.000000,ns3-simulated/trace-derived
65,53,0,4,0,4096,4174,L2R,37.812000,target,0,目标基线,37.812240,0.333920,38.146160,100.000000,ns3-simulated/trace-derived
66,54,0,4,0,4096,4174,L2R,38.146000,target,0,目标基线,38.146160,0.333920,38.480080,100.000000,ns3-simulated/trace-derived
67,55,0,4,0,4096,4174,L2R,38.480000,target,0,目标基线,38.480080,0.333920,38.814000,100.000000,ns3-simulated/trace-derived
68,56,0,4,0,4096,4174,L2R,38.814000,target,0,目标基线,38.814000,0.333920,39.147920,100.000000,ns3-simulated/trace-derived
70,57,0,4,0,4096,4174,L2R,39.147000,target,0,目标基线,39.147920,0.333920,39.481840,100.000000,ns3-simulated/trace-derived
71,58,0,4,0,4096,4174,L2R,39.481000,target,0,目标基线,39.481840,0.333920,39.815760,100.000000,ns3-simulated/trace-derived
72,59,0,4,0,4096,4174,L2R,39.815000,target,0,目标基线,39.815760,0.333920,40.149680,100.000000,ns3-simulated/trace-derived
73,60,0,4,0,4096,4174,L2R,40.149000,target,0,目标基线,40.149680,0.333920,40.483600,100.000000,ns3-simulated/trace-derived
75,61,0,4,0,4096,4174,L2R,40.483000,target,0,目标基线,40.483600,0.333920,40.817520,100.000000,ns3-simulated/trace-derived
76,62,0,4,0,4096,4174,L2R,40.817000,target,0,目标基线,40.817520,0.333920,41.151440,100.000000,ns3-simulated/trace-derived
77,63,0,4,0,4096,4174,L2R,41.151000,target,0,目标基线,41.151440,0.333920,41.485360,100.000000,ns3-simulated/trace-derived
78,64,0,4,0,4096,4174,L2R,41.485000,target,0,目标基线,41.485360,0.333920,41.819280,100.000000,ns3-simulated/trace-derived
80,65,0,4,0,4096,4174,L2R,41.819000,target,0,目标基线,41.819280,0.333920,42.153200,100.000000,ns3-simulated/trace-derived
81,66,0,4,0,4096,4174,L2R,42.153000,target,0,目标基线,42.153200,0.333920,42.487120,100.000000,ns3-simulated/trace-derived
82,67,0,4,0,4096,4174,L2R,42.487000,target,0,目标基线,42.487120,0.333920,42.821040,100.000000,ns3-simulated/trace-derived
149,68,0,4,1,4096,4174,L2R,110.448000,target,1,同向 EP,110.448400,0.333920,110.782320,100.000000,ns3-simulated/trace-derived
151,69,0,4,1,4096,4174,L2R,111.116000,target,1,同向 EP,111.116240,0.333920,111.450160,100.000000,ns3-simulated/trace-derived
153,70,0,4,1,4096,4174,L2R,111.784000,target,1,同向 EP,111.784080,0.333920,112.118000,100.000000,ns3-simulated/trace-derived
155,71,0,4,1,4096,4174,L2R,112.451000,target,1,同向 EP,112.451920,0.333920,112.785840,100.000000,ns3-simulated/trace-derived
157,72,0,4,1,4096,4174,L2R,113.119000,target,1,同向 EP,113.119760,0.333920,113.453680,100.000000,ns3-simulated/trace-derived
159,73,0,4,1,4096,4174,L2R,113.787000,target,1,同向 EP,113.787600,0.333920,114.121520,100.000000,ns3-simulated/trace-derived
161,74,0,4,1,4096,4174,L2R,114.455000,target,1,同向 EP,114.455440,0.333920,114.789360,100.000000,ns3-simulated/trace-derived
163,75,0,4,1,4096,4174,L2R,115.123000,target,1,同向 EP,115.123280,0.333920,115.457200,100.000000,ns3-simulated/trace-derived
165,76,0,4,1,4096,4174,L2R,115.791000,target,1,同向 EP,115.791120,0.333920,116.125040,100.000000,ns3-simulated/trace-derived
168,77,0,4,1,4096,4174,L2R,116.458000,target,1,同向 EP,116.458960,0.333920,116.792880,100.000000,ns3-simulated/trace-derived
170,78,0,4,1,4096,4174,L2R,117.126000,target,1,同向 EP,117.126800,0.333920,117.460720,100.000000,ns3-simulated/trace-derived
172,79,0,4,1,4096,4174,L2R,117.794000,target,1,同向 EP,117.794640,0.333920,118.128560,100.000000,ns3-simulated/trace-derived
174,80,0,4,1,4096,4174,L2R,118.462000,target,1,同向 EP,118.462480,0.333920,118.796400,100.000000,ns3-simulated/trace-derived
177,81,0,4,1,4096,4174,L2R,119.130000,target,1,同向 EP,119.130320,0.333920,119.464240,100.000000,ns3-simulated/trace-derived
179,82,0,4,1,4096,4174,L2R,119.798000,target,1,同向 EP,119.798160,0.333920,120.132080,100.000000,ns3-simulated/trace-derived
181,83,0,4,1,4096,4174,L2R,120.466000,target,1,同向 EP,120.466000,0.333920,120.799920,100.000000,ns3-simulated/trace-derived
183,84,0,4,1,4096,4174,L2R,121.133000,target,1,同向 EP,121.133840,0.333920,121.467760,100.000000,ns3-simulated/trace-derived
186,85,0,4,1,4096,4174,L2R,121.801000,target,1,同向 EP,121.801680,0.333920,122.135600,100.000000,ns3-simulated/trace-derived
188,86,0,4,1,4096,4174,L2R,122.469000,target,1,同向 EP,122.469520,0.333920,122.803440,100.000000,ns3-simulated/trace-derived
190,87,0,4,1,4096,4174,L2R,123.137000,target,1,同向 EP,123.137360,0.333920,123.471280,100.000000,ns3-simulated/trace-derived
192,88,0,4,1,4096,4174,L2R,123.805000,target,1,同向 EP,123.805200,0.333920,124.139120,100.000000,ns3-simulated/trace-derived
195,89,0,4,1,4096,4174,L2R,124.473000,target,1,同向 EP,124.473040,0.333920,124.806960,100.000000,ns3-simulated/trace-derived
197,90,0,4,1,4096,4174,L2R,125.140000,target,1,同向 EP,125.140880,0.333920,125.474800,100.000000,ns3-simulated/trace-derived
199,91,0,4,1,4096,4174,L2R,125.808000,target,1,同向 EP,125.808720,0.333920,126.142640,100.000000,ns3-simulated/trace-derived
201,92,0,4,1,4096,4174,L2R,126.476000,target,1,同向 EP,126.476560,0.333920,126.810480,100.000000,ns3-simulated/trace-derived
204,93,0,4,1,4096,4174,L2R,127.144000,target,1,同向 EP,127.144400,0.333920,127.478320,100.000000,ns3-simulated/trace-derived
206,94,0,4,1,4096,4174,L2R,127.812000,target,1,同向 EP,127.812240,0.333920,128.146160,100.000000,ns3-simulated/trace-derived
208,95,0,4,1,4096,4174,L2R,128.480000,target,1,同向 EP,128.480080,0.333920,128.814000,100.000000,ns3-simulated/trace-derived
210,96,0,4,1,4096,4174,L2R,129.147000,target,1,同向 EP,129.147920,0.333920,129.481840,100.000000,ns3-simulated/trace-derived
213,97,0,4,1,4096,4174,L2R,129.815000,target,1,同向 EP,129.815760,0.333920,130.149680,100.000000,ns3-simulated/trace-derived
215,98,0,4,1,4096,4174,L2R,130.483000,target,1,同向 EP,130.483600,0.333920,130.817520,100.000000,ns3-simulated/trace-derived
217,99,0,4,1,4096,4174,L2R,131.151000,target,1,同向 EP,131.151440,0.333920,131.485360,100.000000,ns3-simulated/trace-derived
219,100,0,4,1,4096,4174,L2R,131.819000,target,1,同向 EP,131.819280,0.333920,132.153200,100.000000,ns3-simulated/trace-derived
222,101,0,4,1,4096,4174,L2R,132.487000,target,1,同向 EP,132.487120,0.333920,132.821040,100.000000,ns3-simulated/trace-derived
224,102,0,4,1,4096,4174,L2R,133.154000,target,1,同向 EP,133.154960,0.333920,133.488880,100.000000,ns3-simulated/trace-derived
226,103,0,4,1,4096,4174,L2R,133.822000,target,1,同向 EP,133.822800,0.333920,134.156720,100.000000,ns3-simulated/trace-derived
228,104,0,4,1,4096,4174,L2R,134.490000,target,1,同向 EP,134.490640,0.333920,134.824560,100.000000,ns3-simulated/trace-derived
231,105,0,4,1,4096,4174,L2R,135.158000,target,1,同向 EP,135.158480,0.333920,135.492400,100.000000,ns3-simulated/trace-derived
233,106,0,4,1,4096,4174,L2R,135.826000,target,1,同向 EP,135.826320,0.333920,136.160240,100.000000,ns3-simulated/trace-derived
235,107,0,4,1,4096,4174,L2R,136.494000,target,1,同向 EP,136.494160,0.333920,136.828080,100.000000,ns3-simulated/trace-derived
237,108,0,4,1,4096,4174,L2R,137.162000,target,1,同向 EP,137.162000,0.333920,137.495920,100.000000,ns3-simulated/trace-derived
240,109,0,4,1,4096,4174,L2R,137.829000,target,1,同向 EP,137.829840,0.333920,138.163760,100.000000,ns3-simulated/trace-derived
242,110,0,4,1,4096,4174,L2R,138.497000,target,1,同向 EP,138.497680,0.333920,138.831600,100.000000,ns3-simulated/trace-derived
244,111,0,4,1,4096,4174,L2R,139.165000,target,1,同向 EP,139.165520,0.333920,139.499440,100.000000,ns3-simulated/trace-derived
246,112,0,4,1,4096,4174,L2R,139.833000,target,1,同向 EP,139.833360,0.333920,140.167280,100.000000,ns3-simulated/trace-derived
249,113,0,4,1,4096,4174,L2R,140.501000,target,1,同向 EP,140.501200,0.333920,140.835120,100.000000,ns3-simulated/trace-derived
251,114,0,4,1,4096,4174,L2R,141.169000,target,1,同向 EP,141.169040,0.333920,141.502960,100.000000,ns3-simulated/trace-derived
253,115,0,4,1,4096,4174,L2R,141.836000,target,1,同向 EP,141.836880,0.333920,142.170800,100.000000,ns3-simulated/trace-derived
255,116,0,4,1,4096,4174,L2R,142.504000,target,1,同向 EP,142.504720,0.333920,142.838640,100.000000,ns3-simulated/trace-derived
258,117,0,4,1,4096,4174,L2R,143.172000,target,1,同向 EP,143.172560,0.333920,143.506480,100.000000,ns3-simulated/trace-derived
260,118,0,4,1,4096,4174,L2R,143.840000,target,1,同向 EP,143.840400,0.333920,144.174320,100.000000,ns3-simulated/trace-derived
262,119,0,4,1,4096,4174,L2R,144.508000,target,1,同向 EP,144.508240,0.333920,144.842160,100.000000,ns3-simulated/trace-derived
264,120,0,4,1,4096,4174,L2R,145.176000,target,1,同向 EP,145.176080,0.333920,145.510000,100.000000,ns3-simulated/trace-derived
267,121,0,4,1,4096,4174,L2R,145.843000,target,1,同向 EP,145.843920,0.333920,146.177840,100.000000,ns3-simulated/trace-derived
269,122,0,4,1,4096,4174,L2R,146.511000,target,1,同向 EP,146.511760,0.333920,146.845680,100.000000,ns3-simulated/trace-derived
271,123,0,4,1,4096,4174,L2R,147.179000,target,1,同向 EP,147.179600,0.333920,147.513520,100.000000,ns3-simulated/trace-derived
273,124,0,4,1,4096,4174,L2R,147.847000,target,1,同向 EP,147.847440,0.333920,148.181360,100.000000,ns3-simulated/trace-derived
276,125,0,4,1,4096,4174,L2R,148.515000,target,1,同向 EP,148.515280,0.333920,148.849200,100.000000,ns3-simulated/trace-derived
278,126,0,4,1,4096,4174,L2R,149.183000,target,1,同向 EP,149.183120,0.333920,149.517040,100.000000,ns3-simulated/trace-derived
280,127,0,4,1,4096,4174,L2R,149.850000,target,1,同向 EP,149.850960,0.333920,150.184880,100.000000,ns3-simulated/trace-derived
282,128,0,4,1,4096,4174,L2R,150.518000,target,1,同向 EP,150.518800,0.333920,150.852720,100.000000,ns3-simulated/trace-derived
285,129,0,4,1,4096,4174,L2R,151.186000,target,1,同向 EP,151.186640,0.333920,151.520560,100.000000,ns3-simulated/trace-derived
287,130,0,4,1,4096,4174,L2R,151.854000,target,1,同向 EP,151.854480,0.333920,152.188400,100.000000,ns3-simulated/trace-derived
289,131,0,4,1,4096,4174,L2R,152.522000,target,1,同向 EP,152.522320,0.333920,152.856240,100.000000,ns3-simulated/trace-derived
291,132,0,4,1,4096,4174,L2R,153.190000,target,1,同向 EP,153.190160,0.333920,153.524080,100.000000,ns3-simulated/trace-derived
294,133,0,4,1,4096,4174,L2R,153.858000,target,1,同向 EP,153.858000,0.333920,154.191920,100.000000,ns3-simulated/trace-derived
296,134,0,4,1,4096,4174,L2R,154.525000,target,1,同向 EP,154.525840,0.333920,154.859760,100.000000,ns3-simulated/trace-derived
298,135,0,4,1,4096,4174,L2R,155.193000,target,1,同向 EP,155.193680,0.333920,155.527600,100.000000,ns3-simulated/trace-derived
450,136,0,4,3,4096,4174,L2R,220.114000,target,2,反向 EP,220.114480,0.333920,220.448400,100.000000,ns3-simulated/trace-derived
452,137,0,4,3,4096,4174,L2R,220.448000,target,2,反向 EP,220.448400,0.333920,220.782320,100.000000,ns3-simulated/trace-derived
454,138,0,4,3,4096,4174,L2R,220.782000,target,2,反向 EP,220.782320,0.333920,221.116240,100.000000,ns3-simulated/trace-derived
456,139,0,4,3,4096,4174,L2R,221.126000,target,2,反向 EP,221.126240,0.333920,221.460160,100.000000,ns3-simulated/trace-derived
458,140,0,4,3,4096,4174,L2R,221.465000,target,2,反向 EP,221.465120,0.333920,221.799040,100.000000,ns3-simulated/trace-derived
460,141,0,4,3,4096,4174,L2R,221.809000,target,2,反向 EP,221.809040,0.333920,222.142960,100.000000,ns3-simulated/trace-derived
462,142,0,4,3,4096,4174,L2R,222.147000,target,2,反向 EP,222.147920,0.333920,222.481840,100.000000,ns3-simulated/trace-derived
464,143,0,4,3,4096,4174,L2R,222.491000,target,2,反向 EP,222.491840,0.333920,222.825760,100.000000,ns3-simulated/trace-derived
466,144,0,4,3,4096,4174,L2R,222.830000,target,2,反向 EP,222.830720,0.333920,223.164640,100.000000,ns3-simulated/trace-derived
470,145,0,4,3,4096,4174,L2R,223.174000,target,2,反向 EP,223.174640,0.333920,223.508560,100.000000,ns3-simulated/trace-derived
472,146,0,4,3,4096,4174,L2R,223.513000,target,2,反向 EP,223.513520,0.333920,223.847440,100.000000,ns3-simulated/trace-derived
474,147,0,4,3,4096,4174,L2R,223.857000,target,2,反向 EP,223.857440,0.333920,224.191360,100.000000,ns3-simulated/trace-derived
476,148,0,4,3,4096,4174,L2R,224.196000,target,2,反向 EP,224.196320,0.333920,224.530240,100.000000,ns3-simulated/trace-derived
480,149,0,4,3,4096,4174,L2R,224.540000,target,2,反向 EP,224.540240,0.333920,224.874160,100.000000,ns3-simulated/trace-derived
482,150,0,4,3,4096,4174,L2R,224.879000,target,2,反向 EP,224.879120,0.333920,225.213040,100.000000,ns3-simulated/trace-derived
484,151,0,4,3,4096,4174,L2R,225.223000,target,2,反向 EP,225.223040,0.333920,225.556960,100.000000,ns3-simulated/trace-derived
486,152,0,4,3,4096,4174,L2R,225.561000,target,2,反向 EP,225.561920,0.333920,225.895840,100.000000,ns3-simulated/trace-derived
490,153,0,4,3,4096,4174,L2R,225.905000,target,2,反向 EP,225.905840,0.333920,226.239760,100.000000,ns3-simulated/trace-derived
492,154,0,4,3,4096,4174,L2R,226.244000,target,2,反向 EP,226.244720,0.333920,226.578640,100.000000,ns3-simulated/trace-derived
494,155,0,4,3,4096,4174,L2R,226.588000,target,2,反向 EP,226.588640,0.333920,226.922560,100.000000,ns3-simulated/trace-derived
496,156,0,4,3,4096,4174,L2R,226.927000,target,2,反向 EP,226.927520,0.333920,227.261440,100.000000,ns3-simulated/trace-derived
500,157,0,4,3,4096,4174,L2R,227.271000,target,2,反向 EP,227.271440,0.333920,227.605360,100.000000,ns3-simulated/trace-derived
502,158,0,4,3,4096,4174,L2R,227.610000,target,2,反向 EP,227.610320,0.333920,227.944240,100.000000,ns3-simulated/trace-derived
504,159,0,4,3,4096,4174,L2R,227.954000,target,2,反向 EP,227.954240,0.333920,228.288160,100.000000,ns3-simulated/trace-derived
506,160,0,4,3,4096,4174,L2R,228.293000,target,2,反向 EP,228.293120,0.333920,228.627040,100.000000,ns3-simulated/trace-derived
510,161,0,4,3,4096,4174,L2R,228.637000,target,2,反向 EP,228.637040,0.333920,228.970960,100.000000,ns3-simulated/trace-derived
512,162,0,4,3,4096,4174,L2R,228.975000,target,2,反向 EP,228.975920,0.333920,229.309840,100.000000,ns3-simulated/trace-derived
514,163,0,4,3,4096,4174,L2R,229.319000,target,2,反向 EP,229.319840,0.333920,229.653760,100.000000,ns3-simulated/trace-derived
516,164,0,4,3,4096,4174,L2R,229.658000,target,2,反向 EP,229.658720,0.333920,229.992640,100.000000,ns3-simulated/trace-derived
520,165,0,4,3,4096,4174,L2R,230.002000,target,2,反向 EP,230.002640,0.333920,230.336560,100.000000,ns3-simulated/trace-derived
522,166,0,4,3,4096,4174,L2R,230.341000,target,2,反向 EP,230.341520,0.333920,230.675440,100.000000,ns3-simulated/trace-derived
524,167,0,4,3,4096,4174,L2R,230.685000,target,2,反向 EP,230.685440,0.333920,231.019360,100.000000,ns3-simulated/trace-derived
526,168,0,4,3,4096,4174,L2R,231.024000,target,2,反向 EP,231.024320,0.333920,231.358240,100.000000,ns3-simulated/trace-derived
530,169,0,4,3,4096,4174,L2R,231.368000,target,2,反向 EP,231.368240,0.333920,231.702160,100.000000,ns3-simulated/trace-derived
532,170,0,4,3,4096,4174,L2R,231.707000,target,2,反向 EP,231.707120,0.333920,232.041040,100.000000,ns3-simulated/trace-derived
534,171,0,4,3,4096,4174,L2R,232.051000,target,2,反向 EP,232.051040,0.333920,232.384960,100.000000,ns3-simulated/trace-derived
536,172,0,4,3,4096,4174,L2R,232.391000,target,2,反向 EP,232.391280,0.333920,232.725200,100.000000,ns3-simulated/trace-derived
540,173,0,4,3,4096,4174,L2R,232.735000,target,2,反向 EP,232.735200,0.333920,233.069120,100.000000,ns3-simulated/trace-derived
542,174,0,4,3,4096,4174,L2R,233.074000,target,2,反向 EP,233.074080,0.333920,233.408000,100.000000,ns3-simulated/trace-derived
544,175,0,4,3,4096,4174,L2R,233.418000,target,2,反向 EP,233.418000,0.333920,233.751920,100.000000,ns3-simulated/trace-derived
546,176,0,4,3,4096,4174,L2R,233.756000,target,2,反向 EP,233.756880,0.333920,234.090800,100.000000,ns3-simulated/trace-derived
550,177,0,4,3,4096,4174,L2R,234.100000,target,2,反向 EP,234.100800,0.333920,234.434720,100.000000,ns3-simulated/trace-derived
552,178,0,4,3,4096,4174,L2R,234.439000,target,2,反向 EP,234.439680,0.333920,234.773600,100.000000,ns3-simulated/trace-derived
554,179,0,4,3,4096,4174,L2R,234.783000,target,2,反向 EP,234.783600,0.333920,235.117520,100.000000,ns3-simulated/trace-derived
556,180,0,4,3,4096,4174,L2R,235.122000,target,2,反向 EP,235.122480,0.333920,235.456400,100.000000,ns3-simulated/trace-derived
560,181,0,4,3,4096,4174,L2R,235.466000,target,2,反向 EP,235.466400,0.333920,235.800320,100.000000,ns3-simulated/trace-derived
562,182,0,4,3,4096,4174,L2R,235.805000,target,2,反向 EP,235.805280,0.333920,236.139200,100.000000,ns3-simulated/trace-derived
564,183,0,4,3,4096,4174,L2R,236.149000,target,2,反向 EP,236.149200,0.333920,236.483120,100.000000,ns3-simulated/trace-derived
566,184,0,4,3,4096,4174,L2R,236.488000,target,2,反向 EP,236.488080,0.333920,236.822000,100.000000,ns3-simulated/trace-derived
568,185,0,4,3,4096,4174,L2R,236.832000,target,2,反向 EP,236.832000,0.333920,237.165920,100.000000,ns3-simulated/trace-derived
572,186,0,4,3,4096,4174,L2R,237.170000,target,2,反向 EP,237.170880,0.333920,237.504800,100.000000,ns3-simulated/trace-derived
574,187,0,4,3,4096,4174,L2R,237.514000,target,2,反向 EP,237.514800,0.333920,237.848720,100.000000,ns3-simulated/trace-derived
576,188,0,4,3,4096,4174,L2R,237.853000,target,2,反向 EP,237.853680,0.333920,238.187600,100.000000,ns3-simulated/trace-derived
578,189,0,4,3,4096,4174,L2R,238.207000,target,2,反向 EP,238.207600,0.333920,238.541520,100.000000,ns3-simulated/trace-derived
582,190,0,4,3,4096,4174,L2R,238.546000,target,2,反向 EP,238.546480,0.333920,238.880400,100.000000,ns3-simulated/trace-derived
584,191,0,4,3,4096,4174,L2R,238.890000,target,2,反向 EP,238.890400,0.333920,239.224320,100.000000,ns3-simulated/trace-derived
586,192,0,4,3,4096,4174,L2R,239.229000,target,2,反向 EP,239.229280,0.333920,239.563200,100.000000,ns3-simulated/trace-derived
588,193,0,4,3,4096,4174,L2R,239.573000,target,2,反向 EP,239.573200,0.333920,239.907120,100.000000,ns3-simulated/trace-derived
592,194,0,4,3,4096,4174,L2R,239.912000,target,2,反向 EP,239.912080,0.333920,240.246000,100.000000,ns3-simulated/trace-derived
594,195,0,4,3,4096,4174,L2R,240.256000,target,2,反向 EP,240.256000,0.333920,240.589920,100.000000,ns3-simulated/trace-derived
596,196,0,4,3,4096,4174,L2R,240.594000,target,2,反向 EP,240.594880,0.333920,240.928800,100.000000,ns3-simulated/trace-derived
598,197,0,4,3,4096,4174,L2R,240.938000,target,2,反向 EP,240.938800,0.333920,241.272720,100.000000,ns3-simulated/trace-derived
602,198,0,4,3,4096,4174,L2R,241.277000,target,2,反向 EP,241.277680,0.333920,241.611600,100.000000,ns3-simulated/trace-derived
604,199,0,4,3,4096,4174,L2R,241.621000,target,2,反向 EP,241.621600,0.333920,241.955520,100.000000,ns3-simulated/trace-derived
606,200,0,4,3,4096,4174,L2R,241.960000,target,2,反向 EP,241.960480,0.333920,242.294400,100.000000,ns3-simulated/trace-derived
608,201,0,4,3,4096,4174,L2R,242.304000,target,2,反向 EP,242.304400,0.333920,242.638320,100.000000,ns3-simulated/trace-derived
612,202,0,4,3,4096,4174,L2R,242.643000,target,2,反向 EP,242.643280,0.333920,242.977200,100.000000,ns3-simulated/trace-derived
614,203,0,4,3,4096,4174,L2R,242.987000,target,2,反向 EP,242.987200,0.333920,243.321120,100.000000,ns3-simulated/trace-derived
748,204,0,4,5,4096,4174,L2R,330.448000,target,3,同向 KV,330.448400,0.333920,330.782320,100.000000,ns3-simulated/trace-derived
750,205,0,4,5,4096,4174,L2R,331.116000,target,3,同向 KV,331.116240,0.333920,331.450160,100.000000,ns3-simulated/trace-derived
752,206,0,4,5,4096,4174,L2R,331.784000,target,3,同向 KV,331.784080,0.333920,332.118000,100.000000,ns3-simulated/trace-derived
754,207,0,4,5,4096,4174,L2R,332.451000,target,3,同向 KV,332.451920,0.333920,332.785840,100.000000,ns3-simulated/trace-derived
756,208,0,4,5,4096,4174,L2R,333.119000,target,3,同向 KV,333.119760,0.333920,333.453680,100.000000,ns3-simulated/trace-derived
758,209,0,4,5,4096,4174,L2R,333.787000,target,3,同向 KV,333.787600,0.333920,334.121520,100.000000,ns3-simulated/trace-derived
760,210,0,4,5,4096,4174,L2R,334.455000,target,3,同向 KV,334.455440,0.333920,334.789360,100.000000,ns3-simulated/trace-derived
762,211,0,4,5,4096,4174,L2R,335.123000,target,3,同向 KV,335.123280,0.333920,335.457200,100.000000,ns3-simulated/trace-derived
764,212,0,4,5,4096,4174,L2R,335.791000,target,3,同向 KV,335.791120,0.333920,336.125040,100.000000,ns3-simulated/trace-derived
767,213,0,4,5,4096,4174,L2R,336.458000,target,3,同向 KV,336.458960,0.333920,336.792880,100.000000,ns3-simulated/trace-derived
769,214,0,4,5,4096,4174,L2R,337.126000,target,3,同向 KV,337.126800,0.333920,337.460720,100.000000,ns3-simulated/trace-derived
771,215,0,4,5,4096,4174,L2R,337.794000,target,3,同向 KV,337.794640,0.333920,338.128560,100.000000,ns3-simulated/trace-derived
773,216,0,4,5,4096,4174,L2R,338.462000,target,3,同向 KV,338.462480,0.333920,338.796400,100.000000,ns3-simulated/trace-derived
776,217,0,4,5,4096,4174,L2R,339.130000,target,3,同向 KV,339.130320,0.333920,339.464240,100.000000,ns3-simulated/trace-derived
778,218,0,4,5,4096,4174,L2R,339.798000,target,3,同向 KV,339.798160,0.333920,340.132080,100.000000,ns3-simulated/trace-derived
780,219,0,4,5,4096,4174,L2R,340.466000,target,3,同向 KV,340.466000,0.333920,340.799920,100.000000,ns3-simulated/trace-derived
782,220,0,4,5,4096,4174,L2R,341.133000,target,3,同向 KV,341.133840,0.333920,341.467760,100.000000,ns3-simulated/trace-derived
785,221,0,4,5,4096,4174,L2R,341.801000,target,3,同向 KV,341.801680,0.333920,342.135600,100.000000,ns3-simulated/trace-derived
787,222,0,4,5,4096,4174,L2R,342.469000,target,3,同向 KV,342.469520,0.333920,342.803440,100.000000,ns3-simulated/trace-derived
789,223,0,4,5,4096,4174,L2R,343.137000,target,3,同向 KV,343.137360,0.333920,343.471280,100.000000,ns3-simulated/trace-derived
791,224,0,4,5,4096,4174,L2R,343.805000,target,3,同向 KV,343.805200,0.333920,344.139120,100.000000,ns3-simulated/trace-derived
794,225,0,4,5,4096,4174,L2R,344.473000,target,3,同向 KV,344.473040,0.333920,344.806960,100.000000,ns3-simulated/trace-derived
796,226,0,4,5,4096,4174,L2R,345.140000,target,3,同向 KV,345.140880,0.333920,345.474800,100.000000,ns3-simulated/trace-derived
798,227,0,4,5,4096,4174,L2R,345.808000,target,3,同向 KV,345.808720,0.333920,346.142640,100.000000,ns3-simulated/trace-derived
800,228,0,4,5,4096,4174,L2R,346.476000,target,3,同向 KV,346.476560,0.333920,346.810480,100.000000,ns3-simulated/trace-derived
803,229,0,4,5,4096,4174,L2R,347.144000,target,3,同向 KV,347.144400,0.333920,347.478320,100.000000,ns3-simulated/trace-derived
805,230,0,4,5,4096,4174,L2R,347.812000,target,3,同向 KV,347.812240,0.333920,348.146160,100.000000,ns3-simulated/trace-derived
807,231,0,4,5,4096,4174,L2R,348.480000,target,3,同向 KV,348.480080,0.333920,348.814000,100.000000,ns3-simulated/trace-derived
809,232,0,4,5,4096,4174,L2R,349.147000,target,3,同向 KV,349.147920,0.333920,349.481840,100.000000,ns3-simulated/trace-derived
812,233,0,4,5,4096,4174,L2R,349.815000,target,3,同向 KV,349.815760,0.333920,350.149680,100.000000,ns3-simulated/trace-derived
814,234,0,4,5,4096,4174,L2R,350.483000,target,3,同向 KV,350.483600,0.333920,350.817520,100.000000,ns3-simulated/trace-derived
816,235,0,4,5,4096,4174,L2R,351.151000,target,3,同向 KV,351.151440,0.333920,351.485360,100.000000,ns3-simulated/trace-derived
819,236,0,4,5,4096,4174,L2R,351.819000,target,3,同向 KV,351.819280,0.333920,352.153200,100.000000,ns3-simulated/trace-derived
822,237,0,4,5,4096,4174,L2R,352.487000,target,3,同向 KV,352.487120,0.333920,352.821040,100.000000,ns3-simulated/trace-derived
824,238,0,4,5,4096,4174,L2R,353.154000,target,3,同向 KV,353.154960,0.333920,353.488880,100.000000,ns3-simulated/trace-derived
826,239,0,4,5,4096,4174,L2R,353.822000,target,3,同向 KV,353.822800,0.333920,354.156720,100.000000,ns3-simulated/trace-derived
828,240,0,4,5,4096,4174,L2R,354.490000,target,3,同向 KV,354.490640,0.333920,354.824560,100.000000,ns3-simulated/trace-derived
831,241,0,4,5,4096,4174,L2R,355.158000,target,3,同向 KV,355.158480,0.333920,355.492400,100.000000,ns3-simulated/trace-derived
833,242,0,4,5,4096,4174,L2R,355.826000,target,3,同向 KV,355.826320,0.333920,356.160240,100.000000,ns3-simulated/trace-derived
835,243,0,4,5,4096,4174,L2R,356.494000,target,3,同向 KV,356.494160,0.333920,356.828080,100.000000,ns3-simulated/trace-derived
837,244,0,4,5,4096,4174,L2R,357.162000,target,3,同向 KV,357.162000,0.333920,357.495920,100.000000,ns3-simulated/trace-derived
840,245,0,4,5,4096,4174,L2R,357.829000,target,3,同向 KV,357.829840,0.333920,358.163760,100.000000,ns3-simulated/trace-derived
842,246,0,4,5,4096,4174,L2R,358.497000,target,3,同向 KV,358.497680,0.333920,358.831600,100.000000,ns3-simulated/trace-derived
844,247,0,4,5,4096,4174,L2R,359.165000,target,3,同向 KV,359.165520,0.333920,359.499440,100.000000,ns3-simulated/trace-derived
846,248,0,4,5,4096,4174,L2R,359.833000,target,3,同向 KV,359.833360,0.333920,360.167280,100.000000,ns3-simulated/trace-derived
849,249,0,4,5,4096,4174,L2R,360.501000,target,3,同向 KV,360.501200,0.333920,360.835120,100.000000,ns3-simulated/trace-derived
851,250,0,4,5,4096,4174,L2R,361.169000,target,3,同向 KV,361.169040,0.333920,361.502960,100.000000,ns3-simulated/trace-derived
853,251,0,4,5,4096,4174,L2R,361.836000,target,3,同向 KV,361.836880,0.333920,362.170800,100.000000,ns3-simulated/trace-derived
855,252,0,4,5,4096,4174,L2R,362.504000,target,3,同向 KV,362.504720,0.333920,362.838640,100.000000,ns3-simulated/trace-derived
858,253,0,4,5,4096,4174,L2R,363.172000,target,3,同向 KV,363.172560,0.333920,363.506480,100.000000,ns3-simulated/trace-derived
860,254,0,4,5,4096,4174,L2R,363.840000,target,3,同向 KV,363.840400,0.333920,364.174320,100.000000,ns3-simulated/trace-derived
862,255,0,4,5,4096,4174,L2R,364.508000,target,3,同向 KV,364.508240,0.333920,364.842160,100.000000,ns3-simulated/trace-derived
864,256,0,4,5,4096,4174,L2R,365.176000,target,3,同向 KV,365.176080,0.333920,365.510000,100.000000,ns3-simulated/trace-derived
867,257,0,4,5,4096,4174,L2R,365.843000,target,3,同向 KV,365.843920,0.333920,366.177840,100.000000,ns3-simulated/trace-derived
869,258,0,4,5,4096,4174,L2R,366.511000,target,3,同向 KV,366.511760,0.333920,366.845680,100.000000,ns3-simulated/trace-derived
871,259,0,4,5,4096,4174,L2R,367.179000,target,3,同向 KV,367.179600,0.333920,367.513520,100.000000,ns3-simulated/trace-derived
873,260,0,4,5,4096,4174,L2R,367.847000,target,3,同向 KV,367.847440,0.333920,368.181360,100.000000,ns3-simulated/trace-derived
876,261,0,4,5,4096,4174,L2R,368.515000,target,3,同向 KV,368.515280,0.333920,368.849200,100.000000,ns3-simulated/trace-derived
878,262,0,4,5,4096,4174,L2R,369.183000,target,3,同向 KV,369.183120,0.333920,369.517040,100.000000,ns3-simulated/trace-derived
880,263,0,4,5,4096,4174,L2R,369.850000,target,3,同向 KV,369.850960,0.333920,370.184880,100.000000,ns3-simulated/trace-derived
882,264,0,4,5,4096,4174,L2R,370.518000,target,3,同向 KV,370.518800,0.333920,370.852720,100.000000,ns3-simulated/trace-derived
885,265,0,4,5,4096,4174,L2R,371.186000,target,3,同向 KV,371.186640,0.333920,371.520560,100.000000,ns3-simulated/trace-derived
887,266,0,4,5,4096,4174,L2R,371.854000,target,3,同向 KV,371.854480,0.333920,372.188400,100.000000,ns3-simulated/trace-derived
889,267,0,4,5,4096,4174,L2R,372.522000,target,3,同向 KV,372.522320,0.333920,372.856240,100.000000,ns3-simulated/trace-derived
891,268,0,4,5,4096,4174,L2R,373.190000,target,3,同向 KV,373.190160,0.333920,373.524080,100.000000,ns3-simulated/trace-derived
894,269,0,4,5,4096,4174,L2R,373.858000,target,3,同向 KV,373.858000,0.333920,374.191920,100.000000,ns3-simulated/trace-derived
896,270,0,4,5,4096,4174,L2R,374.525000,target,3,同向 KV,374.525840,0.333920,374.859760,100.000000,ns3-simulated/trace-derived
898,271,0,4,5,4096,4174,L2R,375.193000,target,3,同向 KV,375.193680,0.333920,375.527600,100.000000,ns3-simulated/trace-derived
1181,272,0,4,7,4096,4174,L2R,470.782000,balanced_dispatch,4,四 peer dispatch,470.782320,0.333920,471.116240,100.000000,ns3-simulated/trace-derived
1185,273,0,4,7,4096,4174,L2R,472.118000,balanced_dispatch,4,四 peer dispatch,472.118000,0.333920,472.451920,100.000000,ns3-simulated/trace-derived
1189,274,0,4,7,4096,4174,L2R,473.453000,balanced_dispatch,4,四 peer dispatch,473.453680,0.333920,473.787600,100.000000,ns3-simulated/trace-derived
1193,275,0,4,7,4096,4174,L2R,474.789000,balanced_dispatch,4,四 peer dispatch,474.789360,0.333920,475.123280,100.000000,ns3-simulated/trace-derived
1197,276,0,4,7,4096,4174,L2R,476.125000,balanced_dispatch,4,四 peer dispatch,476.125040,0.333920,476.458960,100.000000,ns3-simulated/trace-derived
1201,277,0,4,7,4096,4174,L2R,477.460000,balanced_dispatch,4,四 peer dispatch,477.460720,0.333920,477.794640,100.000000,ns3-simulated/trace-derived
1205,278,0,4,7,4096,4174,L2R,478.796000,balanced_dispatch,4,四 peer dispatch,478.796400,0.333920,479.130320,100.000000,ns3-simulated/trace-derived
1209,279,0,4,7,4096,4174,L2R,480.132000,balanced_dispatch,4,四 peer dispatch,480.132080,0.333920,480.466000,100.000000,ns3-simulated/trace-derived
1213,280,0,4,7,4096,4174,L2R,481.467000,balanced_dispatch,4,四 peer dispatch,481.467760,0.333920,481.801680,100.000000,ns3-simulated/trace-derived
1218,281,0,4,7,4096,4174,L2R,482.803000,balanced_dispatch,4,四 peer dispatch,482.803440,0.333920,483.137360,100.000000,ns3-simulated/trace-derived
1222,282,0,4,7,4096,4174,L2R,484.139000,balanced_dispatch,4,四 peer dispatch,484.139120,0.333920,484.473040,100.000000,ns3-simulated/trace-derived
1226,283,0,4,7,4096,4174,L2R,485.474000,balanced_dispatch,4,四 peer dispatch,485.474800,0.333920,485.808720,100.000000,ns3-simulated/trace-derived
1230,284,0,4,7,4096,4174,L2R,486.810000,balanced_dispatch,4,四 peer dispatch,486.810480,0.333920,487.144400,100.000000,ns3-simulated/trace-derived
1235,285,0,4,7,4096,4174,L2R,488.146000,balanced_dispatch,4,四 peer dispatch,488.146160,0.333920,488.480080,100.000000,ns3-simulated/trace-derived
1239,286,0,4,7,4096,4174,L2R,489.481000,balanced_dispatch,4,四 peer dispatch,489.481840,0.333920,489.815760,100.000000,ns3-simulated/trace-derived
1243,287,0,4,7,4096,4174,L2R,490.817000,balanced_dispatch,4,四 peer dispatch,490.817520,0.333920,491.151440,100.000000,ns3-simulated/trace-derived
1247,288,0,4,7,4096,4174,L2R,492.153000,balanced_dispatch,4,四 peer dispatch,492.153200,0.333920,492.487120,100.000000,ns3-simulated/trace-derived
1334,289,0,4,11,4096,4174,L2R,560.114000,target,5,50% EP,560.114480,0.333920,560.448400,100.000000,ns3-simulated/trace-derived
1336,290,0,4,11,4096,4174,L2R,560.782000,target,5,50% EP,560.782320,0.333920,561.116240,100.000000,ns3-simulated/trace-derived
1338,291,0,4,11,4096,4174,L2R,561.450000,target,5,50% EP,561.450160,0.333920,561.784080,100.000000,ns3-simulated/trace-derived
1340,292,0,4,11,4096,4174,L2R,562.118000,target,5,50% EP,562.118000,0.333920,562.451920,100.000000,ns3-simulated/trace-derived
1342,293,0,4,11,4096,4174,L2R,562.785000,target,5,50% EP,562.785840,0.333920,563.119760,100.000000,ns3-simulated/trace-derived
1344,294,0,4,11,4096,4174,L2R,563.453000,target,5,50% EP,563.453680,0.333920,563.787600,100.000000,ns3-simulated/trace-derived
1346,295,0,4,11,4096,4174,L2R,564.121000,target,5,50% EP,564.121520,0.333920,564.455440,100.000000,ns3-simulated/trace-derived
1348,296,0,4,11,4096,4174,L2R,564.789000,target,5,50% EP,564.789360,0.333920,565.123280,100.000000,ns3-simulated/trace-derived
1350,297,0,4,11,4096,4174,L2R,565.457000,target,5,50% EP,565.457200,0.333920,565.791120,100.000000,ns3-simulated/trace-derived
1353,298,0,4,11,4096,4174,L2R,566.125000,target,5,50% EP,566.125040,0.333920,566.458960,100.000000,ns3-simulated/trace-derived
1355,299,0,4,11,4096,4174,L2R,566.792000,target,5,50% EP,566.792880,0.333920,567.126800,100.000000,ns3-simulated/trace-derived
1357,300,0,4,11,4096,4174,L2R,567.460000,target,5,50% EP,567.460720,0.333920,567.794640,100.000000,ns3-simulated/trace-derived
1359,301,0,4,11,4096,4174,L2R,568.128000,target,5,50% EP,568.128560,0.333920,568.462480,100.000000,ns3-simulated/trace-derived
1362,302,0,4,11,4096,4174,L2R,568.796000,target,5,50% EP,568.796400,0.333920,569.130320,100.000000,ns3-simulated/trace-derived
1364,303,0,4,11,4096,4174,L2R,569.464000,target,5,50% EP,569.464240,0.333920,569.798160,100.000000,ns3-simulated/trace-derived
1366,304,0,4,11,4096,4174,L2R,570.132000,target,5,50% EP,570.132080,0.333920,570.466000,100.000000,ns3-simulated/trace-derived
1368,305,0,4,11,4096,4174,L2R,570.799000,target,5,50% EP,570.799920,0.333920,571.133840,100.000000,ns3-simulated/trace-derived
1371,306,0,4,11,4096,4174,L2R,571.467000,target,5,50% EP,571.467760,0.333920,571.801680,100.000000,ns3-simulated/trace-derived
1373,307,0,4,11,4096,4174,L2R,572.135000,target,5,50% EP,572.135600,0.333920,572.469520,100.000000,ns3-simulated/trace-derived
1375,308,0,4,11,4096,4174,L2R,572.803000,target,5,50% EP,572.803440,0.333920,573.137360,100.000000,ns3-simulated/trace-derived
1377,309,0,4,11,4096,4174,L2R,573.471000,target,5,50% EP,573.471280,0.333920,573.805200,100.000000,ns3-simulated/trace-derived
1380,310,0,4,11,4096,4174,L2R,574.139000,target,5,50% EP,574.139120,0.333920,574.473040,100.000000,ns3-simulated/trace-derived
1382,311,0,4,11,4096,4174,L2R,574.806000,target,5,50% EP,574.806960,0.333920,575.140880,100.000000,ns3-simulated/trace-derived
1384,312,0,4,11,4096,4174,L2R,575.474000,target,5,50% EP,575.474800,0.333920,575.808720,100.000000,ns3-simulated/trace-derived
1386,313,0,4,11,4096,4174,L2R,576.142000,target,5,50% EP,576.142640,0.333920,576.476560,100.000000,ns3-simulated/trace-derived
1389,314,0,4,11,4096,4174,L2R,576.810000,target,5,50% EP,576.810480,0.333920,577.144400,100.000000,ns3-simulated/trace-derived
1391,315,0,4,11,4096,4174,L2R,577.478000,target,5,50% EP,577.478320,0.333920,577.812240,100.000000,ns3-simulated/trace-derived
1393,316,0,4,11,4096,4174,L2R,578.146000,target,5,50% EP,578.146160,0.333920,578.480080,100.000000,ns3-simulated/trace-derived
1395,317,0,4,11,4096,4174,L2R,578.814000,target,5,50% EP,578.814000,0.333920,579.147920,100.000000,ns3-simulated/trace-derived
1398,318,0,4,11,4096,4174,L2R,579.481000,target,5,50% EP,579.481840,0.333920,579.815760,100.000000,ns3-simulated/trace-derived
1400,319,0,4,11,4096,4174,L2R,580.149000,target,5,50% EP,580.149680,0.333920,580.483600,100.000000,ns3-simulated/trace-derived
1402,320,0,4,11,4096,4174,L2R,580.817000,target,5,50% EP,580.817520,0.333920,581.151440,100.000000,ns3-simulated/trace-derived
1404,321,0,4,11,4096,4174,L2R,581.485000,target,5,50% EP,581.485360,0.333920,581.819280,100.000000,ns3-simulated/trace-derived
1407,322,0,4,11,4096,4174,L2R,582.153000,target,5,50% EP,582.153200,0.333920,582.487120,100.000000,ns3-simulated/trace-derived
1409,323,0,4,11,4096,4174,L2R,582.821000,target,5,50% EP,582.821040,0.333920,583.154960,100.000000,ns3-simulated/trace-derived
1410,324,0,4,11,4096,4174,L2R,583.164000,target,5,50% EP,583.164960,0.333920,583.498880,100.000000,ns3-simulated/trace-derived
1411,325,0,4,11,4096,4174,L2R,583.503000,target,5,50% EP,583.503840,0.333920,583.837760,100.000000,ns3-simulated/trace-derived
1413,326,0,4,11,4096,4174,L2R,583.847000,target,5,50% EP,583.847760,0.333920,584.181680,100.000000,ns3-simulated/trace-derived
1414,327,0,4,11,4096,4174,L2R,584.181000,target,5,50% EP,584.181680,0.333920,584.515600,100.000000,ns3-simulated/trace-derived
1415,328,0,4,11,4096,4174,L2R,584.515000,target,5,50% EP,584.515600,0.333920,584.849520,100.000000,ns3-simulated/trace-derived
1416,329,0,4,11,4096,4174,L2R,584.849000,target,5,50% EP,584.849520,0.333920,585.183440,100.000000,ns3-simulated/trace-derived
1418,330,0,4,11,4096,4174,L2R,585.183000,target,5,50% EP,585.183440,0.333920,585.517360,100.000000,ns3-simulated/trace-derived
1419,331,0,4,11,4096,4174,L2R,585.517000,target,5,50% EP,585.517360,0.333920,585.851280,100.000000,ns3-simulated/trace-derived
1420,332,0,4,11,4096,4174,L2R,585.851000,target,5,50% EP,585.851280,0.333920,586.185200,100.000000,ns3-simulated/trace-derived
1421,333,0,4,11,4096,4174,L2R,586.185000,target,5,50% EP,586.185200,0.333920,586.519120,100.000000,ns3-simulated/trace-derived
1423,334,0,4,11,4096,4174,L2R,586.519000,target,5,50% EP,586.519120,0.333920,586.853040,100.000000,ns3-simulated/trace-derived
1424,335,0,4,11,4096,4174,L2R,586.853000,target,5,50% EP,586.853040,0.333920,587.186960,100.000000,ns3-simulated/trace-derived
1425,336,0,4,11,4096,4174,L2R,587.186000,target,5,50% EP,587.186960,0.333920,587.520880,100.000000,ns3-simulated/trace-derived
1426,337,0,4,11,4096,4174,L2R,587.520000,target,5,50% EP,587.520880,0.333920,587.854800,100.000000,ns3-simulated/trace-derived
1428,338,0,4,11,4096,4174,L2R,587.854000,target,5,50% EP,587.854800,0.333920,588.188720,100.000000,ns3-simulated/trace-derived
1429,339,0,4,11,4096,4174,L2R,588.188000,target,5,50% EP,588.188720,0.333920,588.522640,100.000000,ns3-simulated/trace-derived
1430,340,0,4,11,4096,4174,L2R,588.522000,target,5,50% EP,588.522640,0.333920,588.856560,100.000000,ns3-simulated/trace-derived
1431,341,0,4,11,4096,4174,L2R,588.856000,target,5,50% EP,588.856560,0.333920,589.190480,100.000000,ns3-simulated/trace-derived
1433,342,0,4,11,4096,4174,L2R,589.190000,target,5,50% EP,589.190480,0.333920,589.524400,100.000000,ns3-simulated/trace-derived
1434,343,0,4,11,4096,4174,L2R,589.524000,target,5,50% EP,589.524400,0.333920,589.858320,100.000000,ns3-simulated/trace-derived
1435,344,0,4,11,4096,4174,L2R,589.858000,target,5,50% EP,589.858320,0.333920,590.192240,100.000000,ns3-simulated/trace-derived
1437,345,0,4,11,4096,4174,L2R,590.192000,target,5,50% EP,590.192240,0.333920,590.526160,100.000000,ns3-simulated/trace-derived
1439,346,0,4,11,4096,4174,L2R,590.526000,target,5,50% EP,590.526160,0.333920,590.860080,100.000000,ns3-simulated/trace-derived
1440,347,0,4,11,4096,4174,L2R,590.860000,target,5,50% EP,590.860080,0.333920,591.194000,100.000000,ns3-simulated/trace-derived
1441,348,0,4,11,4096,4174,L2R,591.194000,target,5,50% EP,591.194000,0.333920,591.527920,100.000000,ns3-simulated/trace-derived
1442,349,0,4,11,4096,4174,L2R,591.527000,target,5,50% EP,591.527920,0.333920,591.861840,100.000000,ns3-simulated/trace-derived
1444,350,0,4,11,4096,4174,L2R,591.861000,target,5,50% EP,591.861840,0.333920,592.195760,100.000000,ns3-simulated/trace-derived
1445,351,0,4,11,4096,4174,L2R,592.195000,target,5,50% EP,592.195760,0.333920,592.529680,100.000000,ns3-simulated/trace-derived
1446,352,0,4,11,4096,4174,L2R,592.529000,target,5,50% EP,592.529680,0.333920,592.863600,100.000000,ns3-simulated/trace-derived
1447,353,0,4,11,4096,4174,L2R,592.863000,target,5,50% EP,592.863600,0.333920,593.197520,100.000000,ns3-simulated/trace-derived
1449,354,0,4,11,4096,4174,L2R,593.197000,target,5,50% EP,593.197520,0.333920,593.531440,100.000000,ns3-simulated/trace-derived
1450,355,0,4,11,4096,4174,L2R,593.531000,target,5,50% EP,593.531440,0.333920,593.865360,100.000000,ns3-simulated/trace-derived
1451,356,0,4,11,4096,4174,L2R,593.865000,target,5,50% EP,593.865360,0.333920,594.199280,100.000000,ns3-simulated/trace-derived
1560,357,0,4,13,4096,4174,L2R,670.448000,target,6,KV + 反向 EP,670.448400,0.333920,670.782320,100.000000,ns3-simulated/trace-derived
1563,358,0,4,13,4096,4174,L2R,671.116000,target,6,KV + 反向 EP,671.116240,0.333920,671.450160,100.000000,ns3-simulated/trace-derived
1566,359,0,4,13,4096,4174,L2R,671.784000,target,6,KV + 反向 EP,671.784080,0.333920,672.118000,100.000000,ns3-simulated/trace-derived
1569,360,0,4,13,4096,4174,L2R,672.451000,target,6,KV + 反向 EP,672.451920,0.333920,672.785840,100.000000,ns3-simulated/trace-derived
1572,361,0,4,13,4096,4174,L2R,673.119000,target,6,KV + 反向 EP,673.119760,0.333920,673.453680,100.000000,ns3-simulated/trace-derived
1575,362,0,4,13,4096,4174,L2R,673.787000,target,6,KV + 反向 EP,673.787600,0.333920,674.121520,100.000000,ns3-simulated/trace-derived
1578,363,0,4,13,4096,4174,L2R,674.455000,target,6,KV + 反向 EP,674.455440,0.333920,674.789360,100.000000,ns3-simulated/trace-derived
1581,364,0,4,13,4096,4174,L2R,675.123000,target,6,KV + 反向 EP,675.123280,0.333920,675.457200,100.000000,ns3-simulated/trace-derived
1584,365,0,4,13,4096,4174,L2R,675.791000,target,6,KV + 反向 EP,675.791120,0.333920,676.125040,100.000000,ns3-simulated/trace-derived
1589,366,0,4,13,4096,4174,L2R,676.135000,target,6,KV + 反向 EP,676.135040,0.333920,676.468960,100.000000,ns3-simulated/trace-derived
1590,367,0,4,13,4096,4174,L2R,676.802000,target,6,KV + 反向 EP,676.802880,0.333920,677.136800,100.000000,ns3-simulated/trace-derived
1595,368,0,4,13,4096,4174,L2R,677.470000,target,6,KV + 反向 EP,677.470720,0.333920,677.804640,100.000000,ns3-simulated/trace-derived
1599,369,0,4,13,4096,4174,L2R,678.138000,target,6,KV + 反向 EP,678.138560,0.333920,678.472480,100.000000,ns3-simulated/trace-derived
1604,370,0,4,13,4096,4174,L2R,678.806000,target,6,KV + 反向 EP,678.806400,0.333920,679.140320,100.000000,ns3-simulated/trace-derived
1606,371,0,4,13,4096,4174,L2R,679.145000,target,6,KV + 反向 EP,679.145280,0.333920,679.479200,100.000000,ns3-simulated/trace-derived
1610,372,0,4,13,4096,4174,L2R,679.813000,target,6,KV + 反向 EP,679.813120,0.333920,680.147040,100.000000,ns3-simulated/trace-derived
1613,373,0,4,13,4096,4174,L2R,680.480000,target,6,KV + 反向 EP,680.480960,0.333920,680.814880,100.000000,ns3-simulated/trace-derived
1618,374,0,4,13,4096,4174,L2R,681.148000,target,6,KV + 反向 EP,681.148800,0.333920,681.482720,100.000000,ns3-simulated/trace-derived
1619,375,0,4,13,4096,4174,L2R,681.816000,target,6,KV + 反向 EP,681.816640,0.333920,682.150560,100.000000,ns3-simulated/trace-derived
1625,376,0,4,13,4096,4174,L2R,682.160000,target,6,KV + 反向 EP,682.160560,0.333920,682.494480,100.000000,ns3-simulated/trace-derived
1628,377,0,4,13,4096,4174,L2R,682.828000,target,6,KV + 反向 EP,682.828400,0.333920,683.162320,100.000000,ns3-simulated/trace-derived
1633,378,0,4,13,4096,4174,L2R,683.496000,target,6,KV + 反向 EP,683.496240,0.333920,683.830160,100.000000,ns3-simulated/trace-derived
1635,379,0,4,13,4096,4174,L2R,684.164000,target,6,KV + 反向 EP,684.164080,0.333920,684.498000,100.000000,ns3-simulated/trace-derived
1639,380,0,4,13,4096,4174,L2R,684.831000,target,6,KV + 反向 EP,684.831920,0.333920,685.165840,100.000000,ns3-simulated/trace-derived
1642,381,0,4,13,4096,4174,L2R,685.185000,target,6,KV + 反向 EP,685.185840,0.333920,685.519760,100.000000,ns3-simulated/trace-derived
1647,382,0,4,13,4096,4174,L2R,685.853000,target,6,KV + 反向 EP,685.853680,0.333920,686.187600,100.000000,ns3-simulated/trace-derived
1648,383,0,4,13,4096,4174,L2R,686.521000,target,6,KV + 反向 EP,686.521520,0.333920,686.855440,100.000000,ns3-simulated/trace-derived
1653,384,0,4,13,4096,4174,L2R,687.189000,target,6,KV + 反向 EP,687.189360,0.333920,687.523280,100.000000,ns3-simulated/trace-derived
1656,385,0,4,13,4096,4174,L2R,687.857000,target,6,KV + 反向 EP,687.857200,0.333920,688.191120,100.000000,ns3-simulated/trace-derived
1662,386,0,4,13,4096,4174,L2R,688.201000,target,6,KV + 反向 EP,688.201120,0.333920,688.535040,100.000000,ns3-simulated/trace-derived
1664,387,0,4,13,4096,4174,L2R,688.868000,target,6,KV + 反向 EP,688.868960,0.333920,689.202880,100.000000,ns3-simulated/trace-derived
1668,388,0,4,13,4096,4174,L2R,689.536000,target,6,KV + 反向 EP,689.536800,0.333920,689.870720,100.000000,ns3-simulated/trace-derived
1671,389,0,4,13,4096,4174,L2R,690.204000,target,6,KV + 反向 EP,690.204640,0.333920,690.538560,100.000000,ns3-simulated/trace-derived
1676,390,0,4,13,4096,4174,L2R,690.872000,target,6,KV + 反向 EP,690.872480,0.333920,691.206400,100.000000,ns3-simulated/trace-derived
1677,391,0,4,13,4096,4174,L2R,691.216000,target,6,KV + 反向 EP,691.216400,0.333920,691.550320,100.000000,ns3-simulated/trace-derived
1682,392,0,4,13,4096,4174,L2R,691.884000,target,6,KV + 反向 EP,691.884240,0.333920,692.218160,100.000000,ns3-simulated/trace-derived
1685,393,0,4,13,4096,4174,L2R,692.552000,target,6,KV + 反向 EP,692.552080,0.333920,692.886000,100.000000,ns3-simulated/trace-derived
1690,394,0,4,13,4096,4174,L2R,693.219000,target,6,KV + 反向 EP,693.219920,0.333920,693.553840,100.000000,ns3-simulated/trace-derived
1692,395,0,4,13,4096,4174,L2R,693.887000,target,6,KV + 反向 EP,693.887760,0.333920,694.221680,100.000000,ns3-simulated/trace-derived
1696,396,0,4,13,4096,4174,L2R,694.231000,target,6,KV + 反向 EP,694.231680,0.333920,694.565600,100.000000,ns3-simulated/trace-derived
1699,397,0,4,13,4096,4174,L2R,694.899000,target,6,KV + 反向 EP,694.899520,0.333920,695.233440,100.000000,ns3-simulated/trace-derived
1704,398,0,4,13,4096,4174,L2R,695.567000,target,6,KV + 反向 EP,695.567360,0.333920,695.901280,100.000000,ns3-simulated/trace-derived
1705,399,0,4,13,4096,4174,L2R,696.235000,target,6,KV + 反向 EP,696.235200,0.333920,696.569120,100.000000,ns3-simulated/trace-derived
1710,400,0,4,13,4096,4174,L2R,696.903000,target,6,KV + 反向 EP,696.903040,0.333920,697.236960,100.000000,ns3-simulated/trace-derived
1713,401,0,4,13,4096,4174,L2R,697.246000,target,6,KV + 反向 EP,697.246960,0.333920,697.580880,100.000000,ns3-simulated/trace-derived
1718,402,0,4,13,4096,4174,L2R,697.914000,target,6,KV + 反向 EP,697.914800,0.333920,698.248720,100.000000,ns3-simulated/trace-derived
1720,403,0,4,13,4096,4174,L2R,698.582000,target,6,KV + 反向 EP,698.582640,0.333920,698.916560,100.000000,ns3-simulated/trace-derived
1724,404,0,4,13,4096,4174,L2R,699.250000,target,6,KV + 反向 EP,699.250480,0.333920,699.584400,100.000000,ns3-simulated/trace-derived
1727,405,0,4,13,4096,4174,L2R,699.918000,target,6,KV + 反向 EP,699.918320,0.333920,700.252240,100.000000,ns3-simulated/trace-derived
1732,406,0,4,13,4096,4174,L2R,700.262000,target,6,KV + 反向 EP,700.262240,0.333920,700.596160,100.000000,ns3-simulated/trace-derived
1733,407,0,4,13,4096,4174,L2R,700.930000,target,6,KV + 反向 EP,700.930080,0.333920,701.264000,100.000000,ns3-simulated/trace-derived
1738,408,0,4,13,4096,4174,L2R,701.597000,target,6,KV + 反向 EP,701.597920,0.333920,701.931840,100.000000,ns3-simulated/trace-derived
1741,409,0,4,13,4096,4174,L2R,702.265000,target,6,KV + 反向 EP,702.265760,0.333920,702.599680,100.000000,ns3-simulated/trace-derived
1746,410,0,4,13,4096,4174,L2R,702.933000,target,6,KV + 反向 EP,702.933600,0.333920,703.267520,100.000000,ns3-simulated/trace-derived
1748,411,0,4,13,4096,4174,L2R,703.277000,target,6,KV + 反向 EP,703.277520,0.333920,703.611440,100.000000,ns3-simulated/trace-derived
1752,412,0,4,13,4096,4174,L2R,703.945000,target,6,KV + 反向 EP,703.945360,0.333920,704.279280,100.000000,ns3-simulated/trace-derived
1755,413,0,4,13,4096,4174,L2R,704.613000,target,6,KV + 反向 EP,704.613200,0.333920,704.947120,100.000000,ns3-simulated/trace-derived
1759,414,0,4,13,4096,4174,L2R,705.281000,target,6,KV + 反向 EP,705.281040,0.333920,705.614960,100.000000,ns3-simulated/trace-derived
1761,415,0,4,13,4096,4174,L2R,705.948000,target,6,KV + 反向 EP,705.948880,0.333920,706.282800,100.000000,ns3-simulated/trace-derived
1766,416,0,4,13,4096,4174,L2R,706.292000,target,6,KV + 反向 EP,706.292800,0.333920,706.626720,100.000000,ns3-simulated/trace-derived
1769,417,0,4,13,4096,4174,L2R,706.960000,target,6,KV + 反向 EP,706.960640,0.333920,707.294560,100.000000,ns3-simulated/trace-derived
1773,418,0,4,13,4096,4174,L2R,707.628000,target,6,KV + 反向 EP,707.628480,0.333920,707.962400,100.000000,ns3-simulated/trace-derived
1776,419,0,4,13,4096,4174,L2R,708.296000,target,6,KV + 反向 EP,708.296320,0.333920,708.630240,100.000000,ns3-simulated/trace-derived
1780,420,0,4,13,4096,4174,L2R,708.964000,target,6,KV + 反向 EP,708.964160,0.333920,709.298080,100.000000,ns3-simulated/trace-derived
1783,421,0,4,13,4096,4174,L2R,709.308000,target,6,KV + 反向 EP,709.308080,0.333920,709.642000,100.000000,ns3-simulated/trace-derived
1787,422,0,4,13,4096,4174,L2R,709.975000,target,6,KV + 反向 EP,709.975920,0.333920,710.309840,100.000000,ns3-simulated/trace-derived
1789,423,0,4,13,4096,4174,L2R,710.643000,target,6,KV + 反向 EP,710.643760,0.333920,710.977680,100.000000,ns3-simulated/trace-derived
1794,424,0,4,13,4096,4174,L2R,711.311000,target,6,KV + 反向 EP,711.311600,0.333920,711.645520,100.000000,ns3-simulated/trace-derived
2140,425,0,4,16,4096,4174,L2R,820.114000,target,7,目标基线,820.114480,0.333920,820.448400,100.000000,ns3-simulated/trace-derived
2141,426,0,4,16,4096,4174,L2R,820.448000,target,7,目标基线,820.448400,0.333920,820.782320,100.000000,ns3-simulated/trace-derived
2142,427,0,4,16,4096,4174,L2R,820.782000,target,7,目标基线,820.782320,0.333920,821.116240,100.000000,ns3-simulated/trace-derived
2143,428,0,4,16,4096,4174,L2R,821.116000,target,7,目标基线,821.116240,0.333920,821.450160,100.000000,ns3-simulated/trace-derived
2144,429,0,4,16,4096,4174,L2R,821.450000,target,7,目标基线,821.450160,0.333920,821.784080,100.000000,ns3-simulated/trace-derived
2145,430,0,4,16,4096,4174,L2R,821.784000,target,7,目标基线,821.784080,0.333920,822.118000,100.000000,ns3-simulated/trace-derived
2146,431,0,4,16,4096,4174,L2R,822.118000,target,7,目标基线,822.118000,0.333920,822.451920,100.000000,ns3-simulated/trace-derived
2147,432,0,4,16,4096,4174,L2R,822.451000,target,7,目标基线,822.451920,0.333920,822.785840,100.000000,ns3-simulated/trace-derived
2148,433,0,4,16,4096,4174,L2R,822.785000,target,7,目标基线,822.785840,0.333920,823.119760,100.000000,ns3-simulated/trace-derived
2150,434,0,4,16,4096,4174,L2R,823.119000,target,7,目标基线,823.119760,0.333920,823.453680,100.000000,ns3-simulated/trace-derived
2151,435,0,4,16,4096,4174,L2R,823.453000,target,7,目标基线,823.453680,0.333920,823.787600,100.000000,ns3-simulated/trace-derived
2152,436,0,4,16,4096,4174,L2R,823.787000,target,7,目标基线,823.787600,0.333920,824.121520,100.000000,ns3-simulated/trace-derived
2153,437,0,4,16,4096,4174,L2R,824.121000,target,7,目标基线,824.121520,0.333920,824.455440,100.000000,ns3-simulated/trace-derived
2155,438,0,4,16,4096,4174,L2R,824.455000,target,7,目标基线,824.455440,0.333920,824.789360,100.000000,ns3-simulated/trace-derived
2156,439,0,4,16,4096,4174,L2R,824.789000,target,7,目标基线,824.789360,0.333920,825.123280,100.000000,ns3-simulated/trace-derived
2157,440,0,4,16,4096,4174,L2R,825.123000,target,7,目标基线,825.123280,0.333920,825.457200,100.000000,ns3-simulated/trace-derived
2158,441,0,4,16,4096,4174,L2R,825.457000,target,7,目标基线,825.457200,0.333920,825.791120,100.000000,ns3-simulated/trace-derived
2160,442,0,4,16,4096,4174,L2R,825.791000,target,7,目标基线,825.791120,0.333920,826.125040,100.000000,ns3-simulated/trace-derived
2161,443,0,4,16,4096,4174,L2R,826.125000,target,7,目标基线,826.125040,0.333920,826.458960,100.000000,ns3-simulated/trace-derived
2162,444,0,4,16,4096,4174,L2R,826.458000,target,7,目标基线,826.458960,0.333920,826.792880,100.000000,ns3-simulated/trace-derived
2163,445,0,4,16,4096,4174,L2R,826.792000,target,7,目标基线,826.792880,0.333920,827.126800,100.000000,ns3-simulated/trace-derived
2165,446,0,4,16,4096,4174,L2R,827.126000,target,7,目标基线,827.126800,0.333920,827.460720,100.000000,ns3-simulated/trace-derived
2166,447,0,4,16,4096,4174,L2R,827.460000,target,7,目标基线,827.460720,0.333920,827.794640,100.000000,ns3-simulated/trace-derived
2167,448,0,4,16,4096,4174,L2R,827.794000,target,7,目标基线,827.794640,0.333920,828.128560,100.000000,ns3-simulated/trace-derived
2168,449,0,4,16,4096,4174,L2R,828.128000,target,7,目标基线,828.128560,0.333920,828.462480,100.000000,ns3-simulated/trace-derived
2170,450,0,4,16,4096,4174,L2R,828.462000,target,7,目标基线,828.462480,0.333920,828.796400,100.000000,ns3-simulated/trace-derived
2171,451,0,4,16,4096,4174,L2R,828.796000,target,7,目标基线,828.796400,0.333920,829.130320,100.000000,ns3-simulated/trace-derived
2172,452,0,4,16,4096,4174,L2R,829.130000,target,7,目标基线,829.130320,0.333920,829.464240,100.000000,ns3-simulated/trace-derived
2173,453,0,4,16,4096,4174,L2R,829.464000,target,7,目标基线,829.464240,0.333920,829.798160,100.000000,ns3-simulated/trace-derived
2175,454,0,4,16,4096,4174,L2R,829.798000,target,7,目标基线,829.798160,0.333920,830.132080,100.000000,ns3-simulated/trace-derived
2176,455,0,4,16,4096,4174,L2R,830.132000,target,7,目标基线,830.132080,0.333920,830.466000,100.000000,ns3-simulated/trace-derived
2177,456,0,4,16,4096,4174,L2R,830.466000,target,7,目标基线,830.466000,0.333920,830.799920,100.000000,ns3-simulated/trace-derived
2178,457,0,4,16,4096,4174,L2R,830.799000,target,7,目标基线,830.799920,0.333920,831.133840,100.000000,ns3-simulated/trace-derived
2180,458,0,4,16,4096,4174,L2R,831.133000,target,7,目标基线,831.133840,0.333920,831.467760,100.000000,ns3-simulated/trace-derived
2181,459,0,4,16,4096,4174,L2R,831.467000,target,7,目标基线,831.467760,0.333920,831.801680,100.000000,ns3-simulated/trace-derived
2182,460,0,4,16,4096,4174,L2R,831.801000,target,7,目标基线,831.801680,0.333920,832.135600,100.000000,ns3-simulated/trace-derived
2183,461,0,4,16,4096,4174,L2R,832.135000,target,7,目标基线,832.135600,0.333920,832.469520,100.000000,ns3-simulated/trace-derived
2185,462,0,4,16,4096,4174,L2R,832.469000,target,7,目标基线,832.469520,0.333920,832.803440,100.000000,ns3-simulated/trace-derived
2186,463,0,4,16,4096,4174,L2R,832.803000,target,7,目标基线,832.803440,0.333920,833.137360,100.000000,ns3-simulated/trace-derived
2187,464,0,4,16,4096,4174,L2R,833.137000,target,7,目标基线,833.137360,0.333920,833.471280,100.000000,ns3-simulated/trace-derived
2188,465,0,4,16,4096,4174,L2R,833.471000,target,7,目标基线,833.471280,0.333920,833.805200,100.000000,ns3-simulated/trace-derived
2190,466,0,4,16,4096,4174,L2R,833.805000,target,7,目标基线,833.805200,0.333920,834.139120,100.000000,ns3-simulated/trace-derived
2191,467,0,4,16,4096,4174,L2R,834.139000,target,7,目标基线,834.139120,0.333920,834.473040,100.000000,ns3-simulated/trace-derived
2192,468,0,4,16,4096,4174,L2R,834.473000,target,7,目标基线,834.473040,0.333920,834.806960,100.000000,ns3-simulated/trace-derived
2193,469,0,4,16,4096,4174,L2R,834.806000,target,7,目标基线,834.806960,0.333920,835.140880,100.000000,ns3-simulated/trace-derived
2195,470,0,4,16,4096,4174,L2R,835.140000,target,7,目标基线,835.140880,0.333920,835.474800,100.000000,ns3-simulated/trace-derived
2196,471,0,4,16,4096,4174,L2R,835.474000,target,7,目标基线,835.474800,0.333920,835.808720,100.000000,ns3-simulated/trace-derived
2197,472,0,4,16,4096,4174,L2R,835.808000,target,7,目标基线,835.808720,0.333920,836.142640,100.000000,ns3-simulated/trace-derived
2198,473,0,4,16,4096,4174,L2R,836.142000,target,7,目标基线,836.142640,0.333920,836.476560,100.000000,ns3-simulated/trace-derived
2200,474,0,4,16,4096,4174,L2R,836.476000,target,7,目标基线,836.476560,0.333920,836.810480,100.000000,ns3-simulated/trace-derived
2201,475,0,4,16,4096,4174,L2R,836.810000,target,7,目标基线,836.810480,0.333920,837.144400,100.000000,ns3-simulated/trace-derived
2202,476,0,4,16,4096,4174,L2R,837.144000,target,7,目标基线,837.144400,0.333920,837.478320,100.000000,ns3-simulated/trace-derived
2203,477,0,4,16,4096,4174,L2R,837.478000,target,7,目标基线,837.478320,0.333920,837.812240,100.000000,ns3-simulated/trace-derived
2205,478,0,4,16,4096,4174,L2R,837.812000,target,7,目标基线,837.812240,0.333920,838.146160,100.000000,ns3-simulated/trace-derived
2206,479,0,4,16,4096,4174,L2R,838.146000,target,7,目标基线,838.146160,0.333920,838.480080,100.000000,ns3-simulated/trace-derived
2207,480,0,4,16,4096,4174,L2R,838.480000,target,7,目标基线,838.480080,0.333920,838.814000,100.000000,ns3-simulated/trace-derived
2208,481,0,4,16,4096,4174,L2R,838.814000,target,7,目标基线,838.814000,0.333920,839.147920,100.000000,ns3-simulated/trace-derived
2210,482,0,4,16,4096,4174,L2R,839.147000,target,7,目标基线,839.147920,0.333920,839.481840,100.000000,ns3-simulated/trace-derived
2211,483,0,4,16,4096,4174,L2R,839.481000,target,7,目标基线,839.481840,0.333920,839.815760,100.000000,ns3-simulated/trace-derived
2212,484,0,4,16,4096,4174,L2R,839.815000,target,7,目标基线,839.815760,0.333920,840.149680,100.000000,ns3-simulated/trace-derived
2213,485,0,4,16,4096,4174,L2R,840.149000,target,7,目标基线,840.149680,0.333920,840.483600,100.000000,ns3-simulated/trace-derived
2215,486,0,4,16,4096,4174,L2R,840.483000,target,7,目标基线,840.483600,0.333920,840.817520,100.000000,ns3-simulated/trace-derived
2216,487,0,4,16,4096,4174,L2R,840.817000,target,7,目标基线,840.817520,0.333920,841.151440,100.000000,ns3-simulated/trace-derived
2217,488,0,4,16,4096,4174,L2R,841.151000,target,7,目标基线,841.151440,0.333920,841.485360,100.000000,ns3-simulated/trace-derived
2218,489,0,4,16,4096,4174,L2R,841.485000,target,7,目标基线,841.485360,0.333920,841.819280,100.000000,ns3-simulated/trace-derived
2220,490,0,4,16,4096,4174,L2R,841.819000,target,7,目标基线,841.819280,0.333920,842.153200,100.000000,ns3-simulated/trace-derived
2221,491,0,4,16,4096,4174,L2R,842.153000,target,7,目标基线,842.153200,0.333920,842.487120,100.000000,ns3-simulated/trace-derived
2222,492,0,4,16,4096,4174,L2R,842.487000,target,7,目标基线,842.487120,0.333920,842.821040,100.000000,ns3-simulated/trace-derived
2289,493,0,4,17,4096,4174,L2R,900.448000,target,8,同向 EP,900.448400,0.333920,900.782320,100.000000,ns3-simulated/trace-derived
2291,494,0,4,17,4096,4174,L2R,901.116000,target,8,同向 EP,901.116240,0.333920,901.450160,100.000000,ns3-simulated/trace-derived
2293,495,0,4,17,4096,4174,L2R,901.784000,target,8,同向 EP,901.784080,0.333920,902.118000,100.000000,ns3-simulated/trace-derived
2295,496,0,4,17,4096,4174,L2R,902.451000,target,8,同向 EP,902.451920,0.333920,902.785840,100.000000,ns3-simulated/trace-derived
2297,497,0,4,17,4096,4174,L2R,903.119000,target,8,同向 EP,903.119760,0.333920,903.453680,100.000000,ns3-simulated/trace-derived
2299,498,0,4,17,4096,4174,L2R,903.787000,target,8,同向 EP,903.787600,0.333920,904.121520,100.000000,ns3-simulated/trace-derived
2301,499,0,4,17,4096,4174,L2R,904.455000,target,8,同向 EP,904.455440,0.333920,904.789360,100.000000,ns3-simulated/trace-derived
2303,500,0,4,17,4096,4174,L2R,905.123000,target,8,同向 EP,905.123280,0.333920,905.457200,100.000000,ns3-simulated/trace-derived
2305,501,0,4,17,4096,4174,L2R,905.791000,target,8,同向 EP,905.791120,0.333920,906.125040,100.000000,ns3-simulated/trace-derived
2308,502,0,4,17,4096,4174,L2R,906.458000,target,8,同向 EP,906.458960,0.333920,906.792880,100.000000,ns3-simulated/trace-derived
2310,503,0,4,17,4096,4174,L2R,907.126000,target,8,同向 EP,907.126800,0.333920,907.460720,100.000000,ns3-simulated/trace-derived
2313,504,0,4,17,4096,4174,L2R,907.794000,target,8,同向 EP,907.794640,0.333920,908.128560,100.000000,ns3-simulated/trace-derived
2315,505,0,4,17,4096,4174,L2R,908.462000,target,8,同向 EP,908.462480,0.333920,908.796400,100.000000,ns3-simulated/trace-derived
2318,506,0,4,17,4096,4174,L2R,909.130000,target,8,同向 EP,909.130320,0.333920,909.464240,100.000000,ns3-simulated/trace-derived
2320,507,0,4,17,4096,4174,L2R,909.798000,target,8,同向 EP,909.798160,0.333920,910.132080,100.000000,ns3-simulated/trace-derived
2322,508,0,4,17,4096,4174,L2R,910.466000,target,8,同向 EP,910.466000,0.333920,910.799920,100.000000,ns3-simulated/trace-derived
2324,509,0,4,17,4096,4174,L2R,911.133000,target,8,同向 EP,911.133840,0.333920,911.467760,100.000000,ns3-simulated/trace-derived
2327,510,0,4,17,4096,4174,L2R,911.801000,target,8,同向 EP,911.801680,0.333920,912.135600,100.000000,ns3-simulated/trace-derived
2329,511,0,4,17,4096,4174,L2R,912.469000,target,8,同向 EP,912.469520,0.333920,912.803440,100.000000,ns3-simulated/trace-derived
2331,512,0,4,17,4096,4174,L2R,913.137000,target,8,同向 EP,913.137360,0.333920,913.471280,100.000000,ns3-simulated/trace-derived
2333,513,0,4,17,4096,4174,L2R,913.805000,target,8,同向 EP,913.805200,0.333920,914.139120,100.000000,ns3-simulated/trace-derived
2337,514,0,4,17,4096,4174,L2R,914.473000,target,8,同向 EP,914.473040,0.333920,914.806960,100.000000,ns3-simulated/trace-derived
2339,515,0,4,17,4096,4174,L2R,915.140000,target,8,同向 EP,915.140880,0.333920,915.474800,100.000000,ns3-simulated/trace-derived
2342,516,0,4,17,4096,4174,L2R,915.808000,target,8,同向 EP,915.808720,0.333920,916.142640,100.000000,ns3-simulated/trace-derived
2344,517,0,4,17,4096,4174,L2R,916.476000,target,8,同向 EP,916.476560,0.333920,916.810480,100.000000,ns3-simulated/trace-derived
2347,518,0,4,17,4096,4174,L2R,917.144000,target,8,同向 EP,917.144400,0.333920,917.478320,100.000000,ns3-simulated/trace-derived
2349,519,0,4,17,4096,4174,L2R,917.812000,target,8,同向 EP,917.812240,0.333920,918.146160,100.000000,ns3-simulated/trace-derived
2351,520,0,4,17,4096,4174,L2R,918.480000,target,8,同向 EP,918.480080,0.333920,918.814000,100.000000,ns3-simulated/trace-derived
2353,521,0,4,17,4096,4174,L2R,919.147000,target,8,同向 EP,919.147920,0.333920,919.481840,100.000000,ns3-simulated/trace-derived
2356,522,0,4,17,4096,4174,L2R,919.815000,target,8,同向 EP,919.815760,0.333920,920.149680,100.000000,ns3-simulated/trace-derived
2358,523,0,4,17,4096,4174,L2R,920.483000,target,8,同向 EP,920.483600,0.333920,920.817520,100.000000,ns3-simulated/trace-derived
2360,524,0,4,17,4096,4174,L2R,921.151000,target,8,同向 EP,921.151440,0.333920,921.485360,100.000000,ns3-simulated/trace-derived
2362,525,0,4,17,4096,4174,L2R,921.819000,target,8,同向 EP,921.819280,0.333920,922.153200,100.000000,ns3-simulated/trace-derived
2366,526,0,4,17,4096,4174,L2R,922.487000,target,8,同向 EP,922.487120,0.333920,922.821040,100.000000,ns3-simulated/trace-derived
2368,527,0,4,17,4096,4174,L2R,923.154000,target,8,同向 EP,923.154960,0.333920,923.488880,100.000000,ns3-simulated/trace-derived
2370,528,0,4,17,4096,4174,L2R,923.822000,target,8,同向 EP,923.822800,0.333920,924.156720,100.000000,ns3-simulated/trace-derived
2372,529,0,4,17,4096,4174,L2R,924.490000,target,8,同向 EP,924.490640,0.333920,924.824560,100.000000,ns3-simulated/trace-derived
2375,530,0,4,17,4096,4174,L2R,925.158000,target,8,同向 EP,925.158480,0.333920,925.492400,100.000000,ns3-simulated/trace-derived
2377,531,0,4,17,4096,4174,L2R,925.826000,target,8,同向 EP,925.826320,0.333920,926.160240,100.000000,ns3-simulated/trace-derived
2379,532,0,4,17,4096,4174,L2R,926.494000,target,8,同向 EP,926.494160,0.333920,926.828080,100.000000,ns3-simulated/trace-derived
2381,533,0,4,17,4096,4174,L2R,927.162000,target,8,同向 EP,927.162000,0.333920,927.495920,100.000000,ns3-simulated/trace-derived
2384,534,0,4,17,4096,4174,L2R,927.829000,target,8,同向 EP,927.829840,0.333920,928.163760,100.000000,ns3-simulated/trace-derived
2386,535,0,4,17,4096,4174,L2R,928.497000,target,8,同向 EP,928.497680,0.333920,928.831600,100.000000,ns3-simulated/trace-derived
2388,536,0,4,17,4096,4174,L2R,929.165000,target,8,同向 EP,929.165520,0.333920,929.499440,100.000000,ns3-simulated/trace-derived
2390,537,0,4,17,4096,4174,L2R,929.833000,target,8,同向 EP,929.833360,0.333920,930.167280,100.000000,ns3-simulated/trace-derived
2393,538,0,4,17,4096,4174,L2R,930.501000,target,8,同向 EP,930.501200,0.333920,930.835120,100.000000,ns3-simulated/trace-derived
2395,539,0,4,17,4096,4174,L2R,931.169000,target,8,同向 EP,931.169040,0.333920,931.502960,100.000000,ns3-simulated/trace-derived
2397,540,0,4,17,4096,4174,L2R,931.836000,target,8,同向 EP,931.836880,0.333920,932.170800,100.000000,ns3-simulated/trace-derived
2399,541,0,4,17,4096,4174,L2R,932.504000,target,8,同向 EP,932.504720,0.333920,932.838640,100.000000,ns3-simulated/trace-derived
2402,542,0,4,17,4096,4174,L2R,933.172000,target,8,同向 EP,933.172560,0.333920,933.506480,100.000000,ns3-simulated/trace-derived
2404,543,0,4,17,4096,4174,L2R,933.840000,target,8,同向 EP,933.840400,0.333920,934.174320,100.000000,ns3-simulated/trace-derived
2406,544,0,4,17,4096,4174,L2R,934.508000,target,8,同向 EP,934.508240,0.333920,934.842160,100.000000,ns3-simulated/trace-derived
2408,545,0,4,17,4096,4174,L2R,935.176000,target,8,同向 EP,935.176080,0.333920,935.510000,100.000000,ns3-simulated/trace-derived
2411,546,0,4,17,4096,4174,L2R,935.843000,target,8,同向 EP,935.843920,0.333920,936.177840,100.000000,ns3-simulated/trace-derived
2413,547,0,4,17,4096,4174,L2R,936.511000,target,8,同向 EP,936.511760,0.333920,936.845680,100.000000,ns3-simulated/trace-derived
2415,548,0,4,17,4096,4174,L2R,937.179000,target,8,同向 EP,937.179600,0.333920,937.513520,100.000000,ns3-simulated/trace-derived
2417,549,0,4,17,4096,4174,L2R,937.847000,target,8,同向 EP,937.847440,0.333920,938.181360,100.000000,ns3-simulated/trace-derived
2420,550,0,4,17,4096,4174,L2R,938.515000,target,8,同向 EP,938.515280,0.333920,938.849200,100.000000,ns3-simulated/trace-derived
2422,551,0,4,17,4096,4174,L2R,939.183000,target,8,同向 EP,939.183120,0.333920,939.517040,100.000000,ns3-simulated/trace-derived
2424,552,0,4,17,4096,4174,L2R,939.850000,target,8,同向 EP,939.850960,0.333920,940.184880,100.000000,ns3-simulated/trace-derived
2426,553,0,4,17,4096,4174,L2R,940.518000,target,8,同向 EP,940.518800,0.333920,940.852720,100.000000,ns3-simulated/trace-derived
2429,554,0,4,17,4096,4174,L2R,941.186000,target,8,同向 EP,941.186640,0.333920,941.520560,100.000000,ns3-simulated/trace-derived
2431,555,0,4,17,4096,4174,L2R,941.854000,target,8,同向 EP,941.854480,0.333920,942.188400,100.000000,ns3-simulated/trace-derived
2433,556,0,4,17,4096,4174,L2R,942.522000,target,8,同向 EP,942.522320,0.333920,942.856240,100.000000,ns3-simulated/trace-derived
2435,557,0,4,17,4096,4174,L2R,943.190000,target,8,同向 EP,943.190160,0.333920,943.524080,100.000000,ns3-simulated/trace-derived
2438,558,0,4,17,4096,4174,L2R,943.858000,target,8,同向 EP,943.858000,0.333920,944.191920,100.000000,ns3-simulated/trace-derived
2440,559,0,4,17,4096,4174,L2R,944.525000,target,8,同向 EP,944.525840,0.333920,944.859760,100.000000,ns3-simulated/trace-derived
2442,560,0,4,17,4096,4174,L2R,945.193000,target,8,同向 EP,945.193680,0.333920,945.527600,100.000000,ns3-simulated/trace-derived
150,0,1,5,2,4096,4174,L2R,110.114000,ep_competitor,1,同向 EP,110.114480,0.333920,110.448400,100.000000,ns3-simulated/trace-derived
152,1,1,5,2,4096,4174,L2R,110.782000,ep_competitor,1,同向 EP,110.782320,0.333920,111.116240,100.000000,ns3-simulated/trace-derived
154,2,1,5,2,4096,4174,L2R,111.450000,ep_competitor,1,同向 EP,111.450160,0.333920,111.784080,100.000000,ns3-simulated/trace-derived
156,3,1,5,2,4096,4174,L2R,112.118000,ep_competitor,1,同向 EP,112.118000,0.333920,112.451920,100.000000,ns3-simulated/trace-derived
158,4,1,5,2,4096,4174,L2R,112.785000,ep_competitor,1,同向 EP,112.785840,0.333920,113.119760,100.000000,ns3-simulated/trace-derived
160,5,1,5,2,4096,4174,L2R,113.453000,ep_competitor,1,同向 EP,113.453680,0.333920,113.787600,100.000000,ns3-simulated/trace-derived
162,6,1,5,2,4096,4174,L2R,114.121000,ep_competitor,1,同向 EP,114.121520,0.333920,114.455440,100.000000,ns3-simulated/trace-derived
164,7,1,5,2,4096,4174,L2R,114.789000,ep_competitor,1,同向 EP,114.789360,0.333920,115.123280,100.000000,ns3-simulated/trace-derived
166,8,1,5,2,4096,4174,L2R,115.457000,ep_competitor,1,同向 EP,115.457200,0.333920,115.791120,100.000000,ns3-simulated/trace-derived
169,9,1,5,2,4096,4174,L2R,116.125000,ep_competitor,1,同向 EP,116.125040,0.333920,116.458960,100.000000,ns3-simulated/trace-derived
171,10,1,5,2,4096,4174,L2R,116.792000,ep_competitor,1,同向 EP,116.792880,0.333920,117.126800,100.000000,ns3-simulated/trace-derived
173,11,1,5,2,4096,4174,L2R,117.460000,ep_competitor,1,同向 EP,117.460720,0.333920,117.794640,100.000000,ns3-simulated/trace-derived
175,12,1,5,2,4096,4174,L2R,118.128000,ep_competitor,1,同向 EP,118.128560,0.333920,118.462480,100.000000,ns3-simulated/trace-derived
178,13,1,5,2,4096,4174,L2R,118.796000,ep_competitor,1,同向 EP,118.796400,0.333920,119.130320,100.000000,ns3-simulated/trace-derived
180,14,1,5,2,4096,4174,L2R,119.464000,ep_competitor,1,同向 EP,119.464240,0.333920,119.798160,100.000000,ns3-simulated/trace-derived
182,15,1,5,2,4096,4174,L2R,120.132000,ep_competitor,1,同向 EP,120.132080,0.333920,120.466000,100.000000,ns3-simulated/trace-derived
184,16,1,5,2,4096,4174,L2R,120.799000,ep_competitor,1,同向 EP,120.799920,0.333920,121.133840,100.000000,ns3-simulated/trace-derived
187,17,1,5,2,4096,4174,L2R,121.467000,ep_competitor,1,同向 EP,121.467760,0.333920,121.801680,100.000000,ns3-simulated/trace-derived
189,18,1,5,2,4096,4174,L2R,122.135000,ep_competitor,1,同向 EP,122.135600,0.333920,122.469520,100.000000,ns3-simulated/trace-derived
191,19,1,5,2,4096,4174,L2R,122.803000,ep_competitor,1,同向 EP,122.803440,0.333920,123.137360,100.000000,ns3-simulated/trace-derived
193,20,1,5,2,4096,4174,L2R,123.471000,ep_competitor,1,同向 EP,123.471280,0.333920,123.805200,100.000000,ns3-simulated/trace-derived
196,21,1,5,2,4096,4174,L2R,124.139000,ep_competitor,1,同向 EP,124.139120,0.333920,124.473040,100.000000,ns3-simulated/trace-derived
198,22,1,5,2,4096,4174,L2R,124.806000,ep_competitor,1,同向 EP,124.806960,0.333920,125.140880,100.000000,ns3-simulated/trace-derived
200,23,1,5,2,4096,4174,L2R,125.474000,ep_competitor,1,同向 EP,125.474800,0.333920,125.808720,100.000000,ns3-simulated/trace-derived
202,24,1,5,2,4096,4174,L2R,126.142000,ep_competitor,1,同向 EP,126.142640,0.333920,126.476560,100.000000,ns3-simulated/trace-derived
205,25,1,5,2,4096,4174,L2R,126.810000,ep_competitor,1,同向 EP,126.810480,0.333920,127.144400,100.000000,ns3-simulated/trace-derived
207,26,1,5,2,4096,4174,L2R,127.478000,ep_competitor,1,同向 EP,127.478320,0.333920,127.812240,100.000000,ns3-simulated/trace-derived
209,27,1,5,2,4096,4174,L2R,128.146000,ep_competitor,1,同向 EP,128.146160,0.333920,128.480080,100.000000,ns3-simulated/trace-derived
211,28,1,5,2,4096,4174,L2R,128.814000,ep_competitor,1,同向 EP,128.814000,0.333920,129.147920,100.000000,ns3-simulated/trace-derived
214,29,1,5,2,4096,4174,L2R,129.481000,ep_competitor,1,同向 EP,129.481840,0.333920,129.815760,100.000000,ns3-simulated/trace-derived
216,30,1,5,2,4096,4174,L2R,130.149000,ep_competitor,1,同向 EP,130.149680,0.333920,130.483600,100.000000,ns3-simulated/trace-derived
218,31,1,5,2,4096,4174,L2R,130.817000,ep_competitor,1,同向 EP,130.817520,0.333920,131.151440,100.000000,ns3-simulated/trace-derived
220,32,1,5,2,4096,4174,L2R,131.485000,ep_competitor,1,同向 EP,131.485360,0.333920,131.819280,100.000000,ns3-simulated/trace-derived
223,33,1,5,2,4096,4174,L2R,132.153000,ep_competitor,1,同向 EP,132.153200,0.333920,132.487120,100.000000,ns3-simulated/trace-derived
225,34,1,5,2,4096,4174,L2R,132.821000,ep_competitor,1,同向 EP,132.821040,0.333920,133.154960,100.000000,ns3-simulated/trace-derived
227,35,1,5,2,4096,4174,L2R,133.488000,ep_competitor,1,同向 EP,133.488880,0.333920,133.822800,100.000000,ns3-simulated/trace-derived
229,36,1,5,2,4096,4174,L2R,134.156000,ep_competitor,1,同向 EP,134.156720,0.333920,134.490640,100.000000,ns3-simulated/trace-derived
232,37,1,5,2,4096,4174,L2R,134.824000,ep_competitor,1,同向 EP,134.824560,0.333920,135.158480,100.000000,ns3-simulated/trace-derived
234,38,1,5,2,4096,4174,L2R,135.492000,ep_competitor,1,同向 EP,135.492400,0.333920,135.826320,100.000000,ns3-simulated/trace-derived
236,39,1,5,2,4096,4174,L2R,136.160000,ep_competitor,1,同向 EP,136.160240,0.333920,136.494160,100.000000,ns3-simulated/trace-derived
238,40,1,5,2,4096,4174,L2R,136.828000,ep_competitor,1,同向 EP,136.828080,0.333920,137.162000,100.000000,ns3-simulated/trace-derived
241,41,1,5,2,4096,4174,L2R,137.495000,ep_competitor,1,同向 EP,137.495920,0.333920,137.829840,100.000000,ns3-simulated/trace-derived
243,42,1,5,2,4096,4174,L2R,138.163000,ep_competitor,1,同向 EP,138.163760,0.333920,138.497680,100.000000,ns3-simulated/trace-derived
245,43,1,5,2,4096,4174,L2R,138.831000,ep_competitor,1,同向 EP,138.831600,0.333920,139.165520,100.000000,ns3-simulated/trace-derived
247,44,1,5,2,4096,4174,L2R,139.499000,ep_competitor,1,同向 EP,139.499440,0.333920,139.833360,100.000000,ns3-simulated/trace-derived
250,45,1,5,2,4096,4174,L2R,140.167000,ep_competitor,1,同向 EP,140.167280,0.333920,140.501200,100.000000,ns3-simulated/trace-derived
252,46,1,5,2,4096,4174,L2R,140.835000,ep_competitor,1,同向 EP,140.835120,0.333920,141.169040,100.000000,ns3-simulated/trace-derived
254,47,1,5,2,4096,4174,L2R,141.502000,ep_competitor,1,同向 EP,141.502960,0.333920,141.836880,100.000000,ns3-simulated/trace-derived
256,48,1,5,2,4096,4174,L2R,142.170000,ep_competitor,1,同向 EP,142.170800,0.333920,142.504720,100.000000,ns3-simulated/trace-derived
259,49,1,5,2,4096,4174,L2R,142.838000,ep_competitor,1,同向 EP,142.838640,0.333920,143.172560,100.000000,ns3-simulated/trace-derived
261,50,1,5,2,4096,4174,L2R,143.506000,ep_competitor,1,同向 EP,143.506480,0.333920,143.840400,100.000000,ns3-simulated/trace-derived
263,51,1,5,2,4096,4174,L2R,144.174000,ep_competitor,1,同向 EP,144.174320,0.333920,144.508240,100.000000,ns3-simulated/trace-derived
265,52,1,5,2,4096,4174,L2R,144.842000,ep_competitor,1,同向 EP,144.842160,0.333920,145.176080,100.000000,ns3-simulated/trace-derived
268,53,1,5,2,4096,4174,L2R,145.510000,ep_competitor,1,同向 EP,145.510000,0.333920,145.843920,100.000000,ns3-simulated/trace-derived
270,54,1,5,2,4096,4174,L2R,146.177000,ep_competitor,1,同向 EP,146.177840,0.333920,146.511760,100.000000,ns3-simulated/trace-derived
272,55,1,5,2,4096,4174,L2R,146.845000,ep_competitor,1,同向 EP,146.845680,0.333920,147.179600,100.000000,ns3-simulated/trace-derived
274,56,1,5,2,4096,4174,L2R,147.513000,ep_competitor,1,同向 EP,147.513520,0.333920,147.847440,100.000000,ns3-simulated/trace-derived
277,57,1,5,2,4096,4174,L2R,148.181000,ep_competitor,1,同向 EP,148.181360,0.333920,148.515280,100.000000,ns3-simulated/trace-derived
279,58,1,5,2,4096,4174,L2R,148.849000,ep_competitor,1,同向 EP,148.849200,0.333920,149.183120,100.000000,ns3-simulated/trace-derived
281,59,1,5,2,4096,4174,L2R,149.517000,ep_competitor,1,同向 EP,149.517040,0.333920,149.850960,100.000000,ns3-simulated/trace-derived
283,60,1,5,2,4096,4174,L2R,150.184000,ep_competitor,1,同向 EP,150.184880,0.333920,150.518800,100.000000,ns3-simulated/trace-derived
286,61,1,5,2,4096,4174,L2R,150.852000,ep_competitor,1,同向 EP,150.852720,0.333920,151.186640,100.000000,ns3-simulated/trace-derived
288,62,1,5,2,4096,4174,L2R,151.520000,ep_competitor,1,同向 EP,151.520560,0.333920,151.854480,100.000000,ns3-simulated/trace-derived
290,63,1,5,2,4096,4174,L2R,152.188000,ep_competitor,1,同向 EP,152.188400,0.333920,152.522320,100.000000,ns3-simulated/trace-derived
292,64,1,5,2,4096,4174,L2R,152.856000,ep_competitor,1,同向 EP,152.856240,0.333920,153.190160,100.000000,ns3-simulated/trace-derived
295,65,1,5,2,4096,4174,L2R,153.524000,ep_competitor,1,同向 EP,153.524080,0.333920,153.858000,100.000000,ns3-simulated/trace-derived
297,66,1,5,2,4096,4174,L2R,154.191000,ep_competitor,1,同向 EP,154.191920,0.333920,154.525840,100.000000,ns3-simulated/trace-derived
299,67,1,5,2,4096,4174,L2R,154.859000,ep_competitor,1,同向 EP,154.859760,0.333920,155.193680,100.000000,ns3-simulated/trace-derived
749,73,1,5,6,4096,4174,L2R,330.114000,kv_competitor,3,同向 KV,330.114480,0.333920,330.448400,100.000000,ns3-simulated/trace-derived
751,74,1,5,6,4096,4174,L2R,330.782000,kv_competitor,3,同向 KV,330.782320,0.333920,331.116240,100.000000,ns3-simulated/trace-derived
753,75,1,5,6,4096,4174,L2R,331.450000,kv_competitor,3,同向 KV,331.450160,0.333920,331.784080,100.000000,ns3-simulated/trace-derived
755,76,1,5,6,4096,4174,L2R,332.118000,kv_competitor,3,同向 KV,332.118000,0.333920,332.451920,100.000000,ns3-simulated/trace-derived
757,77,1,5,6,4096,4174,L2R,332.785000,kv_competitor,3,同向 KV,332.785840,0.333920,333.119760,100.000000,ns3-simulated/trace-derived
759,78,1,5,6,4096,4174,L2R,333.453000,kv_competitor,3,同向 KV,333.453680,0.333920,333.787600,100.000000,ns3-simulated/trace-derived
761,79,1,5,6,4096,4174,L2R,334.121000,kv_competitor,3,同向 KV,334.121520,0.333920,334.455440,100.000000,ns3-simulated/trace-derived
763,80,1,5,6,4096,4174,L2R,334.789000,kv_competitor,3,同向 KV,334.789360,0.333920,335.123280,100.000000,ns3-simulated/trace-derived
765,81,1,5,6,4096,4174,L2R,335.457000,kv_competitor,3,同向 KV,335.457200,0.333920,335.791120,100.000000,ns3-simulated/trace-derived
768,82,1,5,6,4096,4174,L2R,336.125000,kv_competitor,3,同向 KV,336.125040,0.333920,336.458960,100.000000,ns3-simulated/trace-derived
770,83,1,5,6,4096,4174,L2R,336.792000,kv_competitor,3,同向 KV,336.792880,0.333920,337.126800,100.000000,ns3-simulated/trace-derived
772,84,1,5,6,4096,4174,L2R,337.460000,kv_competitor,3,同向 KV,337.460720,0.333920,337.794640,100.000000,ns3-simulated/trace-derived
774,85,1,5,6,4096,4174,L2R,338.128000,kv_competitor,3,同向 KV,338.128560,0.333920,338.462480,100.000000,ns3-simulated/trace-derived
777,86,1,5,6,4096,4174,L2R,338.796000,kv_competitor,3,同向 KV,338.796400,0.333920,339.130320,100.000000,ns3-simulated/trace-derived
779,87,1,5,6,4096,4174,L2R,339.464000,kv_competitor,3,同向 KV,339.464240,0.333920,339.798160,100.000000,ns3-simulated/trace-derived
781,88,1,5,6,4096,4174,L2R,340.132000,kv_competitor,3,同向 KV,340.132080,0.333920,340.466000,100.000000,ns3-simulated/trace-derived
783,89,1,5,6,4096,4174,L2R,340.799000,kv_competitor,3,同向 KV,340.799920,0.333920,341.133840,100.000000,ns3-simulated/trace-derived
786,90,1,5,6,4096,4174,L2R,341.467000,kv_competitor,3,同向 KV,341.467760,0.333920,341.801680,100.000000,ns3-simulated/trace-derived
788,91,1,5,6,4096,4174,L2R,342.135000,kv_competitor,3,同向 KV,342.135600,0.333920,342.469520,100.000000,ns3-simulated/trace-derived
790,92,1,5,6,4096,4174,L2R,342.803000,kv_competitor,3,同向 KV,342.803440,0.333920,343.137360,100.000000,ns3-simulated/trace-derived
792,93,1,5,6,4096,4174,L2R,343.471000,kv_competitor,3,同向 KV,343.471280,0.333920,343.805200,100.000000,ns3-simulated/trace-derived
795,94,1,5,6,4096,4174,L2R,344.139000,kv_competitor,3,同向 KV,344.139120,0.333920,344.473040,100.000000,ns3-simulated/trace-derived
797,95,1,5,6,4096,4174,L2R,344.806000,kv_competitor,3,同向 KV,344.806960,0.333920,345.140880,100.000000,ns3-simulated/trace-derived
799,96,1,5,6,4096,4174,L2R,345.474000,kv_competitor,3,同向 KV,345.474800,0.333920,345.808720,100.000000,ns3-simulated/trace-derived
801,97,1,5,6,4096,4174,L2R,346.142000,kv_competitor,3,同向 KV,346.142640,0.333920,346.476560,100.000000,ns3-simulated/trace-derived
804,98,1,5,6,4096,4174,L2R,346.810000,kv_competitor,3,同向 KV,346.810480,0.333920,347.144400,100.000000,ns3-simulated/trace-derived
806,99,1,5,6,4096,4174,L2R,347.478000,kv_competitor,3,同向 KV,347.478320,0.333920,347.812240,100.000000,ns3-simulated/trace-derived
808,100,1,5,6,4096,4174,L2R,348.146000,kv_competitor,3,同向 KV,348.146160,0.333920,348.480080,100.000000,ns3-simulated/trace-derived
810,101,1,5,6,4096,4174,L2R,348.814000,kv_competitor,3,同向 KV,348.814000,0.333920,349.147920,100.000000,ns3-simulated/trace-derived
813,102,1,5,6,4096,4174,L2R,349.481000,kv_competitor,3,同向 KV,349.481840,0.333920,349.815760,100.000000,ns3-simulated/trace-derived
815,103,1,5,6,4096,4174,L2R,350.149000,kv_competitor,3,同向 KV,350.149680,0.333920,350.483600,100.000000,ns3-simulated/trace-derived
817,104,1,5,6,4096,4174,L2R,350.817000,kv_competitor,3,同向 KV,350.817520,0.333920,351.151440,100.000000,ns3-simulated/trace-derived
820,105,1,5,6,4096,4174,L2R,351.485000,kv_competitor,3,同向 KV,351.485360,0.333920,351.819280,100.000000,ns3-simulated/trace-derived
823,106,1,5,6,4096,4174,L2R,352.153000,kv_competitor,3,同向 KV,352.153200,0.333920,352.487120,100.000000,ns3-simulated/trace-derived
825,107,1,5,6,4096,4174,L2R,352.821000,kv_competitor,3,同向 KV,352.821040,0.333920,353.154960,100.000000,ns3-simulated/trace-derived
827,108,1,5,6,4096,4174,L2R,353.488000,kv_competitor,3,同向 KV,353.488880,0.333920,353.822800,100.000000,ns3-simulated/trace-derived
829,109,1,5,6,4096,4174,L2R,354.156000,kv_competitor,3,同向 KV,354.156720,0.333920,354.490640,100.000000,ns3-simulated/trace-derived
832,110,1,5,6,4096,4174,L2R,354.824000,kv_competitor,3,同向 KV,354.824560,0.333920,355.158480,100.000000,ns3-simulated/trace-derived
834,111,1,5,6,4096,4174,L2R,355.492000,kv_competitor,3,同向 KV,355.492400,0.333920,355.826320,100.000000,ns3-simulated/trace-derived
836,112,1,5,6,4096,4174,L2R,356.160000,kv_competitor,3,同向 KV,356.160240,0.333920,356.494160,100.000000,ns3-simulated/trace-derived
838,113,1,5,6,4096,4174,L2R,356.828000,kv_competitor,3,同向 KV,356.828080,0.333920,357.162000,100.000000,ns3-simulated/trace-derived
841,114,1,5,6,4096,4174,L2R,357.495000,kv_competitor,3,同向 KV,357.495920,0.333920,357.829840,100.000000,ns3-simulated/trace-derived
843,115,1,5,6,4096,4174,L2R,358.163000,kv_competitor,3,同向 KV,358.163760,0.333920,358.497680,100.000000,ns3-simulated/trace-derived
845,116,1,5,6,4096,4174,L2R,358.831000,kv_competitor,3,同向 KV,358.831600,0.333920,359.165520,100.000000,ns3-simulated/trace-derived
847,117,1,5,6,4096,4174,L2R,359.499000,kv_competitor,3,同向 KV,359.499440,0.333920,359.833360,100.000000,ns3-simulated/trace-derived
850,118,1,5,6,4096,4174,L2R,360.167000,kv_competitor,3,同向 KV,360.167280,0.333920,360.501200,100.000000,ns3-simulated/trace-derived
852,119,1,5,6,4096,4174,L2R,360.835000,kv_competitor,3,同向 KV,360.835120,0.333920,361.169040,100.000000,ns3-simulated/trace-derived
854,120,1,5,6,4096,4174,L2R,361.502000,kv_competitor,3,同向 KV,361.502960,0.333920,361.836880,100.000000,ns3-simulated/trace-derived
856,121,1,5,6,4096,4174,L2R,362.170000,kv_competitor,3,同向 KV,362.170800,0.333920,362.504720,100.000000,ns3-simulated/trace-derived
859,122,1,5,6,4096,4174,L2R,362.838000,kv_competitor,3,同向 KV,362.838640,0.333920,363.172560,100.000000,ns3-simulated/trace-derived
861,123,1,5,6,4096,4174,L2R,363.506000,kv_competitor,3,同向 KV,363.506480,0.333920,363.840400,100.000000,ns3-simulated/trace-derived
863,124,1,5,6,4096,4174,L2R,364.174000,kv_competitor,3,同向 KV,364.174320,0.333920,364.508240,100.000000,ns3-simulated/trace-derived
865,125,1,5,6,4096,4174,L2R,364.842000,kv_competitor,3,同向 KV,364.842160,0.333920,365.176080,100.000000,ns3-simulated/trace-derived
868,126,1,5,6,4096,4174,L2R,365.510000,kv_competitor,3,同向 KV,365.510000,0.333920,365.843920,100.000000,ns3-simulated/trace-derived
870,127,1,5,6,4096,4174,L2R,366.177000,kv_competitor,3,同向 KV,366.177840,0.333920,366.511760,100.000000,ns3-simulated/trace-derived
872,128,1,5,6,4096,4174,L2R,366.845000,kv_competitor,3,同向 KV,366.845680,0.333920,367.179600,100.000000,ns3-simulated/trace-derived
874,129,1,5,6,4096,4174,L2R,367.513000,kv_competitor,3,同向 KV,367.513520,0.333920,367.847440,100.000000,ns3-simulated/trace-derived
877,130,1,5,6,4096,4174,L2R,368.181000,kv_competitor,3,同向 KV,368.181360,0.333920,368.515280,100.000000,ns3-simulated/trace-derived
879,131,1,5,6,4096,4174,L2R,368.849000,kv_competitor,3,同向 KV,368.849200,0.333920,369.183120,100.000000,ns3-simulated/trace-derived
881,132,1,5,6,4096,4174,L2R,369.517000,kv_competitor,3,同向 KV,369.517040,0.333920,369.850960,100.000000,ns3-simulated/trace-derived
883,133,1,5,6,4096,4174,L2R,370.184000,kv_competitor,3,同向 KV,370.184880,0.333920,370.518800,100.000000,ns3-simulated/trace-derived
886,134,1,5,6,4096,4174,L2R,370.852000,kv_competitor,3,同向 KV,370.852720,0.333920,371.186640,100.000000,ns3-simulated/trace-derived
888,135,1,5,6,4096,4174,L2R,371.520000,kv_competitor,3,同向 KV,371.520560,0.333920,371.854480,100.000000,ns3-simulated/trace-derived
890,136,1,5,6,4096,4174,L2R,372.188000,kv_competitor,3,同向 KV,372.188400,0.333920,372.522320,100.000000,ns3-simulated/trace-derived
892,137,1,5,6,4096,4174,L2R,372.856000,kv_competitor,3,同向 KV,372.856240,0.333920,373.190160,100.000000,ns3-simulated/trace-derived
895,138,1,5,6,4096,4174,L2R,373.524000,kv_competitor,3,同向 KV,373.524080,0.333920,373.858000,100.000000,ns3-simulated/trace-derived
897,139,1,5,6,4096,4174,L2R,374.191000,kv_competitor,3,同向 KV,374.191920,0.333920,374.525840,100.000000,ns3-simulated/trace-derived
899,140,1,5,6,4096,4174,L2R,374.859000,kv_competitor,3,同向 KV,374.859760,0.333920,375.193680,100.000000,ns3-simulated/trace-derived
900,141,1,5,6,4096,4174,L2R,375.527000,kv_competitor,3,同向 KV,375.527600,0.333920,375.861520,100.000000,ns3-simulated/trace-derived
902,142,1,5,6,4096,4174,L2R,375.871000,kv_competitor,3,同向 KV,375.871520,0.333920,376.205440,100.000000,ns3-simulated/trace-derived
903,143,1,5,6,4096,4174,L2R,376.210000,kv_competitor,3,同向 KV,376.210400,0.333920,376.544320,100.000000,ns3-simulated/trace-derived
904,144,1,5,6,4096,4174,L2R,376.554000,kv_competitor,3,同向 KV,376.554320,0.333920,376.888240,100.000000,ns3-simulated/trace-derived
905,145,1,5,6,4096,4174,L2R,376.893000,kv_competitor,3,同向 KV,376.893200,0.333920,377.227120,100.000000,ns3-simulated/trace-derived
907,146,1,5,6,4096,4174,L2R,377.237000,kv_competitor,3,同向 KV,377.237120,0.333920,377.571040,100.000000,ns3-simulated/trace-derived
908,147,1,5,6,4096,4174,L2R,377.571000,kv_competitor,3,同向 KV,377.571040,0.333920,377.904960,100.000000,ns3-simulated/trace-derived
909,148,1,5,6,4096,4174,L2R,377.904000,kv_competitor,3,同向 KV,377.904960,0.333920,378.238880,100.000000,ns3-simulated/trace-derived
910,149,1,5,6,4096,4174,L2R,378.238000,kv_competitor,3,同向 KV,378.238880,0.333920,378.572800,100.000000,ns3-simulated/trace-derived
912,150,1,5,6,4096,4174,L2R,378.572000,kv_competitor,3,同向 KV,378.572800,0.333920,378.906720,100.000000,ns3-simulated/trace-derived
913,151,1,5,6,4096,4174,L2R,378.906000,kv_competitor,3,同向 KV,378.906720,0.333920,379.240640,100.000000,ns3-simulated/trace-derived
914,152,1,5,6,4096,4174,L2R,379.240000,kv_competitor,3,同向 KV,379.240640,0.333920,379.574560,100.000000,ns3-simulated/trace-derived
915,153,1,5,6,4096,4174,L2R,379.574000,kv_competitor,3,同向 KV,379.574560,0.333920,379.908480,100.000000,ns3-simulated/trace-derived
917,154,1,5,6,4096,4174,L2R,379.908000,kv_competitor,3,同向 KV,379.908480,0.333920,380.242400,100.000000,ns3-simulated/trace-derived
918,155,1,5,6,4096,4174,L2R,380.242000,kv_competitor,3,同向 KV,380.242400,0.333920,380.576320,100.000000,ns3-simulated/trace-derived
919,156,1,5,6,4096,4174,L2R,380.576000,kv_competitor,3,同向 KV,380.576320,0.333920,380.910240,100.000000,ns3-simulated/trace-derived
920,157,1,5,6,4096,4174,L2R,380.910000,kv_competitor,3,同向 KV,380.910240,0.333920,381.244160,100.000000,ns3-simulated/trace-derived
922,158,1,5,6,4096,4174,L2R,381.244000,kv_competitor,3,同向 KV,381.244160,0.333920,381.578080,100.000000,ns3-simulated/trace-derived
923,159,1,5,6,4096,4174,L2R,381.578000,kv_competitor,3,同向 KV,381.578080,0.333920,381.912000,100.000000,ns3-simulated/trace-derived
924,160,1,5,6,4096,4174,L2R,381.912000,kv_competitor,3,同向 KV,381.912000,0.333920,382.245920,100.000000,ns3-simulated/trace-derived
925,161,1,5,6,4096,4174,L2R,382.245000,kv_competitor,3,同向 KV,382.245920,0.333920,382.579840,100.000000,ns3-simulated/trace-derived
927,162,1,5,6,4096,4174,L2R,382.579000,kv_competitor,3,同向 KV,382.579840,0.333920,382.913760,100.000000,ns3-simulated/trace-derived
928,163,1,5,6,4096,4174,L2R,382.913000,kv_competitor,3,同向 KV,382.913760,0.333920,383.247680,100.000000,ns3-simulated/trace-derived
929,164,1,5,6,4096,4174,L2R,383.247000,kv_competitor,3,同向 KV,383.247680,0.333920,383.581600,100.000000,ns3-simulated/trace-derived
930,165,1,5,6,4096,4174,L2R,383.581000,kv_competitor,3,同向 KV,383.581600,0.333920,383.915520,100.000000,ns3-simulated/trace-derived
932,166,1,5,6,4096,4174,L2R,383.915000,kv_competitor,3,同向 KV,383.915520,0.333920,384.249440,100.000000,ns3-simulated/trace-derived
933,167,1,5,6,4096,4174,L2R,384.249000,kv_competitor,3,同向 KV,384.249440,0.333920,384.583360,100.000000,ns3-simulated/trace-derived
934,168,1,5,6,4096,4174,L2R,384.583000,kv_competitor,3,同向 KV,384.583360,0.333920,384.917280,100.000000,ns3-simulated/trace-derived
935,169,1,5,6,4096,4174,L2R,384.917000,kv_competitor,3,同向 KV,384.917280,0.333920,385.251200,100.000000,ns3-simulated/trace-derived
937,170,1,5,6,4096,4174,L2R,385.251000,kv_competitor,3,同向 KV,385.251200,0.333920,385.585120,100.000000,ns3-simulated/trace-derived
938,171,1,5,6,4096,4174,L2R,385.585000,kv_competitor,3,同向 KV,385.585120,0.333920,385.919040,100.000000,ns3-simulated/trace-derived
939,172,1,5,6,4096,4174,L2R,385.919000,kv_competitor,3,同向 KV,385.919040,0.333920,386.252960,100.000000,ns3-simulated/trace-derived
940,173,1,5,6,4096,4174,L2R,386.252000,kv_competitor,3,同向 KV,386.252960,0.333920,386.586880,100.000000,ns3-simulated/trace-derived
942,174,1,5,6,4096,4174,L2R,386.586000,kv_competitor,3,同向 KV,386.586880,0.333920,386.920800,100.000000,ns3-simulated/trace-derived
943,175,1,5,6,4096,4174,L2R,386.920000,kv_competitor,3,同向 KV,386.920800,0.333920,387.254720,100.000000,ns3-simulated/trace-derived
944,176,1,5,6,4096,4174,L2R,387.254000,kv_competitor,3,同向 KV,387.254720,0.333920,387.588640,100.000000,ns3-simulated/trace-derived
945,177,1,5,6,4096,4174,L2R,387.588000,kv_competitor,3,同向 KV,387.588640,0.333920,387.922560,100.000000,ns3-simulated/trace-derived
947,178,1,5,6,4096,4174,L2R,387.922000,kv_competitor,3,同向 KV,387.922560,0.333920,388.256480,100.000000,ns3-simulated/trace-derived
948,179,1,5,6,4096,4174,L2R,388.256000,kv_competitor,3,同向 KV,388.256480,0.333920,388.590400,100.000000,ns3-simulated/trace-derived
949,180,1,5,6,4096,4174,L2R,388.590000,kv_competitor,3,同向 KV,388.590400,0.333920,388.924320,100.000000,ns3-simulated/trace-derived
950,181,1,5,6,4096,4174,L2R,388.924000,kv_competitor,3,同向 KV,388.924320,0.333920,389.258240,100.000000,ns3-simulated/trace-derived
952,182,1,5,6,4096,4174,L2R,389.258000,kv_competitor,3,同向 KV,389.258240,0.333920,389.592160,100.000000,ns3-simulated/trace-derived
953,183,1,5,6,4096,4174,L2R,389.592000,kv_competitor,3,同向 KV,389.592160,0.333920,389.926080,100.000000,ns3-simulated/trace-derived
954,184,1,5,6,4096,4174,L2R,389.926000,kv_competitor,3,同向 KV,389.926080,0.333920,390.260000,100.000000,ns3-simulated/trace-derived
955,185,1,5,6,4096,4174,L2R,390.260000,kv_competitor,3,同向 KV,390.260000,0.333920,390.593920,100.000000,ns3-simulated/trace-derived
957,186,1,5,6,4096,4174,L2R,390.593000,kv_competitor,3,同向 KV,390.593920,0.333920,390.927840,100.000000,ns3-simulated/trace-derived
958,187,1,5,6,4096,4174,L2R,390.927000,kv_competitor,3,同向 KV,390.927840,0.333920,391.261760,100.000000,ns3-simulated/trace-derived
959,188,1,5,6,4096,4174,L2R,391.261000,kv_competitor,3,同向 KV,391.261760,0.333920,391.595680,100.000000,ns3-simulated/trace-derived
960,189,1,5,6,4096,4174,L2R,391.595000,kv_competitor,3,同向 KV,391.595680,0.333920,391.929600,100.000000,ns3-simulated/trace-derived
962,190,1,5,6,4096,4174,L2R,391.929000,kv_competitor,3,同向 KV,391.929600,0.333920,392.263520,100.000000,ns3-simulated/trace-derived
963,191,1,5,6,4096,4174,L2R,392.263000,kv_competitor,3,同向 KV,392.263520,0.333920,392.597440,100.000000,ns3-simulated/trace-derived
964,192,1,5,6,4096,4174,L2R,392.597000,kv_competitor,3,同向 KV,392.597440,0.333920,392.931360,100.000000,ns3-simulated/trace-derived
965,193,1,5,6,4096,4174,L2R,392.931000,kv_competitor,3,同向 KV,392.931360,0.333920,393.265280,100.000000,ns3-simulated/trace-derived
967,194,1,5,6,4096,4174,L2R,393.265000,kv_competitor,3,同向 KV,393.265280,0.333920,393.599200,100.000000,ns3-simulated/trace-derived
968,195,1,5,6,4096,4174,L2R,393.599000,kv_competitor,3,同向 KV,393.599200,0.333920,393.933120,100.000000,ns3-simulated/trace-derived
969,196,1,5,6,4096,4174,L2R,393.933000,kv_competitor,3,同向 KV,393.933120,0.333920,394.267040,100.000000,ns3-simulated/trace-derived
970,197,1,5,6,4096,4174,L2R,394.267000,kv_competitor,3,同向 KV,394.267040,0.333920,394.600960,100.000000,ns3-simulated/trace-derived
972,198,1,5,6,4096,4174,L2R,394.600000,kv_competitor,3,同向 KV,394.600960,0.333920,394.934880,100.000000,ns3-simulated/trace-derived
973,199,1,5,6,4096,4174,L2R,394.934000,kv_competitor,3,同向 KV,394.934880,0.333920,395.268800,100.000000,ns3-simulated/trace-derived
974,200,1,5,6,4096,4174,L2R,395.268000,kv_competitor,3,同向 KV,395.268800,0.333920,395.602720,100.000000,ns3-simulated/trace-derived
1182,201,1,5,8,4096,4174,L2R,471.116000,balanced_dispatch,4,四 peer dispatch,471.116240,0.333920,471.450160,100.000000,ns3-simulated/trace-derived
1186,202,1,5,8,4096,4174,L2R,472.451000,balanced_dispatch,4,四 peer dispatch,472.451920,0.333920,472.785840,100.000000,ns3-simulated/trace-derived
1190,203,1,5,8,4096,4174,L2R,473.787000,balanced_dispatch,4,四 peer dispatch,473.787600,0.333920,474.121520,100.000000,ns3-simulated/trace-derived
1194,204,1,5,8,4096,4174,L2R,475.123000,balanced_dispatch,4,四 peer dispatch,475.123280,0.333920,475.457200,100.000000,ns3-simulated/trace-derived
1198,205,1,5,8,4096,4174,L2R,476.458000,balanced_dispatch,4,四 peer dispatch,476.458960,0.333920,476.792880,100.000000,ns3-simulated/trace-derived
1202,206,1,5,8,4096,4174,L2R,477.794000,balanced_dispatch,4,四 peer dispatch,477.794640,0.333920,478.128560,100.000000,ns3-simulated/trace-derived
1206,207,1,5,8,4096,4174,L2R,479.130000,balanced_dispatch,4,四 peer dispatch,479.130320,0.333920,479.464240,100.000000,ns3-simulated/trace-derived
1210,208,1,5,8,4096,4174,L2R,480.466000,balanced_dispatch,4,四 peer dispatch,480.466000,0.333920,480.799920,100.000000,ns3-simulated/trace-derived
1214,209,1,5,8,4096,4174,L2R,481.801000,balanced_dispatch,4,四 peer dispatch,481.801680,0.333920,482.135600,100.000000,ns3-simulated/trace-derived
1219,210,1,5,8,4096,4174,L2R,483.137000,balanced_dispatch,4,四 peer dispatch,483.137360,0.333920,483.471280,100.000000,ns3-simulated/trace-derived
1223,211,1,5,8,4096,4174,L2R,484.473000,balanced_dispatch,4,四 peer dispatch,484.473040,0.333920,484.806960,100.000000,ns3-simulated/trace-derived
1227,212,1,5,8,4096,4174,L2R,485.808000,balanced_dispatch,4,四 peer dispatch,485.808720,0.333920,486.142640,100.000000,ns3-simulated/trace-derived
1231,213,1,5,8,4096,4174,L2R,487.144000,balanced_dispatch,4,四 peer dispatch,487.144400,0.333920,487.478320,100.000000,ns3-simulated/trace-derived
1236,214,1,5,8,4096,4174,L2R,488.480000,balanced_dispatch,4,四 peer dispatch,488.480080,0.333920,488.814000,100.000000,ns3-simulated/trace-derived
1240,215,1,5,8,4096,4174,L2R,489.815000,balanced_dispatch,4,四 peer dispatch,489.815760,0.333920,490.149680,100.000000,ns3-simulated/trace-derived
1244,216,1,5,8,4096,4174,L2R,491.151000,balanced_dispatch,4,四 peer dispatch,491.151440,0.333920,491.485360,100.000000,ns3-simulated/trace-derived
1248,217,1,5,8,4096,4174,L2R,492.487000,balanced_dispatch,4,四 peer dispatch,492.487120,0.333920,492.821040,100.000000,ns3-simulated/trace-derived
1335,218,1,5,12,4096,4174,L2R,560.448000,ep_competitor,5,50% EP,560.448400,0.333920,560.782320,100.000000,ns3-simulated/trace-derived
1337,219,1,5,12,4096,4174,L2R,561.116000,ep_competitor,5,50% EP,561.116240,0.333920,561.450160,100.000000,ns3-simulated/trace-derived
1339,220,1,5,12,4096,4174,L2R,561.784000,ep_competitor,5,50% EP,561.784080,0.333920,562.118000,100.000000,ns3-simulated/trace-derived
1341,221,1,5,12,4096,4174,L2R,562.451000,ep_competitor,5,50% EP,562.451920,0.333920,562.785840,100.000000,ns3-simulated/trace-derived
1343,222,1,5,12,4096,4174,L2R,563.119000,ep_competitor,5,50% EP,563.119760,0.333920,563.453680,100.000000,ns3-simulated/trace-derived
1345,223,1,5,12,4096,4174,L2R,563.787000,ep_competitor,5,50% EP,563.787600,0.333920,564.121520,100.000000,ns3-simulated/trace-derived
1347,224,1,5,12,4096,4174,L2R,564.455000,ep_competitor,5,50% EP,564.455440,0.333920,564.789360,100.000000,ns3-simulated/trace-derived
1349,225,1,5,12,4096,4174,L2R,565.123000,ep_competitor,5,50% EP,565.123280,0.333920,565.457200,100.000000,ns3-simulated/trace-derived
1351,226,1,5,12,4096,4174,L2R,565.791000,ep_competitor,5,50% EP,565.791120,0.333920,566.125040,100.000000,ns3-simulated/trace-derived
1354,227,1,5,12,4096,4174,L2R,566.458000,ep_competitor,5,50% EP,566.458960,0.333920,566.792880,100.000000,ns3-simulated/trace-derived
1356,228,1,5,12,4096,4174,L2R,567.126000,ep_competitor,5,50% EP,567.126800,0.333920,567.460720,100.000000,ns3-simulated/trace-derived
1358,229,1,5,12,4096,4174,L2R,567.794000,ep_competitor,5,50% EP,567.794640,0.333920,568.128560,100.000000,ns3-simulated/trace-derived
1360,230,1,5,12,4096,4174,L2R,568.462000,ep_competitor,5,50% EP,568.462480,0.333920,568.796400,100.000000,ns3-simulated/trace-derived
1363,231,1,5,12,4096,4174,L2R,569.130000,ep_competitor,5,50% EP,569.130320,0.333920,569.464240,100.000000,ns3-simulated/trace-derived
1365,232,1,5,12,4096,4174,L2R,569.798000,ep_competitor,5,50% EP,569.798160,0.333920,570.132080,100.000000,ns3-simulated/trace-derived
1367,233,1,5,12,4096,4174,L2R,570.466000,ep_competitor,5,50% EP,570.466000,0.333920,570.799920,100.000000,ns3-simulated/trace-derived
1369,234,1,5,12,4096,4174,L2R,571.133000,ep_competitor,5,50% EP,571.133840,0.333920,571.467760,100.000000,ns3-simulated/trace-derived
1372,235,1,5,12,4096,4174,L2R,571.801000,ep_competitor,5,50% EP,571.801680,0.333920,572.135600,100.000000,ns3-simulated/trace-derived
1374,236,1,5,12,4096,4174,L2R,572.469000,ep_competitor,5,50% EP,572.469520,0.333920,572.803440,100.000000,ns3-simulated/trace-derived
1376,237,1,5,12,4096,4174,L2R,573.137000,ep_competitor,5,50% EP,573.137360,0.333920,573.471280,100.000000,ns3-simulated/trace-derived
1378,238,1,5,12,4096,4174,L2R,573.805000,ep_competitor,5,50% EP,573.805200,0.333920,574.139120,100.000000,ns3-simulated/trace-derived
1381,239,1,5,12,4096,4174,L2R,574.473000,ep_competitor,5,50% EP,574.473040,0.333920,574.806960,100.000000,ns3-simulated/trace-derived
1383,240,1,5,12,4096,4174,L2R,575.140000,ep_competitor,5,50% EP,575.140880,0.333920,575.474800,100.000000,ns3-simulated/trace-derived
1385,241,1,5,12,4096,4174,L2R,575.808000,ep_competitor,5,50% EP,575.808720,0.333920,576.142640,100.000000,ns3-simulated/trace-derived
1387,242,1,5,12,4096,4174,L2R,576.476000,ep_competitor,5,50% EP,576.476560,0.333920,576.810480,100.000000,ns3-simulated/trace-derived
1390,243,1,5,12,4096,4174,L2R,577.144000,ep_competitor,5,50% EP,577.144400,0.333920,577.478320,100.000000,ns3-simulated/trace-derived
1392,244,1,5,12,4096,4174,L2R,577.812000,ep_competitor,5,50% EP,577.812240,0.333920,578.146160,100.000000,ns3-simulated/trace-derived
1394,245,1,5,12,4096,4174,L2R,578.480000,ep_competitor,5,50% EP,578.480080,0.333920,578.814000,100.000000,ns3-simulated/trace-derived
1396,246,1,5,12,4096,4174,L2R,579.147000,ep_competitor,5,50% EP,579.147920,0.333920,579.481840,100.000000,ns3-simulated/trace-derived
1399,247,1,5,12,4096,4174,L2R,579.815000,ep_competitor,5,50% EP,579.815760,0.333920,580.149680,100.000000,ns3-simulated/trace-derived
1401,248,1,5,12,4096,4174,L2R,580.483000,ep_competitor,5,50% EP,580.483600,0.333920,580.817520,100.000000,ns3-simulated/trace-derived
1403,249,1,5,12,4096,4174,L2R,581.151000,ep_competitor,5,50% EP,581.151440,0.333920,581.485360,100.000000,ns3-simulated/trace-derived
1405,250,1,5,12,4096,4174,L2R,581.819000,ep_competitor,5,50% EP,581.819280,0.333920,582.153200,100.000000,ns3-simulated/trace-derived
1408,251,1,5,12,4096,4174,L2R,582.487000,ep_competitor,5,50% EP,582.487120,0.333920,582.821040,100.000000,ns3-simulated/trace-derived
1561,252,1,5,14,4096,4174,L2R,670.114000,kv_competitor,6,KV + 反向 EP,670.114480,0.333920,670.448400,100.000000,ns3-simulated/trace-derived
1564,253,1,5,14,4096,4174,L2R,670.782000,kv_competitor,6,KV + 反向 EP,670.782320,0.333920,671.116240,100.000000,ns3-simulated/trace-derived
1567,254,1,5,14,4096,4174,L2R,671.450000,kv_competitor,6,KV + 反向 EP,671.450160,0.333920,671.784080,100.000000,ns3-simulated/trace-derived
1570,255,1,5,14,4096,4174,L2R,672.118000,kv_competitor,6,KV + 反向 EP,672.118000,0.333920,672.451920,100.000000,ns3-simulated/trace-derived
1573,256,1,5,14,4096,4174,L2R,672.785000,kv_competitor,6,KV + 反向 EP,672.785840,0.333920,673.119760,100.000000,ns3-simulated/trace-derived
1576,257,1,5,14,4096,4174,L2R,673.453000,kv_competitor,6,KV + 反向 EP,673.453680,0.333920,673.787600,100.000000,ns3-simulated/trace-derived
1579,258,1,5,14,4096,4174,L2R,674.121000,kv_competitor,6,KV + 反向 EP,674.121520,0.333920,674.455440,100.000000,ns3-simulated/trace-derived
1582,259,1,5,14,4096,4174,L2R,674.789000,kv_competitor,6,KV + 反向 EP,674.789360,0.333920,675.123280,100.000000,ns3-simulated/trace-derived
1585,260,1,5,14,4096,4174,L2R,675.457000,kv_competitor,6,KV + 反向 EP,675.457200,0.333920,675.791120,100.000000,ns3-simulated/trace-derived
1591,261,1,5,14,4096,4174,L2R,676.468000,kv_competitor,6,KV + 反向 EP,676.468960,0.333920,676.802880,100.000000,ns3-simulated/trace-derived
1593,262,1,5,14,4096,4174,L2R,677.136000,kv_competitor,6,KV + 反向 EP,677.136800,0.333920,677.470720,100.000000,ns3-simulated/trace-derived
1596,263,1,5,14,4096,4174,L2R,677.804000,kv_competitor,6,KV + 反向 EP,677.804640,0.333920,678.138560,100.000000,ns3-simulated/trace-derived
1600,264,1,5,14,4096,4174,L2R,678.472000,kv_competitor,6,KV + 反向 EP,678.472480,0.333920,678.806400,100.000000,ns3-simulated/trace-derived
1607,265,1,5,14,4096,4174,L2R,679.479000,kv_competitor,6,KV + 反向 EP,679.479200,0.333920,679.813120,100.000000,ns3-simulated/trace-derived
1609,266,1,5,14,4096,4174,L2R,680.147000,kv_competitor,6,KV + 反向 EP,680.147040,0.333920,680.480960,100.000000,ns3-simulated/trace-derived
1612,267,1,5,14,4096,4174,L2R,680.814000,kv_competitor,6,KV + 反向 EP,680.814880,0.333920,681.148800,100.000000,ns3-simulated/trace-derived
1615,268,1,5,14,4096,4174,L2R,681.482000,kv_competitor,6,KV + 反向 EP,681.482720,0.333920,681.816640,100.000000,ns3-simulated/trace-derived
1621,269,1,5,14,4096,4174,L2R,682.494000,kv_competitor,6,KV + 反向 EP,682.494480,0.333920,682.828400,100.000000,ns3-simulated/trace-derived
1623,270,1,5,14,4096,4174,L2R,683.162000,kv_competitor,6,KV + 反向 EP,683.162320,0.333920,683.496240,100.000000,ns3-simulated/trace-derived
1627,271,1,5,14,4096,4174,L2R,683.830000,kv_competitor,6,KV + 反向 EP,683.830160,0.333920,684.164080,100.000000,ns3-simulated/trace-derived
1630,272,1,5,14,4096,4174,L2R,684.498000,kv_competitor,6,KV + 反向 EP,684.498000,0.333920,684.831920,100.000000,ns3-simulated/trace-derived
1637,273,1,5,14,4096,4174,L2R,685.519000,kv_competitor,6,KV + 反向 EP,685.519760,0.333920,685.853680,100.000000,ns3-simulated/trace-derived
1638,274,1,5,14,4096,4174,L2R,686.187000,kv_competitor,6,KV + 反向 EP,686.187600,0.333920,686.521520,100.000000,ns3-simulated/trace-derived
1641,275,1,5,14,4096,4174,L2R,686.855000,kv_competitor,6,KV + 反向 EP,686.855440,0.333920,687.189360,100.000000,ns3-simulated/trace-derived
1644,276,1,5,14,4096,4174,L2R,687.523000,kv_competitor,6,KV + 反向 EP,687.523280,0.333920,687.857200,100.000000,ns3-simulated/trace-derived
1651,277,1,5,14,4096,4174,L2R,688.535000,kv_competitor,6,KV + 反向 EP,688.535040,0.333920,688.868960,100.000000,ns3-simulated/trace-derived
1652,278,1,5,14,4096,4174,L2R,689.202000,kv_competitor,6,KV + 反向 EP,689.202880,0.333920,689.536800,100.000000,ns3-simulated/trace-derived
1655,279,1,5,14,4096,4174,L2R,689.870000,kv_competitor,6,KV + 反向 EP,689.870720,0.333920,690.204640,100.000000,ns3-simulated/trace-derived
1658,280,1,5,14,4096,4174,L2R,690.538000,kv_competitor,6,KV + 反向 EP,690.538560,0.333920,690.872480,100.000000,ns3-simulated/trace-derived
1666,281,1,5,14,4096,4174,L2R,691.550000,kv_competitor,6,KV + 反向 EP,691.550320,0.333920,691.884240,100.000000,ns3-simulated/trace-derived
1667,282,1,5,14,4096,4174,L2R,692.218000,kv_competitor,6,KV + 反向 EP,692.218160,0.333920,692.552080,100.000000,ns3-simulated/trace-derived
1670,283,1,5,14,4096,4174,L2R,692.886000,kv_competitor,6,KV + 反向 EP,692.886000,0.333920,693.219920,100.000000,ns3-simulated/trace-derived
1673,284,1,5,14,4096,4174,L2R,693.553000,kv_competitor,6,KV + 反向 EP,693.553840,0.333920,693.887760,100.000000,ns3-simulated/trace-derived
1680,285,1,5,14,4096,4174,L2R,694.565000,kv_competitor,6,KV + 反向 EP,694.565600,0.333920,694.899520,100.000000,ns3-simulated/trace-derived
1681,286,1,5,14,4096,4174,L2R,695.233000,kv_competitor,6,KV + 反向 EP,695.233440,0.333920,695.567360,100.000000,ns3-simulated/trace-derived
1684,287,1,5,14,4096,4174,L2R,695.901000,kv_competitor,6,KV + 反向 EP,695.901280,0.333920,696.235200,100.000000,ns3-simulated/trace-derived
1687,288,1,5,14,4096,4174,L2R,696.569000,kv_competitor,6,KV + 反向 EP,696.569120,0.333920,696.903040,100.000000,ns3-simulated/trace-derived
1694,289,1,5,14,4096,4174,L2R,697.580000,kv_competitor,6,KV + 反向 EP,697.580880,0.333920,697.914800,100.000000,ns3-simulated/trace-derived
1695,290,1,5,14,4096,4174,L2R,698.248000,kv_competitor,6,KV + 反向 EP,698.248720,0.333920,698.582640,100.000000,ns3-simulated/trace-derived
1698,291,1,5,14,4096,4174,L2R,698.916000,kv_competitor,6,KV + 反向 EP,698.916560,0.333920,699.250480,100.000000,ns3-simulated/trace-derived
1701,292,1,5,14,4096,4174,L2R,699.584000,kv_competitor,6,KV + 反向 EP,699.584400,0.333920,699.918320,100.000000,ns3-simulated/trace-derived
1708,293,1,5,14,4096,4174,L2R,700.596000,kv_competitor,6,KV + 反向 EP,700.596160,0.333920,700.930080,100.000000,ns3-simulated/trace-derived
1709,294,1,5,14,4096,4174,L2R,701.264000,kv_competitor,6,KV + 反向 EP,701.264000,0.333920,701.597920,100.000000,ns3-simulated/trace-derived
1712,295,1,5,14,4096,4174,L2R,701.931000,kv_competitor,6,KV + 反向 EP,701.931840,0.333920,702.265760,100.000000,ns3-simulated/trace-derived
1715,296,1,5,14,4096,4174,L2R,702.599000,kv_competitor,6,KV + 反向 EP,702.599680,0.333920,702.933600,100.000000,ns3-simulated/trace-derived
1722,297,1,5,14,4096,4174,L2R,703.611000,kv_competitor,6,KV + 反向 EP,703.611440,0.333920,703.945360,100.000000,ns3-simulated/trace-derived
1723,298,1,5,14,4096,4174,L2R,704.279000,kv_competitor,6,KV + 反向 EP,704.279280,0.333920,704.613200,100.000000,ns3-simulated/trace-derived
1726,299,1,5,14,4096,4174,L2R,704.947000,kv_competitor,6,KV + 反向 EP,704.947120,0.333920,705.281040,100.000000,ns3-simulated/trace-derived
1729,300,1,5,14,4096,4174,L2R,705.614000,kv_competitor,6,KV + 反向 EP,705.614960,0.333920,705.948880,100.000000,ns3-simulated/trace-derived
1736,301,1,5,14,4096,4174,L2R,706.626000,kv_competitor,6,KV + 反向 EP,706.626720,0.333920,706.960640,100.000000,ns3-simulated/trace-derived
1737,302,1,5,14,4096,4174,L2R,707.294000,kv_competitor,6,KV + 反向 EP,707.294560,0.333920,707.628480,100.000000,ns3-simulated/trace-derived
1740,303,1,5,14,4096,4174,L2R,707.962000,kv_competitor,6,KV + 反向 EP,707.962400,0.333920,708.296320,100.000000,ns3-simulated/trace-derived
1743,304,1,5,14,4096,4174,L2R,708.630000,kv_competitor,6,KV + 反向 EP,708.630240,0.333920,708.964160,100.000000,ns3-simulated/trace-derived
1750,305,1,5,14,4096,4174,L2R,709.642000,kv_competitor,6,KV + 反向 EP,709.642000,0.333920,709.975920,100.000000,ns3-simulated/trace-derived
1751,306,1,5,14,4096,4174,L2R,710.309000,kv_competitor,6,KV + 反向 EP,710.309840,0.333920,710.643760,100.000000,ns3-simulated/trace-derived
1754,307,1,5,14,4096,4174,L2R,710.977000,kv_competitor,6,KV + 反向 EP,710.977680,0.333920,711.311600,100.000000,ns3-simulated/trace-derived
1757,308,1,5,14,4096,4174,L2R,711.645000,kv_competitor,6,KV + 反向 EP,711.645520,0.333920,711.979440,100.000000,ns3-simulated/trace-derived
1764,309,1,5,14,4096,4174,L2R,712.009000,kv_competitor,6,KV + 反向 EP,712.009440,0.333920,712.343360,100.000000,ns3-simulated/trace-derived
1765,310,1,5,14,4096,4174,L2R,712.348000,kv_competitor,6,KV + 反向 EP,712.348320,0.333920,712.682240,100.000000,ns3-simulated/trace-derived
1768,311,1,5,14,4096,4174,L2R,712.692000,kv_competitor,6,KV + 反向 EP,712.692240,0.333920,713.026160,100.000000,ns3-simulated/trace-derived
1771,312,1,5,14,4096,4174,L2R,713.031000,kv_competitor,6,KV + 反向 EP,713.031120,0.333920,713.365040,100.000000,ns3-simulated/trace-derived
1778,313,1,5,14,4096,4174,L2R,713.375000,kv_competitor,6,KV + 反向 EP,713.375040,0.333920,713.708960,100.000000,ns3-simulated/trace-derived
1779,314,1,5,14,4096,4174,L2R,713.708000,kv_competitor,6,KV + 反向 EP,713.708960,0.333920,714.042880,100.000000,ns3-simulated/trace-derived
1782,315,1,5,14,4096,4174,L2R,714.042000,kv_competitor,6,KV + 反向 EP,714.042880,0.333920,714.376800,100.000000,ns3-simulated/trace-derived
1785,316,1,5,14,4096,4174,L2R,714.376000,kv_competitor,6,KV + 反向 EP,714.376800,0.333920,714.710720,100.000000,ns3-simulated/trace-derived
1792,317,1,5,14,4096,4174,L2R,714.720000,kv_competitor,6,KV + 反向 EP,714.720720,0.333920,715.054640,100.000000,ns3-simulated/trace-derived
1793,318,1,5,14,4096,4174,L2R,715.054000,kv_competitor,6,KV + 反向 EP,715.054640,0.333920,715.388560,100.000000,ns3-simulated/trace-derived
1796,319,1,5,14,4096,4174,L2R,715.388000,kv_competitor,6,KV + 反向 EP,715.388560,0.333920,715.722480,100.000000,ns3-simulated/trace-derived
1797,320,1,5,14,4096,4174,L2R,715.722000,kv_competitor,6,KV + 反向 EP,715.722480,0.333920,716.056400,100.000000,ns3-simulated/trace-derived
1800,321,1,5,14,4096,4174,L2R,716.066000,kv_competitor,6,KV + 反向 EP,716.066400,0.333920,716.400320,100.000000,ns3-simulated/trace-derived
1801,322,1,5,14,4096,4174,L2R,716.400000,kv_competitor,6,KV + 反向 EP,716.400320,0.333920,716.734240,100.000000,ns3-simulated/trace-derived
1802,323,1,5,14,4096,4174,L2R,716.734000,kv_competitor,6,KV + 反向 EP,716.734240,0.333920,717.068160,100.000000,ns3-simulated/trace-derived
1803,324,1,5,14,4096,4174,L2R,717.068000,kv_competitor,6,KV + 反向 EP,717.068160,0.333920,717.402080,100.000000,ns3-simulated/trace-derived
1805,325,1,5,14,4096,4174,L2R,717.402000,kv_competitor,6,KV + 反向 EP,717.402080,0.333920,717.736000,100.000000,ns3-simulated/trace-derived
1807,326,1,5,14,4096,4174,L2R,717.746000,kv_competitor,6,KV + 反向 EP,717.746000,0.333920,718.079920,100.000000,ns3-simulated/trace-derived
1808,327,1,5,14,4096,4174,L2R,718.079000,kv_competitor,6,KV + 反向 EP,718.079920,0.333920,718.413840,100.000000,ns3-simulated/trace-derived
1809,328,1,5,14,4096,4174,L2R,718.413000,kv_competitor,6,KV + 反向 EP,718.413840,0.333920,718.747760,100.000000,ns3-simulated/trace-derived
1811,329,1,5,14,4096,4174,L2R,718.747000,kv_competitor,6,KV + 反向 EP,718.747760,0.333920,719.081680,100.000000,ns3-simulated/trace-derived
1813,330,1,5,14,4096,4174,L2R,719.091000,kv_competitor,6,KV + 反向 EP,719.091680,0.333920,719.425600,100.000000,ns3-simulated/trace-derived
1814,331,1,5,14,4096,4174,L2R,719.425000,kv_competitor,6,KV + 反向 EP,719.425600,0.333920,719.759520,100.000000,ns3-simulated/trace-derived
1815,332,1,5,14,4096,4174,L2R,719.759000,kv_competitor,6,KV + 反向 EP,719.759520,0.333920,720.093440,100.000000,ns3-simulated/trace-derived
1817,333,1,5,14,4096,4174,L2R,720.093000,kv_competitor,6,KV + 反向 EP,720.093440,0.333920,720.427360,100.000000,ns3-simulated/trace-derived
1819,334,1,5,14,4096,4174,L2R,720.437000,kv_competitor,6,KV + 反向 EP,720.437360,0.333920,720.771280,100.000000,ns3-simulated/trace-derived
1820,335,1,5,14,4096,4174,L2R,720.771000,kv_competitor,6,KV + 反向 EP,720.771280,0.333920,721.105200,100.000000,ns3-simulated/trace-derived
1821,336,1,5,14,4096,4174,L2R,721.105000,kv_competitor,6,KV + 反向 EP,721.105200,0.333920,721.439120,100.000000,ns3-simulated/trace-derived
1823,337,1,5,14,4096,4174,L2R,721.439000,kv_competitor,6,KV + 反向 EP,721.439120,0.333920,721.773040,100.000000,ns3-simulated/trace-derived
1825,338,1,5,14,4096,4174,L2R,721.783000,kv_competitor,6,KV + 反向 EP,721.783040,0.333920,722.116960,100.000000,ns3-simulated/trace-derived
1826,339,1,5,14,4096,4174,L2R,722.116000,kv_competitor,6,KV + 反向 EP,722.116960,0.333920,722.450880,100.000000,ns3-simulated/trace-derived
1827,340,1,5,14,4096,4174,L2R,722.450000,kv_competitor,6,KV + 反向 EP,722.450880,0.333920,722.784800,100.000000,ns3-simulated/trace-derived
1829,341,1,5,14,4096,4174,L2R,722.784000,kv_competitor,6,KV + 反向 EP,722.784800,0.333920,723.118720,100.000000,ns3-simulated/trace-derived
1831,342,1,5,14,4096,4174,L2R,723.128000,kv_competitor,6,KV + 反向 EP,723.128720,0.333920,723.462640,100.000000,ns3-simulated/trace-derived
1832,343,1,5,14,4096,4174,L2R,723.462000,kv_competitor,6,KV + 反向 EP,723.462640,0.333920,723.796560,100.000000,ns3-simulated/trace-derived
1833,344,1,5,14,4096,4174,L2R,723.796000,kv_competitor,6,KV + 反向 EP,723.796560,0.333920,724.130480,100.000000,ns3-simulated/trace-derived
1835,345,1,5,14,4096,4174,L2R,724.130000,kv_competitor,6,KV + 反向 EP,724.130480,0.333920,724.464400,100.000000,ns3-simulated/trace-derived
1837,346,1,5,14,4096,4174,L2R,724.474000,kv_competitor,6,KV + 反向 EP,724.474400,0.333920,724.808320,100.000000,ns3-simulated/trace-derived
1838,347,1,5,14,4096,4174,L2R,724.808000,kv_competitor,6,KV + 反向 EP,724.808320,0.333920,725.142240,100.000000,ns3-simulated/trace-derived
1839,348,1,5,14,4096,4174,L2R,725.142000,kv_competitor,6,KV + 反向 EP,725.142240,0.333920,725.476160,100.000000,ns3-simulated/trace-derived
1841,349,1,5,14,4096,4174,L2R,725.476000,kv_competitor,6,KV + 反向 EP,725.476160,0.333920,725.810080,100.000000,ns3-simulated/trace-derived
1843,350,1,5,14,4096,4174,L2R,725.820000,kv_competitor,6,KV + 反向 EP,725.820080,0.333920,726.154000,100.000000,ns3-simulated/trace-derived
1844,351,1,5,14,4096,4174,L2R,726.154000,kv_competitor,6,KV + 反向 EP,726.154000,0.333920,726.487920,100.000000,ns3-simulated/trace-derived
1845,352,1,5,14,4096,4174,L2R,726.487000,kv_competitor,6,KV + 反向 EP,726.487920,0.333920,726.821840,100.000000,ns3-simulated/trace-derived
1847,353,1,5,14,4096,4174,L2R,726.821000,kv_competitor,6,KV + 反向 EP,726.821840,0.333920,727.155760,100.000000,ns3-simulated/trace-derived
1849,354,1,5,14,4096,4174,L2R,727.165000,kv_competitor,6,KV + 反向 EP,727.165760,0.333920,727.499680,100.000000,ns3-simulated/trace-derived
1850,355,1,5,14,4096,4174,L2R,727.499000,kv_competitor,6,KV + 反向 EP,727.499680,0.333920,727.833600,100.000000,ns3-simulated/trace-derived
1851,356,1,5,14,4096,4174,L2R,727.833000,kv_competitor,6,KV + 反向 EP,727.833600,0.333920,728.167520,100.000000,ns3-simulated/trace-derived
1853,357,1,5,14,4096,4174,L2R,728.167000,kv_competitor,6,KV + 反向 EP,728.167520,0.333920,728.501440,100.000000,ns3-simulated/trace-derived
1855,358,1,5,14,4096,4174,L2R,728.511000,kv_competitor,6,KV + 反向 EP,728.511440,0.333920,728.845360,100.000000,ns3-simulated/trace-derived
1856,359,1,5,14,4096,4174,L2R,728.845000,kv_competitor,6,KV + 反向 EP,728.845360,0.333920,729.179280,100.000000,ns3-simulated/trace-derived
1857,360,1,5,14,4096,4174,L2R,729.179000,kv_competitor,6,KV + 反向 EP,729.179280,0.333920,729.513200,100.000000,ns3-simulated/trace-derived
1859,361,1,5,14,4096,4174,L2R,729.513000,kv_competitor,6,KV + 反向 EP,729.513200,0.333920,729.847120,100.000000,ns3-simulated/trace-derived
1861,362,1,5,14,4096,4174,L2R,729.857000,kv_competitor,6,KV + 反向 EP,729.857120,0.333920,730.191040,100.000000,ns3-simulated/trace-derived
1862,363,1,5,14,4096,4174,L2R,730.191000,kv_competitor,6,KV + 反向 EP,730.191040,0.333920,730.524960,100.000000,ns3-simulated/trace-derived
1865,365,1,5,14,4096,4174,L2R,730.534000,kv_competitor,6,KV + 反向 EP,730.534960,0.333920,730.868880,100.000000,ns3-simulated/trace-derived
1866,366,1,5,14,4096,4174,L2R,730.868000,kv_competitor,6,KV + 反向 EP,730.868880,0.333920,731.202800,100.000000,ns3-simulated/trace-derived
1868,367,1,5,14,4096,4174,L2R,731.212000,kv_competitor,6,KV + 反向 EP,731.212800,0.333920,731.546720,100.000000,ns3-simulated/trace-derived
1869,368,1,5,14,4096,4174,L2R,731.546000,kv_competitor,6,KV + 反向 EP,731.546720,0.333920,731.880640,100.000000,ns3-simulated/trace-derived
1870,369,1,5,14,4096,4174,L2R,731.880000,kv_competitor,6,KV + 反向 EP,731.880640,0.333920,732.214560,100.000000,ns3-simulated/trace-derived
1872,370,1,5,14,4096,4174,L2R,732.214000,kv_competitor,6,KV + 反向 EP,732.214560,0.333920,732.548480,100.000000,ns3-simulated/trace-derived
1874,371,1,5,14,4096,4174,L2R,732.558000,kv_competitor,6,KV + 反向 EP,732.558480,0.333920,732.892400,100.000000,ns3-simulated/trace-derived
1875,372,1,5,14,4096,4174,L2R,732.892000,kv_competitor,6,KV + 反向 EP,732.892400,0.333920,733.226320,100.000000,ns3-simulated/trace-derived
1876,373,1,5,14,4096,4174,L2R,733.226000,kv_competitor,6,KV + 反向 EP,733.226320,0.333920,733.560240,100.000000,ns3-simulated/trace-derived
1878,374,1,5,14,4096,4174,L2R,733.560000,kv_competitor,6,KV + 反向 EP,733.560240,0.333920,733.894160,100.000000,ns3-simulated/trace-derived
1880,375,1,5,14,4096,4174,L2R,733.904000,kv_competitor,6,KV + 反向 EP,733.904160,0.333920,734.238080,100.000000,ns3-simulated/trace-derived
1881,376,1,5,14,4096,4174,L2R,734.238000,kv_competitor,6,KV + 反向 EP,734.238080,0.333920,734.572000,100.000000,ns3-simulated/trace-derived
1882,377,1,5,14,4096,4174,L2R,734.572000,kv_competitor,6,KV + 反向 EP,734.572000,0.333920,734.905920,100.000000,ns3-simulated/trace-derived
1885,378,1,5,14,4096,4174,L2R,734.905000,kv_competitor,6,KV + 反向 EP,734.905920,0.333920,735.239840,100.000000,ns3-simulated/trace-derived
1887,379,1,5,14,4096,4174,L2R,735.249000,kv_competitor,6,KV + 反向 EP,735.249840,0.333920,735.583760,100.000000,ns3-simulated/trace-derived
1888,380,1,5,14,4096,4174,L2R,735.583000,kv_competitor,6,KV + 反向 EP,735.583760,0.333920,735.917680,100.000000,ns3-simulated/trace-derived
2290,385,1,5,18,4096,4174,L2R,900.114000,ep_competitor,8,同向 EP,900.114480,0.333920,900.448400,100.000000,ns3-simulated/trace-derived
2292,386,1,5,18,4096,4174,L2R,900.782000,ep_competitor,8,同向 EP,900.782320,0.333920,901.116240,100.000000,ns3-simulated/trace-derived
2294,387,1,5,18,4096,4174,L2R,901.450000,ep_competitor,8,同向 EP,901.450160,0.333920,901.784080,100.000000,ns3-simulated/trace-derived
2296,388,1,5,18,4096,4174,L2R,902.118000,ep_competitor,8,同向 EP,902.118000,0.333920,902.451920,100.000000,ns3-simulated/trace-derived
2298,389,1,5,18,4096,4174,L2R,902.785000,ep_competitor,8,同向 EP,902.785840,0.333920,903.119760,100.000000,ns3-simulated/trace-derived
2300,390,1,5,18,4096,4174,L2R,903.453000,ep_competitor,8,同向 EP,903.453680,0.333920,903.787600,100.000000,ns3-simulated/trace-derived
2302,391,1,5,18,4096,4174,L2R,904.121000,ep_competitor,8,同向 EP,904.121520,0.333920,904.455440,100.000000,ns3-simulated/trace-derived
2304,392,1,5,18,4096,4174,L2R,904.789000,ep_competitor,8,同向 EP,904.789360,0.333920,905.123280,100.000000,ns3-simulated/trace-derived
2306,393,1,5,18,4096,4174,L2R,905.457000,ep_competitor,8,同向 EP,905.457200,0.333920,905.791120,100.000000,ns3-simulated/trace-derived
2309,394,1,5,18,4096,4174,L2R,906.125000,ep_competitor,8,同向 EP,906.125040,0.333920,906.458960,100.000000,ns3-simulated/trace-derived
2311,395,1,5,18,4096,4174,L2R,906.792000,ep_competitor,8,同向 EP,906.792880,0.333920,907.126800,100.000000,ns3-simulated/trace-derived
2314,396,1,5,18,4096,4174,L2R,907.460000,ep_competitor,8,同向 EP,907.460720,0.333920,907.794640,100.000000,ns3-simulated/trace-derived
2316,397,1,5,18,4096,4174,L2R,908.128000,ep_competitor,8,同向 EP,908.128560,0.333920,908.462480,100.000000,ns3-simulated/trace-derived
2319,398,1,5,18,4096,4174,L2R,908.796000,ep_competitor,8,同向 EP,908.796400,0.333920,909.130320,100.000000,ns3-simulated/trace-derived
2321,399,1,5,18,4096,4174,L2R,909.464000,ep_competitor,8,同向 EP,909.464240,0.333920,909.798160,100.000000,ns3-simulated/trace-derived
2323,400,1,5,18,4096,4174,L2R,910.132000,ep_competitor,8,同向 EP,910.132080,0.333920,910.466000,100.000000,ns3-simulated/trace-derived
2325,401,1,5,18,4096,4174,L2R,910.799000,ep_competitor,8,同向 EP,910.799920,0.333920,911.133840,100.000000,ns3-simulated/trace-derived
2328,402,1,5,18,4096,4174,L2R,911.467000,ep_competitor,8,同向 EP,911.467760,0.333920,911.801680,100.000000,ns3-simulated/trace-derived
2330,403,1,5,18,4096,4174,L2R,912.135000,ep_competitor,8,同向 EP,912.135600,0.333920,912.469520,100.000000,ns3-simulated/trace-derived
2332,404,1,5,18,4096,4174,L2R,912.803000,ep_competitor,8,同向 EP,912.803440,0.333920,913.137360,100.000000,ns3-simulated/trace-derived
2334,405,1,5,18,4096,4174,L2R,913.471000,ep_competitor,8,同向 EP,913.471280,0.333920,913.805200,100.000000,ns3-simulated/trace-derived
2338,406,1,5,18,4096,4174,L2R,914.139000,ep_competitor,8,同向 EP,914.139120,0.333920,914.473040,100.000000,ns3-simulated/trace-derived
2340,407,1,5,18,4096,4174,L2R,914.806000,ep_competitor,8,同向 EP,914.806960,0.333920,915.140880,100.000000,ns3-simulated/trace-derived
2343,408,1,5,18,4096,4174,L2R,915.474000,ep_competitor,8,同向 EP,915.474800,0.333920,915.808720,100.000000,ns3-simulated/trace-derived
2345,409,1,5,18,4096,4174,L2R,916.142000,ep_competitor,8,同向 EP,916.142640,0.333920,916.476560,100.000000,ns3-simulated/trace-derived
2348,410,1,5,18,4096,4174,L2R,916.810000,ep_competitor,8,同向 EP,916.810480,0.333920,917.144400,100.000000,ns3-simulated/trace-derived
2350,411,1,5,18,4096,4174,L2R,917.478000,ep_competitor,8,同向 EP,917.478320,0.333920,917.812240,100.000000,ns3-simulated/trace-derived
2352,412,1,5,18,4096,4174,L2R,918.146000,ep_competitor,8,同向 EP,918.146160,0.333920,918.480080,100.000000,ns3-simulated/trace-derived
2354,413,1,5,18,4096,4174,L2R,918.814000,ep_competitor,8,同向 EP,918.814000,0.333920,919.147920,100.000000,ns3-simulated/trace-derived
2357,414,1,5,18,4096,4174,L2R,919.481000,ep_competitor,8,同向 EP,919.481840,0.333920,919.815760,100.000000,ns3-simulated/trace-derived
2359,415,1,5,18,4096,4174,L2R,920.149000,ep_competitor,8,同向 EP,920.149680,0.333920,920.483600,100.000000,ns3-simulated/trace-derived
2361,416,1,5,18,4096,4174,L2R,920.817000,ep_competitor,8,同向 EP,920.817520,0.333920,921.151440,100.000000,ns3-simulated/trace-derived
2363,417,1,5,18,4096,4174,L2R,921.485000,ep_competitor,8,同向 EP,921.485360,0.333920,921.819280,100.000000,ns3-simulated/trace-derived
2367,418,1,5,18,4096,4174,L2R,922.153000,ep_competitor,8,同向 EP,922.153200,0.333920,922.487120,100.000000,ns3-simulated/trace-derived
2369,419,1,5,18,4096,4174,L2R,922.821000,ep_competitor,8,同向 EP,922.821040,0.333920,923.154960,100.000000,ns3-simulated/trace-derived
2371,420,1,5,18,4096,4174,L2R,923.488000,ep_competitor,8,同向 EP,923.488880,0.333920,923.822800,100.000000,ns3-simulated/trace-derived
2373,421,1,5,18,4096,4174,L2R,924.156000,ep_competitor,8,同向 EP,924.156720,0.333920,924.490640,100.000000,ns3-simulated/trace-derived
2376,422,1,5,18,4096,4174,L2R,924.824000,ep_competitor,8,同向 EP,924.824560,0.333920,925.158480,100.000000,ns3-simulated/trace-derived
2378,423,1,5,18,4096,4174,L2R,925.492000,ep_competitor,8,同向 EP,925.492400,0.333920,925.826320,100.000000,ns3-simulated/trace-derived
2380,424,1,5,18,4096,4174,L2R,926.160000,ep_competitor,8,同向 EP,926.160240,0.333920,926.494160,100.000000,ns3-simulated/trace-derived
2382,425,1,5,18,4096,4174,L2R,926.828000,ep_competitor,8,同向 EP,926.828080,0.333920,927.162000,100.000000,ns3-simulated/trace-derived
2385,426,1,5,18,4096,4174,L2R,927.495000,ep_competitor,8,同向 EP,927.495920,0.333920,927.829840,100.000000,ns3-simulated/trace-derived
2387,427,1,5,18,4096,4174,L2R,928.163000,ep_competitor,8,同向 EP,928.163760,0.333920,928.497680,100.000000,ns3-simulated/trace-derived
2389,428,1,5,18,4096,4174,L2R,928.831000,ep_competitor,8,同向 EP,928.831600,0.333920,929.165520,100.000000,ns3-simulated/trace-derived
2391,429,1,5,18,4096,4174,L2R,929.499000,ep_competitor,8,同向 EP,929.499440,0.333920,929.833360,100.000000,ns3-simulated/trace-derived
2394,430,1,5,18,4096,4174,L2R,930.167000,ep_competitor,8,同向 EP,930.167280,0.333920,930.501200,100.000000,ns3-simulated/trace-derived
2396,431,1,5,18,4096,4174,L2R,930.835000,ep_competitor,8,同向 EP,930.835120,0.333920,931.169040,100.000000,ns3-simulated/trace-derived
2398,432,1,5,18,4096,4174,L2R,931.502000,ep_competitor,8,同向 EP,931.502960,0.333920,931.836880,100.000000,ns3-simulated/trace-derived
2400,433,1,5,18,4096,4174,L2R,932.170000,ep_competitor,8,同向 EP,932.170800,0.333920,932.504720,100.000000,ns3-simulated/trace-derived
2403,434,1,5,18,4096,4174,L2R,932.838000,ep_competitor,8,同向 EP,932.838640,0.333920,933.172560,100.000000,ns3-simulated/trace-derived
2405,435,1,5,18,4096,4174,L2R,933.506000,ep_competitor,8,同向 EP,933.506480,0.333920,933.840400,100.000000,ns3-simulated/trace-derived
2407,436,1,5,18,4096,4174,L2R,934.174000,ep_competitor,8,同向 EP,934.174320,0.333920,934.508240,100.000000,ns3-simulated/trace-derived
2409,437,1,5,18,4096,4174,L2R,934.842000,ep_competitor,8,同向 EP,934.842160,0.333920,935.176080,100.000000,ns3-simulated/trace-derived
2412,438,1,5,18,4096,4174,L2R,935.510000,ep_competitor,8,同向 EP,935.510000,0.333920,935.843920,100.000000,ns3-simulated/trace-derived
2414,439,1,5,18,4096,4174,L2R,936.177000,ep_competitor,8,同向 EP,936.177840,0.333920,936.511760,100.000000,ns3-simulated/trace-derived
2416,440,1,5,18,4096,4174,L2R,936.845000,ep_competitor,8,同向 EP,936.845680,0.333920,937.179600,100.000000,ns3-simulated/trace-derived
2418,441,1,5,18,4096,4174,L2R,937.513000,ep_competitor,8,同向 EP,937.513520,0.333920,937.847440,100.000000,ns3-simulated/trace-derived
2421,442,1,5,18,4096,4174,L2R,938.181000,ep_competitor,8,同向 EP,938.181360,0.333920,938.515280,100.000000,ns3-simulated/trace-derived
2423,443,1,5,18,4096,4174,L2R,938.849000,ep_competitor,8,同向 EP,938.849200,0.333920,939.183120,100.000000,ns3-simulated/trace-derived
2425,444,1,5,18,4096,4174,L2R,939.517000,ep_competitor,8,同向 EP,939.517040,0.333920,939.850960,100.000000,ns3-simulated/trace-derived
2427,445,1,5,18,4096,4174,L2R,940.184000,ep_competitor,8,同向 EP,940.184880,0.333920,940.518800,100.000000,ns3-simulated/trace-derived
2430,446,1,5,18,4096,4174,L2R,940.852000,ep_competitor,8,同向 EP,940.852720,0.333920,941.186640,100.000000,ns3-simulated/trace-derived
2432,447,1,5,18,4096,4174,L2R,941.520000,ep_competitor,8,同向 EP,941.520560,0.333920,941.854480,100.000000,ns3-simulated/trace-derived
2434,448,1,5,18,4096,4174,L2R,942.188000,ep_competitor,8,同向 EP,942.188400,0.333920,942.522320,100.000000,ns3-simulated/trace-derived
2436,449,1,5,18,4096,4174,L2R,942.856000,ep_competitor,8,同向 EP,942.856240,0.333920,943.190160,100.000000,ns3-simulated/trace-derived
2439,450,1,5,18,4096,4174,L2R,943.524000,ep_competitor,8,同向 EP,943.524080,0.333920,943.858000,100.000000,ns3-simulated/trace-derived
2441,451,1,5,18,4096,4174,L2R,944.191000,ep_competitor,8,同向 EP,944.191920,0.333920,944.525840,100.000000,ns3-simulated/trace-derived
2443,452,1,5,18,4096,4174,L2R,944.859000,ep_competitor,8,同向 EP,944.859760,0.333920,945.193680,100.000000,ns3-simulated/trace-derived
2592,453,1,5,19,4096,4174,L2R,1020.114000,kv_competitor,9,KV drain,1020.114480,0.333920,1020.448400,100.000000,ns3-simulated/trace-derived
2593,454,1,5,19,4096,4174,L2R,1020.448000,kv_competitor,9,KV drain,1020.448400,0.333920,1020.782320,100.000000,ns3-simulated/trace-derived
2594,455,1,5,19,4096,4174,L2R,1020.782000,kv_competitor,9,KV drain,1020.782320,0.333920,1021.116240,100.000000,ns3-simulated/trace-derived
2595,456,1,5,19,4096,4174,L2R,1021.116000,kv_competitor,9,KV drain,1021.116240,0.333920,1021.450160,100.000000,ns3-simulated/trace-derived
2596,457,1,5,19,4096,4174,L2R,1021.450000,kv_competitor,9,KV drain,1021.450160,0.333920,1021.784080,100.000000,ns3-simulated/trace-derived
2597,458,1,5,19,4096,4174,L2R,1021.784000,kv_competitor,9,KV drain,1021.784080,0.333920,1022.118000,100.000000,ns3-simulated/trace-derived
2598,459,1,5,19,4096,4174,L2R,1022.118000,kv_competitor,9,KV drain,1022.118000,0.333920,1022.451920,100.000000,ns3-simulated/trace-derived
2599,460,1,5,19,4096,4174,L2R,1022.451000,kv_competitor,9,KV drain,1022.451920,0.333920,1022.785840,100.000000,ns3-simulated/trace-derived
2600,461,1,5,19,4096,4174,L2R,1022.785000,kv_competitor,9,KV drain,1022.785840,0.333920,1023.119760,100.000000,ns3-simulated/trace-derived
2602,462,1,5,19,4096,4174,L2R,1023.119000,kv_competitor,9,KV drain,1023.119760,0.333920,1023.453680,100.000000,ns3-simulated/trace-derived
2603,463,1,5,19,4096,4174,L2R,1023.453000,kv_competitor,9,KV drain,1023.453680,0.333920,1023.787600,100.000000,ns3-simulated/trace-derived
2604,464,1,5,19,4096,4174,L2R,1023.787000,kv_competitor,9,KV drain,1023.787600,0.333920,1024.121520,100.000000,ns3-simulated/trace-derived
2605,465,1,5,19,4096,4174,L2R,1024.121000,kv_competitor,9,KV drain,1024.121520,0.333920,1024.455440,100.000000,ns3-simulated/trace-derived
2607,466,1,5,19,4096,4174,L2R,1024.455000,kv_competitor,9,KV drain,1024.455440,0.333920,1024.789360,100.000000,ns3-simulated/trace-derived
2608,467,1,5,19,4096,4174,L2R,1024.789000,kv_competitor,9,KV drain,1024.789360,0.333920,1025.123280,100.000000,ns3-simulated/trace-derived
2609,468,1,5,19,4096,4174,L2R,1025.123000,kv_competitor,9,KV drain,1025.123280,0.333920,1025.457200,100.000000,ns3-simulated/trace-derived
2610,469,1,5,19,4096,4174,L2R,1025.457000,kv_competitor,9,KV drain,1025.457200,0.333920,1025.791120,100.000000,ns3-simulated/trace-derived
2612,470,1,5,19,4096,4174,L2R,1025.791000,kv_competitor,9,KV drain,1025.791120,0.333920,1026.125040,100.000000,ns3-simulated/trace-derived
2613,471,1,5,19,4096,4174,L2R,1026.125000,kv_competitor,9,KV drain,1026.125040,0.333920,1026.458960,100.000000,ns3-simulated/trace-derived
2614,472,1,5,19,4096,4174,L2R,1026.458000,kv_competitor,9,KV drain,1026.458960,0.333920,1026.792880,100.000000,ns3-simulated/trace-derived
2615,473,1,5,19,4096,4174,L2R,1026.792000,kv_competitor,9,KV drain,1026.792880,0.333920,1027.126800,100.000000,ns3-simulated/trace-derived
2617,474,1,5,19,4096,4174,L2R,1027.126000,kv_competitor,9,KV drain,1027.126800,0.333920,1027.460720,100.000000,ns3-simulated/trace-derived
2618,475,1,5,19,4096,4174,L2R,1027.460000,kv_competitor,9,KV drain,1027.460720,0.333920,1027.794640,100.000000,ns3-simulated/trace-derived
2619,476,1,5,19,4096,4174,L2R,1027.794000,kv_competitor,9,KV drain,1027.794640,0.333920,1028.128560,100.000000,ns3-simulated/trace-derived
2620,477,1,5,19,4096,4174,L2R,1028.128000,kv_competitor,9,KV drain,1028.128560,0.333920,1028.462480,100.000000,ns3-simulated/trace-derived
2622,478,1,5,19,4096,4174,L2R,1028.462000,kv_competitor,9,KV drain,1028.462480,0.333920,1028.796400,100.000000,ns3-simulated/trace-derived
2623,479,1,5,19,4096,4174,L2R,1028.796000,kv_competitor,9,KV drain,1028.796400,0.333920,1029.130320,100.000000,ns3-simulated/trace-derived
2624,480,1,5,19,4096,4174,L2R,1029.130000,kv_competitor,9,KV drain,1029.130320,0.333920,1029.464240,100.000000,ns3-simulated/trace-derived
2625,481,1,5,19,4096,4174,L2R,1029.464000,kv_competitor,9,KV drain,1029.464240,0.333920,1029.798160,100.000000,ns3-simulated/trace-derived
2627,482,1,5,19,4096,4174,L2R,1029.798000,kv_competitor,9,KV drain,1029.798160,0.333920,1030.132080,100.000000,ns3-simulated/trace-derived
2628,483,1,5,19,4096,4174,L2R,1030.132000,kv_competitor,9,KV drain,1030.132080,0.333920,1030.466000,100.000000,ns3-simulated/trace-derived
2629,484,1,5,19,4096,4174,L2R,1030.466000,kv_competitor,9,KV drain,1030.466000,0.333920,1030.799920,100.000000,ns3-simulated/trace-derived
2630,485,1,5,19,4096,4174,L2R,1030.799000,kv_competitor,9,KV drain,1030.799920,0.333920,1031.133840,100.000000,ns3-simulated/trace-derived
2632,486,1,5,19,4096,4174,L2R,1031.133000,kv_competitor,9,KV drain,1031.133840,0.333920,1031.467760,100.000000,ns3-simulated/trace-derived
2633,487,1,5,19,4096,4174,L2R,1031.467000,kv_competitor,9,KV drain,1031.467760,0.333920,1031.801680,100.000000,ns3-simulated/trace-derived
2634,488,1,5,19,4096,4174,L2R,1031.801000,kv_competitor,9,KV drain,1031.801680,0.333920,1032.135600,100.000000,ns3-simulated/trace-derived
2635,489,1,5,19,4096,4174,L2R,1032.135000,kv_competitor,9,KV drain,1032.135600,0.333920,1032.469520,100.000000,ns3-simulated/trace-derived
2637,490,1,5,19,4096,4174,L2R,1032.469000,kv_competitor,9,KV drain,1032.469520,0.333920,1032.803440,100.000000,ns3-simulated/trace-derived
2638,491,1,5,19,4096,4174,L2R,1032.803000,kv_competitor,9,KV drain,1032.803440,0.333920,1033.137360,100.000000,ns3-simulated/trace-derived
2639,492,1,5,19,4096,4174,L2R,1033.137000,kv_competitor,9,KV drain,1033.137360,0.333920,1033.471280,100.000000,ns3-simulated/trace-derived
2640,493,1,5,19,4096,4174,L2R,1033.471000,kv_competitor,9,KV drain,1033.471280,0.333920,1033.805200,100.000000,ns3-simulated/trace-derived
2642,494,1,5,19,4096,4174,L2R,1033.805000,kv_competitor,9,KV drain,1033.805200,0.333920,1034.139120,100.000000,ns3-simulated/trace-derived
2643,495,1,5,19,4096,4174,L2R,1034.139000,kv_competitor,9,KV drain,1034.139120,0.333920,1034.473040,100.000000,ns3-simulated/trace-derived
2644,496,1,5,19,4096,4174,L2R,1034.473000,kv_competitor,9,KV drain,1034.473040,0.333920,1034.806960,100.000000,ns3-simulated/trace-derived
2645,497,1,5,19,4096,4174,L2R,1034.806000,kv_competitor,9,KV drain,1034.806960,0.333920,1035.140880,100.000000,ns3-simulated/trace-derived
2647,498,1,5,19,4096,4174,L2R,1035.140000,kv_competitor,9,KV drain,1035.140880,0.333920,1035.474800,100.000000,ns3-simulated/trace-derived
2648,499,1,5,19,4096,4174,L2R,1035.474000,kv_competitor,9,KV drain,1035.474800,0.333920,1035.808720,100.000000,ns3-simulated/trace-derived
2649,500,1,5,19,4096,4174,L2R,1035.808000,kv_competitor,9,KV drain,1035.808720,0.333920,1036.142640,100.000000,ns3-simulated/trace-derived
2650,501,1,5,19,4096,4174,L2R,1036.142000,kv_competitor,9,KV drain,1036.142640,0.333920,1036.476560,100.000000,ns3-simulated/trace-derived
2652,502,1,5,19,4096,4174,L2R,1036.476000,kv_competitor,9,KV drain,1036.476560,0.333920,1036.810480,100.000000,ns3-simulated/trace-derived
2653,503,1,5,19,4096,4174,L2R,1036.810000,kv_competitor,9,KV drain,1036.810480,0.333920,1037.144400,100.000000,ns3-simulated/trace-derived
2654,504,1,5,19,4096,4174,L2R,1037.144000,kv_competitor,9,KV drain,1037.144400,0.333920,1037.478320,100.000000,ns3-simulated/trace-derived
2655,505,1,5,19,4096,4174,L2R,1037.478000,kv_competitor,9,KV drain,1037.478320,0.333920,1037.812240,100.000000,ns3-simulated/trace-derived
2657,506,1,5,19,4096,4174,L2R,1037.812000,kv_competitor,9,KV drain,1037.812240,0.333920,1038.146160,100.000000,ns3-simulated/trace-derived
2658,507,1,5,19,4096,4174,L2R,1038.146000,kv_competitor,9,KV drain,1038.146160,0.333920,1038.480080,100.000000,ns3-simulated/trace-derived
2659,508,1,5,19,4096,4174,L2R,1038.480000,kv_competitor,9,KV drain,1038.480080,0.333920,1038.814000,100.000000,ns3-simulated/trace-derived
2660,509,1,5,19,4096,4174,L2R,1038.814000,kv_competitor,9,KV drain,1038.814000,0.333920,1039.147920,100.000000,ns3-simulated/trace-derived
2662,510,1,5,19,4096,4174,L2R,1039.147000,kv_competitor,9,KV drain,1039.147920,0.333920,1039.481840,100.000000,ns3-simulated/trace-derived
2663,511,1,5,19,4096,4174,L2R,1039.481000,kv_competitor,9,KV drain,1039.481840,0.333920,1039.815760,100.000000,ns3-simulated/trace-derived
2664,512,1,5,19,4096,4174,L2R,1039.815000,kv_competitor,9,KV drain,1039.815760,0.333920,1040.149680,100.000000,ns3-simulated/trace-derived
2665,513,1,5,19,4096,4174,L2R,1040.149000,kv_competitor,9,KV drain,1040.149680,0.333920,1040.483600,100.000000,ns3-simulated/trace-derived
2667,514,1,5,19,4096,4174,L2R,1040.483000,kv_competitor,9,KV drain,1040.483600,0.333920,1040.817520,100.000000,ns3-simulated/trace-derived
2668,515,1,5,19,4096,4174,L2R,1040.817000,kv_competitor,9,KV drain,1040.817520,0.333920,1041.151440,100.000000,ns3-simulated/trace-derived
2669,516,1,5,19,4096,4174,L2R,1041.151000,kv_competitor,9,KV drain,1041.151440,0.333920,1041.485360,100.000000,ns3-simulated/trace-derived
2671,517,1,5,19,4096,4174,L2R,1041.485000,kv_competitor,9,KV drain,1041.485360,0.333920,1041.819280,100.000000,ns3-simulated/trace-derived
2673,518,1,5,19,4096,4174,L2R,1041.819000,kv_competitor,9,KV drain,1041.819280,0.333920,1042.153200,100.000000,ns3-simulated/trace-derived
2674,519,1,5,19,4096,4174,L2R,1042.153000,kv_competitor,9,KV drain,1042.153200,0.333920,1042.487120,100.000000,ns3-simulated/trace-derived
2675,520,1,5,19,4096,4174,L2R,1042.487000,kv_competitor,9,KV drain,1042.487120,0.333920,1042.821040,100.000000,ns3-simulated/trace-derived
2676,521,1,5,19,4096,4174,L2R,1042.821000,kv_competitor,9,KV drain,1042.821040,0.333920,1043.154960,100.000000,ns3-simulated/trace-derived
2679,522,1,5,19,4096,4174,L2R,1043.154000,kv_competitor,9,KV drain,1043.154960,0.333920,1043.488880,100.000000,ns3-simulated/trace-derived
2681,523,1,5,19,4096,4174,L2R,1043.498000,kv_competitor,9,KV drain,1043.498880,0.333920,1043.832800,100.000000,ns3-simulated/trace-derived
2682,524,1,5,19,4096,4174,L2R,1043.832000,kv_competitor,9,KV drain,1043.832800,0.333920,1044.166720,100.000000,ns3-simulated/trace-derived
2683,525,1,5,19,4096,4174,L2R,1044.166000,kv_competitor,9,KV drain,1044.166720,0.333920,1044.500640,100.000000,ns3-simulated/trace-derived
2685,526,1,5,19,4096,4174,L2R,1044.500000,kv_competitor,9,KV drain,1044.500640,0.333920,1044.834560,100.000000,ns3-simulated/trace-derived
2686,527,1,5,19,4096,4174,L2R,1044.834000,kv_competitor,9,KV drain,1044.834560,0.333920,1045.168480,100.000000,ns3-simulated/trace-derived
2687,528,1,5,19,4096,4174,L2R,1045.168000,kv_competitor,9,KV drain,1045.168480,0.333920,1045.502400,100.000000,ns3-simulated/trace-derived
2688,529,1,5,19,4096,4174,L2R,1045.502000,kv_competitor,9,KV drain,1045.502400,0.333920,1045.836320,100.000000,ns3-simulated/trace-derived
2690,530,1,5,19,4096,4174,L2R,1045.836000,kv_competitor,9,KV drain,1045.836320,0.333920,1046.170240,100.000000,ns3-simulated/trace-derived
2691,531,1,5,19,4096,4174,L2R,1046.170000,kv_competitor,9,KV drain,1046.170240,0.333920,1046.504160,100.000000,ns3-simulated/trace-derived
2692,532,1,5,19,4096,4174,L2R,1046.504000,kv_competitor,9,KV drain,1046.504160,0.333920,1046.838080,100.000000,ns3-simulated/trace-derived
2693,533,1,5,19,4096,4174,L2R,1046.838000,kv_competitor,9,KV drain,1046.838080,0.333920,1047.172000,100.000000,ns3-simulated/trace-derived
2695,534,1,5,19,4096,4174,L2R,1047.172000,kv_competitor,9,KV drain,1047.172000,0.333920,1047.505920,100.000000,ns3-simulated/trace-derived
2696,535,1,5,19,4096,4174,L2R,1047.505000,kv_competitor,9,KV drain,1047.505920,0.333920,1047.839840,100.000000,ns3-simulated/trace-derived
2697,536,1,5,19,4096,4174,L2R,1047.839000,kv_competitor,9,KV drain,1047.839840,0.333920,1048.173760,100.000000,ns3-simulated/trace-derived
2698,537,1,5,19,4096,4174,L2R,1048.173000,kv_competitor,9,KV drain,1048.173760,0.333920,1048.507680,100.000000,ns3-simulated/trace-derived
2700,538,1,5,19,4096,4174,L2R,1048.507000,kv_competitor,9,KV drain,1048.507680,0.333920,1048.841600,100.000000,ns3-simulated/trace-derived
2701,539,1,5,19,4096,4174,L2R,1048.841000,kv_competitor,9,KV drain,1048.841600,0.333920,1049.175520,100.000000,ns3-simulated/trace-derived
2702,540,1,5,19,4096,4174,L2R,1049.175000,kv_competitor,9,KV drain,1049.175520,0.333920,1049.509440,100.000000,ns3-simulated/trace-derived
2703,541,1,5,19,4096,4174,L2R,1049.509000,kv_competitor,9,KV drain,1049.509440,0.333920,1049.843360,100.000000,ns3-simulated/trace-derived
2705,542,1,5,19,4096,4174,L2R,1049.843000,kv_competitor,9,KV drain,1049.843360,0.333920,1050.177280,100.000000,ns3-simulated/trace-derived
2706,543,1,5,19,4096,4174,L2R,1050.177000,kv_competitor,9,KV drain,1050.177280,0.333920,1050.511200,100.000000,ns3-simulated/trace-derived
2707,544,1,5,19,4096,4174,L2R,1050.511000,kv_competitor,9,KV drain,1050.511200,0.333920,1050.845120,100.000000,ns3-simulated/trace-derived
2708,545,1,5,19,4096,4174,L2R,1050.845000,kv_competitor,9,KV drain,1050.845120,0.333920,1051.179040,100.000000,ns3-simulated/trace-derived
2710,546,1,5,19,4096,4174,L2R,1051.179000,kv_competitor,9,KV drain,1051.179040,0.333920,1051.512960,100.000000,ns3-simulated/trace-derived
2711,547,1,5,19,4096,4174,L2R,1051.512000,kv_competitor,9,KV drain,1051.512960,0.333920,1051.846880,100.000000,ns3-simulated/trace-derived
2713,548,1,5,19,4096,4174,L2R,1051.846000,kv_competitor,9,KV drain,1051.846880,0.333920,1052.180800,100.000000,ns3-simulated/trace-derived
2714,549,1,5,19,4096,4174,L2R,1052.180000,kv_competitor,9,KV drain,1052.180800,0.333920,1052.514720,100.000000,ns3-simulated/trace-derived
2716,550,1,5,19,4096,4174,L2R,1052.514000,kv_competitor,9,KV drain,1052.514720,0.333920,1052.848640,100.000000,ns3-simulated/trace-derived
2717,551,1,5,19,4096,4174,L2R,1052.848000,kv_competitor,9,KV drain,1052.848640,0.333920,1053.182560,100.000000,ns3-simulated/trace-derived
2718,552,1,5,19,4096,4174,L2R,1053.182000,kv_competitor,9,KV drain,1053.182560,0.333920,1053.516480,100.000000,ns3-simulated/trace-derived
2719,553,1,5,19,4096,4174,L2R,1053.516000,kv_competitor,9,KV drain,1053.516480,0.333920,1053.850400,100.000000,ns3-simulated/trace-derived
2721,554,1,5,19,4096,4174,L2R,1053.850000,kv_competitor,9,KV drain,1053.850400,0.333920,1054.184320,100.000000,ns3-simulated/trace-derived
2722,555,1,5,19,4096,4174,L2R,1054.184000,kv_competitor,9,KV drain,1054.184320,0.333920,1054.518240,100.000000,ns3-simulated/trace-derived
2723,556,1,5,19,4096,4174,L2R,1054.518000,kv_competitor,9,KV drain,1054.518240,0.333920,1054.852160,100.000000,ns3-simulated/trace-derived
2724,557,1,5,19,4096,4174,L2R,1054.852000,kv_competitor,9,KV drain,1054.852160,0.333920,1055.186080,100.000000,ns3-simulated/trace-derived
2726,558,1,5,19,4096,4174,L2R,1055.186000,kv_competitor,9,KV drain,1055.186080,0.333920,1055.520000,100.000000,ns3-simulated/trace-derived
2727,559,1,5,19,4096,4174,L2R,1055.520000,kv_competitor,9,KV drain,1055.520000,0.333920,1055.853920,100.000000,ns3-simulated/trace-derived
2728,560,1,5,19,4096,4174,L2R,1055.853000,kv_competitor,9,KV drain,1055.853920,0.333920,1056.187840,100.000000,ns3-simulated/trace-derived
2729,561,1,5,19,4096,4174,L2R,1056.187000,kv_competitor,9,KV drain,1056.187840,0.333920,1056.521760,100.000000,ns3-simulated/trace-derived
2732,562,1,5,19,4096,4174,L2R,1056.521000,kv_competitor,9,KV drain,1056.521760,0.333920,1056.855680,100.000000,ns3-simulated/trace-derived
2733,563,1,5,19,4096,4174,L2R,1056.855000,kv_competitor,9,KV drain,1056.855680,0.333920,1057.189600,100.000000,ns3-simulated/trace-derived
2734,564,1,5,19,4096,4174,L2R,1057.189000,kv_competitor,9,KV drain,1057.189600,0.333920,1057.523520,100.000000,ns3-simulated/trace-derived
2735,565,1,5,19,4096,4174,L2R,1057.523000,kv_competitor,9,KV drain,1057.523520,0.333920,1057.857440,100.000000,ns3-simulated/trace-derived
2737,566,1,5,19,4096,4174,L2R,1057.857000,kv_competitor,9,KV drain,1057.857440,0.333920,1058.191360,100.000000,ns3-simulated/trace-derived
2738,567,1,5,19,4096,4174,L2R,1058.191000,kv_competitor,9,KV drain,1058.191360,0.333920,1058.525280,100.000000,ns3-simulated/trace-derived
2739,568,1,5,19,4096,4174,L2R,1058.525000,kv_competitor,9,KV drain,1058.525280,0.333920,1058.859200,100.000000,ns3-simulated/trace-derived
2740,569,1,5,19,4096,4174,L2R,1058.859000,kv_competitor,9,KV drain,1058.859200,0.333920,1059.193120,100.000000,ns3-simulated/trace-derived
2742,570,1,5,19,4096,4174,L2R,1059.193000,kv_competitor,9,KV drain,1059.193120,0.333920,1059.527040,100.000000,ns3-simulated/trace-derived
2743,571,1,5,19,4096,4174,L2R,1059.527000,kv_competitor,9,KV drain,1059.527040,0.333920,1059.860960,100.000000,ns3-simulated/trace-derived
2744,572,1,5,19,4096,4174,L2R,1059.860000,kv_competitor,9,KV drain,1059.860960,0.333920,1060.194880,100.000000,ns3-simulated/trace-derived
2745,573,1,5,19,4096,4174,L2R,1060.194000,kv_competitor,9,KV drain,1060.194880,0.333920,1060.528800,100.000000,ns3-simulated/trace-derived
2747,574,1,5,19,4096,4174,L2R,1060.528000,kv_competitor,9,KV drain,1060.528800,0.333920,1060.862720,100.000000,ns3-simulated/trace-derived
2748,575,1,5,19,4096,4174,L2R,1060.862000,kv_competitor,9,KV drain,1060.862720,0.333920,1061.196640,100.000000,ns3-simulated/trace-derived
2749,576,1,5,19,4096,4174,L2R,1061.196000,kv_competitor,9,KV drain,1061.196640,0.333920,1061.530560,100.000000,ns3-simulated/trace-derived
2750,577,1,5,19,4096,4174,L2R,1061.530000,kv_competitor,9,KV drain,1061.530560,0.333920,1061.864480,100.000000,ns3-simulated/trace-derived
2752,578,1,5,19,4096,4174,L2R,1061.864000,kv_competitor,9,KV drain,1061.864480,0.333920,1062.198400,100.000000,ns3-simulated/trace-derived
2753,579,1,5,19,4096,4174,L2R,1062.198000,kv_competitor,9,KV drain,1062.198400,0.333920,1062.532320,100.000000,ns3-simulated/trace-derived
2754,580,1,5,19,4096,4174,L2R,1062.532000,kv_competitor,9,KV drain,1062.532320,0.333920,1062.866240,100.000000,ns3-simulated/trace-derived
1183,0,2,6,9,4096,4174,L2R,470.114000,balanced_dispatch,4,四 peer dispatch,470.114480,0.333920,470.448400,100.000000,ns3-simulated/trace-derived
1187,1,2,6,9,4096,4174,L2R,471.450000,balanced_dispatch,4,四 peer dispatch,471.450160,0.333920,471.784080,100.000000,ns3-simulated/trace-derived
1191,2,2,6,9,4096,4174,L2R,472.785000,balanced_dispatch,4,四 peer dispatch,472.785840,0.333920,473.119760,100.000000,ns3-simulated/trace-derived
1195,3,2,6,9,4096,4174,L2R,474.121000,balanced_dispatch,4,四 peer dispatch,474.121520,0.333920,474.455440,100.000000,ns3-simulated/trace-derived
1199,4,2,6,9,4096,4174,L2R,475.457000,balanced_dispatch,4,四 peer dispatch,475.457200,0.333920,475.791120,100.000000,ns3-simulated/trace-derived
1203,5,2,6,9,4096,4174,L2R,476.792000,balanced_dispatch,4,四 peer dispatch,476.792880,0.333920,477.126800,100.000000,ns3-simulated/trace-derived
1207,6,2,6,9,4096,4174,L2R,478.128000,balanced_dispatch,4,四 peer dispatch,478.128560,0.333920,478.462480,100.000000,ns3-simulated/trace-derived
1211,7,2,6,9,4096,4174,L2R,479.464000,balanced_dispatch,4,四 peer dispatch,479.464240,0.333920,479.798160,100.000000,ns3-simulated/trace-derived
1215,8,2,6,9,4096,4174,L2R,480.799000,balanced_dispatch,4,四 peer dispatch,480.799920,0.333920,481.133840,100.000000,ns3-simulated/trace-derived
1220,9,2,6,9,4096,4174,L2R,482.135000,balanced_dispatch,4,四 peer dispatch,482.135600,0.333920,482.469520,100.000000,ns3-simulated/trace-derived
1224,10,2,6,9,4096,4174,L2R,483.471000,balanced_dispatch,4,四 peer dispatch,483.471280,0.333920,483.805200,100.000000,ns3-simulated/trace-derived
1228,11,2,6,9,4096,4174,L2R,484.806000,balanced_dispatch,4,四 peer dispatch,484.806960,0.333920,485.140880,100.000000,ns3-simulated/trace-derived
1232,12,2,6,9,4096,4174,L2R,486.142000,balanced_dispatch,4,四 peer dispatch,486.142640,0.333920,486.476560,100.000000,ns3-simulated/trace-derived
1237,13,2,6,9,4096,4174,L2R,487.478000,balanced_dispatch,4,四 peer dispatch,487.478320,0.333920,487.812240,100.000000,ns3-simulated/trace-derived
1241,14,2,6,9,4096,4174,L2R,488.814000,balanced_dispatch,4,四 peer dispatch,488.814000,0.333920,489.147920,100.000000,ns3-simulated/trace-derived
1245,15,2,6,9,4096,4174,L2R,490.149000,balanced_dispatch,4,四 peer dispatch,490.149680,0.333920,490.483600,100.000000,ns3-simulated/trace-derived
1249,16,2,6,9,4096,4174,L2R,491.485000,balanced_dispatch,4,四 peer dispatch,491.485360,0.333920,491.819280,100.000000,ns3-simulated/trace-derived
1184,0,3,7,10,4096,4174,L2R,470.448000,balanced_dispatch,4,四 peer dispatch,470.448400,0.333920,470.782320,100.000000,ns3-simulated/trace-derived
1188,1,3,7,10,4096,4174,L2R,471.784000,balanced_dispatch,4,四 peer dispatch,471.784080,0.333920,472.118000,100.000000,ns3-simulated/trace-derived
1192,2,3,7,10,4096,4174,L2R,473.119000,balanced_dispatch,4,四 peer dispatch,473.119760,0.333920,473.453680,100.000000,ns3-simulated/trace-derived
1196,3,3,7,10,4096,4174,L2R,474.455000,balanced_dispatch,4,四 peer dispatch,474.455440,0.333920,474.789360,100.000000,ns3-simulated/trace-derived
1200,4,3,7,10,4096,4174,L2R,475.791000,balanced_dispatch,4,四 peer dispatch,475.791120,0.333920,476.125040,100.000000,ns3-simulated/trace-derived
1204,5,3,7,10,4096,4174,L2R,477.126000,balanced_dispatch,4,四 peer dispatch,477.126800,0.333920,477.460720,100.000000,ns3-simulated/trace-derived
1208,6,3,7,10,4096,4174,L2R,478.462000,balanced_dispatch,4,四 peer dispatch,478.462480,0.333920,478.796400,100.000000,ns3-simulated/trace-derived
1212,7,3,7,10,4096,4174,L2R,479.798000,balanced_dispatch,4,四 peer dispatch,479.798160,0.333920,480.132080,100.000000,ns3-simulated/trace-derived
1216,8,3,7,10,4096,4174,L2R,481.133000,balanced_dispatch,4,四 peer dispatch,481.133840,0.333920,481.467760,100.000000,ns3-simulated/trace-derived
1221,9,3,7,10,4096,4174,L2R,482.469000,balanced_dispatch,4,四 peer dispatch,482.469520,0.333920,482.803440,100.000000,ns3-simulated/trace-derived
1225,10,3,7,10,4096,4174,L2R,483.805000,balanced_dispatch,4,四 peer dispatch,483.805200,0.333920,484.139120,100.000000,ns3-simulated/trace-derived
1229,11,3,7,10,4096,4174,L2R,485.140000,balanced_dispatch,4,四 peer dispatch,485.140880,0.333920,485.474800,100.000000,ns3-simulated/trace-derived
1233,12,3,7,10,4096,4174,L2R,486.476000,balanced_dispatch,4,四 peer dispatch,486.476560,0.333920,486.810480,100.000000,ns3-simulated/trace-derived
1238,13,3,7,10,4096,4174,L2R,487.812000,balanced_dispatch,4,四 peer dispatch,487.812240,0.333920,488.146160,100.000000,ns3-simulated/trace-derived
1242,14,3,7,10,4096,4174,L2R,489.147000,balanced_dispatch,4,四 peer dispatch,489.147920,0.333920,489.481840,100.000000,ns3-simulated/trace-derived
1246,15,3,7,10,4096,4174,L2R,490.483000,balanced_dispatch,4,四 peer dispatch,490.483600,0.333920,490.817520,100.000000,ns3-simulated/trace-derived
1250,16,3,7,10,4096,4174,L2R,491.819000,balanced_dispatch,4,四 peer dispatch,491.819280,0.333920,492.153200,100.000000,ns3-simulated/trace-derived
451,5,5,1,4,4096,4174,R2L,220.114000,reverse_ep,2,反向 EP,220.114480,0.333920,220.448400,100.000000,ns3-simulated/trace-derived
453,6,5,1,4,4096,4174,R2L,220.448000,reverse_ep,2,反向 EP,220.448400,0.333920,220.782320,100.000000,ns3-simulated/trace-derived
455,7,5,1,4,4096,4174,R2L,220.782000,reverse_ep,2,反向 EP,220.782320,0.333920,221.116240,100.000000,ns3-simulated/trace-derived
457,8,5,1,4,4096,4174,R2L,221.126000,reverse_ep,2,反向 EP,221.126240,0.333920,221.460160,100.000000,ns3-simulated/trace-derived
459,9,5,1,4,4096,4174,R2L,221.465000,reverse_ep,2,反向 EP,221.465120,0.333920,221.799040,100.000000,ns3-simulated/trace-derived
461,10,5,1,4,4096,4174,R2L,221.809000,reverse_ep,2,反向 EP,221.809040,0.333920,222.142960,100.000000,ns3-simulated/trace-derived
463,11,5,1,4,4096,4174,R2L,222.147000,reverse_ep,2,反向 EP,222.147920,0.333920,222.481840,100.000000,ns3-simulated/trace-derived
465,12,5,1,4,4096,4174,R2L,222.491000,reverse_ep,2,反向 EP,222.491840,0.333920,222.825760,100.000000,ns3-simulated/trace-derived
467,13,5,1,4,4096,4174,R2L,222.830000,reverse_ep,2,反向 EP,222.830720,0.333920,223.164640,100.000000,ns3-simulated/trace-derived
471,14,5,1,4,4096,4174,R2L,223.174000,reverse_ep,2,反向 EP,223.174640,0.333920,223.508560,100.000000,ns3-simulated/trace-derived
473,15,5,1,4,4096,4174,R2L,223.513000,reverse_ep,2,反向 EP,223.513520,0.333920,223.847440,100.000000,ns3-simulated/trace-derived
475,16,5,1,4,4096,4174,R2L,223.857000,reverse_ep,2,反向 EP,223.857440,0.333920,224.191360,100.000000,ns3-simulated/trace-derived
477,17,5,1,4,4096,4174,R2L,224.196000,reverse_ep,2,反向 EP,224.196320,0.333920,224.530240,100.000000,ns3-simulated/trace-derived
481,18,5,1,4,4096,4174,R2L,224.540000,reverse_ep,2,反向 EP,224.540240,0.333920,224.874160,100.000000,ns3-simulated/trace-derived
483,19,5,1,4,4096,4174,R2L,224.879000,reverse_ep,2,反向 EP,224.879120,0.333920,225.213040,100.000000,ns3-simulated/trace-derived
485,20,5,1,4,4096,4174,R2L,225.223000,reverse_ep,2,反向 EP,225.223040,0.333920,225.556960,100.000000,ns3-simulated/trace-derived
487,21,5,1,4,4096,4174,R2L,225.561000,reverse_ep,2,反向 EP,225.561920,0.333920,225.895840,100.000000,ns3-simulated/trace-derived
491,22,5,1,4,4096,4174,R2L,225.905000,reverse_ep,2,反向 EP,225.905840,0.333920,226.239760,100.000000,ns3-simulated/trace-derived
493,23,5,1,4,4096,4174,R2L,226.244000,reverse_ep,2,反向 EP,226.244720,0.333920,226.578640,100.000000,ns3-simulated/trace-derived
495,24,5,1,4,4096,4174,R2L,226.588000,reverse_ep,2,反向 EP,226.588640,0.333920,226.922560,100.000000,ns3-simulated/trace-derived
497,25,5,1,4,4096,4174,R2L,226.927000,reverse_ep,2,反向 EP,226.927520,0.333920,227.261440,100.000000,ns3-simulated/trace-derived
501,26,5,1,4,4096,4174,R2L,227.271000,reverse_ep,2,反向 EP,227.271440,0.333920,227.605360,100.000000,ns3-simulated/trace-derived
503,27,5,1,4,4096,4174,R2L,227.610000,reverse_ep,2,反向 EP,227.610320,0.333920,227.944240,100.000000,ns3-simulated/trace-derived
505,28,5,1,4,4096,4174,R2L,227.954000,reverse_ep,2,反向 EP,227.954240,0.333920,228.288160,100.000000,ns3-simulated/trace-derived
507,29,5,1,4,4096,4174,R2L,228.293000,reverse_ep,2,反向 EP,228.293120,0.333920,228.627040,100.000000,ns3-simulated/trace-derived
511,30,5,1,4,4096,4174,R2L,228.647000,reverse_ep,2,反向 EP,228.647040,0.333920,228.980960,100.000000,ns3-simulated/trace-derived
513,31,5,1,4,4096,4174,R2L,228.985000,reverse_ep,2,反向 EP,228.985920,0.333920,229.319840,100.000000,ns3-simulated/trace-derived
515,32,5,1,4,4096,4174,R2L,229.329000,reverse_ep,2,反向 EP,229.329840,0.333920,229.663760,100.000000,ns3-simulated/trace-derived
517,33,5,1,4,4096,4174,R2L,229.668000,reverse_ep,2,反向 EP,229.668720,0.333920,230.002640,100.000000,ns3-simulated/trace-derived
521,34,5,1,4,4096,4174,R2L,230.012000,reverse_ep,2,反向 EP,230.012640,0.333920,230.346560,100.000000,ns3-simulated/trace-derived
523,35,5,1,4,4096,4174,R2L,230.351000,reverse_ep,2,反向 EP,230.351520,0.333920,230.685440,100.000000,ns3-simulated/trace-derived
525,36,5,1,4,4096,4174,R2L,230.695000,reverse_ep,2,反向 EP,230.695440,0.333920,231.029360,100.000000,ns3-simulated/trace-derived
527,37,5,1,4,4096,4174,R2L,231.034000,reverse_ep,2,反向 EP,231.034320,0.333920,231.368240,100.000000,ns3-simulated/trace-derived
531,38,5,1,4,4096,4174,R2L,231.378000,reverse_ep,2,反向 EP,231.378240,0.333920,231.712160,100.000000,ns3-simulated/trace-derived
533,39,5,1,4,4096,4174,R2L,231.717000,reverse_ep,2,反向 EP,231.717120,0.333920,232.051040,100.000000,ns3-simulated/trace-derived
535,40,5,1,4,4096,4174,R2L,232.061000,reverse_ep,2,反向 EP,232.061040,0.333920,232.394960,100.000000,ns3-simulated/trace-derived
537,41,5,1,4,4096,4174,R2L,232.401000,reverse_ep,2,反向 EP,232.401280,0.333920,232.735200,100.000000,ns3-simulated/trace-derived
541,42,5,1,4,4096,4174,R2L,232.745000,reverse_ep,2,反向 EP,232.745200,0.333920,233.079120,100.000000,ns3-simulated/trace-derived
543,43,5,1,4,4096,4174,R2L,233.084000,reverse_ep,2,反向 EP,233.084080,0.333920,233.418000,100.000000,ns3-simulated/trace-derived
545,44,5,1,4,4096,4174,R2L,233.428000,reverse_ep,2,反向 EP,233.428000,0.333920,233.761920,100.000000,ns3-simulated/trace-derived
547,45,5,1,4,4096,4174,R2L,233.766000,reverse_ep,2,反向 EP,233.766880,0.333920,234.100800,100.000000,ns3-simulated/trace-derived
551,46,5,1,4,4096,4174,R2L,234.110000,reverse_ep,2,反向 EP,234.110800,0.333920,234.444720,100.000000,ns3-simulated/trace-derived
553,47,5,1,4,4096,4174,R2L,234.449000,reverse_ep,2,反向 EP,234.449680,0.333920,234.783600,100.000000,ns3-simulated/trace-derived
555,48,5,1,4,4096,4174,R2L,234.793000,reverse_ep,2,反向 EP,234.793600,0.333920,235.127520,100.000000,ns3-simulated/trace-derived
557,49,5,1,4,4096,4174,R2L,235.132000,reverse_ep,2,反向 EP,235.132480,0.333920,235.466400,100.000000,ns3-simulated/trace-derived
561,50,5,1,4,4096,4174,R2L,235.476000,reverse_ep,2,反向 EP,235.476400,0.333920,235.810320,100.000000,ns3-simulated/trace-derived
563,51,5,1,4,4096,4174,R2L,235.815000,reverse_ep,2,反向 EP,235.815280,0.333920,236.149200,100.000000,ns3-simulated/trace-derived
565,52,5,1,4,4096,4174,R2L,236.159000,reverse_ep,2,反向 EP,236.159200,0.333920,236.493120,100.000000,ns3-simulated/trace-derived
567,53,5,1,4,4096,4174,R2L,236.498000,reverse_ep,2,反向 EP,236.498080,0.333920,236.832000,100.000000,ns3-simulated/trace-derived
569,54,5,1,4,4096,4174,R2L,236.842000,reverse_ep,2,反向 EP,236.842000,0.333920,237.175920,100.000000,ns3-simulated/trace-derived
573,55,5,1,4,4096,4174,R2L,237.180000,reverse_ep,2,反向 EP,237.180880,0.333920,237.514800,100.000000,ns3-simulated/trace-derived
575,56,5,1,4,4096,4174,R2L,237.524000,reverse_ep,2,反向 EP,237.524800,0.333920,237.858720,100.000000,ns3-simulated/trace-derived
577,57,5,1,4,4096,4174,R2L,237.863000,reverse_ep,2,反向 EP,237.863680,0.333920,238.197600,100.000000,ns3-simulated/trace-derived
579,58,5,1,4,4096,4174,R2L,238.207000,reverse_ep,2,反向 EP,238.207600,0.333920,238.541520,100.000000,ns3-simulated/trace-derived
583,59,5,1,4,4096,4174,R2L,238.546000,reverse_ep,2,反向 EP,238.546480,0.333920,238.880400,100.000000,ns3-simulated/trace-derived
585,60,5,1,4,4096,4174,R2L,238.890000,reverse_ep,2,反向 EP,238.890400,0.333920,239.224320,100.000000,ns3-simulated/trace-derived
587,61,5,1,4,4096,4174,R2L,239.229000,reverse_ep,2,反向 EP,239.229280,0.333920,239.563200,100.000000,ns3-simulated/trace-derived
589,62,5,1,4,4096,4174,R2L,239.573000,reverse_ep,2,反向 EP,239.573200,0.333920,239.907120,100.000000,ns3-simulated/trace-derived
593,63,5,1,4,4096,4174,R2L,239.912000,reverse_ep,2,反向 EP,239.912080,0.333920,240.246000,100.000000,ns3-simulated/trace-derived
595,64,5,1,4,4096,4174,R2L,240.256000,reverse_ep,2,反向 EP,240.256000,0.333920,240.589920,100.000000,ns3-simulated/trace-derived
597,65,5,1,4,4096,4174,R2L,240.594000,reverse_ep,2,反向 EP,240.594880,0.333920,240.928800,100.000000,ns3-simulated/trace-derived
599,66,5,1,4,4096,4174,R2L,240.938000,reverse_ep,2,反向 EP,240.938800,0.333920,241.272720,100.000000,ns3-simulated/trace-derived
603,67,5,1,4,4096,4174,R2L,241.277000,reverse_ep,2,反向 EP,241.277680,0.333920,241.611600,100.000000,ns3-simulated/trace-derived
605,68,5,1,4,4096,4174,R2L,241.621000,reverse_ep,2,反向 EP,241.621600,0.333920,241.955520,100.000000,ns3-simulated/trace-derived
607,69,5,1,4,4096,4174,R2L,241.960000,reverse_ep,2,反向 EP,241.960480,0.333920,242.294400,100.000000,ns3-simulated/trace-derived
609,70,5,1,4,4096,4174,R2L,242.304000,reverse_ep,2,反向 EP,242.304400,0.333920,242.638320,100.000000,ns3-simulated/trace-derived
613,71,5,1,4,4096,4174,R2L,242.643000,reverse_ep,2,反向 EP,242.643280,0.333920,242.977200,100.000000,ns3-simulated/trace-derived
615,72,5,1,4,4096,4174,R2L,242.987000,reverse_ep,2,反向 EP,242.987200,0.333920,243.321120,100.000000,ns3-simulated/trace-derived
1562,86,5,1,15,4096,4174,R2L,670.114000,reverse_ep,6,KV + 反向 EP,670.114480,0.333920,670.448400,100.000000,ns3-simulated/trace-derived
1565,87,5,1,15,4096,4174,R2L,670.448000,reverse_ep,6,KV + 反向 EP,670.448400,0.333920,670.782320,100.000000,ns3-simulated/trace-derived
1568,88,5,1,15,4096,4174,R2L,670.782000,reverse_ep,6,KV + 反向 EP,670.782320,0.333920,671.116240,100.000000,ns3-simulated/trace-derived
1571,89,5,1,15,4096,4174,R2L,671.116000,reverse_ep,6,KV + 反向 EP,671.116240,0.333920,671.450160,100.000000,ns3-simulated/trace-derived
1574,90,5,1,15,4096,4174,R2L,671.470000,reverse_ep,6,KV + 反向 EP,671.470160,0.333920,671.804080,100.000000,ns3-simulated/trace-derived
1577,91,5,1,15,4096,4174,R2L,671.804000,reverse_ep,6,KV + 反向 EP,671.804080,0.333920,672.138000,100.000000,ns3-simulated/trace-derived
1580,92,5,1,15,4096,4174,R2L,672.138000,reverse_ep,6,KV + 反向 EP,672.138000,0.333920,672.471920,100.000000,ns3-simulated/trace-derived
1583,93,5,1,15,4096,4174,R2L,672.481000,reverse_ep,6,KV + 反向 EP,672.481920,0.333920,672.815840,100.000000,ns3-simulated/trace-derived
1586,94,5,1,15,4096,4174,R2L,672.820000,reverse_ep,6,KV + 反向 EP,672.820800,0.333920,673.154720,100.000000,ns3-simulated/trace-derived
1592,95,5,1,15,4096,4174,R2L,673.174000,reverse_ep,6,KV + 反向 EP,673.174720,0.333920,673.508640,100.000000,ns3-simulated/trace-derived
1594,96,5,1,15,4096,4174,R2L,673.508000,reverse_ep,6,KV + 反向 EP,673.508640,0.333920,673.842560,100.000000,ns3-simulated/trace-derived
1597,97,5,1,15,4096,4174,R2L,673.842000,reverse_ep,6,KV + 反向 EP,673.842560,0.333920,674.176480,100.000000,ns3-simulated/trace-derived
1601,98,5,1,15,4096,4174,R2L,674.186000,reverse_ep,6,KV + 反向 EP,674.186480,0.333920,674.520400,100.000000,ns3-simulated/trace-derived
1605,99,5,1,15,4096,4174,R2L,674.520000,reverse_ep,6,KV + 反向 EP,674.520400,0.333920,674.854320,100.000000,ns3-simulated/trace-derived
1608,100,5,1,15,4096,4174,R2L,674.854000,reverse_ep,6,KV + 反向 EP,674.854320,0.333920,675.188240,100.000000,ns3-simulated/trace-derived
1611,101,5,1,15,4096,4174,R2L,675.198000,reverse_ep,6,KV + 反向 EP,675.198240,0.333920,675.532160,100.000000,ns3-simulated/trace-derived
1614,102,5,1,15,4096,4174,R2L,675.537000,reverse_ep,6,KV + 反向 EP,675.537120,0.333920,675.871040,100.000000,ns3-simulated/trace-derived
1620,103,5,1,15,4096,4174,R2L,675.876000,reverse_ep,6,KV + 反向 EP,675.876000,0.333920,676.209920,100.000000,ns3-simulated/trace-derived
1622,104,5,1,15,4096,4174,R2L,676.219000,reverse_ep,6,KV + 反向 EP,676.219920,0.333920,676.553840,100.000000,ns3-simulated/trace-derived
1626,105,5,1,15,4096,4174,R2L,676.553000,reverse_ep,6,KV + 反向 EP,676.553840,0.333920,676.887760,100.000000,ns3-simulated/trace-derived
1629,106,5,1,15,4096,4174,R2L,676.887000,reverse_ep,6,KV + 反向 EP,676.887760,0.333920,677.221680,100.000000,ns3-simulated/trace-derived
1634,107,5,1,15,4096,4174,R2L,677.231000,reverse_ep,6,KV + 反向 EP,677.231680,0.333920,677.565600,100.000000,ns3-simulated/trace-derived
1636,108,5,1,15,4096,4174,R2L,677.570000,reverse_ep,6,KV + 反向 EP,677.570560,0.333920,677.904480,100.000000,ns3-simulated/trace-derived
1640,109,5,1,15,4096,4174,R2L,677.914000,reverse_ep,6,KV + 反向 EP,677.914480,0.333920,678.248400,100.000000,ns3-simulated/trace-derived
1643,110,5,1,15,4096,4174,R2L,678.248000,reverse_ep,6,KV + 反向 EP,678.248400,0.333920,678.582320,100.000000,ns3-simulated/trace-derived
1649,111,5,1,15,4096,4174,R2L,678.602000,reverse_ep,6,KV + 反向 EP,678.602320,0.333920,678.936240,100.000000,ns3-simulated/trace-derived
1650,112,5,1,15,4096,4174,R2L,678.936000,reverse_ep,6,KV + 反向 EP,678.936240,0.333920,679.270160,100.000000,ns3-simulated/trace-derived
1654,113,5,1,15,4096,4174,R2L,679.270000,reverse_ep,6,KV + 反向 EP,679.270160,0.333920,679.604080,100.000000,ns3-simulated/trace-derived
1657,114,5,1,15,4096,4174,R2L,679.614000,reverse_ep,6,KV + 反向 EP,679.614080,0.333920,679.948000,100.000000,ns3-simulated/trace-derived
1663,115,5,1,15,4096,4174,R2L,679.952000,reverse_ep,6,KV + 反向 EP,679.952960,0.333920,680.286880,100.000000,ns3-simulated/trace-derived
1665,116,5,1,15,4096,4174,R2L,680.296000,reverse_ep,6,KV + 反向 EP,680.296880,0.333920,680.630800,100.000000,ns3-simulated/trace-derived
1669,117,5,1,15,4096,4174,R2L,680.630000,reverse_ep,6,KV + 反向 EP,680.630800,0.333920,680.964720,100.000000,ns3-simulated/trace-derived
1672,118,5,1,15,4096,4174,R2L,680.964000,reverse_ep,6,KV + 反向 EP,680.964720,0.333920,681.298640,100.000000,ns3-simulated/trace-derived
1678,119,5,1,15,4096,4174,R2L,681.328000,reverse_ep,6,KV + 反向 EP,681.328640,0.333920,681.662560,100.000000,ns3-simulated/trace-derived
1679,120,5,1,15,4096,4174,R2L,681.667000,reverse_ep,6,KV + 反向 EP,681.667520,0.333920,682.001440,100.000000,ns3-simulated/trace-derived
1683,121,5,1,15,4096,4174,R2L,682.006000,reverse_ep,6,KV + 反向 EP,682.006400,0.333920,682.340320,100.000000,ns3-simulated/trace-derived
1686,122,5,1,15,4096,4174,R2L,682.340000,reverse_ep,6,KV + 反向 EP,682.340320,0.333920,682.674240,100.000000,ns3-simulated/trace-derived
1691,123,5,1,15,4096,4174,R2L,682.684000,reverse_ep,6,KV + 反向 EP,682.684240,0.333920,683.018160,100.000000,ns3-simulated/trace-derived
1693,124,5,1,15,4096,4174,R2L,683.023000,reverse_ep,6,KV + 反向 EP,683.023120,0.333920,683.357040,100.000000,ns3-simulated/trace-derived
1697,125,5,1,15,4096,4174,R2L,683.357000,reverse_ep,6,KV + 反向 EP,683.357040,0.333920,683.690960,100.000000,ns3-simulated/trace-derived
1700,126,5,1,15,4096,4174,R2L,683.700000,reverse_ep,6,KV + 反向 EP,683.700960,0.333920,684.034880,100.000000,ns3-simulated/trace-derived
1706,127,5,1,15,4096,4174,R2L,684.039000,reverse_ep,6,KV + 反向 EP,684.039840,0.333920,684.373760,100.000000,ns3-simulated/trace-derived
1707,128,5,1,15,4096,4174,R2L,684.383000,reverse_ep,6,KV + 反向 EP,684.383760,0.333920,684.717680,100.000000,ns3-simulated/trace-derived
1711,129,5,1,15,4096,4174,R2L,684.717000,reverse_ep,6,KV + 反向 EP,684.717680,0.333920,685.051600,100.000000,ns3-simulated/trace-derived
1714,130,5,1,15,4096,4174,R2L,685.051000,reverse_ep,6,KV + 反向 EP,685.051600,0.333920,685.385520,100.000000,ns3-simulated/trace-derived
1719,131,5,1,15,4096,4174,R2L,685.395000,reverse_ep,6,KV + 反向 EP,685.395520,0.333920,685.729440,100.000000,ns3-simulated/trace-derived
1721,132,5,1,15,4096,4174,R2L,685.734000,reverse_ep,6,KV + 反向 EP,685.734400,0.333920,686.068320,100.000000,ns3-simulated/trace-derived
1725,133,5,1,15,4096,4174,R2L,686.078000,reverse_ep,6,KV + 反向 EP,686.078320,0.333920,686.412240,100.000000,ns3-simulated/trace-derived
1728,134,5,1,15,4096,4174,R2L,686.412000,reverse_ep,6,KV + 反向 EP,686.412240,0.333920,686.746160,100.000000,ns3-simulated/trace-derived
1734,135,5,1,15,4096,4174,R2L,686.766000,reverse_ep,6,KV + 反向 EP,686.766160,0.333920,687.100080,100.000000,ns3-simulated/trace-derived
1735,136,5,1,15,4096,4174,R2L,687.100000,reverse_ep,6,KV + 反向 EP,687.100080,0.333920,687.434000,100.000000,ns3-simulated/trace-derived
1739,137,5,1,15,4096,4174,R2L,687.434000,reverse_ep,6,KV + 反向 EP,687.434000,0.333920,687.767920,100.000000,ns3-simulated/trace-derived
1742,138,5,1,15,4096,4174,R2L,687.787000,reverse_ep,6,KV + 反向 EP,687.787920,0.333920,688.121840,100.000000,ns3-simulated/trace-derived
1747,139,5,1,15,4096,4174,R2L,688.126000,reverse_ep,6,KV + 反向 EP,688.126800,0.333920,688.460720,100.000000,ns3-simulated/trace-derived
1749,140,5,1,15,4096,4174,R2L,688.460000,reverse_ep,6,KV + 反向 EP,688.460720,0.333920,688.794640,100.000000,ns3-simulated/trace-derived
1753,141,5,1,15,4096,4174,R2L,688.804000,reverse_ep,6,KV + 反向 EP,688.804640,0.333920,689.138560,100.000000,ns3-simulated/trace-derived
1756,142,5,1,15,4096,4174,R2L,689.143000,reverse_ep,6,KV + 反向 EP,689.143520,0.333920,689.477440,100.000000,ns3-simulated/trace-derived
1762,143,5,1,15,4096,4174,R2L,689.497000,reverse_ep,6,KV + 反向 EP,689.497440,0.333920,689.831360,100.000000,ns3-simulated/trace-derived
1763,144,5,1,15,4096,4174,R2L,689.831000,reverse_ep,6,KV + 反向 EP,689.831360,0.333920,690.165280,100.000000,ns3-simulated/trace-derived
1767,145,5,1,15,4096,4174,R2L,690.165000,reverse_ep,6,KV + 反向 EP,690.165280,0.333920,690.499200,100.000000,ns3-simulated/trace-derived
1770,146,5,1,15,4096,4174,R2L,690.509000,reverse_ep,6,KV + 反向 EP,690.509200,0.333920,690.843120,100.000000,ns3-simulated/trace-derived
1775,147,5,1,15,4096,4174,R2L,690.849000,reverse_ep,6,KV + 反向 EP,690.849440,0.333920,691.183360,100.000000,ns3-simulated/trace-derived
1777,148,5,1,15,4096,4174,R2L,691.193000,reverse_ep,6,KV + 反向 EP,691.193360,0.333920,691.527280,100.000000,ns3-simulated/trace-derived
1781,149,5,1,15,4096,4174,R2L,691.527000,reverse_ep,6,KV + 反向 EP,691.527280,0.333920,691.861200,100.000000,ns3-simulated/trace-derived
1784,150,5,1,15,4096,4174,R2L,691.861000,reverse_ep,6,KV + 反向 EP,691.861200,0.333920,692.195120,100.000000,ns3-simulated/trace-derived
1790,151,5,1,15,4096,4174,R2L,692.225000,reverse_ep,6,KV + 反向 EP,692.225120,0.333920,692.559040,100.000000,ns3-simulated/trace-derived
1791,152,5,1,15,4096,4174,R2L,692.559000,reverse_ep,6,KV + 反向 EP,692.559040,0.333920,692.892960,100.000000,ns3-simulated/trace-derived
1795,153,5,1,15,4096,4174,R2L,692.892000,reverse_ep,6,KV + 反向 EP,692.892960,0.333920,693.226880,100.000000,ns3-simulated/trace-derived
