direction,bin_center_us,queue_bytes,queue_kib,raw_max_queue_bytes,raw_max_queue_kib,raw_max_time_us,raw_scope_start_us,raw_scope_end_us,node_id,port_id,bin_width_us,evidence
L2R,0.500000,0,0.000000,686413,670.325195,680.824880,0.000000,1100.000000,8,4,1.000000,ns3-simulated/trace-derived
L2R,1.500000,0,0.000000,686413,670.325195,680.824880,0.000000,1100.000000,8,4,1.000000,ns3-simulated/trace-derived
L2R,2.500000,0,0.000000,686413,670.325195,680.824880,0.000000,1100.000000,8,4,1.000000,ns3-simulated/trace-derived
L2R,3.500000,0,0.000000,686413,670.325195,680.824880,0.000000,1100.000000,8,4,1.000000,ns3-simulated/trace-derived
L2R,4.500000,0,0.000000,686413,670.325195,680.824880,0.000000,1100.000000,8,4,1.000000,ns3-simulated/trace-derived
L2R,5.500000,0,0.000000,686413,670.325195,680.824880,0.000000,1100.000000,8,4,1.000000,ns3-simulated/trace-derived
L2R,6.500000,0,0.000000,686413,670.325195,680.824880,0.000000,1100.000000,8,4,1.000000,ns3-simulated/trace-derived
L2R,7.500000,0,0.000000,686413,670.325195,680.824880,0.000000,1100.000000,8,4,1.000000,ns3-simulated/trace-derived
L2R,8.500000,0,0.000000,686413,670.325195,680.824880,0.000000,1100.000000,8,4,1.000000,ns3-simulated/trace-derived
L2R,9.500000,0,0.000000,686413,670.325195,680.824880,0.000000,1100.000000,8,4,1.000000,ns3-simulated/trace-derived
L2R,10.500000,0,0.000000,686413,670.325195,680.824880,0.000000,1100.000000,8,4,1.000000,ns3-simulated/trace-derived
L2R,11.500000,0,0.000000,686413,670.325195,680.824880,0.000000,1100.000000,8,4,1.000000,ns3-simulated/trace-derived
L2R,12.500000,0,0.000000,686413,670.325195,680.824880,0.000000,1100.000000,8,4,1.000000,ns3-simulated/trace-derived
L2R,13.500000,0,0.000000,686413,670.325195,680.824880,0.000000,1100.000000,8,4,1.000000,ns3-simulated/trace-derived
L2R,14.500000,0,0.000000,686413,670.325195,680.824880,0.000000,1100.000000,8,4,1.000000,ns3-simulated/trace-derived
L2R,15.500000,0,0.000000,686413,670.325195,680.824880,0.000000,1100.000000,8,4,1.000000,ns3-simulated/trace-derived
L2R,16.500000,0,0.000000,686413,670.325195,680.824880,0.000000,1100.000000,8,4,1.000000,ns3-simulated/trace-derived
L2R,17.500000,0,0.000000,686413,670.325195,680.824880,0.000000,1100.000000,8,4,1.000000,ns3-simulated/trace-derived
L2R,18.500000,0,0.000000,686413,670.325195,680.824880,0.000000,1100.000000,8,4,1.000000,ns3-simulated/trace-derived
L2R,19.500000,0,0.000000,686413,670.325195,680.824880,0.000000,1100.000000,8,4,1.000000,ns3-simulated/trace-derived
L2R,20.500000,12522,12.228516,686413,670.325195,680.824880,0.000000,1100.000000,8,4,1.000000,ns3-simulated/trace-derived
L2R,21.500000,50088,48.914062,686413,670.325195,680.824880,0.000000,1100.000000,8,4,1.000000,ns3-simulated/trace-derived
L2R,22.500000,87654,85.599609,686413,670.325195,680.824880,0.000000,1100.000000,8,4,1.000000,ns3-simulated/trace-derived
L2R,23.500000,125220,122.285156,686413,670.325195,680.824880,0.000000,1100.000000,8,4,1.000000,ns3-simulated/trace-derived
L2R,24.500000,162786,158.970703,686413,670.325195,680.824880,0.000000,1100.000000,8,4,1.000000,ns3-simulated/trace-derived
L2R,25.500000,200352,195.656250,686413,670.325195,680.824880,0.000000,1100.000000,8,4,1.000000,ns3-simulated/trace-derived
L2R,26.500000,200414,195.716797,686413,670.325195,680.824880,0.000000,1100.000000,8,4,1.000000,ns3-simulated/trace-derived
L2R,27.500000,187892,183.488281,686413,670.325195,680.824880,0.000000,1100.000000,8,4,1.000000,ns3-simulated/trace-derived
L2R,28.500000,175370,171.259766,686413,670.325195,680.824880,0.000000,1100.000000,8,4,1.000000,ns3-simulated/trace-derived
L2R,29.500000,162848,159.031250,686413,670.325195,680.824880,0.000000,1100.000000,8,4,1.000000,ns3-simulated/trace-derived
L2R,30.500000,150326,146.802734,686413,670.325195,680.824880,0.000000,1100.000000,8,4,1.000000,ns3-simulated/trace-derived
L2R,31.500000,137866,134.634766,686413,670.325195,680.824880,0.000000,1100.000000,8,4,1.000000,ns3-simulated/trace-derived
L2R,32.500000,125344,122.406250,686413,670.325195,680.824880,0.000000,1100.000000,8,4,1.000000,ns3-simulated/trace-derived
L2R,33.500000,112822,110.177734,686413,670.325195,680.824880,0.000000,1100.000000,8,4,1.000000,ns3-simulated/trace-derived
L2R,34.500000,100300,97.949219,686413,670.325195,680.824880,0.000000,1100.000000,8,4,1.000000,ns3-simulated/trace-derived
L2R,35.500000,87778,85.720703,686413,670.325195,680.824880,0.000000,1100.000000,8,4,1.000000,ns3-simulated/trace-derived
L2R,36.500000,75318,73.552734,686413,670.325195,680.824880,0.000000,1100.000000,8,4,1.000000,ns3-simulated/trace-derived
L2R,37.500000,62796,61.324219,686413,670.325195,680.824880,0.000000,1100.000000,8,4,1.000000,ns3-simulated/trace-derived
L2R,38.500000,50274,49.095703,686413,670.325195,680.824880,0.000000,1100.000000,8,4,1.000000,ns3-simulated/trace-derived
L2R,39.500000,37752,36.867188,686413,670.325195,680.824880,0.000000,1100.000000,8,4,1.000000,ns3-simulated/trace-derived
L2R,40.500000,25230,24.638672,686413,670.325195,680.824880,0.000000,1100.000000,8,4,1.000000,ns3-simulated/trace-derived
L2R,41.500000,12708,12.410156,686413,670.325195,680.824880,0.000000,1100.000000,8,4,1.000000,ns3-simulated/trace-derived
L2R,42.500000,248,0.242188,686413,670.325195,680.824880,0.000000,1100.000000,8,4,1.000000,ns3-simulated/trace-derived
L2R,43.500000,0,0.000000,686413,670.325195,680.824880,0.000000,1100.000000,8,4,1.000000,ns3-simulated/trace-derived
L2R,44.500000,0,0.000000,686413,670.325195,680.824880,0.000000,1100.000000,8,4,1.000000,ns3-simulated/trace-derived
L2R,45.500000,0,0.000000,686413,670.325195,680.824880,0.000000,1100.000000,8,4,1.000000,ns3-simulated/trace-derived
L2R,46.500000,0,0.000000,686413,670.325195,680.824880,0.000000,1100.000000,8,4,1.000000,ns3-simulated/trace-derived
L2R,47.500000,0,0.000000,686413,670.325195,680.824880,0.000000,1100.000000,8,4,1.000000,ns3-simulated/trace-derived
L2R,48.500000,0,0.000000,686413,670.325195,680.824880,0.000000,1100.000000,8,4,1.000000,ns3-simulated/trace-derived
L2R,49.500000,0,0.000000,686413,670.325195,680.824880,0.000000,1100.000000,8,4,1.000000,ns3-simulated/trace-derived
L2R,50.500000,0,0.000000,686413,670.325195,680.824880,0.000000,1100.000000,8,4,1.000000,ns3-simulated/trace-derived
L2R,51.500000,0,0.000000,686413,670.325195,680.824880,0.000000,1100.000000,8,4,1.000000,ns3-simulated/trace-derived
L2R,52.500000,0,0.000000,686413,670.325195,680.824880,0.000000,1100.000000,8,4,1.000000,ns3-simulated/trace-derived
L2R,53.500000,0,0.000000,686413,670.325195,680.824880,0.000000,1100.000000,8,4,1.000000,ns3-simulated/trace-derived
L2R,54.500000,0,0.000000,686413,670.325195,680.824880,0.000000,1100.000000,8,4,1.000000,ns3-simulated/trace-derived
L2R,55.500000,0,0.000000,686413,670.325195,680.824880,0.000000,1100.000000,8,4,1.000000,ns3-simulated/trace-derived
L2R,56.500000,0,0.000000,686413,670.325195,680.824880,0.000000,1100.000000,8,4,1.000000,ns3-simulated/trace-derived
L2R,57.500000,0,0.000000,686413,670.325195,680.824880,0.000000,1100.000000,8,4,1.000000,ns3-simulated/trace-derived
L2R,58.500000,0,0.000000,686413,670.325195,680.824880,0.000000,1100.000000,8,4,1.000000,ns3-simulated/trace-derived
L2R,59.500000,0,0.000000,686413,670.325195,680.824880,0.000000,1100.000000,8,4,1.000000,ns3-simulated/trace-derived
L2R,60.500000,0,0.000000,686413,670.325195,680.824880,0.000000,1100.000000,8,4,1.000000,ns3-simulated/trace-derived
L2R,61.500000,0,0.000000,686413,670.325195,680.824880,0.000000,1100.000000,8,4,1.000000,ns3-simulated/trace-derived
L2R,62.500000,0,0.000000,686413,670.325195,680.824880,0.000000,1100.000000,8,4,1.000000,ns3-simulated/trace-derived
L2R,63.500000,0,0.000000,686413,670.325195,680.824880,0.000000,1100.000000,8,4,1.000000,ns3-simulated/trace-derived
L2R,64.500000,0,0.000000,686413,670.325195,680.824880,0.000000,1100.000000,8,4,1.000000,ns3-simulated/trace-derived
L2R,65.500000,0,0.000000,686413,670.325195,680.824880,0.000000,1100.000000,8,4,1.000000,ns3-simulated/trace-derived
L2R,66.500000,0,0.000000,686413,670.325195,680.824880,0.000000,1100.000000,8,4,1.000000,ns3-simulated/trace-derived
L2R,67.500000,0,0.000000,686413,670.325195,680.824880,0.000000,1100.000000,8,4,1.000000,ns3-simulated/trace-derived
L2R,68.500000,0,0.000000,686413,670.325195,680.824880,0.000000,1100.000000,8,4,1.000000,ns3-simulated/trace-derived
L2R,69.500000,0,0.000000,686413,670.325195,680.824880,0.000000,1100.000000,8,4,1.000000,ns3-simulated/trace-derived
L2R,70.500000,0,0.000000,686413,670.325195,680.824880,0.000000,1100.000000,8,4,1.000000,ns3-simulated/trace-derived
L2R,71.500000,0,0.000000,686413,670.325195,680.824880,0.000000,1100.000000,8,4,1.000000,ns3-simulated/trace-derived
L2R,72.500000,0,0.000000,686413,670.325195,680.824880,0.000000,1100.000000,8,4,1.000000,ns3-simulated/trace-derived
L2R,73.500000,0,0.000000,686413,670.325195,680.824880,0.000000,1100.000000,8,4,1.000000,ns3-simulated/trace-derived
L2R,74.500000,0,0.000000,686413,670.325195,680.824880,0.000000,1100.000000,8,4,1.000000,ns3-simulated/trace-derived
L2R,75.500000,0,0.000000,686413,670.325195,680.824880,0.000000,1100.000000,8,4,1.000000,ns3-simulated/trace-derived
L2R,76.500000,0,0.000000,686413,670.325195,680.824880,0.000000,1100.000000,8,4,1.000000,ns3-simulated/trace-derived
L2R,77.500000,0,0.000000,686413,670.325195,680.824880,0.000000,1100.000000,8,4,1.000000,ns3-simulated/trace-derived
L2R,78.500000,0,0.000000,686413,670.325195,680.824880,0.000000,1100.000000,8,4,1.000000,ns3-simulated/trace-derived
L2R,79.500000,0,0.000000,686413,670.325195,680.824880,0.000000,1100.000000,8,4,1.000000,ns3-simulated/trace-derived
L2R,80.500000,0,0.000000,686413,670.325195,680.824880,0.000000,1100.000000,8,4,1.000000,ns3-simulated/trace-derived
L2R,81.500000,0,0.000000,686413,670.325195,680.824880,0.000000,1100.000000,8,4,1.000000,ns3-simulated/trace-derived
L2R,82.500000,0,0.000000,686413,670.325195,680.824880,0.000000,1100.000000,8,4,1.000000,ns3-simulated/trace-derived
L2R,83.500000,0,0.000000,686413,670.325195,680.824880,0.000000,1100.000000,8,4,1.000000,ns3-simulated/trace-derived
L2R,84.500000,0,0.000000,686413,670.325195,680.824880,0.000000,1100.000000,8,4,1.000000,ns3-simulated/trace-derived
L2R,85.500000,0,0.000000,686413,670.325195,680.824880,0.000000,1100.000000,8,4,1.000000,ns3-simulated/trace-derived
L2R,86.500000,0,0.000000,686413,670.325195,680.824880,0.000000,1100.000000,8,4,1.000000,ns3-simulated/trace-derived
L2R,87.500000,0,0.000000,686413,670.325195,680.824880,0.000000,1100.000000,8,4,1.000000,ns3-simulated/trace-derived
L2R,88.500000,0,0.000000,686413,670.325195,680.824880,0.000000,1100.000000,8,4,1.000000,ns3-simulated/trace-derived
L2R,89.500000,0,0.000000,686413,670.325195,680.824880,0.000000,1100.000000,8,4,1.000000,ns3-simulated/trace-derived
L2R,90.500000,0,0.000000,686413,670.325195,680.824880,0.000000,1100.000000,8,4,1.000000,ns3-simulated/trace-derived
L2R,91.500000,0,0.000000,686413,670.325195,680.824880,0.000000,1100.000000,8,4,1.000000,ns3-simulated/trace-derived
L2R,92.500000,0,0.000000,686413,670.325195,680.824880,0.000000,1100.000000,8,4,1.000000,ns3-simulated/trace-derived
L2R,93.500000,0,0.000000,686413,670.325195,680.824880,0.000000,1100.000000,8,4,1.000000,ns3-simulated/trace-derived
L2R,94.500000,0,0.000000,686413,670.325195,680.824880,0.000000,1100.000000,8,4,1.000000,ns3-simulated/trace-derived
L2R,95.500000,0,0.000000,686413,670.325195,680.824880,0.000000,1100.000000,8,4,1.000000,ns3-simulated/trace-derived
L2R,96.500000,0,0.000000,686413,670.325195,680.824880,0.000000,1100.000000,8,4,1.000000,ns3-simulated/trace-derived
L2R,97.500000,0,0.000000,686413,670.325195,680.824880,0.000000,1100.000000,8,4,1.000000,ns3-simulated/trace-derived
L2R,98.500000,0,0.000000,686413,670.325195,680.824880,0.000000,1100.000000,8,4,1.000000,ns3-simulated/trace-derived
L2R,99.500000,0,0.000000,686413,670.325195,680.824880,0.000000,1100.000000,8,4,1.000000,ns3-simulated/trace-derived
L2R,100.500000,0,0.000000,686413,670.325195,680.824880,0.000000,1100.000000,8,4,1.000000,ns3-simulated/trace-derived
L2R,101.500000,0,0.000000,686413,670.325195,680.824880,0.000000,1100.000000,8,4,1.000000,ns3-simulated/trace-derived
L2R,102.500000,0,0.000000,686413,670.325195,680.824880,0.000000,1100.000000,8,4,1.000000,ns3-simulated/trace-derived
L2R,103.500000,0,0.000000,686413,670.325195,680.824880,0.000000,1100.000000,8,4,1.000000,ns3-simulated/trace-derived
L2R,104.500000,0,0.000000,686413,670.325195,680.824880,0.000000,1100.000000,8,4,1.000000,ns3-simulated/trace-derived
L2R,105.500000,0,0.000000,686413,670.325195,680.824880,0.000000,1100.000000,8,4,1.000000,ns3-simulated/trace-derived
L2R,106.500000,0,0.000000,686413,670.325195,680.824880,0.000000,1100.000000,8,4,1.000000,ns3-simulated/trace-derived
L2R,107.500000,0,0.000000,686413,670.325195,680.824880,0.000000,1100.000000,8,4,1.000000,ns3-simulated/trace-derived
L2R,108.500000,0,0.000000,686413,670.325195,680.824880,0.000000,1100.000000,8,4,1.000000,ns3-simulated/trace-derived
L2R,109.500000,0,0.000000,686413,670.325195,680.824880,0.000000,1100.000000,8,4,1.000000,ns3-simulated/trace-derived
L2R,110.500000,33392,32.609375,686413,670.325195,680.824880,0.000000,1100.000000,8,4,1.000000,ns3-simulated/trace-derived
L2R,111.500000,121046,118.208984,686413,670.325195,680.824880,0.000000,1100.000000,8,4,1.000000,ns3-simulated/trace-derived
L2R,112.500000,208700,203.808594,686413,670.325195,680.824880,0.000000,1100.000000,8,4,1.000000,ns3-simulated/trace-derived
L2R,113.500000,296354,289.408203,686413,670.325195,680.824880,0.000000,1100.000000,8,4,1.000000,ns3-simulated/trace-derived
L2R,114.500000,384008,375.007812,686413,670.325195,680.824880,0.000000,1100.000000,8,4,1.000000,ns3-simulated/trace-derived
L2R,115.500000,471662,460.607422,686413,670.325195,680.824880,0.000000,1100.000000,8,4,1.000000,ns3-simulated/trace-derived
L2R,116.500000,484184,472.835938,686413,670.325195,680.824880,0.000000,1100.000000,8,4,1.000000,ns3-simulated/trace-derived
L2R,117.500000,471662,460.607422,686413,670.325195,680.824880,0.000000,1100.000000,8,4,1.000000,ns3-simulated/trace-derived
L2R,118.500000,459140,448.378906,686413,670.325195,680.824880,0.000000,1100.000000,8,4,1.000000,ns3-simulated/trace-derived
L2R,119.500000,446618,436.150391,686413,670.325195,680.824880,0.000000,1100.000000,8,4,1.000000,ns3-simulated/trace-derived
L2R,120.500000,434096,423.921875,686413,670.325195,680.824880,0.000000,1100.000000,8,4,1.000000,ns3-simulated/trace-derived
L2R,121.500000,421698,411.814453,686413,670.325195,680.824880,0.000000,1100.000000,8,4,1.000000,ns3-simulated/trace-derived
L2R,122.500000,409176,399.585938,686413,670.325195,680.824880,0.000000,1100.000000,8,4,1.000000,ns3-simulated/trace-derived
L2R,123.500000,396654,387.357422,686413,670.325195,680.824880,0.000000,1100.000000,8,4,1.000000,ns3-simulated/trace-derived
L2R,124.500000,384132,375.128906,686413,670.325195,680.824880,0.000000,1100.000000,8,4,1.000000,ns3-simulated/trace-derived
L2R,125.500000,371610,362.900391,686413,670.325195,680.824880,0.000000,1100.000000,8,4,1.000000,ns3-simulated/trace-derived
L2R,126.500000,359088,350.671875,686413,670.325195,680.824880,0.000000,1100.000000,8,4,1.000000,ns3-simulated/trace-derived
L2R,127.500000,346566,338.443359,686413,670.325195,680.824880,0.000000,1100.000000,8,4,1.000000,ns3-simulated/trace-derived
L2R,128.500000,334044,326.214844,686413,670.325195,680.824880,0.000000,1100.000000,8,4,1.000000,ns3-simulated/trace-derived
L2R,129.500000,321522,313.986328,686413,670.325195,680.824880,0.000000,1100.000000,8,4,1.000000,ns3-simulated/trace-derived
L2R,130.500000,309000,301.757812,686413,670.325195,680.824880,0.000000,1100.000000,8,4,1.000000,ns3-simulated/trace-derived
L2R,131.500000,296540,289.589844,686413,670.325195,680.824880,0.000000,1100.000000,8,4,1.000000,ns3-simulated/trace-derived
L2R,132.500000,284080,277.421875,686413,670.325195,680.824880,0.000000,1100.000000,8,4,1.000000,ns3-simulated/trace-derived
L2R,133.500000,271558,265.193359,686413,670.325195,680.824880,0.000000,1100.000000,8,4,1.000000,ns3-simulated/trace-derived
L2R,134.500000,259036,252.964844,686413,670.325195,680.824880,0.000000,1100.000000,8,4,1.000000,ns3-simulated/trace-derived
L2R,135.500000,246514,240.736328,686413,670.325195,680.824880,0.000000,1100.000000,8,4,1.000000,ns3-simulated/trace-derived
L2R,136.500000,233992,228.507812,686413,670.325195,680.824880,0.000000,1100.000000,8,4,1.000000,ns3-simulated/trace-derived
L2R,137.500000,221470,216.279297,686413,670.325195,680.824880,0.000000,1100.000000,8,4,1.000000,ns3-simulated/trace-derived
L2R,138.500000,208948,204.050781,686413,670.325195,680.824880,0.000000,1100.000000,8,4,1.000000,ns3-simulated/trace-derived
L2R,139.500000,196426,191.822266,686413,670.325195,680.824880,0.000000,1100.000000,8,4,1.000000,ns3-simulated/trace-derived
L2R,140.500000,188078,183.669922,686413,670.325195,680.824880,0.000000,1100.000000,8,4,1.000000,ns3-simulated/trace-derived
L2R,141.500000,175556,171.441406,686413,670.325195,680.824880,0.000000,1100.000000,8,4,1.000000,ns3-simulated/trace-derived
L2R,142.500000,163158,159.333984,686413,670.325195,680.824880,0.000000,1100.000000,8,4,1.000000,ns3-simulated/trace-derived
L2R,143.500000,150636,147.105469,686413,670.325195,680.824880,0.000000,1100.000000,8,4,1.000000,ns3-simulated/trace-derived
L2R,144.500000,138114,134.876953,686413,670.325195,680.824880,0.000000,1100.000000,8,4,1.000000,ns3-simulated/trace-derived
L2R,145.500000,125592,122.648438,686413,670.325195,680.824880,0.000000,1100.000000,8,4,1.000000,ns3-simulated/trace-derived
L2R,146.500000,113070,110.419922,686413,670.325195,680.824880,0.000000,1100.000000,8,4,1.000000,ns3-simulated/trace-derived
L2R,147.500000,100548,98.191406,686413,670.325195,680.824880,0.000000,1100.000000,8,4,1.000000,ns3-simulated/trace-derived
L2R,148.500000,88026,85.962891,686413,670.325195,680.824880,0.000000,1100.000000,8,4,1.000000,ns3-simulated/trace-derived
L2R,149.500000,75504,73.734375,686413,670.325195,680.824880,0.000000,1100.000000,8,4,1.000000,ns3-simulated/trace-derived
L2R,150.500000,62982,61.505859,686413,670.325195,680.824880,0.000000,1100.000000,8,4,1.000000,ns3-simulated/trace-derived
L2R,151.500000,50460,49.277344,686413,670.325195,680.824880,0.000000,1100.000000,8,4,1.000000,ns3-simulated/trace-derived
L2R,152.500000,37938,37.048828,686413,670.325195,680.824880,0.000000,1100.000000,8,4,1.000000,ns3-simulated/trace-derived
L2R,153.500000,25540,24.941406,686413,670.325195,680.824880,0.000000,1100.000000,8,4,1.000000,ns3-simulated/trace-derived
L2R,154.500000,13018,12.712891,686413,670.325195,680.824880,0.000000,1100.000000,8,4,1.000000,ns3-simulated/trace-derived
L2R,155.500000,496,0.484375,686413,670.325195,680.824880,0.000000,1100.000000,8,4,1.000000,ns3-simulated/trace-derived
L2R,156.500000,0,0.000000,686413,670.325195,680.824880,0.000000,1100.000000,8,4,1.000000,ns3-simulated/trace-derived
L2R,157.500000,0,0.000000,686413,670.325195,680.824880,0.000000,1100.000000,8,4,1.000000,ns3-simulated/trace-derived
L2R,158.500000,0,0.000000,686413,670.325195,680.824880,0.000000,1100.000000,8,4,1.000000,ns3-simulated/trace-derived
L2R,159.500000,0,0.000000,686413,670.325195,680.824880,0.000000,1100.000000,8,4,1.000000,ns3-simulated/trace-derived
L2R,160.500000,0,0.000000,686413,670.325195,680.824880,0.000000,1100.000000,8,4,1.000000,ns3-simulated/trace-derived
L2R,161.500000,0,0.000000,686413,670.325195,680.824880,0.000000,1100.000000,8,4,1.000000,ns3-simulated/trace-derived
L2R,162.500000,0,0.000000,686413,670.325195,680.824880,0.000000,1100.000000,8,4,1.000000,ns3-simulated/trace-derived
L2R,163.500000,0,0.000000,686413,670.325195,680.824880,0.000000,1100.000000,8,4,1.000000,ns3-simulated/trace-derived
L2R,164.500000,0,0.000000,686413,670.325195,680.824880,0.000000,1100.000000,8,4,1.000000,ns3-simulated/trace-derived
L2R,165.500000,0,0.000000,686413,670.325195,680.824880,0.000000,1100.000000,8,4,1.000000,ns3-simulated/trace-derived
L2R,166.500000,0,0.000000,686413,670.325195,680.824880,0.000000,1100.000000,8,4,1.000000,ns3-simulated/trace-derived
L2R,167.500000,0,0.000000,686413,670.325195,680.824880,0.000000,1100.000000,8,4,1.000000,ns3-simulated/trace-derived
L2R,168.500000,0,0.000000,686413,670.325195,680.824880,0.000000,1100.000000,8,4,1.000000,ns3-simulated/trace-derived
L2R,169.500000,0,0.000000,686413,670.325195,680.824880,0.000000,1100.000000,8,4,1.000000,ns3-simulated/trace-derived
L2R,170.500000,0,0.000000,686413,670.325195,680.824880,0.000000,1100.000000,8,4,1.000000,ns3-simulated/trace-derived
L2R,171.500000,0,0.000000,686413,670.325195,680.824880,0.000000,1100.000000,8,4,1.000000,ns3-simulated/trace-derived
L2R,172.500000,0,0.000000,686413,670.325195,680.824880,0.000000,1100.000000,8,4,1.000000,ns3-simulated/trace-derived
L2R,173.500000,0,0.000000,686413,670.325195,680.824880,0.000000,1100.000000,8,4,1.000000,ns3-simulated/trace-derived
L2R,174.500000,0,0.000000,686413,670.325195,680.824880,0.000000,1100.000000,8,4,1.000000,ns3-simulated/trace-derived
L2R,175.500000,0,0.000000,686413,670.325195,680.824880,0.000000,1100.000000,8,4,1.000000,ns3-simulated/trace-derived
L2R,176.500000,0,0.000000,686413,670.325195,680.824880,0.000000,1100.000000,8,4,1.000000,ns3-simulated/trace-derived
L2R,177.500000,0,0.000000,686413,670.325195,680.824880,0.000000,1100.000000,8,4,1.000000,ns3-simulated/trace-derived
L2R,178.500000,0,0.000000,686413,670.325195,680.824880,0.000000,1100.000000,8,4,1.000000,ns3-simulated/trace-derived
L2R,179.500000,0,0.000000,686413,670.325195,680.824880,0.000000,1100.000000,8,4,1.000000,ns3-simulated/trace-derived
L2R,180.500000,0,0.000000,686413,670.325195,680.824880,0.000000,1100.000000,8,4,1.000000,ns3-simulated/trace-derived
L2R,181.500000,0,0.000000,686413,670.325195,680.824880,0.000000,1100.000000,8,4,1.000000,ns3-simulated/trace-derived
L2R,182.500000,0,0.000000,686413,670.325195,680.824880,0.000000,1100.000000,8,4,1.000000,ns3-simulated/trace-derived
L2R,183.500000,0,0.000000,686413,670.325195,680.824880,0.000000,1100.000000,8,4,1.000000,ns3-simulated/trace-derived
L2R,184.500000,0,0.000000,686413,670.325195,680.824880,0.000000,1100.000000,8,4,1.000000,ns3-simulated/trace-derived
L2R,185.500000,0,0.000000,686413,670.325195,680.824880,0.000000,1100.000000,8,4,1.000000,ns3-simulated/trace-derived
L2R,186.500000,0,0.000000,686413,670.325195,680.824880,0.000000,1100.000000,8,4,1.000000,ns3-simulated/trace-derived
L2R,187.500000,0,0.000000,686413,670.325195,680.824880,0.000000,1100.000000,8,4,1.000000,ns3-simulated/trace-derived
L2R,188.500000,0,0.000000,686413,670.325195,680.824880,0.000000,1100.000000,8,4,1.000000,ns3-simulated/trace-derived
L2R,189.500000,0,0.000000,686413,670.325195,680.824880,0.000000,1100.000000,8,4,1.000000,ns3-simulated/trace-derived
L2R,190.500000,0,0.000000,686413,670.325195,680.824880,0.000000,1100.000000,8,4,1.000000,ns3-simulated/trace-derived
L2R,191.500000,0,0.000000,686413,670.325195,680.824880,0.000000,1100.000000,8,4,1.000000,ns3-simulated/trace-derived
L2R,192.500000,0,0.000000,686413,670.325195,680.824880,0.000000,1100.000000,8,4,1.000000,ns3-simulated/trace-derived
L2R,193.500000,0,0.000000,686413,670.325195,680.824880,0.000000,1100.000000,8,4,1.000000,ns3-simulated/trace-derived
L2R,194.500000,0,0.000000,686413,670.325195,680.824880,0.000000,1100.000000,8,4,1.000000,ns3-simulated/trace-derived
L2R,195.500000,0,0.000000,686413,670.325195,680.824880,0.000000,1100.000000,8,4,1.000000,ns3-simulated/trace-derived
L2R,196.500000,0,0.000000,686413,670.325195,680.824880,0.000000,1100.000000,8,4,1.000000,ns3-simulated/trace-derived
L2R,197.500000,0,0.000000,686413,670.325195,680.824880,0.000000,1100.000000,8,4,1.000000,ns3-simulated/trace-derived
L2R,198.500000,0,0.000000,686413,670.325195,680.824880,0.000000,1100.000000,8,4,1.000000,ns3-simulated/trace-derived
L2R,199.500000,0,0.000000,686413,670.325195,680.824880,0.000000,1100.000000,8,4,1.000000,ns3-simulated/trace-derived
L2R,200.500000,0,0.000000,686413,670.325195,680.824880,0.000000,1100.000000,8,4,1.000000,ns3-simulated/trace-derived
L2R,201.500000,0,0.000000,686413,670.325195,680.824880,0.000000,1100.000000,8,4,1.000000,ns3-simulated/trace-derived
L2R,202.500000,0,0.000000,686413,670.325195,680.824880,0.000000,1100.000000,8,4,1.000000,ns3-simulated/trace-derived
L2R,203.500000,0,0.000000,686413,670.325195,680.824880,0.000000,1100.000000,8,4,1.000000,ns3-simulated/trace-derived
L2R,204.500000,0,0.000000,686413,670.325195,680.824880,0.000000,1100.000000,8,4,1.000000,ns3-simulated/trace-derived
L2R,205.500000,0,0.000000,686413,670.325195,680.824880,0.000000,1100.000000,8,4,1.000000,ns3-simulated/trace-derived
L2R,206.500000,0,0.000000,686413,670.325195,680.824880,0.000000,1100.000000,8,4,1.000000,ns3-simulated/trace-derived
L2R,207.500000,0,0.000000,686413,670.325195,680.824880,0.000000,1100.000000,8,4,1.000000,ns3-simulated/trace-derived
L2R,208.500000,0,0.000000,686413,670.325195,680.824880,0.000000,1100.000000,8,4,1.000000,ns3-simulated/trace-derived
L2R,209.500000,0,0.000000,686413,670.325195,680.824880,0.000000,1100.000000,8,4,1.000000,ns3-simulated/trace-derived
L2R,210.500000,0,0.000000,686413,670.325195,680.824880,0.000000,1100.000000,8,4,1.000000,ns3-simulated/trace-derived
L2R,211.500000,0,0.000000,686413,670.325195,680.824880,0.000000,1100.000000,8,4,1.000000,ns3-simulated/trace-derived
L2R,212.500000,0,0.000000,686413,670.325195,680.824880,0.000000,1100.000000,8,4,1.000000,ns3-simulated/trace-derived
L2R,213.500000,0,0.000000,686413,670.325195,680.824880,0.000000,1100.000000,8,4,1.000000,ns3-simulated/trace-derived
L2R,214.500000,0,0.000000,686413,670.325195,680.824880,0.000000,1100.000000,8,4,1.000000,ns3-simulated/trace-derived
L2R,215.500000,0,0.000000,686413,670.325195,680.824880,0.000000,1100.000000,8,4,1.000000,ns3-simulated/trace-derived
L2R,216.500000,0,0.000000,686413,670.325195,680.824880,0.000000,1100.000000,8,4,1.000000,ns3-simulated/trace-derived
L2R,217.500000,0,0.000000,686413,670.325195,680.824880,0.000000,1100.000000,8,4,1.000000,ns3-simulated/trace-derived
L2R,218.500000,0,0.000000,686413,670.325195,680.824880,0.000000,1100.000000,8,4,1.000000,ns3-simulated/trace-derived
L2R,219.500000,0,0.000000,686413,670.325195,680.824880,0.000000,1100.000000,8,4,1.000000,ns3-simulated/trace-derived
L2R,220.500000,12522,12.228516,686413,670.325195,680.824880,0.000000,1100.000000,8,4,1.000000,ns3-simulated/trace-derived
L2R,221.500000,50150,48.974609,686413,670.325195,680.824880,0.000000,1100.000000,8,4,1.000000,ns3-simulated/trace-derived
L2R,222.500000,87716,85.660156,686413,670.325195,680.824880,0.000000,1100.000000,8,4,1.000000,ns3-simulated/trace-derived
L2R,223.500000,129518,126.482422,686413,670.325195,680.824880,0.000000,1100.000000,8,4,1.000000,ns3-simulated/trace-derived
L2R,224.500000,167084,163.167969,686413,670.325195,680.824880,0.000000,1100.000000,8,4,1.000000,ns3-simulated/trace-derived
L2R,225.500000,204650,199.853516,686413,670.325195,680.824880,0.000000,1100.000000,8,4,1.000000,ns3-simulated/trace-derived
L2R,226.500000,204729,199.930664,686413,670.325195,680.824880,0.000000,1100.000000,8,4,1.000000,ns3-simulated/trace-derived
L2R,227.500000,192252,187.746094,686413,670.325195,680.824880,0.000000,1100.000000,8,4,1.000000,ns3-simulated/trace-derived
L2R,228.500000,179730,175.517578,686413,670.325195,680.824880,0.000000,1100.000000,8,4,1.000000,ns3-simulated/trace-derived
L2R,229.500000,167146,163.228516,686413,670.325195,680.824880,0.000000,1100.000000,8,4,1.000000,ns3-simulated/trace-derived
L2R,230.500000,154624,151.000000,686413,670.325195,680.824880,0.000000,1100.000000,8,4,1.000000,ns3-simulated/trace-derived
L2R,231.500000,142181,138.848633,686413,670.325195,680.824880,0.000000,1100.000000,8,4,1.000000,ns3-simulated/trace-derived
L2R,232.500000,129642,126.603516,686413,670.325195,680.824880,0.000000,1100.000000,8,4,1.000000,ns3-simulated/trace-derived
L2R,233.500000,117182,114.435547,686413,670.325195,680.824880,0.000000,1100.000000,8,4,1.000000,ns3-simulated/trace-derived
L2R,234.500000,104660,102.207031,686413,670.325195,680.824880,0.000000,1100.000000,8,4,1.000000,ns3-simulated/trace-derived
L2R,235.500000,92138,89.978516,686413,670.325195,680.824880,0.000000,1100.000000,8,4,1.000000,ns3-simulated/trace-derived
L2R,236.500000,79616,77.750000,686413,670.325195,680.824880,0.000000,1100.000000,8,4,1.000000,ns3-simulated/trace-derived
L2R,237.500000,71409,69.735352,686413,670.325195,680.824880,0.000000,1100.000000,8,4,1.000000,ns3-simulated/trace-derived
L2R,238.500000,58932,57.550781,686413,670.325195,680.824880,0.000000,1100.000000,8,4,1.000000,ns3-simulated/trace-derived
L2R,239.500000,46410,45.322266,686413,670.325195,680.824880,0.000000,1100.000000,8,4,1.000000,ns3-simulated/trace-derived
L2R,240.500000,33888,33.093750,686413,670.325195,680.824880,0.000000,1100.000000,8,4,1.000000,ns3-simulated/trace-derived
L2R,241.500000,21366,20.865234,686413,670.325195,680.824880,0.000000,1100.000000,8,4,1.000000,ns3-simulated/trace-derived
L2R,242.500000,8923,8.713867,686413,670.325195,680.824880,0.000000,1100.000000,8,4,1.000000,ns3-simulated/trace-derived
L2R,243.500000,0,0.000000,686413,670.325195,680.824880,0.000000,1100.000000,8,4,1.000000,ns3-simulated/trace-derived
L2R,244.500000,0,0.000000,686413,670.325195,680.824880,0.000000,1100.000000,8,4,1.000000,ns3-simulated/trace-derived
L2R,245.500000,0,0.000000,686413,670.325195,680.824880,0.000000,1100.000000,8,4,1.000000,ns3-simulated/trace-derived
L2R,246.500000,0,0.000000,686413,670.325195,680.824880,0.000000,1100.000000,8,4,1.000000,ns3-simulated/trace-derived
L2R,247.500000,0,0.000000,686413,670.325195,680.824880,0.000000,1100.000000,8,4,1.000000,ns3-simulated/trace-derived
L2R,248.500000,0,0.000000,686413,670.325195,680.824880,0.000000,1100.000000,8,4,1.000000,ns3-simulated/trace-derived
L2R,249.500000,0,0.000000,686413,670.325195,680.824880,0.000000,1100.000000,8,4,1.000000,ns3-simulated/trace-derived
L2R,250.500000,0,0.000000,686413,670.325195,680.824880,0.000000,1100.000000,8,4,1.000000,ns3-simulated/trace-derived
L2R,251.500000,0,0.000000,686413,670.325195,680.824880,0.000000,1100.000000,8,4,1.000000,ns3-simulated/trace-derived
L2R,252.500000,0,0.000000,686413,670.325195,680.824880,0.000000,1100.000000,8,4,1.000000,ns3-simulated/trace-derived
L2R,253.500000,0,0.000000,686413,670.325195,680.824880,0.000000,1100.000000,8,4,1.000000,ns3-simulated/trace-derived
L2R,254.500000,0,0.000000,686413,670.325195,680.824880,0.000000,1100.000000,8,4,1.000000,ns3-simulated/trace-derived
L2R,255.500000,0,0.000000,686413,670.325195,680.824880,0.000000,1100.000000,8,4,1.000000,ns3-simulated/trace-derived
L2R,256.500000,0,0.000000,686413,670.325195,680.824880,0.000000,1100.000000,8,4,1.000000,ns3-simulated/trace-derived
L2R,257.500000,0,0.000000,686413,670.325195,680.824880,0.000000,1100.000000,8,4,1.000000,ns3-simulated/trace-derived
L2R,258.500000,0,0.000000,686413,670.325195,680.824880,0.000000,1100.000000,8,4,1.000000,ns3-simulated/trace-derived
L2R,259.500000,0,0.000000,686413,670.325195,680.824880,0.000000,1100.000000,8,4,1.000000,ns3-simulated/trace-derived
L2R,260.500000,0,0.000000,686413,670.325195,680.824880,0.000000,1100.000000,8,4,1.000000,ns3-simulated/trace-derived
L2R,261.500000,0,0.000000,686413,670.325195,680.824880,0.000000,1100.000000,8,4,1.000000,ns3-simulated/trace-derived
L2R,262.500000,0,0.000000,686413,670.325195,680.824880,0.000000,1100.000000,8,4,1.000000,ns3-simulated/trace-derived
L2R,263.500000,0,0.000000,686413,670.325195,680.824880,0.000000,1100.000000,8,4,1.000000,ns3-simulated/trace-derived
L2R,264.500000,0,0.000000,686413,670.325195,680.824880,0.000000,1100.000000,8,4,1.000000,ns3-simulated/trace-derived
L2R,265.500000,0,0.000000,686413,670.325195,680.824880,0.000000,1100.000000,8,4,1.000000,ns3-simulated/trace-derived
L2R,266.500000,0,0.000000,686413,670.325195,680.824880,0.000000,1100.000000,8,4,1.000000,ns3-simulated/trace-derived
L2R,267.500000,0,0.000000,686413,670.325195,680.824880,0.000000,1100.000000,8,4,1.000000,ns3-simulated/trace-derived
L2R,268.500000,0,0.000000,686413,670.325195,680.824880,0.000000,1100.000000,8,4,1.000000,ns3-simulated/trace-derived
L2R,269.500000,0,0.000000,686413,670.325195,680.824880,0.000000,1100.000000,8,4,1.000000,ns3-simulated/trace-derived
L2R,270.500000,0,0.000000,686413,670.325195,680.824880,0.000000,1100.000000,8,4,1.000000,ns3-simulated/trace-derived
L2R,271.500000,0,0.000000,686413,670.325195,680.824880,0.000000,1100.000000,8,4,1.000000,ns3-simulated/trace-derived
L2R,272.500000,0,0.000000,686413,670.325195,680.824880,0.000000,1100.000000,8,4,1.000000,ns3-simulated/trace-derived
L2R,273.500000,0,0.000000,686413,670.325195,680.824880,0.000000,1100.000000,8,4,1.000000,ns3-simulated/trace-derived
L2R,274.500000,0,0.000000,686413,670.325195,680.824880,0.000000,1100.000000,8,4,1.000000,ns3-simulated/trace-derived
L2R,275.500000,0,0.000000,686413,670.325195,680.824880,0.000000,1100.000000,8,4,1.000000,ns3-simulated/trace-derived
L2R,276.500000,0,0.000000,686413,670.325195,680.824880,0.000000,1100.000000,8,4,1.000000,ns3-simulated/trace-derived
L2R,277.500000,0,0.000000,686413,670.325195,680.824880,0.000000,1100.000000,8,4,1.000000,ns3-simulated/trace-derived
L2R,278.500000,0,0.000000,686413,670.325195,680.824880,0.000000,1100.000000,8,4,1.000000,ns3-simulated/trace-derived
L2R,279.500000,0,0.000000,686413,670.325195,680.824880,0.000000,1100.000000,8,4,1.000000,ns3-simulated/trace-derived
L2R,280.500000,0,0.000000,686413,670.325195,680.824880,0.000000,1100.000000,8,4,1.000000,ns3-simulated/trace-derived
L2R,281.500000,0,0.000000,686413,670.325195,680.824880,0.000000,1100.000000,8,4,1.000000,ns3-simulated/trace-derived
L2R,282.500000,0,0.000000,686413,670.325195,680.824880,0.000000,1100.000000,8,4,1.000000,ns3-simulated/trace-derived
L2R,283.500000,0,0.000000,686413,670.325195,680.824880,0.000000,1100.000000,8,4,1.000000,ns3-simulated/trace-derived
L2R,284.500000,0,0.000000,686413,670.325195,680.824880,0.000000,1100.000000,8,4,1.000000,ns3-simulated/trace-derived
L2R,285.500000,0,0.000000,686413,670.325195,680.824880,0.000000,1100.000000,8,4,1.000000,ns3-simulated/trace-derived
L2R,286.500000,0,0.000000,686413,670.325195,680.824880,0.000000,1100.000000,8,4,1.000000,ns3-simulated/trace-derived
L2R,287.500000,0,0.000000,686413,670.325195,680.824880,0.000000,1100.000000,8,4,1.000000,ns3-simulated/trace-derived
L2R,288.500000,0,0.000000,686413,670.325195,680.824880,0.000000,1100.000000,8,4,1.000000,ns3-simulated/trace-derived
L2R,289.500000,0,0.000000,686413,670.325195,680.824880,0.000000,1100.000000,8,4,1.000000,ns3-simulated/trace-derived
L2R,290.500000,0,0.000000,686413,670.325195,680.824880,0.000000,1100.000000,8,4,1.000000,ns3-simulated/trace-derived
L2R,291.500000,0,0.000000,686413,670.325195,680.824880,0.000000,1100.000000,8,4,1.000000,ns3-simulated/trace-derived
L2R,292.500000,0,0.000000,686413,670.325195,680.824880,0.000000,1100.000000,8,4,1.000000,ns3-simulated/trace-derived
L2R,293.500000,0,0.000000,686413,670.325195,680.824880,0.000000,1100.000000,8,4,1.000000,ns3-simulated/trace-derived
L2R,294.500000,0,0.000000,686413,670.325195,680.824880,0.000000,1100.000000,8,4,1.000000,ns3-simulated/trace-derived
L2R,295.500000,0,0.000000,686413,670.325195,680.824880,0.000000,1100.000000,8,4,1.000000,ns3-simulated/trace-derived
L2R,296.500000,0,0.000000,686413,670.325195,680.824880,0.000000,1100.000000,8,4,1.000000,ns3-simulated/trace-derived
L2R,297.500000,0,0.000000,686413,670.325195,680.824880,0.000000,1100.000000,8,4,1.000000,ns3-simulated/trace-derived
L2R,298.500000,0,0.000000,686413,670.325195,680.824880,0.000000,1100.000000,8,4,1.000000,ns3-simulated/trace-derived
L2R,299.500000,0,0.000000,686413,670.325195,680.824880,0.000000,1100.000000,8,4,1.000000,ns3-simulated/trace-derived
L2R,300.500000,0,0.000000,686413,670.325195,680.824880,0.000000,1100.000000,8,4,1.000000,ns3-simulated/trace-derived
L2R,301.500000,0,0.000000,686413,670.325195,680.824880,0.000000,1100.000000,8,4,1.000000,ns3-simulated/trace-derived
L2R,302.500000,0,0.000000,686413,670.325195,680.824880,0.000000,1100.000000,8,4,1.000000,ns3-simulated/trace-derived
L2R,303.500000,0,0.000000,686413,670.325195,680.824880,0.000000,1100.000000,8,4,1.000000,ns3-simulated/trace-derived
L2R,304.500000,0,0.000000,686413,670.325195,680.824880,0.000000,1100.000000,8,4,1.000000,ns3-simulated/trace-derived
L2R,305.500000,0,0.000000,686413,670.325195,680.824880,0.000000,1100.000000,8,4,1.000000,ns3-simulated/trace-derived
L2R,306.500000,0,0.000000,686413,670.325195,680.824880,0.000000,1100.000000,8,4,1.000000,ns3-simulated/trace-derived
L2R,307.500000,0,0.000000,686413,670.325195,680.824880,0.000000,1100.000000,8,4,1.000000,ns3-simulated/trace-derived
L2R,308.500000,0,0.000000,686413,670.325195,680.824880,0.000000,1100.000000,8,4,1.000000,ns3-simulated/trace-derived
L2R,309.500000,0,0.000000,686413,670.325195,680.824880,0.000000,1100.000000,8,4,1.000000,ns3-simulated/trace-derived
L2R,310.500000,0,0.000000,686413,670.325195,680.824880,0.000000,1100.000000,8,4,1.000000,ns3-simulated/trace-derived
L2R,311.500000,0,0.000000,686413,670.325195,680.824880,0.000000,1100.000000,8,4,1.000000,ns3-simulated/trace-derived
L2R,312.500000,0,0.000000,686413,670.325195,680.824880,0.000000,1100.000000,8,4,1.000000,ns3-simulated/trace-derived
L2R,313.500000,0,0.000000,686413,670.325195,680.824880,0.000000,1100.000000,8,4,1.000000,ns3-simulated/trace-derived
L2R,314.500000,0,0.000000,686413,670.325195,680.824880,0.000000,1100.000000,8,4,1.000000,ns3-simulated/trace-derived
L2R,315.500000,0,0.000000,686413,670.325195,680.824880,0.000000,1100.000000,8,4,1.000000,ns3-simulated/trace-derived
L2R,316.500000,0,0.000000,686413,670.325195,680.824880,0.000000,1100.000000,8,4,1.000000,ns3-simulated/trace-derived
L2R,317.500000,0,0.000000,686413,670.325195,680.824880,0.000000,1100.000000,8,4,1.000000,ns3-simulated/trace-derived
L2R,318.500000,0,0.000000,686413,670.325195,680.824880,0.000000,1100.000000,8,4,1.000000,ns3-simulated/trace-derived
L2R,319.500000,0,0.000000,686413,670.325195,680.824880,0.000000,1100.000000,8,4,1.000000,ns3-simulated/trace-derived
L2R,320.500000,0,0.000000,686413,670.325195,680.824880,0.000000,1100.000000,8,4,1.000000,ns3-simulated/trace-derived
L2R,321.500000,0,0.000000,686413,670.325195,680.824880,0.000000,1100.000000,8,4,1.000000,ns3-simulated/trace-derived
L2R,322.500000,0,0.000000,686413,670.325195,680.824880,0.000000,1100.000000,8,4,1.000000,ns3-simulated/trace-derived
L2R,323.500000,0,0.000000,686413,670.325195,680.824880,0.000000,1100.000000,8,4,1.000000,ns3-simulated/trace-derived
L2R,324.500000,0,0.000000,686413,670.325195,680.824880,0.000000,1100.000000,8,4,1.000000,ns3-simulated/trace-derived
L2R,325.500000,0,0.000000,686413,670.325195,680.824880,0.000000,1100.000000,8,4,1.000000,ns3-simulated/trace-derived
L2R,326.500000,0,0.000000,686413,670.325195,680.824880,0.000000,1100.000000,8,4,1.000000,ns3-simulated/trace-derived
L2R,327.500000,0,0.000000,686413,670.325195,680.824880,0.000000,1100.000000,8,4,1.000000,ns3-simulated/trace-derived
L2R,328.500000,0,0.000000,686413,670.325195,680.824880,0.000000,1100.000000,8,4,1.000000,ns3-simulated/trace-derived
L2R,329.500000,0,0.000000,686413,670.325195,680.824880,0.000000,1100.000000,8,4,1.000000,ns3-simulated/trace-derived
L2R,330.500000,33392,32.609375,686413,670.325195,680.824880,0.000000,1100.000000,8,4,1.000000,ns3-simulated/trace-derived
L2R,331.500000,121046,118.208984,686413,670.325195,680.824880,0.000000,1100.000000,8,4,1.000000,ns3-simulated/trace-derived
L2R,332.500000,208700,203.808594,686413,670.325195,680.824880,0.000000,1100.000000,8,4,1.000000,ns3-simulated/trace-derived
L2R,333.500000,296354,289.408203,686413,670.325195,680.824880,0.000000,1100.000000,8,4,1.000000,ns3-simulated/trace-derived
L2R,334.500000,384008,375.007812,686413,670.325195,680.824880,0.000000,1100.000000,8,4,1.000000,ns3-simulated/trace-derived
L2R,335.500000,471662,460.607422,686413,670.325195,680.824880,0.000000,1100.000000,8,4,1.000000,ns3-simulated/trace-derived
L2R,336.500000,521750,509.521484,686413,670.325195,680.824880,0.000000,1100.000000,8,4,1.000000,ns3-simulated/trace-derived
L2R,337.500000,559316,546.207031,686413,670.325195,680.824880,0.000000,1100.000000,8,4,1.000000,ns3-simulated/trace-derived
L2R,338.500000,596882,582.892578,686413,670.325195,680.824880,0.000000,1100.000000,8,4,1.000000,ns3-simulated/trace-derived
L2R,339.500000,634448,619.578125,686413,670.325195,680.824880,0.000000,1100.000000,8,4,1.000000,ns3-simulated/trace-derived
L2R,340.500000,672014,656.263672,686413,670.325195,680.824880,0.000000,1100.000000,8,4,1.000000,ns3-simulated/trace-derived
L2R,341.500000,672138,656.384766,686413,670.325195,680.824880,0.000000,1100.000000,8,4,1.000000,ns3-simulated/trace-derived
L2R,342.500000,659616,644.156250,686413,670.325195,680.824880,0.000000,1100.000000,8,4,1.000000,ns3-simulated/trace-derived
L2R,343.500000,647094,631.927734,686413,670.325195,680.824880,0.000000,1100.000000,8,4,1.000000,ns3-simulated/trace-derived
L2R,344.500000,634572,619.699219,686413,670.325195,680.824880,0.000000,1100.000000,8,4,1.000000,ns3-simulated/trace-derived
L2R,345.500000,622050,607.470703,686413,670.325195,680.824880,0.000000,1100.000000,8,4,1.000000,ns3-simulated/trace-derived
L2R,346.500000,609528,595.242188,686413,670.325195,680.824880,0.000000,1100.000000,8,4,1.000000,ns3-simulated/trace-derived
L2R,347.500000,597006,583.013672,686413,670.325195,680.824880,0.000000,1100.000000,8,4,1.000000,ns3-simulated/trace-derived
L2R,348.500000,584484,570.785156,686413,670.325195,680.824880,0.000000,1100.000000,8,4,1.000000,ns3-simulated/trace-derived
L2R,349.500000,571962,558.556641,686413,670.325195,680.824880,0.000000,1100.000000,8,4,1.000000,ns3-simulated/trace-derived
L2R,350.500000,559440,546.328125,686413,670.325195,680.824880,0.000000,1100.000000,8,4,1.000000,ns3-simulated/trace-derived
L2R,351.500000,546980,534.160156,686413,670.325195,680.824880,0.000000,1100.000000,8,4,1.000000,ns3-simulated/trace-derived
L2R,352.500000,534520,521.992188,686413,670.325195,680.824880,0.000000,1100.000000,8,4,1.000000,ns3-simulated/trace-derived
L2R,353.500000,521998,509.763672,686413,670.325195,680.824880,0.000000,1100.000000,8,4,1.000000,ns3-simulated/trace-derived
L2R,354.500000,509476,497.535156,686413,670.325195,680.824880,0.000000,1100.000000,8,4,1.000000,ns3-simulated/trace-derived
L2R,355.500000,496954,485.306641,686413,670.325195,680.824880,0.000000,1100.000000,8,4,1.000000,ns3-simulated/trace-derived
L2R,356.500000,484432,473.078125,686413,670.325195,680.824880,0.000000,1100.000000,8,4,1.000000,ns3-simulated/trace-derived
L2R,357.500000,471910,460.849609,686413,670.325195,680.824880,0.000000,1100.000000,8,4,1.000000,ns3-simulated/trace-derived
L2R,358.500000,459388,448.621094,686413,670.325195,680.824880,0.000000,1100.000000,8,4,1.000000,ns3-simulated/trace-derived
L2R,359.500000,446866,436.392578,686413,670.325195,680.824880,0.000000,1100.000000,8,4,1.000000,ns3-simulated/trace-derived
L2R,360.500000,438518,428.240234,686413,670.325195,680.824880,0.000000,1100.000000,8,4,1.000000,ns3-simulated/trace-derived
L2R,361.500000,425996,416.011719,686413,670.325195,680.824880,0.000000,1100.000000,8,4,1.000000,ns3-simulated/trace-derived
L2R,362.500000,413598,403.904297,686413,670.325195,680.824880,0.000000,1100.000000,8,4,1.000000,ns3-simulated/trace-derived
L2R,363.500000,401076,391.675781,686413,670.325195,680.824880,0.000000,1100.000000,8,4,1.000000,ns3-simulated/trace-derived
L2R,364.500000,388554,379.447266,686413,670.325195,680.824880,0.000000,1100.000000,8,4,1.000000,ns3-simulated/trace-derived
L2R,365.500000,376032,367.218750,686413,670.325195,680.824880,0.000000,1100.000000,8,4,1.000000,ns3-simulated/trace-derived
L2R,366.500000,363510,354.990234,686413,670.325195,680.824880,0.000000,1100.000000,8,4,1.000000,ns3-simulated/trace-derived
L2R,367.500000,350988,342.761719,686413,670.325195,680.824880,0.000000,1100.000000,8,4,1.000000,ns3-simulated/trace-derived
L2R,368.500000,338466,330.533203,686413,670.325195,680.824880,0.000000,1100.000000,8,4,1.000000,ns3-simulated/trace-derived
L2R,369.500000,325944,318.304688,686413,670.325195,680.824880,0.000000,1100.000000,8,4,1.000000,ns3-simulated/trace-derived
L2R,370.500000,313422,306.076172,686413,670.325195,680.824880,0.000000,1100.000000,8,4,1.000000,ns3-simulated/trace-derived
L2R,371.500000,300900,293.847656,686413,670.325195,680.824880,0.000000,1100.000000,8,4,1.000000,ns3-simulated/trace-derived
L2R,372.500000,288378,281.619141,686413,670.325195,680.824880,0.000000,1100.000000,8,4,1.000000,ns3-simulated/trace-derived
L2R,373.500000,275980,269.511719,686413,670.325195,680.824880,0.000000,1100.000000,8,4,1.000000,ns3-simulated/trace-derived
L2R,374.500000,263458,257.283203,686413,670.325195,680.824880,0.000000,1100.000000,8,4,1.000000,ns3-simulated/trace-derived
L2R,375.500000,250936,245.054688,686413,670.325195,680.824880,0.000000,1100.000000,8,4,1.000000,ns3-simulated/trace-derived
L2R,376.500000,238352,232.765625,686413,670.325195,680.824880,0.000000,1100.000000,8,4,1.000000,ns3-simulated/trace-derived
L2R,377.500000,225644,220.355469,686413,670.325195,680.824880,0.000000,1100.000000,8,4,1.000000,ns3-simulated/trace-derived
L2R,378.500000,213122,208.126953,686413,670.325195,680.824880,0.000000,1100.000000,8,4,1.000000,ns3-simulated/trace-derived
L2R,379.500000,200600,195.898438,686413,670.325195,680.824880,0.000000,1100.000000,8,4,1.000000,ns3-simulated/trace-derived
L2R,380.500000,188140,183.730469,686413,670.325195,680.824880,0.000000,1100.000000,8,4,1.000000,ns3-simulated/trace-derived
L2R,381.500000,175618,171.501953,686413,670.325195,680.824880,0.000000,1100.000000,8,4,1.000000,ns3-simulated/trace-derived
L2R,382.500000,163096,159.273438,686413,670.325195,680.824880,0.000000,1100.000000,8,4,1.000000,ns3-simulated/trace-derived
L2R,383.500000,150574,147.044922,686413,670.325195,680.824880,0.000000,1100.000000,8,4,1.000000,ns3-simulated/trace-derived
L2R,384.500000,138052,134.816406,686413,670.325195,680.824880,0.000000,1100.000000,8,4,1.000000,ns3-simulated/trace-derived
L2R,385.500000,125592,122.648438,686413,670.325195,680.824880,0.000000,1100.000000,8,4,1.000000,ns3-simulated/trace-derived
L2R,386.500000,113070,110.419922,686413,670.325195,680.824880,0.000000,1100.000000,8,4,1.000000,ns3-simulated/trace-derived
L2R,387.500000,100548,98.191406,686413,670.325195,680.824880,0.000000,1100.000000,8,4,1.000000,ns3-simulated/trace-derived
L2R,388.500000,88026,85.962891,686413,670.325195,680.824880,0.000000,1100.000000,8,4,1.000000,ns3-simulated/trace-derived
L2R,389.500000,75504,73.734375,686413,670.325195,680.824880,0.000000,1100.000000,8,4,1.000000,ns3-simulated/trace-derived
L2R,390.500000,62982,61.505859,686413,670.325195,680.824880,0.000000,1100.000000,8,4,1.000000,ns3-simulated/trace-derived
L2R,391.500000,50522,49.337891,686413,670.325195,680.824880,0.000000,1100.000000,8,4,1.000000,ns3-simulated/trace-derived
L2R,392.500000,38000,37.109375,686413,670.325195,680.824880,0.000000,1100.000000,8,4,1.000000,ns3-simulated/trace-derived
L2R,393.500000,25478,24.880859,686413,670.325195,680.824880,0.000000,1100.000000,8,4,1.000000,ns3-simulated/trace-derived
L2R,394.500000,12956,12.652344,686413,670.325195,680.824880,0.000000,1100.000000,8,4,1.000000,ns3-simulated/trace-derived
L2R,395.500000,434,0.423828,686413,670.325195,680.824880,0.000000,1100.000000,8,4,1.000000,ns3-simulated/trace-derived
L2R,396.500000,0,0.000000,686413,670.325195,680.824880,0.000000,1100.000000,8,4,1.000000,ns3-simulated/trace-derived
L2R,397.500000,0,0.000000,686413,670.325195,680.824880,0.000000,1100.000000,8,4,1.000000,ns3-simulated/trace-derived
L2R,398.500000,0,0.000000,686413,670.325195,680.824880,0.000000,1100.000000,8,4,1.000000,ns3-simulated/trace-derived
L2R,399.500000,0,0.000000,686413,670.325195,680.824880,0.000000,1100.000000,8,4,1.000000,ns3-simulated/trace-derived
L2R,400.500000,0,0.000000,686413,670.325195,680.824880,0.000000,1100.000000,8,4,1.000000,ns3-simulated/trace-derived
L2R,401.500000,0,0.000000,686413,670.325195,680.824880,0.000000,1100.000000,8,4,1.000000,ns3-simulated/trace-derived
L2R,402.500000,0,0.000000,686413,670.325195,680.824880,0.000000,1100.000000,8,4,1.000000,ns3-simulated/trace-derived
L2R,403.500000,0,0.000000,686413,670.325195,680.824880,0.000000,1100.000000,8,4,1.000000,ns3-simulated/trace-derived
L2R,404.500000,0,0.000000,686413,670.325195,680.824880,0.000000,1100.000000,8,4,1.000000,ns3-simulated/trace-derived
L2R,405.500000,0,0.000000,686413,670.325195,680.824880,0.000000,1100.000000,8,4,1.000000,ns3-simulated/trace-derived
L2R,406.500000,0,0.000000,686413,670.325195,680.824880,0.000000,1100.000000,8,4,1.000000,ns3-simulated/trace-derived
L2R,407.500000,0,0.000000,686413,670.325195,680.824880,0.000000,1100.000000,8,4,1.000000,ns3-simulated/trace-derived
L2R,408.500000,0,0.000000,686413,670.325195,680.824880,0.000000,1100.000000,8,4,1.000000,ns3-simulated/trace-derived
L2R,409.500000,0,0.000000,686413,670.325195,680.824880,0.000000,1100.000000,8,4,1.000000,ns3-simulated/trace-derived
L2R,410.500000,0,0.000000,686413,670.325195,680.824880,0.000000,1100.000000,8,4,1.000000,ns3-simulated/trace-derived
L2R,411.500000,0,0.000000,686413,670.325195,680.824880,0.000000,1100.000000,8,4,1.000000,ns3-simulated/trace-derived
L2R,412.500000,0,0.000000,686413,670.325195,680.824880,0.000000,1100.000000,8,4,1.000000,ns3-simulated/trace-derived
L2R,413.500000,0,0.000000,686413,670.325195,680.824880,0.000000,1100.000000,8,4,1.000000,ns3-simulated/trace-derived
L2R,414.500000,0,0.000000,686413,670.325195,680.824880,0.000000,1100.000000,8,4,1.000000,ns3-simulated/trace-derived
L2R,415.500000,0,0.000000,686413,670.325195,680.824880,0.000000,1100.000000,8,4,1.000000,ns3-simulated/trace-derived
L2R,416.500000,0,0.000000,686413,670.325195,680.824880,0.000000,1100.000000,8,4,1.000000,ns3-simulated/trace-derived
L2R,417.500000,0,0.000000,686413,670.325195,680.824880,0.000000,1100.000000,8,4,1.000000,ns3-simulated/trace-derived
L2R,418.500000,0,0.000000,686413,670.325195,680.824880,0.000000,1100.000000,8,4,1.000000,ns3-simulated/trace-derived
L2R,419.500000,0,0.000000,686413,670.325195,680.824880,0.000000,1100.000000,8,4,1.000000,ns3-simulated/trace-derived
L2R,420.500000,0,0.000000,686413,670.325195,680.824880,0.000000,1100.000000,8,4,1.000000,ns3-simulated/trace-derived
L2R,421.500000,0,0.000000,686413,670.325195,680.824880,0.000000,1100.000000,8,4,1.000000,ns3-simulated/trace-derived
L2R,422.500000,0,0.000000,686413,670.325195,680.824880,0.000000,1100.000000,8,4,1.000000,ns3-simulated/trace-derived
L2R,423.500000,0,0.000000,686413,670.325195,680.824880,0.000000,1100.000000,8,4,1.000000,ns3-simulated/trace-derived
L2R,424.500000,0,0.000000,686413,670.325195,680.824880,0.000000,1100.000000,8,4,1.000000,ns3-simulated/trace-derived
L2R,425.500000,0,0.000000,686413,670.325195,680.824880,0.000000,1100.000000,8,4,1.000000,ns3-simulated/trace-derived
L2R,426.500000,0,0.000000,686413,670.325195,680.824880,0.000000,1100.000000,8,4,1.000000,ns3-simulated/trace-derived
L2R,427.500000,0,0.000000,686413,670.325195,680.824880,0.000000,1100.000000,8,4,1.000000,ns3-simulated/trace-derived
L2R,428.500000,0,0.000000,686413,670.325195,680.824880,0.000000,1100.000000,8,4,1.000000,ns3-simulated/trace-derived
L2R,429.500000,0,0.000000,686413,670.325195,680.824880,0.000000,1100.000000,8,4,1.000000,ns3-simulated/trace-derived
L2R,430.500000,0,0.000000,686413,670.325195,680.824880,0.000000,1100.000000,8,4,1.000000,ns3-simulated/trace-derived
L2R,431.500000,0,0.000000,686413,670.325195,680.824880,0.000000,1100.000000,8,4,1.000000,ns3-simulated/trace-derived
L2R,432.500000,0,0.000000,686413,670.325195,680.824880,0.000000,1100.000000,8,4,1.000000,ns3-simulated/trace-derived
L2R,433.500000,0,0.000000,686413,670.325195,680.824880,0.000000,1100.000000,8,4,1.000000,ns3-simulated/trace-derived
L2R,434.500000,0,0.000000,686413,670.325195,680.824880,0.000000,1100.000000,8,4,1.000000,ns3-simulated/trace-derived
L2R,435.500000,0,0.000000,686413,670.325195,680.824880,0.000000,1100.000000,8,4,1.000000,ns3-simulated/trace-derived
L2R,436.500000,0,0.000000,686413,670.325195,680.824880,0.000000,1100.000000,8,4,1.000000,ns3-simulated/trace-derived
L2R,437.500000,0,0.000000,686413,670.325195,680.824880,0.000000,1100.000000,8,4,1.000000,ns3-simulated/trace-derived
L2R,438.500000,0,0.000000,686413,670.325195,680.824880,0.000000,1100.000000,8,4,1.000000,ns3-simulated/trace-derived
L2R,439.500000,0,0.000000,686413,670.325195,680.824880,0.000000,1100.000000,8,4,1.000000,ns3-simulated/trace-derived
L2R,440.500000,0,0.000000,686413,670.325195,680.824880,0.000000,1100.000000,8,4,1.000000,ns3-simulated/trace-derived
L2R,441.500000,0,0.000000,686413,670.325195,680.824880,0.000000,1100.000000,8,4,1.000000,ns3-simulated/trace-derived
L2R,442.500000,0,0.000000,686413,670.325195,680.824880,0.000000,1100.000000,8,4,1.000000,ns3-simulated/trace-derived
L2R,443.500000,0,0.000000,686413,670.325195,680.824880,0.000000,1100.000000,8,4,1.000000,ns3-simulated/trace-derived
L2R,444.500000,0,0.000000,686413,670.325195,680.824880,0.000000,1100.000000,8,4,1.000000,ns3-simulated/trace-derived
L2R,445.500000,0,0.000000,686413,670.325195,680.824880,0.000000,1100.000000,8,4,1.000000,ns3-simulated/trace-derived
L2R,446.500000,0,0.000000,686413,670.325195,680.824880,0.000000,1100.000000,8,4,1.000000,ns3-simulated/trace-derived
L2R,447.500000,0,0.000000,686413,670.325195,680.824880,0.000000,1100.000000,8,4,1.000000,ns3-simulated/trace-derived
L2R,448.500000,0,0.000000,686413,670.325195,680.824880,0.000000,1100.000000,8,4,1.000000,ns3-simulated/trace-derived
L2R,449.500000,0,0.000000,686413,670.325195,680.824880,0.000000,1100.000000,8,4,1.000000,ns3-simulated/trace-derived
L2R,450.500000,0,0.000000,686413,670.325195,680.824880,0.000000,1100.000000,8,4,1.000000,ns3-simulated/trace-derived
L2R,451.500000,0,0.000000,686413,670.325195,680.824880,0.000000,1100.000000,8,4,1.000000,ns3-simulated/trace-derived
L2R,452.500000,0,0.000000,686413,670.325195,680.824880,0.000000,1100.000000,8,4,1.000000,ns3-simulated/trace-derived
L2R,453.500000,0,0.000000,686413,670.325195,680.824880,0.000000,1100.000000,8,4,1.000000,ns3-simulated/trace-derived
L2R,454.500000,0,0.000000,686413,670.325195,680.824880,0.000000,1100.000000,8,4,1.000000,ns3-simulated/trace-derived
L2R,455.500000,0,0.000000,686413,670.325195,680.824880,0.000000,1100.000000,8,4,1.000000,ns3-simulated/trace-derived
L2R,456.500000,0,0.000000,686413,670.325195,680.824880,0.000000,1100.000000,8,4,1.000000,ns3-simulated/trace-derived
L2R,457.500000,0,0.000000,686413,670.325195,680.824880,0.000000,1100.000000,8,4,1.000000,ns3-simulated/trace-derived
L2R,458.500000,0,0.000000,686413,670.325195,680.824880,0.000000,1100.000000,8,4,1.000000,ns3-simulated/trace-derived
L2R,459.500000,0,0.000000,686413,670.325195,680.824880,0.000000,1100.000000,8,4,1.000000,ns3-simulated/trace-derived
L2R,460.500000,0,0.000000,686413,670.325195,680.824880,0.000000,1100.000000,8,4,1.000000,ns3-simulated/trace-derived
L2R,461.500000,0,0.000000,686413,670.325195,680.824880,0.000000,1100.000000,8,4,1.000000,ns3-simulated/trace-derived
L2R,462.500000,0,0.000000,686413,670.325195,680.824880,0.000000,1100.000000,8,4,1.000000,ns3-simulated/trace-derived
L2R,463.500000,0,0.000000,686413,670.325195,680.824880,0.000000,1100.000000,8,4,1.000000,ns3-simulated/trace-derived
L2R,464.500000,0,0.000000,686413,670.325195,680.824880,0.000000,1100.000000,8,4,1.000000,ns3-simulated/trace-derived
L2R,465.500000,0,0.000000,686413,670.325195,680.824880,0.000000,1100.000000,8,4,1.000000,ns3-simulated/trace-derived
L2R,466.500000,0,0.000000,686413,670.325195,680.824880,0.000000,1100.000000,8,4,1.000000,ns3-simulated/trace-derived
L2R,467.500000,0,0.000000,686413,670.325195,680.824880,0.000000,1100.000000,8,4,1.000000,ns3-simulated/trace-derived
L2R,468.500000,0,0.000000,686413,670.325195,680.824880,0.000000,1100.000000,8,4,1.000000,ns3-simulated/trace-derived
L2R,469.500000,0,0.000000,686413,670.325195,680.824880,0.000000,1100.000000,8,4,1.000000,ns3-simulated/trace-derived
L2R,470.500000,75132,73.371094,686413,670.325195,680.824880,0.000000,1100.000000,8,4,1.000000,ns3-simulated/trace-derived
L2R,471.500000,262962,256.798828,686413,670.325195,680.824880,0.000000,1100.000000,8,4,1.000000,ns3-simulated/trace-derived
L2R,472.500000,250440,244.570312,686413,670.325195,680.824880,0.000000,1100.000000,8,4,1.000000,ns3-simulated/trace-derived
L2R,473.500000,237918,232.341797,686413,670.325195,680.824880,0.000000,1100.000000,8,4,1.000000,ns3-simulated/trace-derived
L2R,474.500000,225396,220.113281,686413,670.325195,680.824880,0.000000,1100.000000,8,4,1.000000,ns3-simulated/trace-derived
L2R,475.500000,212874,207.884766,686413,670.325195,680.824880,0.000000,1100.000000,8,4,1.000000,ns3-simulated/trace-derived
L2R,476.500000,200352,195.656250,686413,670.325195,680.824880,0.000000,1100.000000,8,4,1.000000,ns3-simulated/trace-derived
L2R,477.500000,187830,183.427734,686413,670.325195,680.824880,0.000000,1100.000000,8,4,1.000000,ns3-simulated/trace-derived
L2R,478.500000,175308,171.199219,686413,670.325195,680.824880,0.000000,1100.000000,8,4,1.000000,ns3-simulated/trace-derived
L2R,479.500000,162786,158.970703,686413,670.325195,680.824880,0.000000,1100.000000,8,4,1.000000,ns3-simulated/trace-derived
L2R,480.500000,150264,146.742188,686413,670.325195,680.824880,0.000000,1100.000000,8,4,1.000000,ns3-simulated/trace-derived
L2R,481.500000,137742,134.513672,686413,670.325195,680.824880,0.000000,1100.000000,8,4,1.000000,ns3-simulated/trace-derived
L2R,482.500000,125220,122.285156,686413,670.325195,680.824880,0.000000,1100.000000,8,4,1.000000,ns3-simulated/trace-derived
L2R,483.500000,112698,110.056641,686413,670.325195,680.824880,0.000000,1100.000000,8,4,1.000000,ns3-simulated/trace-derived
L2R,484.500000,100176,97.828125,686413,670.325195,680.824880,0.000000,1100.000000,8,4,1.000000,ns3-simulated/trace-derived
L2R,485.500000,87654,85.599609,686413,670.325195,680.824880,0.000000,1100.000000,8,4,1.000000,ns3-simulated/trace-derived
L2R,486.500000,75132,73.371094,686413,670.325195,680.824880,0.000000,1100.000000,8,4,1.000000,ns3-simulated/trace-derived
L2R,487.500000,62610,61.142578,686413,670.325195,680.824880,0.000000,1100.000000,8,4,1.000000,ns3-simulated/trace-derived
L2R,488.500000,50088,48.914062,686413,670.325195,680.824880,0.000000,1100.000000,8,4,1.000000,ns3-simulated/trace-derived
L2R,489.500000,37566,36.685547,686413,670.325195,680.824880,0.000000,1100.000000,8,4,1.000000,ns3-simulated/trace-derived
L2R,490.500000,25044,24.457031,686413,670.325195,680.824880,0.000000,1100.000000,8,4,1.000000,ns3-simulated/trace-derived
L2R,491.500000,12708,12.410156,686413,670.325195,680.824880,0.000000,1100.000000,8,4,1.000000,ns3-simulated/trace-derived
L2R,492.500000,372,0.363281,686413,670.325195,680.824880,0.000000,1100.000000,8,4,1.000000,ns3-simulated/trace-derived
L2R,493.500000,0,0.000000,686413,670.325195,680.824880,0.000000,1100.000000,8,4,1.000000,ns3-simulated/trace-derived
L2R,494.500000,0,0.000000,686413,670.325195,680.824880,0.000000,1100.000000,8,4,1.000000,ns3-simulated/trace-derived
L2R,495.500000,0,0.000000,686413,670.325195,680.824880,0.000000,1100.000000,8,4,1.000000,ns3-simulated/trace-derived
L2R,496.500000,0,0.000000,686413,670.325195,680.824880,0.000000,1100.000000,8,4,1.000000,ns3-simulated/trace-derived
L2R,497.500000,0,0.000000,686413,670.325195,680.824880,0.000000,1100.000000,8,4,1.000000,ns3-simulated/trace-derived
L2R,498.500000,0,0.000000,686413,670.325195,680.824880,0.000000,1100.000000,8,4,1.000000,ns3-simulated/trace-derived
L2R,499.500000,0,0.000000,686413,670.325195,680.824880,0.000000,1100.000000,8,4,1.000000,ns3-simulated/trace-derived
L2R,500.500000,0,0.000000,686413,670.325195,680.824880,0.000000,1100.000000,8,4,1.000000,ns3-simulated/trace-derived
L2R,501.500000,0,0.000000,686413,670.325195,680.824880,0.000000,1100.000000,8,4,1.000000,ns3-simulated/trace-derived
L2R,502.500000,0,0.000000,686413,670.325195,680.824880,0.000000,1100.000000,8,4,1.000000,ns3-simulated/trace-derived
L2R,503.500000,0,0.000000,686413,670.325195,680.824880,0.000000,1100.000000,8,4,1.000000,ns3-simulated/trace-derived
L2R,504.500000,0,0.000000,686413,670.325195,680.824880,0.000000,1100.000000,8,4,1.000000,ns3-simulated/trace-derived
L2R,505.500000,0,0.000000,686413,670.325195,680.824880,0.000000,1100.000000,8,4,1.000000,ns3-simulated/trace-derived
L2R,506.500000,0,0.000000,686413,670.325195,680.824880,0.000000,1100.000000,8,4,1.000000,ns3-simulated/trace-derived
L2R,507.500000,0,0.000000,686413,670.325195,680.824880,0.000000,1100.000000,8,4,1.000000,ns3-simulated/trace-derived
L2R,508.500000,0,0.000000,686413,670.325195,680.824880,0.000000,1100.000000,8,4,1.000000,ns3-simulated/trace-derived
L2R,509.500000,0,0.000000,686413,670.325195,680.824880,0.000000,1100.000000,8,4,1.000000,ns3-simulated/trace-derived
L2R,510.500000,0,0.000000,686413,670.325195,680.824880,0.000000,1100.000000,8,4,1.000000,ns3-simulated/trace-derived
L2R,511.500000,0,0.000000,686413,670.325195,680.824880,0.000000,1100.000000,8,4,1.000000,ns3-simulated/trace-derived
L2R,512.500000,0,0.000000,686413,670.325195,680.824880,0.000000,1100.000000,8,4,1.000000,ns3-simulated/trace-derived
L2R,513.500000,0,0.000000,686413,670.325195,680.824880,0.000000,1100.000000,8,4,1.000000,ns3-simulated/trace-derived
L2R,514.500000,0,0.000000,686413,670.325195,680.824880,0.000000,1100.000000,8,4,1.000000,ns3-simulated/trace-derived
L2R,515.500000,0,0.000000,686413,670.325195,680.824880,0.000000,1100.000000,8,4,1.000000,ns3-simulated/trace-derived
L2R,516.500000,0,0.000000,686413,670.325195,680.824880,0.000000,1100.000000,8,4,1.000000,ns3-simulated/trace-derived
L2R,517.500000,0,0.000000,686413,670.325195,680.824880,0.000000,1100.000000,8,4,1.000000,ns3-simulated/trace-derived
L2R,518.500000,0,0.000000,686413,670.325195,680.824880,0.000000,1100.000000,8,4,1.000000,ns3-simulated/trace-derived
L2R,519.500000,0,0.000000,686413,670.325195,680.824880,0.000000,1100.000000,8,4,1.000000,ns3-simulated/trace-derived
L2R,520.500000,0,0.000000,686413,670.325195,680.824880,0.000000,1100.000000,8,4,1.000000,ns3-simulated/trace-derived
L2R,521.500000,0,0.000000,686413,670.325195,680.824880,0.000000,1100.000000,8,4,1.000000,ns3-simulated/trace-derived
L2R,522.500000,0,0.000000,686413,670.325195,680.824880,0.000000,1100.000000,8,4,1.000000,ns3-simulated/trace-derived
L2R,523.500000,0,0.000000,686413,670.325195,680.824880,0.000000,1100.000000,8,4,1.000000,ns3-simulated/trace-derived
L2R,524.500000,0,0.000000,686413,670.325195,680.824880,0.000000,1100.000000,8,4,1.000000,ns3-simulated/trace-derived
L2R,525.500000,0,0.000000,686413,670.325195,680.824880,0.000000,1100.000000,8,4,1.000000,ns3-simulated/trace-derived
L2R,526.500000,0,0.000000,686413,670.325195,680.824880,0.000000,1100.000000,8,4,1.000000,ns3-simulated/trace-derived
L2R,527.500000,0,0.000000,686413,670.325195,680.824880,0.000000,1100.000000,8,4,1.000000,ns3-simulated/trace-derived
L2R,528.500000,0,0.000000,686413,670.325195,680.824880,0.000000,1100.000000,8,4,1.000000,ns3-simulated/trace-derived
L2R,529.500000,0,0.000000,686413,670.325195,680.824880,0.000000,1100.000000,8,4,1.000000,ns3-simulated/trace-derived
L2R,530.500000,0,0.000000,686413,670.325195,680.824880,0.000000,1100.000000,8,4,1.000000,ns3-simulated/trace-derived
L2R,531.500000,0,0.000000,686413,670.325195,680.824880,0.000000,1100.000000,8,4,1.000000,ns3-simulated/trace-derived
L2R,532.500000,0,0.000000,686413,670.325195,680.824880,0.000000,1100.000000,8,4,1.000000,ns3-simulated/trace-derived
L2R,533.500000,0,0.000000,686413,670.325195,680.824880,0.000000,1100.000000,8,4,1.000000,ns3-simulated/trace-derived
L2R,534.500000,0,0.000000,686413,670.325195,680.824880,0.000000,1100.000000,8,4,1.000000,ns3-simulated/trace-derived
L2R,535.500000,0,0.000000,686413,670.325195,680.824880,0.000000,1100.000000,8,4,1.000000,ns3-simulated/trace-derived
L2R,536.500000,0,0.000000,686413,670.325195,680.824880,0.000000,1100.000000,8,4,1.000000,ns3-simulated/trace-derived
L2R,537.500000,0,0.000000,686413,670.325195,680.824880,0.000000,1100.000000,8,4,1.000000,ns3-simulated/trace-derived
L2R,538.500000,0,0.000000,686413,670.325195,680.824880,0.000000,1100.000000,8,4,1.000000,ns3-simulated/trace-derived
L2R,539.500000,0,0.000000,686413,670.325195,680.824880,0.000000,1100.000000,8,4,1.000000,ns3-simulated/trace-derived
L2R,540.500000,0,0.000000,686413,670.325195,680.824880,0.000000,1100.000000,8,4,1.000000,ns3-simulated/trace-derived
L2R,541.500000,0,0.000000,686413,670.325195,680.824880,0.000000,1100.000000,8,4,1.000000,ns3-simulated/trace-derived
L2R,542.500000,0,0.000000,686413,670.325195,680.824880,0.000000,1100.000000,8,4,1.000000,ns3-simulated/trace-derived
L2R,543.500000,0,0.000000,686413,670.325195,680.824880,0.000000,1100.000000,8,4,1.000000,ns3-simulated/trace-derived
L2R,544.500000,0,0.000000,686413,670.325195,680.824880,0.000000,1100.000000,8,4,1.000000,ns3-simulated/trace-derived
L2R,545.500000,0,0.000000,686413,670.325195,680.824880,0.000000,1100.000000,8,4,1.000000,ns3-simulated/trace-derived
L2R,546.500000,0,0.000000,686413,670.325195,680.824880,0.000000,1100.000000,8,4,1.000000,ns3-simulated/trace-derived
L2R,547.500000,0,0.000000,686413,670.325195,680.824880,0.000000,1100.000000,8,4,1.000000,ns3-simulated/trace-derived
L2R,548.500000,0,0.000000,686413,670.325195,680.824880,0.000000,1100.000000,8,4,1.000000,ns3-simulated/trace-derived
L2R,549.500000,0,0.000000,686413,670.325195,680.824880,0.000000,1100.000000,8,4,1.000000,ns3-simulated/trace-derived
L2R,550.500000,0,0.000000,686413,670.325195,680.824880,0.000000,1100.000000,8,4,1.000000,ns3-simulated/trace-derived
L2R,551.500000,0,0.000000,686413,670.325195,680.824880,0.000000,1100.000000,8,4,1.000000,ns3-simulated/trace-derived
L2R,552.500000,0,0.000000,686413,670.325195,680.824880,0.000000,1100.000000,8,4,1.000000,ns3-simulated/trace-derived
L2R,553.500000,0,0.000000,686413,670.325195,680.824880,0.000000,1100.000000,8,4,1.000000,ns3-simulated/trace-derived
L2R,554.500000,0,0.000000,686413,670.325195,680.824880,0.000000,1100.000000,8,4,1.000000,ns3-simulated/trace-derived
L2R,555.500000,0,0.000000,686413,670.325195,680.824880,0.000000,1100.000000,8,4,1.000000,ns3-simulated/trace-derived
L2R,556.500000,0,0.000000,686413,670.325195,680.824880,0.000000,1100.000000,8,4,1.000000,ns3-simulated/trace-derived
L2R,557.500000,0,0.000000,686413,670.325195,680.824880,0.000000,1100.000000,8,4,1.000000,ns3-simulated/trace-derived
L2R,558.500000,0,0.000000,686413,670.325195,680.824880,0.000000,1100.000000,8,4,1.000000,ns3-simulated/trace-derived
L2R,559.500000,0,0.000000,686413,670.325195,680.824880,0.000000,1100.000000,8,4,1.000000,ns3-simulated/trace-derived
L2R,560.500000,33392,32.609375,686413,670.325195,680.824880,0.000000,1100.000000,8,4,1.000000,ns3-simulated/trace-derived
L2R,561.500000,121046,118.208984,686413,670.325195,680.824880,0.000000,1100.000000,8,4,1.000000,ns3-simulated/trace-derived
L2R,562.500000,208700,203.808594,686413,670.325195,680.824880,0.000000,1100.000000,8,4,1.000000,ns3-simulated/trace-derived
L2R,563.500000,267136,260.875000,686413,670.325195,680.824880,0.000000,1100.000000,8,4,1.000000,ns3-simulated/trace-derived
L2R,564.500000,304702,297.560547,686413,670.325195,680.824880,0.000000,1100.000000,8,4,1.000000,ns3-simulated/trace-derived
L2R,565.500000,342268,334.246094,686413,670.325195,680.824880,0.000000,1100.000000,8,4,1.000000,ns3-simulated/trace-derived
L2R,566.500000,342268,334.246094,686413,670.325195,680.824880,0.000000,1100.000000,8,4,1.000000,ns3-simulated/trace-derived
L2R,567.500000,329746,322.017578,686413,670.325195,680.824880,0.000000,1100.000000,8,4,1.000000,ns3-simulated/trace-derived
L2R,568.500000,317224,309.789062,686413,670.325195,680.824880,0.000000,1100.000000,8,4,1.000000,ns3-simulated/trace-derived
L2R,569.500000,304702,297.560547,686413,670.325195,680.824880,0.000000,1100.000000,8,4,1.000000,ns3-simulated/trace-derived
L2R,570.500000,292180,285.332031,686413,670.325195,680.824880,0.000000,1100.000000,8,4,1.000000,ns3-simulated/trace-derived
L2R,571.500000,279782,273.224609,686413,670.325195,680.824880,0.000000,1100.000000,8,4,1.000000,ns3-simulated/trace-derived
L2R,572.500000,267260,260.996094,686413,670.325195,680.824880,0.000000,1100.000000,8,4,1.000000,ns3-simulated/trace-derived
L2R,573.500000,254738,248.767578,686413,670.325195,680.824880,0.000000,1100.000000,8,4,1.000000,ns3-simulated/trace-derived
L2R,574.500000,242216,236.539062,686413,670.325195,680.824880,0.000000,1100.000000,8,4,1.000000,ns3-simulated/trace-derived
L2R,575.500000,229694,224.310547,686413,670.325195,680.824880,0.000000,1100.000000,8,4,1.000000,ns3-simulated/trace-derived
L2R,576.500000,217172,212.082031,686413,670.325195,680.824880,0.000000,1100.000000,8,4,1.000000,ns3-simulated/trace-derived
L2R,577.500000,204650,199.853516,686413,670.325195,680.824880,0.000000,1100.000000,8,4,1.000000,ns3-simulated/trace-derived
L2R,578.500000,192128,187.625000,686413,670.325195,680.824880,0.000000,1100.000000,8,4,1.000000,ns3-simulated/trace-derived
L2R,579.500000,179606,175.396484,686413,670.325195,680.824880,0.000000,1100.000000,8,4,1.000000,ns3-simulated/trace-derived
L2R,580.500000,167084,163.167969,686413,670.325195,680.824880,0.000000,1100.000000,8,4,1.000000,ns3-simulated/trace-derived
L2R,581.500000,154624,151.000000,686413,670.325195,680.824880,0.000000,1100.000000,8,4,1.000000,ns3-simulated/trace-derived
L2R,582.500000,142164,138.832031,686413,670.325195,680.824880,0.000000,1100.000000,8,4,1.000000,ns3-simulated/trace-derived
L2R,583.500000,133754,130.619141,686413,670.325195,680.824880,0.000000,1100.000000,8,4,1.000000,ns3-simulated/trace-derived
L2R,584.500000,121170,118.330078,686413,670.325195,680.824880,0.000000,1100.000000,8,4,1.000000,ns3-simulated/trace-derived
L2R,585.500000,108648,106.101562,686413,670.325195,680.824880,0.000000,1100.000000,8,4,1.000000,ns3-simulated/trace-derived
L2R,586.500000,96126,93.873047,686413,670.325195,680.824880,0.000000,1100.000000,8,4,1.000000,ns3-simulated/trace-derived
L2R,587.500000,83604,81.644531,686413,670.325195,680.824880,0.000000,1100.000000,8,4,1.000000,ns3-simulated/trace-derived
L2R,588.500000,71144,69.476562,686413,670.325195,680.824880,0.000000,1100.000000,8,4,1.000000,ns3-simulated/trace-derived
L2R,589.500000,58622,57.248047,686413,670.325195,680.824880,0.000000,1100.000000,8,4,1.000000,ns3-simulated/trace-derived
L2R,590.500000,46100,45.019531,686413,670.325195,680.824880,0.000000,1100.000000,8,4,1.000000,ns3-simulated/trace-derived
L2R,591.500000,33578,32.791016,686413,670.325195,680.824880,0.000000,1100.000000,8,4,1.000000,ns3-simulated/trace-derived
L2R,592.500000,21056,20.562500,686413,670.325195,680.824880,0.000000,1100.000000,8,4,1.000000,ns3-simulated/trace-derived
L2R,593.500000,8596,8.394531,686413,670.325195,680.824880,0.000000,1100.000000,8,4,1.000000,ns3-simulated/trace-derived
L2R,594.500000,0,0.000000,686413,670.325195,680.824880,0.000000,1100.000000,8,4,1.000000,ns3-simulated/trace-derived
L2R,595.500000,0,0.000000,686413,670.325195,680.824880,0.000000,1100.000000,8,4,1.000000,ns3-simulated/trace-derived
L2R,596.500000,0,0.000000,686413,670.325195,680.824880,0.000000,1100.000000,8,4,1.000000,ns3-simulated/trace-derived
L2R,597.500000,0,0.000000,686413,670.325195,680.824880,0.000000,1100.000000,8,4,1.000000,ns3-simulated/trace-derived
L2R,598.500000,0,0.000000,686413,670.325195,680.824880,0.000000,1100.000000,8,4,1.000000,ns3-simulated/trace-derived
L2R,599.500000,0,0.000000,686413,670.325195,680.824880,0.000000,1100.000000,8,4,1.000000,ns3-simulated/trace-derived
L2R,600.500000,0,0.000000,686413,670.325195,680.824880,0.000000,1100.000000,8,4,1.000000,ns3-simulated/trace-derived
L2R,601.500000,0,0.000000,686413,670.325195,680.824880,0.000000,1100.000000,8,4,1.000000,ns3-simulated/trace-derived
L2R,602.500000,0,0.000000,686413,670.325195,680.824880,0.000000,1100.000000,8,4,1.000000,ns3-simulated/trace-derived
L2R,603.500000,0,0.000000,686413,670.325195,680.824880,0.000000,1100.000000,8,4,1.000000,ns3-simulated/trace-derived
L2R,604.500000,0,0.000000,686413,670.325195,680.824880,0.000000,1100.000000,8,4,1.000000,ns3-simulated/trace-derived
L2R,605.500000,0,0.000000,686413,670.325195,680.824880,0.000000,1100.000000,8,4,1.000000,ns3-simulated/trace-derived
L2R,606.500000,0,0.000000,686413,670.325195,680.824880,0.000000,1100.000000,8,4,1.000000,ns3-simulated/trace-derived
L2R,607.500000,0,0.000000,686413,670.325195,680.824880,0.000000,1100.000000,8,4,1.000000,ns3-simulated/trace-derived
L2R,608.500000,0,0.000000,686413,670.325195,680.824880,0.000000,1100.000000,8,4,1.000000,ns3-simulated/trace-derived
L2R,609.500000,0,0.000000,686413,670.325195,680.824880,0.000000,1100.000000,8,4,1.000000,ns3-simulated/trace-derived
L2R,610.500000,0,0.000000,686413,670.325195,680.824880,0.000000,1100.000000,8,4,1.000000,ns3-simulated/trace-derived
L2R,611.500000,0,0.000000,686413,670.325195,680.824880,0.000000,1100.000000,8,4,1.000000,ns3-simulated/trace-derived
L2R,612.500000,0,0.000000,686413,670.325195,680.824880,0.000000,1100.000000,8,4,1.000000,ns3-simulated/trace-derived
L2R,613.500000,0,0.000000,686413,670.325195,680.824880,0.000000,1100.000000,8,4,1.000000,ns3-simulated/trace-derived
L2R,614.500000,0,0.000000,686413,670.325195,680.824880,0.000000,1100.000000,8,4,1.000000,ns3-simulated/trace-derived
L2R,615.500000,0,0.000000,686413,670.325195,680.824880,0.000000,1100.000000,8,4,1.000000,ns3-simulated/trace-derived
L2R,616.500000,0,0.000000,686413,670.325195,680.824880,0.000000,1100.000000,8,4,1.000000,ns3-simulated/trace-derived
L2R,617.500000,0,0.000000,686413,670.325195,680.824880,0.000000,1100.000000,8,4,1.000000,ns3-simulated/trace-derived
L2R,618.500000,0,0.000000,686413,670.325195,680.824880,0.000000,1100.000000,8,4,1.000000,ns3-simulated/trace-derived
L2R,619.500000,0,0.000000,686413,670.325195,680.824880,0.000000,1100.000000,8,4,1.000000,ns3-simulated/trace-derived
L2R,620.500000,0,0.000000,686413,670.325195,680.824880,0.000000,1100.000000,8,4,1.000000,ns3-simulated/trace-derived
L2R,621.500000,0,0.000000,686413,670.325195,680.824880,0.000000,1100.000000,8,4,1.000000,ns3-simulated/trace-derived
L2R,622.500000,0,0.000000,686413,670.325195,680.824880,0.000000,1100.000000,8,4,1.000000,ns3-simulated/trace-derived
L2R,623.500000,0,0.000000,686413,670.325195,680.824880,0.000000,1100.000000,8,4,1.000000,ns3-simulated/trace-derived
L2R,624.500000,0,0.000000,686413,670.325195,680.824880,0.000000,1100.000000,8,4,1.000000,ns3-simulated/trace-derived
L2R,625.500000,0,0.000000,686413,670.325195,680.824880,0.000000,1100.000000,8,4,1.000000,ns3-simulated/trace-derived
L2R,626.500000,0,0.000000,686413,670.325195,680.824880,0.000000,1100.000000,8,4,1.000000,ns3-simulated/trace-derived
L2R,627.500000,0,0.000000,686413,670.325195,680.824880,0.000000,1100.000000,8,4,1.000000,ns3-simulated/trace-derived
L2R,628.500000,0,0.000000,686413,670.325195,680.824880,0.000000,1100.000000,8,4,1.000000,ns3-simulated/trace-derived
L2R,629.500000,0,0.000000,686413,670.325195,680.824880,0.000000,1100.000000,8,4,1.000000,ns3-simulated/trace-derived
L2R,630.500000,0,0.000000,686413,670.325195,680.824880,0.000000,1100.000000,8,4,1.000000,ns3-simulated/trace-derived
L2R,631.500000,0,0.000000,686413,670.325195,680.824880,0.000000,1100.000000,8,4,1.000000,ns3-simulated/trace-derived
L2R,632.500000,0,0.000000,686413,670.325195,680.824880,0.000000,1100.000000,8,4,1.000000,ns3-simulated/trace-derived
L2R,633.500000,0,0.000000,686413,670.325195,680.824880,0.000000,1100.000000,8,4,1.000000,ns3-simulated/trace-derived
L2R,634.500000,0,0.000000,686413,670.325195,680.824880,0.000000,1100.000000,8,4,1.000000,ns3-simulated/trace-derived
L2R,635.500000,0,0.000000,686413,670.325195,680.824880,0.000000,1100.000000,8,4,1.000000,ns3-simulated/trace-derived
L2R,636.500000,0,0.000000,686413,670.325195,680.824880,0.000000,1100.000000,8,4,1.000000,ns3-simulated/trace-derived
L2R,637.500000,0,0.000000,686413,670.325195,680.824880,0.000000,1100.000000,8,4,1.000000,ns3-simulated/trace-derived
L2R,638.500000,0,0.000000,686413,670.325195,680.824880,0.000000,1100.000000,8,4,1.000000,ns3-simulated/trace-derived
L2R,639.500000,0,0.000000,686413,670.325195,680.824880,0.000000,1100.000000,8,4,1.000000,ns3-simulated/trace-derived
L2R,640.500000,0,0.000000,686413,670.325195,680.824880,0.000000,1100.000000,8,4,1.000000,ns3-simulated/trace-derived
L2R,641.500000,0,0.000000,686413,670.325195,680.824880,0.000000,1100.000000,8,4,1.000000,ns3-simulated/trace-derived
L2R,642.500000,0,0.000000,686413,670.325195,680.824880,0.000000,1100.000000,8,4,1.000000,ns3-simulated/trace-derived
L2R,643.500000,0,0.000000,686413,670.325195,680.824880,0.000000,1100.000000,8,4,1.000000,ns3-simulated/trace-derived
L2R,644.500000,0,0.000000,686413,670.325195,680.824880,0.000000,1100.000000,8,4,1.000000,ns3-simulated/trace-derived
L2R,645.500000,0,0.000000,686413,670.325195,680.824880,0.000000,1100.000000,8,4,1.000000,ns3-simulated/trace-derived
L2R,646.500000,0,0.000000,686413,670.325195,680.824880,0.000000,1100.000000,8,4,1.000000,ns3-simulated/trace-derived
L2R,647.500000,0,0.000000,686413,670.325195,680.824880,0.000000,1100.000000,8,4,1.000000,ns3-simulated/trace-derived
L2R,648.500000,0,0.000000,686413,670.325195,680.824880,0.000000,1100.000000,8,4,1.000000,ns3-simulated/trace-derived
L2R,649.500000,0,0.000000,686413,670.325195,680.824880,0.000000,1100.000000,8,4,1.000000,ns3-simulated/trace-derived
L2R,650.500000,0,0.000000,686413,670.325195,680.824880,0.000000,1100.000000,8,4,1.000000,ns3-simulated/trace-derived
L2R,651.500000,0,0.000000,686413,670.325195,680.824880,0.000000,1100.000000,8,4,1.000000,ns3-simulated/trace-derived
L2R,652.500000,0,0.000000,686413,670.325195,680.824880,0.000000,1100.000000,8,4,1.000000,ns3-simulated/trace-derived
L2R,653.500000,0,0.000000,686413,670.325195,680.824880,0.000000,1100.000000,8,4,1.000000,ns3-simulated/trace-derived
L2R,654.500000,0,0.000000,686413,670.325195,680.824880,0.000000,1100.000000,8,4,1.000000,ns3-simulated/trace-derived
L2R,655.500000,0,0.000000,686413,670.325195,680.824880,0.000000,1100.000000,8,4,1.000000,ns3-simulated/trace-derived
L2R,656.500000,0,0.000000,686413,670.325195,680.824880,0.000000,1100.000000,8,4,1.000000,ns3-simulated/trace-derived
L2R,657.500000,0,0.000000,686413,670.325195,680.824880,0.000000,1100.000000,8,4,1.000000,ns3-simulated/trace-derived
L2R,658.500000,0,0.000000,686413,670.325195,680.824880,0.000000,1100.000000,8,4,1.000000,ns3-simulated/trace-derived
L2R,659.500000,0,0.000000,686413,670.325195,680.824880,0.000000,1100.000000,8,4,1.000000,ns3-simulated/trace-derived
L2R,660.500000,0,0.000000,686413,670.325195,680.824880,0.000000,1100.000000,8,4,1.000000,ns3-simulated/trace-derived
L2R,661.500000,0,0.000000,686413,670.325195,680.824880,0.000000,1100.000000,8,4,1.000000,ns3-simulated/trace-derived
L2R,662.500000,0,0.000000,686413,670.325195,680.824880,0.000000,1100.000000,8,4,1.000000,ns3-simulated/trace-derived
L2R,663.500000,0,0.000000,686413,670.325195,680.824880,0.000000,1100.000000,8,4,1.000000,ns3-simulated/trace-derived
L2R,664.500000,0,0.000000,686413,670.325195,680.824880,0.000000,1100.000000,8,4,1.000000,ns3-simulated/trace-derived
L2R,665.500000,0,0.000000,686413,670.325195,680.824880,0.000000,1100.000000,8,4,1.000000,ns3-simulated/trace-derived
L2R,666.500000,0,0.000000,686413,670.325195,680.824880,0.000000,1100.000000,8,4,1.000000,ns3-simulated/trace-derived
L2R,667.500000,0,0.000000,686413,670.325195,680.824880,0.000000,1100.000000,8,4,1.000000,ns3-simulated/trace-derived
L2R,668.500000,0,0.000000,686413,670.325195,680.824880,0.000000,1100.000000,8,4,1.000000,ns3-simulated/trace-derived
L2R,669.500000,0,0.000000,686413,670.325195,680.824880,0.000000,1100.000000,8,4,1.000000,ns3-simulated/trace-derived
L2R,670.500000,33392,32.609375,686413,670.325195,680.824880,0.000000,1100.000000,8,4,1.000000,ns3-simulated/trace-derived
L2R,671.500000,121232,118.390625,686413,670.325195,680.824880,0.000000,1100.000000,8,4,1.000000,ns3-simulated/trace-derived
L2R,672.500000,209072,204.171875,686413,670.325195,680.824880,0.000000,1100.000000,8,4,1.000000,ns3-simulated/trace-derived
L2R,673.500000,296912,289.953125,686413,670.325195,680.824880,0.000000,1100.000000,8,4,1.000000,ns3-simulated/trace-derived
L2R,674.500000,384752,375.734375,686413,670.325195,680.824880,0.000000,1100.000000,8,4,1.000000,ns3-simulated/trace-derived
L2R,675.500000,472592,461.515625,686413,670.325195,680.824880,0.000000,1100.000000,8,4,1.000000,ns3-simulated/trace-derived
L2R,676.500000,522742,510.490234,686413,670.325195,680.824880,0.000000,1100.000000,8,4,1.000000,ns3-simulated/trace-derived
L2R,677.500000,560494,547.357422,686413,670.325195,680.824880,0.000000,1100.000000,8,4,1.000000,ns3-simulated/trace-derived
L2R,678.500000,598246,584.224609,686413,670.325195,680.824880,0.000000,1100.000000,8,4,1.000000,ns3-simulated/trace-derived
L2R,679.500000,636015,621.108398,686413,670.325195,680.824880,0.000000,1100.000000,8,4,1.000000,ns3-simulated/trace-derived
L2R,680.500000,673767,657.975586,686413,670.325195,680.824880,0.000000,1100.000000,8,4,1.000000,ns3-simulated/trace-derived
L2R,681.500000,674156,658.355469,686413,670.325195,680.824880,0.000000,1100.000000,8,4,1.000000,ns3-simulated/trace-derived
L2R,682.500000,661696,646.187500,686413,670.325195,680.824880,0.000000,1100.000000,8,4,1.000000,ns3-simulated/trace-derived
L2R,683.500000,649360,634.140625,686413,670.325195,680.824880,0.000000,1100.000000,8,4,1.000000,ns3-simulated/trace-derived
L2R,684.500000,637024,622.093750,686413,670.325195,680.824880,0.000000,1100.000000,8,4,1.000000,ns3-simulated/trace-derived
L2R,685.500000,628800,614.062500,686413,670.325195,680.824880,0.000000,1100.000000,8,4,1.000000,ns3-simulated/trace-derived
L2R,686.500000,616464,602.015625,686413,670.325195,680.824880,0.000000,1100.000000,8,4,1.000000,ns3-simulated/trace-derived
L2R,687.500000,604207,590.045898,686413,670.325195,680.824880,0.000000,1100.000000,8,4,1.000000,ns3-simulated/trace-derived
L2R,688.500000,591809,577.938477,686413,670.325195,680.824880,0.000000,1100.000000,8,4,1.000000,ns3-simulated/trace-derived
L2R,689.500000,579473,565.891602,686413,670.325195,680.824880,0.000000,1100.000000,8,4,1.000000,ns3-simulated/trace-derived
L2R,690.500000,567137,553.844727,686413,670.325195,680.824880,0.000000,1100.000000,8,4,1.000000,ns3-simulated/trace-derived
L2R,691.500000,554801,541.797852,686413,670.325195,680.824880,0.000000,1100.000000,8,4,1.000000,ns3-simulated/trace-derived
L2R,692.500000,542544,529.828125,686413,670.325195,680.824880,0.000000,1100.000000,8,4,1.000000,ns3-simulated/trace-derived
L2R,693.500000,530349,517.918945,686413,670.325195,680.824880,0.000000,1100.000000,8,4,1.000000,ns3-simulated/trace-derived
L2R,694.500000,517827,505.690430,686413,670.325195,680.824880,0.000000,1100.000000,8,4,1.000000,ns3-simulated/trace-derived
L2R,695.500000,505305,493.461914,686413,670.325195,680.824880,0.000000,1100.000000,8,4,1.000000,ns3-simulated/trace-derived
L2R,696.500000,492783,481.233398,686413,670.325195,680.824880,0.000000,1100.000000,8,4,1.000000,ns3-simulated/trace-derived
L2R,697.500000,480199,468.944336,686413,670.325195,680.824880,0.000000,1100.000000,8,4,1.000000,ns3-simulated/trace-derived
L2R,698.500000,467677,456.715820,686413,670.325195,680.824880,0.000000,1100.000000,8,4,1.000000,ns3-simulated/trace-derived
L2R,699.500000,455155,444.487305,686413,670.325195,680.824880,0.000000,1100.000000,8,4,1.000000,ns3-simulated/trace-derived
L2R,700.500000,442633,432.258789,686413,670.325195,680.824880,0.000000,1100.000000,8,4,1.000000,ns3-simulated/trace-derived
L2R,701.500000,430111,420.030273,686413,670.325195,680.824880,0.000000,1100.000000,8,4,1.000000,ns3-simulated/trace-derived
L2R,702.500000,417589,407.801758,686413,670.325195,680.824880,0.000000,1100.000000,8,4,1.000000,ns3-simulated/trace-derived
L2R,703.500000,405005,395.512695,686413,670.325195,680.824880,0.000000,1100.000000,8,4,1.000000,ns3-simulated/trace-derived
L2R,704.500000,392483,383.284180,686413,670.325195,680.824880,0.000000,1100.000000,8,4,1.000000,ns3-simulated/trace-derived
L2R,705.500000,379961,371.055664,686413,670.325195,680.824880,0.000000,1100.000000,8,4,1.000000,ns3-simulated/trace-derived
L2R,706.500000,367439,358.827148,686413,670.325195,680.824880,0.000000,1100.000000,8,4,1.000000,ns3-simulated/trace-derived
L2R,707.500000,354917,346.598633,686413,670.325195,680.824880,0.000000,1100.000000,8,4,1.000000,ns3-simulated/trace-derived
L2R,708.500000,342395,334.370117,686413,670.325195,680.824880,0.000000,1100.000000,8,4,1.000000,ns3-simulated/trace-derived
L2R,709.500000,329811,322.081055,686413,670.325195,680.824880,0.000000,1100.000000,8,4,1.000000,ns3-simulated/trace-derived
L2R,710.500000,317351,309.913086,686413,670.325195,680.824880,0.000000,1100.000000,8,4,1.000000,ns3-simulated/trace-derived
L2R,711.500000,304829,297.684570,686413,670.325195,680.824880,0.000000,1100.000000,8,4,1.000000,ns3-simulated/trace-derived
L2R,712.500000,292121,285.274414,686413,670.325195,680.824880,0.000000,1100.000000,8,4,1.000000,ns3-simulated/trace-derived
L2R,713.500000,279413,272.864258,686413,670.325195,680.824880,0.000000,1100.000000,8,4,1.000000,ns3-simulated/trace-derived
L2R,714.500000,266891,260.635742,686413,670.325195,680.824880,0.000000,1100.000000,8,4,1.000000,ns3-simulated/trace-derived
L2R,715.500000,254369,248.407227,686413,670.325195,680.824880,0.000000,1100.000000,8,4,1.000000,ns3-simulated/trace-derived
L2R,716.500000,241785,236.118164,686413,670.325195,680.824880,0.000000,1100.000000,8,4,1.000000,ns3-simulated/trace-derived
L2R,717.500000,229263,223.889648,686413,670.325195,680.824880,0.000000,1100.000000,8,4,1.000000,ns3-simulated/trace-derived
L2R,718.500000,216679,211.600586,686413,670.325195,680.824880,0.000000,1100.000000,8,4,1.000000,ns3-simulated/trace-derived
L2R,719.500000,204095,199.311523,686413,670.325195,680.824880,0.000000,1100.000000,8,4,1.000000,ns3-simulated/trace-derived
L2R,720.500000,191573,187.083008,686413,670.325195,680.824880,0.000000,1100.000000,8,4,1.000000,ns3-simulated/trace-derived
L2R,721.500000,179051,174.854492,686413,670.325195,680.824880,0.000000,1100.000000,8,4,1.000000,ns3-simulated/trace-derived
L2R,722.500000,166467,162.565430,686413,670.325195,680.824880,0.000000,1100.000000,8,4,1.000000,ns3-simulated/trace-derived
L2R,723.500000,153883,150.276367,686413,670.325195,680.824880,0.000000,1100.000000,8,4,1.000000,ns3-simulated/trace-derived
L2R,724.500000,141299,137.987305,686413,670.325195,680.824880,0.000000,1100.000000,8,4,1.000000,ns3-simulated/trace-derived
L2R,725.500000,128839,125.819336,686413,670.325195,680.824880,0.000000,1100.000000,8,4,1.000000,ns3-simulated/trace-derived
L2R,726.500000,116255,113.530273,686413,670.325195,680.824880,0.000000,1100.000000,8,4,1.000000,ns3-simulated/trace-derived
L2R,727.500000,103671,101.241211,686413,670.325195,680.824880,0.000000,1100.000000,8,4,1.000000,ns3-simulated/trace-derived
L2R,728.500000,95323,93.088867,686413,670.325195,680.824880,0.000000,1100.000000,8,4,1.000000,ns3-simulated/trace-derived
L2R,729.500000,82739,80.799805,686413,670.325195,680.824880,0.000000,1100.000000,8,4,1.000000,ns3-simulated/trace-derived
L2R,730.500000,70155,68.510742,686413,670.325195,680.824880,0.000000,1100.000000,8,4,1.000000,ns3-simulated/trace-derived
L2R,731.500000,57554,56.205078,686413,670.325195,680.824880,0.000000,1100.000000,8,4,1.000000,ns3-simulated/trace-derived
L2R,732.500000,45032,43.976562,686413,670.325195,680.824880,0.000000,1100.000000,8,4,1.000000,ns3-simulated/trace-derived
L2R,733.500000,32448,31.687500,686413,670.325195,680.824880,0.000000,1100.000000,8,4,1.000000,ns3-simulated/trace-derived
L2R,734.500000,19864,19.398438,686413,670.325195,680.824880,0.000000,1100.000000,8,4,1.000000,ns3-simulated/trace-derived
L2R,735.500000,7280,7.109375,686413,670.325195,680.824880,0.000000,1100.000000,8,4,1.000000,ns3-simulated/trace-derived
L2R,736.500000,0,0.000000,686413,670.325195,680.824880,0.000000,1100.000000,8,4,1.000000,ns3-simulated/trace-derived
L2R,737.500000,0,0.000000,686413,670.325195,680.824880,0.000000,1100.000000,8,4,1.000000,ns3-simulated/trace-derived
L2R,738.500000,0,0.000000,686413,670.325195,680.824880,0.000000,1100.000000,8,4,1.000000,ns3-simulated/trace-derived
L2R,739.500000,0,0.000000,686413,670.325195,680.824880,0.000000,1100.000000,8,4,1.000000,ns3-simulated/trace-derived
L2R,740.500000,0,0.000000,686413,670.325195,680.824880,0.000000,1100.000000,8,4,1.000000,ns3-simulated/trace-derived
L2R,741.500000,0,0.000000,686413,670.325195,680.824880,0.000000,1100.000000,8,4,1.000000,ns3-simulated/trace-derived
L2R,742.500000,0,0.000000,686413,670.325195,680.824880,0.000000,1100.000000,8,4,1.000000,ns3-simulated/trace-derived
L2R,743.500000,0,0.000000,686413,670.325195,680.824880,0.000000,1100.000000,8,4,1.000000,ns3-simulated/trace-derived
L2R,744.500000,0,0.000000,686413,670.325195,680.824880,0.000000,1100.000000,8,4,1.000000,ns3-simulated/trace-derived
L2R,745.500000,0,0.000000,686413,670.325195,680.824880,0.000000,1100.000000,8,4,1.000000,ns3-simulated/trace-derived
L2R,746.500000,0,0.000000,686413,670.325195,680.824880,0.000000,1100.000000,8,4,1.000000,ns3-simulated/trace-derived
L2R,747.500000,0,0.000000,686413,670.325195,680.824880,0.000000,1100.000000,8,4,1.000000,ns3-simulated/trace-derived
L2R,748.500000,0,0.000000,686413,670.325195,680.824880,0.000000,1100.000000,8,4,1.000000,ns3-simulated/trace-derived
L2R,749.500000,0,0.000000,686413,670.325195,680.824880,0.000000,1100.000000,8,4,1.000000,ns3-simulated/trace-derived
L2R,750.500000,0,0.000000,686413,670.325195,680.824880,0.000000,1100.000000,8,4,1.000000,ns3-simulated/trace-derived
L2R,751.500000,0,0.000000,686413,670.325195,680.824880,0.000000,1100.000000,8,4,1.000000,ns3-simulated/trace-derived
L2R,752.500000,0,0.000000,686413,670.325195,680.824880,0.000000,1100.000000,8,4,1.000000,ns3-simulated/trace-derived
L2R,753.500000,0,0.000000,686413,670.325195,680.824880,0.000000,1100.000000,8,4,1.000000,ns3-simulated/trace-derived
L2R,754.500000,0,0.000000,686413,670.325195,680.824880,0.000000,1100.000000,8,4,1.000000,ns3-simulated/trace-derived
L2R,755.500000,0,0.000000,686413,670.325195,680.824880,0.000000,1100.000000,8,4,1.000000,ns3-simulated/trace-derived
L2R,756.500000,0,0.000000,686413,670.325195,680.824880,0.000000,1100.000000,8,4,1.000000,ns3-simulated/trace-derived
L2R,757.500000,0,0.000000,686413,670.325195,680.824880,0.000000,1100.000000,8,4,1.000000,ns3-simulated/trace-derived
L2R,758.500000,0,0.000000,686413,670.325195,680.824880,0.000000,1100.000000,8,4,1.000000,ns3-simulated/trace-derived
L2R,759.500000,0,0.000000,686413,670.325195,680.824880,0.000000,1100.000000,8,4,1.000000,ns3-simulated/trace-derived
L2R,760.500000,0,0.000000,686413,670.325195,680.824880,0.000000,1100.000000,8,4,1.000000,ns3-simulated/trace-derived
L2R,761.500000,0,0.000000,686413,670.325195,680.824880,0.000000,1100.000000,8,4,1.000000,ns3-simulated/trace-derived
L2R,762.500000,0,0.000000,686413,670.325195,680.824880,0.000000,1100.000000,8,4,1.000000,ns3-simulated/trace-derived
L2R,763.500000,0,0.000000,686413,670.325195,680.824880,0.000000,1100.000000,8,4,1.000000,ns3-simulated/trace-derived
L2R,764.500000,0,0.000000,686413,670.325195,680.824880,0.000000,1100.000000,8,4,1.000000,ns3-simulated/trace-derived
L2R,765.500000,0,0.000000,686413,670.325195,680.824880,0.000000,1100.000000,8,4,1.000000,ns3-simulated/trace-derived
L2R,766.500000,0,0.000000,686413,670.325195,680.824880,0.000000,1100.000000,8,4,1.000000,ns3-simulated/trace-derived
L2R,767.500000,0,0.000000,686413,670.325195,680.824880,0.000000,1100.000000,8,4,1.000000,ns3-simulated/trace-derived
L2R,768.500000,0,0.000000,686413,670.325195,680.824880,0.000000,1100.000000,8,4,1.000000,ns3-simulated/trace-derived
L2R,769.500000,0,0.000000,686413,670.325195,680.824880,0.000000,1100.000000,8,4,1.000000,ns3-simulated/trace-derived
L2R,770.500000,0,0.000000,686413,670.325195,680.824880,0.000000,1100.000000,8,4,1.000000,ns3-simulated/trace-derived
L2R,771.500000,0,0.000000,686413,670.325195,680.824880,0.000000,1100.000000,8,4,1.000000,ns3-simulated/trace-derived
L2R,772.500000,0,0.000000,686413,670.325195,680.824880,0.000000,1100.000000,8,4,1.000000,ns3-simulated/trace-derived
L2R,773.500000,0,0.000000,686413,670.325195,680.824880,0.000000,1100.000000,8,4,1.000000,ns3-simulated/trace-derived
L2R,774.500000,0,0.000000,686413,670.325195,680.824880,0.000000,1100.000000,8,4,1.000000,ns3-simulated/trace-derived
L2R,775.500000,0,0.000000,686413,670.325195,680.824880,0.000000,1100.000000,8,4,1.000000,ns3-simulated/trace-derived
L2R,776.500000,0,0.000000,686413,670.325195,680.824880,0.000000,1100.000000,8,4,1.000000,ns3-simulated/trace-derived
L2R,777.500000,0,0.000000,686413,670.325195,680.824880,0.000000,1100.000000,8,4,1.000000,ns3-simulated/trace-derived
L2R,778.500000,0,0.000000,686413,670.325195,680.824880,0.000000,1100.000000,8,4,1.000000,ns3-simulated/trace-derived
L2R,779.500000,0,0.000000,686413,670.325195,680.824880,0.000000,1100.000000,8,4,1.000000,ns3-simulated/trace-derived
L2R,780.500000,0,0.000000,686413,670.325195,680.824880,0.000000,1100.000000,8,4,1.000000,ns3-simulated/trace-derived
L2R,781.500000,0,0.000000,686413,670.325195,680.824880,0.000000,1100.000000,8,4,1.000000,ns3-simulated/trace-derived
L2R,782.500000,0,0.000000,686413,670.325195,680.824880,0.000000,1100.000000,8,4,1.000000,ns3-simulated/trace-derived
L2R,783.500000,0,0.000000,686413,670.325195,680.824880,0.000000,1100.000000,8,4,1.000000,ns3-simulated/trace-derived
L2R,784.500000,0,0.000000,686413,670.325195,680.824880,0.000000,1100.000000,8,4,1.000000,ns3-simulated/trace-derived
L2R,785.500000,0,0.000000,686413,670.325195,680.824880,0.000000,1100.000000,8,4,1.000000,ns3-simulated/trace-derived
L2R,786.500000,0,0.000000,686413,670.325195,680.824880,0.000000,1100.000000,8,4,1.000000,ns3-simulated/trace-derived
L2R,787.500000,0,0.000000,686413,670.325195,680.824880,0.000000,1100.000000,8,4,1.000000,ns3-simulated/trace-derived
L2R,788.500000,0,0.000000,686413,670.325195,680.824880,0.000000,1100.000000,8,4,1.000000,ns3-simulated/trace-derived
L2R,789.500000,0,0.000000,686413,670.325195,680.824880,0.000000,1100.000000,8,4,1.000000,ns3-simulated/trace-derived
L2R,790.500000,0,0.000000,686413,670.325195,680.824880,0.000000,1100.000000,8,4,1.000000,ns3-simulated/trace-derived
L2R,791.500000,0,0.000000,686413,670.325195,680.824880,0.000000,1100.000000,8,4,1.000000,ns3-simulated/trace-derived
L2R,792.500000,0,0.000000,686413,670.325195,680.824880,0.000000,1100.000000,8,4,1.000000,ns3-simulated/trace-derived
L2R,793.500000,0,0.000000,686413,670.325195,680.824880,0.000000,1100.000000,8,4,1.000000,ns3-simulated/trace-derived
L2R,794.500000,0,0.000000,686413,670.325195,680.824880,0.000000,1100.000000,8,4,1.000000,ns3-simulated/trace-derived
L2R,795.500000,0,0.000000,686413,670.325195,680.824880,0.000000,1100.000000,8,4,1.000000,ns3-simulated/trace-derived
L2R,796.500000,0,0.000000,686413,670.325195,680.824880,0.000000,1100.000000,8,4,1.000000,ns3-simulated/trace-derived
L2R,797.500000,0,0.000000,686413,670.325195,680.824880,0.000000,1100.000000,8,4,1.000000,ns3-simulated/trace-derived
L2R,798.500000,0,0.000000,686413,670.325195,680.824880,0.000000,1100.000000,8,4,1.000000,ns3-simulated/trace-derived
L2R,799.500000,0,0.000000,686413,670.325195,680.824880,0.000000,1100.000000,8,4,1.000000,ns3-simulated/trace-derived
L2R,800.500000,0,0.000000,686413,670.325195,680.824880,0.000000,1100.000000,8,4,1.000000,ns3-simulated/trace-derived
L2R,801.500000,0,0.000000,686413,670.325195,680.824880,0.000000,1100.000000,8,4,1.000000,ns3-simulated/trace-derived
L2R,802.500000,0,0.000000,686413,670.325195,680.824880,0.000000,1100.000000,8,4,1.000000,ns3-simulated/trace-derived
L2R,803.500000,0,0.000000,686413,670.325195,680.824880,0.000000,1100.000000,8,4,1.000000,ns3-simulated/trace-derived
L2R,804.500000,0,0.000000,686413,670.325195,680.824880,0.000000,1100.000000,8,4,1.000000,ns3-simulated/trace-derived
L2R,805.500000,0,0.000000,686413,670.325195,680.824880,0.000000,1100.000000,8,4,1.000000,ns3-simulated/trace-derived
L2R,806.500000,0,0.000000,686413,670.325195,680.824880,0.000000,1100.000000,8,4,1.000000,ns3-simulated/trace-derived
L2R,807.500000,0,0.000000,686413,670.325195,680.824880,0.000000,1100.000000,8,4,1.000000,ns3-simulated/trace-derived
L2R,808.500000,0,0.000000,686413,670.325195,680.824880,0.000000,1100.000000,8,4,1.000000,ns3-simulated/trace-derived
L2R,809.500000,0,0.000000,686413,670.325195,680.824880,0.000000,1100.000000,8,4,1.000000,ns3-simulated/trace-derived
L2R,810.500000,0,0.000000,686413,670.325195,680.824880,0.000000,1100.000000,8,4,1.000000,ns3-simulated/trace-derived
L2R,811.500000,0,0.000000,686413,670.325195,680.824880,0.000000,1100.000000,8,4,1.000000,ns3-simulated/trace-derived
L2R,812.500000,0,0.000000,686413,670.325195,680.824880,0.000000,1100.000000,8,4,1.000000,ns3-simulated/trace-derived
L2R,813.500000,0,0.000000,686413,670.325195,680.824880,0.000000,1100.000000,8,4,1.000000,ns3-simulated/trace-derived
L2R,814.500000,0,0.000000,686413,670.325195,680.824880,0.000000,1100.000000,8,4,1.000000,ns3-simulated/trace-derived
L2R,815.500000,0,0.000000,686413,670.325195,680.824880,0.000000,1100.000000,8,4,1.000000,ns3-simulated/trace-derived
L2R,816.500000,0,0.000000,686413,670.325195,680.824880,0.000000,1100.000000,8,4,1.000000,ns3-simulated/trace-derived
L2R,817.500000,0,0.000000,686413,670.325195,680.824880,0.000000,1100.000000,8,4,1.000000,ns3-simulated/trace-derived
L2R,818.500000,0,0.000000,686413,670.325195,680.824880,0.000000,1100.000000,8,4,1.000000,ns3-simulated/trace-derived
L2R,819.500000,0,0.000000,686413,670.325195,680.824880,0.000000,1100.000000,8,4,1.000000,ns3-simulated/trace-derived
L2R,820.500000,12522,12.228516,686413,670.325195,680.824880,0.000000,1100.000000,8,4,1.000000,ns3-simulated/trace-derived
L2R,821.500000,50088,48.914062,686413,670.325195,680.824880,0.000000,1100.000000,8,4,1.000000,ns3-simulated/trace-derived
L2R,822.500000,87654,85.599609,686413,670.325195,680.824880,0.000000,1100.000000,8,4,1.000000,ns3-simulated/trace-derived
L2R,823.500000,125220,122.285156,686413,670.325195,680.824880,0.000000,1100.000000,8,4,1.000000,ns3-simulated/trace-derived
L2R,824.500000,162786,158.970703,686413,670.325195,680.824880,0.000000,1100.000000,8,4,1.000000,ns3-simulated/trace-derived
L2R,825.500000,200352,195.656250,686413,670.325195,680.824880,0.000000,1100.000000,8,4,1.000000,ns3-simulated/trace-derived
L2R,826.500000,200414,195.716797,686413,670.325195,680.824880,0.000000,1100.000000,8,4,1.000000,ns3-simulated/trace-derived
L2R,827.500000,187892,183.488281,686413,670.325195,680.824880,0.000000,1100.000000,8,4,1.000000,ns3-simulated/trace-derived
L2R,828.500000,175370,171.259766,686413,670.325195,680.824880,0.000000,1100.000000,8,4,1.000000,ns3-simulated/trace-derived
L2R,829.500000,162848,159.031250,686413,670.325195,680.824880,0.000000,1100.000000,8,4,1.000000,ns3-simulated/trace-derived
L2R,830.500000,150326,146.802734,686413,670.325195,680.824880,0.000000,1100.000000,8,4,1.000000,ns3-simulated/trace-derived
L2R,831.500000,137866,134.634766,686413,670.325195,680.824880,0.000000,1100.000000,8,4,1.000000,ns3-simulated/trace-derived
L2R,832.500000,125344,122.406250,686413,670.325195,680.824880,0.000000,1100.000000,8,4,1.000000,ns3-simulated/trace-derived
L2R,833.500000,112822,110.177734,686413,670.325195,680.824880,0.000000,1100.000000,8,4,1.000000,ns3-simulated/trace-derived
L2R,834.500000,100300,97.949219,686413,670.325195,680.824880,0.000000,1100.000000,8,4,1.000000,ns3-simulated/trace-derived
L2R,835.500000,87778,85.720703,686413,670.325195,680.824880,0.000000,1100.000000,8,4,1.000000,ns3-simulated/trace-derived
L2R,836.500000,75318,73.552734,686413,670.325195,680.824880,0.000000,1100.000000,8,4,1.000000,ns3-simulated/trace-derived
L2R,837.500000,62796,61.324219,686413,670.325195,680.824880,0.000000,1100.000000,8,4,1.000000,ns3-simulated/trace-derived
L2R,838.500000,50274,49.095703,686413,670.325195,680.824880,0.000000,1100.000000,8,4,1.000000,ns3-simulated/trace-derived
L2R,839.500000,37752,36.867188,686413,670.325195,680.824880,0.000000,1100.000000,8,4,1.000000,ns3-simulated/trace-derived
L2R,840.500000,25230,24.638672,686413,670.325195,680.824880,0.000000,1100.000000,8,4,1.000000,ns3-simulated/trace-derived
L2R,841.500000,12708,12.410156,686413,670.325195,680.824880,0.000000,1100.000000,8,4,1.000000,ns3-simulated/trace-derived
L2R,842.500000,248,0.242188,686413,670.325195,680.824880,0.000000,1100.000000,8,4,1.000000,ns3-simulated/trace-derived
L2R,843.500000,0,0.000000,686413,670.325195,680.824880,0.000000,1100.000000,8,4,1.000000,ns3-simulated/trace-derived
L2R,844.500000,0,0.000000,686413,670.325195,680.824880,0.000000,1100.000000,8,4,1.000000,ns3-simulated/trace-derived
L2R,845.500000,0,0.000000,686413,670.325195,680.824880,0.000000,1100.000000,8,4,1.000000,ns3-simulated/trace-derived
L2R,846.500000,0,0.000000,686413,670.325195,680.824880,0.000000,1100.000000,8,4,1.000000,ns3-simulated/trace-derived
L2R,847.500000,0,0.000000,686413,670.325195,680.824880,0.000000,1100.000000,8,4,1.000000,ns3-simulated/trace-derived
L2R,848.500000,0,0.000000,686413,670.325195,680.824880,0.000000,1100.000000,8,4,1.000000,ns3-simulated/trace-derived
L2R,849.500000,0,0.000000,686413,670.325195,680.824880,0.000000,1100.000000,8,4,1.000000,ns3-simulated/trace-derived
L2R,850.500000,0,0.000000,686413,670.325195,680.824880,0.000000,1100.000000,8,4,1.000000,ns3-simulated/trace-derived
L2R,851.500000,0,0.000000,686413,670.325195,680.824880,0.000000,1100.000000,8,4,1.000000,ns3-simulated/trace-derived
L2R,852.500000,0,0.000000,686413,670.325195,680.824880,0.000000,1100.000000,8,4,1.000000,ns3-simulated/trace-derived
L2R,853.500000,0,0.000000,686413,670.325195,680.824880,0.000000,1100.000000,8,4,1.000000,ns3-simulated/trace-derived
L2R,854.500000,0,0.000000,686413,670.325195,680.824880,0.000000,1100.000000,8,4,1.000000,ns3-simulated/trace-derived
L2R,855.500000,0,0.000000,686413,670.325195,680.824880,0.000000,1100.000000,8,4,1.000000,ns3-simulated/trace-derived
L2R,856.500000,0,0.000000,686413,670.325195,680.824880,0.000000,1100.000000,8,4,1.000000,ns3-simulated/trace-derived
L2R,857.500000,0,0.000000,686413,670.325195,680.824880,0.000000,1100.000000,8,4,1.000000,ns3-simulated/trace-derived
L2R,858.500000,0,0.000000,686413,670.325195,680.824880,0.000000,1100.000000,8,4,1.000000,ns3-simulated/trace-derived
L2R,859.500000,0,0.000000,686413,670.325195,680.824880,0.000000,1100.000000,8,4,1.000000,ns3-simulated/trace-derived
L2R,860.500000,0,0.000000,686413,670.325195,680.824880,0.000000,1100.000000,8,4,1.000000,ns3-simulated/trace-derived
L2R,861.500000,0,0.000000,686413,670.325195,680.824880,0.000000,1100.000000,8,4,1.000000,ns3-simulated/trace-derived
L2R,862.500000,0,0.000000,686413,670.325195,680.824880,0.000000,1100.000000,8,4,1.000000,ns3-simulated/trace-derived
L2R,863.500000,0,0.000000,686413,670.325195,680.824880,0.000000,1100.000000,8,4,1.000000,ns3-simulated/trace-derived
L2R,864.500000,0,0.000000,686413,670.325195,680.824880,0.000000,1100.000000,8,4,1.000000,ns3-simulated/trace-derived
L2R,865.500000,0,0.000000,686413,670.325195,680.824880,0.000000,1100.000000,8,4,1.000000,ns3-simulated/trace-derived
L2R,866.500000,0,0.000000,686413,670.325195,680.824880,0.000000,1100.000000,8,4,1.000000,ns3-simulated/trace-derived
L2R,867.500000,0,0.000000,686413,670.325195,680.824880,0.000000,1100.000000,8,4,1.000000,ns3-simulated/trace-derived
L2R,868.500000,0,0.000000,686413,670.325195,680.824880,0.000000,1100.000000,8,4,1.000000,ns3-simulated/trace-derived
L2R,869.500000,0,0.000000,686413,670.325195,680.824880,0.000000,1100.000000,8,4,1.000000,ns3-simulated/trace-derived
L2R,870.500000,0,0.000000,686413,670.325195,680.824880,0.000000,1100.000000,8,4,1.000000,ns3-simulated/trace-derived
L2R,871.500000,0,0.000000,686413,670.325195,680.824880,0.000000,1100.000000,8,4,1.000000,ns3-simulated/trace-derived
L2R,872.500000,0,0.000000,686413,670.325195,680.824880,0.000000,1100.000000,8,4,1.000000,ns3-simulated/trace-derived
L2R,873.500000,0,0.000000,686413,670.325195,680.824880,0.000000,1100.000000,8,4,1.000000,ns3-simulated/trace-derived
L2R,874.500000,0,0.000000,686413,670.325195,680.824880,0.000000,1100.000000,8,4,1.000000,ns3-simulated/trace-derived
L2R,875.500000,0,0.000000,686413,670.325195,680.824880,0.000000,1100.000000,8,4,1.000000,ns3-simulated/trace-derived
L2R,876.500000,0,0.000000,686413,670.325195,680.824880,0.000000,1100.000000,8,4,1.000000,ns3-simulated/trace-derived
L2R,877.500000,0,0.000000,686413,670.325195,680.824880,0.000000,1100.000000,8,4,1.000000,ns3-simulated/trace-derived
L2R,878.500000,0,0.000000,686413,670.325195,680.824880,0.000000,1100.000000,8,4,1.000000,ns3-simulated/trace-derived
L2R,879.500000,0,0.000000,686413,670.325195,680.824880,0.000000,1100.000000,8,4,1.000000,ns3-simulated/trace-derived
L2R,880.500000,0,0.000000,686413,670.325195,680.824880,0.000000,1100.000000,8,4,1.000000,ns3-simulated/trace-derived
L2R,881.500000,0,0.000000,686413,670.325195,680.824880,0.000000,1100.000000,8,4,1.000000,ns3-simulated/trace-derived
L2R,882.500000,0,0.000000,686413,670.325195,680.824880,0.000000,1100.000000,8,4,1.000000,ns3-simulated/trace-derived
L2R,883.500000,0,0.000000,686413,670.325195,680.824880,0.000000,1100.000000,8,4,1.000000,ns3-simulated/trace-derived
L2R,884.500000,0,0.000000,686413,670.325195,680.824880,0.000000,1100.000000,8,4,1.000000,ns3-simulated/trace-derived
L2R,885.500000,0,0.000000,686413,670.325195,680.824880,0.000000,1100.000000,8,4,1.000000,ns3-simulated/trace-derived
L2R,886.500000,0,0.000000,686413,670.325195,680.824880,0.000000,1100.000000,8,4,1.000000,ns3-simulated/trace-derived
L2R,887.500000,0,0.000000,686413,670.325195,680.824880,0.000000,1100.000000,8,4,1.000000,ns3-simulated/trace-derived
L2R,888.500000,0,0.000000,686413,670.325195,680.824880,0.000000,1100.000000,8,4,1.000000,ns3-simulated/trace-derived
L2R,889.500000,0,0.000000,686413,670.325195,680.824880,0.000000,1100.000000,8,4,1.000000,ns3-simulated/trace-derived
L2R,890.500000,0,0.000000,686413,670.325195,680.824880,0.000000,1100.000000,8,4,1.000000,ns3-simulated/trace-derived
L2R,891.500000,0,0.000000,686413,670.325195,680.824880,0.000000,1100.000000,8,4,1.000000,ns3-simulated/trace-derived
L2R,892.500000,0,0.000000,686413,670.325195,680.824880,0.000000,1100.000000,8,4,1.000000,ns3-simulated/trace-derived
L2R,893.500000,0,0.000000,686413,670.325195,680.824880,0.000000,1100.000000,8,4,1.000000,ns3-simulated/trace-derived
L2R,894.500000,0,0.000000,686413,670.325195,680.824880,0.000000,1100.000000,8,4,1.000000,ns3-simulated/trace-derived
L2R,895.500000,0,0.000000,686413,670.325195,680.824880,0.000000,1100.000000,8,4,1.000000,ns3-simulated/trace-derived
L2R,896.500000,0,0.000000,686413,670.325195,680.824880,0.000000,1100.000000,8,4,1.000000,ns3-simulated/trace-derived
L2R,897.500000,0,0.000000,686413,670.325195,680.824880,0.000000,1100.000000,8,4,1.000000,ns3-simulated/trace-derived
L2R,898.500000,0,0.000000,686413,670.325195,680.824880,0.000000,1100.000000,8,4,1.000000,ns3-simulated/trace-derived
L2R,899.500000,0,0.000000,686413,670.325195,680.824880,0.000000,1100.000000,8,4,1.000000,ns3-simulated/trace-derived
L2R,900.500000,33392,32.609375,686413,670.325195,680.824880,0.000000,1100.000000,8,4,1.000000,ns3-simulated/trace-derived
L2R,901.500000,121046,118.208984,686413,670.325195,680.824880,0.000000,1100.000000,8,4,1.000000,ns3-simulated/trace-derived
L2R,902.500000,208700,203.808594,686413,670.325195,680.824880,0.000000,1100.000000,8,4,1.000000,ns3-simulated/trace-derived
L2R,903.500000,296354,289.408203,686413,670.325195,680.824880,0.000000,1100.000000,8,4,1.000000,ns3-simulated/trace-derived
L2R,904.500000,384008,375.007812,686413,670.325195,680.824880,0.000000,1100.000000,8,4,1.000000,ns3-simulated/trace-derived
L2R,905.500000,471662,460.607422,686413,670.325195,680.824880,0.000000,1100.000000,8,4,1.000000,ns3-simulated/trace-derived
L2R,906.500000,484184,472.835938,686413,670.325195,680.824880,0.000000,1100.000000,8,4,1.000000,ns3-simulated/trace-derived
L2R,907.500000,471662,460.607422,686413,670.325195,680.824880,0.000000,1100.000000,8,4,1.000000,ns3-simulated/trace-derived
L2R,908.500000,459140,448.378906,686413,670.325195,680.824880,0.000000,1100.000000,8,4,1.000000,ns3-simulated/trace-derived
L2R,909.500000,446618,436.150391,686413,670.325195,680.824880,0.000000,1100.000000,8,4,1.000000,ns3-simulated/trace-derived
L2R,910.500000,434096,423.921875,686413,670.325195,680.824880,0.000000,1100.000000,8,4,1.000000,ns3-simulated/trace-derived
L2R,911.500000,421698,411.814453,686413,670.325195,680.824880,0.000000,1100.000000,8,4,1.000000,ns3-simulated/trace-derived
L2R,912.500000,409176,399.585938,686413,670.325195,680.824880,0.000000,1100.000000,8,4,1.000000,ns3-simulated/trace-derived
L2R,913.500000,396654,387.357422,686413,670.325195,680.824880,0.000000,1100.000000,8,4,1.000000,ns3-simulated/trace-derived
L2R,914.500000,384132,375.128906,686413,670.325195,680.824880,0.000000,1100.000000,8,4,1.000000,ns3-simulated/trace-derived
L2R,915.500000,371610,362.900391,686413,670.325195,680.824880,0.000000,1100.000000,8,4,1.000000,ns3-simulated/trace-derived
L2R,916.500000,359088,350.671875,686413,670.325195,680.824880,0.000000,1100.000000,8,4,1.000000,ns3-simulated/trace-derived
L2R,917.500000,346566,338.443359,686413,670.325195,680.824880,0.000000,1100.000000,8,4,1.000000,ns3-simulated/trace-derived
L2R,918.500000,334044,326.214844,686413,670.325195,680.824880,0.000000,1100.000000,8,4,1.000000,ns3-simulated/trace-derived
L2R,919.500000,321522,313.986328,686413,670.325195,680.824880,0.000000,1100.000000,8,4,1.000000,ns3-simulated/trace-derived
L2R,920.500000,309000,301.757812,686413,670.325195,680.824880,0.000000,1100.000000,8,4,1.000000,ns3-simulated/trace-derived
L2R,921.500000,296540,289.589844,686413,670.325195,680.824880,0.000000,1100.000000,8,4,1.000000,ns3-simulated/trace-derived
L2R,922.500000,284080,277.421875,686413,670.325195,680.824880,0.000000,1100.000000,8,4,1.000000,ns3-simulated/trace-derived
L2R,923.500000,271558,265.193359,686413,670.325195,680.824880,0.000000,1100.000000,8,4,1.000000,ns3-simulated/trace-derived
L2R,924.500000,259036,252.964844,686413,670.325195,680.824880,0.000000,1100.000000,8,4,1.000000,ns3-simulated/trace-derived
L2R,925.500000,246514,240.736328,686413,670.325195,680.824880,0.000000,1100.000000,8,4,1.000000,ns3-simulated/trace-derived
L2R,926.500000,233992,228.507812,686413,670.325195,680.824880,0.000000,1100.000000,8,4,1.000000,ns3-simulated/trace-derived
L2R,927.500000,221470,216.279297,686413,670.325195,680.824880,0.000000,1100.000000,8,4,1.000000,ns3-simulated/trace-derived
L2R,928.500000,208948,204.050781,686413,670.325195,680.824880,0.000000,1100.000000,8,4,1.000000,ns3-simulated/trace-derived
L2R,929.500000,196426,191.822266,686413,670.325195,680.824880,0.000000,1100.000000,8,4,1.000000,ns3-simulated/trace-derived
L2R,930.500000,188078,183.669922,686413,670.325195,680.824880,0.000000,1100.000000,8,4,1.000000,ns3-simulated/trace-derived
L2R,931.500000,175556,171.441406,686413,670.325195,680.824880,0.000000,1100.000000,8,4,1.000000,ns3-simulated/trace-derived
L2R,932.500000,163158,159.333984,686413,670.325195,680.824880,0.000000,1100.000000,8,4,1.000000,ns3-simulated/trace-derived
L2R,933.500000,150636,147.105469,686413,670.325195,680.824880,0.000000,1100.000000,8,4,1.000000,ns3-simulated/trace-derived
L2R,934.500000,138114,134.876953,686413,670.325195,680.824880,0.000000,1100.000000,8,4,1.000000,ns3-simulated/trace-derived
L2R,935.500000,125592,122.648438,686413,670.325195,680.824880,0.000000,1100.000000,8,4,1.000000,ns3-simulated/trace-derived
L2R,936.500000,113070,110.419922,686413,670.325195,680.824880,0.000000,1100.000000,8,4,1.000000,ns3-simulated/trace-derived
L2R,937.500000,100548,98.191406,686413,670.325195,680.824880,0.000000,1100.000000,8,4,1.000000,ns3-simulated/trace-derived
L2R,938.500000,88026,85.962891,686413,670.325195,680.824880,0.000000,1100.000000,8,4,1.000000,ns3-simulated/trace-derived
L2R,939.500000,75504,73.734375,686413,670.325195,680.824880,0.000000,1100.000000,8,4,1.000000,ns3-simulated/trace-derived
L2R,940.500000,62982,61.505859,686413,670.325195,680.824880,0.000000,1100.000000,8,4,1.000000,ns3-simulated/trace-derived
L2R,941.500000,50460,49.277344,686413,670.325195,680.824880,0.000000,1100.000000,8,4,1.000000,ns3-simulated/trace-derived
L2R,942.500000,37938,37.048828,686413,670.325195,680.824880,0.000000,1100.000000,8,4,1.000000,ns3-simulated/trace-derived
L2R,943.500000,25540,24.941406,686413,670.325195,680.824880,0.000000,1100.000000,8,4,1.000000,ns3-simulated/trace-derived
L2R,944.500000,13018,12.712891,686413,670.325195,680.824880,0.000000,1100.000000,8,4,1.000000,ns3-simulated/trace-derived
L2R,945.500000,496,0.484375,686413,670.325195,680.824880,0.000000,1100.000000,8,4,1.000000,ns3-simulated/trace-derived
L2R,946.500000,0,0.000000,686413,670.325195,680.824880,0.000000,1100.000000,8,4,1.000000,ns3-simulated/trace-derived
L2R,947.500000,0,0.000000,686413,670.325195,680.824880,0.000000,1100.000000,8,4,1.000000,ns3-simulated/trace-derived
L2R,948.500000,0,0.000000,686413,670.325195,680.824880,0.000000,1100.000000,8,4,1.000000,ns3-simulated/trace-derived
L2R,949.500000,0,0.000000,686413,670.325195,680.824880,0.000000,1100.000000,8,4,1.000000,ns3-simulated/trace-derived
L2R,950.500000,0,0.000000,686413,670.325195,680.824880,0.000000,1100.000000,8,4,1.000000,ns3-simulated/trace-derived
L2R,951.500000,0,0.000000,686413,670.325195,680.824880,0.000000,1100.000000,8,4,1.000000,ns3-simulated/trace-derived
L2R,952.500000,0,0.000000,686413,670.325195,680.824880,0.000000,1100.000000,8,4,1.000000,ns3-simulated/trace-derived
L2R,953.500000,0,0.000000,686413,670.325195,680.824880,0.000000,1100.000000,8,4,1.000000,ns3-simulated/trace-derived
L2R,954.500000,0,0.000000,686413,670.325195,680.824880,0.000000,1100.000000,8,4,1.000000,ns3-simulated/trace-derived
L2R,955.500000,0,0.000000,686413,670.325195,680.824880,0.000000,1100.000000,8,4,1.000000,ns3-simulated/trace-derived
L2R,956.500000,0,0.000000,686413,670.325195,680.824880,0.000000,1100.000000,8,4,1.000000,ns3-simulated/trace-derived
L2R,957.500000,0,0.000000,686413,670.325195,680.824880,0.000000,1100.000000,8,4,1.000000,ns3-simulated/trace-derived
L2R,958.500000,0,0.000000,686413,670.325195,680.824880,0.000000,1100.000000,8,4,1.000000,ns3-simulated/trace-derived
L2R,959.500000,0,0.000000,686413,670.325195,680.824880,0.000000,1100.000000,8,4,1.000000,ns3-simulated/trace-derived
L2R,960.500000,0,0.000000,686413,670.325195,680.824880,0.000000,1100.000000,8,4,1.000000,ns3-simulated/trace-derived
L2R,961.500000,0,0.000000,686413,670.325195,680.824880,0.000000,1100.000000,8,4,1.000000,ns3-simulated/trace-derived
L2R,962.500000,0,0.000000,686413,670.325195,680.824880,0.000000,1100.000000,8,4,1.000000,ns3-simulated/trace-derived
L2R,963.500000,0,0.000000,686413,670.325195,680.824880,0.000000,1100.000000,8,4,1.000000,ns3-simulated/trace-derived
L2R,964.500000,0,0.000000,686413,670.325195,680.824880,0.000000,1100.000000,8,4,1.000000,ns3-simulated/trace-derived
L2R,965.500000,0,0.000000,686413,670.325195,680.824880,0.000000,1100.000000,8,4,1.000000,ns3-simulated/trace-derived
L2R,966.500000,0,0.000000,686413,670.325195,680.824880,0.000000,1100.000000,8,4,1.000000,ns3-simulated/trace-derived
L2R,967.500000,0,0.000000,686413,670.325195,680.824880,0.000000,1100.000000,8,4,1.000000,ns3-simulated/trace-derived
L2R,968.500000,0,0.000000,686413,670.325195,680.824880,0.000000,1100.000000,8,4,1.000000,ns3-simulated/trace-derived
L2R,969.500000,0,0.000000,686413,670.325195,680.824880,0.000000,1100.000000,8,4,1.000000,ns3-simulated/trace-derived
L2R,970.500000,0,0.000000,686413,670.325195,680.824880,0.000000,1100.000000,8,4,1.000000,ns3-simulated/trace-derived
L2R,971.500000,0,0.000000,686413,670.325195,680.824880,0.000000,1100.000000,8,4,1.000000,ns3-simulated/trace-derived
L2R,972.500000,0,0.000000,686413,670.325195,680.824880,0.000000,1100.000000,8,4,1.000000,ns3-simulated/trace-derived
L2R,973.500000,0,0.000000,686413,670.325195,680.824880,0.000000,1100.000000,8,4,1.000000,ns3-simulated/trace-derived
L2R,974.500000,0,0.000000,686413,670.325195,680.824880,0.000000,1100.000000,8,4,1.000000,ns3-simulated/trace-derived
L2R,975.500000,0,0.000000,686413,670.325195,680.824880,0.000000,1100.000000,8,4,1.000000,ns3-simulated/trace-derived
L2R,976.500000,0,0.000000,686413,670.325195,680.824880,0.000000,1100.000000,8,4,1.000000,ns3-simulated/trace-derived
L2R,977.500000,0,0.000000,686413,670.325195,680.824880,0.000000,1100.000000,8,4,1.000000,ns3-simulated/trace-derived
L2R,978.500000,0,0.000000,686413,670.325195,680.824880,0.000000,1100.000000,8,4,1.000000,ns3-simulated/trace-derived
L2R,979.500000,0,0.000000,686413,670.325195,680.824880,0.000000,1100.000000,8,4,1.000000,ns3-simulated/trace-derived
L2R,980.500000,0,0.000000,686413,670.325195,680.824880,0.000000,1100.000000,8,4,1.000000,ns3-simulated/trace-derived
L2R,981.500000,0,0.000000,686413,670.325195,680.824880,0.000000,1100.000000,8,4,1.000000,ns3-simulated/trace-derived
L2R,982.500000,0,0.000000,686413,670.325195,680.824880,0.000000,1100.000000,8,4,1.000000,ns3-simulated/trace-derived
L2R,983.500000,0,0.000000,686413,670.325195,680.824880,0.000000,1100.000000,8,4,1.000000,ns3-simulated/trace-derived
L2R,984.500000,0,0.000000,686413,670.325195,680.824880,0.000000,1100.000000,8,4,1.000000,ns3-simulated/trace-derived
L2R,985.500000,0,0.000000,686413,670.325195,680.824880,0.000000,1100.000000,8,4,1.000000,ns3-simulated/trace-derived
L2R,986.500000,0,0.000000,686413,670.325195,680.824880,0.000000,1100.000000,8,4,1.000000,ns3-simulated/trace-derived
L2R,987.500000,0,0.000000,686413,670.325195,680.824880,0.000000,1100.000000,8,4,1.000000,ns3-simulated/trace-derived
L2R,988.500000,0,0.000000,686413,670.325195,680.824880,0.000000,1100.000000,8,4,1.000000,ns3-simulated/trace-derived
L2R,989.500000,0,0.000000,686413,670.325195,680.824880,0.000000,1100.000000,8,4,1.000000,ns3-simulated/trace-derived
L2R,990.500000,0,0.000000,686413,670.325195,680.824880,0.000000,1100.000000,8,4,1.000000,ns3-simulated/trace-derived
L2R,991.500000,0,0.000000,686413,670.325195,680.824880,0.000000,1100.000000,8,4,1.000000,ns3-simulated/trace-derived
L2R,992.500000,0,0.000000,686413,670.325195,680.824880,0.000000,1100.000000,8,4,1.000000,ns3-simulated/trace-derived
L2R,993.500000,0,0.000000,686413,670.325195,680.824880,0.000000,1100.000000,8,4,1.000000,ns3-simulated/trace-derived
L2R,994.500000,0,0.000000,686413,670.325195,680.824880,0.000000,1100.000000,8,4,1.000000,ns3-simulated/trace-derived
L2R,995.500000,0,0.000000,686413,670.325195,680.824880,0.000000,1100.000000,8,4,1.000000,ns3-simulated/trace-derived
L2R,996.500000,0,0.000000,686413,670.325195,680.824880,0.000000,1100.000000,8,4,1.000000,ns3-simulated/trace-derived
L2R,997.500000,0,0.000000,686413,670.325195,680.824880,0.000000,1100.000000,8,4,1.000000,ns3-simulated/trace-derived
L2R,998.500000,0,0.000000,686413,670.325195,680.824880,0.000000,1100.000000,8,4,1.000000,ns3-simulated/trace-derived
L2R,999.500000,0,0.000000,686413,670.325195,680.824880,0.000000,1100.000000,8,4,1.000000,ns3-simulated/trace-derived
L2R,1000.500000,0,0.000000,686413,670.325195,680.824880,0.000000,1100.000000,8,4,1.000000,ns3-simulated/trace-derived
L2R,1001.500000,0,0.000000,686413,670.325195,680.824880,0.000000,1100.000000,8,4,1.000000,ns3-simulated/trace-derived
L2R,1002.500000,0,0.000000,686413,670.325195,680.824880,0.000000,1100.000000,8,4,1.000000,ns3-simulated/trace-derived
L2R,1003.500000,0,0.000000,686413,670.325195,680.824880,0.000000,1100.000000,8,4,1.000000,ns3-simulated/trace-derived
L2R,1004.500000,0,0.000000,686413,670.325195,680.824880,0.000000,1100.000000,8,4,1.000000,ns3-simulated/trace-derived
L2R,1005.500000,0,0.000000,686413,670.325195,680.824880,0.000000,1100.000000,8,4,1.000000,ns3-simulated/trace-derived
L2R,1006.500000,0,0.000000,686413,670.325195,680.824880,0.000000,1100.000000,8,4,1.000000,ns3-simulated/trace-derived
L2R,1007.500000,0,0.000000,686413,670.325195,680.824880,0.000000,1100.000000,8,4,1.000000,ns3-simulated/trace-derived
L2R,1008.500000,0,0.000000,686413,670.325195,680.824880,0.000000,1100.000000,8,4,1.000000,ns3-simulated/trace-derived
L2R,1009.500000,0,0.000000,686413,670.325195,680.824880,0.000000,1100.000000,8,4,1.000000,ns3-simulated/trace-derived
L2R,1010.500000,0,0.000000,686413,670.325195,680.824880,0.000000,1100.000000,8,4,1.000000,ns3-simulated/trace-derived
L2R,1011.500000,0,0.000000,686413,670.325195,680.824880,0.000000,1100.000000,8,4,1.000000,ns3-simulated/trace-derived
L2R,1012.500000,0,0.000000,686413,670.325195,680.824880,0.000000,1100.000000,8,4,1.000000,ns3-simulated/trace-derived
L2R,1013.500000,0,0.000000,686413,670.325195,680.824880,0.000000,1100.000000,8,4,1.000000,ns3-simulated/trace-derived
L2R,1014.500000,0,0.000000,686413,670.325195,680.824880,0.000000,1100.000000,8,4,1.000000,ns3-simulated/trace-derived
L2R,1015.500000,0,0.000000,686413,670.325195,680.824880,0.000000,1100.000000,8,4,1.000000,ns3-simulated/trace-derived
L2R,1016.500000,0,0.000000,686413,670.325195,680.824880,0.000000,1100.000000,8,4,1.000000,ns3-simulated/trace-derived
L2R,1017.500000,0,0.000000,686413,670.325195,680.824880,0.000000,1100.000000,8,4,1.000000,ns3-simulated/trace-derived
L2R,1018.500000,0,0.000000,686413,670.325195,680.824880,0.000000,1100.000000,8,4,1.000000,ns3-simulated/trace-derived
L2R,1019.500000,0,0.000000,686413,670.325195,680.824880,0.000000,1100.000000,8,4,1.000000,ns3-simulated/trace-derived
L2R,1020.500000,12522,12.228516,686413,670.325195,680.824880,0.000000,1100.000000,8,4,1.000000,ns3-simulated/trace-derived
L2R,1021.500000,50088,48.914062,686413,670.325195,680.824880,0.000000,1100.000000,8,4,1.000000,ns3-simulated/trace-derived
L2R,1022.500000,87654,85.599609,686413,670.325195,680.824880,0.000000,1100.000000,8,4,1.000000,ns3-simulated/trace-derived
L2R,1023.500000,125220,122.285156,686413,670.325195,680.824880,0.000000,1100.000000,8,4,1.000000,ns3-simulated/trace-derived
L2R,1024.500000,162786,158.970703,686413,670.325195,680.824880,0.000000,1100.000000,8,4,1.000000,ns3-simulated/trace-derived
L2R,1025.500000,200352,195.656250,686413,670.325195,680.824880,0.000000,1100.000000,8,4,1.000000,ns3-simulated/trace-derived
L2R,1026.500000,237980,232.402344,686413,670.325195,680.824880,0.000000,1100.000000,8,4,1.000000,ns3-simulated/trace-derived
L2R,1027.500000,275546,269.087891,686413,670.325195,680.824880,0.000000,1100.000000,8,4,1.000000,ns3-simulated/trace-derived
L2R,1028.500000,313112,305.773438,686413,670.325195,680.824880,0.000000,1100.000000,8,4,1.000000,ns3-simulated/trace-derived
L2R,1029.500000,350678,342.458984,686413,670.325195,680.824880,0.000000,1100.000000,8,4,1.000000,ns3-simulated/trace-derived
L2R,1030.500000,388244,379.144531,686413,670.325195,680.824880,0.000000,1100.000000,8,4,1.000000,ns3-simulated/trace-derived
L2R,1031.500000,388306,379.205078,686413,670.325195,680.824880,0.000000,1100.000000,8,4,1.000000,ns3-simulated/trace-derived
L2R,1032.500000,375784,366.976562,686413,670.325195,680.824880,0.000000,1100.000000,8,4,1.000000,ns3-simulated/trace-derived
L2R,1033.500000,363262,354.748047,686413,670.325195,680.824880,0.000000,1100.000000,8,4,1.000000,ns3-simulated/trace-derived
L2R,1034.500000,350740,342.519531,686413,670.325195,680.824880,0.000000,1100.000000,8,4,1.000000,ns3-simulated/trace-derived
L2R,1035.500000,338218,330.291016,686413,670.325195,680.824880,0.000000,1100.000000,8,4,1.000000,ns3-simulated/trace-derived
L2R,1036.500000,325758,318.123047,686413,670.325195,680.824880,0.000000,1100.000000,8,4,1.000000,ns3-simulated/trace-derived
L2R,1037.500000,313236,305.894531,686413,670.325195,680.824880,0.000000,1100.000000,8,4,1.000000,ns3-simulated/trace-derived
L2R,1038.500000,300714,293.666016,686413,670.325195,680.824880,0.000000,1100.000000,8,4,1.000000,ns3-simulated/trace-derived
L2R,1039.500000,288192,281.437500,686413,670.325195,680.824880,0.000000,1100.000000,8,4,1.000000,ns3-simulated/trace-derived
L2R,1040.500000,275670,269.208984,686413,670.325195,680.824880,0.000000,1100.000000,8,4,1.000000,ns3-simulated/trace-derived
L2R,1041.500000,263148,256.980469,686413,670.325195,680.824880,0.000000,1100.000000,8,4,1.000000,ns3-simulated/trace-derived
L2R,1042.500000,250688,244.812500,686413,670.325195,680.824880,0.000000,1100.000000,8,4,1.000000,ns3-simulated/trace-derived
L2R,1043.500000,238104,232.523438,686413,670.325195,680.824880,0.000000,1100.000000,8,4,1.000000,ns3-simulated/trace-derived
L2R,1044.500000,229756,224.371094,686413,670.325195,680.824880,0.000000,1100.000000,8,4,1.000000,ns3-simulated/trace-derived
L2R,1045.500000,217234,212.142578,686413,670.325195,680.824880,0.000000,1100.000000,8,4,1.000000,ns3-simulated/trace-derived
L2R,1046.500000,204712,199.914062,686413,670.325195,680.824880,0.000000,1100.000000,8,4,1.000000,ns3-simulated/trace-derived
L2R,1047.500000,192252,187.746094,686413,670.325195,680.824880,0.000000,1100.000000,8,4,1.000000,ns3-simulated/trace-derived
L2R,1048.500000,179730,175.517578,686413,670.325195,680.824880,0.000000,1100.000000,8,4,1.000000,ns3-simulated/trace-derived
L2R,1049.500000,167208,163.289062,686413,670.325195,680.824880,0.000000,1100.000000,8,4,1.000000,ns3-simulated/trace-derived
L2R,1050.500000,154686,151.060547,686413,670.325195,680.824880,0.000000,1100.000000,8,4,1.000000,ns3-simulated/trace-derived
L2R,1051.500000,142164,138.832031,686413,670.325195,680.824880,0.000000,1100.000000,8,4,1.000000,ns3-simulated/trace-derived
L2R,1052.500000,129704,126.664062,686413,670.325195,680.824880,0.000000,1100.000000,8,4,1.000000,ns3-simulated/trace-derived
L2R,1053.500000,117182,114.435547,686413,670.325195,680.824880,0.000000,1100.000000,8,4,1.000000,ns3-simulated/trace-derived
L2R,1054.500000,104660,102.207031,686413,670.325195,680.824880,0.000000,1100.000000,8,4,1.000000,ns3-simulated/trace-derived
L2R,1055.500000,92138,89.978516,686413,670.325195,680.824880,0.000000,1100.000000,8,4,1.000000,ns3-simulated/trace-derived
L2R,1056.500000,79616,77.750000,686413,670.325195,680.824880,0.000000,1100.000000,8,4,1.000000,ns3-simulated/trace-derived
L2R,1057.500000,67094,65.521484,686413,670.325195,680.824880,0.000000,1100.000000,8,4,1.000000,ns3-simulated/trace-derived
L2R,1058.500000,54634,53.353516,686413,670.325195,680.824880,0.000000,1100.000000,8,4,1.000000,ns3-simulated/trace-derived
L2R,1059.500000,42112,41.125000,686413,670.325195,680.824880,0.000000,1100.000000,8,4,1.000000,ns3-simulated/trace-derived
L2R,1060.500000,29590,28.896484,686413,670.325195,680.824880,0.000000,1100.000000,8,4,1.000000,ns3-simulated/trace-derived
L2R,1061.500000,17068,16.667969,686413,670.325195,680.824880,0.000000,1100.000000,8,4,1.000000,ns3-simulated/trace-derived
L2R,1062.500000,4546,4.439453,686413,670.325195,680.824880,0.000000,1100.000000,8,4,1.000000,ns3-simulated/trace-derived
L2R,1063.500000,0,0.000000,686413,670.325195,680.824880,0.000000,1100.000000,8,4,1.000000,ns3-simulated/trace-derived
L2R,1064.500000,0,0.000000,686413,670.325195,680.824880,0.000000,1100.000000,8,4,1.000000,ns3-simulated/trace-derived
L2R,1065.500000,0,0.000000,686413,670.325195,680.824880,0.000000,1100.000000,8,4,1.000000,ns3-simulated/trace-derived
L2R,1066.500000,0,0.000000,686413,670.325195,680.824880,0.000000,1100.000000,8,4,1.000000,ns3-simulated/trace-derived
L2R,1067.500000,0,0.000000,686413,670.325195,680.824880,0.000000,1100.000000,8,4,1.000000,ns3-simulated/trace-derived
L2R,1068.500000,0,0.000000,686413,670.325195,680.824880,0.000000,1100.000000,8,4,1.000000,ns3-simulated/trace-derived
L2R,1069.500000,0,0.000000,686413,670.325195,680.824880,0.000000,1100.000000,8,4,1.000000,ns3-simulated/trace-derived
L2R,1070.500000,0,0.000000,686413,670.325195,680.824880,0.000000,1100.000000,8,4,1.000000,ns3-simulated/trace-derived
L2R,1071.500000,0,0.000000,686413,670.325195,680.824880,0.000000,1100.000000,8,4,1.000000,ns3-simulated/trace-derived
L2R,1072.500000,0,0.000000,686413,670.325195,680.824880,0.000000,1100.000000,8,4,1.000000,ns3-simulated/trace-derived
L2R,1073.500000,0,0.000000,686413,670.325195,680.824880,0.000000,1100.000000,8,4,1.000000,ns3-simulated/trace-derived
L2R,1074.500000,0,0.000000,686413,670.325195,680.824880,0.000000,1100.000000,8,4,1.000000,ns3-simulated/trace-derived
L2R,1075.500000,0,0.000000,686413,670.325195,680.824880,0.000000,1100.000000,8,4,1.000000,ns3-simulated/trace-derived
L2R,1076.500000,0,0.000000,686413,670.325195,680.824880,0.000000,1100.000000,8,4,1.000000,ns3-simulated/trace-derived
L2R,1077.500000,0,0.000000,686413,670.325195,680.824880,0.000000,1100.000000,8,4,1.000000,ns3-simulated/trace-derived
L2R,1078.500000,0,0.000000,686413,670.325195,680.824880,0.000000,1100.000000,8,4,1.000000,ns3-simulated/trace-derived
L2R,1079.500000,0,0.000000,686413,670.325195,680.824880,0.000000,1100.000000,8,4,1.000000,ns3-simulated/trace-derived
L2R,1080.500000,0,0.000000,686413,670.325195,680.824880,0.000000,1100.000000,8,4,1.000000,ns3-simulated/trace-derived
L2R,1081.500000,0,0.000000,686413,670.325195,680.824880,0.000000,1100.000000,8,4,1.000000,ns3-simulated/trace-derived
L2R,1082.500000,0,0.000000,686413,670.325195,680.824880,0.000000,1100.000000,8,4,1.000000,ns3-simulated/trace-derived
L2R,1083.500000,0,0.000000,686413,670.325195,680.824880,0.000000,1100.000000,8,4,1.000000,ns3-simulated/trace-derived
L2R,1084.500000,0,0.000000,686413,670.325195,680.824880,0.000000,1100.000000,8,4,1.000000,ns3-simulated/trace-derived
L2R,1085.500000,0,0.000000,686413,670.325195,680.824880,0.000000,1100.000000,8,4,1.000000,ns3-simulated/trace-derived
L2R,1086.500000,0,0.000000,686413,670.325195,680.824880,0.000000,1100.000000,8,4,1.000000,ns3-simulated/trace-derived
L2R,1087.500000,0,0.000000,686413,670.325195,680.824880,0.000000,1100.000000,8,4,1.000000,ns3-simulated/trace-derived
L2R,1088.500000,0,0.000000,686413,670.325195,680.824880,0.000000,1100.000000,8,4,1.000000,ns3-simulated/trace-derived
L2R,1089.500000,0,0.000000,686413,670.325195,680.824880,0.000000,1100.000000,8,4,1.000000,ns3-simulated/trace-derived
L2R,1090.500000,0,0.000000,686413,670.325195,680.824880,0.000000,1100.000000,8,4,1.000000,ns3-simulated/trace-derived
L2R,1091.500000,0,0.000000,686413,670.325195,680.824880,0.000000,1100.000000,8,4,1.000000,ns3-simulated/trace-derived
L2R,1092.500000,0,0.000000,686413,670.325195,680.824880,0.000000,1100.000000,8,4,1.000000,ns3-simulated/trace-derived
L2R,1093.500000,0,0.000000,686413,670.325195,680.824880,0.000000,1100.000000,8,4,1.000000,ns3-simulated/trace-derived
L2R,1094.500000,0,0.000000,686413,670.325195,680.824880,0.000000,1100.000000,8,4,1.000000,ns3-simulated/trace-derived
L2R,1095.500000,0,0.000000,686413,670.325195,680.824880,0.000000,1100.000000,8,4,1.000000,ns3-simulated/trace-derived
L2R,1096.500000,0,0.000000,686413,670.325195,680.824880,0.000000,1100.000000,8,4,1.000000,ns3-simulated/trace-derived
L2R,1097.500000,0,0.000000,686413,670.325195,680.824880,0.000000,1100.000000,8,4,1.000000,ns3-simulated/trace-derived
L2R,1098.500000,0,0.000000,686413,670.325195,680.824880,0.000000,1100.000000,8,4,1.000000,ns3-simulated/trace-derived
L2R,1099.500000,0,0.000000,686413,670.325195,680.824880,0.000000,1100.000000,8,4,1.000000,ns3-simulated/trace-derived
R2L,0.500000,0,0.000000,217189,212.098633,225.905840,0.000000,1100.000000,9,4,1.000000,ns3-simulated/trace-derived
R2L,1.500000,0,0.000000,217189,212.098633,225.905840,0.000000,1100.000000,9,4,1.000000,ns3-simulated/trace-derived
R2L,2.500000,0,0.000000,217189,212.098633,225.905840,0.000000,1100.000000,9,4,1.000000,ns3-simulated/trace-derived
R2L,3.500000,0,0.000000,217189,212.098633,225.905840,0.000000,1100.000000,9,4,1.000000,ns3-simulated/trace-derived
R2L,4.500000,0,0.000000,217189,212.098633,225.905840,0.000000,1100.000000,9,4,1.000000,ns3-simulated/trace-derived
R2L,5.500000,0,0.000000,217189,212.098633,225.905840,0.000000,1100.000000,9,4,1.000000,ns3-simulated/trace-derived
R2L,6.500000,0,0.000000,217189,212.098633,225.905840,0.000000,1100.000000,9,4,1.000000,ns3-simulated/trace-derived
R2L,7.500000,0,0.000000,217189,212.098633,225.905840,0.000000,1100.000000,9,4,1.000000,ns3-simulated/trace-derived
R2L,8.500000,0,0.000000,217189,212.098633,225.905840,0.000000,1100.000000,9,4,1.000000,ns3-simulated/trace-derived
R2L,9.500000,0,0.000000,217189,212.098633,225.905840,0.000000,1100.000000,9,4,1.000000,ns3-simulated/trace-derived
R2L,10.500000,0,0.000000,217189,212.098633,225.905840,0.000000,1100.000000,9,4,1.000000,ns3-simulated/trace-derived
R2L,11.500000,0,0.000000,217189,212.098633,225.905840,0.000000,1100.000000,9,4,1.000000,ns3-simulated/trace-derived
R2L,12.500000,0,0.000000,217189,212.098633,225.905840,0.000000,1100.000000,9,4,1.000000,ns3-simulated/trace-derived
R2L,13.500000,0,0.000000,217189,212.098633,225.905840,0.000000,1100.000000,9,4,1.000000,ns3-simulated/trace-derived
R2L,14.500000,0,0.000000,217189,212.098633,225.905840,0.000000,1100.000000,9,4,1.000000,ns3-simulated/trace-derived
R2L,15.500000,0,0.000000,217189,212.098633,225.905840,0.000000,1100.000000,9,4,1.000000,ns3-simulated/trace-derived
R2L,16.500000,0,0.000000,217189,212.098633,225.905840,0.000000,1100.000000,9,4,1.000000,ns3-simulated/trace-derived
R2L,17.500000,0,0.000000,217189,212.098633,225.905840,0.000000,1100.000000,9,4,1.000000,ns3-simulated/trace-derived
R2L,18.500000,0,0.000000,217189,212.098633,225.905840,0.000000,1100.000000,9,4,1.000000,ns3-simulated/trace-derived
R2L,19.500000,0,0.000000,217189,212.098633,225.905840,0.000000,1100.000000,9,4,1.000000,ns3-simulated/trace-derived
R2L,20.500000,0,0.000000,217189,212.098633,225.905840,0.000000,1100.000000,9,4,1.000000,ns3-simulated/trace-derived
R2L,21.500000,0,0.000000,217189,212.098633,225.905840,0.000000,1100.000000,9,4,1.000000,ns3-simulated/trace-derived
R2L,22.500000,0,0.000000,217189,212.098633,225.905840,0.000000,1100.000000,9,4,1.000000,ns3-simulated/trace-derived
R2L,23.500000,0,0.000000,217189,212.098633,225.905840,0.000000,1100.000000,9,4,1.000000,ns3-simulated/trace-derived
R2L,24.500000,0,0.000000,217189,212.098633,225.905840,0.000000,1100.000000,9,4,1.000000,ns3-simulated/trace-derived
R2L,25.500000,0,0.000000,217189,212.098633,225.905840,0.000000,1100.000000,9,4,1.000000,ns3-simulated/trace-derived
R2L,26.500000,0,0.000000,217189,212.098633,225.905840,0.000000,1100.000000,9,4,1.000000,ns3-simulated/trace-derived
R2L,27.500000,0,0.000000,217189,212.098633,225.905840,0.000000,1100.000000,9,4,1.000000,ns3-simulated/trace-derived
R2L,28.500000,0,0.000000,217189,212.098633,225.905840,0.000000,1100.000000,9,4,1.000000,ns3-simulated/trace-derived
R2L,29.500000,0,0.000000,217189,212.098633,225.905840,0.000000,1100.000000,9,4,1.000000,ns3-simulated/trace-derived
R2L,30.500000,0,0.000000,217189,212.098633,225.905840,0.000000,1100.000000,9,4,1.000000,ns3-simulated/trace-derived
R2L,31.500000,0,0.000000,217189,212.098633,225.905840,0.000000,1100.000000,9,4,1.000000,ns3-simulated/trace-derived
R2L,32.500000,0,0.000000,217189,212.098633,225.905840,0.000000,1100.000000,9,4,1.000000,ns3-simulated/trace-derived
R2L,33.500000,0,0.000000,217189,212.098633,225.905840,0.000000,1100.000000,9,4,1.000000,ns3-simulated/trace-derived
R2L,34.500000,0,0.000000,217189,212.098633,225.905840,0.000000,1100.000000,9,4,1.000000,ns3-simulated/trace-derived
R2L,35.500000,0,0.000000,217189,212.098633,225.905840,0.000000,1100.000000,9,4,1.000000,ns3-simulated/trace-derived
R2L,36.500000,0,0.000000,217189,212.098633,225.905840,0.000000,1100.000000,9,4,1.000000,ns3-simulated/trace-derived
R2L,37.500000,0,0.000000,217189,212.098633,225.905840,0.000000,1100.000000,9,4,1.000000,ns3-simulated/trace-derived
R2L,38.500000,0,0.000000,217189,212.098633,225.905840,0.000000,1100.000000,9,4,1.000000,ns3-simulated/trace-derived
R2L,39.500000,0,0.000000,217189,212.098633,225.905840,0.000000,1100.000000,9,4,1.000000,ns3-simulated/trace-derived
R2L,40.500000,0,0.000000,217189,212.098633,225.905840,0.000000,1100.000000,9,4,1.000000,ns3-simulated/trace-derived
R2L,41.500000,0,0.000000,217189,212.098633,225.905840,0.000000,1100.000000,9,4,1.000000,ns3-simulated/trace-derived
R2L,42.500000,0,0.000000,217189,212.098633,225.905840,0.000000,1100.000000,9,4,1.000000,ns3-simulated/trace-derived
R2L,43.500000,0,0.000000,217189,212.098633,225.905840,0.000000,1100.000000,9,4,1.000000,ns3-simulated/trace-derived
R2L,44.500000,0,0.000000,217189,212.098633,225.905840,0.000000,1100.000000,9,4,1.000000,ns3-simulated/trace-derived
R2L,45.500000,0,0.000000,217189,212.098633,225.905840,0.000000,1100.000000,9,4,1.000000,ns3-simulated/trace-derived
R2L,46.500000,0,0.000000,217189,212.098633,225.905840,0.000000,1100.000000,9,4,1.000000,ns3-simulated/trace-derived
R2L,47.500000,0,0.000000,217189,212.098633,225.905840,0.000000,1100.000000,9,4,1.000000,ns3-simulated/trace-derived
R2L,48.500000,0,0.000000,217189,212.098633,225.905840,0.000000,1100.000000,9,4,1.000000,ns3-simulated/trace-derived
R2L,49.500000,0,0.000000,217189,212.098633,225.905840,0.000000,1100.000000,9,4,1.000000,ns3-simulated/trace-derived
R2L,50.500000,0,0.000000,217189,212.098633,225.905840,0.000000,1100.000000,9,4,1.000000,ns3-simulated/trace-derived
R2L,51.500000,0,0.000000,217189,212.098633,225.905840,0.000000,1100.000000,9,4,1.000000,ns3-simulated/trace-derived
R2L,52.500000,0,0.000000,217189,212.098633,225.905840,0.000000,1100.000000,9,4,1.000000,ns3-simulated/trace-derived
R2L,53.500000,0,0.000000,217189,212.098633,225.905840,0.000000,1100.000000,9,4,1.000000,ns3-simulated/trace-derived
R2L,54.500000,0,0.000000,217189,212.098633,225.905840,0.000000,1100.000000,9,4,1.000000,ns3-simulated/trace-derived
R2L,55.500000,0,0.000000,217189,212.098633,225.905840,0.000000,1100.000000,9,4,1.000000,ns3-simulated/trace-derived
R2L,56.500000,0,0.000000,217189,212.098633,225.905840,0.000000,1100.000000,9,4,1.000000,ns3-simulated/trace-derived
R2L,57.500000,0,0.000000,217189,212.098633,225.905840,0.000000,1100.000000,9,4,1.000000,ns3-simulated/trace-derived
R2L,58.500000,0,0.000000,217189,212.098633,225.905840,0.000000,1100.000000,9,4,1.000000,ns3-simulated/trace-derived
R2L,59.500000,0,0.000000,217189,212.098633,225.905840,0.000000,1100.000000,9,4,1.000000,ns3-simulated/trace-derived
R2L,60.500000,0,0.000000,217189,212.098633,225.905840,0.000000,1100.000000,9,4,1.000000,ns3-simulated/trace-derived
R2L,61.500000,0,0.000000,217189,212.098633,225.905840,0.000000,1100.000000,9,4,1.000000,ns3-simulated/trace-derived
R2L,62.500000,0,0.000000,217189,212.098633,225.905840,0.000000,1100.000000,9,4,1.000000,ns3-simulated/trace-derived
R2L,63.500000,0,0.000000,217189,212.098633,225.905840,0.000000,1100.000000,9,4,1.000000,ns3-simulated/trace-derived
R2L,64.500000,0,0.000000,217189,212.098633,225.905840,0.000000,1100.000000,9,4,1.000000,ns3-simulated/trace-derived
R2L,65.500000,0,0.000000,217189,212.098633,225.905840,0.000000,1100.000000,9,4,1.000000,ns3-simulated/trace-derived
R2L,66.500000,0,0.000000,217189,212.098633,225.905840,0.000000,1100.000000,9,4,1.000000,ns3-simulated/trace-derived
R2L,67.500000,0,0.000000,217189,212.098633,225.905840,0.000000,1100.000000,9,4,1.000000,ns3-simulated/trace-derived
R2L,68.500000,0,0.000000,217189,212.098633,225.905840,0.000000,1100.000000,9,4,1.000000,ns3-simulated/trace-derived
R2L,69.500000,0,0.000000,217189,212.098633,225.905840,0.000000,1100.000000,9,4,1.000000,ns3-simulated/trace-derived
R2L,70.500000,0,0.000000,217189,212.098633,225.905840,0.000000,1100.000000,9,4,1.000000,ns3-simulated/trace-derived
R2L,71.500000,0,0.000000,217189,212.098633,225.905840,0.000000,1100.000000,9,4,1.000000,ns3-simulated/trace-derived
R2L,72.500000,0,0.000000,217189,212.098633,225.905840,0.000000,1100.000000,9,4,1.000000,ns3-simulated/trace-derived
R2L,73.500000,0,0.000000,217189,212.098633,225.905840,0.000000,1100.000000,9,4,1.000000,ns3-simulated/trace-derived
R2L,74.500000,0,0.000000,217189,212.098633,225.905840,0.000000,1100.000000,9,4,1.000000,ns3-simulated/trace-derived
R2L,75.500000,0,0.000000,217189,212.098633,225.905840,0.000000,1100.000000,9,4,1.000000,ns3-simulated/trace-derived
R2L,76.500000,0,0.000000,217189,212.098633,225.905840,0.000000,1100.000000,9,4,1.000000,ns3-simulated/trace-derived
R2L,77.500000,0,0.000000,217189,212.098633,225.905840,0.000000,1100.000000,9,4,1.000000,ns3-simulated/trace-derived
R2L,78.500000,0,0.000000,217189,212.098633,225.905840,0.000000,1100.000000,9,4,1.000000,ns3-simulated/trace-derived
R2L,79.500000,0,0.000000,217189,212.098633,225.905840,0.000000,1100.000000,9,4,1.000000,ns3-simulated/trace-derived
R2L,80.500000,0,0.000000,217189,212.098633,225.905840,0.000000,1100.000000,9,4,1.000000,ns3-simulated/trace-derived
R2L,81.500000,0,0.000000,217189,212.098633,225.905840,0.000000,1100.000000,9,4,1.000000,ns3-simulated/trace-derived
R2L,82.500000,0,0.000000,217189,212.098633,225.905840,0.000000,1100.000000,9,4,1.000000,ns3-simulated/trace-derived
R2L,83.500000,0,0.000000,217189,212.098633,225.905840,0.000000,1100.000000,9,4,1.000000,ns3-simulated/trace-derived
R2L,84.500000,0,0.000000,217189,212.098633,225.905840,0.000000,1100.000000,9,4,1.000000,ns3-simulated/trace-derived
R2L,85.500000,0,0.000000,217189,212.098633,225.905840,0.000000,1100.000000,9,4,1.000000,ns3-simulated/trace-derived
R2L,86.500000,0,0.000000,217189,212.098633,225.905840,0.000000,1100.000000,9,4,1.000000,ns3-simulated/trace-derived
R2L,87.500000,0,0.000000,217189,212.098633,225.905840,0.000000,1100.000000,9,4,1.000000,ns3-simulated/trace-derived
R2L,88.500000,0,0.000000,217189,212.098633,225.905840,0.000000,1100.000000,9,4,1.000000,ns3-simulated/trace-derived
R2L,89.500000,0,0.000000,217189,212.098633,225.905840,0.000000,1100.000000,9,4,1.000000,ns3-simulated/trace-derived
R2L,90.500000,0,0.000000,217189,212.098633,225.905840,0.000000,1100.000000,9,4,1.000000,ns3-simulated/trace-derived
R2L,91.500000,0,0.000000,217189,212.098633,225.905840,0.000000,1100.000000,9,4,1.000000,ns3-simulated/trace-derived
R2L,92.500000,0,0.000000,217189,212.098633,225.905840,0.000000,1100.000000,9,4,1.000000,ns3-simulated/trace-derived
R2L,93.500000,0,0.000000,217189,212.098633,225.905840,0.000000,1100.000000,9,4,1.000000,ns3-simulated/trace-derived
R2L,94.500000,0,0.000000,217189,212.098633,225.905840,0.000000,1100.000000,9,4,1.000000,ns3-simulated/trace-derived
R2L,95.500000,0,0.000000,217189,212.098633,225.905840,0.000000,1100.000000,9,4,1.000000,ns3-simulated/trace-derived
R2L,96.500000,0,0.000000,217189,212.098633,225.905840,0.000000,1100.000000,9,4,1.000000,ns3-simulated/trace-derived
R2L,97.500000,0,0.000000,217189,212.098633,225.905840,0.000000,1100.000000,9,4,1.000000,ns3-simulated/trace-derived
R2L,98.500000,0,0.000000,217189,212.098633,225.905840,0.000000,1100.000000,9,4,1.000000,ns3-simulated/trace-derived
R2L,99.500000,0,0.000000,217189,212.098633,225.905840,0.000000,1100.000000,9,4,1.000000,ns3-simulated/trace-derived
R2L,100.500000,0,0.000000,217189,212.098633,225.905840,0.000000,1100.000000,9,4,1.000000,ns3-simulated/trace-derived
R2L,101.500000,0,0.000000,217189,212.098633,225.905840,0.000000,1100.000000,9,4,1.000000,ns3-simulated/trace-derived
R2L,102.500000,0,0.000000,217189,212.098633,225.905840,0.000000,1100.000000,9,4,1.000000,ns3-simulated/trace-derived
R2L,103.500000,0,0.000000,217189,212.098633,225.905840,0.000000,1100.000000,9,4,1.000000,ns3-simulated/trace-derived
R2L,104.500000,0,0.000000,217189,212.098633,225.905840,0.000000,1100.000000,9,4,1.000000,ns3-simulated/trace-derived
R2L,105.500000,0,0.000000,217189,212.098633,225.905840,0.000000,1100.000000,9,4,1.000000,ns3-simulated/trace-derived
R2L,106.500000,0,0.000000,217189,212.098633,225.905840,0.000000,1100.000000,9,4,1.000000,ns3-simulated/trace-derived
R2L,107.500000,0,0.000000,217189,212.098633,225.905840,0.000000,1100.000000,9,4,1.000000,ns3-simulated/trace-derived
R2L,108.500000,0,0.000000,217189,212.098633,225.905840,0.000000,1100.000000,9,4,1.000000,ns3-simulated/trace-derived
R2L,109.500000,0,0.000000,217189,212.098633,225.905840,0.000000,1100.000000,9,4,1.000000,ns3-simulated/trace-derived
R2L,110.500000,0,0.000000,217189,212.098633,225.905840,0.000000,1100.000000,9,4,1.000000,ns3-simulated/trace-derived
R2L,111.500000,0,0.000000,217189,212.098633,225.905840,0.000000,1100.000000,9,4,1.000000,ns3-simulated/trace-derived
R2L,112.500000,0,0.000000,217189,212.098633,225.905840,0.000000,1100.000000,9,4,1.000000,ns3-simulated/trace-derived
R2L,113.500000,0,0.000000,217189,212.098633,225.905840,0.000000,1100.000000,9,4,1.000000,ns3-simulated/trace-derived
R2L,114.500000,0,0.000000,217189,212.098633,225.905840,0.000000,1100.000000,9,4,1.000000,ns3-simulated/trace-derived
R2L,115.500000,0,0.000000,217189,212.098633,225.905840,0.000000,1100.000000,9,4,1.000000,ns3-simulated/trace-derived
R2L,116.500000,0,0.000000,217189,212.098633,225.905840,0.000000,1100.000000,9,4,1.000000,ns3-simulated/trace-derived
R2L,117.500000,0,0.000000,217189,212.098633,225.905840,0.000000,1100.000000,9,4,1.000000,ns3-simulated/trace-derived
R2L,118.500000,0,0.000000,217189,212.098633,225.905840,0.000000,1100.000000,9,4,1.000000,ns3-simulated/trace-derived
R2L,119.500000,0,0.000000,217189,212.098633,225.905840,0.000000,1100.000000,9,4,1.000000,ns3-simulated/trace-derived
R2L,120.500000,0,0.000000,217189,212.098633,225.905840,0.000000,1100.000000,9,4,1.000000,ns3-simulated/trace-derived
R2L,121.500000,0,0.000000,217189,212.098633,225.905840,0.000000,1100.000000,9,4,1.000000,ns3-simulated/trace-derived
R2L,122.500000,0,0.000000,217189,212.098633,225.905840,0.000000,1100.000000,9,4,1.000000,ns3-simulated/trace-derived
R2L,123.500000,0,0.000000,217189,212.098633,225.905840,0.000000,1100.000000,9,4,1.000000,ns3-simulated/trace-derived
R2L,124.500000,0,0.000000,217189,212.098633,225.905840,0.000000,1100.000000,9,4,1.000000,ns3-simulated/trace-derived
R2L,125.500000,0,0.000000,217189,212.098633,225.905840,0.000000,1100.000000,9,4,1.000000,ns3-simulated/trace-derived
R2L,126.500000,0,0.000000,217189,212.098633,225.905840,0.000000,1100.000000,9,4,1.000000,ns3-simulated/trace-derived
R2L,127.500000,0,0.000000,217189,212.098633,225.905840,0.000000,1100.000000,9,4,1.000000,ns3-simulated/trace-derived
R2L,128.500000,0,0.000000,217189,212.098633,225.905840,0.000000,1100.000000,9,4,1.000000,ns3-simulated/trace-derived
R2L,129.500000,0,0.000000,217189,212.098633,225.905840,0.000000,1100.000000,9,4,1.000000,ns3-simulated/trace-derived
R2L,130.500000,0,0.000000,217189,212.098633,225.905840,0.000000,1100.000000,9,4,1.000000,ns3-simulated/trace-derived
R2L,131.500000,0,0.000000,217189,212.098633,225.905840,0.000000,1100.000000,9,4,1.000000,ns3-simulated/trace-derived
R2L,132.500000,0,0.000000,217189,212.098633,225.905840,0.000000,1100.000000,9,4,1.000000,ns3-simulated/trace-derived
R2L,133.500000,0,0.000000,217189,212.098633,225.905840,0.000000,1100.000000,9,4,1.000000,ns3-simulated/trace-derived
R2L,134.500000,0,0.000000,217189,212.098633,225.905840,0.000000,1100.000000,9,4,1.000000,ns3-simulated/trace-derived
R2L,135.500000,0,0.000000,217189,212.098633,225.905840,0.000000,1100.000000,9,4,1.000000,ns3-simulated/trace-derived
R2L,136.500000,0,0.000000,217189,212.098633,225.905840,0.000000,1100.000000,9,4,1.000000,ns3-simulated/trace-derived
R2L,137.500000,0,0.000000,217189,212.098633,225.905840,0.000000,1100.000000,9,4,1.000000,ns3-simulated/trace-derived
R2L,138.500000,0,0.000000,217189,212.098633,225.905840,0.000000,1100.000000,9,4,1.000000,ns3-simulated/trace-derived
R2L,139.500000,0,0.000000,217189,212.098633,225.905840,0.000000,1100.000000,9,4,1.000000,ns3-simulated/trace-derived
R2L,140.500000,0,0.000000,217189,212.098633,225.905840,0.000000,1100.000000,9,4,1.000000,ns3-simulated/trace-derived
R2L,141.500000,0,0.000000,217189,212.098633,225.905840,0.000000,1100.000000,9,4,1.000000,ns3-simulated/trace-derived
R2L,142.500000,0,0.000000,217189,212.098633,225.905840,0.000000,1100.000000,9,4,1.000000,ns3-simulated/trace-derived
R2L,143.500000,0,0.000000,217189,212.098633,225.905840,0.000000,1100.000000,9,4,1.000000,ns3-simulated/trace-derived
R2L,144.500000,0,0.000000,217189,212.098633,225.905840,0.000000,1100.000000,9,4,1.000000,ns3-simulated/trace-derived
R2L,145.500000,0,0.000000,217189,212.098633,225.905840,0.000000,1100.000000,9,4,1.000000,ns3-simulated/trace-derived
R2L,146.500000,0,0.000000,217189,212.098633,225.905840,0.000000,1100.000000,9,4,1.000000,ns3-simulated/trace-derived
R2L,147.500000,0,0.000000,217189,212.098633,225.905840,0.000000,1100.000000,9,4,1.000000,ns3-simulated/trace-derived
R2L,148.500000,0,0.000000,217189,212.098633,225.905840,0.000000,1100.000000,9,4,1.000000,ns3-simulated/trace-derived
R2L,149.500000,0,0.000000,217189,212.098633,225.905840,0.000000,1100.000000,9,4,1.000000,ns3-simulated/trace-derived
R2L,150.500000,0,0.000000,217189,212.098633,225.905840,0.000000,1100.000000,9,4,1.000000,ns3-simulated/trace-derived
R2L,151.500000,0,0.000000,217189,212.098633,225.905840,0.000000,1100.000000,9,4,1.000000,ns3-simulated/trace-derived
R2L,152.500000,0,0.000000,217189,212.098633,225.905840,0.000000,1100.000000,9,4,1.000000,ns3-simulated/trace-derived
R2L,153.500000,0,0.000000,217189,212.098633,225.905840,0.000000,1100.000000,9,4,1.000000,ns3-simulated/trace-derived
R2L,154.500000,0,0.000000,217189,212.098633,225.905840,0.000000,1100.000000,9,4,1.000000,ns3-simulated/trace-derived
R2L,155.500000,0,0.000000,217189,212.098633,225.905840,0.000000,1100.000000,9,4,1.000000,ns3-simulated/trace-derived
R2L,156.500000,0,0.000000,217189,212.098633,225.905840,0.000000,1100.000000,9,4,1.000000,ns3-simulated/trace-derived
R2L,157.500000,0,0.000000,217189,212.098633,225.905840,0.000000,1100.000000,9,4,1.000000,ns3-simulated/trace-derived
R2L,158.500000,0,0.000000,217189,212.098633,225.905840,0.000000,1100.000000,9,4,1.000000,ns3-simulated/trace-derived
R2L,159.500000,0,0.000000,217189,212.098633,225.905840,0.000000,1100.000000,9,4,1.000000,ns3-simulated/trace-derived
R2L,160.500000,0,0.000000,217189,212.098633,225.905840,0.000000,1100.000000,9,4,1.000000,ns3-simulated/trace-derived
R2L,161.500000,0,0.000000,217189,212.098633,225.905840,0.000000,1100.000000,9,4,1.000000,ns3-simulated/trace-derived
R2L,162.500000,0,0.000000,217189,212.098633,225.905840,0.000000,1100.000000,9,4,1.000000,ns3-simulated/trace-derived
R2L,163.500000,0,0.000000,217189,212.098633,225.905840,0.000000,1100.000000,9,4,1.000000,ns3-simulated/trace-derived
R2L,164.500000,0,0.000000,217189,212.098633,225.905840,0.000000,1100.000000,9,4,1.000000,ns3-simulated/trace-derived
R2L,165.500000,0,0.000000,217189,212.098633,225.905840,0.000000,1100.000000,9,4,1.000000,ns3-simulated/trace-derived
R2L,166.500000,0,0.000000,217189,212.098633,225.905840,0.000000,1100.000000,9,4,1.000000,ns3-simulated/trace-derived
R2L,167.500000,0,0.000000,217189,212.098633,225.905840,0.000000,1100.000000,9,4,1.000000,ns3-simulated/trace-derived
R2L,168.500000,0,0.000000,217189,212.098633,225.905840,0.000000,1100.000000,9,4,1.000000,ns3-simulated/trace-derived
R2L,169.500000,0,0.000000,217189,212.098633,225.905840,0.000000,1100.000000,9,4,1.000000,ns3-simulated/trace-derived
R2L,170.500000,0,0.000000,217189,212.098633,225.905840,0.000000,1100.000000,9,4,1.000000,ns3-simulated/trace-derived
R2L,171.500000,0,0.000000,217189,212.098633,225.905840,0.000000,1100.000000,9,4,1.000000,ns3-simulated/trace-derived
R2L,172.500000,0,0.000000,217189,212.098633,225.905840,0.000000,1100.000000,9,4,1.000000,ns3-simulated/trace-derived
R2L,173.500000,0,0.000000,217189,212.098633,225.905840,0.000000,1100.000000,9,4,1.000000,ns3-simulated/trace-derived
R2L,174.500000,0,0.000000,217189,212.098633,225.905840,0.000000,1100.000000,9,4,1.000000,ns3-simulated/trace-derived
R2L,175.500000,0,0.000000,217189,212.098633,225.905840,0.000000,1100.000000,9,4,1.000000,ns3-simulated/trace-derived
R2L,176.500000,0,0.000000,217189,212.098633,225.905840,0.000000,1100.000000,9,4,1.000000,ns3-simulated/trace-derived
R2L,177.500000,0,0.000000,217189,212.098633,225.905840,0.000000,1100.000000,9,4,1.000000,ns3-simulated/trace-derived
R2L,178.500000,0,0.000000,217189,212.098633,225.905840,0.000000,1100.000000,9,4,1.000000,ns3-simulated/trace-derived
R2L,179.500000,0,0.000000,217189,212.098633,225.905840,0.000000,1100.000000,9,4,1.000000,ns3-simulated/trace-derived
R2L,180.500000,0,0.000000,217189,212.098633,225.905840,0.000000,1100.000000,9,4,1.000000,ns3-simulated/trace-derived
R2L,181.500000,0,0.000000,217189,212.098633,225.905840,0.000000,1100.000000,9,4,1.000000,ns3-simulated/trace-derived
R2L,182.500000,0,0.000000,217189,212.098633,225.905840,0.000000,1100.000000,9,4,1.000000,ns3-simulated/trace-derived
R2L,183.500000,0,0.000000,217189,212.098633,225.905840,0.000000,1100.000000,9,4,1.000000,ns3-simulated/trace-derived
R2L,184.500000,0,0.000000,217189,212.098633,225.905840,0.000000,1100.000000,9,4,1.000000,ns3-simulated/trace-derived
R2L,185.500000,0,0.000000,217189,212.098633,225.905840,0.000000,1100.000000,9,4,1.000000,ns3-simulated/trace-derived
R2L,186.500000,0,0.000000,217189,212.098633,225.905840,0.000000,1100.000000,9,4,1.000000,ns3-simulated/trace-derived
R2L,187.500000,0,0.000000,217189,212.098633,225.905840,0.000000,1100.000000,9,4,1.000000,ns3-simulated/trace-derived
R2L,188.500000,0,0.000000,217189,212.098633,225.905840,0.000000,1100.000000,9,4,1.000000,ns3-simulated/trace-derived
R2L,189.500000,0,0.000000,217189,212.098633,225.905840,0.000000,1100.000000,9,4,1.000000,ns3-simulated/trace-derived
R2L,190.500000,0,0.000000,217189,212.098633,225.905840,0.000000,1100.000000,9,4,1.000000,ns3-simulated/trace-derived
R2L,191.500000,0,0.000000,217189,212.098633,225.905840,0.000000,1100.000000,9,4,1.000000,ns3-simulated/trace-derived
R2L,192.500000,0,0.000000,217189,212.098633,225.905840,0.000000,1100.000000,9,4,1.000000,ns3-simulated/trace-derived
R2L,193.500000,0,0.000000,217189,212.098633,225.905840,0.000000,1100.000000,9,4,1.000000,ns3-simulated/trace-derived
R2L,194.500000,0,0.000000,217189,212.098633,225.905840,0.000000,1100.000000,9,4,1.000000,ns3-simulated/trace-derived
R2L,195.500000,0,0.000000,217189,212.098633,225.905840,0.000000,1100.000000,9,4,1.000000,ns3-simulated/trace-derived
R2L,196.500000,0,0.000000,217189,212.098633,225.905840,0.000000,1100.000000,9,4,1.000000,ns3-simulated/trace-derived
R2L,197.500000,0,0.000000,217189,212.098633,225.905840,0.000000,1100.000000,9,4,1.000000,ns3-simulated/trace-derived
R2L,198.500000,0,0.000000,217189,212.098633,225.905840,0.000000,1100.000000,9,4,1.000000,ns3-simulated/trace-derived
R2L,199.500000,0,0.000000,217189,212.098633,225.905840,0.000000,1100.000000,9,4,1.000000,ns3-simulated/trace-derived
R2L,200.500000,0,0.000000,217189,212.098633,225.905840,0.000000,1100.000000,9,4,1.000000,ns3-simulated/trace-derived
R2L,201.500000,0,0.000000,217189,212.098633,225.905840,0.000000,1100.000000,9,4,1.000000,ns3-simulated/trace-derived
R2L,202.500000,0,0.000000,217189,212.098633,225.905840,0.000000,1100.000000,9,4,1.000000,ns3-simulated/trace-derived
R2L,203.500000,0,0.000000,217189,212.098633,225.905840,0.000000,1100.000000,9,4,1.000000,ns3-simulated/trace-derived
R2L,204.500000,0,0.000000,217189,212.098633,225.905840,0.000000,1100.000000,9,4,1.000000,ns3-simulated/trace-derived
R2L,205.500000,0,0.000000,217189,212.098633,225.905840,0.000000,1100.000000,9,4,1.000000,ns3-simulated/trace-derived
R2L,206.500000,0,0.000000,217189,212.098633,225.905840,0.000000,1100.000000,9,4,1.000000,ns3-simulated/trace-derived
R2L,207.500000,0,0.000000,217189,212.098633,225.905840,0.000000,1100.000000,9,4,1.000000,ns3-simulated/trace-derived
R2L,208.500000,0,0.000000,217189,212.098633,225.905840,0.000000,1100.000000,9,4,1.000000,ns3-simulated/trace-derived
R2L,209.500000,0,0.000000,217189,212.098633,225.905840,0.000000,1100.000000,9,4,1.000000,ns3-simulated/trace-derived
R2L,210.500000,0,0.000000,217189,212.098633,225.905840,0.000000,1100.000000,9,4,1.000000,ns3-simulated/trace-derived
R2L,211.500000,0,0.000000,217189,212.098633,225.905840,0.000000,1100.000000,9,4,1.000000,ns3-simulated/trace-derived
R2L,212.500000,0,0.000000,217189,212.098633,225.905840,0.000000,1100.000000,9,4,1.000000,ns3-simulated/trace-derived
R2L,213.500000,0,0.000000,217189,212.098633,225.905840,0.000000,1100.000000,9,4,1.000000,ns3-simulated/trace-derived
R2L,214.500000,0,0.000000,217189,212.098633,225.905840,0.000000,1100.000000,9,4,1.000000,ns3-simulated/trace-derived
R2L,215.500000,0,0.000000,217189,212.098633,225.905840,0.000000,1100.000000,9,4,1.000000,ns3-simulated/trace-derived
R2L,216.500000,0,0.000000,217189,212.098633,225.905840,0.000000,1100.000000,9,4,1.000000,ns3-simulated/trace-derived
R2L,217.500000,0,0.000000,217189,212.098633,225.905840,0.000000,1100.000000,9,4,1.000000,ns3-simulated/trace-derived
R2L,218.500000,0,0.000000,217189,212.098633,225.905840,0.000000,1100.000000,9,4,1.000000,ns3-simulated/trace-derived
R2L,219.500000,0,0.000000,217189,212.098633,225.905840,0.000000,1100.000000,9,4,1.000000,ns3-simulated/trace-derived
R2L,220.500000,12522,12.228516,217189,212.098633,225.905840,0.000000,1100.000000,9,4,1.000000,ns3-simulated/trace-derived
R2L,221.500000,50150,48.974609,217189,212.098633,225.905840,0.000000,1100.000000,9,4,1.000000,ns3-simulated/trace-derived
R2L,222.500000,87716,85.660156,217189,212.098633,225.905840,0.000000,1100.000000,9,4,1.000000,ns3-simulated/trace-derived
R2L,223.500000,129518,126.482422,217189,212.098633,225.905840,0.000000,1100.000000,9,4,1.000000,ns3-simulated/trace-derived
R2L,224.500000,167084,163.167969,217189,212.098633,225.905840,0.000000,1100.000000,9,4,1.000000,ns3-simulated/trace-derived
R2L,225.500000,204650,199.853516,217189,212.098633,225.905840,0.000000,1100.000000,9,4,1.000000,ns3-simulated/trace-derived
R2L,226.500000,204729,199.930664,217189,212.098633,225.905840,0.000000,1100.000000,9,4,1.000000,ns3-simulated/trace-derived
R2L,227.500000,192252,187.746094,217189,212.098633,225.905840,0.000000,1100.000000,9,4,1.000000,ns3-simulated/trace-derived
R2L,228.500000,179770,175.556641,217189,212.098633,225.905840,0.000000,1100.000000,9,4,1.000000,ns3-simulated/trace-derived
R2L,229.500000,167208,163.289062,217189,212.098633,225.905840,0.000000,1100.000000,9,4,1.000000,ns3-simulated/trace-derived
R2L,230.500000,154624,151.000000,217189,212.098633,225.905840,0.000000,1100.000000,9,4,1.000000,ns3-simulated/trace-derived
R2L,231.500000,142181,138.848633,217189,212.098633,225.905840,0.000000,1100.000000,9,4,1.000000,ns3-simulated/trace-derived
R2L,232.500000,129704,126.664062,217189,212.098633,225.905840,0.000000,1100.000000,9,4,1.000000,ns3-simulated/trace-derived
R2L,233.500000,117182,114.435547,217189,212.098633,225.905840,0.000000,1100.000000,9,4,1.000000,ns3-simulated/trace-derived
R2L,234.500000,104660,102.207031,217189,212.098633,225.905840,0.000000,1100.000000,9,4,1.000000,ns3-simulated/trace-derived
R2L,235.500000,92138,89.978516,217189,212.098633,225.905840,0.000000,1100.000000,9,4,1.000000,ns3-simulated/trace-derived
R2L,236.500000,79616,77.750000,217189,212.098633,225.905840,0.000000,1100.000000,9,4,1.000000,ns3-simulated/trace-derived
R2L,237.500000,71409,69.735352,217189,212.098633,225.905840,0.000000,1100.000000,9,4,1.000000,ns3-simulated/trace-derived
R2L,238.500000,58932,57.550781,217189,212.098633,225.905840,0.000000,1100.000000,9,4,1.000000,ns3-simulated/trace-derived
R2L,239.500000,46410,45.322266,217189,212.098633,225.905840,0.000000,1100.000000,9,4,1.000000,ns3-simulated/trace-derived
R2L,240.500000,33888,33.093750,217189,212.098633,225.905840,0.000000,1100.000000,9,4,1.000000,ns3-simulated/trace-derived
R2L,241.500000,21366,20.865234,217189,212.098633,225.905840,0.000000,1100.000000,9,4,1.000000,ns3-simulated/trace-derived
R2L,242.500000,8923,8.713867,217189,212.098633,225.905840,0.000000,1100.000000,9,4,1.000000,ns3-simulated/trace-derived
R2L,243.500000,0,0.000000,217189,212.098633,225.905840,0.000000,1100.000000,9,4,1.000000,ns3-simulated/trace-derived
R2L,244.500000,0,0.000000,217189,212.098633,225.905840,0.000000,1100.000000,9,4,1.000000,ns3-simulated/trace-derived
R2L,245.500000,0,0.000000,217189,212.098633,225.905840,0.000000,1100.000000,9,4,1.000000,ns3-simulated/trace-derived
R2L,246.500000,0,0.000000,217189,212.098633,225.905840,0.000000,1100.000000,9,4,1.000000,ns3-simulated/trace-derived
R2L,247.500000,0,0.000000,217189,212.098633,225.905840,0.000000,1100.000000,9,4,1.000000,ns3-simulated/trace-derived
R2L,248.500000,0,0.000000,217189,212.098633,225.905840,0.000000,1100.000000,9,4,1.000000,ns3-simulated/trace-derived
R2L,249.500000,0,0.000000,217189,212.098633,225.905840,0.000000,1100.000000,9,4,1.000000,ns3-simulated/trace-derived
R2L,250.500000,0,0.000000,217189,212.098633,225.905840,0.000000,1100.000000,9,4,1.000000,ns3-simulated/trace-derived
R2L,251.500000,0,0.000000,217189,212.098633,225.905840,0.000000,1100.000000,9,4,1.000000,ns3-simulated/trace-derived
R2L,252.500000,0,0.000000,217189,212.098633,225.905840,0.000000,1100.000000,9,4,1.000000,ns3-simulated/trace-derived
R2L,253.500000,0,0.000000,217189,212.098633,225.905840,0.000000,1100.000000,9,4,1.000000,ns3-simulated/trace-derived
R2L,254.500000,0,0.000000,217189,212.098633,225.905840,0.000000,1100.000000,9,4,1.000000,ns3-simulated/trace-derived
R2L,255.500000,0,0.000000,217189,212.098633,225.905840,0.000000,1100.000000,9,4,1.000000,ns3-simulated/trace-derived
R2L,256.500000,0,0.000000,217189,212.098633,225.905840,0.000000,1100.000000,9,4,1.000000,ns3-simulated/trace-derived
R2L,257.500000,0,0.000000,217189,212.098633,225.905840,0.000000,1100.000000,9,4,1.000000,ns3-simulated/trace-derived
R2L,258.500000,0,0.000000,217189,212.098633,225.905840,0.000000,1100.000000,9,4,1.000000,ns3-simulated/trace-derived
R2L,259.500000,0,0.000000,217189,212.098633,225.905840,0.000000,1100.000000,9,4,1.000000,ns3-simulated/trace-derived
R2L,260.500000,0,0.000000,217189,212.098633,225.905840,0.000000,1100.000000,9,4,1.000000,ns3-simulated/trace-derived
R2L,261.500000,0,0.000000,217189,212.098633,225.905840,0.000000,1100.000000,9,4,1.000000,ns3-simulated/trace-derived
R2L,262.500000,0,0.000000,217189,212.098633,225.905840,0.000000,1100.000000,9,4,1.000000,ns3-simulated/trace-derived
R2L,263.500000,0,0.000000,217189,212.098633,225.905840,0.000000,1100.000000,9,4,1.000000,ns3-simulated/trace-derived
R2L,264.500000,0,0.000000,217189,212.098633,225.905840,0.000000,1100.000000,9,4,1.000000,ns3-simulated/trace-derived
R2L,265.500000,0,0.000000,217189,212.098633,225.905840,0.000000,1100.000000,9,4,1.000000,ns3-simulated/trace-derived
R2L,266.500000,0,0.000000,217189,212.098633,225.905840,0.000000,1100.000000,9,4,1.000000,ns3-simulated/trace-derived
R2L,267.500000,0,0.000000,217189,212.098633,225.905840,0.000000,1100.000000,9,4,1.000000,ns3-simulated/trace-derived
R2L,268.500000,0,0.000000,217189,212.098633,225.905840,0.000000,1100.000000,9,4,1.000000,ns3-simulated/trace-derived
R2L,269.500000,0,0.000000,217189,212.098633,225.905840,0.000000,1100.000000,9,4,1.000000,ns3-simulated/trace-derived
R2L,270.500000,0,0.000000,217189,212.098633,225.905840,0.000000,1100.000000,9,4,1.000000,ns3-simulated/trace-derived
R2L,271.500000,0,0.000000,217189,212.098633,225.905840,0.000000,1100.000000,9,4,1.000000,ns3-simulated/trace-derived
R2L,272.500000,0,0.000000,217189,212.098633,225.905840,0.000000,1100.000000,9,4,1.000000,ns3-simulated/trace-derived
R2L,273.500000,0,0.000000,217189,212.098633,225.905840,0.000000,1100.000000,9,4,1.000000,ns3-simulated/trace-derived
R2L,274.500000,0,0.000000,217189,212.098633,225.905840,0.000000,1100.000000,9,4,1.000000,ns3-simulated/trace-derived
R2L,275.500000,0,0.000000,217189,212.098633,225.905840,0.000000,1100.000000,9,4,1.000000,ns3-simulated/trace-derived
R2L,276.500000,0,0.000000,217189,212.098633,225.905840,0.000000,1100.000000,9,4,1.000000,ns3-simulated/trace-derived
R2L,277.500000,0,0.000000,217189,212.098633,225.905840,0.000000,1100.000000,9,4,1.000000,ns3-simulated/trace-derived
R2L,278.500000,0,0.000000,217189,212.098633,225.905840,0.000000,1100.000000,9,4,1.000000,ns3-simulated/trace-derived
R2L,279.500000,0,0.000000,217189,212.098633,225.905840,0.000000,1100.000000,9,4,1.000000,ns3-simulated/trace-derived
R2L,280.500000,0,0.000000,217189,212.098633,225.905840,0.000000,1100.000000,9,4,1.000000,ns3-simulated/trace-derived
R2L,281.500000,0,0.000000,217189,212.098633,225.905840,0.000000,1100.000000,9,4,1.000000,ns3-simulated/trace-derived
R2L,282.500000,0,0.000000,217189,212.098633,225.905840,0.000000,1100.000000,9,4,1.000000,ns3-simulated/trace-derived
R2L,283.500000,0,0.000000,217189,212.098633,225.905840,0.000000,1100.000000,9,4,1.000000,ns3-simulated/trace-derived
R2L,284.500000,0,0.000000,217189,212.098633,225.905840,0.000000,1100.000000,9,4,1.000000,ns3-simulated/trace-derived
R2L,285.500000,0,0.000000,217189,212.098633,225.905840,0.000000,1100.000000,9,4,1.000000,ns3-simulated/trace-derived
R2L,286.500000,0,0.000000,217189,212.098633,225.905840,0.000000,1100.000000,9,4,1.000000,ns3-simulated/trace-derived
R2L,287.500000,0,0.000000,217189,212.098633,225.905840,0.000000,1100.000000,9,4,1.000000,ns3-simulated/trace-derived
R2L,288.500000,0,0.000000,217189,212.098633,225.905840,0.000000,1100.000000,9,4,1.000000,ns3-simulated/trace-derived
R2L,289.500000,0,0.000000,217189,212.098633,225.905840,0.000000,1100.000000,9,4,1.000000,ns3-simulated/trace-derived
R2L,290.500000,0,0.000000,217189,212.098633,225.905840,0.000000,1100.000000,9,4,1.000000,ns3-simulated/trace-derived
R2L,291.500000,0,0.000000,217189,212.098633,225.905840,0.000000,1100.000000,9,4,1.000000,ns3-simulated/trace-derived
R2L,292.500000,0,0.000000,217189,212.098633,225.905840,0.000000,1100.000000,9,4,1.000000,ns3-simulated/trace-derived
R2L,293.500000,0,0.000000,217189,212.098633,225.905840,0.000000,1100.000000,9,4,1.000000,ns3-simulated/trace-derived
R2L,294.500000,0,0.000000,217189,212.098633,225.905840,0.000000,1100.000000,9,4,1.000000,ns3-simulated/trace-derived
R2L,295.500000,0,0.000000,217189,212.098633,225.905840,0.000000,1100.000000,9,4,1.000000,ns3-simulated/trace-derived
R2L,296.500000,0,0.000000,217189,212.098633,225.905840,0.000000,1100.000000,9,4,1.000000,ns3-simulated/trace-derived
R2L,297.500000,0,0.000000,217189,212.098633,225.905840,0.000000,1100.000000,9,4,1.000000,ns3-simulated/trace-derived
R2L,298.500000,0,0.000000,217189,212.098633,225.905840,0.000000,1100.000000,9,4,1.000000,ns3-simulated/trace-derived
R2L,299.500000,0,0.000000,217189,212.098633,225.905840,0.000000,1100.000000,9,4,1.000000,ns3-simulated/trace-derived
R2L,300.500000,0,0.000000,217189,212.098633,225.905840,0.000000,1100.000000,9,4,1.000000,ns3-simulated/trace-derived
R2L,301.500000,0,0.000000,217189,212.098633,225.905840,0.000000,1100.000000,9,4,1.000000,ns3-simulated/trace-derived
R2L,302.500000,0,0.000000,217189,212.098633,225.905840,0.000000,1100.000000,9,4,1.000000,ns3-simulated/trace-derived
R2L,303.500000,0,0.000000,217189,212.098633,225.905840,0.000000,1100.000000,9,4,1.000000,ns3-simulated/trace-derived
R2L,304.500000,0,0.000000,217189,212.098633,225.905840,0.000000,1100.000000,9,4,1.000000,ns3-simulated/trace-derived
R2L,305.500000,0,0.000000,217189,212.098633,225.905840,0.000000,1100.000000,9,4,1.000000,ns3-simulated/trace-derived
R2L,306.500000,0,0.000000,217189,212.098633,225.905840,0.000000,1100.000000,9,4,1.000000,ns3-simulated/trace-derived
R2L,307.500000,0,0.000000,217189,212.098633,225.905840,0.000000,1100.000000,9,4,1.000000,ns3-simulated/trace-derived
R2L,308.500000,0,0.000000,217189,212.098633,225.905840,0.000000,1100.000000,9,4,1.000000,ns3-simulated/trace-derived
R2L,309.500000,0,0.000000,217189,212.098633,225.905840,0.000000,1100.000000,9,4,1.000000,ns3-simulated/trace-derived
R2L,310.500000,0,0.000000,217189,212.098633,225.905840,0.000000,1100.000000,9,4,1.000000,ns3-simulated/trace-derived
R2L,311.500000,0,0.000000,217189,212.098633,225.905840,0.000000,1100.000000,9,4,1.000000,ns3-simulated/trace-derived
R2L,312.500000,0,0.000000,217189,212.098633,225.905840,0.000000,1100.000000,9,4,1.000000,ns3-simulated/trace-derived
R2L,313.500000,0,0.000000,217189,212.098633,225.905840,0.000000,1100.000000,9,4,1.000000,ns3-simulated/trace-derived
R2L,314.500000,0,0.000000,217189,212.098633,225.905840,0.000000,1100.000000,9,4,1.000000,ns3-simulated/trace-derived
R2L,315.500000,0,0.000000,217189,212.098633,225.905840,0.000000,1100.000000,9,4,1.000000,ns3-simulated/trace-derived
R2L,316.500000,0,0.000000,217189,212.098633,225.905840,0.000000,1100.000000,9,4,1.000000,ns3-simulated/trace-derived
R2L,317.500000,0,0.000000,217189,212.098633,225.905840,0.000000,1100.000000,9,4,1.000000,ns3-simulated/trace-derived
R2L,318.500000,0,0.000000,217189,212.098633,225.905840,0.000000,1100.000000,9,4,1.000000,ns3-simulated/trace-derived
R2L,319.500000,0,0.000000,217189,212.098633,225.905840,0.000000,1100.000000,9,4,1.000000,ns3-simulated/trace-derived
R2L,320.500000,0,0.000000,217189,212.098633,225.905840,0.000000,1100.000000,9,4,1.000000,ns3-simulated/trace-derived
R2L,321.500000,0,0.000000,217189,212.098633,225.905840,0.000000,1100.000000,9,4,1.000000,ns3-simulated/trace-derived
R2L,322.500000,0,0.000000,217189,212.098633,225.905840,0.000000,1100.000000,9,4,1.000000,ns3-simulated/trace-derived
R2L,323.500000,0,0.000000,217189,212.098633,225.905840,0.000000,1100.000000,9,4,1.000000,ns3-simulated/trace-derived
R2L,324.500000,0,0.000000,217189,212.098633,225.905840,0.000000,1100.000000,9,4,1.000000,ns3-simulated/trace-derived
R2L,325.500000,0,0.000000,217189,212.098633,225.905840,0.000000,1100.000000,9,4,1.000000,ns3-simulated/trace-derived
R2L,326.500000,0,0.000000,217189,212.098633,225.905840,0.000000,1100.000000,9,4,1.000000,ns3-simulated/trace-derived
R2L,327.500000,0,0.000000,217189,212.098633,225.905840,0.000000,1100.000000,9,4,1.000000,ns3-simulated/trace-derived
R2L,328.500000,0,0.000000,217189,212.098633,225.905840,0.000000,1100.000000,9,4,1.000000,ns3-simulated/trace-derived
R2L,329.500000,0,0.000000,217189,212.098633,225.905840,0.000000,1100.000000,9,4,1.000000,ns3-simulated/trace-derived
R2L,330.500000,0,0.000000,217189,212.098633,225.905840,0.000000,1100.000000,9,4,1.000000,ns3-simulated/trace-derived
R2L,331.500000,0,0.000000,217189,212.098633,225.905840,0.000000,1100.000000,9,4,1.000000,ns3-simulated/trace-derived
R2L,332.500000,0,0.000000,217189,212.098633,225.905840,0.000000,1100.000000,9,4,1.000000,ns3-simulated/trace-derived
R2L,333.500000,0,0.000000,217189,212.098633,225.905840,0.000000,1100.000000,9,4,1.000000,ns3-simulated/trace-derived
R2L,334.500000,0,0.000000,217189,212.098633,225.905840,0.000000,1100.000000,9,4,1.000000,ns3-simulated/trace-derived
R2L,335.500000,0,0.000000,217189,212.098633,225.905840,0.000000,1100.000000,9,4,1.000000,ns3-simulated/trace-derived
R2L,336.500000,0,0.000000,217189,212.098633,225.905840,0.000000,1100.000000,9,4,1.000000,ns3-simulated/trace-derived
R2L,337.500000,0,0.000000,217189,212.098633,225.905840,0.000000,1100.000000,9,4,1.000000,ns3-simulated/trace-derived
R2L,338.500000,0,0.000000,217189,212.098633,225.905840,0.000000,1100.000000,9,4,1.000000,ns3-simulated/trace-derived
R2L,339.500000,0,0.000000,217189,212.098633,225.905840,0.000000,1100.000000,9,4,1.000000,ns3-simulated/trace-derived
R2L,340.500000,0,0.000000,217189,212.098633,225.905840,0.000000,1100.000000,9,4,1.000000,ns3-simulated/trace-derived
R2L,341.500000,0,0.000000,217189,212.098633,225.905840,0.000000,1100.000000,9,4,1.000000,ns3-simulated/trace-derived
R2L,342.500000,0,0.000000,217189,212.098633,225.905840,0.000000,1100.000000,9,4,1.000000,ns3-simulated/trace-derived
R2L,343.500000,0,0.000000,217189,212.098633,225.905840,0.000000,1100.000000,9,4,1.000000,ns3-simulated/trace-derived
R2L,344.500000,0,0.000000,217189,212.098633,225.905840,0.000000,1100.000000,9,4,1.000000,ns3-simulated/trace-derived
R2L,345.500000,0,0.000000,217189,212.098633,225.905840,0.000000,1100.000000,9,4,1.000000,ns3-simulated/trace-derived
R2L,346.500000,0,0.000000,217189,212.098633,225.905840,0.000000,1100.000000,9,4,1.000000,ns3-simulated/trace-derived
R2L,347.500000,0,0.000000,217189,212.098633,225.905840,0.000000,1100.000000,9,4,1.000000,ns3-simulated/trace-derived
R2L,348.500000,0,0.000000,217189,212.098633,225.905840,0.000000,1100.000000,9,4,1.000000,ns3-simulated/trace-derived
R2L,349.500000,0,0.000000,217189,212.098633,225.905840,0.000000,1100.000000,9,4,1.000000,ns3-simulated/trace-derived
R2L,350.500000,0,0.000000,217189,212.098633,225.905840,0.000000,1100.000000,9,4,1.000000,ns3-simulated/trace-derived
R2L,351.500000,0,0.000000,217189,212.098633,225.905840,0.000000,1100.000000,9,4,1.000000,ns3-simulated/trace-derived
R2L,352.500000,0,0.000000,217189,212.098633,225.905840,0.000000,1100.000000,9,4,1.000000,ns3-simulated/trace-derived
R2L,353.500000,0,0.000000,217189,212.098633,225.905840,0.000000,1100.000000,9,4,1.000000,ns3-simulated/trace-derived
R2L,354.500000,0,0.000000,217189,212.098633,225.905840,0.000000,1100.000000,9,4,1.000000,ns3-simulated/trace-derived
R2L,355.500000,0,0.000000,217189,212.098633,225.905840,0.000000,1100.000000,9,4,1.000000,ns3-simulated/trace-derived
R2L,356.500000,0,0.000000,217189,212.098633,225.905840,0.000000,1100.000000,9,4,1.000000,ns3-simulated/trace-derived
R2L,357.500000,0,0.000000,217189,212.098633,225.905840,0.000000,1100.000000,9,4,1.000000,ns3-simulated/trace-derived
R2L,358.500000,0,0.000000,217189,212.098633,225.905840,0.000000,1100.000000,9,4,1.000000,ns3-simulated/trace-derived
R2L,359.500000,0,0.000000,217189,212.098633,225.905840,0.000000,1100.000000,9,4,1.000000,ns3-simulated/trace-derived
R2L,360.500000,0,0.000000,217189,212.098633,225.905840,0.000000,1100.000000,9,4,1.000000,ns3-simulated/trace-derived
R2L,361.500000,0,0.000000,217189,212.098633,225.905840,0.000000,1100.000000,9,4,1.000000,ns3-simulated/trace-derived
R2L,362.500000,0,0.000000,217189,212.098633,225.905840,0.000000,1100.000000,9,4,1.000000,ns3-simulated/trace-derived
R2L,363.500000,0,0.000000,217189,212.098633,225.905840,0.000000,1100.000000,9,4,1.000000,ns3-simulated/trace-derived
R2L,364.500000,0,0.000000,217189,212.098633,225.905840,0.000000,1100.000000,9,4,1.000000,ns3-simulated/trace-derived
R2L,365.500000,0,0.000000,217189,212.098633,225.905840,0.000000,1100.000000,9,4,1.000000,ns3-simulated/trace-derived
R2L,366.500000,0,0.000000,217189,212.098633,225.905840,0.000000,1100.000000,9,4,1.000000,ns3-simulated/trace-derived
R2L,367.500000,0,0.000000,217189,212.098633,225.905840,0.000000,1100.000000,9,4,1.000000,ns3-simulated/trace-derived
R2L,368.500000,0,0.000000,217189,212.098633,225.905840,0.000000,1100.000000,9,4,1.000000,ns3-simulated/trace-derived
R2L,369.500000,0,0.000000,217189,212.098633,225.905840,0.000000,1100.000000,9,4,1.000000,ns3-simulated/trace-derived
R2L,370.500000,0,0.000000,217189,212.098633,225.905840,0.000000,1100.000000,9,4,1.000000,ns3-simulated/trace-derived
R2L,371.500000,0,0.000000,217189,212.098633,225.905840,0.000000,1100.000000,9,4,1.000000,ns3-simulated/trace-derived
R2L,372.500000,0,0.000000,217189,212.098633,225.905840,0.000000,1100.000000,9,4,1.000000,ns3-simulated/trace-derived
R2L,373.500000,0,0.000000,217189,212.098633,225.905840,0.000000,1100.000000,9,4,1.000000,ns3-simulated/trace-derived
R2L,374.500000,0,0.000000,217189,212.098633,225.905840,0.000000,1100.000000,9,4,1.000000,ns3-simulated/trace-derived
R2L,375.500000,0,0.000000,217189,212.098633,225.905840,0.000000,1100.000000,9,4,1.000000,ns3-simulated/trace-derived
R2L,376.500000,0,0.000000,217189,212.098633,225.905840,0.000000,1100.000000,9,4,1.000000,ns3-simulated/trace-derived
R2L,377.500000,0,0.000000,217189,212.098633,225.905840,0.000000,1100.000000,9,4,1.000000,ns3-simulated/trace-derived
R2L,378.500000,0,0.000000,217189,212.098633,225.905840,0.000000,1100.000000,9,4,1.000000,ns3-simulated/trace-derived
R2L,379.500000,0,0.000000,217189,212.098633,225.905840,0.000000,1100.000000,9,4,1.000000,ns3-simulated/trace-derived
R2L,380.500000,0,0.000000,217189,212.098633,225.905840,0.000000,1100.000000,9,4,1.000000,ns3-simulated/trace-derived
R2L,381.500000,0,0.000000,217189,212.098633,225.905840,0.000000,1100.000000,9,4,1.000000,ns3-simulated/trace-derived
R2L,382.500000,0,0.000000,217189,212.098633,225.905840,0.000000,1100.000000,9,4,1.000000,ns3-simulated/trace-derived
R2L,383.500000,0,0.000000,217189,212.098633,225.905840,0.000000,1100.000000,9,4,1.000000,ns3-simulated/trace-derived
R2L,384.500000,0,0.000000,217189,212.098633,225.905840,0.000000,1100.000000,9,4,1.000000,ns3-simulated/trace-derived
R2L,385.500000,0,0.000000,217189,212.098633,225.905840,0.000000,1100.000000,9,4,1.000000,ns3-simulated/trace-derived
R2L,386.500000,0,0.000000,217189,212.098633,225.905840,0.000000,1100.000000,9,4,1.000000,ns3-simulated/trace-derived
R2L,387.500000,0,0.000000,217189,212.098633,225.905840,0.000000,1100.000000,9,4,1.000000,ns3-simulated/trace-derived
R2L,388.500000,0,0.000000,217189,212.098633,225.905840,0.000000,1100.000000,9,4,1.000000,ns3-simulated/trace-derived
R2L,389.500000,0,0.000000,217189,212.098633,225.905840,0.000000,1100.000000,9,4,1.000000,ns3-simulated/trace-derived
R2L,390.500000,0,0.000000,217189,212.098633,225.905840,0.000000,1100.000000,9,4,1.000000,ns3-simulated/trace-derived
R2L,391.500000,0,0.000000,217189,212.098633,225.905840,0.000000,1100.000000,9,4,1.000000,ns3-simulated/trace-derived
R2L,392.500000,0,0.000000,217189,212.098633,225.905840,0.000000,1100.000000,9,4,1.000000,ns3-simulated/trace-derived
R2L,393.500000,0,0.000000,217189,212.098633,225.905840,0.000000,1100.000000,9,4,1.000000,ns3-simulated/trace-derived
R2L,394.500000,0,0.000000,217189,212.098633,225.905840,0.000000,1100.000000,9,4,1.000000,ns3-simulated/trace-derived
R2L,395.500000,0,0.000000,217189,212.098633,225.905840,0.000000,1100.000000,9,4,1.000000,ns3-simulated/trace-derived
R2L,396.500000,0,0.000000,217189,212.098633,225.905840,0.000000,1100.000000,9,4,1.000000,ns3-simulated/trace-derived
R2L,397.500000,0,0.000000,217189,212.098633,225.905840,0.000000,1100.000000,9,4,1.000000,ns3-simulated/trace-derived
R2L,398.500000,0,0.000000,217189,212.098633,225.905840,0.000000,1100.000000,9,4,1.000000,ns3-simulated/trace-derived
R2L,399.500000,0,0.000000,217189,212.098633,225.905840,0.000000,1100.000000,9,4,1.000000,ns3-simulated/trace-derived
R2L,400.500000,0,0.000000,217189,212.098633,225.905840,0.000000,1100.000000,9,4,1.000000,ns3-simulated/trace-derived
R2L,401.500000,0,0.000000,217189,212.098633,225.905840,0.000000,1100.000000,9,4,1.000000,ns3-simulated/trace-derived
R2L,402.500000,0,0.000000,217189,212.098633,225.905840,0.000000,1100.000000,9,4,1.000000,ns3-simulated/trace-derived
R2L,403.500000,0,0.000000,217189,212.098633,225.905840,0.000000,1100.000000,9,4,1.000000,ns3-simulated/trace-derived
R2L,404.500000,0,0.000000,217189,212.098633,225.905840,0.000000,1100.000000,9,4,1.000000,ns3-simulated/trace-derived
R2L,405.500000,0,0.000000,217189,212.098633,225.905840,0.000000,1100.000000,9,4,1.000000,ns3-simulated/trace-derived
R2L,406.500000,0,0.000000,217189,212.098633,225.905840,0.000000,1100.000000,9,4,1.000000,ns3-simulated/trace-derived
R2L,407.500000,0,0.000000,217189,212.098633,225.905840,0.000000,1100.000000,9,4,1.000000,ns3-simulated/trace-derived
R2L,408.500000,0,0.000000,217189,212.098633,225.905840,0.000000,1100.000000,9,4,1.000000,ns3-simulated/trace-derived
R2L,409.500000,0,0.000000,217189,212.098633,225.905840,0.000000,1100.000000,9,4,1.000000,ns3-simulated/trace-derived
R2L,410.500000,0,0.000000,217189,212.098633,225.905840,0.000000,1100.000000,9,4,1.000000,ns3-simulated/trace-derived
R2L,411.500000,0,0.000000,217189,212.098633,225.905840,0.000000,1100.000000,9,4,1.000000,ns3-simulated/trace-derived
R2L,412.500000,0,0.000000,217189,212.098633,225.905840,0.000000,1100.000000,9,4,1.000000,ns3-simulated/trace-derived
R2L,413.500000,0,0.000000,217189,212.098633,225.905840,0.000000,1100.000000,9,4,1.000000,ns3-simulated/trace-derived
R2L,414.500000,0,0.000000,217189,212.098633,225.905840,0.000000,1100.000000,9,4,1.000000,ns3-simulated/trace-derived
R2L,415.500000,0,0.000000,217189,212.098633,225.905840,0.000000,1100.000000,9,4,1.000000,ns3-simulated/trace-derived
R2L,416.500000,0,0.000000,217189,212.098633,225.905840,0.000000,1100.000000,9,4,1.000000,ns3-simulated/trace-derived
R2L,417.500000,0,0.000000,217189,212.098633,225.905840,0.000000,1100.000000,9,4,1.000000,ns3-simulated/trace-derived
R2L,418.500000,0,0.000000,217189,212.098633,225.905840,0.000000,1100.000000,9,4,1.000000,ns3-simulated/trace-derived
R2L,419.500000,0,0.000000,217189,212.098633,225.905840,0.000000,1100.000000,9,4,1.000000,ns3-simulated/trace-derived
R2L,420.500000,0,0.000000,217189,212.098633,225.905840,0.000000,1100.000000,9,4,1.000000,ns3-simulated/trace-derived
R2L,421.500000,0,0.000000,217189,212.098633,225.905840,0.000000,1100.000000,9,4,1.000000,ns3-simulated/trace-derived
R2L,422.500000,0,0.000000,217189,212.098633,225.905840,0.000000,1100.000000,9,4,1.000000,ns3-simulated/trace-derived
R2L,423.500000,0,0.000000,217189,212.098633,225.905840,0.000000,1100.000000,9,4,1.000000,ns3-simulated/trace-derived
R2L,424.500000,0,0.000000,217189,212.098633,225.905840,0.000000,1100.000000,9,4,1.000000,ns3-simulated/trace-derived
R2L,425.500000,0,0.000000,217189,212.098633,225.905840,0.000000,1100.000000,9,4,1.000000,ns3-simulated/trace-derived
R2L,426.500000,0,0.000000,217189,212.098633,225.905840,0.000000,1100.000000,9,4,1.000000,ns3-simulated/trace-derived
R2L,427.500000,0,0.000000,217189,212.098633,225.905840,0.000000,1100.000000,9,4,1.000000,ns3-simulated/trace-derived
R2L,428.500000,0,0.000000,217189,212.098633,225.905840,0.000000,1100.000000,9,4,1.000000,ns3-simulated/trace-derived
R2L,429.500000,0,0.000000,217189,212.098633,225.905840,0.000000,1100.000000,9,4,1.000000,ns3-simulated/trace-derived
R2L,430.500000,0,0.000000,217189,212.098633,225.905840,0.000000,1100.000000,9,4,1.000000,ns3-simulated/trace-derived
R2L,431.500000,0,0.000000,217189,212.098633,225.905840,0.000000,1100.000000,9,4,1.000000,ns3-simulated/trace-derived
R2L,432.500000,0,0.000000,217189,212.098633,225.905840,0.000000,1100.000000,9,4,1.000000,ns3-simulated/trace-derived
R2L,433.500000,0,0.000000,217189,212.098633,225.905840,0.000000,1100.000000,9,4,1.000000,ns3-simulated/trace-derived
R2L,434.500000,0,0.000000,217189,212.098633,225.905840,0.000000,1100.000000,9,4,1.000000,ns3-simulated/trace-derived
R2L,435.500000,0,0.000000,217189,212.098633,225.905840,0.000000,1100.000000,9,4,1.000000,ns3-simulated/trace-derived
R2L,436.500000,0,0.000000,217189,212.098633,225.905840,0.000000,1100.000000,9,4,1.000000,ns3-simulated/trace-derived
R2L,437.500000,0,0.000000,217189,212.098633,225.905840,0.000000,1100.000000,9,4,1.000000,ns3-simulated/trace-derived
R2L,438.500000,0,0.000000,217189,212.098633,225.905840,0.000000,1100.000000,9,4,1.000000,ns3-simulated/trace-derived
R2L,439.500000,0,0.000000,217189,212.098633,225.905840,0.000000,1100.000000,9,4,1.000000,ns3-simulated/trace-derived
R2L,440.500000,0,0.000000,217189,212.098633,225.905840,0.000000,1100.000000,9,4,1.000000,ns3-simulated/trace-derived
R2L,441.500000,0,0.000000,217189,212.098633,225.905840,0.000000,1100.000000,9,4,1.000000,ns3-simulated/trace-derived
R2L,442.500000,0,0.000000,217189,212.098633,225.905840,0.000000,1100.000000,9,4,1.000000,ns3-simulated/trace-derived
R2L,443.500000,0,0.000000,217189,212.098633,225.905840,0.000000,1100.000000,9,4,1.000000,ns3-simulated/trace-derived
R2L,444.500000,0,0.000000,217189,212.098633,225.905840,0.000000,1100.000000,9,4,1.000000,ns3-simulated/trace-derived
R2L,445.500000,0,0.000000,217189,212.098633,225.905840,0.000000,1100.000000,9,4,1.000000,ns3-simulated/trace-derived
R2L,446.500000,0,0.000000,217189,212.098633,225.905840,0.000000,1100.000000,9,4,1.000000,ns3-simulated/trace-derived
R2L,447.500000,0,0.000000,217189,212.098633,225.905840,0.000000,1100.000000,9,4,1.000000,ns3-simulated/trace-derived
R2L,448.500000,0,0.000000,217189,212.098633,225.905840,0.000000,1100.000000,9,4,1.000000,ns3-simulated/trace-derived
R2L,449.500000,0,0.000000,217189,212.098633,225.905840,0.000000,1100.000000,9,4,1.000000,ns3-simulated/trace-derived
R2L,450.500000,0,0.000000,217189,212.098633,225.905840,0.000000,1100.000000,9,4,1.000000,ns3-simulated/trace-derived
R2L,451.500000,0,0.000000,217189,212.098633,225.905840,0.000000,1100.000000,9,4,1.000000,ns3-simulated/trace-derived
R2L,452.500000,0,0.000000,217189,212.098633,225.905840,0.000000,1100.000000,9,4,1.000000,ns3-simulated/trace-derived
R2L,453.500000,0,0.000000,217189,212.098633,225.905840,0.000000,1100.000000,9,4,1.000000,ns3-simulated/trace-derived
R2L,454.500000,0,0.000000,217189,212.098633,225.905840,0.000000,1100.000000,9,4,1.000000,ns3-simulated/trace-derived
R2L,455.500000,0,0.000000,217189,212.098633,225.905840,0.000000,1100.000000,9,4,1.000000,ns3-simulated/trace-derived
R2L,456.500000,0,0.000000,217189,212.098633,225.905840,0.000000,1100.000000,9,4,1.000000,ns3-simulated/trace-derived
R2L,457.500000,0,0.000000,217189,212.098633,225.905840,0.000000,1100.000000,9,4,1.000000,ns3-simulated/trace-derived
R2L,458.500000,0,0.000000,217189,212.098633,225.905840,0.000000,1100.000000,9,4,1.000000,ns3-simulated/trace-derived
R2L,459.500000,0,0.000000,217189,212.098633,225.905840,0.000000,1100.000000,9,4,1.000000,ns3-simulated/trace-derived
R2L,460.500000,0,0.000000,217189,212.098633,225.905840,0.000000,1100.000000,9,4,1.000000,ns3-simulated/trace-derived
R2L,461.500000,0,0.000000,217189,212.098633,225.905840,0.000000,1100.000000,9,4,1.000000,ns3-simulated/trace-derived
R2L,462.500000,0,0.000000,217189,212.098633,225.905840,0.000000,1100.000000,9,4,1.000000,ns3-simulated/trace-derived
R2L,463.500000,0,0.000000,217189,212.098633,225.905840,0.000000,1100.000000,9,4,1.000000,ns3-simulated/trace-derived
R2L,464.500000,0,0.000000,217189,212.098633,225.905840,0.000000,1100.000000,9,4,1.000000,ns3-simulated/trace-derived
R2L,465.500000,0,0.000000,217189,212.098633,225.905840,0.000000,1100.000000,9,4,1.000000,ns3-simulated/trace-derived
R2L,466.500000,0,0.000000,217189,212.098633,225.905840,0.000000,1100.000000,9,4,1.000000,ns3-simulated/trace-derived
R2L,467.500000,0,0.000000,217189,212.098633,225.905840,0.000000,1100.000000,9,4,1.000000,ns3-simulated/trace-derived
R2L,468.500000,0,0.000000,217189,212.098633,225.905840,0.000000,1100.000000,9,4,1.000000,ns3-simulated/trace-derived
R2L,469.500000,0,0.000000,217189,212.098633,225.905840,0.000000,1100.000000,9,4,1.000000,ns3-simulated/trace-derived
R2L,470.500000,0,0.000000,217189,212.098633,225.905840,0.000000,1100.000000,9,4,1.000000,ns3-simulated/trace-derived
R2L,471.500000,0,0.000000,217189,212.098633,225.905840,0.000000,1100.000000,9,4,1.000000,ns3-simulated/trace-derived
R2L,472.500000,0,0.000000,217189,212.098633,225.905840,0.000000,1100.000000,9,4,1.000000,ns3-simulated/trace-derived
R2L,473.500000,0,0.000000,217189,212.098633,225.905840,0.000000,1100.000000,9,4,1.000000,ns3-simulated/trace-derived
R2L,474.500000,0,0.000000,217189,212.098633,225.905840,0.000000,1100.000000,9,4,1.000000,ns3-simulated/trace-derived
R2L,475.500000,0,0.000000,217189,212.098633,225.905840,0.000000,1100.000000,9,4,1.000000,ns3-simulated/trace-derived
R2L,476.500000,0,0.000000,217189,212.098633,225.905840,0.000000,1100.000000,9,4,1.000000,ns3-simulated/trace-derived
R2L,477.500000,0,0.000000,217189,212.098633,225.905840,0.000000,1100.000000,9,4,1.000000,ns3-simulated/trace-derived
R2L,478.500000,0,0.000000,217189,212.098633,225.905840,0.000000,1100.000000,9,4,1.000000,ns3-simulated/trace-derived
R2L,479.500000,0,0.000000,217189,212.098633,225.905840,0.000000,1100.000000,9,4,1.000000,ns3-simulated/trace-derived
R2L,480.500000,0,0.000000,217189,212.098633,225.905840,0.000000,1100.000000,9,4,1.000000,ns3-simulated/trace-derived
R2L,481.500000,0,0.000000,217189,212.098633,225.905840,0.000000,1100.000000,9,4,1.000000,ns3-simulated/trace-derived
R2L,482.500000,0,0.000000,217189,212.098633,225.905840,0.000000,1100.000000,9,4,1.000000,ns3-simulated/trace-derived
R2L,483.500000,0,0.000000,217189,212.098633,225.905840,0.000000,1100.000000,9,4,1.000000,ns3-simulated/trace-derived
R2L,484.500000,0,0.000000,217189,212.098633,225.905840,0.000000,1100.000000,9,4,1.000000,ns3-simulated/trace-derived
R2L,485.500000,0,0.000000,217189,212.098633,225.905840,0.000000,1100.000000,9,4,1.000000,ns3-simulated/trace-derived
R2L,486.500000,0,0.000000,217189,212.098633,225.905840,0.000000,1100.000000,9,4,1.000000,ns3-simulated/trace-derived
R2L,487.500000,0,0.000000,217189,212.098633,225.905840,0.000000,1100.000000,9,4,1.000000,ns3-simulated/trace-derived
R2L,488.500000,0,0.000000,217189,212.098633,225.905840,0.000000,1100.000000,9,4,1.000000,ns3-simulated/trace-derived
R2L,489.500000,0,0.000000,217189,212.098633,225.905840,0.000000,1100.000000,9,4,1.000000,ns3-simulated/trace-derived
R2L,490.500000,0,0.000000,217189,212.098633,225.905840,0.000000,1100.000000,9,4,1.000000,ns3-simulated/trace-derived
R2L,491.500000,0,0.000000,217189,212.098633,225.905840,0.000000,1100.000000,9,4,1.000000,ns3-simulated/trace-derived
R2L,492.500000,0,0.000000,217189,212.098633,225.905840,0.000000,1100.000000,9,4,1.000000,ns3-simulated/trace-derived
R2L,493.500000,0,0.000000,217189,212.098633,225.905840,0.000000,1100.000000,9,4,1.000000,ns3-simulated/trace-derived
R2L,494.500000,0,0.000000,217189,212.098633,225.905840,0.000000,1100.000000,9,4,1.000000,ns3-simulated/trace-derived
R2L,495.500000,0,0.000000,217189,212.098633,225.905840,0.000000,1100.000000,9,4,1.000000,ns3-simulated/trace-derived
R2L,496.500000,0,0.000000,217189,212.098633,225.905840,0.000000,1100.000000,9,4,1.000000,ns3-simulated/trace-derived
R2L,497.500000,0,0.000000,217189,212.098633,225.905840,0.000000,1100.000000,9,4,1.000000,ns3-simulated/trace-derived
R2L,498.500000,0,0.000000,217189,212.098633,225.905840,0.000000,1100.000000,9,4,1.000000,ns3-simulated/trace-derived
R2L,499.500000,0,0.000000,217189,212.098633,225.905840,0.000000,1100.000000,9,4,1.000000,ns3-simulated/trace-derived
R2L,500.500000,0,0.000000,217189,212.098633,225.905840,0.000000,1100.000000,9,4,1.000000,ns3-simulated/trace-derived
R2L,501.500000,0,0.000000,217189,212.098633,225.905840,0.000000,1100.000000,9,4,1.000000,ns3-simulated/trace-derived
R2L,502.500000,0,0.000000,217189,212.098633,225.905840,0.000000,1100.000000,9,4,1.000000,ns3-simulated/trace-derived
R2L,503.500000,0,0.000000,217189,212.098633,225.905840,0.000000,1100.000000,9,4,1.000000,ns3-simulated/trace-derived
R2L,504.500000,0,0.000000,217189,212.098633,225.905840,0.000000,1100.000000,9,4,1.000000,ns3-simulated/trace-derived
R2L,505.500000,0,0.000000,217189,212.098633,225.905840,0.000000,1100.000000,9,4,1.000000,ns3-simulated/trace-derived
R2L,506.500000,0,0.000000,217189,212.098633,225.905840,0.000000,1100.000000,9,4,1.000000,ns3-simulated/trace-derived
R2L,507.500000,0,0.000000,217189,212.098633,225.905840,0.000000,1100.000000,9,4,1.000000,ns3-simulated/trace-derived
R2L,508.500000,0,0.000000,217189,212.098633,225.905840,0.000000,1100.000000,9,4,1.000000,ns3-simulated/trace-derived
R2L,509.500000,0,0.000000,217189,212.098633,225.905840,0.000000,1100.000000,9,4,1.000000,ns3-simulated/trace-derived
R2L,510.500000,0,0.000000,217189,212.098633,225.905840,0.000000,1100.000000,9,4,1.000000,ns3-simulated/trace-derived
R2L,511.500000,0,0.000000,217189,212.098633,225.905840,0.000000,1100.000000,9,4,1.000000,ns3-simulated/trace-derived
R2L,512.500000,0,0.000000,217189,212.098633,225.905840,0.000000,1100.000000,9,4,1.000000,ns3-simulated/trace-derived
R2L,513.500000,0,0.000000,217189,212.098633,225.905840,0.000000,1100.000000,9,4,1.000000,ns3-simulated/trace-derived
R2L,514.500000,0,0.000000,217189,212.098633,225.905840,0.000000,1100.000000,9,4,1.000000,ns3-simulated/trace-derived
R2L,515.500000,0,0.000000,217189,212.098633,225.905840,0.000000,1100.000000,9,4,1.000000,ns3-simulated/trace-derived
R2L,516.500000,0,0.000000,217189,212.098633,225.905840,0.000000,1100.000000,9,4,1.000000,ns3-simulated/trace-derived
R2L,517.500000,0,0.000000,217189,212.098633,225.905840,0.000000,1100.000000,9,4,1.000000,ns3-simulated/trace-derived
R2L,518.500000,0,0.000000,217189,212.098633,225.905840,0.000000,1100.000000,9,4,1.000000,ns3-simulated/trace-derived
R2L,519.500000,0,0.000000,217189,212.098633,225.905840,0.000000,1100.000000,9,4,1.000000,ns3-simulated/trace-derived
R2L,520.500000,0,0.000000,217189,212.098633,225.905840,0.000000,1100.000000,9,4,1.000000,ns3-simulated/trace-derived
R2L,521.500000,0,0.000000,217189,212.098633,225.905840,0.000000,1100.000000,9,4,1.000000,ns3-simulated/trace-derived
R2L,522.500000,0,0.000000,217189,212.098633,225.905840,0.000000,1100.000000,9,4,1.000000,ns3-simulated/trace-derived
R2L,523.500000,0,0.000000,217189,212.098633,225.905840,0.000000,1100.000000,9,4,1.000000,ns3-simulated/trace-derived
R2L,524.500000,0,0.000000,217189,212.098633,225.905840,0.000000,1100.000000,9,4,1.000000,ns3-simulated/trace-derived
R2L,525.500000,0,0.000000,217189,212.098633,225.905840,0.000000,1100.000000,9,4,1.000000,ns3-simulated/trace-derived
R2L,526.500000,0,0.000000,217189,212.098633,225.905840,0.000000,1100.000000,9,4,1.000000,ns3-simulated/trace-derived
R2L,527.500000,0,0.000000,217189,212.098633,225.905840,0.000000,1100.000000,9,4,1.000000,ns3-simulated/trace-derived
R2L,528.500000,0,0.000000,217189,212.098633,225.905840,0.000000,1100.000000,9,4,1.000000,ns3-simulated/trace-derived
R2L,529.500000,0,0.000000,217189,212.098633,225.905840,0.000000,1100.000000,9,4,1.000000,ns3-simulated/trace-derived
R2L,530.500000,0,0.000000,217189,212.098633,225.905840,0.000000,1100.000000,9,4,1.000000,ns3-simulated/trace-derived
R2L,531.500000,0,0.000000,217189,212.098633,225.905840,0.000000,1100.000000,9,4,1.000000,ns3-simulated/trace-derived
R2L,532.500000,0,0.000000,217189,212.098633,225.905840,0.000000,1100.000000,9,4,1.000000,ns3-simulated/trace-derived
R2L,533.500000,0,0.000000,217189,212.098633,225.905840,0.000000,1100.000000,9,4,1.000000,ns3-simulated/trace-derived
R2L,534.500000,0,0.000000,217189,212.098633,225.905840,0.000000,1100.000000,9,4,1.000000,ns3-simulated/trace-derived
R2L,535.500000,0,0.000000,217189,212.098633,225.905840,0.000000,1100.000000,9,4,1.000000,ns3-simulated/trace-derived
R2L,536.500000,0,0.000000,217189,212.098633,225.905840,0.000000,1100.000000,9,4,1.000000,ns3-simulated/trace-derived
R2L,537.500000,0,0.000000,217189,212.098633,225.905840,0.000000,1100.000000,9,4,1.000000,ns3-simulated/trace-derived
R2L,538.500000,0,0.000000,217189,212.098633,225.905840,0.000000,1100.000000,9,4,1.000000,ns3-simulated/trace-derived
R2L,539.500000,0,0.000000,217189,212.098633,225.905840,0.000000,1100.000000,9,4,1.000000,ns3-simulated/trace-derived
R2L,540.500000,0,0.000000,217189,212.098633,225.905840,0.000000,1100.000000,9,4,1.000000,ns3-simulated/trace-derived
R2L,541.500000,0,0.000000,217189,212.098633,225.905840,0.000000,1100.000000,9,4,1.000000,ns3-simulated/trace-derived
R2L,542.500000,0,0.000000,217189,212.098633,225.905840,0.000000,1100.000000,9,4,1.000000,ns3-simulated/trace-derived
R2L,543.500000,0,0.000000,217189,212.098633,225.905840,0.000000,1100.000000,9,4,1.000000,ns3-simulated/trace-derived
R2L,544.500000,0,0.000000,217189,212.098633,225.905840,0.000000,1100.000000,9,4,1.000000,ns3-simulated/trace-derived
R2L,545.500000,0,0.000000,217189,212.098633,225.905840,0.000000,1100.000000,9,4,1.000000,ns3-simulated/trace-derived
R2L,546.500000,0,0.000000,217189,212.098633,225.905840,0.000000,1100.000000,9,4,1.000000,ns3-simulated/trace-derived
R2L,547.500000,0,0.000000,217189,212.098633,225.905840,0.000000,1100.000000,9,4,1.000000,ns3-simulated/trace-derived
R2L,548.500000,0,0.000000,217189,212.098633,225.905840,0.000000,1100.000000,9,4,1.000000,ns3-simulated/trace-derived
R2L,549.500000,0,0.000000,217189,212.098633,225.905840,0.000000,1100.000000,9,4,1.000000,ns3-simulated/trace-derived
R2L,550.500000,0,0.000000,217189,212.098633,225.905840,0.000000,1100.000000,9,4,1.000000,ns3-simulated/trace-derived
R2L,551.500000,0,0.000000,217189,212.098633,225.905840,0.000000,1100.000000,9,4,1.000000,ns3-simulated/trace-derived
R2L,552.500000,0,0.000000,217189,212.098633,225.905840,0.000000,1100.000000,9,4,1.000000,ns3-simulated/trace-derived
R2L,553.500000,0,0.000000,217189,212.098633,225.905840,0.000000,1100.000000,9,4,1.000000,ns3-simulated/trace-derived
R2L,554.500000,0,0.000000,217189,212.098633,225.905840,0.000000,1100.000000,9,4,1.000000,ns3-simulated/trace-derived
R2L,555.500000,0,0.000000,217189,212.098633,225.905840,0.000000,1100.000000,9,4,1.000000,ns3-simulated/trace-derived
R2L,556.500000,0,0.000000,217189,212.098633,225.905840,0.000000,1100.000000,9,4,1.000000,ns3-simulated/trace-derived
R2L,557.500000,0,0.000000,217189,212.098633,225.905840,0.000000,1100.000000,9,4,1.000000,ns3-simulated/trace-derived
R2L,558.500000,0,0.000000,217189,212.098633,225.905840,0.000000,1100.000000,9,4,1.000000,ns3-simulated/trace-derived
R2L,559.500000,0,0.000000,217189,212.098633,225.905840,0.000000,1100.000000,9,4,1.000000,ns3-simulated/trace-derived
R2L,560.500000,0,0.000000,217189,212.098633,225.905840,0.000000,1100.000000,9,4,1.000000,ns3-simulated/trace-derived
R2L,561.500000,0,0.000000,217189,212.098633,225.905840,0.000000,1100.000000,9,4,1.000000,ns3-simulated/trace-derived
R2L,562.500000,0,0.000000,217189,212.098633,225.905840,0.000000,1100.000000,9,4,1.000000,ns3-simulated/trace-derived
R2L,563.500000,0,0.000000,217189,212.098633,225.905840,0.000000,1100.000000,9,4,1.000000,ns3-simulated/trace-derived
R2L,564.500000,0,0.000000,217189,212.098633,225.905840,0.000000,1100.000000,9,4,1.000000,ns3-simulated/trace-derived
R2L,565.500000,0,0.000000,217189,212.098633,225.905840,0.000000,1100.000000,9,4,1.000000,ns3-simulated/trace-derived
R2L,566.500000,0,0.000000,217189,212.098633,225.905840,0.000000,1100.000000,9,4,1.000000,ns3-simulated/trace-derived
R2L,567.500000,0,0.000000,217189,212.098633,225.905840,0.000000,1100.000000,9,4,1.000000,ns3-simulated/trace-derived
R2L,568.500000,0,0.000000,217189,212.098633,225.905840,0.000000,1100.000000,9,4,1.000000,ns3-simulated/trace-derived
R2L,569.500000,0,0.000000,217189,212.098633,225.905840,0.000000,1100.000000,9,4,1.000000,ns3-simulated/trace-derived
R2L,570.500000,0,0.000000,217189,212.098633,225.905840,0.000000,1100.000000,9,4,1.000000,ns3-simulated/trace-derived
R2L,571.500000,0,0.000000,217189,212.098633,225.905840,0.000000,1100.000000,9,4,1.000000,ns3-simulated/trace-derived
R2L,572.500000,0,0.000000,217189,212.098633,225.905840,0.000000,1100.000000,9,4,1.000000,ns3-simulated/trace-derived
R2L,573.500000,0,0.000000,217189,212.098633,225.905840,0.000000,1100.000000,9,4,1.000000,ns3-simulated/trace-derived
R2L,574.500000,0,0.000000,217189,212.098633,225.905840,0.000000,1100.000000,9,4,1.000000,ns3-simulated/trace-derived
R2L,575.500000,0,0.000000,217189,212.098633,225.905840,0.000000,1100.000000,9,4,1.000000,ns3-simulated/trace-derived
R2L,576.500000,0,0.000000,217189,212.098633,225.905840,0.000000,1100.000000,9,4,1.000000,ns3-simulated/trace-derived
R2L,577.500000,0,0.000000,217189,212.098633,225.905840,0.000000,1100.000000,9,4,1.000000,ns3-simulated/trace-derived
R2L,578.500000,0,0.000000,217189,212.098633,225.905840,0.000000,1100.000000,9,4,1.000000,ns3-simulated/trace-derived
R2L,579.500000,0,0.000000,217189,212.098633,225.905840,0.000000,1100.000000,9,4,1.000000,ns3-simulated/trace-derived
R2L,580.500000,0,0.000000,217189,212.098633,225.905840,0.000000,1100.000000,9,4,1.000000,ns3-simulated/trace-derived
R2L,581.500000,0,0.000000,217189,212.098633,225.905840,0.000000,1100.000000,9,4,1.000000,ns3-simulated/trace-derived
R2L,582.500000,0,0.000000,217189,212.098633,225.905840,0.000000,1100.000000,9,4,1.000000,ns3-simulated/trace-derived
R2L,583.500000,0,0.000000,217189,212.098633,225.905840,0.000000,1100.000000,9,4,1.000000,ns3-simulated/trace-derived
R2L,584.500000,0,0.000000,217189,212.098633,225.905840,0.000000,1100.000000,9,4,1.000000,ns3-simulated/trace-derived
R2L,585.500000,0,0.000000,217189,212.098633,225.905840,0.000000,1100.000000,9,4,1.000000,ns3-simulated/trace-derived
R2L,586.500000,0,0.000000,217189,212.098633,225.905840,0.000000,1100.000000,9,4,1.000000,ns3-simulated/trace-derived
R2L,587.500000,0,0.000000,217189,212.098633,225.905840,0.000000,1100.000000,9,4,1.000000,ns3-simulated/trace-derived
R2L,588.500000,0,0.000000,217189,212.098633,225.905840,0.000000,1100.000000,9,4,1.000000,ns3-simulated/trace-derived
R2L,589.500000,0,0.000000,217189,212.098633,225.905840,0.000000,1100.000000,9,4,1.000000,ns3-simulated/trace-derived
R2L,590.500000,0,0.000000,217189,212.098633,225.905840,0.000000,1100.000000,9,4,1.000000,ns3-simulated/trace-derived
R2L,591.500000,0,0.000000,217189,212.098633,225.905840,0.000000,1100.000000,9,4,1.000000,ns3-simulated/trace-derived
R2L,592.500000,0,0.000000,217189,212.098633,225.905840,0.000000,1100.000000,9,4,1.000000,ns3-simulated/trace-derived
R2L,593.500000,0,0.000000,217189,212.098633,225.905840,0.000000,1100.000000,9,4,1.000000,ns3-simulated/trace-derived
R2L,594.500000,0,0.000000,217189,212.098633,225.905840,0.000000,1100.000000,9,4,1.000000,ns3-simulated/trace-derived
R2L,595.500000,0,0.000000,217189,212.098633,225.905840,0.000000,1100.000000,9,4,1.000000,ns3-simulated/trace-derived
R2L,596.500000,0,0.000000,217189,212.098633,225.905840,0.000000,1100.000000,9,4,1.000000,ns3-simulated/trace-derived
R2L,597.500000,0,0.000000,217189,212.098633,225.905840,0.000000,1100.000000,9,4,1.000000,ns3-simulated/trace-derived
R2L,598.500000,0,0.000000,217189,212.098633,225.905840,0.000000,1100.000000,9,4,1.000000,ns3-simulated/trace-derived
R2L,599.500000,0,0.000000,217189,212.098633,225.905840,0.000000,1100.000000,9,4,1.000000,ns3-simulated/trace-derived
R2L,600.500000,0,0.000000,217189,212.098633,225.905840,0.000000,1100.000000,9,4,1.000000,ns3-simulated/trace-derived
R2L,601.500000,0,0.000000,217189,212.098633,225.905840,0.000000,1100.000000,9,4,1.000000,ns3-simulated/trace-derived
R2L,602.500000,0,0.000000,217189,212.098633,225.905840,0.000000,1100.000000,9,4,1.000000,ns3-simulated/trace-derived
R2L,603.500000,0,0.000000,217189,212.098633,225.905840,0.000000,1100.000000,9,4,1.000000,ns3-simulated/trace-derived
R2L,604.500000,0,0.000000,217189,212.098633,225.905840,0.000000,1100.000000,9,4,1.000000,ns3-simulated/trace-derived
R2L,605.500000,0,0.000000,217189,212.098633,225.905840,0.000000,1100.000000,9,4,1.000000,ns3-simulated/trace-derived
R2L,606.500000,0,0.000000,217189,212.098633,225.905840,0.000000,1100.000000,9,4,1.000000,ns3-simulated/trace-derived
R2L,607.500000,0,0.000000,217189,212.098633,225.905840,0.000000,1100.000000,9,4,1.000000,ns3-simulated/trace-derived
R2L,608.500000,0,0.000000,217189,212.098633,225.905840,0.000000,1100.000000,9,4,1.000000,ns3-simulated/trace-derived
R2L,609.500000,0,0.000000,217189,212.098633,225.905840,0.000000,1100.000000,9,4,1.000000,ns3-simulated/trace-derived
R2L,610.500000,0,0.000000,217189,212.098633,225.905840,0.000000,1100.000000,9,4,1.000000,ns3-simulated/trace-derived
R2L,611.500000,0,0.000000,217189,212.098633,225.905840,0.000000,1100.000000,9,4,1.000000,ns3-simulated/trace-derived
R2L,612.500000,0,0.000000,217189,212.098633,225.905840,0.000000,1100.000000,9,4,1.000000,ns3-simulated/trace-derived
R2L,613.500000,0,0.000000,217189,212.098633,225.905840,0.000000,1100.000000,9,4,1.000000,ns3-simulated/trace-derived
R2L,614.500000,0,0.000000,217189,212.098633,225.905840,0.000000,1100.000000,9,4,1.000000,ns3-simulated/trace-derived
R2L,615.500000,0,0.000000,217189,212.098633,225.905840,0.000000,1100.000000,9,4,1.000000,ns3-simulated/trace-derived
R2L,616.500000,0,0.000000,217189,212.098633,225.905840,0.000000,1100.000000,9,4,1.000000,ns3-simulated/trace-derived
R2L,617.500000,0,0.000000,217189,212.098633,225.905840,0.000000,1100.000000,9,4,1.000000,ns3-simulated/trace-derived
R2L,618.500000,0,0.000000,217189,212.098633,225.905840,0.000000,1100.000000,9,4,1.000000,ns3-simulated/trace-derived
R2L,619.500000,0,0.000000,217189,212.098633,225.905840,0.000000,1100.000000,9,4,1.000000,ns3-simulated/trace-derived
R2L,620.500000,0,0.000000,217189,212.098633,225.905840,0.000000,1100.000000,9,4,1.000000,ns3-simulated/trace-derived
R2L,621.500000,0,0.000000,217189,212.098633,225.905840,0.000000,1100.000000,9,4,1.000000,ns3-simulated/trace-derived
R2L,622.500000,0,0.000000,217189,212.098633,225.905840,0.000000,1100.000000,9,4,1.000000,ns3-simulated/trace-derived
R2L,623.500000,0,0.000000,217189,212.098633,225.905840,0.000000,1100.000000,9,4,1.000000,ns3-simulated/trace-derived
R2L,624.500000,0,0.000000,217189,212.098633,225.905840,0.000000,1100.000000,9,4,1.000000,ns3-simulated/trace-derived
R2L,625.500000,0,0.000000,217189,212.098633,225.905840,0.000000,1100.000000,9,4,1.000000,ns3-simulated/trace-derived
R2L,626.500000,0,0.000000,217189,212.098633,225.905840,0.000000,1100.000000,9,4,1.000000,ns3-simulated/trace-derived
R2L,627.500000,0,0.000000,217189,212.098633,225.905840,0.000000,1100.000000,9,4,1.000000,ns3-simulated/trace-derived
R2L,628.500000,0,0.000000,217189,212.098633,225.905840,0.000000,1100.000000,9,4,1.000000,ns3-simulated/trace-derived
R2L,629.500000,0,0.000000,217189,212.098633,225.905840,0.000000,1100.000000,9,4,1.000000,ns3-simulated/trace-derived
R2L,630.500000,0,0.000000,217189,212.098633,225.905840,0.000000,1100.000000,9,4,1.000000,ns3-simulated/trace-derived
R2L,631.500000,0,0.000000,217189,212.098633,225.905840,0.000000,1100.000000,9,4,1.000000,ns3-simulated/trace-derived
R2L,632.500000,0,0.000000,217189,212.098633,225.905840,0.000000,1100.000000,9,4,1.000000,ns3-simulated/trace-derived
R2L,633.500000,0,0.000000,217189,212.098633,225.905840,0.000000,1100.000000,9,4,1.000000,ns3-simulated/trace-derived
R2L,634.500000,0,0.000000,217189,212.098633,225.905840,0.000000,1100.000000,9,4,1.000000,ns3-simulated/trace-derived
R2L,635.500000,0,0.000000,217189,212.098633,225.905840,0.000000,1100.000000,9,4,1.000000,ns3-simulated/trace-derived
R2L,636.500000,0,0.000000,217189,212.098633,225.905840,0.000000,1100.000000,9,4,1.000000,ns3-simulated/trace-derived
R2L,637.500000,0,0.000000,217189,212.098633,225.905840,0.000000,1100.000000,9,4,1.000000,ns3-simulated/trace-derived
R2L,638.500000,0,0.000000,217189,212.098633,225.905840,0.000000,1100.000000,9,4,1.000000,ns3-simulated/trace-derived
R2L,639.500000,0,0.000000,217189,212.098633,225.905840,0.000000,1100.000000,9,4,1.000000,ns3-simulated/trace-derived
R2L,640.500000,0,0.000000,217189,212.098633,225.905840,0.000000,1100.000000,9,4,1.000000,ns3-simulated/trace-derived
R2L,641.500000,0,0.000000,217189,212.098633,225.905840,0.000000,1100.000000,9,4,1.000000,ns3-simulated/trace-derived
R2L,642.500000,0,0.000000,217189,212.098633,225.905840,0.000000,1100.000000,9,4,1.000000,ns3-simulated/trace-derived
R2L,643.500000,0,0.000000,217189,212.098633,225.905840,0.000000,1100.000000,9,4,1.000000,ns3-simulated/trace-derived
R2L,644.500000,0,0.000000,217189,212.098633,225.905840,0.000000,1100.000000,9,4,1.000000,ns3-simulated/trace-derived
R2L,645.500000,0,0.000000,217189,212.098633,225.905840,0.000000,1100.000000,9,4,1.000000,ns3-simulated/trace-derived
R2L,646.500000,0,0.000000,217189,212.098633,225.905840,0.000000,1100.000000,9,4,1.000000,ns3-simulated/trace-derived
R2L,647.500000,0,0.000000,217189,212.098633,225.905840,0.000000,1100.000000,9,4,1.000000,ns3-simulated/trace-derived
R2L,648.500000,0,0.000000,217189,212.098633,225.905840,0.000000,1100.000000,9,4,1.000000,ns3-simulated/trace-derived
R2L,649.500000,0,0.000000,217189,212.098633,225.905840,0.000000,1100.000000,9,4,1.000000,ns3-simulated/trace-derived
R2L,650.500000,0,0.000000,217189,212.098633,225.905840,0.000000,1100.000000,9,4,1.000000,ns3-simulated/trace-derived
R2L,651.500000,0,0.000000,217189,212.098633,225.905840,0.000000,1100.000000,9,4,1.000000,ns3-simulated/trace-derived
R2L,652.500000,0,0.000000,217189,212.098633,225.905840,0.000000,1100.000000,9,4,1.000000,ns3-simulated/trace-derived
R2L,653.500000,0,0.000000,217189,212.098633,225.905840,0.000000,1100.000000,9,4,1.000000,ns3-simulated/trace-derived
R2L,654.500000,0,0.000000,217189,212.098633,225.905840,0.000000,1100.000000,9,4,1.000000,ns3-simulated/trace-derived
R2L,655.500000,0,0.000000,217189,212.098633,225.905840,0.000000,1100.000000,9,4,1.000000,ns3-simulated/trace-derived
R2L,656.500000,0,0.000000,217189,212.098633,225.905840,0.000000,1100.000000,9,4,1.000000,ns3-simulated/trace-derived
R2L,657.500000,0,0.000000,217189,212.098633,225.905840,0.000000,1100.000000,9,4,1.000000,ns3-simulated/trace-derived
R2L,658.500000,0,0.000000,217189,212.098633,225.905840,0.000000,1100.000000,9,4,1.000000,ns3-simulated/trace-derived
R2L,659.500000,0,0.000000,217189,212.098633,225.905840,0.000000,1100.000000,9,4,1.000000,ns3-simulated/trace-derived
R2L,660.500000,0,0.000000,217189,212.098633,225.905840,0.000000,1100.000000,9,4,1.000000,ns3-simulated/trace-derived
R2L,661.500000,0,0.000000,217189,212.098633,225.905840,0.000000,1100.000000,9,4,1.000000,ns3-simulated/trace-derived
R2L,662.500000,0,0.000000,217189,212.098633,225.905840,0.000000,1100.000000,9,4,1.000000,ns3-simulated/trace-derived
R2L,663.500000,0,0.000000,217189,212.098633,225.905840,0.000000,1100.000000,9,4,1.000000,ns3-simulated/trace-derived
R2L,664.500000,0,0.000000,217189,212.098633,225.905840,0.000000,1100.000000,9,4,1.000000,ns3-simulated/trace-derived
R2L,665.500000,0,0.000000,217189,212.098633,225.905840,0.000000,1100.000000,9,4,1.000000,ns3-simulated/trace-derived
R2L,666.500000,0,0.000000,217189,212.098633,225.905840,0.000000,1100.000000,9,4,1.000000,ns3-simulated/trace-derived
R2L,667.500000,0,0.000000,217189,212.098633,225.905840,0.000000,1100.000000,9,4,1.000000,ns3-simulated/trace-derived
R2L,668.500000,0,0.000000,217189,212.098633,225.905840,0.000000,1100.000000,9,4,1.000000,ns3-simulated/trace-derived
R2L,669.500000,0,0.000000,217189,212.098633,225.905840,0.000000,1100.000000,9,4,1.000000,ns3-simulated/trace-derived
R2L,670.500000,12522,12.228516,217189,212.098633,225.905840,0.000000,1100.000000,9,4,1.000000,ns3-simulated/trace-derived
R2L,671.500000,50212,49.035156,217189,212.098633,225.905840,0.000000,1100.000000,9,4,1.000000,ns3-simulated/trace-derived
R2L,672.500000,87902,85.841797,217189,212.098633,225.905840,0.000000,1100.000000,9,4,1.000000,ns3-simulated/trace-derived
R2L,673.500000,129642,126.603516,217189,212.098633,225.905840,0.000000,1100.000000,9,4,1.000000,ns3-simulated/trace-derived
R2L,674.500000,167332,163.410156,217189,212.098633,225.905840,0.000000,1100.000000,9,4,1.000000,ns3-simulated/trace-derived
R2L,675.500000,205022,200.216797,217189,212.098633,225.905840,0.000000,1100.000000,9,4,1.000000,ns3-simulated/trace-derived
R2L,676.500000,205022,200.216797,217189,212.098633,225.905840,0.000000,1100.000000,9,4,1.000000,ns3-simulated/trace-derived
R2L,677.500000,192624,188.109375,217189,212.098633,225.905840,0.000000,1100.000000,9,4,1.000000,ns3-simulated/trace-derived
R2L,678.500000,180164,175.941406,217189,212.098633,225.905840,0.000000,1100.000000,9,4,1.000000,ns3-simulated/trace-derived
R2L,679.500000,167704,163.773438,217189,212.098633,225.905840,0.000000,1100.000000,9,4,1.000000,ns3-simulated/trace-derived
R2L,680.500000,155261,151.622070,217189,212.098633,225.905840,0.000000,1100.000000,9,4,1.000000,ns3-simulated/trace-derived
R2L,681.500000,142801,139.454102,217189,212.098633,225.905840,0.000000,1100.000000,9,4,1.000000,ns3-simulated/trace-derived
R2L,682.500000,130341,127.286133,217189,212.098633,225.905840,0.000000,1100.000000,9,4,1.000000,ns3-simulated/trace-derived
R2L,683.500000,117881,115.118164,217189,212.098633,225.905840,0.000000,1100.000000,9,4,1.000000,ns3-simulated/trace-derived
R2L,684.500000,105359,102.889648,217189,212.098633,225.905840,0.000000,1100.000000,9,4,1.000000,ns3-simulated/trace-derived
R2L,685.500000,92961,90.782227,217189,212.098633,225.905840,0.000000,1100.000000,9,4,1.000000,ns3-simulated/trace-derived
R2L,686.500000,80501,78.614258,217189,212.098633,225.905840,0.000000,1100.000000,9,4,1.000000,ns3-simulated/trace-derived
R2L,687.500000,68041,66.446289,217189,212.098633,225.905840,0.000000,1100.000000,9,4,1.000000,ns3-simulated/trace-derived
R2L,688.500000,55581,54.278320,217189,212.098633,225.905840,0.000000,1100.000000,9,4,1.000000,ns3-simulated/trace-derived
R2L,689.500000,42997,41.989258,217189,212.098633,225.905840,0.000000,1100.000000,9,4,1.000000,ns3-simulated/trace-derived
R2L,690.500000,34852,34.035156,217189,212.098633,225.905840,0.000000,1100.000000,9,4,1.000000,ns3-simulated/trace-derived
R2L,691.500000,22375,21.850586,217189,212.098633,225.905840,0.000000,1100.000000,9,4,1.000000,ns3-simulated/trace-derived
R2L,692.500000,9853,9.622070,217189,212.098633,225.905840,0.000000,1100.000000,9,4,1.000000,ns3-simulated/trace-derived
R2L,693.500000,0,0.000000,217189,212.098633,225.905840,0.000000,1100.000000,9,4,1.000000,ns3-simulated/trace-derived
R2L,694.500000,0,0.000000,217189,212.098633,225.905840,0.000000,1100.000000,9,4,1.000000,ns3-simulated/trace-derived
R2L,695.500000,0,0.000000,217189,212.098633,225.905840,0.000000,1100.000000,9,4,1.000000,ns3-simulated/trace-derived
R2L,696.500000,0,0.000000,217189,212.098633,225.905840,0.000000,1100.000000,9,4,1.000000,ns3-simulated/trace-derived
R2L,697.500000,0,0.000000,217189,212.098633,225.905840,0.000000,1100.000000,9,4,1.000000,ns3-simulated/trace-derived
R2L,698.500000,0,0.000000,217189,212.098633,225.905840,0.000000,1100.000000,9,4,1.000000,ns3-simulated/trace-derived
R2L,699.500000,0,0.000000,217189,212.098633,225.905840,0.000000,1100.000000,9,4,1.000000,ns3-simulated/trace-derived
R2L,700.500000,0,0.000000,217189,212.098633,225.905840,0.000000,1100.000000,9,4,1.000000,ns3-simulated/trace-derived
R2L,701.500000,0,0.000000,217189,212.098633,225.905840,0.000000,1100.000000,9,4,1.000000,ns3-simulated/trace-derived
R2L,702.500000,0,0.000000,217189,212.098633,225.905840,0.000000,1100.000000,9,4,1.000000,ns3-simulated/trace-derived
R2L,703.500000,0,0.000000,217189,212.098633,225.905840,0.000000,1100.000000,9,4,1.000000,ns3-simulated/trace-derived
R2L,704.500000,0,0.000000,217189,212.098633,225.905840,0.000000,1100.000000,9,4,1.000000,ns3-simulated/trace-derived
R2L,705.500000,0,0.000000,217189,212.098633,225.905840,0.000000,1100.000000,9,4,1.000000,ns3-simulated/trace-derived
R2L,706.500000,0,0.000000,217189,212.098633,225.905840,0.000000,1100.000000,9,4,1.000000,ns3-simulated/trace-derived
R2L,707.500000,0,0.000000,217189,212.098633,225.905840,0.000000,1100.000000,9,4,1.000000,ns3-simulated/trace-derived
R2L,708.500000,0,0.000000,217189,212.098633,225.905840,0.000000,1100.000000,9,4,1.000000,ns3-simulated/trace-derived
R2L,709.500000,79,0.077148,217189,212.098633,225.905840,0.000000,1100.000000,9,4,1.000000,ns3-simulated/trace-derived
R2L,710.500000,62,0.060547,217189,212.098633,225.905840,0.000000,1100.000000,9,4,1.000000,ns3-simulated/trace-derived
R2L,711.500000,62,0.060547,217189,212.098633,225.905840,0.000000,1100.000000,9,4,1.000000,ns3-simulated/trace-derived
R2L,712.500000,0,0.000000,217189,212.098633,225.905840,0.000000,1100.000000,9,4,1.000000,ns3-simulated/trace-derived
R2L,713.500000,0,0.000000,217189,212.098633,225.905840,0.000000,1100.000000,9,4,1.000000,ns3-simulated/trace-derived
R2L,714.500000,0,0.000000,217189,212.098633,225.905840,0.000000,1100.000000,9,4,1.000000,ns3-simulated/trace-derived
R2L,715.500000,0,0.000000,217189,212.098633,225.905840,0.000000,1100.000000,9,4,1.000000,ns3-simulated/trace-derived
R2L,716.500000,0,0.000000,217189,212.098633,225.905840,0.000000,1100.000000,9,4,1.000000,ns3-simulated/trace-derived
R2L,717.500000,0,0.000000,217189,212.098633,225.905840,0.000000,1100.000000,9,4,1.000000,ns3-simulated/trace-derived
R2L,718.500000,0,0.000000,217189,212.098633,225.905840,0.000000,1100.000000,9,4,1.000000,ns3-simulated/trace-derived
R2L,719.500000,0,0.000000,217189,212.098633,225.905840,0.000000,1100.000000,9,4,1.000000,ns3-simulated/trace-derived
R2L,720.500000,0,0.000000,217189,212.098633,225.905840,0.000000,1100.000000,9,4,1.000000,ns3-simulated/trace-derived
R2L,721.500000,0,0.000000,217189,212.098633,225.905840,0.000000,1100.000000,9,4,1.000000,ns3-simulated/trace-derived
R2L,722.500000,0,0.000000,217189,212.098633,225.905840,0.000000,1100.000000,9,4,1.000000,ns3-simulated/trace-derived
R2L,723.500000,0,0.000000,217189,212.098633,225.905840,0.000000,1100.000000,9,4,1.000000,ns3-simulated/trace-derived
R2L,724.500000,0,0.000000,217189,212.098633,225.905840,0.000000,1100.000000,9,4,1.000000,ns3-simulated/trace-derived
R2L,725.500000,0,0.000000,217189,212.098633,225.905840,0.000000,1100.000000,9,4,1.000000,ns3-simulated/trace-derived
R2L,726.500000,0,0.000000,217189,212.098633,225.905840,0.000000,1100.000000,9,4,1.000000,ns3-simulated/trace-derived
R2L,727.500000,0,0.000000,217189,212.098633,225.905840,0.000000,1100.000000,9,4,1.000000,ns3-simulated/trace-derived
R2L,728.500000,0,0.000000,217189,212.098633,225.905840,0.000000,1100.000000,9,4,1.000000,ns3-simulated/trace-derived
R2L,729.500000,0,0.000000,217189,212.098633,225.905840,0.000000,1100.000000,9,4,1.000000,ns3-simulated/trace-derived
R2L,730.500000,0,0.000000,217189,212.098633,225.905840,0.000000,1100.000000,9,4,1.000000,ns3-simulated/trace-derived
R2L,731.500000,0,0.000000,217189,212.098633,225.905840,0.000000,1100.000000,9,4,1.000000,ns3-simulated/trace-derived
R2L,732.500000,0,0.000000,217189,212.098633,225.905840,0.000000,1100.000000,9,4,1.000000,ns3-simulated/trace-derived
R2L,733.500000,0,0.000000,217189,212.098633,225.905840,0.000000,1100.000000,9,4,1.000000,ns3-simulated/trace-derived
R2L,734.500000,0,0.000000,217189,212.098633,225.905840,0.000000,1100.000000,9,4,1.000000,ns3-simulated/trace-derived
R2L,735.500000,0,0.000000,217189,212.098633,225.905840,0.000000,1100.000000,9,4,1.000000,ns3-simulated/trace-derived
R2L,736.500000,0,0.000000,217189,212.098633,225.905840,0.000000,1100.000000,9,4,1.000000,ns3-simulated/trace-derived
R2L,737.500000,0,0.000000,217189,212.098633,225.905840,0.000000,1100.000000,9,4,1.000000,ns3-simulated/trace-derived
R2L,738.500000,0,0.000000,217189,212.098633,225.905840,0.000000,1100.000000,9,4,1.000000,ns3-simulated/trace-derived
R2L,739.500000,0,0.000000,217189,212.098633,225.905840,0.000000,1100.000000,9,4,1.000000,ns3-simulated/trace-derived
R2L,740.500000,0,0.000000,217189,212.098633,225.905840,0.000000,1100.000000,9,4,1.000000,ns3-simulated/trace-derived
R2L,741.500000,0,0.000000,217189,212.098633,225.905840,0.000000,1100.000000,9,4,1.000000,ns3-simulated/trace-derived
R2L,742.500000,0,0.000000,217189,212.098633,225.905840,0.000000,1100.000000,9,4,1.000000,ns3-simulated/trace-derived
R2L,743.500000,0,0.000000,217189,212.098633,225.905840,0.000000,1100.000000,9,4,1.000000,ns3-simulated/trace-derived
R2L,744.500000,0,0.000000,217189,212.098633,225.905840,0.000000,1100.000000,9,4,1.000000,ns3-simulated/trace-derived
R2L,745.500000,0,0.000000,217189,212.098633,225.905840,0.000000,1100.000000,9,4,1.000000,ns3-simulated/trace-derived
R2L,746.500000,0,0.000000,217189,212.098633,225.905840,0.000000,1100.000000,9,4,1.000000,ns3-simulated/trace-derived
R2L,747.500000,0,0.000000,217189,212.098633,225.905840,0.000000,1100.000000,9,4,1.000000,ns3-simulated/trace-derived
R2L,748.500000,0,0.000000,217189,212.098633,225.905840,0.000000,1100.000000,9,4,1.000000,ns3-simulated/trace-derived
R2L,749.500000,0,0.000000,217189,212.098633,225.905840,0.000000,1100.000000,9,4,1.000000,ns3-simulated/trace-derived
R2L,750.500000,0,0.000000,217189,212.098633,225.905840,0.000000,1100.000000,9,4,1.000000,ns3-simulated/trace-derived
R2L,751.500000,0,0.000000,217189,212.098633,225.905840,0.000000,1100.000000,9,4,1.000000,ns3-simulated/trace-derived
R2L,752.500000,0,0.000000,217189,212.098633,225.905840,0.000000,1100.000000,9,4,1.000000,ns3-simulated/trace-derived
R2L,753.500000,0,0.000000,217189,212.098633,225.905840,0.000000,1100.000000,9,4,1.000000,ns3-simulated/trace-derived
R2L,754.500000,0,0.000000,217189,212.098633,225.905840,0.000000,1100.000000,9,4,1.000000,ns3-simulated/trace-derived
R2L,755.500000,0,0.000000,217189,212.098633,225.905840,0.000000,1100.000000,9,4,1.000000,ns3-simulated/trace-derived
R2L,756.500000,0,0.000000,217189,212.098633,225.905840,0.000000,1100.000000,9,4,1.000000,ns3-simulated/trace-derived
R2L,757.500000,0,0.000000,217189,212.098633,225.905840,0.000000,1100.000000,9,4,1.000000,ns3-simulated/trace-derived
R2L,758.500000,0,0.000000,217189,212.098633,225.905840,0.000000,1100.000000,9,4,1.000000,ns3-simulated/trace-derived
R2L,759.500000,0,0.000000,217189,212.098633,225.905840,0.000000,1100.000000,9,4,1.000000,ns3-simulated/trace-derived
R2L,760.500000,0,0.000000,217189,212.098633,225.905840,0.000000,1100.000000,9,4,1.000000,ns3-simulated/trace-derived
R2L,761.500000,0,0.000000,217189,212.098633,225.905840,0.000000,1100.000000,9,4,1.000000,ns3-simulated/trace-derived
R2L,762.500000,0,0.000000,217189,212.098633,225.905840,0.000000,1100.000000,9,4,1.000000,ns3-simulated/trace-derived
R2L,763.500000,0,0.000000,217189,212.098633,225.905840,0.000000,1100.000000,9,4,1.000000,ns3-simulated/trace-derived
R2L,764.500000,0,0.000000,217189,212.098633,225.905840,0.000000,1100.000000,9,4,1.000000,ns3-simulated/trace-derived
R2L,765.500000,0,0.000000,217189,212.098633,225.905840,0.000000,1100.000000,9,4,1.000000,ns3-simulated/trace-derived
R2L,766.500000,0,0.000000,217189,212.098633,225.905840,0.000000,1100.000000,9,4,1.000000,ns3-simulated/trace-derived
R2L,767.500000,0,0.000000,217189,212.098633,225.905840,0.000000,1100.000000,9,4,1.000000,ns3-simulated/trace-derived
R2L,768.500000,0,0.000000,217189,212.098633,225.905840,0.000000,1100.000000,9,4,1.000000,ns3-simulated/trace-derived
R2L,769.500000,0,0.000000,217189,212.098633,225.905840,0.000000,1100.000000,9,4,1.000000,ns3-simulated/trace-derived
R2L,770.500000,0,0.000000,217189,212.098633,225.905840,0.000000,1100.000000,9,4,1.000000,ns3-simulated/trace-derived
R2L,771.500000,0,0.000000,217189,212.098633,225.905840,0.000000,1100.000000,9,4,1.000000,ns3-simulated/trace-derived
R2L,772.500000,0,0.000000,217189,212.098633,225.905840,0.000000,1100.000000,9,4,1.000000,ns3-simulated/trace-derived
R2L,773.500000,0,0.000000,217189,212.098633,225.905840,0.000000,1100.000000,9,4,1.000000,ns3-simulated/trace-derived
R2L,774.500000,0,0.000000,217189,212.098633,225.905840,0.000000,1100.000000,9,4,1.000000,ns3-simulated/trace-derived
R2L,775.500000,0,0.000000,217189,212.098633,225.905840,0.000000,1100.000000,9,4,1.000000,ns3-simulated/trace-derived
R2L,776.500000,0,0.000000,217189,212.098633,225.905840,0.000000,1100.000000,9,4,1.000000,ns3-simulated/trace-derived
R2L,777.500000,0,0.000000,217189,212.098633,225.905840,0.000000,1100.000000,9,4,1.000000,ns3-simulated/trace-derived
R2L,778.500000,0,0.000000,217189,212.098633,225.905840,0.000000,1100.000000,9,4,1.000000,ns3-simulated/trace-derived
R2L,779.500000,0,0.000000,217189,212.098633,225.905840,0.000000,1100.000000,9,4,1.000000,ns3-simulated/trace-derived
R2L,780.500000,0,0.000000,217189,212.098633,225.905840,0.000000,1100.000000,9,4,1.000000,ns3-simulated/trace-derived
R2L,781.500000,0,0.000000,217189,212.098633,225.905840,0.000000,1100.000000,9,4,1.000000,ns3-simulated/trace-derived
R2L,782.500000,0,0.000000,217189,212.098633,225.905840,0.000000,1100.000000,9,4,1.000000,ns3-simulated/trace-derived
R2L,783.500000,0,0.000000,217189,212.098633,225.905840,0.000000,1100.000000,9,4,1.000000,ns3-simulated/trace-derived
R2L,784.500000,0,0.000000,217189,212.098633,225.905840,0.000000,1100.000000,9,4,1.000000,ns3-simulated/trace-derived
R2L,785.500000,0,0.000000,217189,212.098633,225.905840,0.000000,1100.000000,9,4,1.000000,ns3-simulated/trace-derived
R2L,786.500000,0,0.000000,217189,212.098633,225.905840,0.000000,1100.000000,9,4,1.000000,ns3-simulated/trace-derived
R2L,787.500000,0,0.000000,217189,212.098633,225.905840,0.000000,1100.000000,9,4,1.000000,ns3-simulated/trace-derived
R2L,788.500000,0,0.000000,217189,212.098633,225.905840,0.000000,1100.000000,9,4,1.000000,ns3-simulated/trace-derived
R2L,789.500000,0,0.000000,217189,212.098633,225.905840,0.000000,1100.000000,9,4,1.000000,ns3-simulated/trace-derived
R2L,790.500000,0,0.000000,217189,212.098633,225.905840,0.000000,1100.000000,9,4,1.000000,ns3-simulated/trace-derived
R2L,791.500000,0,0.000000,217189,212.098633,225.905840,0.000000,1100.000000,9,4,1.000000,ns3-simulated/trace-derived
R2L,792.500000,0,0.000000,217189,212.098633,225.905840,0.000000,1100.000000,9,4,1.000000,ns3-simulated/trace-derived
R2L,793.500000,0,0.000000,217189,212.098633,225.905840,0.000000,1100.000000,9,4,1.000000,ns3-simulated/trace-derived
R2L,794.500000,0,0.000000,217189,212.098633,225.905840,0.000000,1100.000000,9,4,1.000000,ns3-simulated/trace-derived
R2L,795.500000,0,0.000000,217189,212.098633,225.905840,0.000000,1100.000000,9,4,1.000000,ns3-simulated/trace-derived
R2L,796.500000,0,0.000000,217189,212.098633,225.905840,0.000000,1100.000000,9,4,1.000000,ns3-simulated/trace-derived
R2L,797.500000,0,0.000000,217189,212.098633,225.905840,0.000000,1100.000000,9,4,1.000000,ns3-simulated/trace-derived
R2L,798.500000,0,0.000000,217189,212.098633,225.905840,0.000000,1100.000000,9,4,1.000000,ns3-simulated/trace-derived
R2L,799.500000,0,0.000000,217189,212.098633,225.905840,0.000000,1100.000000,9,4,1.000000,ns3-simulated/trace-derived
R2L,800.500000,0,0.000000,217189,212.098633,225.905840,0.000000,1100.000000,9,4,1.000000,ns3-simulated/trace-derived
R2L,801.500000,0,0.000000,217189,212.098633,225.905840,0.000000,1100.000000,9,4,1.000000,ns3-simulated/trace-derived
R2L,802.500000,0,0.000000,217189,212.098633,225.905840,0.000000,1100.000000,9,4,1.000000,ns3-simulated/trace-derived
R2L,803.500000,0,0.000000,217189,212.098633,225.905840,0.000000,1100.000000,9,4,1.000000,ns3-simulated/trace-derived
R2L,804.500000,0,0.000000,217189,212.098633,225.905840,0.000000,1100.000000,9,4,1.000000,ns3-simulated/trace-derived
R2L,805.500000,0,0.000000,217189,212.098633,225.905840,0.000000,1100.000000,9,4,1.000000,ns3-simulated/trace-derived
R2L,806.500000,0,0.000000,217189,212.098633,225.905840,0.000000,1100.000000,9,4,1.000000,ns3-simulated/trace-derived
R2L,807.500000,0,0.000000,217189,212.098633,225.905840,0.000000,1100.000000,9,4,1.000000,ns3-simulated/trace-derived
R2L,808.500000,0,0.000000,217189,212.098633,225.905840,0.000000,1100.000000,9,4,1.000000,ns3-simulated/trace-derived
R2L,809.500000,0,0.000000,217189,212.098633,225.905840,0.000000,1100.000000,9,4,1.000000,ns3-simulated/trace-derived
R2L,810.500000,0,0.000000,217189,212.098633,225.905840,0.000000,1100.000000,9,4,1.000000,ns3-simulated/trace-derived
R2L,811.500000,0,0.000000,217189,212.098633,225.905840,0.000000,1100.000000,9,4,1.000000,ns3-simulated/trace-derived
R2L,812.500000,0,0.000000,217189,212.098633,225.905840,0.000000,1100.000000,9,4,1.000000,ns3-simulated/trace-derived
R2L,813.500000,0,0.000000,217189,212.098633,225.905840,0.000000,1100.000000,9,4,1.000000,ns3-simulated/trace-derived
R2L,814.500000,0,0.000000,217189,212.098633,225.905840,0.000000,1100.000000,9,4,1.000000,ns3-simulated/trace-derived
R2L,815.500000,0,0.000000,217189,212.098633,225.905840,0.000000,1100.000000,9,4,1.000000,ns3-simulated/trace-derived
R2L,816.500000,0,0.000000,217189,212.098633,225.905840,0.000000,1100.000000,9,4,1.000000,ns3-simulated/trace-derived
R2L,817.500000,0,0.000000,217189,212.098633,225.905840,0.000000,1100.000000,9,4,1.000000,ns3-simulated/trace-derived
R2L,818.500000,0,0.000000,217189,212.098633,225.905840,0.000000,1100.000000,9,4,1.000000,ns3-simulated/trace-derived
R2L,819.500000,0,0.000000,217189,212.098633,225.905840,0.000000,1100.000000,9,4,1.000000,ns3-simulated/trace-derived
R2L,820.500000,0,0.000000,217189,212.098633,225.905840,0.000000,1100.000000,9,4,1.000000,ns3-simulated/trace-derived
R2L,821.500000,0,0.000000,217189,212.098633,225.905840,0.000000,1100.000000,9,4,1.000000,ns3-simulated/trace-derived
R2L,822.500000,0,0.000000,217189,212.098633,225.905840,0.000000,1100.000000,9,4,1.000000,ns3-simulated/trace-derived
R2L,823.500000,0,0.000000,217189,212.098633,225.905840,0.000000,1100.000000,9,4,1.000000,ns3-simulated/trace-derived
R2L,824.500000,0,0.000000,217189,212.098633,225.905840,0.000000,1100.000000,9,4,1.000000,ns3-simulated/trace-derived
R2L,825.500000,0,0.000000,217189,212.098633,225.905840,0.000000,1100.000000,9,4,1.000000,ns3-simulated/trace-derived
R2L,826.500000,0,0.000000,217189,212.098633,225.905840,0.000000,1100.000000,9,4,1.000000,ns3-simulated/trace-derived
R2L,827.500000,0,0.000000,217189,212.098633,225.905840,0.000000,1100.000000,9,4,1.000000,ns3-simulated/trace-derived
R2L,828.500000,0,0.000000,217189,212.098633,225.905840,0.000000,1100.000000,9,4,1.000000,ns3-simulated/trace-derived
R2L,829.500000,0,0.000000,217189,212.098633,225.905840,0.000000,1100.000000,9,4,1.000000,ns3-simulated/trace-derived
R2L,830.500000,0,0.000000,217189,212.098633,225.905840,0.000000,1100.000000,9,4,1.000000,ns3-simulated/trace-derived
R2L,831.500000,0,0.000000,217189,212.098633,225.905840,0.000000,1100.000000,9,4,1.000000,ns3-simulated/trace-derived
R2L,832.500000,0,0.000000,217189,212.098633,225.905840,0.000000,1100.000000,9,4,1.000000,ns3-simulated/trace-derived
R2L,833.500000,0,0.000000,217189,212.098633,225.905840,0.000000,1100.000000,9,4,1.000000,ns3-simulated/trace-derived
R2L,834.500000,0,0.000000,217189,212.098633,225.905840,0.000000,1100.000000,9,4,1.000000,ns3-simulated/trace-derived
R2L,835.500000,0,0.000000,217189,212.098633,225.905840,0.000000,1100.000000,9,4,1.000000,ns3-simulated/trace-derived
R2L,836.500000,0,0.000000,217189,212.098633,225.905840,0.000000,1100.000000,9,4,1.000000,ns3-simulated/trace-derived
R2L,837.500000,0,0.000000,217189,212.098633,225.905840,0.000000,1100.000000,9,4,1.000000,ns3-simulated/trace-derived
R2L,838.500000,0,0.000000,217189,212.098633,225.905840,0.000000,1100.000000,9,4,1.000000,ns3-simulated/trace-derived
R2L,839.500000,0,0.000000,217189,212.098633,225.905840,0.000000,1100.000000,9,4,1.000000,ns3-simulated/trace-derived
R2L,840.500000,0,0.000000,217189,212.098633,225.905840,0.000000,1100.000000,9,4,1.000000,ns3-simulated/trace-derived
R2L,841.500000,0,0.000000,217189,212.098633,225.905840,0.000000,1100.000000,9,4,1.000000,ns3-simulated/trace-derived
R2L,842.500000,0,0.000000,217189,212.098633,225.905840,0.000000,1100.000000,9,4,1.000000,ns3-simulated/trace-derived
R2L,843.500000,0,0.000000,217189,212.098633,225.905840,0.000000,1100.000000,9,4,1.000000,ns3-simulated/trace-derived
R2L,844.500000,0,0.000000,217189,212.098633,225.905840,0.000000,1100.000000,9,4,1.000000,ns3-simulated/trace-derived
R2L,845.500000,0,0.000000,217189,212.098633,225.905840,0.000000,1100.000000,9,4,1.000000,ns3-simulated/trace-derived
R2L,846.500000,0,0.000000,217189,212.098633,225.905840,0.000000,1100.000000,9,4,1.000000,ns3-simulated/trace-derived
R2L,847.500000,0,0.000000,217189,212.098633,225.905840,0.000000,1100.000000,9,4,1.000000,ns3-simulated/trace-derived
R2L,848.500000,0,0.000000,217189,212.098633,225.905840,0.000000,1100.000000,9,4,1.000000,ns3-simulated/trace-derived
R2L,849.500000,0,0.000000,217189,212.098633,225.905840,0.000000,1100.000000,9,4,1.000000,ns3-simulated/trace-derived
R2L,850.500000,0,0.000000,217189,212.098633,225.905840,0.000000,1100.000000,9,4,1.000000,ns3-simulated/trace-derived
R2L,851.500000,0,0.000000,217189,212.098633,225.905840,0.000000,1100.000000,9,4,1.000000,ns3-simulated/trace-derived
R2L,852.500000,0,0.000000,217189,212.098633,225.905840,0.000000,1100.000000,9,4,1.000000,ns3-simulated/trace-derived
R2L,853.500000,0,0.000000,217189,212.098633,225.905840,0.000000,1100.000000,9,4,1.000000,ns3-simulated/trace-derived
R2L,854.500000,0,0.000000,217189,212.098633,225.905840,0.000000,1100.000000,9,4,1.000000,ns3-simulated/trace-derived
R2L,855.500000,0,0.000000,217189,212.098633,225.905840,0.000000,1100.000000,9,4,1.000000,ns3-simulated/trace-derived
R2L,856.500000,0,0.000000,217189,212.098633,225.905840,0.000000,1100.000000,9,4,1.000000,ns3-simulated/trace-derived
R2L,857.500000,0,0.000000,217189,212.098633,225.905840,0.000000,1100.000000,9,4,1.000000,ns3-simulated/trace-derived
R2L,858.500000,0,0.000000,217189,212.098633,225.905840,0.000000,1100.000000,9,4,1.000000,ns3-simulated/trace-derived
R2L,859.500000,0,0.000000,217189,212.098633,225.905840,0.000000,1100.000000,9,4,1.000000,ns3-simulated/trace-derived
R2L,860.500000,0,0.000000,217189,212.098633,225.905840,0.000000,1100.000000,9,4,1.000000,ns3-simulated/trace-derived
R2L,861.500000,0,0.000000,217189,212.098633,225.905840,0.000000,1100.000000,9,4,1.000000,ns3-simulated/trace-derived
R2L,862.500000,0,0.000000,217189,212.098633,225.905840,0.000000,1100.000000,9,4,1.000000,ns3-simulated/trace-derived
R2L,863.500000,0,0.000000,217189,212.098633,225.905840,0.000000,1100.000000,9,4,1.000000,ns3-simulated/trace-derived
R2L,864.500000,0,0.000000,217189,212.098633,225.905840,0.000000,1100.000000,9,4,1.000000,ns3-simulated/trace-derived
R2L,865.500000,0,0.000000,217189,212.098633,225.905840,0.000000,1100.000000,9,4,1.000000,ns3-simulated/trace-derived
R2L,866.500000,0,0.000000,217189,212.098633,225.905840,0.000000,1100.000000,9,4,1.000000,ns3-simulated/trace-derived
R2L,867.500000,0,0.000000,217189,212.098633,225.905840,0.000000,1100.000000,9,4,1.000000,ns3-simulated/trace-derived
R2L,868.500000,0,0.000000,217189,212.098633,225.905840,0.000000,1100.000000,9,4,1.000000,ns3-simulated/trace-derived
R2L,869.500000,0,0.000000,217189,212.098633,225.905840,0.000000,1100.000000,9,4,1.000000,ns3-simulated/trace-derived
R2L,870.500000,0,0.000000,217189,212.098633,225.905840,0.000000,1100.000000,9,4,1.000000,ns3-simulated/trace-derived
R2L,871.500000,0,0.000000,217189,212.098633,225.905840,0.000000,1100.000000,9,4,1.000000,ns3-simulated/trace-derived
R2L,872.500000,0,0.000000,217189,212.098633,225.905840,0.000000,1100.000000,9,4,1.000000,ns3-simulated/trace-derived
R2L,873.500000,0,0.000000,217189,212.098633,225.905840,0.000000,1100.000000,9,4,1.000000,ns3-simulated/trace-derived
R2L,874.500000,0,0.000000,217189,212.098633,225.905840,0.000000,1100.000000,9,4,1.000000,ns3-simulated/trace-derived
R2L,875.500000,0,0.000000,217189,212.098633,225.905840,0.000000,1100.000000,9,4,1.000000,ns3-simulated/trace-derived
R2L,876.500000,0,0.000000,217189,212.098633,225.905840,0.000000,1100.000000,9,4,1.000000,ns3-simulated/trace-derived
R2L,877.500000,0,0.000000,217189,212.098633,225.905840,0.000000,1100.000000,9,4,1.000000,ns3-simulated/trace-derived
R2L,878.500000,0,0.000000,217189,212.098633,225.905840,0.000000,1100.000000,9,4,1.000000,ns3-simulated/trace-derived
R2L,879.500000,0,0.000000,217189,212.098633,225.905840,0.000000,1100.000000,9,4,1.000000,ns3-simulated/trace-derived
R2L,880.500000,0,0.000000,217189,212.098633,225.905840,0.000000,1100.000000,9,4,1.000000,ns3-simulated/trace-derived
R2L,881.500000,0,0.000000,217189,212.098633,225.905840,0.000000,1100.000000,9,4,1.000000,ns3-simulated/trace-derived
R2L,882.500000,0,0.000000,217189,212.098633,225.905840,0.000000,1100.000000,9,4,1.000000,ns3-simulated/trace-derived
R2L,883.500000,0,0.000000,217189,212.098633,225.905840,0.000000,1100.000000,9,4,1.000000,ns3-simulated/trace-derived
R2L,884.500000,0,0.000000,217189,212.098633,225.905840,0.000000,1100.000000,9,4,1.000000,ns3-simulated/trace-derived
R2L,885.500000,0,0.000000,217189,212.098633,225.905840,0.000000,1100.000000,9,4,1.000000,ns3-simulated/trace-derived
R2L,886.500000,0,0.000000,217189,212.098633,225.905840,0.000000,1100.000000,9,4,1.000000,ns3-simulated/trace-derived
R2L,887.500000,0,0.000000,217189,212.098633,225.905840,0.000000,1100.000000,9,4,1.000000,ns3-simulated/trace-derived
R2L,888.500000,0,0.000000,217189,212.098633,225.905840,0.000000,1100.000000,9,4,1.000000,ns3-simulated/trace-derived
R2L,889.500000,0,0.000000,217189,212.098633,225.905840,0.000000,1100.000000,9,4,1.000000,ns3-simulated/trace-derived
R2L,890.500000,0,0.000000,217189,212.098633,225.905840,0.000000,1100.000000,9,4,1.000000,ns3-simulated/trace-derived
R2L,891.500000,0,0.000000,217189,212.098633,225.905840,0.000000,1100.000000,9,4,1.000000,ns3-simulated/trace-derived
R2L,892.500000,0,0.000000,217189,212.098633,225.905840,0.000000,1100.000000,9,4,1.000000,ns3-simulated/trace-derived
R2L,893.500000,0,0.000000,217189,212.098633,225.905840,0.000000,1100.000000,9,4,1.000000,ns3-simulated/trace-derived
R2L,894.500000,0,0.000000,217189,212.098633,225.905840,0.000000,1100.000000,9,4,1.000000,ns3-simulated/trace-derived
R2L,895.500000,0,0.000000,217189,212.098633,225.905840,0.000000,1100.000000,9,4,1.000000,ns3-simulated/trace-derived
R2L,896.500000,0,0.000000,217189,212.098633,225.905840,0.000000,1100.000000,9,4,1.000000,ns3-simulated/trace-derived
R2L,897.500000,0,0.000000,217189,212.098633,225.905840,0.000000,1100.000000,9,4,1.000000,ns3-simulated/trace-derived
R2L,898.500000,0,0.000000,217189,212.098633,225.905840,0.000000,1100.000000,9,4,1.000000,ns3-simulated/trace-derived
R2L,899.500000,0,0.000000,217189,212.098633,225.905840,0.000000,1100.000000,9,4,1.000000,ns3-simulated/trace-derived
R2L,900.500000,0,0.000000,217189,212.098633,225.905840,0.000000,1100.000000,9,4,1.000000,ns3-simulated/trace-derived
R2L,901.500000,0,0.000000,217189,212.098633,225.905840,0.000000,1100.000000,9,4,1.000000,ns3-simulated/trace-derived
R2L,902.500000,0,0.000000,217189,212.098633,225.905840,0.000000,1100.000000,9,4,1.000000,ns3-simulated/trace-derived
R2L,903.500000,0,0.000000,217189,212.098633,225.905840,0.000000,1100.000000,9,4,1.000000,ns3-simulated/trace-derived
R2L,904.500000,0,0.000000,217189,212.098633,225.905840,0.000000,1100.000000,9,4,1.000000,ns3-simulated/trace-derived
R2L,905.500000,0,0.000000,217189,212.098633,225.905840,0.000000,1100.000000,9,4,1.000000,ns3-simulated/trace-derived
R2L,906.500000,0,0.000000,217189,212.098633,225.905840,0.000000,1100.000000,9,4,1.000000,ns3-simulated/trace-derived
R2L,907.500000,0,0.000000,217189,212.098633,225.905840,0.000000,1100.000000,9,4,1.000000,ns3-simulated/trace-derived
R2L,908.500000,0,0.000000,217189,212.098633,225.905840,0.000000,1100.000000,9,4,1.000000,ns3-simulated/trace-derived
R2L,909.500000,0,0.000000,217189,212.098633,225.905840,0.000000,1100.000000,9,4,1.000000,ns3-simulated/trace-derived
R2L,910.500000,0,0.000000,217189,212.098633,225.905840,0.000000,1100.000000,9,4,1.000000,ns3-simulated/trace-derived
R2L,911.500000,0,0.000000,217189,212.098633,225.905840,0.000000,1100.000000,9,4,1.000000,ns3-simulated/trace-derived
R2L,912.500000,0,0.000000,217189,212.098633,225.905840,0.000000,1100.000000,9,4,1.000000,ns3-simulated/trace-derived
R2L,913.500000,0,0.000000,217189,212.098633,225.905840,0.000000,1100.000000,9,4,1.000000,ns3-simulated/trace-derived
R2L,914.500000,0,0.000000,217189,212.098633,225.905840,0.000000,1100.000000,9,4,1.000000,ns3-simulated/trace-derived
R2L,915.500000,0,0.000000,217189,212.098633,225.905840,0.000000,1100.000000,9,4,1.000000,ns3-simulated/trace-derived
R2L,916.500000,0,0.000000,217189,212.098633,225.905840,0.000000,1100.000000,9,4,1.000000,ns3-simulated/trace-derived
R2L,917.500000,0,0.000000,217189,212.098633,225.905840,0.000000,1100.000000,9,4,1.000000,ns3-simulated/trace-derived
R2L,918.500000,0,0.000000,217189,212.098633,225.905840,0.000000,1100.000000,9,4,1.000000,ns3-simulated/trace-derived
R2L,919.500000,0,0.000000,217189,212.098633,225.905840,0.000000,1100.000000,9,4,1.000000,ns3-simulated/trace-derived
R2L,920.500000,0,0.000000,217189,212.098633,225.905840,0.000000,1100.000000,9,4,1.000000,ns3-simulated/trace-derived
R2L,921.500000,0,0.000000,217189,212.098633,225.905840,0.000000,1100.000000,9,4,1.000000,ns3-simulated/trace-derived
R2L,922.500000,0,0.000000,217189,212.098633,225.905840,0.000000,1100.000000,9,4,1.000000,ns3-simulated/trace-derived
R2L,923.500000,0,0.000000,217189,212.098633,225.905840,0.000000,1100.000000,9,4,1.000000,ns3-simulated/trace-derived
R2L,924.500000,0,0.000000,217189,212.098633,225.905840,0.000000,1100.000000,9,4,1.000000,ns3-simulated/trace-derived
R2L,925.500000,0,0.000000,217189,212.098633,225.905840,0.000000,1100.000000,9,4,1.000000,ns3-simulated/trace-derived
R2L,926.500000,0,0.000000,217189,212.098633,225.905840,0.000000,1100.000000,9,4,1.000000,ns3-simulated/trace-derived
R2L,927.500000,0,0.000000,217189,212.098633,225.905840,0.000000,1100.000000,9,4,1.000000,ns3-simulated/trace-derived
R2L,928.500000,0,0.000000,217189,212.098633,225.905840,0.000000,1100.000000,9,4,1.000000,ns3-simulated/trace-derived
R2L,929.500000,0,0.000000,217189,212.098633,225.905840,0.000000,1100.000000,9,4,1.000000,ns3-simulated/trace-derived
R2L,930.500000,0,0.000000,217189,212.098633,225.905840,0.000000,1100.000000,9,4,1.000000,ns3-simulated/trace-derived
R2L,931.500000,0,0.000000,217189,212.098633,225.905840,0.000000,1100.000000,9,4,1.000000,ns3-simulated/trace-derived
R2L,932.500000,0,0.000000,217189,212.098633,225.905840,0.000000,1100.000000,9,4,1.000000,ns3-simulated/trace-derived
R2L,933.500000,0,0.000000,217189,212.098633,225.905840,0.000000,1100.000000,9,4,1.000000,ns3-simulated/trace-derived
R2L,934.500000,0,0.000000,217189,212.098633,225.905840,0.000000,1100.000000,9,4,1.000000,ns3-simulated/trace-derived
R2L,935.500000,0,0.000000,217189,212.098633,225.905840,0.000000,1100.000000,9,4,1.000000,ns3-simulated/trace-derived
R2L,936.500000,0,0.000000,217189,212.098633,225.905840,0.000000,1100.000000,9,4,1.000000,ns3-simulated/trace-derived
R2L,937.500000,0,0.000000,217189,212.098633,225.905840,0.000000,1100.000000,9,4,1.000000,ns3-simulated/trace-derived
R2L,938.500000,0,0.000000,217189,212.098633,225.905840,0.000000,1100.000000,9,4,1.000000,ns3-simulated/trace-derived
R2L,939.500000,0,0.000000,217189,212.098633,225.905840,0.000000,1100.000000,9,4,1.000000,ns3-simulated/trace-derived
R2L,940.500000,0,0.000000,217189,212.098633,225.905840,0.000000,1100.000000,9,4,1.000000,ns3-simulated/trace-derived
R2L,941.500000,0,0.000000,217189,212.098633,225.905840,0.000000,1100.000000,9,4,1.000000,ns3-simulated/trace-derived
R2L,942.500000,0,0.000000,217189,212.098633,225.905840,0.000000,1100.000000,9,4,1.000000,ns3-simulated/trace-derived
R2L,943.500000,0,0.000000,217189,212.098633,225.905840,0.000000,1100.000000,9,4,1.000000,ns3-simulated/trace-derived
R2L,944.500000,0,0.000000,217189,212.098633,225.905840,0.000000,1100.000000,9,4,1.000000,ns3-simulated/trace-derived
R2L,945.500000,0,0.000000,217189,212.098633,225.905840,0.000000,1100.000000,9,4,1.000000,ns3-simulated/trace-derived
R2L,946.500000,0,0.000000,217189,212.098633,225.905840,0.000000,1100.000000,9,4,1.000000,ns3-simulated/trace-derived
R2L,947.500000,0,0.000000,217189,212.098633,225.905840,0.000000,1100.000000,9,4,1.000000,ns3-simulated/trace-derived
R2L,948.500000,0,0.000000,217189,212.098633,225.905840,0.000000,1100.000000,9,4,1.000000,ns3-simulated/trace-derived
R2L,949.500000,0,0.000000,217189,212.098633,225.905840,0.000000,1100.000000,9,4,1.000000,ns3-simulated/trace-derived
R2L,950.500000,0,0.000000,217189,212.098633,225.905840,0.000000,1100.000000,9,4,1.000000,ns3-simulated/trace-derived
R2L,951.500000,0,0.000000,217189,212.098633,225.905840,0.000000,1100.000000,9,4,1.000000,ns3-simulated/trace-derived
R2L,952.500000,0,0.000000,217189,212.098633,225.905840,0.000000,1100.000000,9,4,1.000000,ns3-simulated/trace-derived
R2L,953.500000,0,0.000000,217189,212.098633,225.905840,0.000000,1100.000000,9,4,1.000000,ns3-simulated/trace-derived
R2L,954.500000,0,0.000000,217189,212.098633,225.905840,0.000000,1100.000000,9,4,1.000000,ns3-simulated/trace-derived
R2L,955.500000,0,0.000000,217189,212.098633,225.905840,0.000000,1100.000000,9,4,1.000000,ns3-simulated/trace-derived
R2L,956.500000,0,0.000000,217189,212.098633,225.905840,0.000000,1100.000000,9,4,1.000000,ns3-simulated/trace-derived
R2L,957.500000,0,0.000000,217189,212.098633,225.905840,0.000000,1100.000000,9,4,1.000000,ns3-simulated/trace-derived
R2L,958.500000,0,0.000000,217189,212.098633,225.905840,0.000000,1100.000000,9,4,1.000000,ns3-simulated/trace-derived
R2L,959.500000,0,0.000000,217189,212.098633,225.905840,0.000000,1100.000000,9,4,1.000000,ns3-simulated/trace-derived
R2L,960.500000,0,0.000000,217189,212.098633,225.905840,0.000000,1100.000000,9,4,1.000000,ns3-simulated/trace-derived
R2L,961.500000,0,0.000000,217189,212.098633,225.905840,0.000000,1100.000000,9,4,1.000000,ns3-simulated/trace-derived
R2L,962.500000,0,0.000000,217189,212.098633,225.905840,0.000000,1100.000000,9,4,1.000000,ns3-simulated/trace-derived
R2L,963.500000,0,0.000000,217189,212.098633,225.905840,0.000000,1100.000000,9,4,1.000000,ns3-simulated/trace-derived
R2L,964.500000,0,0.000000,217189,212.098633,225.905840,0.000000,1100.000000,9,4,1.000000,ns3-simulated/trace-derived
R2L,965.500000,0,0.000000,217189,212.098633,225.905840,0.000000,1100.000000,9,4,1.000000,ns3-simulated/trace-derived
R2L,966.500000,0,0.000000,217189,212.098633,225.905840,0.000000,1100.000000,9,4,1.000000,ns3-simulated/trace-derived
R2L,967.500000,0,0.000000,217189,212.098633,225.905840,0.000000,1100.000000,9,4,1.000000,ns3-simulated/trace-derived
R2L,968.500000,0,0.000000,217189,212.098633,225.905840,0.000000,1100.000000,9,4,1.000000,ns3-simulated/trace-derived
R2L,969.500000,0,0.000000,217189,212.098633,225.905840,0.000000,1100.000000,9,4,1.000000,ns3-simulated/trace-derived
R2L,970.500000,0,0.000000,217189,212.098633,225.905840,0.000000,1100.000000,9,4,1.000000,ns3-simulated/trace-derived
R2L,971.500000,0,0.000000,217189,212.098633,225.905840,0.000000,1100.000000,9,4,1.000000,ns3-simulated/trace-derived
R2L,972.500000,0,0.000000,217189,212.098633,225.905840,0.000000,1100.000000,9,4,1.000000,ns3-simulated/trace-derived
R2L,973.500000,0,0.000000,217189,212.098633,225.905840,0.000000,1100.000000,9,4,1.000000,ns3-simulated/trace-derived
R2L,974.500000,0,0.000000,217189,212.098633,225.905840,0.000000,1100.000000,9,4,1.000000,ns3-simulated/trace-derived
R2L,975.500000,0,0.000000,217189,212.098633,225.905840,0.000000,1100.000000,9,4,1.000000,ns3-simulated/trace-derived
R2L,976.500000,0,0.000000,217189,212.098633,225.905840,0.000000,1100.000000,9,4,1.000000,ns3-simulated/trace-derived
R2L,977.500000,0,0.000000,217189,212.098633,225.905840,0.000000,1100.000000,9,4,1.000000,ns3-simulated/trace-derived
R2L,978.500000,0,0.000000,217189,212.098633,225.905840,0.000000,1100.000000,9,4,1.000000,ns3-simulated/trace-derived
R2L,979.500000,0,0.000000,217189,212.098633,225.905840,0.000000,1100.000000,9,4,1.000000,ns3-simulated/trace-derived
R2L,980.500000,0,0.000000,217189,212.098633,225.905840,0.000000,1100.000000,9,4,1.000000,ns3-simulated/trace-derived
R2L,981.500000,0,0.000000,217189,212.098633,225.905840,0.000000,1100.000000,9,4,1.000000,ns3-simulated/trace-derived
R2L,982.500000,0,0.000000,217189,212.098633,225.905840,0.000000,1100.000000,9,4,1.000000,ns3-simulated/trace-derived
R2L,983.500000,0,0.000000,217189,212.098633,225.905840,0.000000,1100.000000,9,4,1.000000,ns3-simulated/trace-derived
R2L,984.500000,0,0.000000,217189,212.098633,225.905840,0.000000,1100.000000,9,4,1.000000,ns3-simulated/trace-derived
R2L,985.500000,0,0.000000,217189,212.098633,225.905840,0.000000,1100.000000,9,4,1.000000,ns3-simulated/trace-derived
R2L,986.500000,0,0.000000,217189,212.098633,225.905840,0.000000,1100.000000,9,4,1.000000,ns3-simulated/trace-derived
R2L,987.500000,0,0.000000,217189,212.098633,225.905840,0.000000,1100.000000,9,4,1.000000,ns3-simulated/trace-derived
R2L,988.500000,0,0.000000,217189,212.098633,225.905840,0.000000,1100.000000,9,4,1.000000,ns3-simulated/trace-derived
R2L,989.500000,0,0.000000,217189,212.098633,225.905840,0.000000,1100.000000,9,4,1.000000,ns3-simulated/trace-derived
R2L,990.500000,0,0.000000,217189,212.098633,225.905840,0.000000,1100.000000,9,4,1.000000,ns3-simulated/trace-derived
R2L,991.500000,0,0.000000,217189,212.098633,225.905840,0.000000,1100.000000,9,4,1.000000,ns3-simulated/trace-derived
R2L,992.500000,0,0.000000,217189,212.098633,225.905840,0.000000,1100.000000,9,4,1.000000,ns3-simulated/trace-derived
R2L,993.500000,0,0.000000,217189,212.098633,225.905840,0.000000,1100.000000,9,4,1.000000,ns3-simulated/trace-derived
R2L,994.500000,0,0.000000,217189,212.098633,225.905840,0.000000,1100.000000,9,4,1.000000,ns3-simulated/trace-derived
R2L,995.500000,0,0.000000,217189,212.098633,225.905840,0.000000,1100.000000,9,4,1.000000,ns3-simulated/trace-derived
R2L,996.500000,0,0.000000,217189,212.098633,225.905840,0.000000,1100.000000,9,4,1.000000,ns3-simulated/trace-derived
R2L,997.500000,0,0.000000,217189,212.098633,225.905840,0.000000,1100.000000,9,4,1.000000,ns3-simulated/trace-derived
R2L,998.500000,0,0.000000,217189,212.098633,225.905840,0.000000,1100.000000,9,4,1.000000,ns3-simulated/trace-derived
R2L,999.500000,0,0.000000,217189,212.098633,225.905840,0.000000,1100.000000,9,4,1.000000,ns3-simulated/trace-derived
R2L,1000.500000,0,0.000000,217189,212.098633,225.905840,0.000000,1100.000000,9,4,1.000000,ns3-simulated/trace-derived
R2L,1001.500000,0,0.000000,217189,212.098633,225.905840,0.000000,1100.000000,9,4,1.000000,ns3-simulated/trace-derived
R2L,1002.500000,0,0.000000,217189,212.098633,225.905840,0.000000,1100.000000,9,4,1.000000,ns3-simulated/trace-derived
R2L,1003.500000,0,0.000000,217189,212.098633,225.905840,0.000000,1100.000000,9,4,1.000000,ns3-simulated/trace-derived
R2L,1004.500000,0,0.000000,217189,212.098633,225.905840,0.000000,1100.000000,9,4,1.000000,ns3-simulated/trace-derived
R2L,1005.500000,0,0.000000,217189,212.098633,225.905840,0.000000,1100.000000,9,4,1.000000,ns3-simulated/trace-derived
R2L,1006.500000,0,0.000000,217189,212.098633,225.905840,0.000000,1100.000000,9,4,1.000000,ns3-simulated/trace-derived
R2L,1007.500000,0,0.000000,217189,212.098633,225.905840,0.000000,1100.000000,9,4,1.000000,ns3-simulated/trace-derived
R2L,1008.500000,0,0.000000,217189,212.098633,225.905840,0.000000,1100.000000,9,4,1.000000,ns3-simulated/trace-derived
R2L,1009.500000,0,0.000000,217189,212.098633,225.905840,0.000000,1100.000000,9,4,1.000000,ns3-simulated/trace-derived
R2L,1010.500000,0,0.000000,217189,212.098633,225.905840,0.000000,1100.000000,9,4,1.000000,ns3-simulated/trace-derived
R2L,1011.500000,0,0.000000,217189,212.098633,225.905840,0.000000,1100.000000,9,4,1.000000,ns3-simulated/trace-derived
R2L,1012.500000,0,0.000000,217189,212.098633,225.905840,0.000000,1100.000000,9,4,1.000000,ns3-simulated/trace-derived
R2L,1013.500000,0,0.000000,217189,212.098633,225.905840,0.000000,1100.000000,9,4,1.000000,ns3-simulated/trace-derived
R2L,1014.500000,0,0.000000,217189,212.098633,225.905840,0.000000,1100.000000,9,4,1.000000,ns3-simulated/trace-derived
R2L,1015.500000,0,0.000000,217189,212.098633,225.905840,0.000000,1100.000000,9,4,1.000000,ns3-simulated/trace-derived
R2L,1016.500000,0,0.000000,217189,212.098633,225.905840,0.000000,1100.000000,9,4,1.000000,ns3-simulated/trace-derived
R2L,1017.500000,0,0.000000,217189,212.098633,225.905840,0.000000,1100.000000,9,4,1.000000,ns3-simulated/trace-derived
R2L,1018.500000,0,0.000000,217189,212.098633,225.905840,0.000000,1100.000000,9,4,1.000000,ns3-simulated/trace-derived
R2L,1019.500000,0,0.000000,217189,212.098633,225.905840,0.000000,1100.000000,9,4,1.000000,ns3-simulated/trace-derived
R2L,1020.500000,0,0.000000,217189,212.098633,225.905840,0.000000,1100.000000,9,4,1.000000,ns3-simulated/trace-derived
R2L,1021.500000,0,0.000000,217189,212.098633,225.905840,0.000000,1100.000000,9,4,1.000000,ns3-simulated/trace-derived
R2L,1022.500000,0,0.000000,217189,212.098633,225.905840,0.000000,1100.000000,9,4,1.000000,ns3-simulated/trace-derived
R2L,1023.500000,0,0.000000,217189,212.098633,225.905840,0.000000,1100.000000,9,4,1.000000,ns3-simulated/trace-derived
R2L,1024.500000,0,0.000000,217189,212.098633,225.905840,0.000000,1100.000000,9,4,1.000000,ns3-simulated/trace-derived
R2L,1025.500000,0,0.000000,217189,212.098633,225.905840,0.000000,1100.000000,9,4,1.000000,ns3-simulated/trace-derived
R2L,1026.500000,0,0.000000,217189,212.098633,225.905840,0.000000,1100.000000,9,4,1.000000,ns3-simulated/trace-derived
R2L,1027.500000,0,0.000000,217189,212.098633,225.905840,0.000000,1100.000000,9,4,1.000000,ns3-simulated/trace-derived
R2L,1028.500000,0,0.000000,217189,212.098633,225.905840,0.000000,1100.000000,9,4,1.000000,ns3-simulated/trace-derived
R2L,1029.500000,0,0.000000,217189,212.098633,225.905840,0.000000,1100.000000,9,4,1.000000,ns3-simulated/trace-derived
R2L,1030.500000,0,0.000000,217189,212.098633,225.905840,0.000000,1100.000000,9,4,1.000000,ns3-simulated/trace-derived
R2L,1031.500000,0,0.000000,217189,212.098633,225.905840,0.000000,1100.000000,9,4,1.000000,ns3-simulated/trace-derived
R2L,1032.500000,0,0.000000,217189,212.098633,225.905840,0.000000,1100.000000,9,4,1.000000,ns3-simulated/trace-derived
R2L,1033.500000,0,0.000000,217189,212.098633,225.905840,0.000000,1100.000000,9,4,1.000000,ns3-simulated/trace-derived
R2L,1034.500000,0,0.000000,217189,212.098633,225.905840,0.000000,1100.000000,9,4,1.000000,ns3-simulated/trace-derived
R2L,1035.500000,0,0.000000,217189,212.098633,225.905840,0.000000,1100.000000,9,4,1.000000,ns3-simulated/trace-derived
R2L,1036.500000,0,0.000000,217189,212.098633,225.905840,0.000000,1100.000000,9,4,1.000000,ns3-simulated/trace-derived
R2L,1037.500000,0,0.000000,217189,212.098633,225.905840,0.000000,1100.000000,9,4,1.000000,ns3-simulated/trace-derived
R2L,1038.500000,0,0.000000,217189,212.098633,225.905840,0.000000,1100.000000,9,4,1.000000,ns3-simulated/trace-derived
R2L,1039.500000,0,0.000000,217189,212.098633,225.905840,0.000000,1100.000000,9,4,1.000000,ns3-simulated/trace-derived
R2L,1040.500000,0,0.000000,217189,212.098633,225.905840,0.000000,1100.000000,9,4,1.000000,ns3-simulated/trace-derived
R2L,1041.500000,0,0.000000,217189,212.098633,225.905840,0.000000,1100.000000,9,4,1.000000,ns3-simulated/trace-derived
R2L,1042.500000,0,0.000000,217189,212.098633,225.905840,0.000000,1100.000000,9,4,1.000000,ns3-simulated/trace-derived
R2L,1043.500000,0,0.000000,217189,212.098633,225.905840,0.000000,1100.000000,9,4,1.000000,ns3-simulated/trace-derived
R2L,1044.500000,0,0.000000,217189,212.098633,225.905840,0.000000,1100.000000,9,4,1.000000,ns3-simulated/trace-derived
R2L,1045.500000,0,0.000000,217189,212.098633,225.905840,0.000000,1100.000000,9,4,1.000000,ns3-simulated/trace-derived
R2L,1046.500000,0,0.000000,217189,212.098633,225.905840,0.000000,1100.000000,9,4,1.000000,ns3-simulated/trace-derived
R2L,1047.500000,0,0.000000,217189,212.098633,225.905840,0.000000,1100.000000,9,4,1.000000,ns3-simulated/trace-derived
R2L,1048.500000,0,0.000000,217189,212.098633,225.905840,0.000000,1100.000000,9,4,1.000000,ns3-simulated/trace-derived
R2L,1049.500000,0,0.000000,217189,212.098633,225.905840,0.000000,1100.000000,9,4,1.000000,ns3-simulated/trace-derived
R2L,1050.500000,0,0.000000,217189,212.098633,225.905840,0.000000,1100.000000,9,4,1.000000,ns3-simulated/trace-derived
R2L,1051.500000,0,0.000000,217189,212.098633,225.905840,0.000000,1100.000000,9,4,1.000000,ns3-simulated/trace-derived
R2L,1052.500000,0,0.000000,217189,212.098633,225.905840,0.000000,1100.000000,9,4,1.000000,ns3-simulated/trace-derived
R2L,1053.500000,0,0.000000,217189,212.098633,225.905840,0.000000,1100.000000,9,4,1.000000,ns3-simulated/trace-derived
R2L,1054.500000,0,0.000000,217189,212.098633,225.905840,0.000000,1100.000000,9,4,1.000000,ns3-simulated/trace-derived
R2L,1055.500000,0,0.000000,217189,212.098633,225.905840,0.000000,1100.000000,9,4,1.000000,ns3-simulated/trace-derived
R2L,1056.500000,0,0.000000,217189,212.098633,225.905840,0.000000,1100.000000,9,4,1.000000,ns3-simulated/trace-derived
R2L,1057.500000,0,0.000000,217189,212.098633,225.905840,0.000000,1100.000000,9,4,1.000000,ns3-simulated/trace-derived
R2L,1058.500000,0,0.000000,217189,212.098633,225.905840,0.000000,1100.000000,9,4,1.000000,ns3-simulated/trace-derived
R2L,1059.500000,0,0.000000,217189,212.098633,225.905840,0.000000,1100.000000,9,4,1.000000,ns3-simulated/trace-derived
R2L,1060.500000,0,0.000000,217189,212.098633,225.905840,0.000000,1100.000000,9,4,1.000000,ns3-simulated/trace-derived
R2L,1061.500000,0,0.000000,217189,212.098633,225.905840,0.000000,1100.000000,9,4,1.000000,ns3-simulated/trace-derived
R2L,1062.500000,0,0.000000,217189,212.098633,225.905840,0.000000,1100.000000,9,4,1.000000,ns3-simulated/trace-derived
R2L,1063.500000,0,0.000000,217189,212.098633,225.905840,0.000000,1100.000000,9,4,1.000000,ns3-simulated/trace-derived
R2L,1064.500000,0,0.000000,217189,212.098633,225.905840,0.000000,1100.000000,9,4,1.000000,ns3-simulated/trace-derived
R2L,1065.500000,0,0.000000,217189,212.098633,225.905840,0.000000,1100.000000,9,4,1.000000,ns3-simulated/trace-derived
R2L,1066.500000,0,0.000000,217189,212.098633,225.905840,0.000000,1100.000000,9,4,1.000000,ns3-simulated/trace-derived
R2L,1067.500000,0,0.000000,217189,212.098633,225.905840,0.000000,1100.000000,9,4,1.000000,ns3-simulated/trace-derived
R2L,1068.500000,0,0.000000,217189,212.098633,225.905840,0.000000,1100.000000,9,4,1.000000,ns3-simulated/trace-derived
R2L,1069.500000,0,0.000000,217189,212.098633,225.905840,0.000000,1100.000000,9,4,1.000000,ns3-simulated/trace-derived
R2L,1070.500000,0,0.000000,217189,212.098633,225.905840,0.000000,1100.000000,9,4,1.000000,ns3-simulated/trace-derived
R2L,1071.500000,0,0.000000,217189,212.098633,225.905840,0.000000,1100.000000,9,4,1.000000,ns3-simulated/trace-derived
R2L,1072.500000,0,0.000000,217189,212.098633,225.905840,0.000000,1100.000000,9,4,1.000000,ns3-simulated/trace-derived
R2L,1073.500000,0,0.000000,217189,212.098633,225.905840,0.000000,1100.000000,9,4,1.000000,ns3-simulated/trace-derived
R2L,1074.500000,0,0.000000,217189,212.098633,225.905840,0.000000,1100.000000,9,4,1.000000,ns3-simulated/trace-derived
R2L,1075.500000,0,0.000000,217189,212.098633,225.905840,0.000000,1100.000000,9,4,1.000000,ns3-simulated/trace-derived
R2L,1076.500000,0,0.000000,217189,212.098633,225.905840,0.000000,1100.000000,9,4,1.000000,ns3-simulated/trace-derived
R2L,1077.500000,0,0.000000,217189,212.098633,225.905840,0.000000,1100.000000,9,4,1.000000,ns3-simulated/trace-derived
R2L,1078.500000,0,0.000000,217189,212.098633,225.905840,0.000000,1100.000000,9,4,1.000000,ns3-simulated/trace-derived
R2L,1079.500000,0,0.000000,217189,212.098633,225.905840,0.000000,1100.000000,9,4,1.000000,ns3-simulated/trace-derived
R2L,1080.500000,0,0.000000,217189,212.098633,225.905840,0.000000,1100.000000,9,4,1.000000,ns3-simulated/trace-derived
R2L,1081.500000,0,0.000000,217189,212.098633,225.905840,0.000000,1100.000000,9,4,1.000000,ns3-simulated/trace-derived
R2L,1082.500000,0,0.000000,217189,212.098633,225.905840,0.000000,1100.000000,9,4,1.000000,ns3-simulated/trace-derived
R2L,1083.500000,0,0.000000,217189,212.098633,225.905840,0.000000,1100.000000,9,4,1.000000,ns3-simulated/trace-derived
R2L,1084.500000,0,0.000000,217189,212.098633,225.905840,0.000000,1100.000000,9,4,1.000000,ns3-simulated/trace-derived
R2L,1085.500000,0,0.000000,217189,212.098633,225.905840,0.000000,1100.000000,9,4,1.000000,ns3-simulated/trace-derived
R2L,1086.500000,0,0.000000,217189,212.098633,225.905840,0.000000,1100.000000,9,4,1.000000,ns3-simulated/trace-derived
R2L,1087.500000,0,0.000000,217189,212.098633,225.905840,0.000000,1100.000000,9,4,1.000000,ns3-simulated/trace-derived
R2L,1088.500000,0,0.000000,217189,212.098633,225.905840,0.000000,1100.000000,9,4,1.000000,ns3-simulated/trace-derived
R2L,1089.500000,0,0.000000,217189,212.098633,225.905840,0.000000,1100.000000,9,4,1.000000,ns3-simulated/trace-derived
R2L,1090.500000,0,0.000000,217189,212.098633,225.905840,0.000000,1100.000000,9,4,1.000000,ns3-simulated/trace-derived
R2L,1091.500000,0,0.000000,217189,212.098633,225.905840,0.000000,1100.000000,9,4,1.000000,ns3-simulated/trace-derived
R2L,1092.500000,0,0.000000,217189,212.098633,225.905840,0.000000,1100.000000,9,4,1.000000,ns3-simulated/trace-derived
R2L,1093.500000,0,0.000000,217189,212.098633,225.905840,0.000000,1100.000000,9,4,1.000000,ns3-simulated/trace-derived
R2L,1094.500000,0,0.000000,217189,212.098633,225.905840,0.000000,1100.000000,9,4,1.000000,ns3-simulated/trace-derived
R2L,1095.500000,0,0.000000,217189,212.098633,225.905840,0.000000,1100.000000,9,4,1.000000,ns3-simulated/trace-derived
R2L,1096.500000,0,0.000000,217189,212.098633,225.905840,0.000000,1100.000000,9,4,1.000000,ns3-simulated/trace-derived
R2L,1097.500000,0,0.000000,217189,212.098633,225.905840,0.000000,1100.000000,9,4,1.000000,ns3-simulated/trace-derived
R2L,1098.500000,0,0.000000,217189,212.098633,225.905840,0.000000,1100.000000,9,4,1.000000,ns3-simulated/trace-derived
R2L,1099.500000,0,0.000000,217189,212.098633,225.905840,0.000000,1100.000000,9,4,1.000000,ns3-simulated/trace-derived
