flow_kind,direction,bin_start_us,bin_end_us,bin_center_us,wire_bytes_in_bin,bandwidth_gbps,utilization_pct,link_capacity_gbps,bin_width_us,evidence
target,L2R,0.000000,5.000000,2.500000,0.000000,0.000000,0.000000,100.000000,5.000000,ns3-simulated/trace-derived
target,L2R,5.000000,10.000000,7.500000,0.000000,0.000000,0.000000,100.000000,5.000000,ns3-simulated/trace-derived
target,L2R,10.000000,15.000000,12.500000,0.000000,0.000000,0.000000,100.000000,5.000000,ns3-simulated/trace-derived
target,L2R,15.000000,20.000000,17.500000,0.000000,0.000000,0.000000,100.000000,5.000000,ns3-simulated/trace-derived
target,L2R,20.000000,25.000000,22.500000,61069.000000,97.710400,97.710400,100.000000,5.000000,ns3-simulated/trace-derived
target,L2R,25.000000,30.000000,27.500000,62500.000000,100.000000,100.000000,100.000000,5.000000,ns3-simulated/trace-derived
target,L2R,30.000000,35.000000,32.500000,62500.000000,100.000000,100.000000,100.000000,5.000000,ns3-simulated/trace-derived
target,L2R,35.000000,40.000000,37.500000,62500.000000,100.000000,100.000000,100.000000,5.000000,ns3-simulated/trace-derived
target,L2R,40.000000,45.000000,42.500000,35263.000000,56.420800,56.420800,100.000000,5.000000,ns3-simulated/trace-derived
target,L2R,45.000000,50.000000,47.500000,0.000000,0.000000,0.000000,100.000000,5.000000,ns3-simulated/trace-derived
target,L2R,50.000000,55.000000,52.500000,0.000000,0.000000,0.000000,100.000000,5.000000,ns3-simulated/trace-derived
target,L2R,55.000000,60.000000,57.500000,0.000000,0.000000,0.000000,100.000000,5.000000,ns3-simulated/trace-derived
target,L2R,60.000000,65.000000,62.500000,0.000000,0.000000,0.000000,100.000000,5.000000,ns3-simulated/trace-derived
target,L2R,65.000000,70.000000,67.500000,0.000000,0.000000,0.000000,100.000000,5.000000,ns3-simulated/trace-derived
target,L2R,70.000000,75.000000,72.500000,0.000000,0.000000,0.000000,100.000000,5.000000,ns3-simulated/trace-derived
target,L2R,75.000000,80.000000,77.500000,0.000000,0.000000,0.000000,100.000000,5.000000,ns3-simulated/trace-derived
target,L2R,80.000000,85.000000,82.500000,0.000000,0.000000,0.000000,100.000000,5.000000,ns3-simulated/trace-derived
target,L2R,85.000000,90.000000,87.500000,0.000000,0.000000,0.000000,100.000000,5.000000,ns3-simulated/trace-derived
target,L2R,90.000000,95.000000,92.500000,0.000000,0.000000,0.000000,100.000000,5.000000,ns3-simulated/trace-derived
target,L2R,95.000000,100.000000,97.500000,0.000000,0.000000,0.000000,100.000000,5.000000,ns3-simulated/trace-derived
target,L2R,100.000000,105.000000,102.500000,0.000000,0.000000,0.000000,100.000000,5.000000,ns3-simulated/trace-derived
target,L2R,105.000000,110.000000,107.500000,0.000000,0.000000,0.000000,100.000000,5.000000,ns3-simulated/trace-derived
target,L2R,110.000000,115.000000,112.500000,29218.000000,46.748800,46.748800,100.000000,5.000000,ns3-simulated/trace-derived
target,L2R,115.000000,120.000000,117.500000,31741.000000,50.785600,50.785600,100.000000,5.000000,ns3-simulated/trace-derived
target,L2R,120.000000,125.000000,122.500000,30869.000000,49.390400,49.390400,100.000000,5.000000,ns3-simulated/trace-derived
target,L2R,125.000000,130.000000,127.500000,31521.000000,50.433600,50.433600,100.000000,5.000000,ns3-simulated/trace-derived
target,L2R,130.000000,135.000000,132.500000,31089.000000,49.742400,49.742400,100.000000,5.000000,ns3-simulated/trace-derived
target,L2R,135.000000,140.000000,137.500000,31301.000000,50.081600,50.081600,100.000000,5.000000,ns3-simulated/trace-derived
target,L2R,140.000000,145.000000,142.500000,31309.000000,50.094400,50.094400,100.000000,5.000000,ns3-simulated/trace-derived
target,L2R,145.000000,150.000000,147.500000,31081.000000,49.729600,49.729600,100.000000,5.000000,ns3-simulated/trace-derived
target,L2R,150.000000,155.000000,152.500000,31529.000000,50.446400,50.446400,100.000000,5.000000,ns3-simulated/trace-derived
target,L2R,155.000000,160.000000,157.500000,4174.000000,6.678400,6.678400,100.000000,5.000000,ns3-simulated/trace-derived
target,L2R,160.000000,165.000000,162.500000,0.000000,0.000000,0.000000,100.000000,5.000000,ns3-simulated/trace-derived
target,L2R,165.000000,170.000000,167.500000,0.000000,0.000000,0.000000,100.000000,5.000000,ns3-simulated/trace-derived
target,L2R,170.000000,175.000000,172.500000,0.000000,0.000000,0.000000,100.000000,5.000000,ns3-simulated/trace-derived
target,L2R,175.000000,180.000000,177.500000,0.000000,0.000000,0.000000,100.000000,5.000000,ns3-simulated/trace-derived
target,L2R,180.000000,185.000000,182.500000,0.000000,0.000000,0.000000,100.000000,5.000000,ns3-simulated/trace-derived
target,L2R,185.000000,190.000000,187.500000,0.000000,0.000000,0.000000,100.000000,5.000000,ns3-simulated/trace-derived
target,L2R,190.000000,195.000000,192.500000,0.000000,0.000000,0.000000,100.000000,5.000000,ns3-simulated/trace-derived
target,L2R,195.000000,200.000000,197.500000,0.000000,0.000000,0.000000,100.000000,5.000000,ns3-simulated/trace-derived
target,L2R,200.000000,205.000000,202.500000,0.000000,0.000000,0.000000,100.000000,5.000000,ns3-simulated/trace-derived
target,L2R,205.000000,210.000000,207.500000,0.000000,0.000000,0.000000,100.000000,5.000000,ns3-simulated/trace-derived
target,L2R,210.000000,215.000000,212.500000,0.000000,0.000000,0.000000,100.000000,5.000000,ns3-simulated/trace-derived
target,L2R,215.000000,220.000000,217.500000,0.000000,0.000000,0.000000,100.000000,5.000000,ns3-simulated/trace-derived
target,L2R,220.000000,225.000000,222.500000,59947.000000,95.915200,95.915200,100.000000,5.000000,ns3-simulated/trace-derived
target,L2R,225.000000,230.000000,227.500000,61099.000000,97.758400,97.758400,100.000000,5.000000,ns3-simulated/trace-derived
target,L2R,230.000000,235.000000,232.500000,61141.000000,97.825600,97.825600,100.000000,5.000000,ns3-simulated/trace-derived
target,L2R,235.000000,240.000000,237.500000,61004.000000,97.606400,97.606400,100.000000,5.000000,ns3-simulated/trace-derived
target,L2R,240.000000,245.000000,242.500000,40641.000000,65.025600,65.025600,100.000000,5.000000,ns3-simulated/trace-derived
target,L2R,245.000000,250.000000,247.500000,0.000000,0.000000,0.000000,100.000000,5.000000,ns3-simulated/trace-derived
target,L2R,250.000000,255.000000,252.500000,0.000000,0.000000,0.000000,100.000000,5.000000,ns3-simulated/trace-derived
target,L2R,255.000000,260.000000,257.500000,0.000000,0.000000,0.000000,100.000000,5.000000,ns3-simulated/trace-derived
target,L2R,260.000000,265.000000,262.500000,0.000000,0.000000,0.000000,100.000000,5.000000,ns3-simulated/trace-derived
target,L2R,265.000000,270.000000,267.500000,0.000000,0.000000,0.000000,100.000000,5.000000,ns3-simulated/trace-derived
target,L2R,270.000000,275.000000,272.500000,0.000000,0.000000,0.000000,100.000000,5.000000,ns3-simulated/trace-derived
target,L2R,275.000000,280.000000,277.500000,0.000000,0.000000,0.000000,100.000000,5.000000,ns3-simulated/trace-derived
target,L2R,280.000000,285.000000,282.500000,0.000000,0.000000,0.000000,100.000000,5.000000,ns3-simulated/trace-derived
target,L2R,285.000000,290.000000,287.500000,0.000000,0.000000,0.000000,100.000000,5.000000,ns3-simulated/trace-derived
target,L2R,290.000000,295.000000,292.500000,0.000000,0.000000,0.000000,100.000000,5.000000,ns3-simulated/trace-derived
target,L2R,295.000000,300.000000,297.500000,0.000000,0.000000,0.000000,100.000000,5.000000,ns3-simulated/trace-derived
target,L2R,300.000000,305.000000,302.500000,0.000000,0.000000,0.000000,100.000000,5.000000,ns3-simulated/trace-derived
target,L2R,305.000000,310.000000,307.500000,0.000000,0.000000,0.000000,100.000000,5.000000,ns3-simulated/trace-derived
target,L2R,310.000000,315.000000,312.500000,0.000000,0.000000,0.000000,100.000000,5.000000,ns3-simulated/trace-derived
target,L2R,315.000000,320.000000,317.500000,0.000000,0.000000,0.000000,100.000000,5.000000,ns3-simulated/trace-derived
target,L2R,320.000000,325.000000,322.500000,0.000000,0.000000,0.000000,100.000000,5.000000,ns3-simulated/trace-derived
target,L2R,325.000000,330.000000,327.500000,0.000000,0.000000,0.000000,100.000000,5.000000,ns3-simulated/trace-derived
target,L2R,330.000000,335.000000,332.500000,29218.000000,46.748800,46.748800,100.000000,5.000000,ns3-simulated/trace-derived
target,L2R,335.000000,340.000000,337.500000,31741.000000,50.785600,50.785600,100.000000,5.000000,ns3-simulated/trace-derived
target,L2R,340.000000,345.000000,342.500000,30869.000000,49.390400,49.390400,100.000000,5.000000,ns3-simulated/trace-derived
target,L2R,345.000000,350.000000,347.500000,31521.000000,50.433600,50.433600,100.000000,5.000000,ns3-simulated/trace-derived
target,L2R,350.000000,355.000000,352.500000,31089.000000,49.742400,49.742400,100.000000,5.000000,ns3-simulated/trace-derived
target,L2R,355.000000,360.000000,357.500000,31301.000000,50.081600,50.081600,100.000000,5.000000,ns3-simulated/trace-derived
target,L2R,360.000000,365.000000,362.500000,31309.000000,50.094400,50.094400,100.000000,5.000000,ns3-simulated/trace-derived
target,L2R,365.000000,370.000000,367.500000,31081.000000,49.729600,49.729600,100.000000,5.000000,ns3-simulated/trace-derived
target,L2R,370.000000,375.000000,372.500000,31529.000000,50.446400,50.446400,100.000000,5.000000,ns3-simulated/trace-derived
target,L2R,375.000000,380.000000,377.500000,4174.000000,6.678400,6.678400,100.000000,5.000000,ns3-simulated/trace-derived
target,L2R,380.000000,385.000000,382.500000,0.000000,0.000000,0.000000,100.000000,5.000000,ns3-simulated/trace-derived
target,L2R,385.000000,390.000000,387.500000,0.000000,0.000000,0.000000,100.000000,5.000000,ns3-simulated/trace-derived
target,L2R,390.000000,395.000000,392.500000,0.000000,0.000000,0.000000,100.000000,5.000000,ns3-simulated/trace-derived
target,L2R,395.000000,400.000000,397.500000,0.000000,0.000000,0.000000,100.000000,5.000000,ns3-simulated/trace-derived
target,L2R,400.000000,405.000000,402.500000,0.000000,0.000000,0.000000,100.000000,5.000000,ns3-simulated/trace-derived
target,L2R,405.000000,410.000000,407.500000,0.000000,0.000000,0.000000,100.000000,5.000000,ns3-simulated/trace-derived
target,L2R,410.000000,415.000000,412.500000,0.000000,0.000000,0.000000,100.000000,5.000000,ns3-simulated/trace-derived
target,L2R,415.000000,420.000000,417.500000,0.000000,0.000000,0.000000,100.000000,5.000000,ns3-simulated/trace-derived
target,L2R,420.000000,425.000000,422.500000,0.000000,0.000000,0.000000,100.000000,5.000000,ns3-simulated/trace-derived
target,L2R,425.000000,430.000000,427.500000,0.000000,0.000000,0.000000,100.000000,5.000000,ns3-simulated/trace-derived
target,L2R,430.000000,435.000000,432.500000,0.000000,0.000000,0.000000,100.000000,5.000000,ns3-simulated/trace-derived
target,L2R,435.000000,440.000000,437.500000,0.000000,0.000000,0.000000,100.000000,5.000000,ns3-simulated/trace-derived
target,L2R,440.000000,445.000000,442.500000,0.000000,0.000000,0.000000,100.000000,5.000000,ns3-simulated/trace-derived
target,L2R,445.000000,450.000000,447.500000,0.000000,0.000000,0.000000,100.000000,5.000000,ns3-simulated/trace-derived
target,L2R,450.000000,455.000000,452.500000,0.000000,0.000000,0.000000,100.000000,5.000000,ns3-simulated/trace-derived
target,L2R,455.000000,460.000000,457.500000,0.000000,0.000000,0.000000,100.000000,5.000000,ns3-simulated/trace-derived
target,L2R,460.000000,465.000000,462.500000,0.000000,0.000000,0.000000,100.000000,5.000000,ns3-simulated/trace-derived
target,L2R,465.000000,470.000000,467.500000,0.000000,0.000000,0.000000,100.000000,5.000000,ns3-simulated/trace-derived
target,L2R,470.000000,475.000000,472.500000,0.000000,0.000000,0.000000,100.000000,5.000000,ns3-simulated/trace-derived
target,L2R,475.000000,480.000000,477.500000,0.000000,0.000000,0.000000,100.000000,5.000000,ns3-simulated/trace-derived
target,L2R,480.000000,485.000000,482.500000,0.000000,0.000000,0.000000,100.000000,5.000000,ns3-simulated/trace-derived
target,L2R,485.000000,490.000000,487.500000,0.000000,0.000000,0.000000,100.000000,5.000000,ns3-simulated/trace-derived
target,L2R,490.000000,495.000000,492.500000,0.000000,0.000000,0.000000,100.000000,5.000000,ns3-simulated/trace-derived
target,L2R,495.000000,500.000000,497.500000,0.000000,0.000000,0.000000,100.000000,5.000000,ns3-simulated/trace-derived
target,L2R,500.000000,505.000000,502.500000,0.000000,0.000000,0.000000,100.000000,5.000000,ns3-simulated/trace-derived
target,L2R,505.000000,510.000000,507.500000,0.000000,0.000000,0.000000,100.000000,5.000000,ns3-simulated/trace-derived
target,L2R,510.000000,515.000000,512.500000,0.000000,0.000000,0.000000,100.000000,5.000000,ns3-simulated/trace-derived
target,L2R,515.000000,520.000000,517.500000,0.000000,0.000000,0.000000,100.000000,5.000000,ns3-simulated/trace-derived
target,L2R,520.000000,525.000000,522.500000,0.000000,0.000000,0.000000,100.000000,5.000000,ns3-simulated/trace-derived
target,L2R,525.000000,530.000000,527.500000,0.000000,0.000000,0.000000,100.000000,5.000000,ns3-simulated/trace-derived
target,L2R,530.000000,535.000000,532.500000,0.000000,0.000000,0.000000,100.000000,5.000000,ns3-simulated/trace-derived
target,L2R,535.000000,540.000000,537.500000,0.000000,0.000000,0.000000,100.000000,5.000000,ns3-simulated/trace-derived
target,L2R,540.000000,545.000000,542.500000,0.000000,0.000000,0.000000,100.000000,5.000000,ns3-simulated/trace-derived
target,L2R,545.000000,550.000000,547.500000,0.000000,0.000000,0.000000,100.000000,5.000000,ns3-simulated/trace-derived
target,L2R,550.000000,555.000000,552.500000,0.000000,0.000000,0.000000,100.000000,5.000000,ns3-simulated/trace-derived
target,L2R,555.000000,560.000000,557.500000,0.000000,0.000000,0.000000,100.000000,5.000000,ns3-simulated/trace-derived
target,L2R,560.000000,565.000000,562.500000,31851.000000,50.961600,50.961600,100.000000,5.000000,ns3-simulated/trace-derived
target,L2R,565.000000,570.000000,567.500000,30759.000000,49.214400,49.214400,100.000000,5.000000,ns3-simulated/trace-derived
target,L2R,570.000000,575.000000,572.500000,31631.000000,50.609600,50.609600,100.000000,5.000000,ns3-simulated/trace-derived
target,L2R,575.000000,580.000000,577.500000,30979.000000,49.566400,49.566400,100.000000,5.000000,ns3-simulated/trace-derived
target,L2R,580.000000,585.000000,582.500000,43621.000000,69.793600,69.793600,100.000000,5.000000,ns3-simulated/trace-derived
target,L2R,585.000000,590.000000,587.500000,62500.000000,100.000000,100.000000,100.000000,5.000000,ns3-simulated/trace-derived
target,L2R,590.000000,595.000000,592.500000,52491.000000,83.985600,83.985600,100.000000,5.000000,ns3-simulated/trace-derived
target,L2R,595.000000,600.000000,597.500000,0.000000,0.000000,0.000000,100.000000,5.000000,ns3-simulated/trace-derived
target,L2R,600.000000,605.000000,602.500000,0.000000,0.000000,0.000000,100.000000,5.000000,ns3-simulated/trace-derived
target,L2R,605.000000,610.000000,607.500000,0.000000,0.000000,0.000000,100.000000,5.000000,ns3-simulated/trace-derived
target,L2R,610.000000,615.000000,612.500000,0.000000,0.000000,0.000000,100.000000,5.000000,ns3-simulated/trace-derived
target,L2R,615.000000,620.000000,617.500000,0.000000,0.000000,0.000000,100.000000,5.000000,ns3-simulated/trace-derived
target,L2R,620.000000,625.000000,622.500000,0.000000,0.000000,0.000000,100.000000,5.000000,ns3-simulated/trace-derived
target,L2R,625.000000,630.000000,627.500000,0.000000,0.000000,0.000000,100.000000,5.000000,ns3-simulated/trace-derived
target,L2R,630.000000,635.000000,632.500000,0.000000,0.000000,0.000000,100.000000,5.000000,ns3-simulated/trace-derived
target,L2R,635.000000,640.000000,637.500000,0.000000,0.000000,0.000000,100.000000,5.000000,ns3-simulated/trace-derived
target,L2R,640.000000,645.000000,642.500000,0.000000,0.000000,0.000000,100.000000,5.000000,ns3-simulated/trace-derived
target,L2R,645.000000,650.000000,647.500000,0.000000,0.000000,0.000000,100.000000,5.000000,ns3-simulated/trace-derived
target,L2R,650.000000,655.000000,652.500000,0.000000,0.000000,0.000000,100.000000,5.000000,ns3-simulated/trace-derived
target,L2R,655.000000,660.000000,657.500000,0.000000,0.000000,0.000000,100.000000,5.000000,ns3-simulated/trace-derived
target,L2R,660.000000,665.000000,662.500000,0.000000,0.000000,0.000000,100.000000,5.000000,ns3-simulated/trace-derived
target,L2R,665.000000,670.000000,667.500000,0.000000,0.000000,0.000000,100.000000,5.000000,ns3-simulated/trace-derived
target,L2R,670.000000,675.000000,672.500000,29218.000000,46.748800,46.748800,100.000000,5.000000,ns3-simulated/trace-derived
target,L2R,675.000000,680.000000,677.500000,35728.000000,57.164800,57.164800,100.000000,5.000000,ns3-simulated/trace-derived
target,L2R,680.000000,685.000000,682.500000,33157.000000,53.051200,53.051200,100.000000,5.000000,ns3-simulated/trace-derived
target,L2R,685.000000,690.000000,687.500000,35465.000000,56.744000,56.744000,100.000000,5.000000,ns3-simulated/trace-derived
target,L2R,690.000000,695.000000,692.500000,34648.000000,55.436800,55.436800,100.000000,5.000000,ns3-simulated/trace-derived
target,L2R,695.000000,700.000000,697.500000,33157.000000,53.051200,53.051200,100.000000,5.000000,ns3-simulated/trace-derived
target,L2R,700.000000,705.000000,702.500000,36545.000000,58.472000,58.472000,100.000000,5.000000,ns3-simulated/trace-derived
target,L2R,705.000000,710.000000,707.500000,33693.000000,53.908800,53.908800,100.000000,5.000000,ns3-simulated/trace-derived
target,L2R,710.000000,715.000000,712.500000,12221.000000,19.553600,19.553600,100.000000,5.000000,ns3-simulated/trace-derived
target,L2R,715.000000,720.000000,717.500000,0.000000,0.000000,0.000000,100.000000,5.000000,ns3-simulated/trace-derived
target,L2R,720.000000,725.000000,722.500000,0.000000,0.000000,0.000000,100.000000,5.000000,ns3-simulated/trace-derived
target,L2R,725.000000,730.000000,727.500000,0.000000,0.000000,0.000000,100.000000,5.000000,ns3-simulated/trace-derived
target,L2R,730.000000,735.000000,732.500000,0.000000,0.000000,0.000000,100.000000,5.000000,ns3-simulated/trace-derived
target,L2R,735.000000,740.000000,737.500000,0.000000,0.000000,0.000000,100.000000,5.000000,ns3-simulated/trace-derived
target,L2R,740.000000,745.000000,742.500000,0.000000,0.000000,0.000000,100.000000,5.000000,ns3-simulated/trace-derived
target,L2R,745.000000,750.000000,747.500000,0.000000,0.000000,0.000000,100.000000,5.000000,ns3-simulated/trace-derived
target,L2R,750.000000,755.000000,752.500000,0.000000,0.000000,0.000000,100.000000,5.000000,ns3-simulated/trace-derived
target,L2R,755.000000,760.000000,757.500000,0.000000,0.000000,0.000000,100.000000,5.000000,ns3-simulated/trace-derived
target,L2R,760.000000,765.000000,762.500000,0.000000,0.000000,0.000000,100.000000,5.000000,ns3-simulated/trace-derived
target,L2R,765.000000,770.000000,767.500000,0.000000,0.000000,0.000000,100.000000,5.000000,ns3-simulated/trace-derived
target,L2R,770.000000,775.000000,772.500000,0.000000,0.000000,0.000000,100.000000,5.000000,ns3-simulated/trace-derived
target,L2R,775.000000,780.000000,777.500000,0.000000,0.000000,0.000000,100.000000,5.000000,ns3-simulated/trace-derived
target,L2R,780.000000,785.000000,782.500000,0.000000,0.000000,0.000000,100.000000,5.000000,ns3-simulated/trace-derived
target,L2R,785.000000,790.000000,787.500000,0.000000,0.000000,0.000000,100.000000,5.000000,ns3-simulated/trace-derived
target,L2R,790.000000,795.000000,792.500000,0.000000,0.000000,0.000000,100.000000,5.000000,ns3-simulated/trace-derived
target,L2R,795.000000,800.000000,797.500000,0.000000,0.000000,0.000000,100.000000,5.000000,ns3-simulated/trace-derived
target,L2R,800.000000,805.000000,802.500000,0.000000,0.000000,0.000000,100.000000,5.000000,ns3-simulated/trace-derived
target,L2R,805.000000,810.000000,807.500000,0.000000,0.000000,0.000000,100.000000,5.000000,ns3-simulated/trace-derived
target,L2R,810.000000,815.000000,812.500000,0.000000,0.000000,0.000000,100.000000,5.000000,ns3-simulated/trace-derived
target,L2R,815.000000,820.000000,817.500000,0.000000,0.000000,0.000000,100.000000,5.000000,ns3-simulated/trace-derived
target,L2R,820.000000,825.000000,822.500000,61069.000000,97.710400,97.710400,100.000000,5.000000,ns3-simulated/trace-derived
target,L2R,825.000000,830.000000,827.500000,62500.000000,100.000000,100.000000,100.000000,5.000000,ns3-simulated/trace-derived
target,L2R,830.000000,835.000000,832.500000,62500.000000,100.000000,100.000000,100.000000,5.000000,ns3-simulated/trace-derived
target,L2R,835.000000,840.000000,837.500000,62500.000000,100.000000,100.000000,100.000000,5.000000,ns3-simulated/trace-derived
target,L2R,840.000000,845.000000,842.500000,35263.000000,56.420800,56.420800,100.000000,5.000000,ns3-simulated/trace-derived
target,L2R,845.000000,850.000000,847.500000,0.000000,0.000000,0.000000,100.000000,5.000000,ns3-simulated/trace-derived
target,L2R,850.000000,855.000000,852.500000,0.000000,0.000000,0.000000,100.000000,5.000000,ns3-simulated/trace-derived
target,L2R,855.000000,860.000000,857.500000,0.000000,0.000000,0.000000,100.000000,5.000000,ns3-simulated/trace-derived
target,L2R,860.000000,865.000000,862.500000,0.000000,0.000000,0.000000,100.000000,5.000000,ns3-simulated/trace-derived
target,L2R,865.000000,870.000000,867.500000,0.000000,0.000000,0.000000,100.000000,5.000000,ns3-simulated/trace-derived
target,L2R,870.000000,875.000000,872.500000,0.000000,0.000000,0.000000,100.000000,5.000000,ns3-simulated/trace-derived
target,L2R,875.000000,880.000000,877.500000,0.000000,0.000000,0.000000,100.000000,5.000000,ns3-simulated/trace-derived
target,L2R,880.000000,885.000000,882.500000,0.000000,0.000000,0.000000,100.000000,5.000000,ns3-simulated/trace-derived
target,L2R,885.000000,890.000000,887.500000,0.000000,0.000000,0.000000,100.000000,5.000000,ns3-simulated/trace-derived
target,L2R,890.000000,895.000000,892.500000,0.000000,0.000000,0.000000,100.000000,5.000000,ns3-simulated/trace-derived
target,L2R,895.000000,900.000000,897.500000,0.000000,0.000000,0.000000,100.000000,5.000000,ns3-simulated/trace-derived
target,L2R,900.000000,905.000000,902.500000,29218.000000,46.748800,46.748800,100.000000,5.000000,ns3-simulated/trace-derived
target,L2R,905.000000,910.000000,907.500000,31741.000000,50.785600,50.785600,100.000000,5.000000,ns3-simulated/trace-derived
target,L2R,910.000000,915.000000,912.500000,30869.000000,49.390400,49.390400,100.000000,5.000000,ns3-simulated/trace-derived
target,L2R,915.000000,920.000000,917.500000,31521.000000,50.433600,50.433600,100.000000,5.000000,ns3-simulated/trace-derived
target,L2R,920.000000,925.000000,922.500000,31089.000000,49.742400,49.742400,100.000000,5.000000,ns3-simulated/trace-derived
target,L2R,925.000000,930.000000,927.500000,31301.000000,50.081600,50.081600,100.000000,5.000000,ns3-simulated/trace-derived
target,L2R,930.000000,935.000000,932.500000,31309.000000,50.094400,50.094400,100.000000,5.000000,ns3-simulated/trace-derived
target,L2R,935.000000,940.000000,937.500000,31081.000000,49.729600,49.729600,100.000000,5.000000,ns3-simulated/trace-derived
target,L2R,940.000000,945.000000,942.500000,31529.000000,50.446400,50.446400,100.000000,5.000000,ns3-simulated/trace-derived
target,L2R,945.000000,950.000000,947.500000,4174.000000,6.678400,6.678400,100.000000,5.000000,ns3-simulated/trace-derived
target,L2R,950.000000,955.000000,952.500000,0.000000,0.000000,0.000000,100.000000,5.000000,ns3-simulated/trace-derived
target,L2R,955.000000,960.000000,957.500000,0.000000,0.000000,0.000000,100.000000,5.000000,ns3-simulated/trace-derived
target,L2R,960.000000,965.000000,962.500000,0.000000,0.000000,0.000000,100.000000,5.000000,ns3-simulated/trace-derived
target,L2R,965.000000,970.000000,967.500000,0.000000,0.000000,0.000000,100.000000,5.000000,ns3-simulated/trace-derived
target,L2R,970.000000,975.000000,972.500000,0.000000,0.000000,0.000000,100.000000,5.000000,ns3-simulated/trace-derived
target,L2R,975.000000,980.000000,977.500000,0.000000,0.000000,0.000000,100.000000,5.000000,ns3-simulated/trace-derived
target,L2R,980.000000,985.000000,982.500000,0.000000,0.000000,0.000000,100.000000,5.000000,ns3-simulated/trace-derived
target,L2R,985.000000,990.000000,987.500000,0.000000,0.000000,0.000000,100.000000,5.000000,ns3-simulated/trace-derived
target,L2R,990.000000,995.000000,992.500000,0.000000,0.000000,0.000000,100.000000,5.000000,ns3-simulated/trace-derived
target,L2R,995.000000,1000.000000,997.500000,0.000000,0.000000,0.000000,100.000000,5.000000,ns3-simulated/trace-derived
target,L2R,1000.000000,1005.000000,1002.500000,0.000000,0.000000,0.000000,100.000000,5.000000,ns3-simulated/trace-derived
target,L2R,1005.000000,1010.000000,1007.500000,0.000000,0.000000,0.000000,100.000000,5.000000,ns3-simulated/trace-derived
target,L2R,1010.000000,1015.000000,1012.500000,0.000000,0.000000,0.000000,100.000000,5.000000,ns3-simulated/trace-derived
target,L2R,1015.000000,1020.000000,1017.500000,0.000000,0.000000,0.000000,100.000000,5.000000,ns3-simulated/trace-derived
target,L2R,1020.000000,1025.000000,1022.500000,0.000000,0.000000,0.000000,100.000000,5.000000,ns3-simulated/trace-derived
target,L2R,1025.000000,1030.000000,1027.500000,0.000000,0.000000,0.000000,100.000000,5.000000,ns3-simulated/trace-derived
target,L2R,1030.000000,1035.000000,1032.500000,0.000000,0.000000,0.000000,100.000000,5.000000,ns3-simulated/trace-derived
target,L2R,1035.000000,1040.000000,1037.500000,0.000000,0.000000,0.000000,100.000000,5.000000,ns3-simulated/trace-derived
target,L2R,1040.000000,1045.000000,1042.500000,0.000000,0.000000,0.000000,100.000000,5.000000,ns3-simulated/trace-derived
target,L2R,1045.000000,1050.000000,1047.500000,0.000000,0.000000,0.000000,100.000000,5.000000,ns3-simulated/trace-derived
target,L2R,1050.000000,1055.000000,1052.500000,0.000000,0.000000,0.000000,100.000000,5.000000,ns3-simulated/trace-derived
target,L2R,1055.000000,1060.000000,1057.500000,0.000000,0.000000,0.000000,100.000000,5.000000,ns3-simulated/trace-derived
target,L2R,1060.000000,1065.000000,1062.500000,0.000000,0.000000,0.000000,100.000000,5.000000,ns3-simulated/trace-derived
target,L2R,1065.000000,1070.000000,1067.500000,0.000000,0.000000,0.000000,100.000000,5.000000,ns3-simulated/trace-derived
target,L2R,1070.000000,1075.000000,1072.500000,0.000000,0.000000,0.000000,100.000000,5.000000,ns3-simulated/trace-derived
target,L2R,1075.000000,1080.000000,1077.500000,0.000000,0.000000,0.000000,100.000000,5.000000,ns3-simulated/trace-derived
target,L2R,1080.000000,1085.000000,1082.500000,0.000000,0.000000,0.000000,100.000000,5.000000,ns3-simulated/trace-derived
target,L2R,1085.000000,1090.000000,1087.500000,0.000000,0.000000,0.000000,100.000000,5.000000,ns3-simulated/trace-derived
target,L2R,1090.000000,1095.000000,1092.500000,0.000000,0.000000,0.000000,100.000000,5.000000,ns3-simulated/trace-derived
target,L2R,1095.000000,1100.000000,1097.500000,0.000000,0.000000,0.000000,100.000000,5.000000,ns3-simulated/trace-derived
ep_competitor,L2R,0.000000,5.000000,2.500000,0.000000,0.000000,0.000000,100.000000,5.000000,ns3-simulated/trace-derived
ep_competitor,L2R,5.000000,10.000000,7.500000,0.000000,0.000000,0.000000,100.000000,5.000000,ns3-simulated/trace-derived
ep_competitor,L2R,10.000000,15.000000,12.500000,0.000000,0.000000,0.000000,100.000000,5.000000,ns3-simulated/trace-derived
ep_competitor,L2R,15.000000,20.000000,17.500000,0.000000,0.000000,0.000000,100.000000,5.000000,ns3-simulated/trace-derived
ep_competitor,L2R,20.000000,25.000000,22.500000,0.000000,0.000000,0.000000,100.000000,5.000000,ns3-simulated/trace-derived
ep_competitor,L2R,25.000000,30.000000,27.500000,0.000000,0.000000,0.000000,100.000000,5.000000,ns3-simulated/trace-derived
ep_competitor,L2R,30.000000,35.000000,32.500000,0.000000,0.000000,0.000000,100.000000,5.000000,ns3-simulated/trace-derived
ep_competitor,L2R,35.000000,40.000000,37.500000,0.000000,0.000000,0.000000,100.000000,5.000000,ns3-simulated/trace-derived
ep_competitor,L2R,40.000000,45.000000,42.500000,0.000000,0.000000,0.000000,100.000000,5.000000,ns3-simulated/trace-derived
ep_competitor,L2R,45.000000,50.000000,47.500000,0.000000,0.000000,0.000000,100.000000,5.000000,ns3-simulated/trace-derived
ep_competitor,L2R,50.000000,55.000000,52.500000,0.000000,0.000000,0.000000,100.000000,5.000000,ns3-simulated/trace-derived
ep_competitor,L2R,55.000000,60.000000,57.500000,0.000000,0.000000,0.000000,100.000000,5.000000,ns3-simulated/trace-derived
ep_competitor,L2R,60.000000,65.000000,62.500000,0.000000,0.000000,0.000000,100.000000,5.000000,ns3-simulated/trace-derived
ep_competitor,L2R,65.000000,70.000000,67.500000,0.000000,0.000000,0.000000,100.000000,5.000000,ns3-simulated/trace-derived
ep_competitor,L2R,70.000000,75.000000,72.500000,0.000000,0.000000,0.000000,100.000000,5.000000,ns3-simulated/trace-derived
ep_competitor,L2R,75.000000,80.000000,77.500000,0.000000,0.000000,0.000000,100.000000,5.000000,ns3-simulated/trace-derived
ep_competitor,L2R,80.000000,85.000000,82.500000,0.000000,0.000000,0.000000,100.000000,5.000000,ns3-simulated/trace-derived
ep_competitor,L2R,85.000000,90.000000,87.500000,0.000000,0.000000,0.000000,100.000000,5.000000,ns3-simulated/trace-derived
ep_competitor,L2R,90.000000,95.000000,92.500000,0.000000,0.000000,0.000000,100.000000,5.000000,ns3-simulated/trace-derived
ep_competitor,L2R,95.000000,100.000000,97.500000,0.000000,0.000000,0.000000,100.000000,5.000000,ns3-simulated/trace-derived
ep_competitor,L2R,100.000000,105.000000,102.500000,0.000000,0.000000,0.000000,100.000000,5.000000,ns3-simulated/trace-derived
ep_competitor,L2R,105.000000,110.000000,107.500000,0.000000,0.000000,0.000000,100.000000,5.000000,ns3-simulated/trace-derived
ep_competitor,L2R,110.000000,115.000000,112.500000,31851.000000,50.961600,50.961600,100.000000,5.000000,ns3-simulated/trace-derived
ep_competitor,L2R,115.000000,120.000000,117.500000,30759.000000,49.214400,49.214400,100.000000,5.000000,ns3-simulated/trace-derived
ep_competitor,L2R,120.000000,125.000000,122.500000,31631.000000,50.609600,50.609600,100.000000,5.000000,ns3-simulated/trace-derived
ep_competitor,L2R,125.000000,130.000000,127.500000,30979.000000,49.566400,49.566400,100.000000,5.000000,ns3-simulated/trace-derived
ep_competitor,L2R,130.000000,135.000000,132.500000,31411.000000,50.257600,50.257600,100.000000,5.000000,ns3-simulated/trace-derived
ep_competitor,L2R,135.000000,140.000000,137.500000,31199.000000,49.918400,49.918400,100.000000,5.000000,ns3-simulated/trace-derived
ep_competitor,L2R,140.000000,145.000000,142.500000,31191.000000,49.905600,49.905600,100.000000,5.000000,ns3-simulated/trace-derived
ep_competitor,L2R,145.000000,150.000000,147.500000,31419.000000,50.270400,50.270400,100.000000,5.000000,ns3-simulated/trace-derived
ep_competitor,L2R,150.000000,155.000000,152.500000,30971.000000,49.553600,49.553600,100.000000,5.000000,ns3-simulated/trace-derived
ep_competitor,L2R,155.000000,160.000000,157.500000,2421.000000,3.873600,3.873600,100.000000,5.000000,ns3-simulated/trace-derived
ep_competitor,L2R,160.000000,165.000000,162.500000,0.000000,0.000000,0.000000,100.000000,5.000000,ns3-simulated/trace-derived
ep_competitor,L2R,165.000000,170.000000,167.500000,0.000000,0.000000,0.000000,100.000000,5.000000,ns3-simulated/trace-derived
ep_competitor,L2R,170.000000,175.000000,172.500000,0.000000,0.000000,0.000000,100.000000,5.000000,ns3-simulated/trace-derived
ep_competitor,L2R,175.000000,180.000000,177.500000,0.000000,0.000000,0.000000,100.000000,5.000000,ns3-simulated/trace-derived
ep_competitor,L2R,180.000000,185.000000,182.500000,0.000000,0.000000,0.000000,100.000000,5.000000,ns3-simulated/trace-derived
ep_competitor,L2R,185.000000,190.000000,187.500000,0.000000,0.000000,0.000000,100.000000,5.000000,ns3-simulated/trace-derived
ep_competitor,L2R,190.000000,195.000000,192.500000,0.000000,0.000000,0.000000,100.000000,5.000000,ns3-simulated/trace-derived
ep_competitor,L2R,195.000000,200.000000,197.500000,0.000000,0.000000,0.000000,100.000000,5.000000,ns3-simulated/trace-derived
ep_competitor,L2R,200.000000,205.000000,202.500000,0.000000,0.000000,0.000000,100.000000,5.000000,ns3-simulated/trace-derived
ep_competitor,L2R,205.000000,210.000000,207.500000,0.000000,0.000000,0.000000,100.000000,5.000000,ns3-simulated/trace-derived
ep_competitor,L2R,210.000000,215.000000,212.500000,0.000000,0.000000,0.000000,100.000000,5.000000,ns3-simulated/trace-derived
ep_competitor,L2R,215.000000,220.000000,217.500000,0.000000,0.000000,0.000000,100.000000,5.000000,ns3-simulated/trace-derived
ep_competitor,L2R,220.000000,225.000000,222.500000,0.000000,0.000000,0.000000,100.000000,5.000000,ns3-simulated/trace-derived
ep_competitor,L2R,225.000000,230.000000,227.500000,0.000000,0.000000,0.000000,100.000000,5.000000,ns3-simulated/trace-derived
ep_competitor,L2R,230.000000,235.000000,232.500000,0.000000,0.000000,0.000000,100.000000,5.000000,ns3-simulated/trace-derived
ep_competitor,L2R,235.000000,240.000000,237.500000,0.000000,0.000000,0.000000,100.000000,5.000000,ns3-simulated/trace-derived
ep_competitor,L2R,240.000000,245.000000,242.500000,0.000000,0.000000,0.000000,100.000000,5.000000,ns3-simulated/trace-derived
ep_competitor,L2R,245.000000,250.000000,247.500000,0.000000,0.000000,0.000000,100.000000,5.000000,ns3-simulated/trace-derived
ep_competitor,L2R,250.000000,255.000000,252.500000,0.000000,0.000000,0.000000,100.000000,5.000000,ns3-simulated/trace-derived
ep_competitor,L2R,255.000000,260.000000,257.500000,0.000000,0.000000,0.000000,100.000000,5.000000,ns3-simulated/trace-derived
ep_competitor,L2R,260.000000,265.000000,262.500000,0.000000,0.000000,0.000000,100.000000,5.000000,ns3-simulated/trace-derived
ep_competitor,L2R,265.000000,270.000000,267.500000,0.000000,0.000000,0.000000,100.000000,5.000000,ns3-simulated/trace-derived
ep_competitor,L2R,270.000000,275.000000,272.500000,0.000000,0.000000,0.000000,100.000000,5.000000,ns3-simulated/trace-derived
ep_competitor,L2R,275.000000,280.000000,277.500000,0.000000,0.000000,0.000000,100.000000,5.000000,ns3-simulated/trace-derived
ep_competitor,L2R,280.000000,285.000000,282.500000,0.000000,0.000000,0.000000,100.000000,5.000000,ns3-simulated/trace-derived
ep_competitor,L2R,285.000000,290.000000,287.500000,0.000000,0.000000,0.000000,100.000000,5.000000,ns3-simulated/trace-derived
ep_competitor,L2R,290.000000,295.000000,292.500000,0.000000,0.000000,0.000000,100.000000,5.000000,ns3-simulated/trace-derived
ep_competitor,L2R,295.000000,300.000000,297.500000,0.000000,0.000000,0.000000,100.000000,5.000000,ns3-simulated/trace-derived
ep_competitor,L2R,300.000000,305.000000,302.500000,0.000000,0.000000,0.000000,100.000000,5.000000,ns3-simulated/trace-derived
ep_competitor,L2R,305.000000,310.000000,307.500000,0.000000,0.000000,0.000000,100.000000,5.000000,ns3-simulated/trace-derived
ep_competitor,L2R,310.000000,315.000000,312.500000,0.000000,0.000000,0.000000,100.000000,5.000000,ns3-simulated/trace-derived
ep_competitor,L2R,315.000000,320.000000,317.500000,0.000000,0.000000,0.000000,100.000000,5.000000,ns3-simulated/trace-derived
ep_competitor,L2R,320.000000,325.000000,322.500000,0.000000,0.000000,0.000000,100.000000,5.000000,ns3-simulated/trace-derived
ep_competitor,L2R,325.000000,330.000000,327.500000,0.000000,0.000000,0.000000,100.000000,5.000000,ns3-simulated/trace-derived
ep_competitor,L2R,330.000000,335.000000,332.500000,0.000000,0.000000,0.000000,100.000000,5.000000,ns3-simulated/trace-derived
ep_competitor,L2R,335.000000,340.000000,337.500000,0.000000,0.000000,0.000000,100.000000,5.000000,ns3-simulated/trace-derived
ep_competitor,L2R,340.000000,345.000000,342.500000,0.000000,0.000000,0.000000,100.000000,5.000000,ns3-simulated/trace-derived
ep_competitor,L2R,345.000000,350.000000,347.500000,0.000000,0.000000,0.000000,100.000000,5.000000,ns3-simulated/trace-derived
ep_competitor,L2R,350.000000,355.000000,352.500000,0.000000,0.000000,0.000000,100.000000,5.000000,ns3-simulated/trace-derived
ep_competitor,L2R,355.000000,360.000000,357.500000,0.000000,0.000000,0.000000,100.000000,5.000000,ns3-simulated/trace-derived
ep_competitor,L2R,360.000000,365.000000,362.500000,0.000000,0.000000,0.000000,100.000000,5.000000,ns3-simulated/trace-derived
ep_competitor,L2R,365.000000,370.000000,367.500000,0.000000,0.000000,0.000000,100.000000,5.000000,ns3-simulated/trace-derived
ep_competitor,L2R,370.000000,375.000000,372.500000,0.000000,0.000000,0.000000,100.000000,5.000000,ns3-simulated/trace-derived
ep_competitor,L2R,375.000000,380.000000,377.500000,0.000000,0.000000,0.000000,100.000000,5.000000,ns3-simulated/trace-derived
ep_competitor,L2R,380.000000,385.000000,382.500000,0.000000,0.000000,0.000000,100.000000,5.000000,ns3-simulated/trace-derived
ep_competitor,L2R,385.000000,390.000000,387.500000,0.000000,0.000000,0.000000,100.000000,5.000000,ns3-simulated/trace-derived
ep_competitor,L2R,390.000000,395.000000,392.500000,0.000000,0.000000,0.000000,100.000000,5.000000,ns3-simulated/trace-derived
ep_competitor,L2R,395.000000,400.000000,397.500000,0.000000,0.000000,0.000000,100.000000,5.000000,ns3-simulated/trace-derived
ep_competitor,L2R,400.000000,405.000000,402.500000,0.000000,0.000000,0.000000,100.000000,5.000000,ns3-simulated/trace-derived
ep_competitor,L2R,405.000000,410.000000,407.500000,0.000000,0.000000,0.000000,100.000000,5.000000,ns3-simulated/trace-derived
ep_competitor,L2R,410.000000,415.000000,412.500000,0.000000,0.000000,0.000000,100.000000,5.000000,ns3-simulated/trace-derived
ep_competitor,L2R,415.000000,420.000000,417.500000,0.000000,0.000000,0.000000,100.000000,5.000000,ns3-simulated/trace-derived
ep_competitor,L2R,420.000000,425.000000,422.500000,0.000000,0.000000,0.000000,100.000000,5.000000,ns3-simulated/trace-derived
ep_competitor,L2R,425.000000,430.000000,427.500000,0.000000,0.000000,0.000000,100.000000,5.000000,ns3-simulated/trace-derived
ep_competitor,L2R,430.000000,435.000000,432.500000,0.000000,0.000000,0.000000,100.000000,5.000000,ns3-simulated/trace-derived
ep_competitor,L2R,435.000000,440.000000,437.500000,0.000000,0.000000,0.000000,100.000000,5.000000,ns3-simulated/trace-derived
ep_competitor,L2R,440.000000,445.000000,442.500000,0.000000,0.000000,0.000000,100.000000,5.000000,ns3-simulated/trace-derived
ep_competitor,L2R,445.000000,450.000000,447.500000,0.000000,0.000000,0.000000,100.000000,5.000000,ns3-simulated/trace-derived
ep_competitor,L2R,450.000000,455.000000,452.500000,0.000000,0.000000,0.000000,100.000000,5.000000,ns3-simulated/trace-derived
ep_competitor,L2R,455.000000,460.000000,457.500000,0.000000,0.000000,0.000000,100.000000,5.000000,ns3-simulated/trace-derived
ep_competitor,L2R,460.000000,465.000000,462.500000,0.000000,0.000000,0.000000,100.000000,5.000000,ns3-simulated/trace-derived
ep_competitor,L2R,465.000000,470.000000,467.500000,0.000000,0.000000,0.000000,100.000000,5.000000,ns3-simulated/trace-derived
ep_competitor,L2R,470.000000,475.000000,472.500000,0.000000,0.000000,0.000000,100.000000,5.000000,ns3-simulated/trace-derived
ep_competitor,L2R,475.000000,480.000000,477.500000,0.000000,0.000000,0.000000,100.000000,5.000000,ns3-simulated/trace-derived
ep_competitor,L2R,480.000000,485.000000,482.500000,0.000000,0.000000,0.000000,100.000000,5.000000,ns3-simulated/trace-derived
ep_competitor,L2R,485.000000,490.000000,487.500000,0.000000,0.000000,0.000000,100.000000,5.000000,ns3-simulated/trace-derived
ep_competitor,L2R,490.000000,495.000000,492.500000,0.000000,0.000000,0.000000,100.000000,5.000000,ns3-simulated/trace-derived
ep_competitor,L2R,495.000000,500.000000,497.500000,0.000000,0.000000,0.000000,100.000000,5.000000,ns3-simulated/trace-derived
ep_competitor,L2R,500.000000,505.000000,502.500000,0.000000,0.000000,0.000000,100.000000,5.000000,ns3-simulated/trace-derived
ep_competitor,L2R,505.000000,510.000000,507.500000,0.000000,0.000000,0.000000,100.000000,5.000000,ns3-simulated/trace-derived
ep_competitor,L2R,510.000000,515.000000,512.500000,0.000000,0.000000,0.000000,100.000000,5.000000,ns3-simulated/trace-derived
ep_competitor,L2R,515.000000,520.000000,517.500000,0.000000,0.000000,0.000000,100.000000,5.000000,ns3-simulated/trace-derived
ep_competitor,L2R,520.000000,525.000000,522.500000,0.000000,0.000000,0.000000,100.000000,5.000000,ns3-simulated/trace-derived
ep_competitor,L2R,525.000000,530.000000,527.500000,0.000000,0.000000,0.000000,100.000000,5.000000,ns3-simulated/trace-derived
ep_competitor,L2R,530.000000,535.000000,532.500000,0.000000,0.000000,0.000000,100.000000,5.000000,ns3-simulated/trace-derived
ep_competitor,L2R,535.000000,540.000000,537.500000,0.000000,0.000000,0.000000,100.000000,5.000000,ns3-simulated/trace-derived
ep_competitor,L2R,540.000000,545.000000,542.500000,0.000000,0.000000,0.000000,100.000000,5.000000,ns3-simulated/trace-derived
ep_competitor,L2R,545.000000,550.000000,547.500000,0.000000,0.000000,0.000000,100.000000,5.000000,ns3-simulated/trace-derived
ep_competitor,L2R,550.000000,555.000000,552.500000,0.000000,0.000000,0.000000,100.000000,5.000000,ns3-simulated/trace-derived
ep_competitor,L2R,555.000000,560.000000,557.500000,0.000000,0.000000,0.000000,100.000000,5.000000,ns3-simulated/trace-derived
ep_competitor,L2R,560.000000,565.000000,562.500000,29218.000000,46.748800,46.748800,100.000000,5.000000,ns3-simulated/trace-derived
ep_competitor,L2R,565.000000,570.000000,567.500000,31741.000000,50.785600,50.785600,100.000000,5.000000,ns3-simulated/trace-derived
ep_competitor,L2R,570.000000,575.000000,572.500000,30869.000000,49.390400,49.390400,100.000000,5.000000,ns3-simulated/trace-derived
ep_competitor,L2R,575.000000,580.000000,577.500000,31521.000000,50.433600,50.433600,100.000000,5.000000,ns3-simulated/trace-derived
ep_competitor,L2R,580.000000,585.000000,582.500000,18567.000000,29.707200,29.707200,100.000000,5.000000,ns3-simulated/trace-derived
ep_competitor,L2R,585.000000,590.000000,587.500000,0.000000,0.000000,0.000000,100.000000,5.000000,ns3-simulated/trace-derived
ep_competitor,L2R,590.000000,595.000000,592.500000,0.000000,0.000000,0.000000,100.000000,5.000000,ns3-simulated/trace-derived
ep_competitor,L2R,595.000000,600.000000,597.500000,0.000000,0.000000,0.000000,100.000000,5.000000,ns3-simulated/trace-derived
ep_competitor,L2R,600.000000,605.000000,602.500000,0.000000,0.000000,0.000000,100.000000,5.000000,ns3-simulated/trace-derived
ep_competitor,L2R,605.000000,610.000000,607.500000,0.000000,0.000000,0.000000,100.000000,5.000000,ns3-simulated/trace-derived
ep_competitor,L2R,610.000000,615.000000,612.500000,0.000000,0.000000,0.000000,100.000000,5.000000,ns3-simulated/trace-derived
ep_competitor,L2R,615.000000,620.000000,617.500000,0.000000,0.000000,0.000000,100.000000,5.000000,ns3-simulated/trace-derived
ep_competitor,L2R,620.000000,625.000000,622.500000,0.000000,0.000000,0.000000,100.000000,5.000000,ns3-simulated/trace-derived
ep_competitor,L2R,625.000000,630.000000,627.500000,0.000000,0.000000,0.000000,100.000000,5.000000,ns3-simulated/trace-derived
ep_competitor,L2R,630.000000,635.000000,632.500000,0.000000,0.000000,0.000000,100.000000,5.000000,ns3-simulated/trace-derived
ep_competitor,L2R,635.000000,640.000000,637.500000,0.000000,0.000000,0.000000,100.000000,5.000000,ns3-simulated/trace-derived
ep_competitor,L2R,640.000000,645.000000,642.500000,0.000000,0.000000,0.000000,100.000000,5.000000,ns3-simulated/trace-derived
ep_competitor,L2R,645.000000,650.000000,647.500000,0.000000,0.000000,0.000000,100.000000,5.000000,ns3-simulated/trace-derived
ep_competitor,L2R,650.000000,655.000000,652.500000,0.000000,0.000000,0.000000,100.000000,5.000000,ns3-simulated/trace-derived
ep_competitor,L2R,655.000000,660.000000,657.500000,0.000000,0.000000,0.000000,100.000000,5.000000,ns3-simulated/trace-derived
ep_competitor,L2R,660.000000,665.000000,662.500000,0.000000,0.000000,0.000000,100.000000,5.000000,ns3-simulated/trace-derived
ep_competitor,L2R,665.000000,670.000000,667.500000,0.000000,0.000000,0.000000,100.000000,5.000000,ns3-simulated/trace-derived
ep_competitor,L2R,670.000000,675.000000,672.500000,0.000000,0.000000,0.000000,100.000000,5.000000,ns3-simulated/trace-derived
ep_competitor,L2R,675.000000,680.000000,677.500000,0.000000,0.000000,0.000000,100.000000,5.000000,ns3-simulated/trace-derived
ep_competitor,L2R,680.000000,685.000000,682.500000,0.000000,0.000000,0.000000,100.000000,5.000000,ns3-simulated/trace-derived
ep_competitor,L2R,685.000000,690.000000,687.500000,0.000000,0.000000,0.000000,100.000000,5.000000,ns3-simulated/trace-derived
ep_competitor,L2R,690.000000,695.000000,692.500000,0.000000,0.000000,0.000000,100.000000,5.000000,ns3-simulated/trace-derived
ep_competitor,L2R,695.000000,700.000000,697.500000,0.000000,0.000000,0.000000,100.000000,5.000000,ns3-simulated/trace-derived
ep_competitor,L2R,700.000000,705.000000,702.500000,0.000000,0.000000,0.000000,100.000000,5.000000,ns3-simulated/trace-derived
ep_competitor,L2R,705.000000,710.000000,707.500000,0.000000,0.000000,0.000000,100.000000,5.000000,ns3-simulated/trace-derived
ep_competitor,L2R,710.000000,715.000000,712.500000,0.000000,0.000000,0.000000,100.000000,5.000000,ns3-simulated/trace-derived
ep_competitor,L2R,715.000000,720.000000,717.500000,0.000000,0.000000,0.000000,100.000000,5.000000,ns3-simulated/trace-derived
ep_competitor,L2R,720.000000,725.000000,722.500000,0.000000,0.000000,0.000000,100.000000,5.000000,ns3-simulated/trace-derived
ep_competitor,L2R,725.000000,730.000000,727.500000,0.000000,0.000000,0.000000,100.000000,5.000000,ns3-simulated/trace-derived
ep_competitor,L2R,730.000000,735.000000,732.500000,0.000000,0.000000,0.000000,100.000000,5.000000,ns3-simulated/trace-derived
ep_competitor,L2R,735.000000,740.000000,737.500000,0.000000,0.000000,0.000000,100.000000,5.000000,ns3-simulated/trace-derived
ep_competitor,L2R,740.000000,745.000000,742.500000,0.000000,0.000000,0.000000,100.000000,5.000000,ns3-simulated/trace-derived
ep_competitor,L2R,745.000000,750.000000,747.500000,0.000000,0.000000,0.000000,100.000000,5.000000,ns3-simulated/trace-derived
ep_competitor,L2R,750.000000,755.000000,752.500000,0.000000,0.000000,0.000000,100.000000,5.000000,ns3-simulated/trace-derived
ep_competitor,L2R,755.000000,760.000000,757.500000,0.000000,0.000000,0.000000,100.000000,5.000000,ns3-simulated/trace-derived
ep_competitor,L2R,760.000000,765.000000,762.500000,0.000000,0.000000,0.000000,100.000000,5.000000,ns3-simulated/trace-derived
ep_competitor,L2R,765.000000,770.000000,767.500000,0.000000,0.000000,0.000000,100.000000,5.000000,ns3-simulated/trace-derived
ep_competitor,L2R,770.000000,775.000000,772.500000,0.000000,0.000000,0.000000,100.000000,5.000000,ns3-simulated/trace-derived
ep_competitor,L2R,775.000000,780.000000,777.500000,0.000000,0.000000,0.000000,100.000000,5.000000,ns3-simulated/trace-derived
ep_competitor,L2R,780.000000,785.000000,782.500000,0.000000,0.000000,0.000000,100.000000,5.000000,ns3-simulated/trace-derived
ep_competitor,L2R,785.000000,790.000000,787.500000,0.000000,0.000000,0.000000,100.000000,5.000000,ns3-simulated/trace-derived
ep_competitor,L2R,790.000000,795.000000,792.500000,0.000000,0.000000,0.000000,100.000000,5.000000,ns3-simulated/trace-derived
ep_competitor,L2R,795.000000,800.000000,797.500000,0.000000,0.000000,0.000000,100.000000,5.000000,ns3-simulated/trace-derived
ep_competitor,L2R,800.000000,805.000000,802.500000,0.000000,0.000000,0.000000,100.000000,5.000000,ns3-simulated/trace-derived
ep_competitor,L2R,805.000000,810.000000,807.500000,0.000000,0.000000,0.000000,100.000000,5.000000,ns3-simulated/trace-derived
ep_competitor,L2R,810.000000,815.000000,812.500000,0.000000,0.000000,0.000000,100.000000,5.000000,ns3-simulated/trace-derived
ep_competitor,L2R,815.000000,820.000000,817.500000,0.000000,0.000000,0.000000,100.000000,5.000000,ns3-simulated/trace-derived
ep_competitor,L2R,820.000000,825.000000,822.500000,0.000000,0.000000,0.000000,100.000000,5.000000,ns3-simulated/trace-derived
ep_competitor,L2R,825.000000,830.000000,827.500000,0.000000,0.000000,0.000000,100.000000,5.000000,ns3-simulated/trace-derived
ep_competitor,L2R,830.000000,835.000000,832.500000,0.000000,0.000000,0.000000,100.000000,5.000000,ns3-simulated/trace-derived
ep_competitor,L2R,835.000000,840.000000,837.500000,0.000000,0.000000,0.000000,100.000000,5.000000,ns3-simulated/trace-derived
ep_competitor,L2R,840.000000,845.000000,842.500000,0.000000,0.000000,0.000000,100.000000,5.000000,ns3-simulated/trace-derived
ep_competitor,L2R,845.000000,850.000000,847.500000,0.000000,0.000000,0.000000,100.000000,5.000000,ns3-simulated/trace-derived
ep_competitor,L2R,850.000000,855.000000,852.500000,0.000000,0.000000,0.000000,100.000000,5.000000,ns3-simulated/trace-derived
ep_competitor,L2R,855.000000,860.000000,857.500000,0.000000,0.000000,0.000000,100.000000,5.000000,ns3-simulated/trace-derived
ep_competitor,L2R,860.000000,865.000000,862.500000,0.000000,0.000000,0.000000,100.000000,5.000000,ns3-simulated/trace-derived
ep_competitor,L2R,865.000000,870.000000,867.500000,0.000000,0.000000,0.000000,100.000000,5.000000,ns3-simulated/trace-derived
ep_competitor,L2R,870.000000,875.000000,872.500000,0.000000,0.000000,0.000000,100.000000,5.000000,ns3-simulated/trace-derived
ep_competitor,L2R,875.000000,880.000000,877.500000,0.000000,0.000000,0.000000,100.000000,5.000000,ns3-simulated/trace-derived
ep_competitor,L2R,880.000000,885.000000,882.500000,0.000000,0.000000,0.000000,100.000000,5.000000,ns3-simulated/trace-derived
ep_competitor,L2R,885.000000,890.000000,887.500000,0.000000,0.000000,0.000000,100.000000,5.000000,ns3-simulated/trace-derived
ep_competitor,L2R,890.000000,895.000000,892.500000,0.000000,0.000000,0.000000,100.000000,5.000000,ns3-simulated/trace-derived
ep_competitor,L2R,895.000000,900.000000,897.500000,0.000000,0.000000,0.000000,100.000000,5.000000,ns3-simulated/trace-derived
ep_competitor,L2R,900.000000,905.000000,902.500000,31851.000000,50.961600,50.961600,100.000000,5.000000,ns3-simulated/trace-derived
ep_competitor,L2R,905.000000,910.000000,907.500000,30759.000000,49.214400,49.214400,100.000000,5.000000,ns3-simulated/trace-derived
ep_competitor,L2R,910.000000,915.000000,912.500000,31631.000000,50.609600,50.609600,100.000000,5.000000,ns3-simulated/trace-derived
ep_competitor,L2R,915.000000,920.000000,917.500000,30979.000000,49.566400,49.566400,100.000000,5.000000,ns3-simulated/trace-derived
ep_competitor,L2R,920.000000,925.000000,922.500000,31411.000000,50.257600,50.257600,100.000000,5.000000,ns3-simulated/trace-derived
ep_competitor,L2R,925.000000,930.000000,927.500000,31199.000000,49.918400,49.918400,100.000000,5.000000,ns3-simulated/trace-derived
ep_competitor,L2R,930.000000,935.000000,932.500000,31191.000000,49.905600,49.905600,100.000000,5.000000,ns3-simulated/trace-derived
ep_competitor,L2R,935.000000,940.000000,937.500000,31419.000000,50.270400,50.270400,100.000000,5.000000,ns3-simulated/trace-derived
ep_competitor,L2R,940.000000,945.000000,942.500000,30971.000000,49.553600,49.553600,100.000000,5.000000,ns3-simulated/trace-derived
ep_competitor,L2R,945.000000,950.000000,947.500000,2421.000000,3.873600,3.873600,100.000000,5.000000,ns3-simulated/trace-derived
ep_competitor,L2R,950.000000,955.000000,952.500000,0.000000,0.000000,0.000000,100.000000,5.000000,ns3-simulated/trace-derived
ep_competitor,L2R,955.000000,960.000000,957.500000,0.000000,0.000000,0.000000,100.000000,5.000000,ns3-simulated/trace-derived
ep_competitor,L2R,960.000000,965.000000,962.500000,0.000000,0.000000,0.000000,100.000000,5.000000,ns3-simulated/trace-derived
ep_competitor,L2R,965.000000,970.000000,967.500000,0.000000,0.000000,0.000000,100.000000,5.000000,ns3-simulated/trace-derived
ep_competitor,L2R,970.000000,975.000000,972.500000,0.000000,0.000000,0.000000,100.000000,5.000000,ns3-simulated/trace-derived
ep_competitor,L2R,975.000000,980.000000,977.500000,0.000000,0.000000,0.000000,100.000000,5.000000,ns3-simulated/trace-derived
ep_competitor,L2R,980.000000,985.000000,982.500000,0.000000,0.000000,0.000000,100.000000,5.000000,ns3-simulated/trace-derived
ep_competitor,L2R,985.000000,990.000000,987.500000,0.000000,0.000000,0.000000,100.000000,5.000000,ns3-simulated/trace-derived
ep_competitor,L2R,990.000000,995.000000,992.500000,0.000000,0.000000,0.000000,100.000000,5.000000,ns3-simulated/trace-derived
ep_competitor,L2R,995.000000,1000.000000,997.500000,0.000000,0.000000,0.000000,100.000000,5.000000,ns3-simulated/trace-derived
ep_competitor,L2R,1000.000000,1005.000000,1002.500000,0.000000,0.000000,0.000000,100.000000,5.000000,ns3-simulated/trace-derived
ep_competitor,L2R,1005.000000,1010.000000,1007.500000,0.000000,0.000000,0.000000,100.000000,5.000000,ns3-simulated/trace-derived
ep_competitor,L2R,1010.000000,1015.000000,1012.500000,0.000000,0.000000,0.000000,100.000000,5.000000,ns3-simulated/trace-derived
ep_competitor,L2R,1015.000000,1020.000000,1017.500000,0.000000,0.000000,0.000000,100.000000,5.000000,ns3-simulated/trace-derived
ep_competitor,L2R,1020.000000,1025.000000,1022.500000,0.000000,0.000000,0.000000,100.000000,5.000000,ns3-simulated/trace-derived
ep_competitor,L2R,1025.000000,1030.000000,1027.500000,0.000000,0.000000,0.000000,100.000000,5.000000,ns3-simulated/trace-derived
ep_competitor,L2R,1030.000000,1035.000000,1032.500000,0.000000,0.000000,0.000000,100.000000,5.000000,ns3-simulated/trace-derived
ep_competitor,L2R,1035.000000,1040.000000,1037.500000,0.000000,0.000000,0.000000,100.000000,5.000000,ns3-simulated/trace-derived
ep_competitor,L2R,1040.000000,1045.000000,1042.500000,0.000000,0.000000,0.000000,100.000000,5.000000,ns3-simulated/trace-derived
ep_competitor,L2R,1045.000000,1050.000000,1047.500000,0.000000,0.000000,0.000000,100.000000,5.000000,ns3-simulated/trace-derived
ep_competitor,L2R,1050.000000,1055.000000,1052.500000,0.000000,0.000000,0.000000,100.000000,5.000000,ns3-simulated/trace-derived
ep_competitor,L2R,1055.000000,1060.000000,1057.500000,0.000000,0.000000,0.000000,100.000000,5.000000,ns3-simulated/trace-derived
ep_competitor,L2R,1060.000000,1065.000000,1062.500000,0.000000,0.000000,0.000000,100.000000,5.000000,ns3-simulated/trace-derived
ep_competitor,L2R,1065.000000,1070.000000,1067.500000,0.000000,0.000000,0.000000,100.000000,5.000000,ns3-simulated/trace-derived
ep_competitor,L2R,1070.000000,1075.000000,1072.500000,0.000000,0.000000,0.000000,100.000000,5.000000,ns3-simulated/trace-derived
ep_competitor,L2R,1075.000000,1080.000000,1077.500000,0.000000,0.000000,0.000000,100.000000,5.000000,ns3-simulated/trace-derived
ep_competitor,L2R,1080.000000,1085.000000,1082.500000,0.000000,0.000000,0.000000,100.000000,5.000000,ns3-simulated/trace-derived
ep_competitor,L2R,1085.000000,1090.000000,1087.500000,0.000000,0.000000,0.000000,100.000000,5.000000,ns3-simulated/trace-derived
ep_competitor,L2R,1090.000000,1095.000000,1092.500000,0.000000,0.000000,0.000000,100.000000,5.000000,ns3-simulated/trace-derived
ep_competitor,L2R,1095.000000,1100.000000,1097.500000,0.000000,0.000000,0.000000,100.000000,5.000000,ns3-simulated/trace-derived
kv_competitor,L2R,0.000000,5.000000,2.500000,0.000000,0.000000,0.000000,100.000000,5.000000,ns3-simulated/trace-derived
kv_competitor,L2R,5.000000,10.000000,7.500000,0.000000,0.000000,0.000000,100.000000,5.000000,ns3-simulated/trace-derived
kv_competitor,L2R,10.000000,15.000000,12.500000,0.000000,0.000000,0.000000,100.000000,5.000000,ns3-simulated/trace-derived
kv_competitor,L2R,15.000000,20.000000,17.500000,0.000000,0.000000,0.000000,100.000000,5.000000,ns3-simulated/trace-derived
kv_competitor,L2R,20.000000,25.000000,22.500000,0.000000,0.000000,0.000000,100.000000,5.000000,ns3-simulated/trace-derived
kv_competitor,L2R,25.000000,30.000000,27.500000,0.000000,0.000000,0.000000,100.000000,5.000000,ns3-simulated/trace-derived
kv_competitor,L2R,30.000000,35.000000,32.500000,0.000000,0.000000,0.000000,100.000000,5.000000,ns3-simulated/trace-derived
kv_competitor,L2R,35.000000,40.000000,37.500000,0.000000,0.000000,0.000000,100.000000,5.000000,ns3-simulated/trace-derived
kv_competitor,L2R,40.000000,45.000000,42.500000,0.000000,0.000000,0.000000,100.000000,5.000000,ns3-simulated/trace-derived
kv_competitor,L2R,45.000000,50.000000,47.500000,0.000000,0.000000,0.000000,100.000000,5.000000,ns3-simulated/trace-derived
kv_competitor,L2R,50.000000,55.000000,52.500000,0.000000,0.000000,0.000000,100.000000,5.000000,ns3-simulated/trace-derived
kv_competitor,L2R,55.000000,60.000000,57.500000,0.000000,0.000000,0.000000,100.000000,5.000000,ns3-simulated/trace-derived
kv_competitor,L2R,60.000000,65.000000,62.500000,0.000000,0.000000,0.000000,100.000000,5.000000,ns3-simulated/trace-derived
kv_competitor,L2R,65.000000,70.000000,67.500000,0.000000,0.000000,0.000000,100.000000,5.000000,ns3-simulated/trace-derived
kv_competitor,L2R,70.000000,75.000000,72.500000,0.000000,0.000000,0.000000,100.000000,5.000000,ns3-simulated/trace-derived
kv_competitor,L2R,75.000000,80.000000,77.500000,0.000000,0.000000,0.000000,100.000000,5.000000,ns3-simulated/trace-derived
kv_competitor,L2R,80.000000,85.000000,82.500000,0.000000,0.000000,0.000000,100.000000,5.000000,ns3-simulated/trace-derived
kv_competitor,L2R,85.000000,90.000000,87.500000,0.000000,0.000000,0.000000,100.000000,5.000000,ns3-simulated/trace-derived
kv_competitor,L2R,90.000000,95.000000,92.500000,0.000000,0.000000,0.000000,100.000000,5.000000,ns3-simulated/trace-derived
kv_competitor,L2R,95.000000,100.000000,97.500000,0.000000,0.000000,0.000000,100.000000,5.000000,ns3-simulated/trace-derived
kv_competitor,L2R,100.000000,105.000000,102.500000,0.000000,0.000000,0.000000,100.000000,5.000000,ns3-simulated/trace-derived
kv_competitor,L2R,105.000000,110.000000,107.500000,0.000000,0.000000,0.000000,100.000000,5.000000,ns3-simulated/trace-derived
kv_competitor,L2R,110.000000,115.000000,112.500000,0.000000,0.000000,0.000000,100.000000,5.000000,ns3-simulated/trace-derived
kv_competitor,L2R,115.000000,120.000000,117.500000,0.000000,0.000000,0.000000,100.000000,5.000000,ns3-simulated/trace-derived
kv_competitor,L2R,120.000000,125.000000,122.500000,0.000000,0.000000,0.000000,100.000000,5.000000,ns3-simulated/trace-derived
kv_competitor,L2R,125.000000,130.000000,127.500000,0.000000,0.000000,0.000000,100.000000,5.000000,ns3-simulated/trace-derived
kv_competitor,L2R,130.000000,135.000000,132.500000,0.000000,0.000000,0.000000,100.000000,5.000000,ns3-simulated/trace-derived
kv_competitor,L2R,135.000000,140.000000,137.500000,0.000000,0.000000,0.000000,100.000000,5.000000,ns3-simulated/trace-derived
kv_competitor,L2R,140.000000,145.000000,142.500000,0.000000,0.000000,0.000000,100.000000,5.000000,ns3-simulated/trace-derived
kv_competitor,L2R,145.000000,150.000000,147.500000,0.000000,0.000000,0.000000,100.000000,5.000000,ns3-simulated/trace-derived
kv_competitor,L2R,150.000000,155.000000,152.500000,0.000000,0.000000,0.000000,100.000000,5.000000,ns3-simulated/trace-derived
kv_competitor,L2R,155.000000,160.000000,157.500000,0.000000,0.000000,0.000000,100.000000,5.000000,ns3-simulated/trace-derived
kv_competitor,L2R,160.000000,165.000000,162.500000,0.000000,0.000000,0.000000,100.000000,5.000000,ns3-simulated/trace-derived
kv_competitor,L2R,165.000000,170.000000,167.500000,0.000000,0.000000,0.000000,100.000000,5.000000,ns3-simulated/trace-derived
kv_competitor,L2R,170.000000,175.000000,172.500000,0.000000,0.000000,0.000000,100.000000,5.000000,ns3-simulated/trace-derived
kv_competitor,L2R,175.000000,180.000000,177.500000,0.000000,0.000000,0.000000,100.000000,5.000000,ns3-simulated/trace-derived
kv_competitor,L2R,180.000000,185.000000,182.500000,0.000000,0.000000,0.000000,100.000000,5.000000,ns3-simulated/trace-derived
kv_competitor,L2R,185.000000,190.000000,187.500000,0.000000,0.000000,0.000000,100.000000,5.000000,ns3-simulated/trace-derived
kv_competitor,L2R,190.000000,195.000000,192.500000,0.000000,0.000000,0.000000,100.000000,5.000000,ns3-simulated/trace-derived
kv_competitor,L2R,195.000000,200.000000,197.500000,0.000000,0.000000,0.000000,100.000000,5.000000,ns3-simulated/trace-derived
kv_competitor,L2R,200.000000,205.000000,202.500000,0.000000,0.000000,0.000000,100.000000,5.000000,ns3-simulated/trace-derived
kv_competitor,L2R,205.000000,210.000000,207.500000,0.000000,0.000000,0.000000,100.000000,5.000000,ns3-simulated/trace-derived
kv_competitor,L2R,210.000000,215.000000,212.500000,0.000000,0.000000,0.000000,100.000000,5.000000,ns3-simulated/trace-derived
kv_competitor,L2R,215.000000,220.000000,217.500000,0.000000,0.000000,0.000000,100.000000,5.000000,ns3-simulated/trace-derived
kv_competitor,L2R,220.000000,225.000000,222.500000,0.000000,0.000000,0.000000,100.000000,5.000000,ns3-simulated/trace-derived
kv_competitor,L2R,225.000000,230.000000,227.500000,0.000000,0.000000,0.000000,100.000000,5.000000,ns3-simulated/trace-derived
kv_competitor,L2R,230.000000,235.000000,232.500000,0.000000,0.000000,0.000000,100.000000,5.000000,ns3-simulated/trace-derived
kv_competitor,L2R,235.000000,240.000000,237.500000,0.000000,0.000000,0.000000,100.000000,5.000000,ns3-simulated/trace-derived
kv_competitor,L2R,240.000000,245.000000,242.500000,0.000000,0.000000,0.000000,100.000000,5.000000,ns3-simulated/trace-derived
kv_competitor,L2R,245.000000,250.000000,247.500000,0.000000,0.000000,0.000000,100.000000,5.000000,ns3-simulated/trace-derived
kv_competitor,L2R,250.000000,255.000000,252.500000,0.000000,0.000000,0.000000,100.000000,5.000000,ns3-simulated/trace-derived
kv_competitor,L2R,255.000000,260.000000,257.500000,0.000000,0.000000,0.000000,100.000000,5.000000,ns3-simulated/trace-derived
kv_competitor,L2R,260.000000,265.000000,262.500000,0.000000,0.000000,0.000000,100.000000,5.000000,ns3-simulated/trace-derived
kv_competitor,L2R,265.000000,270.000000,267.500000,0.000000,0.000000,0.000000,100.000000,5.000000,ns3-simulated/trace-derived
kv_competitor,L2R,270.000000,275.000000,272.500000,0.000000,0.000000,0.000000,100.000000,5.000000,ns3-simulated/trace-derived
kv_competitor,L2R,275.000000,280.000000,277.500000,0.000000,0.000000,0.000000,100.000000,5.000000,ns3-simulated/trace-derived
kv_competitor,L2R,280.000000,285.000000,282.500000,0.000000,0.000000,0.000000,100.000000,5.000000,ns3-simulated/trace-derived
kv_competitor,L2R,285.000000,290.000000,287.500000,0.000000,0.000000,0.000000,100.000000,5.000000,ns3-simulated/trace-derived
kv_competitor,L2R,290.000000,295.000000,292.500000,0.000000,0.000000,0.000000,100.000000,5.000000,ns3-simulated/trace-derived
kv_competitor,L2R,295.000000,300.000000,297.500000,0.000000,0.000000,0.000000,100.000000,5.000000,ns3-simulated/trace-derived
kv_competitor,L2R,300.000000,305.000000,302.500000,0.000000,0.000000,0.000000,100.000000,5.000000,ns3-simulated/trace-derived
kv_competitor,L2R,305.000000,310.000000,307.500000,0.000000,0.000000,0.000000,100.000000,5.000000,ns3-simulated/trace-derived
kv_competitor,L2R,310.000000,315.000000,312.500000,0.000000,0.000000,0.000000,100.000000,5.000000,ns3-simulated/trace-derived
kv_competitor,L2R,315.000000,320.000000,317.500000,0.000000,0.000000,0.000000,100.000000,5.000000,ns3-simulated/trace-derived
kv_competitor,L2R,320.000000,325.000000,322.500000,0.000000,0.000000,0.000000,100.000000,5.000000,ns3-simulated/trace-derived
kv_competitor,L2R,325.000000,330.000000,327.500000,0.000000,0.000000,0.000000,100.000000,5.000000,ns3-simulated/trace-derived
kv_competitor,L2R,330.000000,335.000000,332.500000,31851.000000,50.961600,50.961600,100.000000,5.000000,ns3-simulated/trace-derived
kv_competitor,L2R,335.000000,340.000000,337.500000,30759.000000,49.214400,49.214400,100.000000,5.000000,ns3-simulated/trace-derived
kv_competitor,L2R,340.000000,345.000000,342.500000,31631.000000,50.609600,50.609600,100.000000,5.000000,ns3-simulated/trace-derived
kv_competitor,L2R,345.000000,350.000000,347.500000,30979.000000,49.566400,49.566400,100.000000,5.000000,ns3-simulated/trace-derived
kv_competitor,L2R,350.000000,355.000000,352.500000,31411.000000,50.257600,50.257600,100.000000,5.000000,ns3-simulated/trace-derived
kv_competitor,L2R,355.000000,360.000000,357.500000,31199.000000,49.918400,49.918400,100.000000,5.000000,ns3-simulated/trace-derived
kv_competitor,L2R,360.000000,365.000000,362.500000,31191.000000,49.905600,49.905600,100.000000,5.000000,ns3-simulated/trace-derived
kv_competitor,L2R,365.000000,370.000000,367.500000,31419.000000,50.270400,50.270400,100.000000,5.000000,ns3-simulated/trace-derived
kv_competitor,L2R,370.000000,375.000000,372.500000,30971.000000,49.553600,49.553600,100.000000,5.000000,ns3-simulated/trace-derived
kv_competitor,L2R,375.000000,380.000000,377.500000,57827.000000,92.523200,92.523200,100.000000,5.000000,ns3-simulated/trace-derived
kv_competitor,L2R,380.000000,385.000000,382.500000,62500.000000,100.000000,100.000000,100.000000,5.000000,ns3-simulated/trace-derived
kv_competitor,L2R,385.000000,390.000000,387.500000,62500.000000,100.000000,100.000000,100.000000,5.000000,ns3-simulated/trace-derived
kv_competitor,L2R,390.000000,395.000000,392.500000,62500.000000,100.000000,100.000000,100.000000,5.000000,ns3-simulated/trace-derived
kv_competitor,L2R,395.000000,400.000000,397.500000,7534.000000,12.054400,12.054400,100.000000,5.000000,ns3-simulated/trace-derived
kv_competitor,L2R,400.000000,405.000000,402.500000,0.000000,0.000000,0.000000,100.000000,5.000000,ns3-simulated/trace-derived
kv_competitor,L2R,405.000000,410.000000,407.500000,0.000000,0.000000,0.000000,100.000000,5.000000,ns3-simulated/trace-derived
kv_competitor,L2R,410.000000,415.000000,412.500000,0.000000,0.000000,0.000000,100.000000,5.000000,ns3-simulated/trace-derived
kv_competitor,L2R,415.000000,420.000000,417.500000,0.000000,0.000000,0.000000,100.000000,5.000000,ns3-simulated/trace-derived
kv_competitor,L2R,420.000000,425.000000,422.500000,0.000000,0.000000,0.000000,100.000000,5.000000,ns3-simulated/trace-derived
kv_competitor,L2R,425.000000,430.000000,427.500000,0.000000,0.000000,0.000000,100.000000,5.000000,ns3-simulated/trace-derived
kv_competitor,L2R,430.000000,435.000000,432.500000,0.000000,0.000000,0.000000,100.000000,5.000000,ns3-simulated/trace-derived
kv_competitor,L2R,435.000000,440.000000,437.500000,0.000000,0.000000,0.000000,100.000000,5.000000,ns3-simulated/trace-derived
kv_competitor,L2R,440.000000,445.000000,442.500000,0.000000,0.000000,0.000000,100.000000,5.000000,ns3-simulated/trace-derived
kv_competitor,L2R,445.000000,450.000000,447.500000,0.000000,0.000000,0.000000,100.000000,5.000000,ns3-simulated/trace-derived
kv_competitor,L2R,450.000000,455.000000,452.500000,0.000000,0.000000,0.000000,100.000000,5.000000,ns3-simulated/trace-derived
kv_competitor,L2R,455.000000,460.000000,457.500000,0.000000,0.000000,0.000000,100.000000,5.000000,ns3-simulated/trace-derived
kv_competitor,L2R,460.000000,465.000000,462.500000,0.000000,0.000000,0.000000,100.000000,5.000000,ns3-simulated/trace-derived
kv_competitor,L2R,465.000000,470.000000,467.500000,0.000000,0.000000,0.000000,100.000000,5.000000,ns3-simulated/trace-derived
kv_competitor,L2R,470.000000,475.000000,472.500000,0.000000,0.000000,0.000000,100.000000,5.000000,ns3-simulated/trace-derived
kv_competitor,L2R,475.000000,480.000000,477.500000,0.000000,0.000000,0.000000,100.000000,5.000000,ns3-simulated/trace-derived
kv_competitor,L2R,480.000000,485.000000,482.500000,0.000000,0.000000,0.000000,100.000000,5.000000,ns3-simulated/trace-derived
kv_competitor,L2R,485.000000,490.000000,487.500000,0.000000,0.000000,0.000000,100.000000,5.000000,ns3-simulated/trace-derived
kv_competitor,L2R,490.000000,495.000000,492.500000,0.000000,0.000000,0.000000,100.000000,5.000000,ns3-simulated/trace-derived
kv_competitor,L2R,495.000000,500.000000,497.500000,0.000000,0.000000,0.000000,100.000000,5.000000,ns3-simulated/trace-derived
kv_competitor,L2R,500.000000,505.000000,502.500000,0.000000,0.000000,0.000000,100.000000,5.000000,ns3-simulated/trace-derived
kv_competitor,L2R,505.000000,510.000000,507.500000,0.000000,0.000000,0.000000,100.000000,5.000000,ns3-simulated/trace-derived
kv_competitor,L2R,510.000000,515.000000,512.500000,0.000000,0.000000,0.000000,100.000000,5.000000,ns3-simulated/trace-derived
kv_competitor,L2R,515.000000,520.000000,517.500000,0.000000,0.000000,0.000000,100.000000,5.000000,ns3-simulated/trace-derived
kv_competitor,L2R,520.000000,525.000000,522.500000,0.000000,0.000000,0.000000,100.000000,5.000000,ns3-simulated/trace-derived
kv_competitor,L2R,525.000000,530.000000,527.500000,0.000000,0.000000,0.000000,100.000000,5.000000,ns3-simulated/trace-derived
kv_competitor,L2R,530.000000,535.000000,532.500000,0.000000,0.000000,0.000000,100.000000,5.000000,ns3-simulated/trace-derived
kv_competitor,L2R,535.000000,540.000000,537.500000,0.000000,0.000000,0.000000,100.000000,5.000000,ns3-simulated/trace-derived
kv_competitor,L2R,540.000000,545.000000,542.500000,0.000000,0.000000,0.000000,100.000000,5.000000,ns3-simulated/trace-derived
kv_competitor,L2R,545.000000,550.000000,547.500000,0.000000,0.000000,0.000000,100.000000,5.000000,ns3-simulated/trace-derived
kv_competitor,L2R,550.000000,555.000000,552.500000,0.000000,0.000000,0.000000,100.000000,5.000000,ns3-simulated/trace-derived
kv_competitor,L2R,555.000000,560.000000,557.500000,0.000000,0.000000,0.000000,100.000000,5.000000,ns3-simulated/trace-derived
kv_competitor,L2R,560.000000,565.000000,562.500000,0.000000,0.000000,0.000000,100.000000,5.000000,ns3-simulated/trace-derived
kv_competitor,L2R,565.000000,570.000000,567.500000,0.000000,0.000000,0.000000,100.000000,5.000000,ns3-simulated/trace-derived
kv_competitor,L2R,570.000000,575.000000,572.500000,0.000000,0.000000,0.000000,100.000000,5.000000,ns3-simulated/trace-derived
kv_competitor,L2R,575.000000,580.000000,577.500000,0.000000,0.000000,0.000000,100.000000,5.000000,ns3-simulated/trace-derived
kv_competitor,L2R,580.000000,585.000000,582.500000,0.000000,0.000000,0.000000,100.000000,5.000000,ns3-simulated/trace-derived
kv_competitor,L2R,585.000000,590.000000,587.500000,0.000000,0.000000,0.000000,100.000000,5.000000,ns3-simulated/trace-derived
kv_competitor,L2R,590.000000,595.000000,592.500000,0.000000,0.000000,0.000000,100.000000,5.000000,ns3-simulated/trace-derived
kv_competitor,L2R,595.000000,600.000000,597.500000,0.000000,0.000000,0.000000,100.000000,5.000000,ns3-simulated/trace-derived
kv_competitor,L2R,600.000000,605.000000,602.500000,0.000000,0.000000,0.000000,100.000000,5.000000,ns3-simulated/trace-derived
kv_competitor,L2R,605.000000,610.000000,607.500000,0.000000,0.000000,0.000000,100.000000,5.000000,ns3-simulated/trace-derived
kv_competitor,L2R,610.000000,615.000000,612.500000,0.000000,0.000000,0.000000,100.000000,5.000000,ns3-simulated/trace-derived
kv_competitor,L2R,615.000000,620.000000,617.500000,0.000000,0.000000,0.000000,100.000000,5.000000,ns3-simulated/trace-derived
kv_competitor,L2R,620.000000,625.000000,622.500000,0.000000,0.000000,0.000000,100.000000,5.000000,ns3-simulated/trace-derived
kv_competitor,L2R,625.000000,630.000000,627.500000,0.000000,0.000000,0.000000,100.000000,5.000000,ns3-simulated/trace-derived
kv_competitor,L2R,630.000000,635.000000,632.500000,0.000000,0.000000,0.000000,100.000000,5.000000,ns3-simulated/trace-derived
kv_competitor,L2R,635.000000,640.000000,637.500000,0.000000,0.000000,0.000000,100.000000,5.000000,ns3-simulated/trace-derived
kv_competitor,L2R,640.000000,645.000000,642.500000,0.000000,0.000000,0.000000,100.000000,5.000000,ns3-simulated/trace-derived
kv_competitor,L2R,645.000000,650.000000,647.500000,0.000000,0.000000,0.000000,100.000000,5.000000,ns3-simulated/trace-derived
kv_competitor,L2R,650.000000,655.000000,652.500000,0.000000,0.000000,0.000000,100.000000,5.000000,ns3-simulated/trace-derived
kv_competitor,L2R,655.000000,660.000000,657.500000,0.000000,0.000000,0.000000,100.000000,5.000000,ns3-simulated/trace-derived
kv_competitor,L2R,660.000000,665.000000,662.500000,0.000000,0.000000,0.000000,100.000000,5.000000,ns3-simulated/trace-derived
kv_competitor,L2R,665.000000,670.000000,667.500000,0.000000,0.000000,0.000000,100.000000,5.000000,ns3-simulated/trace-derived
kv_competitor,L2R,670.000000,675.000000,672.500000,31851.000000,50.961600,50.961600,100.000000,5.000000,ns3-simulated/trace-derived
kv_competitor,L2R,675.000000,680.000000,677.500000,26585.000000,42.536000,42.536000,100.000000,5.000000,ns3-simulated/trace-derived
kv_competitor,L2R,680.000000,685.000000,682.500000,29218.000000,46.748800,46.748800,100.000000,5.000000,ns3-simulated/trace-derived
kv_competitor,L2R,685.000000,690.000000,687.500000,26660.000000,42.656000,42.656000,100.000000,5.000000,ns3-simulated/trace-derived
kv_competitor,L2R,690.000000,695.000000,692.500000,27602.000000,44.163200,44.163200,100.000000,5.000000,ns3-simulated/trace-derived
kv_competitor,L2R,695.000000,700.000000,697.500000,29218.000000,46.748800,46.748800,100.000000,5.000000,ns3-simulated/trace-derived
kv_competitor,L2R,700.000000,705.000000,702.500000,25705.000000,41.128000,41.128000,100.000000,5.000000,ns3-simulated/trace-derived
kv_competitor,L2R,705.000000,710.000000,707.500000,28557.000000,45.691200,45.691200,100.000000,5.000000,ns3-simulated/trace-derived
kv_competitor,L2R,710.000000,715.000000,712.500000,49405.000000,79.048000,79.048000,100.000000,5.000000,ns3-simulated/trace-derived
kv_competitor,L2R,715.000000,720.000000,717.500000,62125.000000,99.400000,99.400000,100.000000,5.000000,ns3-simulated/trace-derived
kv_competitor,L2R,720.000000,725.000000,722.500000,62000.000000,99.200000,99.200000,100.000000,5.000000,ns3-simulated/trace-derived
kv_competitor,L2R,725.000000,730.000000,727.500000,62000.000000,99.200000,99.200000,100.000000,5.000000,ns3-simulated/trace-derived
kv_competitor,L2R,730.000000,735.000000,732.500000,62000.000000,99.200000,99.200000,100.000000,5.000000,ns3-simulated/trace-derived
kv_competitor,L2R,735.000000,740.000000,737.500000,11346.000000,18.153600,18.153600,100.000000,5.000000,ns3-simulated/trace-derived
kv_competitor,L2R,740.000000,745.000000,742.500000,0.000000,0.000000,0.000000,100.000000,5.000000,ns3-simulated/trace-derived
kv_competitor,L2R,745.000000,750.000000,747.500000,0.000000,0.000000,0.000000,100.000000,5.000000,ns3-simulated/trace-derived
kv_competitor,L2R,750.000000,755.000000,752.500000,0.000000,0.000000,0.000000,100.000000,5.000000,ns3-simulated/trace-derived
kv_competitor,L2R,755.000000,760.000000,757.500000,0.000000,0.000000,0.000000,100.000000,5.000000,ns3-simulated/trace-derived
kv_competitor,L2R,760.000000,765.000000,762.500000,0.000000,0.000000,0.000000,100.000000,5.000000,ns3-simulated/trace-derived
kv_competitor,L2R,765.000000,770.000000,767.500000,0.000000,0.000000,0.000000,100.000000,5.000000,ns3-simulated/trace-derived
kv_competitor,L2R,770.000000,775.000000,772.500000,0.000000,0.000000,0.000000,100.000000,5.000000,ns3-simulated/trace-derived
kv_competitor,L2R,775.000000,780.000000,777.500000,0.000000,0.000000,0.000000,100.000000,5.000000,ns3-simulated/trace-derived
kv_competitor,L2R,780.000000,785.000000,782.500000,0.000000,0.000000,0.000000,100.000000,5.000000,ns3-simulated/trace-derived
kv_competitor,L2R,785.000000,790.000000,787.500000,0.000000,0.000000,0.000000,100.000000,5.000000,ns3-simulated/trace-derived
kv_competitor,L2R,790.000000,795.000000,792.500000,0.000000,0.000000,0.000000,100.000000,5.000000,ns3-simulated/trace-derived
kv_competitor,L2R,795.000000,800.000000,797.500000,0.000000,0.000000,0.000000,100.000000,5.000000,ns3-simulated/trace-derived
kv_competitor,L2R,800.000000,805.000000,802.500000,0.000000,0.000000,0.000000,100.000000,5.000000,ns3-simulated/trace-derived
kv_competitor,L2R,805.000000,810.000000,807.500000,0.000000,0.000000,0.000000,100.000000,5.000000,ns3-simulated/trace-derived
kv_competitor,L2R,810.000000,815.000000,812.500000,0.000000,0.000000,0.000000,100.000000,5.000000,ns3-simulated/trace-derived
kv_competitor,L2R,815.000000,820.000000,817.500000,0.000000,0.000000,0.000000,100.000000,5.000000,ns3-simulated/trace-derived
kv_competitor,L2R,820.000000,825.000000,822.500000,0.000000,0.000000,0.000000,100.000000,5.000000,ns3-simulated/trace-derived
kv_competitor,L2R,825.000000,830.000000,827.500000,0.000000,0.000000,0.000000,100.000000,5.000000,ns3-simulated/trace-derived
kv_competitor,L2R,830.000000,835.000000,832.500000,0.000000,0.000000,0.000000,100.000000,5.000000,ns3-simulated/trace-derived
kv_competitor,L2R,835.000000,840.000000,837.500000,0.000000,0.000000,0.000000,100.000000,5.000000,ns3-simulated/trace-derived
kv_competitor,L2R,840.000000,845.000000,842.500000,0.000000,0.000000,0.000000,100.000000,5.000000,ns3-simulated/trace-derived
kv_competitor,L2R,845.000000,850.000000,847.500000,0.000000,0.000000,0.000000,100.000000,5.000000,ns3-simulated/trace-derived
kv_competitor,L2R,850.000000,855.000000,852.500000,0.000000,0.000000,0.000000,100.000000,5.000000,ns3-simulated/trace-derived
kv_competitor,L2R,855.000000,860.000000,857.500000,0.000000,0.000000,0.000000,100.000000,5.000000,ns3-simulated/trace-derived
kv_competitor,L2R,860.000000,865.000000,862.500000,0.000000,0.000000,0.000000,100.000000,5.000000,ns3-simulated/trace-derived
kv_competitor,L2R,865.000000,870.000000,867.500000,0.000000,0.000000,0.000000,100.000000,5.000000,ns3-simulated/trace-derived
kv_competitor,L2R,870.000000,875.000000,872.500000,0.000000,0.000000,0.000000,100.000000,5.000000,ns3-simulated/trace-derived
kv_competitor,L2R,875.000000,880.000000,877.500000,0.000000,0.000000,0.000000,100.000000,5.000000,ns3-simulated/trace-derived
kv_competitor,L2R,880.000000,885.000000,882.500000,0.000000,0.000000,0.000000,100.000000,5.000000,ns3-simulated/trace-derived
kv_competitor,L2R,885.000000,890.000000,887.500000,0.000000,0.000000,0.000000,100.000000,5.000000,ns3-simulated/trace-derived
kv_competitor,L2R,890.000000,895.000000,892.500000,0.000000,0.000000,0.000000,100.000000,5.000000,ns3-simulated/trace-derived
kv_competitor,L2R,895.000000,900.000000,897.500000,0.000000,0.000000,0.000000,100.000000,5.000000,ns3-simulated/trace-derived
kv_competitor,L2R,900.000000,905.000000,902.500000,0.000000,0.000000,0.000000,100.000000,5.000000,ns3-simulated/trace-derived
kv_competitor,L2R,905.000000,910.000000,907.500000,0.000000,0.000000,0.000000,100.000000,5.000000,ns3-simulated/trace-derived
kv_competitor,L2R,910.000000,915.000000,912.500000,0.000000,0.000000,0.000000,100.000000,5.000000,ns3-simulated/trace-derived
kv_competitor,L2R,915.000000,920.000000,917.500000,0.000000,0.000000,0.000000,100.000000,5.000000,ns3-simulated/trace-derived
kv_competitor,L2R,920.000000,925.000000,922.500000,0.000000,0.000000,0.000000,100.000000,5.000000,ns3-simulated/trace-derived
kv_competitor,L2R,925.000000,930.000000,927.500000,0.000000,0.000000,0.000000,100.000000,5.000000,ns3-simulated/trace-derived
kv_competitor,L2R,930.000000,935.000000,932.500000,0.000000,0.000000,0.000000,100.000000,5.000000,ns3-simulated/trace-derived
kv_competitor,L2R,935.000000,940.000000,937.500000,0.000000,0.000000,0.000000,100.000000,5.000000,ns3-simulated/trace-derived
kv_competitor,L2R,940.000000,945.000000,942.500000,0.000000,0.000000,0.000000,100.000000,5.000000,ns3-simulated/trace-derived
kv_competitor,L2R,945.000000,950.000000,947.500000,0.000000,0.000000,0.000000,100.000000,5.000000,ns3-simulated/trace-derived
kv_competitor,L2R,950.000000,955.000000,952.500000,0.000000,0.000000,0.000000,100.000000,5.000000,ns3-simulated/trace-derived
kv_competitor,L2R,955.000000,960.000000,957.500000,0.000000,0.000000,0.000000,100.000000,5.000000,ns3-simulated/trace-derived
kv_competitor,L2R,960.000000,965.000000,962.500000,0.000000,0.000000,0.000000,100.000000,5.000000,ns3-simulated/trace-derived
kv_competitor,L2R,965.000000,970.000000,967.500000,0.000000,0.000000,0.000000,100.000000,5.000000,ns3-simulated/trace-derived
kv_competitor,L2R,970.000000,975.000000,972.500000,0.000000,0.000000,0.000000,100.000000,5.000000,ns3-simulated/trace-derived
kv_competitor,L2R,975.000000,980.000000,977.500000,0.000000,0.000000,0.000000,100.000000,5.000000,ns3-simulated/trace-derived
kv_competitor,L2R,980.000000,985.000000,982.500000,0.000000,0.000000,0.000000,100.000000,5.000000,ns3-simulated/trace-derived
kv_competitor,L2R,985.000000,990.000000,987.500000,0.000000,0.000000,0.000000,100.000000,5.000000,ns3-simulated/trace-derived
kv_competitor,L2R,990.000000,995.000000,992.500000,0.000000,0.000000,0.000000,100.000000,5.000000,ns3-simulated/trace-derived
kv_competitor,L2R,995.000000,1000.000000,997.500000,0.000000,0.000000,0.000000,100.000000,5.000000,ns3-simulated/trace-derived
kv_competitor,L2R,1000.000000,1005.000000,1002.500000,0.000000,0.000000,0.000000,100.000000,5.000000,ns3-simulated/trace-derived
kv_competitor,L2R,1005.000000,1010.000000,1007.500000,0.000000,0.000000,0.000000,100.000000,5.000000,ns3-simulated/trace-derived
kv_competitor,L2R,1010.000000,1015.000000,1012.500000,0.000000,0.000000,0.000000,100.000000,5.000000,ns3-simulated/trace-derived
kv_competitor,L2R,1015.000000,1020.000000,1017.500000,0.000000,0.000000,0.000000,100.000000,5.000000,ns3-simulated/trace-derived
kv_competitor,L2R,1020.000000,1025.000000,1022.500000,61069.000000,97.710400,97.710400,100.000000,5.000000,ns3-simulated/trace-derived
kv_competitor,L2R,1025.000000,1030.000000,1027.500000,62500.000000,100.000000,100.000000,100.000000,5.000000,ns3-simulated/trace-derived
kv_competitor,L2R,1030.000000,1035.000000,1032.500000,62500.000000,100.000000,100.000000,100.000000,5.000000,ns3-simulated/trace-derived
kv_competitor,L2R,1035.000000,1040.000000,1037.500000,62500.000000,100.000000,100.000000,100.000000,5.000000,ns3-simulated/trace-derived
kv_competitor,L2R,1040.000000,1045.000000,1042.500000,62375.000000,99.800000,99.800000,100.000000,5.000000,ns3-simulated/trace-derived
kv_competitor,L2R,1045.000000,1050.000000,1047.500000,62500.000000,100.000000,100.000000,100.000000,5.000000,ns3-simulated/trace-derived
kv_competitor,L2R,1050.000000,1055.000000,1052.500000,62500.000000,100.000000,100.000000,100.000000,5.000000,ns3-simulated/trace-derived
kv_competitor,L2R,1055.000000,1060.000000,1057.500000,62500.000000,100.000000,100.000000,100.000000,5.000000,ns3-simulated/trace-derived
kv_competitor,L2R,1060.000000,1065.000000,1062.500000,35828.000000,57.324800,57.324800,100.000000,5.000000,ns3-simulated/trace-derived
kv_competitor,L2R,1065.000000,1070.000000,1067.500000,0.000000,0.000000,0.000000,100.000000,5.000000,ns3-simulated/trace-derived
kv_competitor,L2R,1070.000000,1075.000000,1072.500000,0.000000,0.000000,0.000000,100.000000,5.000000,ns3-simulated/trace-derived
kv_competitor,L2R,1075.000000,1080.000000,1077.500000,0.000000,0.000000,0.000000,100.000000,5.000000,ns3-simulated/trace-derived
kv_competitor,L2R,1080.000000,1085.000000,1082.500000,0.000000,0.000000,0.000000,100.000000,5.000000,ns3-simulated/trace-derived
kv_competitor,L2R,1085.000000,1090.000000,1087.500000,0.000000,0.000000,0.000000,100.000000,5.000000,ns3-simulated/trace-derived
kv_competitor,L2R,1090.000000,1095.000000,1092.500000,0.000000,0.000000,0.000000,100.000000,5.000000,ns3-simulated/trace-derived
kv_competitor,L2R,1095.000000,1100.000000,1097.500000,0.000000,0.000000,0.000000,100.000000,5.000000,ns3-simulated/trace-derived
balanced_dispatch,L2R,0.000000,5.000000,2.500000,0.000000,0.000000,0.000000,100.000000,5.000000,ns3-simulated/trace-derived
balanced_dispatch,L2R,5.000000,10.000000,7.500000,0.000000,0.000000,0.000000,100.000000,5.000000,ns3-simulated/trace-derived
balanced_dispatch,L2R,10.000000,15.000000,12.500000,0.000000,0.000000,0.000000,100.000000,5.000000,ns3-simulated/trace-derived
balanced_dispatch,L2R,15.000000,20.000000,17.500000,0.000000,0.000000,0.000000,100.000000,5.000000,ns3-simulated/trace-derived
balanced_dispatch,L2R,20.000000,25.000000,22.500000,0.000000,0.000000,0.000000,100.000000,5.000000,ns3-simulated/trace-derived
balanced_dispatch,L2R,25.000000,30.000000,27.500000,0.000000,0.000000,0.000000,100.000000,5.000000,ns3-simulated/trace-derived
balanced_dispatch,L2R,30.000000,35.000000,32.500000,0.000000,0.000000,0.000000,100.000000,5.000000,ns3-simulated/trace-derived
balanced_dispatch,L2R,35.000000,40.000000,37.500000,0.000000,0.000000,0.000000,100.000000,5.000000,ns3-simulated/trace-derived
balanced_dispatch,L2R,40.000000,45.000000,42.500000,0.000000,0.000000,0.000000,100.000000,5.000000,ns3-simulated/trace-derived
balanced_dispatch,L2R,45.000000,50.000000,47.500000,0.000000,0.000000,0.000000,100.000000,5.000000,ns3-simulated/trace-derived
balanced_dispatch,L2R,50.000000,55.000000,52.500000,0.000000,0.000000,0.000000,100.000000,5.000000,ns3-simulated/trace-derived
balanced_dispatch,L2R,55.000000,60.000000,57.500000,0.000000,0.000000,0.000000,100.000000,5.000000,ns3-simulated/trace-derived
balanced_dispatch,L2R,60.000000,65.000000,62.500000,0.000000,0.000000,0.000000,100.000000,5.000000,ns3-simulated/trace-derived
balanced_dispatch,L2R,65.000000,70.000000,67.500000,0.000000,0.000000,0.000000,100.000000,5.000000,ns3-simulated/trace-derived
balanced_dispatch,L2R,70.000000,75.000000,72.500000,0.000000,0.000000,0.000000,100.000000,5.000000,ns3-simulated/trace-derived
balanced_dispatch,L2R,75.000000,80.000000,77.500000,0.000000,0.000000,0.000000,100.000000,5.000000,ns3-simulated/trace-derived
balanced_dispatch,L2R,80.000000,85.000000,82.500000,0.000000,0.000000,0.000000,100.000000,5.000000,ns3-simulated/trace-derived
balanced_dispatch,L2R,85.000000,90.000000,87.500000,0.000000,0.000000,0.000000,100.000000,5.000000,ns3-simulated/trace-derived
balanced_dispatch,L2R,90.000000,95.000000,92.500000,0.000000,0.000000,0.000000,100.000000,5.000000,ns3-simulated/trace-derived
balanced_dispatch,L2R,95.000000,100.000000,97.500000,0.000000,0.000000,0.000000,100.000000,5.000000,ns3-simulated/trace-derived
balanced_dispatch,L2R,100.000000,105.000000,102.500000,0.000000,0.000000,0.000000,100.000000,5.000000,ns3-simulated/trace-derived
balanced_dispatch,L2R,105.000000,110.000000,107.500000,0.000000,0.000000,0.000000,100.000000,5.000000,ns3-simulated/trace-derived
balanced_dispatch,L2R,110.000000,115.000000,112.500000,0.000000,0.000000,0.000000,100.000000,5.000000,ns3-simulated/trace-derived
balanced_dispatch,L2R,115.000000,120.000000,117.500000,0.000000,0.000000,0.000000,100.000000,5.000000,ns3-simulated/trace-derived
balanced_dispatch,L2R,120.000000,125.000000,122.500000,0.000000,0.000000,0.000000,100.000000,5.000000,ns3-simulated/trace-derived
balanced_dispatch,L2R,125.000000,130.000000,127.500000,0.000000,0.000000,0.000000,100.000000,5.000000,ns3-simulated/trace-derived
balanced_dispatch,L2R,130.000000,135.000000,132.500000,0.000000,0.000000,0.000000,100.000000,5.000000,ns3-simulated/trace-derived
balanced_dispatch,L2R,135.000000,140.000000,137.500000,0.000000,0.000000,0.000000,100.000000,5.000000,ns3-simulated/trace-derived
balanced_dispatch,L2R,140.000000,145.000000,142.500000,0.000000,0.000000,0.000000,100.000000,5.000000,ns3-simulated/trace-derived
balanced_dispatch,L2R,145.000000,150.000000,147.500000,0.000000,0.000000,0.000000,100.000000,5.000000,ns3-simulated/trace-derived
balanced_dispatch,L2R,150.000000,155.000000,152.500000,0.000000,0.000000,0.000000,100.000000,5.000000,ns3-simulated/trace-derived
balanced_dispatch,L2R,155.000000,160.000000,157.500000,0.000000,0.000000,0.000000,100.000000,5.000000,ns3-simulated/trace-derived
balanced_dispatch,L2R,160.000000,165.000000,162.500000,0.000000,0.000000,0.000000,100.000000,5.000000,ns3-simulated/trace-derived
balanced_dispatch,L2R,165.000000,170.000000,167.500000,0.000000,0.000000,0.000000,100.000000,5.000000,ns3-simulated/trace-derived
balanced_dispatch,L2R,170.000000,175.000000,172.500000,0.000000,0.000000,0.000000,100.000000,5.000000,ns3-simulated/trace-derived
balanced_dispatch,L2R,175.000000,180.000000,177.500000,0.000000,0.000000,0.000000,100.000000,5.000000,ns3-simulated/trace-derived
balanced_dispatch,L2R,180.000000,185.000000,182.500000,0.000000,0.000000,0.000000,100.000000,5.000000,ns3-simulated/trace-derived
balanced_dispatch,L2R,185.000000,190.000000,187.500000,0.000000,0.000000,0.000000,100.000000,5.000000,ns3-simulated/trace-derived
balanced_dispatch,L2R,190.000000,195.000000,192.500000,0.000000,0.000000,0.000000,100.000000,5.000000,ns3-simulated/trace-derived
balanced_dispatch,L2R,195.000000,200.000000,197.500000,0.000000,0.000000,0.000000,100.000000,5.000000,ns3-simulated/trace-derived
balanced_dispatch,L2R,200.000000,205.000000,202.500000,0.000000,0.000000,0.000000,100.000000,5.000000,ns3-simulated/trace-derived
balanced_dispatch,L2R,205.000000,210.000000,207.500000,0.000000,0.000000,0.000000,100.000000,5.000000,ns3-simulated/trace-derived
balanced_dispatch,L2R,210.000000,215.000000,212.500000,0.000000,0.000000,0.000000,100.000000,5.000000,ns3-simulated/trace-derived
balanced_dispatch,L2R,215.000000,220.000000,217.500000,0.000000,0.000000,0.000000,100.000000,5.000000,ns3-simulated/trace-derived
balanced_dispatch,L2R,220.000000,225.000000,222.500000,0.000000,0.000000,0.000000,100.000000,5.000000,ns3-simulated/trace-derived
balanced_dispatch,L2R,225.000000,230.000000,227.500000,0.000000,0.000000,0.000000,100.000000,5.000000,ns3-simulated/trace-derived
balanced_dispatch,L2R,230.000000,235.000000,232.500000,0.000000,0.000000,0.000000,100.000000,5.000000,ns3-simulated/trace-derived
balanced_dispatch,L2R,235.000000,240.000000,237.500000,0.000000,0.000000,0.000000,100.000000,5.000000,ns3-simulated/trace-derived
balanced_dispatch,L2R,240.000000,245.000000,242.500000,0.000000,0.000000,0.000000,100.000000,5.000000,ns3-simulated/trace-derived
balanced_dispatch,L2R,245.000000,250.000000,247.500000,0.000000,0.000000,0.000000,100.000000,5.000000,ns3-simulated/trace-derived
balanced_dispatch,L2R,250.000000,255.000000,252.500000,0.000000,0.000000,0.000000,100.000000,5.000000,ns3-simulated/trace-derived
balanced_dispatch,L2R,255.000000,260.000000,257.500000,0.000000,0.000000,0.000000,100.000000,5.000000,ns3-simulated/trace-derived
balanced_dispatch,L2R,260.000000,265.000000,262.500000,0.000000,0.000000,0.000000,100.000000,5.000000,ns3-simulated/trace-derived
balanced_dispatch,L2R,265.000000,270.000000,267.500000,0.000000,0.000000,0.000000,100.000000,5.000000,ns3-simulated/trace-derived
balanced_dispatch,L2R,270.000000,275.000000,272.500000,0.000000,0.000000,0.000000,100.000000,5.000000,ns3-simulated/trace-derived
balanced_dispatch,L2R,275.000000,280.000000,277.500000,0.000000,0.000000,0.000000,100.000000,5.000000,ns3-simulated/trace-derived
balanced_dispatch,L2R,280.000000,285.000000,282.500000,0.000000,0.000000,0.000000,100.000000,5.000000,ns3-simulated/trace-derived
balanced_dispatch,L2R,285.000000,290.000000,287.500000,0.000000,0.000000,0.000000,100.000000,5.000000,ns3-simulated/trace-derived
balanced_dispatch,L2R,290.000000,295.000000,292.500000,0.000000,0.000000,0.000000,100.000000,5.000000,ns3-simulated/trace-derived
balanced_dispatch,L2R,295.000000,300.000000,297.500000,0.000000,0.000000,0.000000,100.000000,5.000000,ns3-simulated/trace-derived
balanced_dispatch,L2R,300.000000,305.000000,302.500000,0.000000,0.000000,0.000000,100.000000,5.000000,ns3-simulated/trace-derived
balanced_dispatch,L2R,305.000000,310.000000,307.500000,0.000000,0.000000,0.000000,100.000000,5.000000,ns3-simulated/trace-derived
balanced_dispatch,L2R,310.000000,315.000000,312.500000,0.000000,0.000000,0.000000,100.000000,5.000000,ns3-simulated/trace-derived
balanced_dispatch,L2R,315.000000,320.000000,317.500000,0.000000,0.000000,0.000000,100.000000,5.000000,ns3-simulated/trace-derived
balanced_dispatch,L2R,320.000000,325.000000,322.500000,0.000000,0.000000,0.000000,100.000000,5.000000,ns3-simulated/trace-derived
balanced_dispatch,L2R,325.000000,330.000000,327.500000,0.000000,0.000000,0.000000,100.000000,5.000000,ns3-simulated/trace-derived
balanced_dispatch,L2R,330.000000,335.000000,332.500000,0.000000,0.000000,0.000000,100.000000,5.000000,ns3-simulated/trace-derived
balanced_dispatch,L2R,335.000000,340.000000,337.500000,0.000000,0.000000,0.000000,100.000000,5.000000,ns3-simulated/trace-derived
balanced_dispatch,L2R,340.000000,345.000000,342.500000,0.000000,0.000000,0.000000,100.000000,5.000000,ns3-simulated/trace-derived
balanced_dispatch,L2R,345.000000,350.000000,347.500000,0.000000,0.000000,0.000000,100.000000,5.000000,ns3-simulated/trace-derived
balanced_dispatch,L2R,350.000000,355.000000,352.500000,0.000000,0.000000,0.000000,100.000000,5.000000,ns3-simulated/trace-derived
balanced_dispatch,L2R,355.000000,360.000000,357.500000,0.000000,0.000000,0.000000,100.000000,5.000000,ns3-simulated/trace-derived
balanced_dispatch,L2R,360.000000,365.000000,362.500000,0.000000,0.000000,0.000000,100.000000,5.000000,ns3-simulated/trace-derived
balanced_dispatch,L2R,365.000000,370.000000,367.500000,0.000000,0.000000,0.000000,100.000000,5.000000,ns3-simulated/trace-derived
balanced_dispatch,L2R,370.000000,375.000000,372.500000,0.000000,0.000000,0.000000,100.000000,5.000000,ns3-simulated/trace-derived
balanced_dispatch,L2R,375.000000,380.000000,377.500000,0.000000,0.000000,0.000000,100.000000,5.000000,ns3-simulated/trace-derived
balanced_dispatch,L2R,380.000000,385.000000,382.500000,0.000000,0.000000,0.000000,100.000000,5.000000,ns3-simulated/trace-derived
balanced_dispatch,L2R,385.000000,390.000000,387.500000,0.000000,0.000000,0.000000,100.000000,5.000000,ns3-simulated/trace-derived
balanced_dispatch,L2R,390.000000,395.000000,392.500000,0.000000,0.000000,0.000000,100.000000,5.000000,ns3-simulated/trace-derived
balanced_dispatch,L2R,395.000000,400.000000,397.500000,0.000000,0.000000,0.000000,100.000000,5.000000,ns3-simulated/trace-derived
balanced_dispatch,L2R,400.000000,405.000000,402.500000,0.000000,0.000000,0.000000,100.000000,5.000000,ns3-simulated/trace-derived
balanced_dispatch,L2R,405.000000,410.000000,407.500000,0.000000,0.000000,0.000000,100.000000,5.000000,ns3-simulated/trace-derived
balanced_dispatch,L2R,410.000000,415.000000,412.500000,0.000000,0.000000,0.000000,100.000000,5.000000,ns3-simulated/trace-derived
balanced_dispatch,L2R,415.000000,420.000000,417.500000,0.000000,0.000000,0.000000,100.000000,5.000000,ns3-simulated/trace-derived
balanced_dispatch,L2R,420.000000,425.000000,422.500000,0.000000,0.000000,0.000000,100.000000,5.000000,ns3-simulated/trace-derived
balanced_dispatch,L2R,425.000000,430.000000,427.500000,0.000000,0.000000,0.000000,100.000000,5.000000,ns3-simulated/trace-derived
balanced_dispatch,L2R,430.000000,435.000000,432.500000,0.000000,0.000000,0.000000,100.000000,5.000000,ns3-simulated/trace-derived
balanced_dispatch,L2R,435.000000,440.000000,437.500000,0.000000,0.000000,0.000000,100.000000,5.000000,ns3-simulated/trace-derived
balanced_dispatch,L2R,440.000000,445.000000,442.500000,0.000000,0.000000,0.000000,100.000000,5.000000,ns3-simulated/trace-derived
balanced_dispatch,L2R,445.000000,450.000000,447.500000,0.000000,0.000000,0.000000,100.000000,5.000000,ns3-simulated/trace-derived
balanced_dispatch,L2R,450.000000,455.000000,452.500000,0.000000,0.000000,0.000000,100.000000,5.000000,ns3-simulated/trace-derived
balanced_dispatch,L2R,455.000000,460.000000,457.500000,0.000000,0.000000,0.000000,100.000000,5.000000,ns3-simulated/trace-derived
balanced_dispatch,L2R,460.000000,465.000000,462.500000,0.000000,0.000000,0.000000,100.000000,5.000000,ns3-simulated/trace-derived
balanced_dispatch,L2R,465.000000,470.000000,467.500000,0.000000,0.000000,0.000000,100.000000,5.000000,ns3-simulated/trace-derived
balanced_dispatch,L2R,470.000000,475.000000,472.500000,61069.000000,97.710400,97.710400,100.000000,5.000000,ns3-simulated/trace-derived
balanced_dispatch,L2R,475.000000,480.000000,477.500000,62500.000000,100.000000,100.000000,100.000000,5.000000,ns3-simulated/trace-derived
balanced_dispatch,L2R,480.000000,485.000000,482.500000,62500.000000,100.000000,100.000000,100.000000,5.000000,ns3-simulated/trace-derived
balanced_dispatch,L2R,485.000000,490.000000,487.500000,62500.000000,100.000000,100.000000,100.000000,5.000000,ns3-simulated/trace-derived
balanced_dispatch,L2R,490.000000,495.000000,492.500000,35263.000000,56.420800,56.420800,100.000000,5.000000,ns3-simulated/trace-derived
balanced_dispatch,L2R,495.000000,500.000000,497.500000,0.000000,0.000000,0.000000,100.000000,5.000000,ns3-simulated/trace-derived
balanced_dispatch,L2R,500.000000,505.000000,502.500000,0.000000,0.000000,0.000000,100.000000,5.000000,ns3-simulated/trace-derived
balanced_dispatch,L2R,505.000000,510.000000,507.500000,0.000000,0.000000,0.000000,100.000000,5.000000,ns3-simulated/trace-derived
balanced_dispatch,L2R,510.000000,515.000000,512.500000,0.000000,0.000000,0.000000,100.000000,5.000000,ns3-simulated/trace-derived
balanced_dispatch,L2R,515.000000,520.000000,517.500000,0.000000,0.000000,0.000000,100.000000,5.000000,ns3-simulated/trace-derived
balanced_dispatch,L2R,520.000000,525.000000,522.500000,0.000000,0.000000,0.000000,100.000000,5.000000,ns3-simulated/trace-derived
balanced_dispatch,L2R,525.000000,530.000000,527.500000,0.000000,0.000000,0.000000,100.000000,5.000000,ns3-simulated/trace-derived
balanced_dispatch,L2R,530.000000,535.000000,532.500000,0.000000,0.000000,0.000000,100.000000,5.000000,ns3-simulated/trace-derived
balanced_dispatch,L2R,535.000000,540.000000,537.500000,0.000000,0.000000,0.000000,100.000000,5.000000,ns3-simulated/trace-derived
balanced_dispatch,L2R,540.000000,545.000000,542.500000,0.000000,0.000000,0.000000,100.000000,5.000000,ns3-simulated/trace-derived
balanced_dispatch,L2R,545.000000,550.000000,547.500000,0.000000,0.000000,0.000000,100.000000,5.000000,ns3-simulated/trace-derived
balanced_dispatch,L2R,550.000000,555.000000,552.500000,0.000000,0.000000,0.000000,100.000000,5.000000,ns3-simulated/trace-derived
balanced_dispatch,L2R,555.000000,560.000000,557.500000,0.000000,0.000000,0.000000,100.000000,5.000000,ns3-simulated/trace-derived
balanced_dispatch,L2R,560.000000,565.000000,562.500000,0.000000,0.000000,0.000000,100.000000,5.000000,ns3-simulated/trace-derived
balanced_dispatch,L2R,565.000000,570.000000,567.500000,0.000000,0.000000,0.000000,100.000000,5.000000,ns3-simulated/trace-derived
balanced_dispatch,L2R,570.000000,575.000000,572.500000,0.000000,0.000000,0.000000,100.000000,5.000000,ns3-simulated/trace-derived
balanced_dispatch,L2R,575.000000,580.000000,577.500000,0.000000,0.000000,0.000000,100.000000,5.000000,ns3-simulated/trace-derived
balanced_dispatch,L2R,580.000000,585.000000,582.500000,0.000000,0.000000,0.000000,100.000000,5.000000,ns3-simulated/trace-derived
balanced_dispatch,L2R,585.000000,590.000000,587.500000,0.000000,0.000000,0.000000,100.000000,5.000000,ns3-simulated/trace-derived
balanced_dispatch,L2R,590.000000,595.000000,592.500000,0.000000,0.000000,0.000000,100.000000,5.000000,ns3-simulated/trace-derived
balanced_dispatch,L2R,595.000000,600.000000,597.500000,0.000000,0.000000,0.000000,100.000000,5.000000,ns3-simulated/trace-derived
balanced_dispatch,L2R,600.000000,605.000000,602.500000,0.000000,0.000000,0.000000,100.000000,5.000000,ns3-simulated/trace-derived
balanced_dispatch,L2R,605.000000,610.000000,607.500000,0.000000,0.000000,0.000000,100.000000,5.000000,ns3-simulated/trace-derived
balanced_dispatch,L2R,610.000000,615.000000,612.500000,0.000000,0.000000,0.000000,100.000000,5.000000,ns3-simulated/trace-derived
balanced_dispatch,L2R,615.000000,620.000000,617.500000,0.000000,0.000000,0.000000,100.000000,5.000000,ns3-simulated/trace-derived
balanced_dispatch,L2R,620.000000,625.000000,622.500000,0.000000,0.000000,0.000000,100.000000,5.000000,ns3-simulated/trace-derived
balanced_dispatch,L2R,625.000000,630.000000,627.500000,0.000000,0.000000,0.000000,100.000000,5.000000,ns3-simulated/trace-derived
balanced_dispatch,L2R,630.000000,635.000000,632.500000,0.000000,0.000000,0.000000,100.000000,5.000000,ns3-simulated/trace-derived
balanced_dispatch,L2R,635.000000,640.000000,637.500000,0.000000,0.000000,0.000000,100.000000,5.000000,ns3-simulated/trace-derived
balanced_dispatch,L2R,640.000000,645.000000,642.500000,0.000000,0.000000,0.000000,100.000000,5.000000,ns3-simulated/trace-derived
balanced_dispatch,L2R,645.000000,650.000000,647.500000,0.000000,0.000000,0.000000,100.000000,5.000000,ns3-simulated/trace-derived
balanced_dispatch,L2R,650.000000,655.000000,652.500000,0.000000,0.000000,0.000000,100.000000,5.000000,ns3-simulated/trace-derived
balanced_dispatch,L2R,655.000000,660.000000,657.500000,0.000000,0.000000,0.000000,100.000000,5.000000,ns3-simulated/trace-derived
balanced_dispatch,L2R,660.000000,665.000000,662.500000,0.000000,0.000000,0.000000,100.000000,5.000000,ns3-simulated/trace-derived
balanced_dispatch,L2R,665.000000,670.000000,667.500000,0.000000,0.000000,0.000000,100.000000,5.000000,ns3-simulated/trace-derived
balanced_dispatch,L2R,670.000000,675.000000,672.500000,0.000000,0.000000,0.000000,100.000000,5.000000,ns3-simulated/trace-derived
balanced_dispatch,L2R,675.000000,680.000000,677.500000,0.000000,0.000000,0.000000,100.000000,5.000000,ns3-simulated/trace-derived
balanced_dispatch,L2R,680.000000,685.000000,682.500000,0.000000,0.000000,0.000000,100.000000,5.000000,ns3-simulated/trace-derived
balanced_dispatch,L2R,685.000000,690.000000,687.500000,0.000000,0.000000,0.000000,100.000000,5.000000,ns3-simulated/trace-derived
balanced_dispatch,L2R,690.000000,695.000000,692.500000,0.000000,0.000000,0.000000,100.000000,5.000000,ns3-simulated/trace-derived
balanced_dispatch,L2R,695.000000,700.000000,697.500000,0.000000,0.000000,0.000000,100.000000,5.000000,ns3-simulated/trace-derived
balanced_dispatch,L2R,700.000000,705.000000,702.500000,0.000000,0.000000,0.000000,100.000000,5.000000,ns3-simulated/trace-derived
balanced_dispatch,L2R,705.000000,710.000000,707.500000,0.000000,0.000000,0.000000,100.000000,5.000000,ns3-simulated/trace-derived
balanced_dispatch,L2R,710.000000,715.000000,712.500000,0.000000,0.000000,0.000000,100.000000,5.000000,ns3-simulated/trace-derived
balanced_dispatch,L2R,715.000000,720.000000,717.500000,0.000000,0.000000,0.000000,100.000000,5.000000,ns3-simulated/trace-derived
balanced_dispatch,L2R,720.000000,725.000000,722.500000,0.000000,0.000000,0.000000,100.000000,5.000000,ns3-simulated/trace-derived
balanced_dispatch,L2R,725.000000,730.000000,727.500000,0.000000,0.000000,0.000000,100.000000,5.000000,ns3-simulated/trace-derived
balanced_dispatch,L2R,730.000000,735.000000,732.500000,0.000000,0.000000,0.000000,100.000000,5.000000,ns3-simulated/trace-derived
balanced_dispatch,L2R,735.000000,740.000000,737.500000,0.000000,0.000000,0.000000,100.000000,5.000000,ns3-simulated/trace-derived
balanced_dispatch,L2R,740.000000,745.000000,742.500000,0.000000,0.000000,0.000000,100.000000,5.000000,ns3-simulated/trace-derived
balanced_dispatch,L2R,745.000000,750.000000,747.500000,0.000000,0.000000,0.000000,100.000000,5.000000,ns3-simulated/trace-derived
balanced_dispatch,L2R,750.000000,755.000000,752.500000,0.000000,0.000000,0.000000,100.000000,5.000000,ns3-simulated/trace-derived
balanced_dispatch,L2R,755.000000,760.000000,757.500000,0.000000,0.000000,0.000000,100.000000,5.000000,ns3-simulated/trace-derived
balanced_dispatch,L2R,760.000000,765.000000,762.500000,0.000000,0.000000,0.000000,100.000000,5.000000,ns3-simulated/trace-derived
balanced_dispatch,L2R,765.000000,770.000000,767.500000,0.000000,0.000000,0.000000,100.000000,5.000000,ns3-simulated/trace-derived
balanced_dispatch,L2R,770.000000,775.000000,772.500000,0.000000,0.000000,0.000000,100.000000,5.000000,ns3-simulated/trace-derived
balanced_dispatch,L2R,775.000000,780.000000,777.500000,0.000000,0.000000,0.000000,100.000000,5.000000,ns3-simulated/trace-derived
balanced_dispatch,L2R,780.000000,785.000000,782.500000,0.000000,0.000000,0.000000,100.000000,5.000000,ns3-simulated/trace-derived
balanced_dispatch,L2R,785.000000,790.000000,787.500000,0.000000,0.000000,0.000000,100.000000,5.000000,ns3-simulated/trace-derived
balanced_dispatch,L2R,790.000000,795.000000,792.500000,0.000000,0.000000,0.000000,100.000000,5.000000,ns3-simulated/trace-derived
balanced_dispatch,L2R,795.000000,800.000000,797.500000,0.000000,0.000000,0.000000,100.000000,5.000000,ns3-simulated/trace-derived
balanced_dispatch,L2R,800.000000,805.000000,802.500000,0.000000,0.000000,0.000000,100.000000,5.000000,ns3-simulated/trace-derived
balanced_dispatch,L2R,805.000000,810.000000,807.500000,0.000000,0.000000,0.000000,100.000000,5.000000,ns3-simulated/trace-derived
balanced_dispatch,L2R,810.000000,815.000000,812.500000,0.000000,0.000000,0.000000,100.000000,5.000000,ns3-simulated/trace-derived
balanced_dispatch,L2R,815.000000,820.000000,817.500000,0.000000,0.000000,0.000000,100.000000,5.000000,ns3-simulated/trace-derived
balanced_dispatch,L2R,820.000000,825.000000,822.500000,0.000000,0.000000,0.000000,100.000000,5.000000,ns3-simulated/trace-derived
balanced_dispatch,L2R,825.000000,830.000000,827.500000,0.000000,0.000000,0.000000,100.000000,5.000000,ns3-simulated/trace-derived
balanced_dispatch,L2R,830.000000,835.000000,832.500000,0.000000,0.000000,0.000000,100.000000,5.000000,ns3-simulated/trace-derived
balanced_dispatch,L2R,835.000000,840.000000,837.500000,0.000000,0.000000,0.000000,100.000000,5.000000,ns3-simulated/trace-derived
balanced_dispatch,L2R,840.000000,845.000000,842.500000,0.000000,0.000000,0.000000,100.000000,5.000000,ns3-simulated/trace-derived
balanced_dispatch,L2R,845.000000,850.000000,847.500000,0.000000,0.000000,0.000000,100.000000,5.000000,ns3-simulated/trace-derived
balanced_dispatch,L2R,850.000000,855.000000,852.500000,0.000000,0.000000,0.000000,100.000000,5.000000,ns3-simulated/trace-derived
balanced_dispatch,L2R,855.000000,860.000000,857.500000,0.000000,0.000000,0.000000,100.000000,5.000000,ns3-simulated/trace-derived
balanced_dispatch,L2R,860.000000,865.000000,862.500000,0.000000,0.000000,0.000000,100.000000,5.000000,ns3-simulated/trace-derived
balanced_dispatch,L2R,865.000000,870.000000,867.500000,0.000000,0.000000,0.000000,100.000000,5.000000,ns3-simulated/trace-derived
balanced_dispatch,L2R,870.000000,875.000000,872.500000,0.000000,0.000000,0.000000,100.000000,5.000000,ns3-simulated/trace-derived
balanced_dispatch,L2R,875.000000,880.000000,877.500000,0.000000,0.000000,0.000000,100.000000,5.000000,ns3-simulated/trace-derived
balanced_dispatch,L2R,880.000000,885.000000,882.500000,0.000000,0.000000,0.000000,100.000000,5.000000,ns3-simulated/trace-derived
balanced_dispatch,L2R,885.000000,890.000000,887.500000,0.000000,0.000000,0.000000,100.000000,5.000000,ns3-simulated/trace-derived
balanced_dispatch,L2R,890.000000,895.000000,892.500000,0.000000,0.000000,0.000000,100.000000,5.000000,ns3-simulated/trace-derived
balanced_dispatch,L2R,895.000000,900.000000,897.500000,0.000000,0.000000,0.000000,100.000000,5.000000,ns3-simulated/trace-derived
balanced_dispatch,L2R,900.000000,905.000000,902.500000,0.000000,0.000000,0.000000,100.000000,5.000000,ns3-simulated/trace-derived
balanced_dispatch,L2R,905.000000,910.000000,907.500000,0.000000,0.000000,0.000000,100.000000,5.000000,ns3-simulated/trace-derived
balanced_dispatch,L2R,910.000000,915.000000,912.500000,0.000000,0.000000,0.000000,100.000000,5.000000,ns3-simulated/trace-derived
balanced_dispatch,L2R,915.000000,920.000000,917.500000,0.000000,0.000000,0.000000,100.000000,5.000000,ns3-simulated/trace-derived
balanced_dispatch,L2R,920.000000,925.000000,922.500000,0.000000,0.000000,0.000000,100.000000,5.000000,ns3-simulated/trace-derived
balanced_dispatch,L2R,925.000000,930.000000,927.500000,0.000000,0.000000,0.000000,100.000000,5.000000,ns3-simulated/trace-derived
balanced_dispatch,L2R,930.000000,935.000000,932.500000,0.000000,0.000000,0.000000,100.000000,5.000000,ns3-simulated/trace-derived
balanced_dispatch,L2R,935.000000,940.000000,937.500000,0.000000,0.000000,0.000000,100.000000,5.000000,ns3-simulated/trace-derived
balanced_dispatch,L2R,940.000000,945.000000,942.500000,0.000000,0.000000,0.000000,100.000000,5.000000,ns3-simulated/trace-derived
balanced_dispatch,L2R,945.000000,950.000000,947.500000,0.000000,0.000000,0.000000,100.000000,5.000000,ns3-simulated/trace-derived
balanced_dispatch,L2R,950.000000,955.000000,952.500000,0.000000,0.000000,0.000000,100.000000,5.000000,ns3-simulated/trace-derived
balanced_dispatch,L2R,955.000000,960.000000,957.500000,0.000000,0.000000,0.000000,100.000000,5.000000,ns3-simulated/trace-derived
balanced_dispatch,L2R,960.000000,965.000000,962.500000,0.000000,0.000000,0.000000,100.000000,5.000000,ns3-simulated/trace-derived
balanced_dispatch,L2R,965.000000,970.000000,967.500000,0.000000,0.000000,0.000000,100.000000,5.000000,ns3-simulated/trace-derived
balanced_dispatch,L2R,970.000000,975.000000,972.500000,0.000000,0.000000,0.000000,100.000000,5.000000,ns3-simulated/trace-derived
balanced_dispatch,L2R,975.000000,980.000000,977.500000,0.000000,0.000000,0.000000,100.000000,5.000000,ns3-simulated/trace-derived
balanced_dispatch,L2R,980.000000,985.000000,982.500000,0.000000,0.000000,0.000000,100.000000,5.000000,ns3-simulated/trace-derived
balanced_dispatch,L2R,985.000000,990.000000,987.500000,0.000000,0.000000,0.000000,100.000000,5.000000,ns3-simulated/trace-derived
balanced_dispatch,L2R,990.000000,995.000000,992.500000,0.000000,0.000000,0.000000,100.000000,5.000000,ns3-simulated/trace-derived
balanced_dispatch,L2R,995.000000,1000.000000,997.500000,0.000000,0.000000,0.000000,100.000000,5.000000,ns3-simulated/trace-derived
balanced_dispatch,L2R,1000.000000,1005.000000,1002.500000,0.000000,0.000000,0.000000,100.000000,5.000000,ns3-simulated/trace-derived
balanced_dispatch,L2R,1005.000000,1010.000000,1007.500000,0.000000,0.000000,0.000000,100.000000,5.000000,ns3-simulated/trace-derived
balanced_dispatch,L2R,1010.000000,1015.000000,1012.500000,0.000000,0.000000,0.000000,100.000000,5.000000,ns3-simulated/trace-derived
balanced_dispatch,L2R,1015.000000,1020.000000,1017.500000,0.000000,0.000000,0.000000,100.000000,5.000000,ns3-simulated/trace-derived
balanced_dispatch,L2R,1020.000000,1025.000000,1022.500000,0.000000,0.000000,0.000000,100.000000,5.000000,ns3-simulated/trace-derived
balanced_dispatch,L2R,1025.000000,1030.000000,1027.500000,0.000000,0.000000,0.000000,100.000000,5.000000,ns3-simulated/trace-derived
balanced_dispatch,L2R,1030.000000,1035.000000,1032.500000,0.000000,0.000000,0.000000,100.000000,5.000000,ns3-simulated/trace-derived
balanced_dispatch,L2R,1035.000000,1040.000000,1037.500000,0.000000,0.000000,0.000000,100.000000,5.000000,ns3-simulated/trace-derived
balanced_dispatch,L2R,1040.000000,1045.000000,1042.500000,0.000000,0.000000,0.000000,100.000000,5.000000,ns3-simulated/trace-derived
balanced_dispatch,L2R,1045.000000,1050.000000,1047.500000,0.000000,0.000000,0.000000,100.000000,5.000000,ns3-simulated/trace-derived
balanced_dispatch,L2R,1050.000000,1055.000000,1052.500000,0.000000,0.000000,0.000000,100.000000,5.000000,ns3-simulated/trace-derived
balanced_dispatch,L2R,1055.000000,1060.000000,1057.500000,0.000000,0.000000,0.000000,100.000000,5.000000,ns3-simulated/trace-derived
balanced_dispatch,L2R,1060.000000,1065.000000,1062.500000,0.000000,0.000000,0.000000,100.000000,5.000000,ns3-simulated/trace-derived
balanced_dispatch,L2R,1065.000000,1070.000000,1067.500000,0.000000,0.000000,0.000000,100.000000,5.000000,ns3-simulated/trace-derived
balanced_dispatch,L2R,1070.000000,1075.000000,1072.500000,0.000000,0.000000,0.000000,100.000000,5.000000,ns3-simulated/trace-derived
balanced_dispatch,L2R,1075.000000,1080.000000,1077.500000,0.000000,0.000000,0.000000,100.000000,5.000000,ns3-simulated/trace-derived
balanced_dispatch,L2R,1080.000000,1085.000000,1082.500000,0.000000,0.000000,0.000000,100.000000,5.000000,ns3-simulated/trace-derived
balanced_dispatch,L2R,1085.000000,1090.000000,1087.500000,0.000000,0.000000,0.000000,100.000000,5.000000,ns3-simulated/trace-derived
balanced_dispatch,L2R,1090.000000,1095.000000,1092.500000,0.000000,0.000000,0.000000,100.000000,5.000000,ns3-simulated/trace-derived
balanced_dispatch,L2R,1095.000000,1100.000000,1097.500000,0.000000,0.000000,0.000000,100.000000,5.000000,ns3-simulated/trace-derived
reverse_ep,R2L,0.000000,5.000000,2.500000,0.000000,0.000000,0.000000,100.000000,5.000000,ns3-simulated/trace-derived
reverse_ep,R2L,5.000000,10.000000,7.500000,0.000000,0.000000,0.000000,100.000000,5.000000,ns3-simulated/trace-derived
reverse_ep,R2L,10.000000,15.000000,12.500000,0.000000,0.000000,0.000000,100.000000,5.000000,ns3-simulated/trace-derived
reverse_ep,R2L,15.000000,20.000000,17.500000,0.000000,0.000000,0.000000,100.000000,5.000000,ns3-simulated/trace-derived
reverse_ep,R2L,20.000000,25.000000,22.500000,0.000000,0.000000,0.000000,100.000000,5.000000,ns3-simulated/trace-derived
reverse_ep,R2L,25.000000,30.000000,27.500000,0.000000,0.000000,0.000000,100.000000,5.000000,ns3-simulated/trace-derived
reverse_ep,R2L,30.000000,35.000000,32.500000,0.000000,0.000000,0.000000,100.000000,5.000000,ns3-simulated/trace-derived
reverse_ep,R2L,35.000000,40.000000,37.500000,0.000000,0.000000,0.000000,100.000000,5.000000,ns3-simulated/trace-derived
reverse_ep,R2L,40.000000,45.000000,42.500000,0.000000,0.000000,0.000000,100.000000,5.000000,ns3-simulated/trace-derived
reverse_ep,R2L,45.000000,50.000000,47.500000,0.000000,0.000000,0.000000,100.000000,5.000000,ns3-simulated/trace-derived
reverse_ep,R2L,50.000000,55.000000,52.500000,0.000000,0.000000,0.000000,100.000000,5.000000,ns3-simulated/trace-derived
reverse_ep,R2L,55.000000,60.000000,57.500000,0.000000,0.000000,0.000000,100.000000,5.000000,ns3-simulated/trace-derived
reverse_ep,R2L,60.000000,65.000000,62.500000,0.000000,0.000000,0.000000,100.000000,5.000000,ns3-simulated/trace-derived
reverse_ep,R2L,65.000000,70.000000,67.500000,0.000000,0.000000,0.000000,100.000000,5.000000,ns3-simulated/trace-derived
reverse_ep,R2L,70.000000,75.000000,72.500000,0.000000,0.000000,0.000000,100.000000,5.000000,ns3-simulated/trace-derived
reverse_ep,R2L,75.000000,80.000000,77.500000,0.000000,0.000000,0.000000,100.000000,5.000000,ns3-simulated/trace-derived
reverse_ep,R2L,80.000000,85.000000,82.500000,0.000000,0.000000,0.000000,100.000000,5.000000,ns3-simulated/trace-derived
reverse_ep,R2L,85.000000,90.000000,87.500000,0.000000,0.000000,0.000000,100.000000,5.000000,ns3-simulated/trace-derived
reverse_ep,R2L,90.000000,95.000000,92.500000,0.000000,0.000000,0.000000,100.000000,5.000000,ns3-simulated/trace-derived
reverse_ep,R2L,95.000000,100.000000,97.500000,0.000000,0.000000,0.000000,100.000000,5.000000,ns3-simulated/trace-derived
reverse_ep,R2L,100.000000,105.000000,102.500000,0.000000,0.000000,0.000000,100.000000,5.000000,ns3-simulated/trace-derived
reverse_ep,R2L,105.000000,110.000000,107.500000,0.000000,0.000000,0.000000,100.000000,5.000000,ns3-simulated/trace-derived
reverse_ep,R2L,110.000000,115.000000,112.500000,0.000000,0.000000,0.000000,100.000000,5.000000,ns3-simulated/trace-derived
reverse_ep,R2L,115.000000,120.000000,117.500000,0.000000,0.000000,0.000000,100.000000,5.000000,ns3-simulated/trace-derived
reverse_ep,R2L,120.000000,125.000000,122.500000,0.000000,0.000000,0.000000,100.000000,5.000000,ns3-simulated/trace-derived
reverse_ep,R2L,125.000000,130.000000,127.500000,0.000000,0.000000,0.000000,100.000000,5.000000,ns3-simulated/trace-derived
reverse_ep,R2L,130.000000,135.000000,132.500000,0.000000,0.000000,0.000000,100.000000,5.000000,ns3-simulated/trace-derived
reverse_ep,R2L,135.000000,140.000000,137.500000,0.000000,0.000000,0.000000,100.000000,5.000000,ns3-simulated/trace-derived
reverse_ep,R2L,140.000000,145.000000,142.500000,0.000000,0.000000,0.000000,100.000000,5.000000,ns3-simulated/trace-derived
reverse_ep,R2L,145.000000,150.000000,147.500000,0.000000,0.000000,0.000000,100.000000,5.000000,ns3-simulated/trace-derived
reverse_ep,R2L,150.000000,155.000000,152.500000,0.000000,0.000000,0.000000,100.000000,5.000000,ns3-simulated/trace-derived
reverse_ep,R2L,155.000000,160.000000,157.500000,0.000000,0.000000,0.000000,100.000000,5.000000,ns3-simulated/trace-derived
reverse_ep,R2L,160.000000,165.000000,162.500000,0.000000,0.000000,0.000000,100.000000,5.000000,ns3-simulated/trace-derived
reverse_ep,R2L,165.000000,170.000000,167.500000,0.000000,0.000000,0.000000,100.000000,5.000000,ns3-simulated/trace-derived
reverse_ep,R2L,170.000000,175.000000,172.500000,0.000000,0.000000,0.000000,100.000000,5.000000,ns3-simulated/trace-derived
reverse_ep,R2L,175.000000,180.000000,177.500000,0.000000,0.000000,0.000000,100.000000,5.000000,ns3-simulated/trace-derived
reverse_ep,R2L,180.000000,185.000000,182.500000,0.000000,0.000000,0.000000,100.000000,5.000000,ns3-simulated/trace-derived
reverse_ep,R2L,185.000000,190.000000,187.500000,0.000000,0.000000,0.000000,100.000000,5.000000,ns3-simulated/trace-derived
reverse_ep,R2L,190.000000,195.000000,192.500000,0.000000,0.000000,0.000000,100.000000,5.000000,ns3-simulated/trace-derived
reverse_ep,R2L,195.000000,200.000000,197.500000,0.000000,0.000000,0.000000,100.000000,5.000000,ns3-simulated/trace-derived
reverse_ep,R2L,200.000000,205.000000,202.500000,0.000000,0.000000,0.000000,100.000000,5.000000,ns3-simulated/trace-derived
reverse_ep,R2L,205.000000,210.000000,207.500000,0.000000,0.000000,0.000000,100.000000,5.000000,ns3-simulated/trace-derived
reverse_ep,R2L,210.000000,215.000000,212.500000,0.000000,0.000000,0.000000,100.000000,5.000000,ns3-simulated/trace-derived
reverse_ep,R2L,215.000000,220.000000,217.500000,0.000000,0.000000,0.000000,100.000000,5.000000,ns3-simulated/trace-derived
reverse_ep,R2L,220.000000,225.000000,222.500000,59947.000000,95.915200,95.915200,100.000000,5.000000,ns3-simulated/trace-derived
reverse_ep,R2L,225.000000,230.000000,227.500000,61066.000000,97.705600,97.705600,100.000000,5.000000,ns3-simulated/trace-derived
reverse_ep,R2L,230.000000,235.000000,232.500000,61049.000000,97.678400,97.678400,100.000000,5.000000,ns3-simulated/trace-derived
reverse_ep,R2L,235.000000,240.000000,237.500000,61129.000000,97.806400,97.806400,100.000000,5.000000,ns3-simulated/trace-derived
reverse_ep,R2L,240.000000,245.000000,242.500000,40641.000000,65.025600,65.025600,100.000000,5.000000,ns3-simulated/trace-derived
reverse_ep,R2L,245.000000,250.000000,247.500000,0.000000,0.000000,0.000000,100.000000,5.000000,ns3-simulated/trace-derived
reverse_ep,R2L,250.000000,255.000000,252.500000,0.000000,0.000000,0.000000,100.000000,5.000000,ns3-simulated/trace-derived
reverse_ep,R2L,255.000000,260.000000,257.500000,0.000000,0.000000,0.000000,100.000000,5.000000,ns3-simulated/trace-derived
reverse_ep,R2L,260.000000,265.000000,262.500000,0.000000,0.000000,0.000000,100.000000,5.000000,ns3-simulated/trace-derived
reverse_ep,R2L,265.000000,270.000000,267.500000,0.000000,0.000000,0.000000,100.000000,5.000000,ns3-simulated/trace-derived
reverse_ep,R2L,270.000000,275.000000,272.500000,0.000000,0.000000,0.000000,100.000000,5.000000,ns3-simulated/trace-derived
reverse_ep,R2L,275.000000,280.000000,277.500000,0.000000,0.000000,0.000000,100.000000,5.000000,ns3-simulated/trace-derived
reverse_ep,R2L,280.000000,285.000000,282.500000,0.000000,0.000000,0.000000,100.000000,5.000000,ns3-simulated/trace-derived
reverse_ep,R2L,285.000000,290.000000,287.500000,0.000000,0.000000,0.000000,100.000000,5.000000,ns3-simulated/trace-derived
reverse_ep,R2L,290.000000,295.000000,292.500000,0.000000,0.000000,0.000000,100.000000,5.000000,ns3-simulated/trace-derived
reverse_ep,R2L,295.000000,300.000000,297.500000,0.000000,0.000000,0.000000,100.000000,5.000000,ns3-simulated/trace-derived
reverse_ep,R2L,300.000000,305.000000,302.500000,0.000000,0.000000,0.000000,100.000000,5.000000,ns3-simulated/trace-derived
reverse_ep,R2L,305.000000,310.000000,307.500000,0.000000,0.000000,0.000000,100.000000,5.000000,ns3-simulated/trace-derived
reverse_ep,R2L,310.000000,315.000000,312.500000,0.000000,0.000000,0.000000,100.000000,5.000000,ns3-simulated/trace-derived
reverse_ep,R2L,315.000000,320.000000,317.500000,0.000000,0.000000,0.000000,100.000000,5.000000,ns3-simulated/trace-derived
reverse_ep,R2L,320.000000,325.000000,322.500000,0.000000,0.000000,0.000000,100.000000,5.000000,ns3-simulated/trace-derived
reverse_ep,R2L,325.000000,330.000000,327.500000,0.000000,0.000000,0.000000,100.000000,5.000000,ns3-simulated/trace-derived
reverse_ep,R2L,330.000000,335.000000,332.500000,0.000000,0.000000,0.000000,100.000000,5.000000,ns3-simulated/trace-derived
reverse_ep,R2L,335.000000,340.000000,337.500000,0.000000,0.000000,0.000000,100.000000,5.000000,ns3-simulated/trace-derived
reverse_ep,R2L,340.000000,345.000000,342.500000,0.000000,0.000000,0.000000,100.000000,5.000000,ns3-simulated/trace-derived
reverse_ep,R2L,345.000000,350.000000,347.500000,0.000000,0.000000,0.000000,100.000000,5.000000,ns3-simulated/trace-derived
reverse_ep,R2L,350.000000,355.000000,352.500000,0.000000,0.000000,0.000000,100.000000,5.000000,ns3-simulated/trace-derived
reverse_ep,R2L,355.000000,360.000000,357.500000,0.000000,0.000000,0.000000,100.000000,5.000000,ns3-simulated/trace-derived
reverse_ep,R2L,360.000000,365.000000,362.500000,0.000000,0.000000,0.000000,100.000000,5.000000,ns3-simulated/trace-derived
reverse_ep,R2L,365.000000,370.000000,367.500000,0.000000,0.000000,0.000000,100.000000,5.000000,ns3-simulated/trace-derived
reverse_ep,R2L,370.000000,375.000000,372.500000,0.000000,0.000000,0.000000,100.000000,5.000000,ns3-simulated/trace-derived
reverse_ep,R2L,375.000000,380.000000,377.500000,0.000000,0.000000,0.000000,100.000000,5.000000,ns3-simulated/trace-derived
reverse_ep,R2L,380.000000,385.000000,382.500000,0.000000,0.000000,0.000000,100.000000,5.000000,ns3-simulated/trace-derived
reverse_ep,R2L,385.000000,390.000000,387.500000,0.000000,0.000000,0.000000,100.000000,5.000000,ns3-simulated/trace-derived
reverse_ep,R2L,390.000000,395.000000,392.500000,0.000000,0.000000,0.000000,100.000000,5.000000,ns3-simulated/trace-derived
reverse_ep,R2L,395.000000,400.000000,397.500000,0.000000,0.000000,0.000000,100.000000,5.000000,ns3-simulated/trace-derived
reverse_ep,R2L,400.000000,405.000000,402.500000,0.000000,0.000000,0.000000,100.000000,5.000000,ns3-simulated/trace-derived
reverse_ep,R2L,405.000000,410.000000,407.500000,0.000000,0.000000,0.000000,100.000000,5.000000,ns3-simulated/trace-derived
reverse_ep,R2L,410.000000,415.000000,412.500000,0.000000,0.000000,0.000000,100.000000,5.000000,ns3-simulated/trace-derived
reverse_ep,R2L,415.000000,420.000000,417.500000,0.000000,0.000000,0.000000,100.000000,5.000000,ns3-simulated/trace-derived
reverse_ep,R2L,420.000000,425.000000,422.500000,0.000000,0.000000,0.000000,100.000000,5.000000,ns3-simulated/trace-derived
reverse_ep,R2L,425.000000,430.000000,427.500000,0.000000,0.000000,0.000000,100.000000,5.000000,ns3-simulated/trace-derived
reverse_ep,R2L,430.000000,435.000000,432.500000,0.000000,0.000000,0.000000,100.000000,5.000000,ns3-simulated/trace-derived
reverse_ep,R2L,435.000000,440.000000,437.500000,0.000000,0.000000,0.000000,100.000000,5.000000,ns3-simulated/trace-derived
reverse_ep,R2L,440.000000,445.000000,442.500000,0.000000,0.000000,0.000000,100.000000,5.000000,ns3-simulated/trace-derived
reverse_ep,R2L,445.000000,450.000000,447.500000,0.000000,0.000000,0.000000,100.000000,5.000000,ns3-simulated/trace-derived
reverse_ep,R2L,450.000000,455.000000,452.500000,0.000000,0.000000,0.000000,100.000000,5.000000,ns3-simulated/trace-derived
reverse_ep,R2L,455.000000,460.000000,457.500000,0.000000,0.000000,0.000000,100.000000,5.000000,ns3-simulated/trace-derived
reverse_ep,R2L,460.000000,465.000000,462.500000,0.000000,0.000000,0.000000,100.000000,5.000000,ns3-simulated/trace-derived
reverse_ep,R2L,465.000000,470.000000,467.500000,0.000000,0.000000,0.000000,100.000000,5.000000,ns3-simulated/trace-derived
reverse_ep,R2L,470.000000,475.000000,472.500000,0.000000,0.000000,0.000000,100.000000,5.000000,ns3-simulated/trace-derived
reverse_ep,R2L,475.000000,480.000000,477.500000,0.000000,0.000000,0.000000,100.000000,5.000000,ns3-simulated/trace-derived
reverse_ep,R2L,480.000000,485.000000,482.500000,0.000000,0.000000,0.000000,100.000000,5.000000,ns3-simulated/trace-derived
reverse_ep,R2L,485.000000,490.000000,487.500000,0.000000,0.000000,0.000000,100.000000,5.000000,ns3-simulated/trace-derived
reverse_ep,R2L,490.000000,495.000000,492.500000,0.000000,0.000000,0.000000,100.000000,5.000000,ns3-simulated/trace-derived
reverse_ep,R2L,495.000000,500.000000,497.500000,0.000000,0.000000,0.000000,100.000000,5.000000,ns3-simulated/trace-derived
reverse_ep,R2L,500.000000,505.000000,502.500000,0.000000,0.000000,0.000000,100.000000,5.000000,ns3-simulated/trace-derived
reverse_ep,R2L,505.000000,510.000000,507.500000,0.000000,0.000000,0.000000,100.000000,5.000000,ns3-simulated/trace-derived
reverse_ep,R2L,510.000000,515.000000,512.500000,0.000000,0.000000,0.000000,100.000000,5.000000,ns3-simulated/trace-derived
reverse_ep,R2L,515.000000,520.000000,517.500000,0.000000,0.000000,0.000000,100.000000,5.000000,ns3-simulated/trace-derived
reverse_ep,R2L,520.000000,525.000000,522.500000,0.000000,0.000000,0.000000,100.000000,5.000000,ns3-simulated/trace-derived
reverse_ep,R2L,525.000000,530.000000,527.500000,0.000000,0.000000,0.000000,100.000000,5.000000,ns3-simulated/trace-derived
reverse_ep,R2L,530.000000,535.000000,532.500000,0.000000,0.000000,0.000000,100.000000,5.000000,ns3-simulated/trace-derived
reverse_ep,R2L,535.000000,540.000000,537.500000,0.000000,0.000000,0.000000,100.000000,5.000000,ns3-simulated/trace-derived
reverse_ep,R2L,540.000000,545.000000,542.500000,0.000000,0.000000,0.000000,100.000000,5.000000,ns3-simulated/trace-derived
reverse_ep,R2L,545.000000,550.000000,547.500000,0.000000,0.000000,0.000000,100.000000,5.000000,ns3-simulated/trace-derived
reverse_ep,R2L,550.000000,555.000000,552.500000,0.000000,0.000000,0.000000,100.000000,5.000000,ns3-simulated/trace-derived
reverse_ep,R2L,555.000000,560.000000,557.500000,0.000000,0.000000,0.000000,100.000000,5.000000,ns3-simulated/trace-derived
reverse_ep,R2L,560.000000,565.000000,562.500000,0.000000,0.000000,0.000000,100.000000,5.000000,ns3-simulated/trace-derived
reverse_ep,R2L,565.000000,570.000000,567.500000,0.000000,0.000000,0.000000,100.000000,5.000000,ns3-simulated/trace-derived
reverse_ep,R2L,570.000000,575.000000,572.500000,0.000000,0.000000,0.000000,100.000000,5.000000,ns3-simulated/trace-derived
reverse_ep,R2L,575.000000,580.000000,577.500000,0.000000,0.000000,0.000000,100.000000,5.000000,ns3-simulated/trace-derived
reverse_ep,R2L,580.000000,585.000000,582.500000,0.000000,0.000000,0.000000,100.000000,5.000000,ns3-simulated/trace-derived
reverse_ep,R2L,585.000000,590.000000,587.500000,0.000000,0.000000,0.000000,100.000000,5.000000,ns3-simulated/trace-derived
reverse_ep,R2L,590.000000,595.000000,592.500000,0.000000,0.000000,0.000000,100.000000,5.000000,ns3-simulated/trace-derived
reverse_ep,R2L,595.000000,600.000000,597.500000,0.000000,0.000000,0.000000,100.000000,5.000000,ns3-simulated/trace-derived
reverse_ep,R2L,600.000000,605.000000,602.500000,0.000000,0.000000,0.000000,100.000000,5.000000,ns3-simulated/trace-derived
reverse_ep,R2L,605.000000,610.000000,607.500000,0.000000,0.000000,0.000000,100.000000,5.000000,ns3-simulated/trace-derived
reverse_ep,R2L,610.000000,615.000000,612.500000,0.000000,0.000000,0.000000,100.000000,5.000000,ns3-simulated/trace-derived
reverse_ep,R2L,615.000000,620.000000,617.500000,0.000000,0.000000,0.000000,100.000000,5.000000,ns3-simulated/trace-derived
reverse_ep,R2L,620.000000,625.000000,622.500000,0.000000,0.000000,0.000000,100.000000,5.000000,ns3-simulated/trace-derived
reverse_ep,R2L,625.000000,630.000000,627.500000,0.000000,0.000000,0.000000,100.000000,5.000000,ns3-simulated/trace-derived
reverse_ep,R2L,630.000000,635.000000,632.500000,0.000000,0.000000,0.000000,100.000000,5.000000,ns3-simulated/trace-derived
reverse_ep,R2L,635.000000,640.000000,637.500000,0.000000,0.000000,0.000000,100.000000,5.000000,ns3-simulated/trace-derived
reverse_ep,R2L,640.000000,645.000000,642.500000,0.000000,0.000000,0.000000,100.000000,5.000000,ns3-simulated/trace-derived
reverse_ep,R2L,645.000000,650.000000,647.500000,0.000000,0.000000,0.000000,100.000000,5.000000,ns3-simulated/trace-derived
reverse_ep,R2L,650.000000,655.000000,652.500000,0.000000,0.000000,0.000000,100.000000,5.000000,ns3-simulated/trace-derived
reverse_ep,R2L,655.000000,660.000000,657.500000,0.000000,0.000000,0.000000,100.000000,5.000000,ns3-simulated/trace-derived
reverse_ep,R2L,660.000000,665.000000,662.500000,0.000000,0.000000,0.000000,100.000000,5.000000,ns3-simulated/trace-derived
reverse_ep,R2L,665.000000,670.000000,667.500000,0.000000,0.000000,0.000000,100.000000,5.000000,ns3-simulated/trace-derived
reverse_ep,R2L,670.000000,675.000000,672.500000,60257.000000,96.411200,96.411200,100.000000,5.000000,ns3-simulated/trace-derived
reverse_ep,R2L,675.000000,680.000000,677.500000,61377.000000,98.203200,98.203200,100.000000,5.000000,ns3-simulated/trace-derived
reverse_ep,R2L,680.000000,685.000000,682.500000,61377.000000,98.203200,98.203200,100.000000,5.000000,ns3-simulated/trace-derived
reverse_ep,R2L,685.000000,690.000000,687.500000,61189.000000,97.902400,97.902400,100.000000,5.000000,ns3-simulated/trace-derived
reverse_ep,R2L,690.000000,695.000000,692.500000,39632.000000,63.411200,63.411200,100.000000,5.000000,ns3-simulated/trace-derived
reverse_ep,R2L,695.000000,700.000000,697.500000,0.000000,0.000000,0.000000,100.000000,5.000000,ns3-simulated/trace-derived
reverse_ep,R2L,700.000000,705.000000,702.500000,0.000000,0.000000,0.000000,100.000000,5.000000,ns3-simulated/trace-derived
reverse_ep,R2L,705.000000,710.000000,707.500000,0.000000,0.000000,0.000000,100.000000,5.000000,ns3-simulated/trace-derived
reverse_ep,R2L,710.000000,715.000000,712.500000,0.000000,0.000000,0.000000,100.000000,5.000000,ns3-simulated/trace-derived
reverse_ep,R2L,715.000000,720.000000,717.500000,0.000000,0.000000,0.000000,100.000000,5.000000,ns3-simulated/trace-derived
reverse_ep,R2L,720.000000,725.000000,722.500000,0.000000,0.000000,0.000000,100.000000,5.000000,ns3-simulated/trace-derived
reverse_ep,R2L,725.000000,730.000000,727.500000,0.000000,0.000000,0.000000,100.000000,5.000000,ns3-simulated/trace-derived
reverse_ep,R2L,730.000000,735.000000,732.500000,0.000000,0.000000,0.000000,100.000000,5.000000,ns3-simulated/trace-derived
reverse_ep,R2L,735.000000,740.000000,737.500000,0.000000,0.000000,0.000000,100.000000,5.000000,ns3-simulated/trace-derived
reverse_ep,R2L,740.000000,745.000000,742.500000,0.000000,0.000000,0.000000,100.000000,5.000000,ns3-simulated/trace-derived
reverse_ep,R2L,745.000000,750.000000,747.500000,0.000000,0.000000,0.000000,100.000000,5.000000,ns3-simulated/trace-derived
reverse_ep,R2L,750.000000,755.000000,752.500000,0.000000,0.000000,0.000000,100.000000,5.000000,ns3-simulated/trace-derived
reverse_ep,R2L,755.000000,760.000000,757.500000,0.000000,0.000000,0.000000,100.000000,5.000000,ns3-simulated/trace-derived
reverse_ep,R2L,760.000000,765.000000,762.500000,0.000000,0.000000,0.000000,100.000000,5.000000,ns3-simulated/trace-derived
reverse_ep,R2L,765.000000,770.000000,767.500000,0.000000,0.000000,0.000000,100.000000,5.000000,ns3-simulated/trace-derived
reverse_ep,R2L,770.000000,775.000000,772.500000,0.000000,0.000000,0.000000,100.000000,5.000000,ns3-simulated/trace-derived
reverse_ep,R2L,775.000000,780.000000,777.500000,0.000000,0.000000,0.000000,100.000000,5.000000,ns3-simulated/trace-derived
reverse_ep,R2L,780.000000,785.000000,782.500000,0.000000,0.000000,0.000000,100.000000,5.000000,ns3-simulated/trace-derived
reverse_ep,R2L,785.000000,790.000000,787.500000,0.000000,0.000000,0.000000,100.000000,5.000000,ns3-simulated/trace-derived
reverse_ep,R2L,790.000000,795.000000,792.500000,0.000000,0.000000,0.000000,100.000000,5.000000,ns3-simulated/trace-derived
reverse_ep,R2L,795.000000,800.000000,797.500000,0.000000,0.000000,0.000000,100.000000,5.000000,ns3-simulated/trace-derived
reverse_ep,R2L,800.000000,805.000000,802.500000,0.000000,0.000000,0.000000,100.000000,5.000000,ns3-simulated/trace-derived
reverse_ep,R2L,805.000000,810.000000,807.500000,0.000000,0.000000,0.000000,100.000000,5.000000,ns3-simulated/trace-derived
reverse_ep,R2L,810.000000,815.000000,812.500000,0.000000,0.000000,0.000000,100.000000,5.000000,ns3-simulated/trace-derived
reverse_ep,R2L,815.000000,820.000000,817.500000,0.000000,0.000000,0.000000,100.000000,5.000000,ns3-simulated/trace-derived
reverse_ep,R2L,820.000000,825.000000,822.500000,0.000000,0.000000,0.000000,100.000000,5.000000,ns3-simulated/trace-derived
reverse_ep,R2L,825.000000,830.000000,827.500000,0.000000,0.000000,0.000000,100.000000,5.000000,ns3-simulated/trace-derived
reverse_ep,R2L,830.000000,835.000000,832.500000,0.000000,0.000000,0.000000,100.000000,5.000000,ns3-simulated/trace-derived
reverse_ep,R2L,835.000000,840.000000,837.500000,0.000000,0.000000,0.000000,100.000000,5.000000,ns3-simulated/trace-derived
reverse_ep,R2L,840.000000,845.000000,842.500000,0.000000,0.000000,0.000000,100.000000,5.000000,ns3-simulated/trace-derived
reverse_ep,R2L,845.000000,850.000000,847.500000,0.000000,0.000000,0.000000,100.000000,5.000000,ns3-simulated/trace-derived
reverse_ep,R2L,850.000000,855.000000,852.500000,0.000000,0.000000,0.000000,100.000000,5.000000,ns3-simulated/trace-derived
reverse_ep,R2L,855.000000,860.000000,857.500000,0.000000,0.000000,0.000000,100.000000,5.000000,ns3-simulated/trace-derived
reverse_ep,R2L,860.000000,865.000000,862.500000,0.000000,0.000000,0.000000,100.000000,5.000000,ns3-simulated/trace-derived
reverse_ep,R2L,865.000000,870.000000,867.500000,0.000000,0.000000,0.000000,100.000000,5.000000,ns3-simulated/trace-derived
reverse_ep,R2L,870.000000,875.000000,872.500000,0.000000,0.000000,0.000000,100.000000,5.000000,ns3-simulated/trace-derived
reverse_ep,R2L,875.000000,880.000000,877.500000,0.000000,0.000000,0.000000,100.000000,5.000000,ns3-simulated/trace-derived
reverse_ep,R2L,880.000000,885.000000,882.500000,0.000000,0.000000,0.000000,100.000000,5.000000,ns3-simulated/trace-derived
reverse_ep,R2L,885.000000,890.000000,887.500000,0.000000,0.000000,0.000000,100.000000,5.000000,ns3-simulated/trace-derived
reverse_ep,R2L,890.000000,895.000000,892.500000,0.000000,0.000000,0.000000,100.000000,5.000000,ns3-simulated/trace-derived
reverse_ep,R2L,895.000000,900.000000,897.500000,0.000000,0.000000,0.000000,100.000000,5.000000,ns3-simulated/trace-derived
reverse_ep,R2L,900.000000,905.000000,902.500000,0.000000,0.000000,0.000000,100.000000,5.000000,ns3-simulated/trace-derived
reverse_ep,R2L,905.000000,910.000000,907.500000,0.000000,0.000000,0.000000,100.000000,5.000000,ns3-simulated/trace-derived
reverse_ep,R2L,910.000000,915.000000,912.500000,0.000000,0.000000,0.000000,100.000000,5.000000,ns3-simulated/trace-derived
reverse_ep,R2L,915.000000,920.000000,917.500000,0.000000,0.000000,0.000000,100.000000,5.000000,ns3-simulated/trace-derived
reverse_ep,R2L,920.000000,925.000000,922.500000,0.000000,0.000000,0.000000,100.000000,5.000000,ns3-simulated/trace-derived
reverse_ep,R2L,925.000000,930.000000,927.500000,0.000000,0.000000,0.000000,100.000000,5.000000,ns3-simulated/trace-derived
reverse_ep,R2L,930.000000,935.000000,932.500000,0.000000,0.000000,0.000000,100.000000,5.000000,ns3-simulated/trace-derived
reverse_ep,R2L,935.000000,940.000000,937.500000,0.000000,0.000000,0.000000,100.000000,5.000000,ns3-simulated/trace-derived
reverse_ep,R2L,940.000000,945.000000,942.500000,0.000000,0.000000,0.000000,100.000000,5.000000,ns3-simulated/trace-derived
reverse_ep,R2L,945.000000,950.000000,947.500000,0.000000,0.000000,0.000000,100.000000,5.000000,ns3-simulated/trace-derived
reverse_ep,R2L,950.000000,955.000000,952.500000,0.000000,0.000000,0.000000,100.000000,5.000000,ns3-simulated/trace-derived
reverse_ep,R2L,955.000000,960.000000,957.500000,0.000000,0.000000,0.000000,100.000000,5.000000,ns3-simulated/trace-derived
reverse_ep,R2L,960.000000,965.000000,962.500000,0.000000,0.000000,0.000000,100.000000,5.000000,ns3-simulated/trace-derived
reverse_ep,R2L,965.000000,970.000000,967.500000,0.000000,0.000000,0.000000,100.000000,5.000000,ns3-simulated/trace-derived
reverse_ep,R2L,970.000000,975.000000,972.500000,0.000000,0.000000,0.000000,100.000000,5.000000,ns3-simulated/trace-derived
reverse_ep,R2L,975.000000,980.000000,977.500000,0.000000,0.000000,0.000000,100.000000,5.000000,ns3-simulated/trace-derived
reverse_ep,R2L,980.000000,985.000000,982.500000,0.000000,0.000000,0.000000,100.000000,5.000000,ns3-simulated/trace-derived
reverse_ep,R2L,985.000000,990.000000,987.500000,0.000000,0.000000,0.000000,100.000000,5.000000,ns3-simulated/trace-derived
reverse_ep,R2L,990.000000,995.000000,992.500000,0.000000,0.000000,0.000000,100.000000,5.000000,ns3-simulated/trace-derived
reverse_ep,R2L,995.000000,1000.000000,997.500000,0.000000,0.000000,0.000000,100.000000,5.000000,ns3-simulated/trace-derived
reverse_ep,R2L,1000.000000,1005.000000,1002.500000,0.000000,0.000000,0.000000,100.000000,5.000000,ns3-simulated/trace-derived
reverse_ep,R2L,1005.000000,1010.000000,1007.500000,0.000000,0.000000,0.000000,100.000000,5.000000,ns3-simulated/trace-derived
reverse_ep,R2L,1010.000000,1015.000000,1012.500000,0.000000,0.000000,0.000000,100.000000,5.000000,ns3-simulated/trace-derived
reverse_ep,R2L,1015.000000,1020.000000,1017.500000,0.000000,0.000000,0.000000,100.000000,5.000000,ns3-simulated/trace-derived
reverse_ep,R2L,1020.000000,1025.000000,1022.500000,0.000000,0.000000,0.000000,100.000000,5.000000,ns3-simulated/trace-derived
reverse_ep,R2L,1025.000000,1030.000000,1027.500000,0.000000,0.000000,0.000000,100.000000,5.000000,ns3-simulated/trace-derived
reverse_ep,R2L,1030.000000,1035.000000,1032.500000,0.000000,0.000000,0.000000,100.000000,5.000000,ns3-simulated/trace-derived
reverse_ep,R2L,1035.000000,1040.000000,1037.500000,0.000000,0.000000,0.000000,100.000000,5.000000,ns3-simulated/trace-derived
reverse_ep,R2L,1040.000000,1045.000000,1042.500000,0.000000,0.000000,0.000000,100.000000,5.000000,ns3-simulated/trace-derived
reverse_ep,R2L,1045.000000,1050.000000,1047.500000,0.000000,0.000000,0.000000,100.000000,5.000000,ns3-simulated/trace-derived
reverse_ep,R2L,1050.000000,1055.000000,1052.500000,0.000000,0.000000,0.000000,100.000000,5.000000,ns3-simulated/trace-derived
reverse_ep,R2L,1055.000000,1060.000000,1057.500000,0.000000,0.000000,0.000000,100.000000,5.000000,ns3-simulated/trace-derived
reverse_ep,R2L,1060.000000,1065.000000,1062.500000,0.000000,0.000000,0.000000,100.000000,5.000000,ns3-simulated/trace-derived
reverse_ep,R2L,1065.000000,1070.000000,1067.500000,0.000000,0.000000,0.000000,100.000000,5.000000,ns3-simulated/trace-derived
reverse_ep,R2L,1070.000000,1075.000000,1072.500000,0.000000,0.000000,0.000000,100.000000,5.000000,ns3-simulated/trace-derived
reverse_ep,R2L,1075.000000,1080.000000,1077.500000,0.000000,0.000000,0.000000,100.000000,5.000000,ns3-simulated/trace-derived
reverse_ep,R2L,1080.000000,1085.000000,1082.500000,0.000000,0.000000,0.000000,100.000000,5.000000,ns3-simulated/trace-derived
reverse_ep,R2L,1085.000000,1090.000000,1087.500000,0.000000,0.000000,0.000000,100.000000,5.000000,ns3-simulated/trace-derived
reverse_ep,R2L,1090.000000,1095.000000,1092.500000,0.000000,0.000000,0.000000,100.000000,5.000000,ns3-simulated/trace-derived
reverse_ep,R2L,1095.000000,1100.000000,1097.500000,0.000000,0.000000,0.000000,100.000000,5.000000,ns3-simulated/trace-derived
