flow_kind,direction,bin_start_us,bin_end_us,bin_center_us,wire_bytes_in_bin,bandwidth_gbps,utilization_pct,link_capacity_gbps,bin_width_us,evidence
target,L2R,100.000000,100.250000,100.125000,0.000000,0.000000,0.000000,100.000000,0.250000,ns3-simulated/trace-derived
target,L2R,100.250000,100.500000,100.375000,0.000000,0.000000,0.000000,100.000000,0.250000,ns3-simulated/trace-derived
target,L2R,100.500000,100.750000,100.625000,0.000000,0.000000,0.000000,100.000000,0.250000,ns3-simulated/trace-derived
target,L2R,100.750000,101.000000,100.875000,0.000000,0.000000,0.000000,100.000000,0.250000,ns3-simulated/trace-derived
target,L2R,101.000000,101.250000,101.125000,0.000000,0.000000,0.000000,100.000000,0.250000,ns3-simulated/trace-derived
target,L2R,101.250000,101.500000,101.375000,0.000000,0.000000,0.000000,100.000000,0.250000,ns3-simulated/trace-derived
target,L2R,101.500000,101.750000,101.625000,0.000000,0.000000,0.000000,100.000000,0.250000,ns3-simulated/trace-derived
target,L2R,101.750000,102.000000,101.875000,0.000000,0.000000,0.000000,100.000000,0.250000,ns3-simulated/trace-derived
target,L2R,102.000000,102.250000,102.125000,0.000000,0.000000,0.000000,100.000000,0.250000,ns3-simulated/trace-derived
target,L2R,102.250000,102.500000,102.375000,0.000000,0.000000,0.000000,100.000000,0.250000,ns3-simulated/trace-derived
target,L2R,102.500000,102.750000,102.625000,0.000000,0.000000,0.000000,100.000000,0.250000,ns3-simulated/trace-derived
target,L2R,102.750000,103.000000,102.875000,0.000000,0.000000,0.000000,100.000000,0.250000,ns3-simulated/trace-derived
target,L2R,103.000000,103.250000,103.125000,0.000000,0.000000,0.000000,100.000000,0.250000,ns3-simulated/trace-derived
target,L2R,103.250000,103.500000,103.375000,0.000000,0.000000,0.000000,100.000000,0.250000,ns3-simulated/trace-derived
target,L2R,103.500000,103.750000,103.625000,0.000000,0.000000,0.000000,100.000000,0.250000,ns3-simulated/trace-derived
target,L2R,103.750000,104.000000,103.875000,0.000000,0.000000,0.000000,100.000000,0.250000,ns3-simulated/trace-derived
target,L2R,104.000000,104.250000,104.125000,0.000000,0.000000,0.000000,100.000000,0.250000,ns3-simulated/trace-derived
target,L2R,104.250000,104.500000,104.375000,0.000000,0.000000,0.000000,100.000000,0.250000,ns3-simulated/trace-derived
target,L2R,104.500000,104.750000,104.625000,0.000000,0.000000,0.000000,100.000000,0.250000,ns3-simulated/trace-derived
target,L2R,104.750000,105.000000,104.875000,0.000000,0.000000,0.000000,100.000000,0.250000,ns3-simulated/trace-derived
target,L2R,105.000000,105.250000,105.125000,0.000000,0.000000,0.000000,100.000000,0.250000,ns3-simulated/trace-derived
target,L2R,105.250000,105.500000,105.375000,0.000000,0.000000,0.000000,100.000000,0.250000,ns3-simulated/trace-derived
target,L2R,105.500000,105.750000,105.625000,0.000000,0.000000,0.000000,100.000000,0.250000,ns3-simulated/trace-derived
target,L2R,105.750000,106.000000,105.875000,0.000000,0.000000,0.000000,100.000000,0.250000,ns3-simulated/trace-derived
target,L2R,106.000000,106.250000,106.125000,0.000000,0.000000,0.000000,100.000000,0.250000,ns3-simulated/trace-derived
target,L2R,106.250000,106.500000,106.375000,0.000000,0.000000,0.000000,100.000000,0.250000,ns3-simulated/trace-derived
target,L2R,106.500000,106.750000,106.625000,0.000000,0.000000,0.000000,100.000000,0.250000,ns3-simulated/trace-derived
target,L2R,106.750000,107.000000,106.875000,0.000000,0.000000,0.000000,100.000000,0.250000,ns3-simulated/trace-derived
target,L2R,107.000000,107.250000,107.125000,0.000000,0.000000,0.000000,100.000000,0.250000,ns3-simulated/trace-derived
target,L2R,107.250000,107.500000,107.375000,0.000000,0.000000,0.000000,100.000000,0.250000,ns3-simulated/trace-derived
target,L2R,107.500000,107.750000,107.625000,0.000000,0.000000,0.000000,100.000000,0.250000,ns3-simulated/trace-derived
target,L2R,107.750000,108.000000,107.875000,0.000000,0.000000,0.000000,100.000000,0.250000,ns3-simulated/trace-derived
target,L2R,108.000000,108.250000,108.125000,0.000000,0.000000,0.000000,100.000000,0.250000,ns3-simulated/trace-derived
target,L2R,108.250000,108.500000,108.375000,0.000000,0.000000,0.000000,100.000000,0.250000,ns3-simulated/trace-derived
target,L2R,108.500000,108.750000,108.625000,0.000000,0.000000,0.000000,100.000000,0.250000,ns3-simulated/trace-derived
target,L2R,108.750000,109.000000,108.875000,0.000000,0.000000,0.000000,100.000000,0.250000,ns3-simulated/trace-derived
target,L2R,109.000000,109.250000,109.125000,0.000000,0.000000,0.000000,100.000000,0.250000,ns3-simulated/trace-derived
target,L2R,109.250000,109.500000,109.375000,0.000000,0.000000,0.000000,100.000000,0.250000,ns3-simulated/trace-derived
target,L2R,109.500000,109.750000,109.625000,0.000000,0.000000,0.000000,100.000000,0.250000,ns3-simulated/trace-derived
target,L2R,109.750000,110.000000,109.875000,0.000000,0.000000,0.000000,100.000000,0.250000,ns3-simulated/trace-derived
target,L2R,110.000000,110.250000,110.125000,0.000000,0.000000,0.000000,100.000000,0.250000,ns3-simulated/trace-derived
target,L2R,110.250000,110.500000,110.375000,645.000000,20.640000,20.640000,100.000000,0.250000,ns3-simulated/trace-derived
target,L2R,110.500000,110.750000,110.625000,3125.000000,100.000000,100.000000,100.000000,0.250000,ns3-simulated/trace-derived
target,L2R,110.750000,111.000000,110.875000,404.000000,12.928000,12.928000,100.000000,0.250000,ns3-simulated/trace-derived
target,L2R,111.000000,111.250000,111.125000,1672.000000,53.504000,53.504000,100.000000,0.250000,ns3-simulated/trace-derived
target,L2R,111.250000,111.500000,111.375000,2502.000000,80.064000,80.064000,100.000000,0.250000,ns3-simulated/trace-derived
target,L2R,111.500000,111.750000,111.625000,0.000000,0.000000,0.000000,100.000000,0.250000,ns3-simulated/trace-derived
target,L2R,111.750000,112.000000,111.875000,2699.000000,86.368000,86.368000,100.000000,0.250000,ns3-simulated/trace-derived
target,L2R,112.000000,112.250000,112.125000,1475.000000,47.200000,47.200000,100.000000,0.250000,ns3-simulated/trace-derived
target,L2R,112.250000,112.500000,112.375000,601.000000,19.232000,19.232000,100.000000,0.250000,ns3-simulated/trace-derived
target,L2R,112.500000,112.750000,112.625000,3125.000000,100.000000,100.000000,100.000000,0.250000,ns3-simulated/trace-derived
target,L2R,112.750000,113.000000,112.875000,448.000000,14.336000,14.336000,100.000000,0.250000,ns3-simulated/trace-derived
target,L2R,113.000000,113.250000,113.125000,1628.000000,52.096000,52.096000,100.000000,0.250000,ns3-simulated/trace-derived
target,L2R,113.250000,113.500000,113.375000,2546.000000,81.472000,81.472000,100.000000,0.250000,ns3-simulated/trace-derived
target,L2R,113.500000,113.750000,113.625000,0.000000,0.000000,0.000000,100.000000,0.250000,ns3-simulated/trace-derived
target,L2R,113.750000,114.000000,113.875000,2655.000000,84.960000,84.960000,100.000000,0.250000,ns3-simulated/trace-derived
target,L2R,114.000000,114.250000,114.125000,1519.000000,48.608000,48.608000,100.000000,0.250000,ns3-simulated/trace-derived
target,L2R,114.250000,114.500000,114.375000,557.000000,17.824000,17.824000,100.000000,0.250000,ns3-simulated/trace-derived
target,L2R,114.500000,114.750000,114.625000,3125.000000,100.000000,100.000000,100.000000,0.250000,ns3-simulated/trace-derived
target,L2R,114.750000,115.000000,114.875000,492.000000,15.744000,15.744000,100.000000,0.250000,ns3-simulated/trace-derived
target,L2R,115.000000,115.250000,115.125000,1584.000000,50.688000,50.688000,100.000000,0.250000,ns3-simulated/trace-derived
target,L2R,115.250000,115.500000,115.375000,2590.000000,82.880000,82.880000,100.000000,0.250000,ns3-simulated/trace-derived
target,L2R,115.500000,115.750000,115.625000,0.000000,0.000000,0.000000,100.000000,0.250000,ns3-simulated/trace-derived
target,L2R,115.750000,116.000000,115.875000,2611.000000,83.552000,83.552000,100.000000,0.250000,ns3-simulated/trace-derived
target,L2R,116.000000,116.250000,116.125000,1563.000000,50.016000,50.016000,100.000000,0.250000,ns3-simulated/trace-derived
target,L2R,116.250000,116.500000,116.375000,513.000000,16.416000,16.416000,100.000000,0.250000,ns3-simulated/trace-derived
target,L2R,116.500000,116.750000,116.625000,3125.000000,100.000000,100.000000,100.000000,0.250000,ns3-simulated/trace-derived
target,L2R,116.750000,117.000000,116.875000,536.000000,17.152000,17.152000,100.000000,0.250000,ns3-simulated/trace-derived
target,L2R,117.000000,117.250000,117.125000,1540.000000,49.280000,49.280000,100.000000,0.250000,ns3-simulated/trace-derived
target,L2R,117.250000,117.500000,117.375000,2634.000000,84.288000,84.288000,100.000000,0.250000,ns3-simulated/trace-derived
target,L2R,117.500000,117.750000,117.625000,0.000000,0.000000,0.000000,100.000000,0.250000,ns3-simulated/trace-derived
target,L2R,117.750000,118.000000,117.875000,2567.000000,82.144000,82.144000,100.000000,0.250000,ns3-simulated/trace-derived
target,L2R,118.000000,118.250000,118.125000,1607.000000,51.424000,51.424000,100.000000,0.250000,ns3-simulated/trace-derived
target,L2R,118.250000,118.500000,118.375000,469.000000,15.008000,15.008000,100.000000,0.250000,ns3-simulated/trace-derived
target,L2R,118.500000,118.750000,118.625000,3125.000000,100.000000,100.000000,100.000000,0.250000,ns3-simulated/trace-derived
target,L2R,118.750000,119.000000,118.875000,580.000000,18.560000,18.560000,100.000000,0.250000,ns3-simulated/trace-derived
target,L2R,119.000000,119.250000,119.125000,1496.000000,47.872000,47.872000,100.000000,0.250000,ns3-simulated/trace-derived
target,L2R,119.250000,119.500000,119.375000,2678.000000,85.696000,85.696000,100.000000,0.250000,ns3-simulated/trace-derived
target,L2R,119.500000,119.750000,119.625000,0.000000,0.000000,0.000000,100.000000,0.250000,ns3-simulated/trace-derived
target,L2R,119.750000,120.000000,119.875000,2523.000000,80.736000,80.736000,100.000000,0.250000,ns3-simulated/trace-derived
target,L2R,120.000000,120.250000,120.125000,1651.000000,52.832000,52.832000,100.000000,0.250000,ns3-simulated/trace-derived
target,L2R,120.250000,120.500000,120.375000,425.000000,13.600000,13.600000,100.000000,0.250000,ns3-simulated/trace-derived
target,L2R,120.500000,120.750000,120.625000,3125.000000,100.000000,100.000000,100.000000,0.250000,ns3-simulated/trace-derived
target,L2R,120.750000,121.000000,120.875000,624.000000,19.968000,19.968000,100.000000,0.250000,ns3-simulated/trace-derived
target,L2R,121.000000,121.250000,121.125000,1452.000000,46.464000,46.464000,100.000000,0.250000,ns3-simulated/trace-derived
target,L2R,121.250000,121.500000,121.375000,2722.000000,87.104000,87.104000,100.000000,0.250000,ns3-simulated/trace-derived
target,L2R,121.500000,121.750000,121.625000,0.000000,0.000000,0.000000,100.000000,0.250000,ns3-simulated/trace-derived
target,L2R,121.750000,122.000000,121.875000,2479.000000,79.328000,79.328000,100.000000,0.250000,ns3-simulated/trace-derived
target,L2R,122.000000,122.250000,122.125000,1695.000000,54.240000,54.240000,100.000000,0.250000,ns3-simulated/trace-derived
target,L2R,122.250000,122.500000,122.375000,381.000000,12.192000,12.192000,100.000000,0.250000,ns3-simulated/trace-derived
target,L2R,122.500000,122.750000,122.625000,3125.000000,100.000000,100.000000,100.000000,0.250000,ns3-simulated/trace-derived
target,L2R,122.750000,123.000000,122.875000,668.000000,21.376000,21.376000,100.000000,0.250000,ns3-simulated/trace-derived
target,L2R,123.000000,123.250000,123.125000,1408.000000,45.056000,45.056000,100.000000,0.250000,ns3-simulated/trace-derived
target,L2R,123.250000,123.500000,123.375000,2766.000000,88.512000,88.512000,100.000000,0.250000,ns3-simulated/trace-derived
target,L2R,123.500000,123.750000,123.625000,0.000000,0.000000,0.000000,100.000000,0.250000,ns3-simulated/trace-derived
target,L2R,123.750000,124.000000,123.875000,2435.000000,77.920000,77.920000,100.000000,0.250000,ns3-simulated/trace-derived
target,L2R,124.000000,124.250000,124.125000,1739.000000,55.648000,55.648000,100.000000,0.250000,ns3-simulated/trace-derived
target,L2R,124.250000,124.500000,124.375000,337.000000,10.784000,10.784000,100.000000,0.250000,ns3-simulated/trace-derived
target,L2R,124.500000,124.750000,124.625000,3125.000000,100.000000,100.000000,100.000000,0.250000,ns3-simulated/trace-derived
target,L2R,124.750000,125.000000,124.875000,712.000000,22.784000,22.784000,100.000000,0.250000,ns3-simulated/trace-derived
target,L2R,125.000000,125.250000,125.125000,1364.000000,43.648000,43.648000,100.000000,0.250000,ns3-simulated/trace-derived
target,L2R,125.250000,125.500000,125.375000,2810.000000,89.920000,89.920000,100.000000,0.250000,ns3-simulated/trace-derived
target,L2R,125.500000,125.750000,125.625000,0.000000,0.000000,0.000000,100.000000,0.250000,ns3-simulated/trace-derived
target,L2R,125.750000,126.000000,125.875000,2391.000000,76.512000,76.512000,100.000000,0.250000,ns3-simulated/trace-derived
target,L2R,126.000000,126.250000,126.125000,1783.000000,57.056000,57.056000,100.000000,0.250000,ns3-simulated/trace-derived
target,L2R,126.250000,126.500000,126.375000,293.000000,9.376000,9.376000,100.000000,0.250000,ns3-simulated/trace-derived
target,L2R,126.500000,126.750000,126.625000,3125.000000,100.000000,100.000000,100.000000,0.250000,ns3-simulated/trace-derived
target,L2R,126.750000,127.000000,126.875000,756.000000,24.192000,24.192000,100.000000,0.250000,ns3-simulated/trace-derived
target,L2R,127.000000,127.250000,127.125000,1320.000000,42.240000,42.240000,100.000000,0.250000,ns3-simulated/trace-derived
target,L2R,127.250000,127.500000,127.375000,2854.000000,91.328000,91.328000,100.000000,0.250000,ns3-simulated/trace-derived
target,L2R,127.500000,127.750000,127.625000,0.000000,0.000000,0.000000,100.000000,0.250000,ns3-simulated/trace-derived
target,L2R,127.750000,128.000000,127.875000,2347.000000,75.104000,75.104000,100.000000,0.250000,ns3-simulated/trace-derived
target,L2R,128.000000,128.250000,128.125000,1827.000000,58.464000,58.464000,100.000000,0.250000,ns3-simulated/trace-derived
target,L2R,128.250000,128.500000,128.375000,249.000000,7.968000,7.968000,100.000000,0.250000,ns3-simulated/trace-derived
target,L2R,128.500000,128.750000,128.625000,3125.000000,100.000000,100.000000,100.000000,0.250000,ns3-simulated/trace-derived
target,L2R,128.750000,129.000000,128.875000,800.000000,25.600000,25.600000,100.000000,0.250000,ns3-simulated/trace-derived
target,L2R,129.000000,129.250000,129.125000,1276.000000,40.832000,40.832000,100.000000,0.250000,ns3-simulated/trace-derived
target,L2R,129.250000,129.500000,129.375000,2898.000000,92.736000,92.736000,100.000000,0.250000,ns3-simulated/trace-derived
target,L2R,129.500000,129.750000,129.625000,0.000000,0.000000,0.000000,100.000000,0.250000,ns3-simulated/trace-derived
target,L2R,129.750000,130.000000,129.875000,2303.000000,73.696000,73.696000,100.000000,0.250000,ns3-simulated/trace-derived
target,L2R,130.000000,130.250000,130.125000,1871.000000,59.872000,59.872000,100.000000,0.250000,ns3-simulated/trace-derived
target,L2R,130.250000,130.500000,130.375000,205.000000,6.560000,6.560000,100.000000,0.250000,ns3-simulated/trace-derived
target,L2R,130.500000,130.750000,130.625000,3125.000000,100.000000,100.000000,100.000000,0.250000,ns3-simulated/trace-derived
target,L2R,130.750000,131.000000,130.875000,844.000000,27.008000,27.008000,100.000000,0.250000,ns3-simulated/trace-derived
target,L2R,131.000000,131.250000,131.125000,1232.000000,39.424000,39.424000,100.000000,0.250000,ns3-simulated/trace-derived
target,L2R,131.250000,131.500000,131.375000,2942.000000,94.144000,94.144000,100.000000,0.250000,ns3-simulated/trace-derived
target,L2R,131.500000,131.750000,131.625000,0.000000,0.000000,0.000000,100.000000,0.250000,ns3-simulated/trace-derived
target,L2R,131.750000,132.000000,131.875000,2259.000000,72.288000,72.288000,100.000000,0.250000,ns3-simulated/trace-derived
target,L2R,132.000000,132.250000,132.125000,1915.000000,61.280000,61.280000,100.000000,0.250000,ns3-simulated/trace-derived
target,L2R,132.250000,132.500000,132.375000,161.000000,5.152000,5.152000,100.000000,0.250000,ns3-simulated/trace-derived
target,L2R,132.500000,132.750000,132.625000,3125.000000,100.000000,100.000000,100.000000,0.250000,ns3-simulated/trace-derived
target,L2R,132.750000,133.000000,132.875000,888.000000,28.416000,28.416000,100.000000,0.250000,ns3-simulated/trace-derived
target,L2R,133.000000,133.250000,133.125000,1188.000000,38.016000,38.016000,100.000000,0.250000,ns3-simulated/trace-derived
target,L2R,133.250000,133.500000,133.375000,2986.000000,95.552000,95.552000,100.000000,0.250000,ns3-simulated/trace-derived
target,L2R,133.500000,133.750000,133.625000,0.000000,0.000000,0.000000,100.000000,0.250000,ns3-simulated/trace-derived
target,L2R,133.750000,134.000000,133.875000,2215.000000,70.880000,70.880000,100.000000,0.250000,ns3-simulated/trace-derived
target,L2R,134.000000,134.250000,134.125000,1959.000000,62.688000,62.688000,100.000000,0.250000,ns3-simulated/trace-derived
target,L2R,134.250000,134.500000,134.375000,117.000000,3.744000,3.744000,100.000000,0.250000,ns3-simulated/trace-derived
target,L2R,134.500000,134.750000,134.625000,3125.000000,100.000000,100.000000,100.000000,0.250000,ns3-simulated/trace-derived
target,L2R,134.750000,135.000000,134.875000,932.000000,29.824000,29.824000,100.000000,0.250000,ns3-simulated/trace-derived
target,L2R,135.000000,135.250000,135.125000,1144.000000,36.608000,36.608000,100.000000,0.250000,ns3-simulated/trace-derived
target,L2R,135.250000,135.500000,135.375000,3030.000000,96.960000,96.960000,100.000000,0.250000,ns3-simulated/trace-derived
target,L2R,135.500000,135.750000,135.625000,0.000000,0.000000,0.000000,100.000000,0.250000,ns3-simulated/trace-derived
target,L2R,135.750000,136.000000,135.875000,2171.000000,69.472000,69.472000,100.000000,0.250000,ns3-simulated/trace-derived
target,L2R,136.000000,136.250000,136.125000,2003.000000,64.096000,64.096000,100.000000,0.250000,ns3-simulated/trace-derived
target,L2R,136.250000,136.500000,136.375000,73.000000,2.336000,2.336000,100.000000,0.250000,ns3-simulated/trace-derived
target,L2R,136.500000,136.750000,136.625000,3125.000000,100.000000,100.000000,100.000000,0.250000,ns3-simulated/trace-derived
target,L2R,136.750000,137.000000,136.875000,976.000000,31.232000,31.232000,100.000000,0.250000,ns3-simulated/trace-derived
target,L2R,137.000000,137.250000,137.125000,1100.000000,35.200000,35.200000,100.000000,0.250000,ns3-simulated/trace-derived
target,L2R,137.250000,137.500000,137.375000,3074.000000,98.368000,98.368000,100.000000,0.250000,ns3-simulated/trace-derived
target,L2R,137.500000,137.750000,137.625000,0.000000,0.000000,0.000000,100.000000,0.250000,ns3-simulated/trace-derived
target,L2R,137.750000,138.000000,137.875000,2127.000000,68.064000,68.064000,100.000000,0.250000,ns3-simulated/trace-derived
target,L2R,138.000000,138.250000,138.125000,2047.000000,65.504000,65.504000,100.000000,0.250000,ns3-simulated/trace-derived
target,L2R,138.250000,138.500000,138.375000,29.000000,0.928000,0.928000,100.000000,0.250000,ns3-simulated/trace-derived
target,L2R,138.500000,138.750000,138.625000,3125.000000,100.000000,100.000000,100.000000,0.250000,ns3-simulated/trace-derived
target,L2R,138.750000,139.000000,138.875000,1020.000000,32.640000,32.640000,100.000000,0.250000,ns3-simulated/trace-derived
target,L2R,139.000000,139.250000,139.125000,1056.000000,33.792000,33.792000,100.000000,0.250000,ns3-simulated/trace-derived
target,L2R,139.250000,139.500000,139.375000,3118.000000,99.776000,99.776000,100.000000,0.250000,ns3-simulated/trace-derived
target,L2R,139.500000,139.750000,139.625000,0.000000,0.000000,0.000000,100.000000,0.250000,ns3-simulated/trace-derived
target,L2R,139.750000,140.000000,139.875000,2083.000000,66.656000,66.656000,100.000000,0.250000,ns3-simulated/trace-derived
target,L2R,140.000000,140.250000,140.125000,2091.000000,66.912000,66.912000,100.000000,0.250000,ns3-simulated/trace-derived
target,L2R,140.250000,140.500000,140.375000,0.000000,0.000000,0.000000,100.000000,0.250000,ns3-simulated/trace-derived
target,L2R,140.500000,140.750000,140.625000,3110.000000,99.520000,99.520000,100.000000,0.250000,ns3-simulated/trace-derived
target,L2R,140.750000,141.000000,140.875000,1064.000000,34.048000,34.048000,100.000000,0.250000,ns3-simulated/trace-derived
target,L2R,141.000000,141.250000,141.125000,1012.000000,32.384000,32.384000,100.000000,0.250000,ns3-simulated/trace-derived
target,L2R,141.250000,141.500000,141.375000,3125.000000,100.000000,100.000000,100.000000,0.250000,ns3-simulated/trace-derived
target,L2R,141.500000,141.750000,141.625000,37.000000,1.184000,1.184000,100.000000,0.250000,ns3-simulated/trace-derived
target,L2R,141.750000,142.000000,141.875000,2039.000000,65.248000,65.248000,100.000000,0.250000,ns3-simulated/trace-derived
target,L2R,142.000000,142.250000,142.125000,2135.000000,68.320000,68.320000,100.000000,0.250000,ns3-simulated/trace-derived
target,L2R,142.250000,142.500000,142.375000,0.000000,0.000000,0.000000,100.000000,0.250000,ns3-simulated/trace-derived
target,L2R,142.500000,142.750000,142.625000,3066.000000,98.112000,98.112000,100.000000,0.250000,ns3-simulated/trace-derived
target,L2R,142.750000,143.000000,142.875000,1108.000000,35.456000,35.456000,100.000000,0.250000,ns3-simulated/trace-derived
target,L2R,143.000000,143.250000,143.125000,968.000000,30.976000,30.976000,100.000000,0.250000,ns3-simulated/trace-derived
target,L2R,143.250000,143.500000,143.375000,3125.000000,100.000000,100.000000,100.000000,0.250000,ns3-simulated/trace-derived
target,L2R,143.500000,143.750000,143.625000,81.000000,2.592000,2.592000,100.000000,0.250000,ns3-simulated/trace-derived
target,L2R,143.750000,144.000000,143.875000,1995.000000,63.840000,63.840000,100.000000,0.250000,ns3-simulated/trace-derived
target,L2R,144.000000,144.250000,144.125000,2179.000000,69.728000,69.728000,100.000000,0.250000,ns3-simulated/trace-derived
target,L2R,144.250000,144.500000,144.375000,0.000000,0.000000,0.000000,100.000000,0.250000,ns3-simulated/trace-derived
target,L2R,144.500000,144.750000,144.625000,3022.000000,96.704000,96.704000,100.000000,0.250000,ns3-simulated/trace-derived
target,L2R,144.750000,145.000000,144.875000,1152.000000,36.864000,36.864000,100.000000,0.250000,ns3-simulated/trace-derived
target,L2R,145.000000,145.250000,145.125000,924.000000,29.568000,29.568000,100.000000,0.250000,ns3-simulated/trace-derived
target,L2R,145.250000,145.500000,145.375000,3125.000000,100.000000,100.000000,100.000000,0.250000,ns3-simulated/trace-derived
target,L2R,145.500000,145.750000,145.625000,125.000000,4.000000,4.000000,100.000000,0.250000,ns3-simulated/trace-derived
target,L2R,145.750000,146.000000,145.875000,1951.000000,62.432000,62.432000,100.000000,0.250000,ns3-simulated/trace-derived
target,L2R,146.000000,146.250000,146.125000,2223.000000,71.136000,71.136000,100.000000,0.250000,ns3-simulated/trace-derived
target,L2R,146.250000,146.500000,146.375000,0.000000,0.000000,0.000000,100.000000,0.250000,ns3-simulated/trace-derived
target,L2R,146.500000,146.750000,146.625000,2978.000000,95.296000,95.296000,100.000000,0.250000,ns3-simulated/trace-derived
target,L2R,146.750000,147.000000,146.875000,1196.000000,38.272000,38.272000,100.000000,0.250000,ns3-simulated/trace-derived
target,L2R,147.000000,147.250000,147.125000,880.000000,28.160000,28.160000,100.000000,0.250000,ns3-simulated/trace-derived
target,L2R,147.250000,147.500000,147.375000,3125.000000,100.000000,100.000000,100.000000,0.250000,ns3-simulated/trace-derived
target,L2R,147.500000,147.750000,147.625000,169.000000,5.408000,5.408000,100.000000,0.250000,ns3-simulated/trace-derived
target,L2R,147.750000,148.000000,147.875000,1907.000000,61.024000,61.024000,100.000000,0.250000,ns3-simulated/trace-derived
target,L2R,148.000000,148.250000,148.125000,2267.000000,72.544000,72.544000,100.000000,0.250000,ns3-simulated/trace-derived
target,L2R,148.250000,148.500000,148.375000,0.000000,0.000000,0.000000,100.000000,0.250000,ns3-simulated/trace-derived
target,L2R,148.500000,148.750000,148.625000,2934.000000,93.888000,93.888000,100.000000,0.250000,ns3-simulated/trace-derived
target,L2R,148.750000,149.000000,148.875000,1240.000000,39.680000,39.680000,100.000000,0.250000,ns3-simulated/trace-derived
target,L2R,149.000000,149.250000,149.125000,836.000000,26.752000,26.752000,100.000000,0.250000,ns3-simulated/trace-derived
target,L2R,149.250000,149.500000,149.375000,3125.000000,100.000000,100.000000,100.000000,0.250000,ns3-simulated/trace-derived
target,L2R,149.500000,149.750000,149.625000,213.000000,6.816000,6.816000,100.000000,0.250000,ns3-simulated/trace-derived
target,L2R,149.750000,150.000000,149.875000,1863.000000,59.616000,59.616000,100.000000,0.250000,ns3-simulated/trace-derived
target,L2R,150.000000,150.250000,150.125000,2311.000000,73.952000,73.952000,100.000000,0.250000,ns3-simulated/trace-derived
target,L2R,150.250000,150.500000,150.375000,0.000000,0.000000,0.000000,100.000000,0.250000,ns3-simulated/trace-derived
target,L2R,150.500000,150.750000,150.625000,2890.000000,92.480000,92.480000,100.000000,0.250000,ns3-simulated/trace-derived
target,L2R,150.750000,151.000000,150.875000,1284.000000,41.088000,41.088000,100.000000,0.250000,ns3-simulated/trace-derived
target,L2R,151.000000,151.250000,151.125000,792.000000,25.344000,25.344000,100.000000,0.250000,ns3-simulated/trace-derived
target,L2R,151.250000,151.500000,151.375000,3125.000000,100.000000,100.000000,100.000000,0.250000,ns3-simulated/trace-derived
target,L2R,151.500000,151.750000,151.625000,257.000000,8.224000,8.224000,100.000000,0.250000,ns3-simulated/trace-derived
target,L2R,151.750000,152.000000,151.875000,1819.000000,58.208000,58.208000,100.000000,0.250000,ns3-simulated/trace-derived
target,L2R,152.000000,152.250000,152.125000,2355.000000,75.360000,75.360000,100.000000,0.250000,ns3-simulated/trace-derived
target,L2R,152.250000,152.500000,152.375000,0.000000,0.000000,0.000000,100.000000,0.250000,ns3-simulated/trace-derived
target,L2R,152.500000,152.750000,152.625000,2846.000000,91.072000,91.072000,100.000000,0.250000,ns3-simulated/trace-derived
target,L2R,152.750000,153.000000,152.875000,1328.000000,42.496000,42.496000,100.000000,0.250000,ns3-simulated/trace-derived
target,L2R,153.000000,153.250000,153.125000,748.000000,23.936000,23.936000,100.000000,0.250000,ns3-simulated/trace-derived
target,L2R,153.250000,153.500000,153.375000,3125.000000,100.000000,100.000000,100.000000,0.250000,ns3-simulated/trace-derived
target,L2R,153.500000,153.750000,153.625000,301.000000,9.632000,9.632000,100.000000,0.250000,ns3-simulated/trace-derived
target,L2R,153.750000,154.000000,153.875000,1775.000000,56.800000,56.800000,100.000000,0.250000,ns3-simulated/trace-derived
target,L2R,154.000000,154.250000,154.125000,2399.000000,76.768000,76.768000,100.000000,0.250000,ns3-simulated/trace-derived
target,L2R,154.250000,154.500000,154.375000,0.000000,0.000000,0.000000,100.000000,0.250000,ns3-simulated/trace-derived
target,L2R,154.500000,154.750000,154.625000,2802.000000,89.664000,89.664000,100.000000,0.250000,ns3-simulated/trace-derived
target,L2R,154.750000,155.000000,154.875000,1372.000000,43.904000,43.904000,100.000000,0.250000,ns3-simulated/trace-derived
target,L2R,155.000000,155.250000,155.125000,704.000000,22.528000,22.528000,100.000000,0.250000,ns3-simulated/trace-derived
target,L2R,155.250000,155.500000,155.375000,3125.000000,100.000000,100.000000,100.000000,0.250000,ns3-simulated/trace-derived
target,L2R,155.500000,155.750000,155.625000,345.000000,11.040000,11.040000,100.000000,0.250000,ns3-simulated/trace-derived
target,L2R,155.750000,156.000000,155.875000,0.000000,0.000000,0.000000,100.000000,0.250000,ns3-simulated/trace-derived
target,L2R,156.000000,156.250000,156.125000,0.000000,0.000000,0.000000,100.000000,0.250000,ns3-simulated/trace-derived
target,L2R,156.250000,156.500000,156.375000,0.000000,0.000000,0.000000,100.000000,0.250000,ns3-simulated/trace-derived
target,L2R,156.500000,156.750000,156.625000,0.000000,0.000000,0.000000,100.000000,0.250000,ns3-simulated/trace-derived
target,L2R,156.750000,157.000000,156.875000,0.000000,0.000000,0.000000,100.000000,0.250000,ns3-simulated/trace-derived
target,L2R,157.000000,157.250000,157.125000,0.000000,0.000000,0.000000,100.000000,0.250000,ns3-simulated/trace-derived
target,L2R,157.250000,157.500000,157.375000,0.000000,0.000000,0.000000,100.000000,0.250000,ns3-simulated/trace-derived
target,L2R,157.500000,157.750000,157.625000,0.000000,0.000000,0.000000,100.000000,0.250000,ns3-simulated/trace-derived
target,L2R,157.750000,158.000000,157.875000,0.000000,0.000000,0.000000,100.000000,0.250000,ns3-simulated/trace-derived
target,L2R,158.000000,158.250000,158.125000,0.000000,0.000000,0.000000,100.000000,0.250000,ns3-simulated/trace-derived
target,L2R,158.250000,158.500000,158.375000,0.000000,0.000000,0.000000,100.000000,0.250000,ns3-simulated/trace-derived
target,L2R,158.500000,158.750000,158.625000,0.000000,0.000000,0.000000,100.000000,0.250000,ns3-simulated/trace-derived
target,L2R,158.750000,159.000000,158.875000,0.000000,0.000000,0.000000,100.000000,0.250000,ns3-simulated/trace-derived
target,L2R,159.000000,159.250000,159.125000,0.000000,0.000000,0.000000,100.000000,0.250000,ns3-simulated/trace-derived
target,L2R,159.250000,159.500000,159.375000,0.000000,0.000000,0.000000,100.000000,0.250000,ns3-simulated/trace-derived
target,L2R,159.500000,159.750000,159.625000,0.000000,0.000000,0.000000,100.000000,0.250000,ns3-simulated/trace-derived
target,L2R,159.750000,160.000000,159.875000,0.000000,0.000000,0.000000,100.000000,0.250000,ns3-simulated/trace-derived
target,L2R,160.000000,160.250000,160.125000,0.000000,0.000000,0.000000,100.000000,0.250000,ns3-simulated/trace-derived
target,L2R,160.250000,160.500000,160.375000,0.000000,0.000000,0.000000,100.000000,0.250000,ns3-simulated/trace-derived
target,L2R,160.500000,160.750000,160.625000,0.000000,0.000000,0.000000,100.000000,0.250000,ns3-simulated/trace-derived
target,L2R,160.750000,161.000000,160.875000,0.000000,0.000000,0.000000,100.000000,0.250000,ns3-simulated/trace-derived
target,L2R,161.000000,161.250000,161.125000,0.000000,0.000000,0.000000,100.000000,0.250000,ns3-simulated/trace-derived
target,L2R,161.250000,161.500000,161.375000,0.000000,0.000000,0.000000,100.000000,0.250000,ns3-simulated/trace-derived
target,L2R,161.500000,161.750000,161.625000,0.000000,0.000000,0.000000,100.000000,0.250000,ns3-simulated/trace-derived
target,L2R,161.750000,162.000000,161.875000,0.000000,0.000000,0.000000,100.000000,0.250000,ns3-simulated/trace-derived
target,L2R,162.000000,162.250000,162.125000,0.000000,0.000000,0.000000,100.000000,0.250000,ns3-simulated/trace-derived
target,L2R,162.250000,162.500000,162.375000,0.000000,0.000000,0.000000,100.000000,0.250000,ns3-simulated/trace-derived
target,L2R,162.500000,162.750000,162.625000,0.000000,0.000000,0.000000,100.000000,0.250000,ns3-simulated/trace-derived
target,L2R,162.750000,163.000000,162.875000,0.000000,0.000000,0.000000,100.000000,0.250000,ns3-simulated/trace-derived
target,L2R,163.000000,163.250000,163.125000,0.000000,0.000000,0.000000,100.000000,0.250000,ns3-simulated/trace-derived
target,L2R,163.250000,163.500000,163.375000,0.000000,0.000000,0.000000,100.000000,0.250000,ns3-simulated/trace-derived
target,L2R,163.500000,163.750000,163.625000,0.000000,0.000000,0.000000,100.000000,0.250000,ns3-simulated/trace-derived
target,L2R,163.750000,164.000000,163.875000,0.000000,0.000000,0.000000,100.000000,0.250000,ns3-simulated/trace-derived
target,L2R,164.000000,164.250000,164.125000,0.000000,0.000000,0.000000,100.000000,0.250000,ns3-simulated/trace-derived
target,L2R,164.250000,164.500000,164.375000,0.000000,0.000000,0.000000,100.000000,0.250000,ns3-simulated/trace-derived
target,L2R,164.500000,164.750000,164.625000,0.000000,0.000000,0.000000,100.000000,0.250000,ns3-simulated/trace-derived
target,L2R,164.750000,165.000000,164.875000,0.000000,0.000000,0.000000,100.000000,0.250000,ns3-simulated/trace-derived
target,L2R,165.000000,165.250000,165.125000,0.000000,0.000000,0.000000,100.000000,0.250000,ns3-simulated/trace-derived
target,L2R,165.250000,165.500000,165.375000,0.000000,0.000000,0.000000,100.000000,0.250000,ns3-simulated/trace-derived
target,L2R,165.500000,165.750000,165.625000,0.000000,0.000000,0.000000,100.000000,0.250000,ns3-simulated/trace-derived
target,L2R,165.750000,166.000000,165.875000,0.000000,0.000000,0.000000,100.000000,0.250000,ns3-simulated/trace-derived
target,L2R,166.000000,166.250000,166.125000,0.000000,0.000000,0.000000,100.000000,0.250000,ns3-simulated/trace-derived
target,L2R,166.250000,166.500000,166.375000,0.000000,0.000000,0.000000,100.000000,0.250000,ns3-simulated/trace-derived
target,L2R,166.500000,166.750000,166.625000,0.000000,0.000000,0.000000,100.000000,0.250000,ns3-simulated/trace-derived
target,L2R,166.750000,167.000000,166.875000,0.000000,0.000000,0.000000,100.000000,0.250000,ns3-simulated/trace-derived
target,L2R,167.000000,167.250000,167.125000,0.000000,0.000000,0.000000,100.000000,0.250000,ns3-simulated/trace-derived
target,L2R,167.250000,167.500000,167.375000,0.000000,0.000000,0.000000,100.000000,0.250000,ns3-simulated/trace-derived
target,L2R,167.500000,167.750000,167.625000,0.000000,0.000000,0.000000,100.000000,0.250000,ns3-simulated/trace-derived
target,L2R,167.750000,168.000000,167.875000,0.000000,0.000000,0.000000,100.000000,0.250000,ns3-simulated/trace-derived
target,L2R,168.000000,168.250000,168.125000,0.000000,0.000000,0.000000,100.000000,0.250000,ns3-simulated/trace-derived
target,L2R,168.250000,168.500000,168.375000,0.000000,0.000000,0.000000,100.000000,0.250000,ns3-simulated/trace-derived
target,L2R,168.500000,168.750000,168.625000,0.000000,0.000000,0.000000,100.000000,0.250000,ns3-simulated/trace-derived
target,L2R,168.750000,169.000000,168.875000,0.000000,0.000000,0.000000,100.000000,0.250000,ns3-simulated/trace-derived
target,L2R,169.000000,169.250000,169.125000,0.000000,0.000000,0.000000,100.000000,0.250000,ns3-simulated/trace-derived
target,L2R,169.250000,169.500000,169.375000,0.000000,0.000000,0.000000,100.000000,0.250000,ns3-simulated/trace-derived
target,L2R,169.500000,169.750000,169.625000,0.000000,0.000000,0.000000,100.000000,0.250000,ns3-simulated/trace-derived
target,L2R,169.750000,170.000000,169.875000,0.000000,0.000000,0.000000,100.000000,0.250000,ns3-simulated/trace-derived
target,L2R,170.000000,170.250000,170.125000,0.000000,0.000000,0.000000,100.000000,0.250000,ns3-simulated/trace-derived
target,L2R,170.250000,170.500000,170.375000,0.000000,0.000000,0.000000,100.000000,0.250000,ns3-simulated/trace-derived
target,L2R,170.500000,170.750000,170.625000,0.000000,0.000000,0.000000,100.000000,0.250000,ns3-simulated/trace-derived
target,L2R,170.750000,171.000000,170.875000,0.000000,0.000000,0.000000,100.000000,0.250000,ns3-simulated/trace-derived
target,L2R,171.000000,171.250000,171.125000,0.000000,0.000000,0.000000,100.000000,0.250000,ns3-simulated/trace-derived
target,L2R,171.250000,171.500000,171.375000,0.000000,0.000000,0.000000,100.000000,0.250000,ns3-simulated/trace-derived
target,L2R,171.500000,171.750000,171.625000,0.000000,0.000000,0.000000,100.000000,0.250000,ns3-simulated/trace-derived
target,L2R,171.750000,172.000000,171.875000,0.000000,0.000000,0.000000,100.000000,0.250000,ns3-simulated/trace-derived
target,L2R,172.000000,172.250000,172.125000,0.000000,0.000000,0.000000,100.000000,0.250000,ns3-simulated/trace-derived
target,L2R,172.250000,172.500000,172.375000,0.000000,0.000000,0.000000,100.000000,0.250000,ns3-simulated/trace-derived
target,L2R,172.500000,172.750000,172.625000,0.000000,0.000000,0.000000,100.000000,0.250000,ns3-simulated/trace-derived
target,L2R,172.750000,173.000000,172.875000,0.000000,0.000000,0.000000,100.000000,0.250000,ns3-simulated/trace-derived
target,L2R,173.000000,173.250000,173.125000,0.000000,0.000000,0.000000,100.000000,0.250000,ns3-simulated/trace-derived
target,L2R,173.250000,173.500000,173.375000,0.000000,0.000000,0.000000,100.000000,0.250000,ns3-simulated/trace-derived
target,L2R,173.500000,173.750000,173.625000,0.000000,0.000000,0.000000,100.000000,0.250000,ns3-simulated/trace-derived
target,L2R,173.750000,174.000000,173.875000,0.000000,0.000000,0.000000,100.000000,0.250000,ns3-simulated/trace-derived
target,L2R,174.000000,174.250000,174.125000,0.000000,0.000000,0.000000,100.000000,0.250000,ns3-simulated/trace-derived
target,L2R,174.250000,174.500000,174.375000,0.000000,0.000000,0.000000,100.000000,0.250000,ns3-simulated/trace-derived
target,L2R,174.500000,174.750000,174.625000,0.000000,0.000000,0.000000,100.000000,0.250000,ns3-simulated/trace-derived
target,L2R,174.750000,175.000000,174.875000,0.000000,0.000000,0.000000,100.000000,0.250000,ns3-simulated/trace-derived
target,L2R,175.000000,175.250000,175.125000,0.000000,0.000000,0.000000,100.000000,0.250000,ns3-simulated/trace-derived
target,L2R,175.250000,175.500000,175.375000,0.000000,0.000000,0.000000,100.000000,0.250000,ns3-simulated/trace-derived
target,L2R,175.500000,175.750000,175.625000,0.000000,0.000000,0.000000,100.000000,0.250000,ns3-simulated/trace-derived
target,L2R,175.750000,176.000000,175.875000,0.000000,0.000000,0.000000,100.000000,0.250000,ns3-simulated/trace-derived
target,L2R,176.000000,176.250000,176.125000,0.000000,0.000000,0.000000,100.000000,0.250000,ns3-simulated/trace-derived
target,L2R,176.250000,176.500000,176.375000,0.000000,0.000000,0.000000,100.000000,0.250000,ns3-simulated/trace-derived
target,L2R,176.500000,176.750000,176.625000,0.000000,0.000000,0.000000,100.000000,0.250000,ns3-simulated/trace-derived
target,L2R,176.750000,177.000000,176.875000,0.000000,0.000000,0.000000,100.000000,0.250000,ns3-simulated/trace-derived
target,L2R,177.000000,177.250000,177.125000,0.000000,0.000000,0.000000,100.000000,0.250000,ns3-simulated/trace-derived
target,L2R,177.250000,177.500000,177.375000,0.000000,0.000000,0.000000,100.000000,0.250000,ns3-simulated/trace-derived
target,L2R,177.500000,177.750000,177.625000,0.000000,0.000000,0.000000,100.000000,0.250000,ns3-simulated/trace-derived
target,L2R,177.750000,178.000000,177.875000,0.000000,0.000000,0.000000,100.000000,0.250000,ns3-simulated/trace-derived
target,L2R,178.000000,178.250000,178.125000,0.000000,0.000000,0.000000,100.000000,0.250000,ns3-simulated/trace-derived
target,L2R,178.250000,178.500000,178.375000,0.000000,0.000000,0.000000,100.000000,0.250000,ns3-simulated/trace-derived
target,L2R,178.500000,178.750000,178.625000,0.000000,0.000000,0.000000,100.000000,0.250000,ns3-simulated/trace-derived
target,L2R,178.750000,179.000000,178.875000,0.000000,0.000000,0.000000,100.000000,0.250000,ns3-simulated/trace-derived
target,L2R,179.000000,179.250000,179.125000,0.000000,0.000000,0.000000,100.000000,0.250000,ns3-simulated/trace-derived
target,L2R,179.250000,179.500000,179.375000,0.000000,0.000000,0.000000,100.000000,0.250000,ns3-simulated/trace-derived
target,L2R,179.500000,179.750000,179.625000,0.000000,0.000000,0.000000,100.000000,0.250000,ns3-simulated/trace-derived
target,L2R,179.750000,180.000000,179.875000,0.000000,0.000000,0.000000,100.000000,0.250000,ns3-simulated/trace-derived
target,L2R,180.000000,180.250000,180.125000,0.000000,0.000000,0.000000,100.000000,0.250000,ns3-simulated/trace-derived
target,L2R,180.250000,180.500000,180.375000,0.000000,0.000000,0.000000,100.000000,0.250000,ns3-simulated/trace-derived
target,L2R,180.500000,180.750000,180.625000,0.000000,0.000000,0.000000,100.000000,0.250000,ns3-simulated/trace-derived
target,L2R,180.750000,181.000000,180.875000,0.000000,0.000000,0.000000,100.000000,0.250000,ns3-simulated/trace-derived
target,L2R,181.000000,181.250000,181.125000,0.000000,0.000000,0.000000,100.000000,0.250000,ns3-simulated/trace-derived
target,L2R,181.250000,181.500000,181.375000,0.000000,0.000000,0.000000,100.000000,0.250000,ns3-simulated/trace-derived
target,L2R,181.500000,181.750000,181.625000,0.000000,0.000000,0.000000,100.000000,0.250000,ns3-simulated/trace-derived
target,L2R,181.750000,182.000000,181.875000,0.000000,0.000000,0.000000,100.000000,0.250000,ns3-simulated/trace-derived
target,L2R,182.000000,182.250000,182.125000,0.000000,0.000000,0.000000,100.000000,0.250000,ns3-simulated/trace-derived
target,L2R,182.250000,182.500000,182.375000,0.000000,0.000000,0.000000,100.000000,0.250000,ns3-simulated/trace-derived
target,L2R,182.500000,182.750000,182.625000,0.000000,0.000000,0.000000,100.000000,0.250000,ns3-simulated/trace-derived
target,L2R,182.750000,183.000000,182.875000,0.000000,0.000000,0.000000,100.000000,0.250000,ns3-simulated/trace-derived
target,L2R,183.000000,183.250000,183.125000,0.000000,0.000000,0.000000,100.000000,0.250000,ns3-simulated/trace-derived
target,L2R,183.250000,183.500000,183.375000,0.000000,0.000000,0.000000,100.000000,0.250000,ns3-simulated/trace-derived
target,L2R,183.500000,183.750000,183.625000,0.000000,0.000000,0.000000,100.000000,0.250000,ns3-simulated/trace-derived
target,L2R,183.750000,184.000000,183.875000,0.000000,0.000000,0.000000,100.000000,0.250000,ns3-simulated/trace-derived
target,L2R,184.000000,184.250000,184.125000,0.000000,0.000000,0.000000,100.000000,0.250000,ns3-simulated/trace-derived
target,L2R,184.250000,184.500000,184.375000,0.000000,0.000000,0.000000,100.000000,0.250000,ns3-simulated/trace-derived
target,L2R,184.500000,184.750000,184.625000,0.000000,0.000000,0.000000,100.000000,0.250000,ns3-simulated/trace-derived
target,L2R,184.750000,185.000000,184.875000,0.000000,0.000000,0.000000,100.000000,0.250000,ns3-simulated/trace-derived
target,L2R,185.000000,185.250000,185.125000,0.000000,0.000000,0.000000,100.000000,0.250000,ns3-simulated/trace-derived
target,L2R,185.250000,185.500000,185.375000,0.000000,0.000000,0.000000,100.000000,0.250000,ns3-simulated/trace-derived
target,L2R,185.500000,185.750000,185.625000,0.000000,0.000000,0.000000,100.000000,0.250000,ns3-simulated/trace-derived
target,L2R,185.750000,186.000000,185.875000,0.000000,0.000000,0.000000,100.000000,0.250000,ns3-simulated/trace-derived
target,L2R,186.000000,186.250000,186.125000,0.000000,0.000000,0.000000,100.000000,0.250000,ns3-simulated/trace-derived
target,L2R,186.250000,186.500000,186.375000,0.000000,0.000000,0.000000,100.000000,0.250000,ns3-simulated/trace-derived
target,L2R,186.500000,186.750000,186.625000,0.000000,0.000000,0.000000,100.000000,0.250000,ns3-simulated/trace-derived
target,L2R,186.750000,187.000000,186.875000,0.000000,0.000000,0.000000,100.000000,0.250000,ns3-simulated/trace-derived
target,L2R,187.000000,187.250000,187.125000,0.000000,0.000000,0.000000,100.000000,0.250000,ns3-simulated/trace-derived
target,L2R,187.250000,187.500000,187.375000,0.000000,0.000000,0.000000,100.000000,0.250000,ns3-simulated/trace-derived
target,L2R,187.500000,187.750000,187.625000,0.000000,0.000000,0.000000,100.000000,0.250000,ns3-simulated/trace-derived
target,L2R,187.750000,188.000000,187.875000,0.000000,0.000000,0.000000,100.000000,0.250000,ns3-simulated/trace-derived
target,L2R,188.000000,188.250000,188.125000,0.000000,0.000000,0.000000,100.000000,0.250000,ns3-simulated/trace-derived
target,L2R,188.250000,188.500000,188.375000,0.000000,0.000000,0.000000,100.000000,0.250000,ns3-simulated/trace-derived
target,L2R,188.500000,188.750000,188.625000,0.000000,0.000000,0.000000,100.000000,0.250000,ns3-simulated/trace-derived
target,L2R,188.750000,189.000000,188.875000,0.000000,0.000000,0.000000,100.000000,0.250000,ns3-simulated/trace-derived
target,L2R,189.000000,189.250000,189.125000,0.000000,0.000000,0.000000,100.000000,0.250000,ns3-simulated/trace-derived
target,L2R,189.250000,189.500000,189.375000,0.000000,0.000000,0.000000,100.000000,0.250000,ns3-simulated/trace-derived
target,L2R,189.500000,189.750000,189.625000,0.000000,0.000000,0.000000,100.000000,0.250000,ns3-simulated/trace-derived
target,L2R,189.750000,190.000000,189.875000,0.000000,0.000000,0.000000,100.000000,0.250000,ns3-simulated/trace-derived
target,L2R,190.000000,190.250000,190.125000,0.000000,0.000000,0.000000,100.000000,0.250000,ns3-simulated/trace-derived
target,L2R,190.250000,190.500000,190.375000,0.000000,0.000000,0.000000,100.000000,0.250000,ns3-simulated/trace-derived
target,L2R,190.500000,190.750000,190.625000,0.000000,0.000000,0.000000,100.000000,0.250000,ns3-simulated/trace-derived
target,L2R,190.750000,191.000000,190.875000,0.000000,0.000000,0.000000,100.000000,0.250000,ns3-simulated/trace-derived
target,L2R,191.000000,191.250000,191.125000,0.000000,0.000000,0.000000,100.000000,0.250000,ns3-simulated/trace-derived
target,L2R,191.250000,191.500000,191.375000,0.000000,0.000000,0.000000,100.000000,0.250000,ns3-simulated/trace-derived
target,L2R,191.500000,191.750000,191.625000,0.000000,0.000000,0.000000,100.000000,0.250000,ns3-simulated/trace-derived
target,L2R,191.750000,192.000000,191.875000,0.000000,0.000000,0.000000,100.000000,0.250000,ns3-simulated/trace-derived
target,L2R,192.000000,192.250000,192.125000,0.000000,0.000000,0.000000,100.000000,0.250000,ns3-simulated/trace-derived
target,L2R,192.250000,192.500000,192.375000,0.000000,0.000000,0.000000,100.000000,0.250000,ns3-simulated/trace-derived
target,L2R,192.500000,192.750000,192.625000,0.000000,0.000000,0.000000,100.000000,0.250000,ns3-simulated/trace-derived
target,L2R,192.750000,193.000000,192.875000,0.000000,0.000000,0.000000,100.000000,0.250000,ns3-simulated/trace-derived
target,L2R,193.000000,193.250000,193.125000,0.000000,0.000000,0.000000,100.000000,0.250000,ns3-simulated/trace-derived
target,L2R,193.250000,193.500000,193.375000,0.000000,0.000000,0.000000,100.000000,0.250000,ns3-simulated/trace-derived
target,L2R,193.500000,193.750000,193.625000,0.000000,0.000000,0.000000,100.000000,0.250000,ns3-simulated/trace-derived
target,L2R,193.750000,194.000000,193.875000,0.000000,0.000000,0.000000,100.000000,0.250000,ns3-simulated/trace-derived
target,L2R,194.000000,194.250000,194.125000,0.000000,0.000000,0.000000,100.000000,0.250000,ns3-simulated/trace-derived
target,L2R,194.250000,194.500000,194.375000,0.000000,0.000000,0.000000,100.000000,0.250000,ns3-simulated/trace-derived
target,L2R,194.500000,194.750000,194.625000,0.000000,0.000000,0.000000,100.000000,0.250000,ns3-simulated/trace-derived
target,L2R,194.750000,195.000000,194.875000,0.000000,0.000000,0.000000,100.000000,0.250000,ns3-simulated/trace-derived
target,L2R,195.000000,195.250000,195.125000,0.000000,0.000000,0.000000,100.000000,0.250000,ns3-simulated/trace-derived
target,L2R,195.250000,195.500000,195.375000,0.000000,0.000000,0.000000,100.000000,0.250000,ns3-simulated/trace-derived
target,L2R,195.500000,195.750000,195.625000,0.000000,0.000000,0.000000,100.000000,0.250000,ns3-simulated/trace-derived
target,L2R,195.750000,196.000000,195.875000,0.000000,0.000000,0.000000,100.000000,0.250000,ns3-simulated/trace-derived
target,L2R,196.000000,196.250000,196.125000,0.000000,0.000000,0.000000,100.000000,0.250000,ns3-simulated/trace-derived
target,L2R,196.250000,196.500000,196.375000,0.000000,0.000000,0.000000,100.000000,0.250000,ns3-simulated/trace-derived
target,L2R,196.500000,196.750000,196.625000,0.000000,0.000000,0.000000,100.000000,0.250000,ns3-simulated/trace-derived
target,L2R,196.750000,197.000000,196.875000,0.000000,0.000000,0.000000,100.000000,0.250000,ns3-simulated/trace-derived
target,L2R,197.000000,197.250000,197.125000,0.000000,0.000000,0.000000,100.000000,0.250000,ns3-simulated/trace-derived
target,L2R,197.250000,197.500000,197.375000,0.000000,0.000000,0.000000,100.000000,0.250000,ns3-simulated/trace-derived
target,L2R,197.500000,197.750000,197.625000,0.000000,0.000000,0.000000,100.000000,0.250000,ns3-simulated/trace-derived
target,L2R,197.750000,198.000000,197.875000,0.000000,0.000000,0.000000,100.000000,0.250000,ns3-simulated/trace-derived
target,L2R,198.000000,198.250000,198.125000,0.000000,0.000000,0.000000,100.000000,0.250000,ns3-simulated/trace-derived
target,L2R,198.250000,198.500000,198.375000,0.000000,0.000000,0.000000,100.000000,0.250000,ns3-simulated/trace-derived
target,L2R,198.500000,198.750000,198.625000,0.000000,0.000000,0.000000,100.000000,0.250000,ns3-simulated/trace-derived
target,L2R,198.750000,199.000000,198.875000,0.000000,0.000000,0.000000,100.000000,0.250000,ns3-simulated/trace-derived
target,L2R,199.000000,199.250000,199.125000,0.000000,0.000000,0.000000,100.000000,0.250000,ns3-simulated/trace-derived
target,L2R,199.250000,199.500000,199.375000,0.000000,0.000000,0.000000,100.000000,0.250000,ns3-simulated/trace-derived
target,L2R,199.500000,199.750000,199.625000,0.000000,0.000000,0.000000,100.000000,0.250000,ns3-simulated/trace-derived
target,L2R,199.750000,200.000000,199.875000,0.000000,0.000000,0.000000,100.000000,0.250000,ns3-simulated/trace-derived
target,L2R,200.000000,200.250000,200.125000,0.000000,0.000000,0.000000,100.000000,0.250000,ns3-simulated/trace-derived
target,L2R,200.250000,200.500000,200.375000,0.000000,0.000000,0.000000,100.000000,0.250000,ns3-simulated/trace-derived
target,L2R,200.500000,200.750000,200.625000,0.000000,0.000000,0.000000,100.000000,0.250000,ns3-simulated/trace-derived
target,L2R,200.750000,201.000000,200.875000,0.000000,0.000000,0.000000,100.000000,0.250000,ns3-simulated/trace-derived
target,L2R,201.000000,201.250000,201.125000,0.000000,0.000000,0.000000,100.000000,0.250000,ns3-simulated/trace-derived
target,L2R,201.250000,201.500000,201.375000,0.000000,0.000000,0.000000,100.000000,0.250000,ns3-simulated/trace-derived
target,L2R,201.500000,201.750000,201.625000,0.000000,0.000000,0.000000,100.000000,0.250000,ns3-simulated/trace-derived
target,L2R,201.750000,202.000000,201.875000,0.000000,0.000000,0.000000,100.000000,0.250000,ns3-simulated/trace-derived
target,L2R,202.000000,202.250000,202.125000,0.000000,0.000000,0.000000,100.000000,0.250000,ns3-simulated/trace-derived
target,L2R,202.250000,202.500000,202.375000,0.000000,0.000000,0.000000,100.000000,0.250000,ns3-simulated/trace-derived
target,L2R,202.500000,202.750000,202.625000,0.000000,0.000000,0.000000,100.000000,0.250000,ns3-simulated/trace-derived
target,L2R,202.750000,203.000000,202.875000,0.000000,0.000000,0.000000,100.000000,0.250000,ns3-simulated/trace-derived
target,L2R,203.000000,203.250000,203.125000,0.000000,0.000000,0.000000,100.000000,0.250000,ns3-simulated/trace-derived
target,L2R,203.250000,203.500000,203.375000,0.000000,0.000000,0.000000,100.000000,0.250000,ns3-simulated/trace-derived
target,L2R,203.500000,203.750000,203.625000,0.000000,0.000000,0.000000,100.000000,0.250000,ns3-simulated/trace-derived
target,L2R,203.750000,204.000000,203.875000,0.000000,0.000000,0.000000,100.000000,0.250000,ns3-simulated/trace-derived
target,L2R,204.000000,204.250000,204.125000,0.000000,0.000000,0.000000,100.000000,0.250000,ns3-simulated/trace-derived
target,L2R,204.250000,204.500000,204.375000,0.000000,0.000000,0.000000,100.000000,0.250000,ns3-simulated/trace-derived
target,L2R,204.500000,204.750000,204.625000,0.000000,0.000000,0.000000,100.000000,0.250000,ns3-simulated/trace-derived
target,L2R,204.750000,205.000000,204.875000,0.000000,0.000000,0.000000,100.000000,0.250000,ns3-simulated/trace-derived
target,L2R,205.000000,205.250000,205.125000,0.000000,0.000000,0.000000,100.000000,0.250000,ns3-simulated/trace-derived
target,L2R,205.250000,205.500000,205.375000,0.000000,0.000000,0.000000,100.000000,0.250000,ns3-simulated/trace-derived
target,L2R,205.500000,205.750000,205.625000,0.000000,0.000000,0.000000,100.000000,0.250000,ns3-simulated/trace-derived
target,L2R,205.750000,206.000000,205.875000,0.000000,0.000000,0.000000,100.000000,0.250000,ns3-simulated/trace-derived
target,L2R,206.000000,206.250000,206.125000,0.000000,0.000000,0.000000,100.000000,0.250000,ns3-simulated/trace-derived
target,L2R,206.250000,206.500000,206.375000,0.000000,0.000000,0.000000,100.000000,0.250000,ns3-simulated/trace-derived
target,L2R,206.500000,206.750000,206.625000,0.000000,0.000000,0.000000,100.000000,0.250000,ns3-simulated/trace-derived
target,L2R,206.750000,207.000000,206.875000,0.000000,0.000000,0.000000,100.000000,0.250000,ns3-simulated/trace-derived
target,L2R,207.000000,207.250000,207.125000,0.000000,0.000000,0.000000,100.000000,0.250000,ns3-simulated/trace-derived
target,L2R,207.250000,207.500000,207.375000,0.000000,0.000000,0.000000,100.000000,0.250000,ns3-simulated/trace-derived
target,L2R,207.500000,207.750000,207.625000,0.000000,0.000000,0.000000,100.000000,0.250000,ns3-simulated/trace-derived
target,L2R,207.750000,208.000000,207.875000,0.000000,0.000000,0.000000,100.000000,0.250000,ns3-simulated/trace-derived
target,L2R,208.000000,208.250000,208.125000,0.000000,0.000000,0.000000,100.000000,0.250000,ns3-simulated/trace-derived
target,L2R,208.250000,208.500000,208.375000,0.000000,0.000000,0.000000,100.000000,0.250000,ns3-simulated/trace-derived
target,L2R,208.500000,208.750000,208.625000,0.000000,0.000000,0.000000,100.000000,0.250000,ns3-simulated/trace-derived
target,L2R,208.750000,209.000000,208.875000,0.000000,0.000000,0.000000,100.000000,0.250000,ns3-simulated/trace-derived
target,L2R,209.000000,209.250000,209.125000,0.000000,0.000000,0.000000,100.000000,0.250000,ns3-simulated/trace-derived
target,L2R,209.250000,209.500000,209.375000,0.000000,0.000000,0.000000,100.000000,0.250000,ns3-simulated/trace-derived
target,L2R,209.500000,209.750000,209.625000,0.000000,0.000000,0.000000,100.000000,0.250000,ns3-simulated/trace-derived
target,L2R,209.750000,210.000000,209.875000,0.000000,0.000000,0.000000,100.000000,0.250000,ns3-simulated/trace-derived
target,L2R,210.000000,210.250000,210.125000,0.000000,0.000000,0.000000,100.000000,0.250000,ns3-simulated/trace-derived
target,L2R,210.250000,210.500000,210.375000,0.000000,0.000000,0.000000,100.000000,0.250000,ns3-simulated/trace-derived
target,L2R,210.500000,210.750000,210.625000,0.000000,0.000000,0.000000,100.000000,0.250000,ns3-simulated/trace-derived
target,L2R,210.750000,211.000000,210.875000,0.000000,0.000000,0.000000,100.000000,0.250000,ns3-simulated/trace-derived
target,L2R,211.000000,211.250000,211.125000,0.000000,0.000000,0.000000,100.000000,0.250000,ns3-simulated/trace-derived
target,L2R,211.250000,211.500000,211.375000,0.000000,0.000000,0.000000,100.000000,0.250000,ns3-simulated/trace-derived
target,L2R,211.500000,211.750000,211.625000,0.000000,0.000000,0.000000,100.000000,0.250000,ns3-simulated/trace-derived
target,L2R,211.750000,212.000000,211.875000,0.000000,0.000000,0.000000,100.000000,0.250000,ns3-simulated/trace-derived
target,L2R,212.000000,212.250000,212.125000,0.000000,0.000000,0.000000,100.000000,0.250000,ns3-simulated/trace-derived
target,L2R,212.250000,212.500000,212.375000,0.000000,0.000000,0.000000,100.000000,0.250000,ns3-simulated/trace-derived
target,L2R,212.500000,212.750000,212.625000,0.000000,0.000000,0.000000,100.000000,0.250000,ns3-simulated/trace-derived
target,L2R,212.750000,213.000000,212.875000,0.000000,0.000000,0.000000,100.000000,0.250000,ns3-simulated/trace-derived
target,L2R,213.000000,213.250000,213.125000,0.000000,0.000000,0.000000,100.000000,0.250000,ns3-simulated/trace-derived
target,L2R,213.250000,213.500000,213.375000,0.000000,0.000000,0.000000,100.000000,0.250000,ns3-simulated/trace-derived
target,L2R,213.500000,213.750000,213.625000,0.000000,0.000000,0.000000,100.000000,0.250000,ns3-simulated/trace-derived
target,L2R,213.750000,214.000000,213.875000,0.000000,0.000000,0.000000,100.000000,0.250000,ns3-simulated/trace-derived
target,L2R,214.000000,214.250000,214.125000,0.000000,0.000000,0.000000,100.000000,0.250000,ns3-simulated/trace-derived
target,L2R,214.250000,214.500000,214.375000,0.000000,0.000000,0.000000,100.000000,0.250000,ns3-simulated/trace-derived
target,L2R,214.500000,214.750000,214.625000,0.000000,0.000000,0.000000,100.000000,0.250000,ns3-simulated/trace-derived
target,L2R,214.750000,215.000000,214.875000,0.000000,0.000000,0.000000,100.000000,0.250000,ns3-simulated/trace-derived
target,L2R,215.000000,215.250000,215.125000,0.000000,0.000000,0.000000,100.000000,0.250000,ns3-simulated/trace-derived
target,L2R,215.250000,215.500000,215.375000,0.000000,0.000000,0.000000,100.000000,0.250000,ns3-simulated/trace-derived
target,L2R,215.500000,215.750000,215.625000,0.000000,0.000000,0.000000,100.000000,0.250000,ns3-simulated/trace-derived
target,L2R,215.750000,216.000000,215.875000,0.000000,0.000000,0.000000,100.000000,0.250000,ns3-simulated/trace-derived
target,L2R,216.000000,216.250000,216.125000,0.000000,0.000000,0.000000,100.000000,0.250000,ns3-simulated/trace-derived
target,L2R,216.250000,216.500000,216.375000,0.000000,0.000000,0.000000,100.000000,0.250000,ns3-simulated/trace-derived
target,L2R,216.500000,216.750000,216.625000,0.000000,0.000000,0.000000,100.000000,0.250000,ns3-simulated/trace-derived
target,L2R,216.750000,217.000000,216.875000,0.000000,0.000000,0.000000,100.000000,0.250000,ns3-simulated/trace-derived
target,L2R,217.000000,217.250000,217.125000,0.000000,0.000000,0.000000,100.000000,0.250000,ns3-simulated/trace-derived
target,L2R,217.250000,217.500000,217.375000,0.000000,0.000000,0.000000,100.000000,0.250000,ns3-simulated/trace-derived
target,L2R,217.500000,217.750000,217.625000,0.000000,0.000000,0.000000,100.000000,0.250000,ns3-simulated/trace-derived
target,L2R,217.750000,218.000000,217.875000,0.000000,0.000000,0.000000,100.000000,0.250000,ns3-simulated/trace-derived
target,L2R,218.000000,218.250000,218.125000,0.000000,0.000000,0.000000,100.000000,0.250000,ns3-simulated/trace-derived
target,L2R,218.250000,218.500000,218.375000,0.000000,0.000000,0.000000,100.000000,0.250000,ns3-simulated/trace-derived
target,L2R,218.500000,218.750000,218.625000,0.000000,0.000000,0.000000,100.000000,0.250000,ns3-simulated/trace-derived
target,L2R,218.750000,219.000000,218.875000,0.000000,0.000000,0.000000,100.000000,0.250000,ns3-simulated/trace-derived
target,L2R,219.000000,219.250000,219.125000,0.000000,0.000000,0.000000,100.000000,0.250000,ns3-simulated/trace-derived
target,L2R,219.250000,219.500000,219.375000,0.000000,0.000000,0.000000,100.000000,0.250000,ns3-simulated/trace-derived
target,L2R,219.500000,219.750000,219.625000,0.000000,0.000000,0.000000,100.000000,0.250000,ns3-simulated/trace-derived
target,L2R,219.750000,220.000000,219.875000,0.000000,0.000000,0.000000,100.000000,0.250000,ns3-simulated/trace-derived
target,L2R,220.000000,220.250000,220.125000,1694.000000,54.208000,54.208000,100.000000,0.250000,ns3-simulated/trace-derived
target,L2R,220.250000,220.500000,220.375000,3125.000000,100.000000,100.000000,100.000000,0.250000,ns3-simulated/trace-derived
target,L2R,220.500000,220.750000,220.625000,3125.000000,100.000000,100.000000,100.000000,0.250000,ns3-simulated/trace-derived
target,L2R,220.750000,221.000000,220.875000,3125.000000,100.000000,100.000000,100.000000,0.250000,ns3-simulated/trace-derived
target,L2R,221.000000,221.250000,221.125000,3000.000000,96.000000,96.000000,100.000000,0.250000,ns3-simulated/trace-derived
target,L2R,221.250000,221.500000,221.375000,3063.000000,98.016000,98.016000,100.000000,0.250000,ns3-simulated/trace-derived
target,L2R,221.500000,221.750000,221.625000,3125.000000,100.000000,100.000000,100.000000,0.250000,ns3-simulated/trace-derived
target,L2R,221.750000,222.000000,221.875000,3000.000000,96.000000,96.000000,100.000000,0.250000,ns3-simulated/trace-derived
target,L2R,222.000000,222.250000,222.125000,3063.000000,98.016000,98.016000,100.000000,0.250000,ns3-simulated/trace-derived
target,L2R,222.250000,222.500000,222.375000,3000.000000,96.000000,96.000000,100.000000,0.250000,ns3-simulated/trace-derived
target,L2R,222.500000,222.750000,222.625000,3125.000000,100.000000,100.000000,100.000000,0.250000,ns3-simulated/trace-derived
target,L2R,222.750000,223.000000,222.875000,3063.000000,98.016000,98.016000,100.000000,0.250000,ns3-simulated/trace-derived
target,L2R,223.000000,223.250000,223.125000,3000.000000,96.000000,96.000000,100.000000,0.250000,ns3-simulated/trace-derived
target,L2R,223.250000,223.500000,223.375000,3125.000000,100.000000,100.000000,100.000000,0.250000,ns3-simulated/trace-derived
target,L2R,223.500000,223.750000,223.625000,3063.000000,98.016000,98.016000,100.000000,0.250000,ns3-simulated/trace-derived
target,L2R,223.750000,224.000000,223.875000,3000.000000,96.000000,96.000000,100.000000,0.250000,ns3-simulated/trace-derived
target,L2R,224.000000,224.250000,224.125000,3063.000000,98.016000,98.016000,100.000000,0.250000,ns3-simulated/trace-derived
target,L2R,224.250000,224.500000,224.375000,3125.000000,100.000000,100.000000,100.000000,0.250000,ns3-simulated/trace-derived
target,L2R,224.500000,224.750000,224.625000,3000.000000,96.000000,96.000000,100.000000,0.250000,ns3-simulated/trace-derived
target,L2R,224.750000,225.000000,224.875000,3063.000000,98.016000,98.016000,100.000000,0.250000,ns3-simulated/trace-derived
target,L2R,225.000000,225.250000,225.125000,3000.000000,96.000000,96.000000,100.000000,0.250000,ns3-simulated/trace-derived
target,L2R,225.250000,225.500000,225.375000,3125.000000,100.000000,100.000000,100.000000,0.250000,ns3-simulated/trace-derived
target,L2R,225.500000,225.750000,225.625000,3063.000000,98.016000,98.016000,100.000000,0.250000,ns3-simulated/trace-derived
target,L2R,225.750000,226.000000,225.875000,3000.000000,96.000000,96.000000,100.000000,0.250000,ns3-simulated/trace-derived
target,L2R,226.000000,226.250000,226.125000,3063.000000,98.016000,98.016000,100.000000,0.250000,ns3-simulated/trace-derived
target,L2R,226.250000,226.500000,226.375000,3125.000000,100.000000,100.000000,100.000000,0.250000,ns3-simulated/trace-derived
target,L2R,226.500000,226.750000,226.625000,3000.000000,96.000000,96.000000,100.000000,0.250000,ns3-simulated/trace-derived
target,L2R,226.750000,227.000000,226.875000,3063.000000,98.016000,98.016000,100.000000,0.250000,ns3-simulated/trace-derived
target,L2R,227.000000,227.250000,227.125000,3125.000000,100.000000,100.000000,100.000000,0.250000,ns3-simulated/trace-derived
target,L2R,227.250000,227.500000,227.375000,3000.000000,96.000000,96.000000,100.000000,0.250000,ns3-simulated/trace-derived
target,L2R,227.500000,227.750000,227.625000,3063.000000,98.016000,98.016000,100.000000,0.250000,ns3-simulated/trace-derived
target,L2R,227.750000,228.000000,227.875000,3000.000000,96.000000,96.000000,100.000000,0.250000,ns3-simulated/trace-derived
target,L2R,228.000000,228.250000,228.125000,3125.000000,100.000000,100.000000,100.000000,0.250000,ns3-simulated/trace-derived
target,L2R,228.250000,228.500000,228.375000,3063.000000,98.016000,98.016000,100.000000,0.250000,ns3-simulated/trace-derived
target,L2R,228.500000,228.750000,228.625000,3000.000000,96.000000,96.000000,100.000000,0.250000,ns3-simulated/trace-derived
target,L2R,228.750000,229.000000,228.875000,3063.000000,98.016000,98.016000,100.000000,0.250000,ns3-simulated/trace-derived
target,L2R,229.000000,229.250000,229.125000,3125.000000,100.000000,100.000000,100.000000,0.250000,ns3-simulated/trace-derived
target,L2R,229.250000,229.500000,229.375000,3000.000000,96.000000,96.000000,100.000000,0.250000,ns3-simulated/trace-derived
target,L2R,229.500000,229.750000,229.625000,3063.000000,98.016000,98.016000,100.000000,0.250000,ns3-simulated/trace-derived
target,L2R,229.750000,230.000000,229.875000,3033.000000,97.056000,97.056000,100.000000,0.250000,ns3-simulated/trace-derived
target,L2R,230.000000,230.250000,230.125000,3092.000000,98.944000,98.944000,100.000000,0.250000,ns3-simulated/trace-derived
target,L2R,230.250000,230.500000,230.375000,3063.000000,98.016000,98.016000,100.000000,0.250000,ns3-simulated/trace-derived
target,L2R,230.500000,230.750000,230.625000,3000.000000,96.000000,96.000000,100.000000,0.250000,ns3-simulated/trace-derived
target,L2R,230.750000,231.000000,230.875000,3125.000000,100.000000,100.000000,100.000000,0.250000,ns3-simulated/trace-derived
target,L2R,231.000000,231.250000,231.125000,3063.000000,98.016000,98.016000,100.000000,0.250000,ns3-simulated/trace-derived
target,L2R,231.250000,231.500000,231.375000,3000.000000,96.000000,96.000000,100.000000,0.250000,ns3-simulated/trace-derived
target,L2R,231.500000,231.750000,231.625000,3063.000000,98.016000,98.016000,100.000000,0.250000,ns3-simulated/trace-derived
target,L2R,231.750000,232.000000,231.875000,3125.000000,100.000000,100.000000,100.000000,0.250000,ns3-simulated/trace-derived
target,L2R,232.000000,232.250000,232.125000,3000.000000,96.000000,96.000000,100.000000,0.250000,ns3-simulated/trace-derived
target,L2R,232.250000,232.500000,232.375000,3046.000000,97.472000,97.472000,100.000000,0.250000,ns3-simulated/trace-derived
target,L2R,232.500000,232.750000,232.625000,3000.000000,96.000000,96.000000,100.000000,0.250000,ns3-simulated/trace-derived
target,L2R,232.750000,233.000000,232.875000,3125.000000,100.000000,100.000000,100.000000,0.250000,ns3-simulated/trace-derived
target,L2R,233.000000,233.250000,233.125000,3063.000000,98.016000,98.016000,100.000000,0.250000,ns3-simulated/trace-derived
target,L2R,233.250000,233.500000,233.375000,3000.000000,96.000000,96.000000,100.000000,0.250000,ns3-simulated/trace-derived
target,L2R,233.500000,233.750000,233.625000,3125.000000,100.000000,100.000000,100.000000,0.250000,ns3-simulated/trace-derived
target,L2R,233.750000,234.000000,233.875000,3063.000000,98.016000,98.016000,100.000000,0.250000,ns3-simulated/trace-derived
target,L2R,234.000000,234.250000,234.125000,3000.000000,96.000000,96.000000,100.000000,0.250000,ns3-simulated/trace-derived
target,L2R,234.250000,234.500000,234.375000,3063.000000,98.016000,98.016000,100.000000,0.250000,ns3-simulated/trace-derived
target,L2R,234.500000,234.750000,234.625000,3125.000000,100.000000,100.000000,100.000000,0.250000,ns3-simulated/trace-derived
target,L2R,234.750000,235.000000,234.875000,3000.000000,96.000000,96.000000,100.000000,0.250000,ns3-simulated/trace-derived
target,L2R,235.000000,235.250000,235.125000,3063.000000,98.016000,98.016000,100.000000,0.250000,ns3-simulated/trace-derived
target,L2R,235.250000,235.500000,235.375000,3000.000000,96.000000,96.000000,100.000000,0.250000,ns3-simulated/trace-derived
target,L2R,235.500000,235.750000,235.625000,3125.000000,100.000000,100.000000,100.000000,0.250000,ns3-simulated/trace-derived
target,L2R,235.750000,236.000000,235.875000,3063.000000,98.016000,98.016000,100.000000,0.250000,ns3-simulated/trace-derived
target,L2R,236.000000,236.250000,236.125000,3000.000000,96.000000,96.000000,100.000000,0.250000,ns3-simulated/trace-derived
target,L2R,236.250000,236.500000,236.375000,3063.000000,98.016000,98.016000,100.000000,0.250000,ns3-simulated/trace-derived
target,L2R,236.500000,236.750000,236.625000,3125.000000,100.000000,100.000000,100.000000,0.250000,ns3-simulated/trace-derived
target,L2R,236.750000,237.000000,236.875000,3000.000000,96.000000,96.000000,100.000000,0.250000,ns3-simulated/trace-derived
target,L2R,237.000000,237.250000,237.125000,3063.000000,98.016000,98.016000,100.000000,0.250000,ns3-simulated/trace-derived
target,L2R,237.250000,237.500000,237.375000,3125.000000,100.000000,100.000000,100.000000,0.250000,ns3-simulated/trace-derived
target,L2R,237.500000,237.750000,237.625000,3000.000000,96.000000,96.000000,100.000000,0.250000,ns3-simulated/trace-derived
target,L2R,237.750000,238.000000,237.875000,3063.000000,98.016000,98.016000,100.000000,0.250000,ns3-simulated/trace-derived
target,L2R,238.000000,238.250000,238.125000,2875.000000,92.000000,92.000000,100.000000,0.250000,ns3-simulated/trace-derived
target,L2R,238.250000,238.500000,238.375000,3125.000000,100.000000,100.000000,100.000000,0.250000,ns3-simulated/trace-derived
target,L2R,238.500000,238.750000,238.625000,3063.000000,98.016000,98.016000,100.000000,0.250000,ns3-simulated/trace-derived
target,L2R,238.750000,239.000000,238.875000,3000.000000,96.000000,96.000000,100.000000,0.250000,ns3-simulated/trace-derived
target,L2R,239.000000,239.250000,239.125000,3063.000000,98.016000,98.016000,100.000000,0.250000,ns3-simulated/trace-derived
target,L2R,239.250000,239.500000,239.375000,3125.000000,100.000000,100.000000,100.000000,0.250000,ns3-simulated/trace-derived
target,L2R,239.500000,239.750000,239.625000,3000.000000,96.000000,96.000000,100.000000,0.250000,ns3-simulated/trace-derived
target,L2R,239.750000,240.000000,239.875000,3063.000000,98.016000,98.016000,100.000000,0.250000,ns3-simulated/trace-derived
target,L2R,240.000000,240.250000,240.125000,3075.000000,98.400000,98.400000,100.000000,0.250000,ns3-simulated/trace-derived
target,L2R,240.250000,240.500000,240.375000,3050.000000,97.600000,97.600000,100.000000,0.250000,ns3-simulated/trace-derived
target,L2R,240.500000,240.750000,240.625000,3063.000000,98.016000,98.016000,100.000000,0.250000,ns3-simulated/trace-derived
target,L2R,240.750000,241.000000,240.875000,3000.000000,96.000000,96.000000,100.000000,0.250000,ns3-simulated/trace-derived
target,L2R,241.000000,241.250000,241.125000,3125.000000,100.000000,100.000000,100.000000,0.250000,ns3-simulated/trace-derived
target,L2R,241.250000,241.500000,241.375000,3063.000000,98.016000,98.016000,100.000000,0.250000,ns3-simulated/trace-derived
target,L2R,241.500000,241.750000,241.625000,3000.000000,96.000000,96.000000,100.000000,0.250000,ns3-simulated/trace-derived
target,L2R,241.750000,242.000000,241.875000,3063.000000,98.016000,98.016000,100.000000,0.250000,ns3-simulated/trace-derived
target,L2R,242.000000,242.250000,242.125000,3125.000000,100.000000,100.000000,100.000000,0.250000,ns3-simulated/trace-derived
target,L2R,242.250000,242.500000,242.375000,3000.000000,96.000000,96.000000,100.000000,0.250000,ns3-simulated/trace-derived
target,L2R,242.500000,242.750000,242.625000,3063.000000,98.016000,98.016000,100.000000,0.250000,ns3-simulated/trace-derived
target,L2R,242.750000,243.000000,242.875000,3000.000000,96.000000,96.000000,100.000000,0.250000,ns3-simulated/trace-derived
target,L2R,243.000000,243.250000,243.125000,3125.000000,100.000000,100.000000,100.000000,0.250000,ns3-simulated/trace-derived
target,L2R,243.250000,243.500000,243.375000,889.000000,28.448000,28.448000,100.000000,0.250000,ns3-simulated/trace-derived
target,L2R,243.500000,243.750000,243.625000,0.000000,0.000000,0.000000,100.000000,0.250000,ns3-simulated/trace-derived
target,L2R,243.750000,244.000000,243.875000,0.000000,0.000000,0.000000,100.000000,0.250000,ns3-simulated/trace-derived
target,L2R,244.000000,244.250000,244.125000,0.000000,0.000000,0.000000,100.000000,0.250000,ns3-simulated/trace-derived
target,L2R,244.250000,244.500000,244.375000,0.000000,0.000000,0.000000,100.000000,0.250000,ns3-simulated/trace-derived
target,L2R,244.500000,244.750000,244.625000,0.000000,0.000000,0.000000,100.000000,0.250000,ns3-simulated/trace-derived
target,L2R,244.750000,245.000000,244.875000,0.000000,0.000000,0.000000,100.000000,0.250000,ns3-simulated/trace-derived
target,L2R,245.000000,245.250000,245.125000,0.000000,0.000000,0.000000,100.000000,0.250000,ns3-simulated/trace-derived
target,L2R,245.250000,245.500000,245.375000,0.000000,0.000000,0.000000,100.000000,0.250000,ns3-simulated/trace-derived
target,L2R,245.500000,245.750000,245.625000,0.000000,0.000000,0.000000,100.000000,0.250000,ns3-simulated/trace-derived
target,L2R,245.750000,246.000000,245.875000,0.000000,0.000000,0.000000,100.000000,0.250000,ns3-simulated/trace-derived
target,L2R,246.000000,246.250000,246.125000,0.000000,0.000000,0.000000,100.000000,0.250000,ns3-simulated/trace-derived
target,L2R,246.250000,246.500000,246.375000,0.000000,0.000000,0.000000,100.000000,0.250000,ns3-simulated/trace-derived
target,L2R,246.500000,246.750000,246.625000,0.000000,0.000000,0.000000,100.000000,0.250000,ns3-simulated/trace-derived
target,L2R,246.750000,247.000000,246.875000,0.000000,0.000000,0.000000,100.000000,0.250000,ns3-simulated/trace-derived
target,L2R,247.000000,247.250000,247.125000,0.000000,0.000000,0.000000,100.000000,0.250000,ns3-simulated/trace-derived
target,L2R,247.250000,247.500000,247.375000,0.000000,0.000000,0.000000,100.000000,0.250000,ns3-simulated/trace-derived
target,L2R,247.500000,247.750000,247.625000,0.000000,0.000000,0.000000,100.000000,0.250000,ns3-simulated/trace-derived
target,L2R,247.750000,248.000000,247.875000,0.000000,0.000000,0.000000,100.000000,0.250000,ns3-simulated/trace-derived
target,L2R,248.000000,248.250000,248.125000,0.000000,0.000000,0.000000,100.000000,0.250000,ns3-simulated/trace-derived
target,L2R,248.250000,248.500000,248.375000,0.000000,0.000000,0.000000,100.000000,0.250000,ns3-simulated/trace-derived
target,L2R,248.500000,248.750000,248.625000,0.000000,0.000000,0.000000,100.000000,0.250000,ns3-simulated/trace-derived
target,L2R,248.750000,249.000000,248.875000,0.000000,0.000000,0.000000,100.000000,0.250000,ns3-simulated/trace-derived
target,L2R,249.000000,249.250000,249.125000,0.000000,0.000000,0.000000,100.000000,0.250000,ns3-simulated/trace-derived
target,L2R,249.250000,249.500000,249.375000,0.000000,0.000000,0.000000,100.000000,0.250000,ns3-simulated/trace-derived
target,L2R,249.500000,249.750000,249.625000,0.000000,0.000000,0.000000,100.000000,0.250000,ns3-simulated/trace-derived
target,L2R,249.750000,250.000000,249.875000,0.000000,0.000000,0.000000,100.000000,0.250000,ns3-simulated/trace-derived
target,L2R,250.000000,250.250000,250.125000,0.000000,0.000000,0.000000,100.000000,0.250000,ns3-simulated/trace-derived
target,L2R,250.250000,250.500000,250.375000,0.000000,0.000000,0.000000,100.000000,0.250000,ns3-simulated/trace-derived
target,L2R,250.500000,250.750000,250.625000,0.000000,0.000000,0.000000,100.000000,0.250000,ns3-simulated/trace-derived
target,L2R,250.750000,251.000000,250.875000,0.000000,0.000000,0.000000,100.000000,0.250000,ns3-simulated/trace-derived
target,L2R,251.000000,251.250000,251.125000,0.000000,0.000000,0.000000,100.000000,0.250000,ns3-simulated/trace-derived
target,L2R,251.250000,251.500000,251.375000,0.000000,0.000000,0.000000,100.000000,0.250000,ns3-simulated/trace-derived
target,L2R,251.500000,251.750000,251.625000,0.000000,0.000000,0.000000,100.000000,0.250000,ns3-simulated/trace-derived
target,L2R,251.750000,252.000000,251.875000,0.000000,0.000000,0.000000,100.000000,0.250000,ns3-simulated/trace-derived
target,L2R,252.000000,252.250000,252.125000,0.000000,0.000000,0.000000,100.000000,0.250000,ns3-simulated/trace-derived
target,L2R,252.250000,252.500000,252.375000,0.000000,0.000000,0.000000,100.000000,0.250000,ns3-simulated/trace-derived
target,L2R,252.500000,252.750000,252.625000,0.000000,0.000000,0.000000,100.000000,0.250000,ns3-simulated/trace-derived
target,L2R,252.750000,253.000000,252.875000,0.000000,0.000000,0.000000,100.000000,0.250000,ns3-simulated/trace-derived
target,L2R,253.000000,253.250000,253.125000,0.000000,0.000000,0.000000,100.000000,0.250000,ns3-simulated/trace-derived
target,L2R,253.250000,253.500000,253.375000,0.000000,0.000000,0.000000,100.000000,0.250000,ns3-simulated/trace-derived
target,L2R,253.500000,253.750000,253.625000,0.000000,0.000000,0.000000,100.000000,0.250000,ns3-simulated/trace-derived
target,L2R,253.750000,254.000000,253.875000,0.000000,0.000000,0.000000,100.000000,0.250000,ns3-simulated/trace-derived
target,L2R,254.000000,254.250000,254.125000,0.000000,0.000000,0.000000,100.000000,0.250000,ns3-simulated/trace-derived
target,L2R,254.250000,254.500000,254.375000,0.000000,0.000000,0.000000,100.000000,0.250000,ns3-simulated/trace-derived
target,L2R,254.500000,254.750000,254.625000,0.000000,0.000000,0.000000,100.000000,0.250000,ns3-simulated/trace-derived
target,L2R,254.750000,255.000000,254.875000,0.000000,0.000000,0.000000,100.000000,0.250000,ns3-simulated/trace-derived
target,L2R,255.000000,255.250000,255.125000,0.000000,0.000000,0.000000,100.000000,0.250000,ns3-simulated/trace-derived
target,L2R,255.250000,255.500000,255.375000,0.000000,0.000000,0.000000,100.000000,0.250000,ns3-simulated/trace-derived
target,L2R,255.500000,255.750000,255.625000,0.000000,0.000000,0.000000,100.000000,0.250000,ns3-simulated/trace-derived
target,L2R,255.750000,256.000000,255.875000,0.000000,0.000000,0.000000,100.000000,0.250000,ns3-simulated/trace-derived
target,L2R,256.000000,256.250000,256.125000,0.000000,0.000000,0.000000,100.000000,0.250000,ns3-simulated/trace-derived
target,L2R,256.250000,256.500000,256.375000,0.000000,0.000000,0.000000,100.000000,0.250000,ns3-simulated/trace-derived
target,L2R,256.500000,256.750000,256.625000,0.000000,0.000000,0.000000,100.000000,0.250000,ns3-simulated/trace-derived
target,L2R,256.750000,257.000000,256.875000,0.000000,0.000000,0.000000,100.000000,0.250000,ns3-simulated/trace-derived
target,L2R,257.000000,257.250000,257.125000,0.000000,0.000000,0.000000,100.000000,0.250000,ns3-simulated/trace-derived
target,L2R,257.250000,257.500000,257.375000,0.000000,0.000000,0.000000,100.000000,0.250000,ns3-simulated/trace-derived
target,L2R,257.500000,257.750000,257.625000,0.000000,0.000000,0.000000,100.000000,0.250000,ns3-simulated/trace-derived
target,L2R,257.750000,258.000000,257.875000,0.000000,0.000000,0.000000,100.000000,0.250000,ns3-simulated/trace-derived
target,L2R,258.000000,258.250000,258.125000,0.000000,0.000000,0.000000,100.000000,0.250000,ns3-simulated/trace-derived
target,L2R,258.250000,258.500000,258.375000,0.000000,0.000000,0.000000,100.000000,0.250000,ns3-simulated/trace-derived
target,L2R,258.500000,258.750000,258.625000,0.000000,0.000000,0.000000,100.000000,0.250000,ns3-simulated/trace-derived
target,L2R,258.750000,259.000000,258.875000,0.000000,0.000000,0.000000,100.000000,0.250000,ns3-simulated/trace-derived
target,L2R,259.000000,259.250000,259.125000,0.000000,0.000000,0.000000,100.000000,0.250000,ns3-simulated/trace-derived
target,L2R,259.250000,259.500000,259.375000,0.000000,0.000000,0.000000,100.000000,0.250000,ns3-simulated/trace-derived
target,L2R,259.500000,259.750000,259.625000,0.000000,0.000000,0.000000,100.000000,0.250000,ns3-simulated/trace-derived
target,L2R,259.750000,260.000000,259.875000,0.000000,0.000000,0.000000,100.000000,0.250000,ns3-simulated/trace-derived
target,L2R,260.000000,260.250000,260.125000,0.000000,0.000000,0.000000,100.000000,0.250000,ns3-simulated/trace-derived
ep_competitor,L2R,100.000000,100.250000,100.125000,0.000000,0.000000,0.000000,100.000000,0.250000,ns3-simulated/trace-derived
ep_competitor,L2R,100.250000,100.500000,100.375000,0.000000,0.000000,0.000000,100.000000,0.250000,ns3-simulated/trace-derived
ep_competitor,L2R,100.500000,100.750000,100.625000,0.000000,0.000000,0.000000,100.000000,0.250000,ns3-simulated/trace-derived
ep_competitor,L2R,100.750000,101.000000,100.875000,0.000000,0.000000,0.000000,100.000000,0.250000,ns3-simulated/trace-derived
ep_competitor,L2R,101.000000,101.250000,101.125000,0.000000,0.000000,0.000000,100.000000,0.250000,ns3-simulated/trace-derived
ep_competitor,L2R,101.250000,101.500000,101.375000,0.000000,0.000000,0.000000,100.000000,0.250000,ns3-simulated/trace-derived
ep_competitor,L2R,101.500000,101.750000,101.625000,0.000000,0.000000,0.000000,100.000000,0.250000,ns3-simulated/trace-derived
ep_competitor,L2R,101.750000,102.000000,101.875000,0.000000,0.000000,0.000000,100.000000,0.250000,ns3-simulated/trace-derived
ep_competitor,L2R,102.000000,102.250000,102.125000,0.000000,0.000000,0.000000,100.000000,0.250000,ns3-simulated/trace-derived
ep_competitor,L2R,102.250000,102.500000,102.375000,0.000000,0.000000,0.000000,100.000000,0.250000,ns3-simulated/trace-derived
ep_competitor,L2R,102.500000,102.750000,102.625000,0.000000,0.000000,0.000000,100.000000,0.250000,ns3-simulated/trace-derived
ep_competitor,L2R,102.750000,103.000000,102.875000,0.000000,0.000000,0.000000,100.000000,0.250000,ns3-simulated/trace-derived
ep_competitor,L2R,103.000000,103.250000,103.125000,0.000000,0.000000,0.000000,100.000000,0.250000,ns3-simulated/trace-derived
ep_competitor,L2R,103.250000,103.500000,103.375000,0.000000,0.000000,0.000000,100.000000,0.250000,ns3-simulated/trace-derived
ep_competitor,L2R,103.500000,103.750000,103.625000,0.000000,0.000000,0.000000,100.000000,0.250000,ns3-simulated/trace-derived
ep_competitor,L2R,103.750000,104.000000,103.875000,0.000000,0.000000,0.000000,100.000000,0.250000,ns3-simulated/trace-derived
ep_competitor,L2R,104.000000,104.250000,104.125000,0.000000,0.000000,0.000000,100.000000,0.250000,ns3-simulated/trace-derived
ep_competitor,L2R,104.250000,104.500000,104.375000,0.000000,0.000000,0.000000,100.000000,0.250000,ns3-simulated/trace-derived
ep_competitor,L2R,104.500000,104.750000,104.625000,0.000000,0.000000,0.000000,100.000000,0.250000,ns3-simulated/trace-derived
ep_competitor,L2R,104.750000,105.000000,104.875000,0.000000,0.000000,0.000000,100.000000,0.250000,ns3-simulated/trace-derived
ep_competitor,L2R,105.000000,105.250000,105.125000,0.000000,0.000000,0.000000,100.000000,0.250000,ns3-simulated/trace-derived
ep_competitor,L2R,105.250000,105.500000,105.375000,0.000000,0.000000,0.000000,100.000000,0.250000,ns3-simulated/trace-derived
ep_competitor,L2R,105.500000,105.750000,105.625000,0.000000,0.000000,0.000000,100.000000,0.250000,ns3-simulated/trace-derived
ep_competitor,L2R,105.750000,106.000000,105.875000,0.000000,0.000000,0.000000,100.000000,0.250000,ns3-simulated/trace-derived
ep_competitor,L2R,106.000000,106.250000,106.125000,0.000000,0.000000,0.000000,100.000000,0.250000,ns3-simulated/trace-derived
ep_competitor,L2R,106.250000,106.500000,106.375000,0.000000,0.000000,0.000000,100.000000,0.250000,ns3-simulated/trace-derived
ep_competitor,L2R,106.500000,106.750000,106.625000,0.000000,0.000000,0.000000,100.000000,0.250000,ns3-simulated/trace-derived
ep_competitor,L2R,106.750000,107.000000,106.875000,0.000000,0.000000,0.000000,100.000000,0.250000,ns3-simulated/trace-derived
ep_competitor,L2R,107.000000,107.250000,107.125000,0.000000,0.000000,0.000000,100.000000,0.250000,ns3-simulated/trace-derived
ep_competitor,L2R,107.250000,107.500000,107.375000,0.000000,0.000000,0.000000,100.000000,0.250000,ns3-simulated/trace-derived
ep_competitor,L2R,107.500000,107.750000,107.625000,0.000000,0.000000,0.000000,100.000000,0.250000,ns3-simulated/trace-derived
ep_competitor,L2R,107.750000,108.000000,107.875000,0.000000,0.000000,0.000000,100.000000,0.250000,ns3-simulated/trace-derived
ep_competitor,L2R,108.000000,108.250000,108.125000,0.000000,0.000000,0.000000,100.000000,0.250000,ns3-simulated/trace-derived
ep_competitor,L2R,108.250000,108.500000,108.375000,0.000000,0.000000,0.000000,100.000000,0.250000,ns3-simulated/trace-derived
ep_competitor,L2R,108.500000,108.750000,108.625000,0.000000,0.000000,0.000000,100.000000,0.250000,ns3-simulated/trace-derived
ep_competitor,L2R,108.750000,109.000000,108.875000,0.000000,0.000000,0.000000,100.000000,0.250000,ns3-simulated/trace-derived
ep_competitor,L2R,109.000000,109.250000,109.125000,0.000000,0.000000,0.000000,100.000000,0.250000,ns3-simulated/trace-derived
ep_competitor,L2R,109.250000,109.500000,109.375000,0.000000,0.000000,0.000000,100.000000,0.250000,ns3-simulated/trace-derived
ep_competitor,L2R,109.500000,109.750000,109.625000,0.000000,0.000000,0.000000,100.000000,0.250000,ns3-simulated/trace-derived
ep_competitor,L2R,109.750000,110.000000,109.875000,0.000000,0.000000,0.000000,100.000000,0.250000,ns3-simulated/trace-derived
ep_competitor,L2R,110.000000,110.250000,110.125000,1694.000000,54.208000,54.208000,100.000000,0.250000,ns3-simulated/trace-derived
ep_competitor,L2R,110.250000,110.500000,110.375000,2480.000000,79.360000,79.360000,100.000000,0.250000,ns3-simulated/trace-derived
ep_competitor,L2R,110.500000,110.750000,110.625000,0.000000,0.000000,0.000000,100.000000,0.250000,ns3-simulated/trace-derived
ep_competitor,L2R,110.750000,111.000000,110.875000,2721.000000,87.072000,87.072000,100.000000,0.250000,ns3-simulated/trace-derived
ep_competitor,L2R,111.000000,111.250000,111.125000,1453.000000,46.496000,46.496000,100.000000,0.250000,ns3-simulated/trace-derived
ep_competitor,L2R,111.250000,111.500000,111.375000,623.000000,19.936000,19.936000,100.000000,0.250000,ns3-simulated/trace-derived
ep_competitor,L2R,111.500000,111.750000,111.625000,3125.000000,100.000000,100.000000,100.000000,0.250000,ns3-simulated/trace-derived
ep_competitor,L2R,111.750000,112.000000,111.875000,426.000000,13.632000,13.632000,100.000000,0.250000,ns3-simulated/trace-derived
ep_competitor,L2R,112.000000,112.250000,112.125000,1650.000000,52.800000,52.800000,100.000000,0.250000,ns3-simulated/trace-derived
ep_competitor,L2R,112.250000,112.500000,112.375000,2524.000000,80.768000,80.768000,100.000000,0.250000,ns3-simulated/trace-derived
ep_competitor,L2R,112.500000,112.750000,112.625000,0.000000,0.000000,0.000000,100.000000,0.250000,ns3-simulated/trace-derived
ep_competitor,L2R,112.750000,113.000000,112.875000,2677.000000,85.664000,85.664000,100.000000,0.250000,ns3-simulated/trace-derived
ep_competitor,L2R,113.000000,113.250000,113.125000,1497.000000,47.904000,47.904000,100.000000,0.250000,ns3-simulated/trace-derived
ep_competitor,L2R,113.250000,113.500000,113.375000,579.000000,18.528000,18.528000,100.000000,0.250000,ns3-simulated/trace-derived
ep_competitor,L2R,113.500000,113.750000,113.625000,3125.000000,100.000000,100.000000,100.000000,0.250000,ns3-simulated/trace-derived
ep_competitor,L2R,113.750000,114.000000,113.875000,470.000000,15.040000,15.040000,100.000000,0.250000,ns3-simulated/trace-derived
ep_competitor,L2R,114.000000,114.250000,114.125000,1606.000000,51.392000,51.392000,100.000000,0.250000,ns3-simulated/trace-derived
ep_competitor,L2R,114.250000,114.500000,114.375000,2568.000000,82.176000,82.176000,100.000000,0.250000,ns3-simulated/trace-derived
ep_competitor,L2R,114.500000,114.750000,114.625000,0.000000,0.000000,0.000000,100.000000,0.250000,ns3-simulated/trace-derived
ep_competitor,L2R,114.750000,115.000000,114.875000,2633.000000,84.256000,84.256000,100.000000,0.250000,ns3-simulated/trace-derived
ep_competitor,L2R,115.000000,115.250000,115.125000,1541.000000,49.312000,49.312000,100.000000,0.250000,ns3-simulated/trace-derived
ep_competitor,L2R,115.250000,115.500000,115.375000,535.000000,17.120000,17.120000,100.000000,0.250000,ns3-simulated/trace-derived
ep_competitor,L2R,115.500000,115.750000,115.625000,3125.000000,100.000000,100.000000,100.000000,0.250000,ns3-simulated/trace-derived
ep_competitor,L2R,115.750000,116.000000,115.875000,514.000000,16.448000,16.448000,100.000000,0.250000,ns3-simulated/trace-derived
ep_competitor,L2R,116.000000,116.250000,116.125000,1562.000000,49.984000,49.984000,100.000000,0.250000,ns3-simulated/trace-derived
ep_competitor,L2R,116.250000,116.500000,116.375000,2612.000000,83.584000,83.584000,100.000000,0.250000,ns3-simulated/trace-derived
ep_competitor,L2R,116.500000,116.750000,116.625000,0.000000,0.000000,0.000000,100.000000,0.250000,ns3-simulated/trace-derived
ep_competitor,L2R,116.750000,117.000000,116.875000,2589.000000,82.848000,82.848000,100.000000,0.250000,ns3-simulated/trace-derived
ep_competitor,L2R,117.000000,117.250000,117.125000,1585.000000,50.720000,50.720000,100.000000,0.250000,ns3-simulated/trace-derived
ep_competitor,L2R,117.250000,117.500000,117.375000,491.000000,15.712000,15.712000,100.000000,0.250000,ns3-simulated/trace-derived
ep_competitor,L2R,117.500000,117.750000,117.625000,3125.000000,100.000000,100.000000,100.000000,0.250000,ns3-simulated/trace-derived
ep_competitor,L2R,117.750000,118.000000,117.875000,558.000000,17.856000,17.856000,100.000000,0.250000,ns3-simulated/trace-derived
ep_competitor,L2R,118.000000,118.250000,118.125000,1518.000000,48.576000,48.576000,100.000000,0.250000,ns3-simulated/trace-derived
ep_competitor,L2R,118.250000,118.500000,118.375000,2656.000000,84.992000,84.992000,100.000000,0.250000,ns3-simulated/trace-derived
ep_competitor,L2R,118.500000,118.750000,118.625000,0.000000,0.000000,0.000000,100.000000,0.250000,ns3-simulated/trace-derived
ep_competitor,L2R,118.750000,119.000000,118.875000,2545.000000,81.440000,81.440000,100.000000,0.250000,ns3-simulated/trace-derived
ep_competitor,L2R,119.000000,119.250000,119.125000,1629.000000,52.128000,52.128000,100.000000,0.250000,ns3-simulated/trace-derived
ep_competitor,L2R,119.250000,119.500000,119.375000,447.000000,14.304000,14.304000,100.000000,0.250000,ns3-simulated/trace-derived
ep_competitor,L2R,119.500000,119.750000,119.625000,3125.000000,100.000000,100.000000,100.000000,0.250000,ns3-simulated/trace-derived
ep_competitor,L2R,119.750000,120.000000,119.875000,602.000000,19.264000,19.264000,100.000000,0.250000,ns3-simulated/trace-derived
ep_competitor,L2R,120.000000,120.250000,120.125000,1474.000000,47.168000,47.168000,100.000000,0.250000,ns3-simulated/trace-derived
ep_competitor,L2R,120.250000,120.500000,120.375000,2700.000000,86.400000,86.400000,100.000000,0.250000,ns3-simulated/trace-derived
ep_competitor,L2R,120.500000,120.750000,120.625000,0.000000,0.000000,0.000000,100.000000,0.250000,ns3-simulated/trace-derived
ep_competitor,L2R,120.750000,121.000000,120.875000,2501.000000,80.032000,80.032000,100.000000,0.250000,ns3-simulated/trace-derived
ep_competitor,L2R,121.000000,121.250000,121.125000,1673.000000,53.536000,53.536000,100.000000,0.250000,ns3-simulated/trace-derived
ep_competitor,L2R,121.250000,121.500000,121.375000,403.000000,12.896000,12.896000,100.000000,0.250000,ns3-simulated/trace-derived
ep_competitor,L2R,121.500000,121.750000,121.625000,3125.000000,100.000000,100.000000,100.000000,0.250000,ns3-simulated/trace-derived
ep_competitor,L2R,121.750000,122.000000,121.875000,646.000000,20.672000,20.672000,100.000000,0.250000,ns3-simulated/trace-derived
ep_competitor,L2R,122.000000,122.250000,122.125000,1430.000000,45.760000,45.760000,100.000000,0.250000,ns3-simulated/trace-derived
ep_competitor,L2R,122.250000,122.500000,122.375000,2744.000000,87.808000,87.808000,100.000000,0.250000,ns3-simulated/trace-derived
ep_competitor,L2R,122.500000,122.750000,122.625000,0.000000,0.000000,0.000000,100.000000,0.250000,ns3-simulated/trace-derived
ep_competitor,L2R,122.750000,123.000000,122.875000,2457.000000,78.624000,78.624000,100.000000,0.250000,ns3-simulated/trace-derived
ep_competitor,L2R,123.000000,123.250000,123.125000,1717.000000,54.944000,54.944000,100.000000,0.250000,ns3-simulated/trace-derived
ep_competitor,L2R,123.250000,123.500000,123.375000,359.000000,11.488000,11.488000,100.000000,0.250000,ns3-simulated/trace-derived
ep_competitor,L2R,123.500000,123.750000,123.625000,3125.000000,100.000000,100.000000,100.000000,0.250000,ns3-simulated/trace-derived
ep_competitor,L2R,123.750000,124.000000,123.875000,690.000000,22.080000,22.080000,100.000000,0.250000,ns3-simulated/trace-derived
ep_competitor,L2R,124.000000,124.250000,124.125000,1386.000000,44.352000,44.352000,100.000000,0.250000,ns3-simulated/trace-derived
ep_competitor,L2R,124.250000,124.500000,124.375000,2788.000000,89.216000,89.216000,100.000000,0.250000,ns3-simulated/trace-derived
ep_competitor,L2R,124.500000,124.750000,124.625000,0.000000,0.000000,0.000000,100.000000,0.250000,ns3-simulated/trace-derived
ep_competitor,L2R,124.750000,125.000000,124.875000,2413.000000,77.216000,77.216000,100.000000,0.250000,ns3-simulated/trace-derived
ep_competitor,L2R,125.000000,125.250000,125.125000,1761.000000,56.352000,56.352000,100.000000,0.250000,ns3-simulated/trace-derived
ep_competitor,L2R,125.250000,125.500000,125.375000,315.000000,10.080000,10.080000,100.000000,0.250000,ns3-simulated/trace-derived
ep_competitor,L2R,125.500000,125.750000,125.625000,3125.000000,100.000000,100.000000,100.000000,0.250000,ns3-simulated/trace-derived
ep_competitor,L2R,125.750000,126.000000,125.875000,734.000000,23.488000,23.488000,100.000000,0.250000,ns3-simulated/trace-derived
ep_competitor,L2R,126.000000,126.250000,126.125000,1342.000000,42.944000,42.944000,100.000000,0.250000,ns3-simulated/trace-derived
ep_competitor,L2R,126.250000,126.500000,126.375000,2832.000000,90.624000,90.624000,100.000000,0.250000,ns3-simulated/trace-derived
ep_competitor,L2R,126.500000,126.750000,126.625000,0.000000,0.000000,0.000000,100.000000,0.250000,ns3-simulated/trace-derived
ep_competitor,L2R,126.750000,127.000000,126.875000,2369.000000,75.808000,75.808000,100.000000,0.250000,ns3-simulated/trace-derived
ep_competitor,L2R,127.000000,127.250000,127.125000,1805.000000,57.760000,57.760000,100.000000,0.250000,ns3-simulated/trace-derived
ep_competitor,L2R,127.250000,127.500000,127.375000,271.000000,8.672000,8.672000,100.000000,0.250000,ns3-simulated/trace-derived
ep_competitor,L2R,127.500000,127.750000,127.625000,3125.000000,100.000000,100.000000,100.000000,0.250000,ns3-simulated/trace-derived
ep_competitor,L2R,127.750000,128.000000,127.875000,778.000000,24.896000,24.896000,100.000000,0.250000,ns3-simulated/trace-derived
ep_competitor,L2R,128.000000,128.250000,128.125000,1298.000000,41.536000,41.536000,100.000000,0.250000,ns3-simulated/trace-derived
ep_competitor,L2R,128.250000,128.500000,128.375000,2876.000000,92.032000,92.032000,100.000000,0.250000,ns3-simulated/trace-derived
ep_competitor,L2R,128.500000,128.750000,128.625000,0.000000,0.000000,0.000000,100.000000,0.250000,ns3-simulated/trace-derived
ep_competitor,L2R,128.750000,129.000000,128.875000,2325.000000,74.400000,74.400000,100.000000,0.250000,ns3-simulated/trace-derived
ep_competitor,L2R,129.000000,129.250000,129.125000,1849.000000,59.168000,59.168000,100.000000,0.250000,ns3-simulated/trace-derived
ep_competitor,L2R,129.250000,129.500000,129.375000,227.000000,7.264000,7.264000,100.000000,0.250000,ns3-simulated/trace-derived
ep_competitor,L2R,129.500000,129.750000,129.625000,3125.000000,100.000000,100.000000,100.000000,0.250000,ns3-simulated/trace-derived
ep_competitor,L2R,129.750000,130.000000,129.875000,822.000000,26.304000,26.304000,100.000000,0.250000,ns3-simulated/trace-derived
ep_competitor,L2R,130.000000,130.250000,130.125000,1254.000000,40.128000,40.128000,100.000000,0.250000,ns3-simulated/trace-derived
ep_competitor,L2R,130.250000,130.500000,130.375000,2920.000000,93.440000,93.440000,100.000000,0.250000,ns3-simulated/trace-derived
ep_competitor,L2R,130.500000,130.750000,130.625000,0.000000,0.000000,0.000000,100.000000,0.250000,ns3-simulated/trace-derived
ep_competitor,L2R,130.750000,131.000000,130.875000,2281.000000,72.992000,72.992000,100.000000,0.250000,ns3-simulated/trace-derived
ep_competitor,L2R,131.000000,131.250000,131.125000,1893.000000,60.576000,60.576000,100.000000,0.250000,ns3-simulated/trace-derived
ep_competitor,L2R,131.250000,131.500000,131.375000,183.000000,5.856000,5.856000,100.000000,0.250000,ns3-simulated/trace-derived
ep_competitor,L2R,131.500000,131.750000,131.625000,3125.000000,100.000000,100.000000,100.000000,0.250000,ns3-simulated/trace-derived
ep_competitor,L2R,131.750000,132.000000,131.875000,866.000000,27.712000,27.712000,100.000000,0.250000,ns3-simulated/trace-derived
ep_competitor,L2R,132.000000,132.250000,132.125000,1210.000000,38.720000,38.720000,100.000000,0.250000,ns3-simulated/trace-derived
ep_competitor,L2R,132.250000,132.500000,132.375000,2964.000000,94.848000,94.848000,100.000000,0.250000,ns3-simulated/trace-derived
ep_competitor,L2R,132.500000,132.750000,132.625000,0.000000,0.000000,0.000000,100.000000,0.250000,ns3-simulated/trace-derived
ep_competitor,L2R,132.750000,133.000000,132.875000,2237.000000,71.584000,71.584000,100.000000,0.250000,ns3-simulated/trace-derived
ep_competitor,L2R,133.000000,133.250000,133.125000,1937.000000,61.984000,61.984000,100.000000,0.250000,ns3-simulated/trace-derived
ep_competitor,L2R,133.250000,133.500000,133.375000,139.000000,4.448000,4.448000,100.000000,0.250000,ns3-simulated/trace-derived
ep_competitor,L2R,133.500000,133.750000,133.625000,3125.000000,100.000000,100.000000,100.000000,0.250000,ns3-simulated/trace-derived
ep_competitor,L2R,133.750000,134.000000,133.875000,910.000000,29.120000,29.120000,100.000000,0.250000,ns3-simulated/trace-derived
ep_competitor,L2R,134.000000,134.250000,134.125000,1166.000000,37.312000,37.312000,100.000000,0.250000,ns3-simulated/trace-derived
ep_competitor,L2R,134.250000,134.500000,134.375000,3008.000000,96.256000,96.256000,100.000000,0.250000,ns3-simulated/trace-derived
ep_competitor,L2R,134.500000,134.750000,134.625000,0.000000,0.000000,0.000000,100.000000,0.250000,ns3-simulated/trace-derived
ep_competitor,L2R,134.750000,135.000000,134.875000,2193.000000,70.176000,70.176000,100.000000,0.250000,ns3-simulated/trace-derived
ep_competitor,L2R,135.000000,135.250000,135.125000,1981.000000,63.392000,63.392000,100.000000,0.250000,ns3-simulated/trace-derived
ep_competitor,L2R,135.250000,135.500000,135.375000,95.000000,3.040000,3.040000,100.000000,0.250000,ns3-simulated/trace-derived
ep_competitor,L2R,135.500000,135.750000,135.625000,3125.000000,100.000000,100.000000,100.000000,0.250000,ns3-simulated/trace-derived
ep_competitor,L2R,135.750000,136.000000,135.875000,954.000000,30.528000,30.528000,100.000000,0.250000,ns3-simulated/trace-derived
ep_competitor,L2R,136.000000,136.250000,136.125000,1122.000000,35.904000,35.904000,100.000000,0.250000,ns3-simulated/trace-derived
ep_competitor,L2R,136.250000,136.500000,136.375000,3052.000000,97.664000,97.664000,100.000000,0.250000,ns3-simulated/trace-derived
ep_competitor,L2R,136.500000,136.750000,136.625000,0.000000,0.000000,0.000000,100.000000,0.250000,ns3-simulated/trace-derived
ep_competitor,L2R,136.750000,137.000000,136.875000,2149.000000,68.768000,68.768000,100.000000,0.250000,ns3-simulated/trace-derived
ep_competitor,L2R,137.000000,137.250000,137.125000,2025.000000,64.800000,64.800000,100.000000,0.250000,ns3-simulated/trace-derived
ep_competitor,L2R,137.250000,137.500000,137.375000,51.000000,1.632000,1.632000,100.000000,0.250000,ns3-simulated/trace-derived
ep_competitor,L2R,137.500000,137.750000,137.625000,3125.000000,100.000000,100.000000,100.000000,0.250000,ns3-simulated/trace-derived
ep_competitor,L2R,137.750000,138.000000,137.875000,998.000000,31.936000,31.936000,100.000000,0.250000,ns3-simulated/trace-derived
ep_competitor,L2R,138.000000,138.250000,138.125000,1078.000000,34.496000,34.496000,100.000000,0.250000,ns3-simulated/trace-derived
ep_competitor,L2R,138.250000,138.500000,138.375000,3096.000000,99.072000,99.072000,100.000000,0.250000,ns3-simulated/trace-derived
ep_competitor,L2R,138.500000,138.750000,138.625000,0.000000,0.000000,0.000000,100.000000,0.250000,ns3-simulated/trace-derived
ep_competitor,L2R,138.750000,139.000000,138.875000,2105.000000,67.360000,67.360000,100.000000,0.250000,ns3-simulated/trace-derived
ep_competitor,L2R,139.000000,139.250000,139.125000,2069.000000,66.208000,66.208000,100.000000,0.250000,ns3-simulated/trace-derived
ep_competitor,L2R,139.250000,139.500000,139.375000,7.000000,0.224000,0.224000,100.000000,0.250000,ns3-simulated/trace-derived
ep_competitor,L2R,139.500000,139.750000,139.625000,3125.000000,100.000000,100.000000,100.000000,0.250000,ns3-simulated/trace-derived
ep_competitor,L2R,139.750000,140.000000,139.875000,1042.000000,33.344000,33.344000,100.000000,0.250000,ns3-simulated/trace-derived
ep_competitor,L2R,140.000000,140.250000,140.125000,1034.000000,33.088000,33.088000,100.000000,0.250000,ns3-simulated/trace-derived
ep_competitor,L2R,140.250000,140.500000,140.375000,3125.000000,100.000000,100.000000,100.000000,0.250000,ns3-simulated/trace-derived
ep_competitor,L2R,140.500000,140.750000,140.625000,15.000000,0.480000,0.480000,100.000000,0.250000,ns3-simulated/trace-derived
ep_competitor,L2R,140.750000,141.000000,140.875000,2061.000000,65.952000,65.952000,100.000000,0.250000,ns3-simulated/trace-derived
ep_competitor,L2R,141.000000,141.250000,141.125000,2113.000000,67.616000,67.616000,100.000000,0.250000,ns3-simulated/trace-derived
ep_competitor,L2R,141.250000,141.500000,141.375000,0.000000,0.000000,0.000000,100.000000,0.250000,ns3-simulated/trace-derived
ep_competitor,L2R,141.500000,141.750000,141.625000,3088.000000,98.816000,98.816000,100.000000,0.250000,ns3-simulated/trace-derived
ep_competitor,L2R,141.750000,142.000000,141.875000,1086.000000,34.752000,34.752000,100.000000,0.250000,ns3-simulated/trace-derived
ep_competitor,L2R,142.000000,142.250000,142.125000,990.000000,31.680000,31.680000,100.000000,0.250000,ns3-simulated/trace-derived
ep_competitor,L2R,142.250000,142.500000,142.375000,3125.000000,100.000000,100.000000,100.000000,0.250000,ns3-simulated/trace-derived
ep_competitor,L2R,142.500000,142.750000,142.625000,59.000000,1.888000,1.888000,100.000000,0.250000,ns3-simulated/trace-derived
ep_competitor,L2R,142.750000,143.000000,142.875000,2017.000000,64.544000,64.544000,100.000000,0.250000,ns3-simulated/trace-derived
ep_competitor,L2R,143.000000,143.250000,143.125000,2157.000000,69.024000,69.024000,100.000000,0.250000,ns3-simulated/trace-derived
ep_competitor,L2R,143.250000,143.500000,143.375000,0.000000,0.000000,0.000000,100.000000,0.250000,ns3-simulated/trace-derived
ep_competitor,L2R,143.500000,143.750000,143.625000,3044.000000,97.408000,97.408000,100.000000,0.250000,ns3-simulated/trace-derived
ep_competitor,L2R,143.750000,144.000000,143.875000,1130.000000,36.160000,36.160000,100.000000,0.250000,ns3-simulated/trace-derived
ep_competitor,L2R,144.000000,144.250000,144.125000,946.000000,30.272000,30.272000,100.000000,0.250000,ns3-simulated/trace-derived
ep_competitor,L2R,144.250000,144.500000,144.375000,3125.000000,100.000000,100.000000,100.000000,0.250000,ns3-simulated/trace-derived
ep_competitor,L2R,144.500000,144.750000,144.625000,103.000000,3.296000,3.296000,100.000000,0.250000,ns3-simulated/trace-derived
ep_competitor,L2R,144.750000,145.000000,144.875000,1973.000000,63.136000,63.136000,100.000000,0.250000,ns3-simulated/trace-derived
ep_competitor,L2R,145.000000,145.250000,145.125000,2201.000000,70.432000,70.432000,100.000000,0.250000,ns3-simulated/trace-derived
ep_competitor,L2R,145.250000,145.500000,145.375000,0.000000,0.000000,0.000000,100.000000,0.250000,ns3-simulated/trace-derived
ep_competitor,L2R,145.500000,145.750000,145.625000,3000.000000,96.000000,96.000000,100.000000,0.250000,ns3-simulated/trace-derived
ep_competitor,L2R,145.750000,146.000000,145.875000,1174.000000,37.568000,37.568000,100.000000,0.250000,ns3-simulated/trace-derived
ep_competitor,L2R,146.000000,146.250000,146.125000,902.000000,28.864000,28.864000,100.000000,0.250000,ns3-simulated/trace-derived
ep_competitor,L2R,146.250000,146.500000,146.375000,3125.000000,100.000000,100.000000,100.000000,0.250000,ns3-simulated/trace-derived
ep_competitor,L2R,146.500000,146.750000,146.625000,147.000000,4.704000,4.704000,100.000000,0.250000,ns3-simulated/trace-derived
ep_competitor,L2R,146.750000,147.000000,146.875000,1929.000000,61.728000,61.728000,100.000000,0.250000,ns3-simulated/trace-derived
ep_competitor,L2R,147.000000,147.250000,147.125000,2245.000000,71.840000,71.840000,100.000000,0.250000,ns3-simulated/trace-derived
ep_competitor,L2R,147.250000,147.500000,147.375000,0.000000,0.000000,0.000000,100.000000,0.250000,ns3-simulated/trace-derived
ep_competitor,L2R,147.500000,147.750000,147.625000,2956.000000,94.592000,94.592000,100.000000,0.250000,ns3-simulated/trace-derived
ep_competitor,L2R,147.750000,148.000000,147.875000,1218.000000,38.976000,38.976000,100.000000,0.250000,ns3-simulated/trace-derived
ep_competitor,L2R,148.000000,148.250000,148.125000,858.000000,27.456000,27.456000,100.000000,0.250000,ns3-simulated/trace-derived
ep_competitor,L2R,148.250000,148.500000,148.375000,3125.000000,100.000000,100.000000,100.000000,0.250000,ns3-simulated/trace-derived
ep_competitor,L2R,148.500000,148.750000,148.625000,191.000000,6.112000,6.112000,100.000000,0.250000,ns3-simulated/trace-derived
ep_competitor,L2R,148.750000,149.000000,148.875000,1885.000000,60.320000,60.320000,100.000000,0.250000,ns3-simulated/trace-derived
ep_competitor,L2R,149.000000,149.250000,149.125000,2289.000000,73.248000,73.248000,100.000000,0.250000,ns3-simulated/trace-derived
ep_competitor,L2R,149.250000,149.500000,149.375000,0.000000,0.000000,0.000000,100.000000,0.250000,ns3-simulated/trace-derived
ep_competitor,L2R,149.500000,149.750000,149.625000,2912.000000,93.184000,93.184000,100.000000,0.250000,ns3-simulated/trace-derived
ep_competitor,L2R,149.750000,150.000000,149.875000,1262.000000,40.384000,40.384000,100.000000,0.250000,ns3-simulated/trace-derived
ep_competitor,L2R,150.000000,150.250000,150.125000,814.000000,26.048000,26.048000,100.000000,0.250000,ns3-simulated/trace-derived
ep_competitor,L2R,150.250000,150.500000,150.375000,3125.000000,100.000000,100.000000,100.000000,0.250000,ns3-simulated/trace-derived
ep_competitor,L2R,150.500000,150.750000,150.625000,235.000000,7.520000,7.520000,100.000000,0.250000,ns3-simulated/trace-derived
ep_competitor,L2R,150.750000,151.000000,150.875000,1841.000000,58.912000,58.912000,100.000000,0.250000,ns3-simulated/trace-derived
ep_competitor,L2R,151.000000,151.250000,151.125000,2333.000000,74.656000,74.656000,100.000000,0.250000,ns3-simulated/trace-derived
ep_competitor,L2R,151.250000,151.500000,151.375000,0.000000,0.000000,0.000000,100.000000,0.250000,ns3-simulated/trace-derived
ep_competitor,L2R,151.500000,151.750000,151.625000,2868.000000,91.776000,91.776000,100.000000,0.250000,ns3-simulated/trace-derived
ep_competitor,L2R,151.750000,152.000000,151.875000,1306.000000,41.792000,41.792000,100.000000,0.250000,ns3-simulated/trace-derived
ep_competitor,L2R,152.000000,152.250000,152.125000,770.000000,24.640000,24.640000,100.000000,0.250000,ns3-simulated/trace-derived
ep_competitor,L2R,152.250000,152.500000,152.375000,3125.000000,100.000000,100.000000,100.000000,0.250000,ns3-simulated/trace-derived
ep_competitor,L2R,152.500000,152.750000,152.625000,279.000000,8.928000,8.928000,100.000000,0.250000,ns3-simulated/trace-derived
ep_competitor,L2R,152.750000,153.000000,152.875000,1797.000000,57.504000,57.504000,100.000000,0.250000,ns3-simulated/trace-derived
ep_competitor,L2R,153.000000,153.250000,153.125000,2377.000000,76.064000,76.064000,100.000000,0.250000,ns3-simulated/trace-derived
ep_competitor,L2R,153.250000,153.500000,153.375000,0.000000,0.000000,0.000000,100.000000,0.250000,ns3-simulated/trace-derived
ep_competitor,L2R,153.500000,153.750000,153.625000,2824.000000,90.368000,90.368000,100.000000,0.250000,ns3-simulated/trace-derived
ep_competitor,L2R,153.750000,154.000000,153.875000,1350.000000,43.200000,43.200000,100.000000,0.250000,ns3-simulated/trace-derived
ep_competitor,L2R,154.000000,154.250000,154.125000,726.000000,23.232000,23.232000,100.000000,0.250000,ns3-simulated/trace-derived
ep_competitor,L2R,154.250000,154.500000,154.375000,3125.000000,100.000000,100.000000,100.000000,0.250000,ns3-simulated/trace-derived
ep_competitor,L2R,154.500000,154.750000,154.625000,323.000000,10.336000,10.336000,100.000000,0.250000,ns3-simulated/trace-derived
ep_competitor,L2R,154.750000,155.000000,154.875000,1753.000000,56.096000,56.096000,100.000000,0.250000,ns3-simulated/trace-derived
ep_competitor,L2R,155.000000,155.250000,155.125000,2421.000000,77.472000,77.472000,100.000000,0.250000,ns3-simulated/trace-derived
ep_competitor,L2R,155.250000,155.500000,155.375000,0.000000,0.000000,0.000000,100.000000,0.250000,ns3-simulated/trace-derived
ep_competitor,L2R,155.500000,155.750000,155.625000,0.000000,0.000000,0.000000,100.000000,0.250000,ns3-simulated/trace-derived
ep_competitor,L2R,155.750000,156.000000,155.875000,0.000000,0.000000,0.000000,100.000000,0.250000,ns3-simulated/trace-derived
ep_competitor,L2R,156.000000,156.250000,156.125000,0.000000,0.000000,0.000000,100.000000,0.250000,ns3-simulated/trace-derived
ep_competitor,L2R,156.250000,156.500000,156.375000,0.000000,0.000000,0.000000,100.000000,0.250000,ns3-simulated/trace-derived
ep_competitor,L2R,156.500000,156.750000,156.625000,0.000000,0.000000,0.000000,100.000000,0.250000,ns3-simulated/trace-derived
ep_competitor,L2R,156.750000,157.000000,156.875000,0.000000,0.000000,0.000000,100.000000,0.250000,ns3-simulated/trace-derived
ep_competitor,L2R,157.000000,157.250000,157.125000,0.000000,0.000000,0.000000,100.000000,0.250000,ns3-simulated/trace-derived
ep_competitor,L2R,157.250000,157.500000,157.375000,0.000000,0.000000,0.000000,100.000000,0.250000,ns3-simulated/trace-derived
ep_competitor,L2R,157.500000,157.750000,157.625000,0.000000,0.000000,0.000000,100.000000,0.250000,ns3-simulated/trace-derived
ep_competitor,L2R,157.750000,158.000000,157.875000,0.000000,0.000000,0.000000,100.000000,0.250000,ns3-simulated/trace-derived
ep_competitor,L2R,158.000000,158.250000,158.125000,0.000000,0.000000,0.000000,100.000000,0.250000,ns3-simulated/trace-derived
ep_competitor,L2R,158.250000,158.500000,158.375000,0.000000,0.000000,0.000000,100.000000,0.250000,ns3-simulated/trace-derived
ep_competitor,L2R,158.500000,158.750000,158.625000,0.000000,0.000000,0.000000,100.000000,0.250000,ns3-simulated/trace-derived
ep_competitor,L2R,158.750000,159.000000,158.875000,0.000000,0.000000,0.000000,100.000000,0.250000,ns3-simulated/trace-derived
ep_competitor,L2R,159.000000,159.250000,159.125000,0.000000,0.000000,0.000000,100.000000,0.250000,ns3-simulated/trace-derived
ep_competitor,L2R,159.250000,159.500000,159.375000,0.000000,0.000000,0.000000,100.000000,0.250000,ns3-simulated/trace-derived
ep_competitor,L2R,159.500000,159.750000,159.625000,0.000000,0.000000,0.000000,100.000000,0.250000,ns3-simulated/trace-derived
ep_competitor,L2R,159.750000,160.000000,159.875000,0.000000,0.000000,0.000000,100.000000,0.250000,ns3-simulated/trace-derived
ep_competitor,L2R,160.000000,160.250000,160.125000,0.000000,0.000000,0.000000,100.000000,0.250000,ns3-simulated/trace-derived
ep_competitor,L2R,160.250000,160.500000,160.375000,0.000000,0.000000,0.000000,100.000000,0.250000,ns3-simulated/trace-derived
ep_competitor,L2R,160.500000,160.750000,160.625000,0.000000,0.000000,0.000000,100.000000,0.250000,ns3-simulated/trace-derived
ep_competitor,L2R,160.750000,161.000000,160.875000,0.000000,0.000000,0.000000,100.000000,0.250000,ns3-simulated/trace-derived
ep_competitor,L2R,161.000000,161.250000,161.125000,0.000000,0.000000,0.000000,100.000000,0.250000,ns3-simulated/trace-derived
ep_competitor,L2R,161.250000,161.500000,161.375000,0.000000,0.000000,0.000000,100.000000,0.250000,ns3-simulated/trace-derived
ep_competitor,L2R,161.500000,161.750000,161.625000,0.000000,0.000000,0.000000,100.000000,0.250000,ns3-simulated/trace-derived
ep_competitor,L2R,161.750000,162.000000,161.875000,0.000000,0.000000,0.000000,100.000000,0.250000,ns3-simulated/trace-derived
ep_competitor,L2R,162.000000,162.250000,162.125000,0.000000,0.000000,0.000000,100.000000,0.250000,ns3-simulated/trace-derived
ep_competitor,L2R,162.250000,162.500000,162.375000,0.000000,0.000000,0.000000,100.000000,0.250000,ns3-simulated/trace-derived
ep_competitor,L2R,162.500000,162.750000,162.625000,0.000000,0.000000,0.000000,100.000000,0.250000,ns3-simulated/trace-derived
ep_competitor,L2R,162.750000,163.000000,162.875000,0.000000,0.000000,0.000000,100.000000,0.250000,ns3-simulated/trace-derived
ep_competitor,L2R,163.000000,163.250000,163.125000,0.000000,0.000000,0.000000,100.000000,0.250000,ns3-simulated/trace-derived
ep_competitor,L2R,163.250000,163.500000,163.375000,0.000000,0.000000,0.000000,100.000000,0.250000,ns3-simulated/trace-derived
ep_competitor,L2R,163.500000,163.750000,163.625000,0.000000,0.000000,0.000000,100.000000,0.250000,ns3-simulated/trace-derived
ep_competitor,L2R,163.750000,164.000000,163.875000,0.000000,0.000000,0.000000,100.000000,0.250000,ns3-simulated/trace-derived
ep_competitor,L2R,164.000000,164.250000,164.125000,0.000000,0.000000,0.000000,100.000000,0.250000,ns3-simulated/trace-derived
ep_competitor,L2R,164.250000,164.500000,164.375000,0.000000,0.000000,0.000000,100.000000,0.250000,ns3-simulated/trace-derived
ep_competitor,L2R,164.500000,164.750000,164.625000,0.000000,0.000000,0.000000,100.000000,0.250000,ns3-simulated/trace-derived
ep_competitor,L2R,164.750000,165.000000,164.875000,0.000000,0.000000,0.000000,100.000000,0.250000,ns3-simulated/trace-derived
ep_competitor,L2R,165.000000,165.250000,165.125000,0.000000,0.000000,0.000000,100.000000,0.250000,ns3-simulated/trace-derived
ep_competitor,L2R,165.250000,165.500000,165.375000,0.000000,0.000000,0.000000,100.000000,0.250000,ns3-simulated/trace-derived
ep_competitor,L2R,165.500000,165.750000,165.625000,0.000000,0.000000,0.000000,100.000000,0.250000,ns3-simulated/trace-derived
ep_competitor,L2R,165.750000,166.000000,165.875000,0.000000,0.000000,0.000000,100.000000,0.250000,ns3-simulated/trace-derived
ep_competitor,L2R,166.000000,166.250000,166.125000,0.000000,0.000000,0.000000,100.000000,0.250000,ns3-simulated/trace-derived
ep_competitor,L2R,166.250000,166.500000,166.375000,0.000000,0.000000,0.000000,100.000000,0.250000,ns3-simulated/trace-derived
ep_competitor,L2R,166.500000,166.750000,166.625000,0.000000,0.000000,0.000000,100.000000,0.250000,ns3-simulated/trace-derived
ep_competitor,L2R,166.750000,167.000000,166.875000,0.000000,0.000000,0.000000,100.000000,0.250000,ns3-simulated/trace-derived
ep_competitor,L2R,167.000000,167.250000,167.125000,0.000000,0.000000,0.000000,100.000000,0.250000,ns3-simulated/trace-derived
ep_competitor,L2R,167.250000,167.500000,167.375000,0.000000,0.000000,0.000000,100.000000,0.250000,ns3-simulated/trace-derived
ep_competitor,L2R,167.500000,167.750000,167.625000,0.000000,0.000000,0.000000,100.000000,0.250000,ns3-simulated/trace-derived
ep_competitor,L2R,167.750000,168.000000,167.875000,0.000000,0.000000,0.000000,100.000000,0.250000,ns3-simulated/trace-derived
ep_competitor,L2R,168.000000,168.250000,168.125000,0.000000,0.000000,0.000000,100.000000,0.250000,ns3-simulated/trace-derived
ep_competitor,L2R,168.250000,168.500000,168.375000,0.000000,0.000000,0.000000,100.000000,0.250000,ns3-simulated/trace-derived
ep_competitor,L2R,168.500000,168.750000,168.625000,0.000000,0.000000,0.000000,100.000000,0.250000,ns3-simulated/trace-derived
ep_competitor,L2R,168.750000,169.000000,168.875000,0.000000,0.000000,0.000000,100.000000,0.250000,ns3-simulated/trace-derived
ep_competitor,L2R,169.000000,169.250000,169.125000,0.000000,0.000000,0.000000,100.000000,0.250000,ns3-simulated/trace-derived
ep_competitor,L2R,169.250000,169.500000,169.375000,0.000000,0.000000,0.000000,100.000000,0.250000,ns3-simulated/trace-derived
ep_competitor,L2R,169.500000,169.750000,169.625000,0.000000,0.000000,0.000000,100.000000,0.250000,ns3-simulated/trace-derived
ep_competitor,L2R,169.750000,170.000000,169.875000,0.000000,0.000000,0.000000,100.000000,0.250000,ns3-simulated/trace-derived
ep_competitor,L2R,170.000000,170.250000,170.125000,0.000000,0.000000,0.000000,100.000000,0.250000,ns3-simulated/trace-derived
ep_competitor,L2R,170.250000,170.500000,170.375000,0.000000,0.000000,0.000000,100.000000,0.250000,ns3-simulated/trace-derived
ep_competitor,L2R,170.500000,170.750000,170.625000,0.000000,0.000000,0.000000,100.000000,0.250000,ns3-simulated/trace-derived
ep_competitor,L2R,170.750000,171.000000,170.875000,0.000000,0.000000,0.000000,100.000000,0.250000,ns3-simulated/trace-derived
ep_competitor,L2R,171.000000,171.250000,171.125000,0.000000,0.000000,0.000000,100.000000,0.250000,ns3-simulated/trace-derived
ep_competitor,L2R,171.250000,171.500000,171.375000,0.000000,0.000000,0.000000,100.000000,0.250000,ns3-simulated/trace-derived
ep_competitor,L2R,171.500000,171.750000,171.625000,0.000000,0.000000,0.000000,100.000000,0.250000,ns3-simulated/trace-derived
ep_competitor,L2R,171.750000,172.000000,171.875000,0.000000,0.000000,0.000000,100.000000,0.250000,ns3-simulated/trace-derived
ep_competitor,L2R,172.000000,172.250000,172.125000,0.000000,0.000000,0.000000,100.000000,0.250000,ns3-simulated/trace-derived
ep_competitor,L2R,172.250000,172.500000,172.375000,0.000000,0.000000,0.000000,100.000000,0.250000,ns3-simulated/trace-derived
ep_competitor,L2R,172.500000,172.750000,172.625000,0.000000,0.000000,0.000000,100.000000,0.250000,ns3-simulated/trace-derived
ep_competitor,L2R,172.750000,173.000000,172.875000,0.000000,0.000000,0.000000,100.000000,0.250000,ns3-simulated/trace-derived
ep_competitor,L2R,173.000000,173.250000,173.125000,0.000000,0.000000,0.000000,100.000000,0.250000,ns3-simulated/trace-derived
ep_competitor,L2R,173.250000,173.500000,173.375000,0.000000,0.000000,0.000000,100.000000,0.250000,ns3-simulated/trace-derived
ep_competitor,L2R,173.500000,173.750000,173.625000,0.000000,0.000000,0.000000,100.000000,0.250000,ns3-simulated/trace-derived
ep_competitor,L2R,173.750000,174.000000,173.875000,0.000000,0.000000,0.000000,100.000000,0.250000,ns3-simulated/trace-derived
ep_competitor,L2R,174.000000,174.250000,174.125000,0.000000,0.000000,0.000000,100.000000,0.250000,ns3-simulated/trace-derived
ep_competitor,L2R,174.250000,174.500000,174.375000,0.000000,0.000000,0.000000,100.000000,0.250000,ns3-simulated/trace-derived
ep_competitor,L2R,174.500000,174.750000,174.625000,0.000000,0.000000,0.000000,100.000000,0.250000,ns3-simulated/trace-derived
ep_competitor,L2R,174.750000,175.000000,174.875000,0.000000,0.000000,0.000000,100.000000,0.250000,ns3-simulated/trace-derived
ep_competitor,L2R,175.000000,175.250000,175.125000,0.000000,0.000000,0.000000,100.000000,0.250000,ns3-simulated/trace-derived
ep_competitor,L2R,175.250000,175.500000,175.375000,0.000000,0.000000,0.000000,100.000000,0.250000,ns3-simulated/trace-derived
ep_competitor,L2R,175.500000,175.750000,175.625000,0.000000,0.000000,0.000000,100.000000,0.250000,ns3-simulated/trace-derived
ep_competitor,L2R,175.750000,176.000000,175.875000,0.000000,0.000000,0.000000,100.000000,0.250000,ns3-simulated/trace-derived
ep_competitor,L2R,176.000000,176.250000,176.125000,0.000000,0.000000,0.000000,100.000000,0.250000,ns3-simulated/trace-derived
ep_competitor,L2R,176.250000,176.500000,176.375000,0.000000,0.000000,0.000000,100.000000,0.250000,ns3-simulated/trace-derived
ep_competitor,L2R,176.500000,176.750000,176.625000,0.000000,0.000000,0.000000,100.000000,0.250000,ns3-simulated/trace-derived
ep_competitor,L2R,176.750000,177.000000,176.875000,0.000000,0.000000,0.000000,100.000000,0.250000,ns3-simulated/trace-derived
ep_competitor,L2R,177.000000,177.250000,177.125000,0.000000,0.000000,0.000000,100.000000,0.250000,ns3-simulated/trace-derived
ep_competitor,L2R,177.250000,177.500000,177.375000,0.000000,0.000000,0.000000,100.000000,0.250000,ns3-simulated/trace-derived
ep_competitor,L2R,177.500000,177.750000,177.625000,0.000000,0.000000,0.000000,100.000000,0.250000,ns3-simulated/trace-derived
ep_competitor,L2R,177.750000,178.000000,177.875000,0.000000,0.000000,0.000000,100.000000,0.250000,ns3-simulated/trace-derived
ep_competitor,L2R,178.000000,178.250000,178.125000,0.000000,0.000000,0.000000,100.000000,0.250000,ns3-simulated/trace-derived
ep_competitor,L2R,178.250000,178.500000,178.375000,0.000000,0.000000,0.000000,100.000000,0.250000,ns3-simulated/trace-derived
ep_competitor,L2R,178.500000,178.750000,178.625000,0.000000,0.000000,0.000000,100.000000,0.250000,ns3-simulated/trace-derived
ep_competitor,L2R,178.750000,179.000000,178.875000,0.000000,0.000000,0.000000,100.000000,0.250000,ns3-simulated/trace-derived
ep_competitor,L2R,179.000000,179.250000,179.125000,0.000000,0.000000,0.000000,100.000000,0.250000,ns3-simulated/trace-derived
ep_competitor,L2R,179.250000,179.500000,179.375000,0.000000,0.000000,0.000000,100.000000,0.250000,ns3-simulated/trace-derived
ep_competitor,L2R,179.500000,179.750000,179.625000,0.000000,0.000000,0.000000,100.000000,0.250000,ns3-simulated/trace-derived
ep_competitor,L2R,179.750000,180.000000,179.875000,0.000000,0.000000,0.000000,100.000000,0.250000,ns3-simulated/trace-derived
ep_competitor,L2R,180.000000,180.250000,180.125000,0.000000,0.000000,0.000000,100.000000,0.250000,ns3-simulated/trace-derived
ep_competitor,L2R,180.250000,180.500000,180.375000,0.000000,0.000000,0.000000,100.000000,0.250000,ns3-simulated/trace-derived
ep_competitor,L2R,180.500000,180.750000,180.625000,0.000000,0.000000,0.000000,100.000000,0.250000,ns3-simulated/trace-derived
ep_competitor,L2R,180.750000,181.000000,180.875000,0.000000,0.000000,0.000000,100.000000,0.250000,ns3-simulated/trace-derived
ep_competitor,L2R,181.000000,181.250000,181.125000,0.000000,0.000000,0.000000,100.000000,0.250000,ns3-simulated/trace-derived
ep_competitor,L2R,181.250000,181.500000,181.375000,0.000000,0.000000,0.000000,100.000000,0.250000,ns3-simulated/trace-derived
ep_competitor,L2R,181.500000,181.750000,181.625000,0.000000,0.000000,0.000000,100.000000,0.250000,ns3-simulated/trace-derived
ep_competitor,L2R,181.750000,182.000000,181.875000,0.000000,0.000000,0.000000,100.000000,0.250000,ns3-simulated/trace-derived
ep_competitor,L2R,182.000000,182.250000,182.125000,0.000000,0.000000,0.000000,100.000000,0.250000,ns3-simulated/trace-derived
ep_competitor,L2R,182.250000,182.500000,182.375000,0.000000,0.000000,0.000000,100.000000,0.250000,ns3-simulated/trace-derived
ep_competitor,L2R,182.500000,182.750000,182.625000,0.000000,0.000000,0.000000,100.000000,0.250000,ns3-simulated/trace-derived
ep_competitor,L2R,182.750000,183.000000,182.875000,0.000000,0.000000,0.000000,100.000000,0.250000,ns3-simulated/trace-derived
ep_competitor,L2R,183.000000,183.250000,183.125000,0.000000,0.000000,0.000000,100.000000,0.250000,ns3-simulated/trace-derived
ep_competitor,L2R,183.250000,183.500000,183.375000,0.000000,0.000000,0.000000,100.000000,0.250000,ns3-simulated/trace-derived
ep_competitor,L2R,183.500000,183.750000,183.625000,0.000000,0.000000,0.000000,100.000000,0.250000,ns3-simulated/trace-derived
ep_competitor,L2R,183.750000,184.000000,183.875000,0.000000,0.000000,0.000000,100.000000,0.250000,ns3-simulated/trace-derived
ep_competitor,L2R,184.000000,184.250000,184.125000,0.000000,0.000000,0.000000,100.000000,0.250000,ns3-simulated/trace-derived
ep_competitor,L2R,184.250000,184.500000,184.375000,0.000000,0.000000,0.000000,100.000000,0.250000,ns3-simulated/trace-derived
ep_competitor,L2R,184.500000,184.750000,184.625000,0.000000,0.000000,0.000000,100.000000,0.250000,ns3-simulated/trace-derived
ep_competitor,L2R,184.750000,185.000000,184.875000,0.000000,0.000000,0.000000,100.000000,0.250000,ns3-simulated/trace-derived
ep_competitor,L2R,185.000000,185.250000,185.125000,0.000000,0.000000,0.000000,100.000000,0.250000,ns3-simulated/trace-derived
ep_competitor,L2R,185.250000,185.500000,185.375000,0.000000,0.000000,0.000000,100.000000,0.250000,ns3-simulated/trace-derived
ep_competitor,L2R,185.500000,185.750000,185.625000,0.000000,0.000000,0.000000,100.000000,0.250000,ns3-simulated/trace-derived
ep_competitor,L2R,185.750000,186.000000,185.875000,0.000000,0.000000,0.000000,100.000000,0.250000,ns3-simulated/trace-derived
ep_competitor,L2R,186.000000,186.250000,186.125000,0.000000,0.000000,0.000000,100.000000,0.250000,ns3-simulated/trace-derived
ep_competitor,L2R,186.250000,186.500000,186.375000,0.000000,0.000000,0.000000,100.000000,0.250000,ns3-simulated/trace-derived
ep_competitor,L2R,186.500000,186.750000,186.625000,0.000000,0.000000,0.000000,100.000000,0.250000,ns3-simulated/trace-derived
ep_competitor,L2R,186.750000,187.000000,186.875000,0.000000,0.000000,0.000000,100.000000,0.250000,ns3-simulated/trace-derived
ep_competitor,L2R,187.000000,187.250000,187.125000,0.000000,0.000000,0.000000,100.000000,0.250000,ns3-simulated/trace-derived
ep_competitor,L2R,187.250000,187.500000,187.375000,0.000000,0.000000,0.000000,100.000000,0.250000,ns3-simulated/trace-derived
ep_competitor,L2R,187.500000,187.750000,187.625000,0.000000,0.000000,0.000000,100.000000,0.250000,ns3-simulated/trace-derived
ep_competitor,L2R,187.750000,188.000000,187.875000,0.000000,0.000000,0.000000,100.000000,0.250000,ns3-simulated/trace-derived
ep_competitor,L2R,188.000000,188.250000,188.125000,0.000000,0.000000,0.000000,100.000000,0.250000,ns3-simulated/trace-derived
ep_competitor,L2R,188.250000,188.500000,188.375000,0.000000,0.000000,0.000000,100.000000,0.250000,ns3-simulated/trace-derived
ep_competitor,L2R,188.500000,188.750000,188.625000,0.000000,0.000000,0.000000,100.000000,0.250000,ns3-simulated/trace-derived
ep_competitor,L2R,188.750000,189.000000,188.875000,0.000000,0.000000,0.000000,100.000000,0.250000,ns3-simulated/trace-derived
ep_competitor,L2R,189.000000,189.250000,189.125000,0.000000,0.000000,0.000000,100.000000,0.250000,ns3-simulated/trace-derived
ep_competitor,L2R,189.250000,189.500000,189.375000,0.000000,0.000000,0.000000,100.000000,0.250000,ns3-simulated/trace-derived
ep_competitor,L2R,189.500000,189.750000,189.625000,0.000000,0.000000,0.000000,100.000000,0.250000,ns3-simulated/trace-derived
ep_competitor,L2R,189.750000,190.000000,189.875000,0.000000,0.000000,0.000000,100.000000,0.250000,ns3-simulated/trace-derived
ep_competitor,L2R,190.000000,190.250000,190.125000,0.000000,0.000000,0.000000,100.000000,0.250000,ns3-simulated/trace-derived
ep_competitor,L2R,190.250000,190.500000,190.375000,0.000000,0.000000,0.000000,100.000000,0.250000,ns3-simulated/trace-derived
ep_competitor,L2R,190.500000,190.750000,190.625000,0.000000,0.000000,0.000000,100.000000,0.250000,ns3-simulated/trace-derived
ep_competitor,L2R,190.750000,191.000000,190.875000,0.000000,0.000000,0.000000,100.000000,0.250000,ns3-simulated/trace-derived
ep_competitor,L2R,191.000000,191.250000,191.125000,0.000000,0.000000,0.000000,100.000000,0.250000,ns3-simulated/trace-derived
ep_competitor,L2R,191.250000,191.500000,191.375000,0.000000,0.000000,0.000000,100.000000,0.250000,ns3-simulated/trace-derived
ep_competitor,L2R,191.500000,191.750000,191.625000,0.000000,0.000000,0.000000,100.000000,0.250000,ns3-simulated/trace-derived
ep_competitor,L2R,191.750000,192.000000,191.875000,0.000000,0.000000,0.000000,100.000000,0.250000,ns3-simulated/trace-derived
ep_competitor,L2R,192.000000,192.250000,192.125000,0.000000,0.000000,0.000000,100.000000,0.250000,ns3-simulated/trace-derived
ep_competitor,L2R,192.250000,192.500000,192.375000,0.000000,0.000000,0.000000,100.000000,0.250000,ns3-simulated/trace-derived
ep_competitor,L2R,192.500000,192.750000,192.625000,0.000000,0.000000,0.000000,100.000000,0.250000,ns3-simulated/trace-derived
ep_competitor,L2R,192.750000,193.000000,192.875000,0.000000,0.000000,0.000000,100.000000,0.250000,ns3-simulated/trace-derived
ep_competitor,L2R,193.000000,193.250000,193.125000,0.000000,0.000000,0.000000,100.000000,0.250000,ns3-simulated/trace-derived
ep_competitor,L2R,193.250000,193.500000,193.375000,0.000000,0.000000,0.000000,100.000000,0.250000,ns3-simulated/trace-derived
ep_competitor,L2R,193.500000,193.750000,193.625000,0.000000,0.000000,0.000000,100.000000,0.250000,ns3-simulated/trace-derived
ep_competitor,L2R,193.750000,194.000000,193.875000,0.000000,0.000000,0.000000,100.000000,0.250000,ns3-simulated/trace-derived
ep_competitor,L2R,194.000000,194.250000,194.125000,0.000000,0.000000,0.000000,100.000000,0.250000,ns3-simulated/trace-derived
ep_competitor,L2R,194.250000,194.500000,194.375000,0.000000,0.000000,0.000000,100.000000,0.250000,ns3-simulated/trace-derived
ep_competitor,L2R,194.500000,194.750000,194.625000,0.000000,0.000000,0.000000,100.000000,0.250000,ns3-simulated/trace-derived
ep_competitor,L2R,194.750000,195.000000,194.875000,0.000000,0.000000,0.000000,100.000000,0.250000,ns3-simulated/trace-derived
ep_competitor,L2R,195.000000,195.250000,195.125000,0.000000,0.000000,0.000000,100.000000,0.250000,ns3-simulated/trace-derived
ep_competitor,L2R,195.250000,195.500000,195.375000,0.000000,0.000000,0.000000,100.000000,0.250000,ns3-simulated/trace-derived
ep_competitor,L2R,195.500000,195.750000,195.625000,0.000000,0.000000,0.000000,100.000000,0.250000,ns3-simulated/trace-derived
ep_competitor,L2R,195.750000,196.000000,195.875000,0.000000,0.000000,0.000000,100.000000,0.250000,ns3-simulated/trace-derived
ep_competitor,L2R,196.000000,196.250000,196.125000,0.000000,0.000000,0.000000,100.000000,0.250000,ns3-simulated/trace-derived
ep_competitor,L2R,196.250000,196.500000,196.375000,0.000000,0.000000,0.000000,100.000000,0.250000,ns3-simulated/trace-derived
ep_competitor,L2R,196.500000,196.750000,196.625000,0.000000,0.000000,0.000000,100.000000,0.250000,ns3-simulated/trace-derived
ep_competitor,L2R,196.750000,197.000000,196.875000,0.000000,0.000000,0.000000,100.000000,0.250000,ns3-simulated/trace-derived
ep_competitor,L2R,197.000000,197.250000,197.125000,0.000000,0.000000,0.000000,100.000000,0.250000,ns3-simulated/trace-derived
ep_competitor,L2R,197.250000,197.500000,197.375000,0.000000,0.000000,0.000000,100.000000,0.250000,ns3-simulated/trace-derived
ep_competitor,L2R,197.500000,197.750000,197.625000,0.000000,0.000000,0.000000,100.000000,0.250000,ns3-simulated/trace-derived
ep_competitor,L2R,197.750000,198.000000,197.875000,0.000000,0.000000,0.000000,100.000000,0.250000,ns3-simulated/trace-derived
ep_competitor,L2R,198.000000,198.250000,198.125000,0.000000,0.000000,0.000000,100.000000,0.250000,ns3-simulated/trace-derived
ep_competitor,L2R,198.250000,198.500000,198.375000,0.000000,0.000000,0.000000,100.000000,0.250000,ns3-simulated/trace-derived
ep_competitor,L2R,198.500000,198.750000,198.625000,0.000000,0.000000,0.000000,100.000000,0.250000,ns3-simulated/trace-derived
ep_competitor,L2R,198.750000,199.000000,198.875000,0.000000,0.000000,0.000000,100.000000,0.250000,ns3-simulated/trace-derived
ep_competitor,L2R,199.000000,199.250000,199.125000,0.000000,0.000000,0.000000,100.000000,0.250000,ns3-simulated/trace-derived
ep_competitor,L2R,199.250000,199.500000,199.375000,0.000000,0.000000,0.000000,100.000000,0.250000,ns3-simulated/trace-derived
ep_competitor,L2R,199.500000,199.750000,199.625000,0.000000,0.000000,0.000000,100.000000,0.250000,ns3-simulated/trace-derived
ep_competitor,L2R,199.750000,200.000000,199.875000,0.000000,0.000000,0.000000,100.000000,0.250000,ns3-simulated/trace-derived
ep_competitor,L2R,200.000000,200.250000,200.125000,0.000000,0.000000,0.000000,100.000000,0.250000,ns3-simulated/trace-derived
ep_competitor,L2R,200.250000,200.500000,200.375000,0.000000,0.000000,0.000000,100.000000,0.250000,ns3-simulated/trace-derived
ep_competitor,L2R,200.500000,200.750000,200.625000,0.000000,0.000000,0.000000,100.000000,0.250000,ns3-simulated/trace-derived
ep_competitor,L2R,200.750000,201.000000,200.875000,0.000000,0.000000,0.000000,100.000000,0.250000,ns3-simulated/trace-derived
ep_competitor,L2R,201.000000,201.250000,201.125000,0.000000,0.000000,0.000000,100.000000,0.250000,ns3-simulated/trace-derived
ep_competitor,L2R,201.250000,201.500000,201.375000,0.000000,0.000000,0.000000,100.000000,0.250000,ns3-simulated/trace-derived
ep_competitor,L2R,201.500000,201.750000,201.625000,0.000000,0.000000,0.000000,100.000000,0.250000,ns3-simulated/trace-derived
ep_competitor,L2R,201.750000,202.000000,201.875000,0.000000,0.000000,0.000000,100.000000,0.250000,ns3-simulated/trace-derived
ep_competitor,L2R,202.000000,202.250000,202.125000,0.000000,0.000000,0.000000,100.000000,0.250000,ns3-simulated/trace-derived
ep_competitor,L2R,202.250000,202.500000,202.375000,0.000000,0.000000,0.000000,100.000000,0.250000,ns3-simulated/trace-derived
ep_competitor,L2R,202.500000,202.750000,202.625000,0.000000,0.000000,0.000000,100.000000,0.250000,ns3-simulated/trace-derived
ep_competitor,L2R,202.750000,203.000000,202.875000,0.000000,0.000000,0.000000,100.000000,0.250000,ns3-simulated/trace-derived
ep_competitor,L2R,203.000000,203.250000,203.125000,0.000000,0.000000,0.000000,100.000000,0.250000,ns3-simulated/trace-derived
ep_competitor,L2R,203.250000,203.500000,203.375000,0.000000,0.000000,0.000000,100.000000,0.250000,ns3-simulated/trace-derived
ep_competitor,L2R,203.500000,203.750000,203.625000,0.000000,0.000000,0.000000,100.000000,0.250000,ns3-simulated/trace-derived
ep_competitor,L2R,203.750000,204.000000,203.875000,0.000000,0.000000,0.000000,100.000000,0.250000,ns3-simulated/trace-derived
ep_competitor,L2R,204.000000,204.250000,204.125000,0.000000,0.000000,0.000000,100.000000,0.250000,ns3-simulated/trace-derived
ep_competitor,L2R,204.250000,204.500000,204.375000,0.000000,0.000000,0.000000,100.000000,0.250000,ns3-simulated/trace-derived
ep_competitor,L2R,204.500000,204.750000,204.625000,0.000000,0.000000,0.000000,100.000000,0.250000,ns3-simulated/trace-derived
ep_competitor,L2R,204.750000,205.000000,204.875000,0.000000,0.000000,0.000000,100.000000,0.250000,ns3-simulated/trace-derived
ep_competitor,L2R,205.000000,205.250000,205.125000,0.000000,0.000000,0.000000,100.000000,0.250000,ns3-simulated/trace-derived
ep_competitor,L2R,205.250000,205.500000,205.375000,0.000000,0.000000,0.000000,100.000000,0.250000,ns3-simulated/trace-derived
ep_competitor,L2R,205.500000,205.750000,205.625000,0.000000,0.000000,0.000000,100.000000,0.250000,ns3-simulated/trace-derived
ep_competitor,L2R,205.750000,206.000000,205.875000,0.000000,0.000000,0.000000,100.000000,0.250000,ns3-simulated/trace-derived
ep_competitor,L2R,206.000000,206.250000,206.125000,0.000000,0.000000,0.000000,100.000000,0.250000,ns3-simulated/trace-derived
ep_competitor,L2R,206.250000,206.500000,206.375000,0.000000,0.000000,0.000000,100.000000,0.250000,ns3-simulated/trace-derived
ep_competitor,L2R,206.500000,206.750000,206.625000,0.000000,0.000000,0.000000,100.000000,0.250000,ns3-simulated/trace-derived
ep_competitor,L2R,206.750000,207.000000,206.875000,0.000000,0.000000,0.000000,100.000000,0.250000,ns3-simulated/trace-derived
ep_competitor,L2R,207.000000,207.250000,207.125000,0.000000,0.000000,0.000000,100.000000,0.250000,ns3-simulated/trace-derived
ep_competitor,L2R,207.250000,207.500000,207.375000,0.000000,0.000000,0.000000,100.000000,0.250000,ns3-simulated/trace-derived
ep_competitor,L2R,207.500000,207.750000,207.625000,0.000000,0.000000,0.000000,100.000000,0.250000,ns3-simulated/trace-derived
ep_competitor,L2R,207.750000,208.000000,207.875000,0.000000,0.000000,0.000000,100.000000,0.250000,ns3-simulated/trace-derived
ep_competitor,L2R,208.000000,208.250000,208.125000,0.000000,0.000000,0.000000,100.000000,0.250000,ns3-simulated/trace-derived
ep_competitor,L2R,208.250000,208.500000,208.375000,0.000000,0.000000,0.000000,100.000000,0.250000,ns3-simulated/trace-derived
ep_competitor,L2R,208.500000,208.750000,208.625000,0.000000,0.000000,0.000000,100.000000,0.250000,ns3-simulated/trace-derived
ep_competitor,L2R,208.750000,209.000000,208.875000,0.000000,0.000000,0.000000,100.000000,0.250000,ns3-simulated/trace-derived
ep_competitor,L2R,209.000000,209.250000,209.125000,0.000000,0.000000,0.000000,100.000000,0.250000,ns3-simulated/trace-derived
ep_competitor,L2R,209.250000,209.500000,209.375000,0.000000,0.000000,0.000000,100.000000,0.250000,ns3-simulated/trace-derived
ep_competitor,L2R,209.500000,209.750000,209.625000,0.000000,0.000000,0.000000,100.000000,0.250000,ns3-simulated/trace-derived
ep_competitor,L2R,209.750000,210.000000,209.875000,0.000000,0.000000,0.000000,100.000000,0.250000,ns3-simulated/trace-derived
ep_competitor,L2R,210.000000,210.250000,210.125000,0.000000,0.000000,0.000000,100.000000,0.250000,ns3-simulated/trace-derived
ep_competitor,L2R,210.250000,210.500000,210.375000,0.000000,0.000000,0.000000,100.000000,0.250000,ns3-simulated/trace-derived
ep_competitor,L2R,210.500000,210.750000,210.625000,0.000000,0.000000,0.000000,100.000000,0.250000,ns3-simulated/trace-derived
ep_competitor,L2R,210.750000,211.000000,210.875000,0.000000,0.000000,0.000000,100.000000,0.250000,ns3-simulated/trace-derived
ep_competitor,L2R,211.000000,211.250000,211.125000,0.000000,0.000000,0.000000,100.000000,0.250000,ns3-simulated/trace-derived
ep_competitor,L2R,211.250000,211.500000,211.375000,0.000000,0.000000,0.000000,100.000000,0.250000,ns3-simulated/trace-derived
ep_competitor,L2R,211.500000,211.750000,211.625000,0.000000,0.000000,0.000000,100.000000,0.250000,ns3-simulated/trace-derived
ep_competitor,L2R,211.750000,212.000000,211.875000,0.000000,0.000000,0.000000,100.000000,0.250000,ns3-simulated/trace-derived
ep_competitor,L2R,212.000000,212.250000,212.125000,0.000000,0.000000,0.000000,100.000000,0.250000,ns3-simulated/trace-derived
ep_competitor,L2R,212.250000,212.500000,212.375000,0.000000,0.000000,0.000000,100.000000,0.250000,ns3-simulated/trace-derived
ep_competitor,L2R,212.500000,212.750000,212.625000,0.000000,0.000000,0.000000,100.000000,0.250000,ns3-simulated/trace-derived
ep_competitor,L2R,212.750000,213.000000,212.875000,0.000000,0.000000,0.000000,100.000000,0.250000,ns3-simulated/trace-derived
ep_competitor,L2R,213.000000,213.250000,213.125000,0.000000,0.000000,0.000000,100.000000,0.250000,ns3-simulated/trace-derived
ep_competitor,L2R,213.250000,213.500000,213.375000,0.000000,0.000000,0.000000,100.000000,0.250000,ns3-simulated/trace-derived
ep_competitor,L2R,213.500000,213.750000,213.625000,0.000000,0.000000,0.000000,100.000000,0.250000,ns3-simulated/trace-derived
ep_competitor,L2R,213.750000,214.000000,213.875000,0.000000,0.000000,0.000000,100.000000,0.250000,ns3-simulated/trace-derived
ep_competitor,L2R,214.000000,214.250000,214.125000,0.000000,0.000000,0.000000,100.000000,0.250000,ns3-simulated/trace-derived
ep_competitor,L2R,214.250000,214.500000,214.375000,0.000000,0.000000,0.000000,100.000000,0.250000,ns3-simulated/trace-derived
ep_competitor,L2R,214.500000,214.750000,214.625000,0.000000,0.000000,0.000000,100.000000,0.250000,ns3-simulated/trace-derived
ep_competitor,L2R,214.750000,215.000000,214.875000,0.000000,0.000000,0.000000,100.000000,0.250000,ns3-simulated/trace-derived
ep_competitor,L2R,215.000000,215.250000,215.125000,0.000000,0.000000,0.000000,100.000000,0.250000,ns3-simulated/trace-derived
ep_competitor,L2R,215.250000,215.500000,215.375000,0.000000,0.000000,0.000000,100.000000,0.250000,ns3-simulated/trace-derived
ep_competitor,L2R,215.500000,215.750000,215.625000,0.000000,0.000000,0.000000,100.000000,0.250000,ns3-simulated/trace-derived
ep_competitor,L2R,215.750000,216.000000,215.875000,0.000000,0.000000,0.000000,100.000000,0.250000,ns3-simulated/trace-derived
ep_competitor,L2R,216.000000,216.250000,216.125000,0.000000,0.000000,0.000000,100.000000,0.250000,ns3-simulated/trace-derived
ep_competitor,L2R,216.250000,216.500000,216.375000,0.000000,0.000000,0.000000,100.000000,0.250000,ns3-simulated/trace-derived
ep_competitor,L2R,216.500000,216.750000,216.625000,0.000000,0.000000,0.000000,100.000000,0.250000,ns3-simulated/trace-derived
ep_competitor,L2R,216.750000,217.000000,216.875000,0.000000,0.000000,0.000000,100.000000,0.250000,ns3-simulated/trace-derived
ep_competitor,L2R,217.000000,217.250000,217.125000,0.000000,0.000000,0.000000,100.000000,0.250000,ns3-simulated/trace-derived
ep_competitor,L2R,217.250000,217.500000,217.375000,0.000000,0.000000,0.000000,100.000000,0.250000,ns3-simulated/trace-derived
ep_competitor,L2R,217.500000,217.750000,217.625000,0.000000,0.000000,0.000000,100.000000,0.250000,ns3-simulated/trace-derived
ep_competitor,L2R,217.750000,218.000000,217.875000,0.000000,0.000000,0.000000,100.000000,0.250000,ns3-simulated/trace-derived
ep_competitor,L2R,218.000000,218.250000,218.125000,0.000000,0.000000,0.000000,100.000000,0.250000,ns3-simulated/trace-derived
ep_competitor,L2R,218.250000,218.500000,218.375000,0.000000,0.000000,0.000000,100.000000,0.250000,ns3-simulated/trace-derived
ep_competitor,L2R,218.500000,218.750000,218.625000,0.000000,0.000000,0.000000,100.000000,0.250000,ns3-simulated/trace-derived
ep_competitor,L2R,218.750000,219.000000,218.875000,0.000000,0.000000,0.000000,100.000000,0.250000,ns3-simulated/trace-derived
ep_competitor,L2R,219.000000,219.250000,219.125000,0.000000,0.000000,0.000000,100.000000,0.250000,ns3-simulated/trace-derived
ep_competitor,L2R,219.250000,219.500000,219.375000,0.000000,0.000000,0.000000,100.000000,0.250000,ns3-simulated/trace-derived
ep_competitor,L2R,219.500000,219.750000,219.625000,0.000000,0.000000,0.000000,100.000000,0.250000,ns3-simulated/trace-derived
ep_competitor,L2R,219.750000,220.000000,219.875000,0.000000,0.000000,0.000000,100.000000,0.250000,ns3-simulated/trace-derived
ep_competitor,L2R,220.000000,220.250000,220.125000,0.000000,0.000000,0.000000,100.000000,0.250000,ns3-simulated/trace-derived
ep_competitor,L2R,220.250000,220.500000,220.375000,0.000000,0.000000,0.000000,100.000000,0.250000,ns3-simulated/trace-derived
ep_competitor,L2R,220.500000,220.750000,220.625000,0.000000,0.000000,0.000000,100.000000,0.250000,ns3-simulated/trace-derived
ep_competitor,L2R,220.750000,221.000000,220.875000,0.000000,0.000000,0.000000,100.000000,0.250000,ns3-simulated/trace-derived
ep_competitor,L2R,221.000000,221.250000,221.125000,0.000000,0.000000,0.000000,100.000000,0.250000,ns3-simulated/trace-derived
ep_competitor,L2R,221.250000,221.500000,221.375000,0.000000,0.000000,0.000000,100.000000,0.250000,ns3-simulated/trace-derived
ep_competitor,L2R,221.500000,221.750000,221.625000,0.000000,0.000000,0.000000,100.000000,0.250000,ns3-simulated/trace-derived
ep_competitor,L2R,221.750000,222.000000,221.875000,0.000000,0.000000,0.000000,100.000000,0.250000,ns3-simulated/trace-derived
ep_competitor,L2R,222.000000,222.250000,222.125000,0.000000,0.000000,0.000000,100.000000,0.250000,ns3-simulated/trace-derived
ep_competitor,L2R,222.250000,222.500000,222.375000,0.000000,0.000000,0.000000,100.000000,0.250000,ns3-simulated/trace-derived
ep_competitor,L2R,222.500000,222.750000,222.625000,0.000000,0.000000,0.000000,100.000000,0.250000,ns3-simulated/trace-derived
ep_competitor,L2R,222.750000,223.000000,222.875000,0.000000,0.000000,0.000000,100.000000,0.250000,ns3-simulated/trace-derived
ep_competitor,L2R,223.000000,223.250000,223.125000,0.000000,0.000000,0.000000,100.000000,0.250000,ns3-simulated/trace-derived
ep_competitor,L2R,223.250000,223.500000,223.375000,0.000000,0.000000,0.000000,100.000000,0.250000,ns3-simulated/trace-derived
ep_competitor,L2R,223.500000,223.750000,223.625000,0.000000,0.000000,0.000000,100.000000,0.250000,ns3-simulated/trace-derived
ep_competitor,L2R,223.750000,224.000000,223.875000,0.000000,0.000000,0.000000,100.000000,0.250000,ns3-simulated/trace-derived
ep_competitor,L2R,224.000000,224.250000,224.125000,0.000000,0.000000,0.000000,100.000000,0.250000,ns3-simulated/trace-derived
ep_competitor,L2R,224.250000,224.500000,224.375000,0.000000,0.000000,0.000000,100.000000,0.250000,ns3-simulated/trace-derived
ep_competitor,L2R,224.500000,224.750000,224.625000,0.000000,0.000000,0.000000,100.000000,0.250000,ns3-simulated/trace-derived
ep_competitor,L2R,224.750000,225.000000,224.875000,0.000000,0.000000,0.000000,100.000000,0.250000,ns3-simulated/trace-derived
ep_competitor,L2R,225.000000,225.250000,225.125000,0.000000,0.000000,0.000000,100.000000,0.250000,ns3-simulated/trace-derived
ep_competitor,L2R,225.250000,225.500000,225.375000,0.000000,0.000000,0.000000,100.000000,0.250000,ns3-simulated/trace-derived
ep_competitor,L2R,225.500000,225.750000,225.625000,0.000000,0.000000,0.000000,100.000000,0.250000,ns3-simulated/trace-derived
ep_competitor,L2R,225.750000,226.000000,225.875000,0.000000,0.000000,0.000000,100.000000,0.250000,ns3-simulated/trace-derived
ep_competitor,L2R,226.000000,226.250000,226.125000,0.000000,0.000000,0.000000,100.000000,0.250000,ns3-simulated/trace-derived
ep_competitor,L2R,226.250000,226.500000,226.375000,0.000000,0.000000,0.000000,100.000000,0.250000,ns3-simulated/trace-derived
ep_competitor,L2R,226.500000,226.750000,226.625000,0.000000,0.000000,0.000000,100.000000,0.250000,ns3-simulated/trace-derived
ep_competitor,L2R,226.750000,227.000000,226.875000,0.000000,0.000000,0.000000,100.000000,0.250000,ns3-simulated/trace-derived
ep_competitor,L2R,227.000000,227.250000,227.125000,0.000000,0.000000,0.000000,100.000000,0.250000,ns3-simulated/trace-derived
ep_competitor,L2R,227.250000,227.500000,227.375000,0.000000,0.000000,0.000000,100.000000,0.250000,ns3-simulated/trace-derived
ep_competitor,L2R,227.500000,227.750000,227.625000,0.000000,0.000000,0.000000,100.000000,0.250000,ns3-simulated/trace-derived
ep_competitor,L2R,227.750000,228.000000,227.875000,0.000000,0.000000,0.000000,100.000000,0.250000,ns3-simulated/trace-derived
ep_competitor,L2R,228.000000,228.250000,228.125000,0.000000,0.000000,0.000000,100.000000,0.250000,ns3-simulated/trace-derived
ep_competitor,L2R,228.250000,228.500000,228.375000,0.000000,0.000000,0.000000,100.000000,0.250000,ns3-simulated/trace-derived
ep_competitor,L2R,228.500000,228.750000,228.625000,0.000000,0.000000,0.000000,100.000000,0.250000,ns3-simulated/trace-derived
ep_competitor,L2R,228.750000,229.000000,228.875000,0.000000,0.000000,0.000000,100.000000,0.250000,ns3-simulated/trace-derived
ep_competitor,L2R,229.000000,229.250000,229.125000,0.000000,0.000000,0.000000,100.000000,0.250000,ns3-simulated/trace-derived
ep_competitor,L2R,229.250000,229.500000,229.375000,0.000000,0.000000,0.000000,100.000000,0.250000,ns3-simulated/trace-derived
ep_competitor,L2R,229.500000,229.750000,229.625000,0.000000,0.000000,0.000000,100.000000,0.250000,ns3-simulated/trace-derived
ep_competitor,L2R,229.750000,230.000000,229.875000,0.000000,0.000000,0.000000,100.000000,0.250000,ns3-simulated/trace-derived
ep_competitor,L2R,230.000000,230.250000,230.125000,0.000000,0.000000,0.000000,100.000000,0.250000,ns3-simulated/trace-derived
ep_competitor,L2R,230.250000,230.500000,230.375000,0.000000,0.000000,0.000000,100.000000,0.250000,ns3-simulated/trace-derived
ep_competitor,L2R,230.500000,230.750000,230.625000,0.000000,0.000000,0.000000,100.000000,0.250000,ns3-simulated/trace-derived
ep_competitor,L2R,230.750000,231.000000,230.875000,0.000000,0.000000,0.000000,100.000000,0.250000,ns3-simulated/trace-derived
ep_competitor,L2R,231.000000,231.250000,231.125000,0.000000,0.000000,0.000000,100.000000,0.250000,ns3-simulated/trace-derived
ep_competitor,L2R,231.250000,231.500000,231.375000,0.000000,0.000000,0.000000,100.000000,0.250000,ns3-simulated/trace-derived
ep_competitor,L2R,231.500000,231.750000,231.625000,0.000000,0.000000,0.000000,100.000000,0.250000,ns3-simulated/trace-derived
ep_competitor,L2R,231.750000,232.000000,231.875000,0.000000,0.000000,0.000000,100.000000,0.250000,ns3-simulated/trace-derived
ep_competitor,L2R,232.000000,232.250000,232.125000,0.000000,0.000000,0.000000,100.000000,0.250000,ns3-simulated/trace-derived
ep_competitor,L2R,232.250000,232.500000,232.375000,0.000000,0.000000,0.000000,100.000000,0.250000,ns3-simulated/trace-derived
ep_competitor,L2R,232.500000,232.750000,232.625000,0.000000,0.000000,0.000000,100.000000,0.250000,ns3-simulated/trace-derived
ep_competitor,L2R,232.750000,233.000000,232.875000,0.000000,0.000000,0.000000,100.000000,0.250000,ns3-simulated/trace-derived
ep_competitor,L2R,233.000000,233.250000,233.125000,0.000000,0.000000,0.000000,100.000000,0.250000,ns3-simulated/trace-derived
ep_competitor,L2R,233.250000,233.500000,233.375000,0.000000,0.000000,0.000000,100.000000,0.250000,ns3-simulated/trace-derived
ep_competitor,L2R,233.500000,233.750000,233.625000,0.000000,0.000000,0.000000,100.000000,0.250000,ns3-simulated/trace-derived
ep_competitor,L2R,233.750000,234.000000,233.875000,0.000000,0.000000,0.000000,100.000000,0.250000,ns3-simulated/trace-derived
ep_competitor,L2R,234.000000,234.250000,234.125000,0.000000,0.000000,0.000000,100.000000,0.250000,ns3-simulated/trace-derived
ep_competitor,L2R,234.250000,234.500000,234.375000,0.000000,0.000000,0.000000,100.000000,0.250000,ns3-simulated/trace-derived
ep_competitor,L2R,234.500000,234.750000,234.625000,0.000000,0.000000,0.000000,100.000000,0.250000,ns3-simulated/trace-derived
ep_competitor,L2R,234.750000,235.000000,234.875000,0.000000,0.000000,0.000000,100.000000,0.250000,ns3-simulated/trace-derived
ep_competitor,L2R,235.000000,235.250000,235.125000,0.000000,0.000000,0.000000,100.000000,0.250000,ns3-simulated/trace-derived
ep_competitor,L2R,235.250000,235.500000,235.375000,0.000000,0.000000,0.000000,100.000000,0.250000,ns3-simulated/trace-derived
ep_competitor,L2R,235.500000,235.750000,235.625000,0.000000,0.000000,0.000000,100.000000,0.250000,ns3-simulated/trace-derived
ep_competitor,L2R,235.750000,236.000000,235.875000,0.000000,0.000000,0.000000,100.000000,0.250000,ns3-simulated/trace-derived
ep_competitor,L2R,236.000000,236.250000,236.125000,0.000000,0.000000,0.000000,100.000000,0.250000,ns3-simulated/trace-derived
ep_competitor,L2R,236.250000,236.500000,236.375000,0.000000,0.000000,0.000000,100.000000,0.250000,ns3-simulated/trace-derived
ep_competitor,L2R,236.500000,236.750000,236.625000,0.000000,0.000000,0.000000,100.000000,0.250000,ns3-simulated/trace-derived
ep_competitor,L2R,236.750000,237.000000,236.875000,0.000000,0.000000,0.000000,100.000000,0.250000,ns3-simulated/trace-derived
ep_competitor,L2R,237.000000,237.250000,237.125000,0.000000,0.000000,0.000000,100.000000,0.250000,ns3-simulated/trace-derived
ep_competitor,L2R,237.250000,237.500000,237.375000,0.000000,0.000000,0.000000,100.000000,0.250000,ns3-simulated/trace-derived
ep_competitor,L2R,237.500000,237.750000,237.625000,0.000000,0.000000,0.000000,100.000000,0.250000,ns3-simulated/trace-derived
ep_competitor,L2R,237.750000,238.000000,237.875000,0.000000,0.000000,0.000000,100.000000,0.250000,ns3-simulated/trace-derived
ep_competitor,L2R,238.000000,238.250000,238.125000,0.000000,0.000000,0.000000,100.000000,0.250000,ns3-simulated/trace-derived
ep_competitor,L2R,238.250000,238.500000,238.375000,0.000000,0.000000,0.000000,100.000000,0.250000,ns3-simulated/trace-derived
ep_competitor,L2R,238.500000,238.750000,238.625000,0.000000,0.000000,0.000000,100.000000,0.250000,ns3-simulated/trace-derived
ep_competitor,L2R,238.750000,239.000000,238.875000,0.000000,0.000000,0.000000,100.000000,0.250000,ns3-simulated/trace-derived
ep_competitor,L2R,239.000000,239.250000,239.125000,0.000000,0.000000,0.000000,100.000000,0.250000,ns3-simulated/trace-derived
ep_competitor,L2R,239.250000,239.500000,239.375000,0.000000,0.000000,0.000000,100.000000,0.250000,ns3-simulated/trace-derived
ep_competitor,L2R,239.500000,239.750000,239.625000,0.000000,0.000000,0.000000,100.000000,0.250000,ns3-simulated/trace-derived
ep_competitor,L2R,239.750000,240.000000,239.875000,0.000000,0.000000,0.000000,100.000000,0.250000,ns3-simulated/trace-derived
ep_competitor,L2R,240.000000,240.250000,240.125000,0.000000,0.000000,0.000000,100.000000,0.250000,ns3-simulated/trace-derived
ep_competitor,L2R,240.250000,240.500000,240.375000,0.000000,0.000000,0.000000,100.000000,0.250000,ns3-simulated/trace-derived
ep_competitor,L2R,240.500000,240.750000,240.625000,0.000000,0.000000,0.000000,100.000000,0.250000,ns3-simulated/trace-derived
ep_competitor,L2R,240.750000,241.000000,240.875000,0.000000,0.000000,0.000000,100.000000,0.250000,ns3-simulated/trace-derived
ep_competitor,L2R,241.000000,241.250000,241.125000,0.000000,0.000000,0.000000,100.000000,0.250000,ns3-simulated/trace-derived
ep_competitor,L2R,241.250000,241.500000,241.375000,0.000000,0.000000,0.000000,100.000000,0.250000,ns3-simulated/trace-derived
ep_competitor,L2R,241.500000,241.750000,241.625000,0.000000,0.000000,0.000000,100.000000,0.250000,ns3-simulated/trace-derived
ep_competitor,L2R,241.750000,242.000000,241.875000,0.000000,0.000000,0.000000,100.000000,0.250000,ns3-simulated/trace-derived
ep_competitor,L2R,242.000000,242.250000,242.125000,0.000000,0.000000,0.000000,100.000000,0.250000,ns3-simulated/trace-derived
ep_competitor,L2R,242.250000,242.500000,242.375000,0.000000,0.000000,0.000000,100.000000,0.250000,ns3-simulated/trace-derived
ep_competitor,L2R,242.500000,242.750000,242.625000,0.000000,0.000000,0.000000,100.000000,0.250000,ns3-simulated/trace-derived
ep_competitor,L2R,242.750000,243.000000,242.875000,0.000000,0.000000,0.000000,100.000000,0.250000,ns3-simulated/trace-derived
ep_competitor,L2R,243.000000,243.250000,243.125000,0.000000,0.000000,0.000000,100.000000,0.250000,ns3-simulated/trace-derived
ep_competitor,L2R,243.250000,243.500000,243.375000,0.000000,0.000000,0.000000,100.000000,0.250000,ns3-simulated/trace-derived
ep_competitor,L2R,243.500000,243.750000,243.625000,0.000000,0.000000,0.000000,100.000000,0.250000,ns3-simulated/trace-derived
ep_competitor,L2R,243.750000,244.000000,243.875000,0.000000,0.000000,0.000000,100.000000,0.250000,ns3-simulated/trace-derived
ep_competitor,L2R,244.000000,244.250000,244.125000,0.000000,0.000000,0.000000,100.000000,0.250000,ns3-simulated/trace-derived
ep_competitor,L2R,244.250000,244.500000,244.375000,0.000000,0.000000,0.000000,100.000000,0.250000,ns3-simulated/trace-derived
ep_competitor,L2R,244.500000,244.750000,244.625000,0.000000,0.000000,0.000000,100.000000,0.250000,ns3-simulated/trace-derived
ep_competitor,L2R,244.750000,245.000000,244.875000,0.000000,0.000000,0.000000,100.000000,0.250000,ns3-simulated/trace-derived
ep_competitor,L2R,245.000000,245.250000,245.125000,0.000000,0.000000,0.000000,100.000000,0.250000,ns3-simulated/trace-derived
ep_competitor,L2R,245.250000,245.500000,245.375000,0.000000,0.000000,0.000000,100.000000,0.250000,ns3-simulated/trace-derived
ep_competitor,L2R,245.500000,245.750000,245.625000,0.000000,0.000000,0.000000,100.000000,0.250000,ns3-simulated/trace-derived
ep_competitor,L2R,245.750000,246.000000,245.875000,0.000000,0.000000,0.000000,100.000000,0.250000,ns3-simulated/trace-derived
ep_competitor,L2R,246.000000,246.250000,246.125000,0.000000,0.000000,0.000000,100.000000,0.250000,ns3-simulated/trace-derived
ep_competitor,L2R,246.250000,246.500000,246.375000,0.000000,0.000000,0.000000,100.000000,0.250000,ns3-simulated/trace-derived
ep_competitor,L2R,246.500000,246.750000,246.625000,0.000000,0.000000,0.000000,100.000000,0.250000,ns3-simulated/trace-derived
ep_competitor,L2R,246.750000,247.000000,246.875000,0.000000,0.000000,0.000000,100.000000,0.250000,ns3-simulated/trace-derived
ep_competitor,L2R,247.000000,247.250000,247.125000,0.000000,0.000000,0.000000,100.000000,0.250000,ns3-simulated/trace-derived
ep_competitor,L2R,247.250000,247.500000,247.375000,0.000000,0.000000,0.000000,100.000000,0.250000,ns3-simulated/trace-derived
ep_competitor,L2R,247.500000,247.750000,247.625000,0.000000,0.000000,0.000000,100.000000,0.250000,ns3-simulated/trace-derived
ep_competitor,L2R,247.750000,248.000000,247.875000,0.000000,0.000000,0.000000,100.000000,0.250000,ns3-simulated/trace-derived
ep_competitor,L2R,248.000000,248.250000,248.125000,0.000000,0.000000,0.000000,100.000000,0.250000,ns3-simulated/trace-derived
ep_competitor,L2R,248.250000,248.500000,248.375000,0.000000,0.000000,0.000000,100.000000,0.250000,ns3-simulated/trace-derived
ep_competitor,L2R,248.500000,248.750000,248.625000,0.000000,0.000000,0.000000,100.000000,0.250000,ns3-simulated/trace-derived
ep_competitor,L2R,248.750000,249.000000,248.875000,0.000000,0.000000,0.000000,100.000000,0.250000,ns3-simulated/trace-derived
ep_competitor,L2R,249.000000,249.250000,249.125000,0.000000,0.000000,0.000000,100.000000,0.250000,ns3-simulated/trace-derived
ep_competitor,L2R,249.250000,249.500000,249.375000,0.000000,0.000000,0.000000,100.000000,0.250000,ns3-simulated/trace-derived
ep_competitor,L2R,249.500000,249.750000,249.625000,0.000000,0.000000,0.000000,100.000000,0.250000,ns3-simulated/trace-derived
ep_competitor,L2R,249.750000,250.000000,249.875000,0.000000,0.000000,0.000000,100.000000,0.250000,ns3-simulated/trace-derived
ep_competitor,L2R,250.000000,250.250000,250.125000,0.000000,0.000000,0.000000,100.000000,0.250000,ns3-simulated/trace-derived
ep_competitor,L2R,250.250000,250.500000,250.375000,0.000000,0.000000,0.000000,100.000000,0.250000,ns3-simulated/trace-derived
ep_competitor,L2R,250.500000,250.750000,250.625000,0.000000,0.000000,0.000000,100.000000,0.250000,ns3-simulated/trace-derived
ep_competitor,L2R,250.750000,251.000000,250.875000,0.000000,0.000000,0.000000,100.000000,0.250000,ns3-simulated/trace-derived
ep_competitor,L2R,251.000000,251.250000,251.125000,0.000000,0.000000,0.000000,100.000000,0.250000,ns3-simulated/trace-derived
ep_competitor,L2R,251.250000,251.500000,251.375000,0.000000,0.000000,0.000000,100.000000,0.250000,ns3-simulated/trace-derived
ep_competitor,L2R,251.500000,251.750000,251.625000,0.000000,0.000000,0.000000,100.000000,0.250000,ns3-simulated/trace-derived
ep_competitor,L2R,251.750000,252.000000,251.875000,0.000000,0.000000,0.000000,100.000000,0.250000,ns3-simulated/trace-derived
ep_competitor,L2R,252.000000,252.250000,252.125000,0.000000,0.000000,0.000000,100.000000,0.250000,ns3-simulated/trace-derived
ep_competitor,L2R,252.250000,252.500000,252.375000,0.000000,0.000000,0.000000,100.000000,0.250000,ns3-simulated/trace-derived
ep_competitor,L2R,252.500000,252.750000,252.625000,0.000000,0.000000,0.000000,100.000000,0.250000,ns3-simulated/trace-derived
ep_competitor,L2R,252.750000,253.000000,252.875000,0.000000,0.000000,0.000000,100.000000,0.250000,ns3-simulated/trace-derived
ep_competitor,L2R,253.000000,253.250000,253.125000,0.000000,0.000000,0.000000,100.000000,0.250000,ns3-simulated/trace-derived
ep_competitor,L2R,253.250000,253.500000,253.375000,0.000000,0.000000,0.000000,100.000000,0.250000,ns3-simulated/trace-derived
ep_competitor,L2R,253.500000,253.750000,253.625000,0.000000,0.000000,0.000000,100.000000,0.250000,ns3-simulated/trace-derived
ep_competitor,L2R,253.750000,254.000000,253.875000,0.000000,0.000000,0.000000,100.000000,0.250000,ns3-simulated/trace-derived
ep_competitor,L2R,254.000000,254.250000,254.125000,0.000000,0.000000,0.000000,100.000000,0.250000,ns3-simulated/trace-derived
ep_competitor,L2R,254.250000,254.500000,254.375000,0.000000,0.000000,0.000000,100.000000,0.250000,ns3-simulated/trace-derived
ep_competitor,L2R,254.500000,254.750000,254.625000,0.000000,0.000000,0.000000,100.000000,0.250000,ns3-simulated/trace-derived
ep_competitor,L2R,254.750000,255.000000,254.875000,0.000000,0.000000,0.000000,100.000000,0.250000,ns3-simulated/trace-derived
ep_competitor,L2R,255.000000,255.250000,255.125000,0.000000,0.000000,0.000000,100.000000,0.250000,ns3-simulated/trace-derived
ep_competitor,L2R,255.250000,255.500000,255.375000,0.000000,0.000000,0.000000,100.000000,0.250000,ns3-simulated/trace-derived
ep_competitor,L2R,255.500000,255.750000,255.625000,0.000000,0.000000,0.000000,100.000000,0.250000,ns3-simulated/trace-derived
ep_competitor,L2R,255.750000,256.000000,255.875000,0.000000,0.000000,0.000000,100.000000,0.250000,ns3-simulated/trace-derived
ep_competitor,L2R,256.000000,256.250000,256.125000,0.000000,0.000000,0.000000,100.000000,0.250000,ns3-simulated/trace-derived
ep_competitor,L2R,256.250000,256.500000,256.375000,0.000000,0.000000,0.000000,100.000000,0.250000,ns3-simulated/trace-derived
ep_competitor,L2R,256.500000,256.750000,256.625000,0.000000,0.000000,0.000000,100.000000,0.250000,ns3-simulated/trace-derived
ep_competitor,L2R,256.750000,257.000000,256.875000,0.000000,0.000000,0.000000,100.000000,0.250000,ns3-simulated/trace-derived
ep_competitor,L2R,257.000000,257.250000,257.125000,0.000000,0.000000,0.000000,100.000000,0.250000,ns3-simulated/trace-derived
ep_competitor,L2R,257.250000,257.500000,257.375000,0.000000,0.000000,0.000000,100.000000,0.250000,ns3-simulated/trace-derived
ep_competitor,L2R,257.500000,257.750000,257.625000,0.000000,0.000000,0.000000,100.000000,0.250000,ns3-simulated/trace-derived
ep_competitor,L2R,257.750000,258.000000,257.875000,0.000000,0.000000,0.000000,100.000000,0.250000,ns3-simulated/trace-derived
ep_competitor,L2R,258.000000,258.250000,258.125000,0.000000,0.000000,0.000000,100.000000,0.250000,ns3-simulated/trace-derived
ep_competitor,L2R,258.250000,258.500000,258.375000,0.000000,0.000000,0.000000,100.000000,0.250000,ns3-simulated/trace-derived
ep_competitor,L2R,258.500000,258.750000,258.625000,0.000000,0.000000,0.000000,100.000000,0.250000,ns3-simulated/trace-derived
ep_competitor,L2R,258.750000,259.000000,258.875000,0.000000,0.000000,0.000000,100.000000,0.250000,ns3-simulated/trace-derived
ep_competitor,L2R,259.000000,259.250000,259.125000,0.000000,0.000000,0.000000,100.000000,0.250000,ns3-simulated/trace-derived
ep_competitor,L2R,259.250000,259.500000,259.375000,0.000000,0.000000,0.000000,100.000000,0.250000,ns3-simulated/trace-derived
ep_competitor,L2R,259.500000,259.750000,259.625000,0.000000,0.000000,0.000000,100.000000,0.250000,ns3-simulated/trace-derived
ep_competitor,L2R,259.750000,260.000000,259.875000,0.000000,0.000000,0.000000,100.000000,0.250000,ns3-simulated/trace-derived
ep_competitor,L2R,260.000000,260.250000,260.125000,0.000000,0.000000,0.000000,100.000000,0.250000,ns3-simulated/trace-derived
kv_competitor,L2R,100.000000,100.250000,100.125000,0.000000,0.000000,0.000000,100.000000,0.250000,ns3-simulated/trace-derived
kv_competitor,L2R,100.250000,100.500000,100.375000,0.000000,0.000000,0.000000,100.000000,0.250000,ns3-simulated/trace-derived
kv_competitor,L2R,100.500000,100.750000,100.625000,0.000000,0.000000,0.000000,100.000000,0.250000,ns3-simulated/trace-derived
kv_competitor,L2R,100.750000,101.000000,100.875000,0.000000,0.000000,0.000000,100.000000,0.250000,ns3-simulated/trace-derived
kv_competitor,L2R,101.000000,101.250000,101.125000,0.000000,0.000000,0.000000,100.000000,0.250000,ns3-simulated/trace-derived
kv_competitor,L2R,101.250000,101.500000,101.375000,0.000000,0.000000,0.000000,100.000000,0.250000,ns3-simulated/trace-derived
kv_competitor,L2R,101.500000,101.750000,101.625000,0.000000,0.000000,0.000000,100.000000,0.250000,ns3-simulated/trace-derived
kv_competitor,L2R,101.750000,102.000000,101.875000,0.000000,0.000000,0.000000,100.000000,0.250000,ns3-simulated/trace-derived
kv_competitor,L2R,102.000000,102.250000,102.125000,0.000000,0.000000,0.000000,100.000000,0.250000,ns3-simulated/trace-derived
kv_competitor,L2R,102.250000,102.500000,102.375000,0.000000,0.000000,0.000000,100.000000,0.250000,ns3-simulated/trace-derived
kv_competitor,L2R,102.500000,102.750000,102.625000,0.000000,0.000000,0.000000,100.000000,0.250000,ns3-simulated/trace-derived
kv_competitor,L2R,102.750000,103.000000,102.875000,0.000000,0.000000,0.000000,100.000000,0.250000,ns3-simulated/trace-derived
kv_competitor,L2R,103.000000,103.250000,103.125000,0.000000,0.000000,0.000000,100.000000,0.250000,ns3-simulated/trace-derived
kv_competitor,L2R,103.250000,103.500000,103.375000,0.000000,0.000000,0.000000,100.000000,0.250000,ns3-simulated/trace-derived
kv_competitor,L2R,103.500000,103.750000,103.625000,0.000000,0.000000,0.000000,100.000000,0.250000,ns3-simulated/trace-derived
kv_competitor,L2R,103.750000,104.000000,103.875000,0.000000,0.000000,0.000000,100.000000,0.250000,ns3-simulated/trace-derived
kv_competitor,L2R,104.000000,104.250000,104.125000,0.000000,0.000000,0.000000,100.000000,0.250000,ns3-simulated/trace-derived
kv_competitor,L2R,104.250000,104.500000,104.375000,0.000000,0.000000,0.000000,100.000000,0.250000,ns3-simulated/trace-derived
kv_competitor,L2R,104.500000,104.750000,104.625000,0.000000,0.000000,0.000000,100.000000,0.250000,ns3-simulated/trace-derived
kv_competitor,L2R,104.750000,105.000000,104.875000,0.000000,0.000000,0.000000,100.000000,0.250000,ns3-simulated/trace-derived
kv_competitor,L2R,105.000000,105.250000,105.125000,0.000000,0.000000,0.000000,100.000000,0.250000,ns3-simulated/trace-derived
kv_competitor,L2R,105.250000,105.500000,105.375000,0.000000,0.000000,0.000000,100.000000,0.250000,ns3-simulated/trace-derived
kv_competitor,L2R,105.500000,105.750000,105.625000,0.000000,0.000000,0.000000,100.000000,0.250000,ns3-simulated/trace-derived
kv_competitor,L2R,105.750000,106.000000,105.875000,0.000000,0.000000,0.000000,100.000000,0.250000,ns3-simulated/trace-derived
kv_competitor,L2R,106.000000,106.250000,106.125000,0.000000,0.000000,0.000000,100.000000,0.250000,ns3-simulated/trace-derived
kv_competitor,L2R,106.250000,106.500000,106.375000,0.000000,0.000000,0.000000,100.000000,0.250000,ns3-simulated/trace-derived
kv_competitor,L2R,106.500000,106.750000,106.625000,0.000000,0.000000,0.000000,100.000000,0.250000,ns3-simulated/trace-derived
kv_competitor,L2R,106.750000,107.000000,106.875000,0.000000,0.000000,0.000000,100.000000,0.250000,ns3-simulated/trace-derived
kv_competitor,L2R,107.000000,107.250000,107.125000,0.000000,0.000000,0.000000,100.000000,0.250000,ns3-simulated/trace-derived
kv_competitor,L2R,107.250000,107.500000,107.375000,0.000000,0.000000,0.000000,100.000000,0.250000,ns3-simulated/trace-derived
kv_competitor,L2R,107.500000,107.750000,107.625000,0.000000,0.000000,0.000000,100.000000,0.250000,ns3-simulated/trace-derived
kv_competitor,L2R,107.750000,108.000000,107.875000,0.000000,0.000000,0.000000,100.000000,0.250000,ns3-simulated/trace-derived
kv_competitor,L2R,108.000000,108.250000,108.125000,0.000000,0.000000,0.000000,100.000000,0.250000,ns3-simulated/trace-derived
kv_competitor,L2R,108.250000,108.500000,108.375000,0.000000,0.000000,0.000000,100.000000,0.250000,ns3-simulated/trace-derived
kv_competitor,L2R,108.500000,108.750000,108.625000,0.000000,0.000000,0.000000,100.000000,0.250000,ns3-simulated/trace-derived
kv_competitor,L2R,108.750000,109.000000,108.875000,0.000000,0.000000,0.000000,100.000000,0.250000,ns3-simulated/trace-derived
kv_competitor,L2R,109.000000,109.250000,109.125000,0.000000,0.000000,0.000000,100.000000,0.250000,ns3-simulated/trace-derived
kv_competitor,L2R,109.250000,109.500000,109.375000,0.000000,0.000000,0.000000,100.000000,0.250000,ns3-simulated/trace-derived
kv_competitor,L2R,109.500000,109.750000,109.625000,0.000000,0.000000,0.000000,100.000000,0.250000,ns3-simulated/trace-derived
kv_competitor,L2R,109.750000,110.000000,109.875000,0.000000,0.000000,0.000000,100.000000,0.250000,ns3-simulated/trace-derived
kv_competitor,L2R,110.000000,110.250000,110.125000,0.000000,0.000000,0.000000,100.000000,0.250000,ns3-simulated/trace-derived
kv_competitor,L2R,110.250000,110.500000,110.375000,0.000000,0.000000,0.000000,100.000000,0.250000,ns3-simulated/trace-derived
kv_competitor,L2R,110.500000,110.750000,110.625000,0.000000,0.000000,0.000000,100.000000,0.250000,ns3-simulated/trace-derived
kv_competitor,L2R,110.750000,111.000000,110.875000,0.000000,0.000000,0.000000,100.000000,0.250000,ns3-simulated/trace-derived
kv_competitor,L2R,111.000000,111.250000,111.125000,0.000000,0.000000,0.000000,100.000000,0.250000,ns3-simulated/trace-derived
kv_competitor,L2R,111.250000,111.500000,111.375000,0.000000,0.000000,0.000000,100.000000,0.250000,ns3-simulated/trace-derived
kv_competitor,L2R,111.500000,111.750000,111.625000,0.000000,0.000000,0.000000,100.000000,0.250000,ns3-simulated/trace-derived
kv_competitor,L2R,111.750000,112.000000,111.875000,0.000000,0.000000,0.000000,100.000000,0.250000,ns3-simulated/trace-derived
kv_competitor,L2R,112.000000,112.250000,112.125000,0.000000,0.000000,0.000000,100.000000,0.250000,ns3-simulated/trace-derived
kv_competitor,L2R,112.250000,112.500000,112.375000,0.000000,0.000000,0.000000,100.000000,0.250000,ns3-simulated/trace-derived
kv_competitor,L2R,112.500000,112.750000,112.625000,0.000000,0.000000,0.000000,100.000000,0.250000,ns3-simulated/trace-derived
kv_competitor,L2R,112.750000,113.000000,112.875000,0.000000,0.000000,0.000000,100.000000,0.250000,ns3-simulated/trace-derived
kv_competitor,L2R,113.000000,113.250000,113.125000,0.000000,0.000000,0.000000,100.000000,0.250000,ns3-simulated/trace-derived
kv_competitor,L2R,113.250000,113.500000,113.375000,0.000000,0.000000,0.000000,100.000000,0.250000,ns3-simulated/trace-derived
kv_competitor,L2R,113.500000,113.750000,113.625000,0.000000,0.000000,0.000000,100.000000,0.250000,ns3-simulated/trace-derived
kv_competitor,L2R,113.750000,114.000000,113.875000,0.000000,0.000000,0.000000,100.000000,0.250000,ns3-simulated/trace-derived
kv_competitor,L2R,114.000000,114.250000,114.125000,0.000000,0.000000,0.000000,100.000000,0.250000,ns3-simulated/trace-derived
kv_competitor,L2R,114.250000,114.500000,114.375000,0.000000,0.000000,0.000000,100.000000,0.250000,ns3-simulated/trace-derived
kv_competitor,L2R,114.500000,114.750000,114.625000,0.000000,0.000000,0.000000,100.000000,0.250000,ns3-simulated/trace-derived
kv_competitor,L2R,114.750000,115.000000,114.875000,0.000000,0.000000,0.000000,100.000000,0.250000,ns3-simulated/trace-derived
kv_competitor,L2R,115.000000,115.250000,115.125000,0.000000,0.000000,0.000000,100.000000,0.250000,ns3-simulated/trace-derived
kv_competitor,L2R,115.250000,115.500000,115.375000,0.000000,0.000000,0.000000,100.000000,0.250000,ns3-simulated/trace-derived
kv_competitor,L2R,115.500000,115.750000,115.625000,0.000000,0.000000,0.000000,100.000000,0.250000,ns3-simulated/trace-derived
kv_competitor,L2R,115.750000,116.000000,115.875000,0.000000,0.000000,0.000000,100.000000,0.250000,ns3-simulated/trace-derived
kv_competitor,L2R,116.000000,116.250000,116.125000,0.000000,0.000000,0.000000,100.000000,0.250000,ns3-simulated/trace-derived
kv_competitor,L2R,116.250000,116.500000,116.375000,0.000000,0.000000,0.000000,100.000000,0.250000,ns3-simulated/trace-derived
kv_competitor,L2R,116.500000,116.750000,116.625000,0.000000,0.000000,0.000000,100.000000,0.250000,ns3-simulated/trace-derived
kv_competitor,L2R,116.750000,117.000000,116.875000,0.000000,0.000000,0.000000,100.000000,0.250000,ns3-simulated/trace-derived
kv_competitor,L2R,117.000000,117.250000,117.125000,0.000000,0.000000,0.000000,100.000000,0.250000,ns3-simulated/trace-derived
kv_competitor,L2R,117.250000,117.500000,117.375000,0.000000,0.000000,0.000000,100.000000,0.250000,ns3-simulated/trace-derived
kv_competitor,L2R,117.500000,117.750000,117.625000,0.000000,0.000000,0.000000,100.000000,0.250000,ns3-simulated/trace-derived
kv_competitor,L2R,117.750000,118.000000,117.875000,0.000000,0.000000,0.000000,100.000000,0.250000,ns3-simulated/trace-derived
kv_competitor,L2R,118.000000,118.250000,118.125000,0.000000,0.000000,0.000000,100.000000,0.250000,ns3-simulated/trace-derived
kv_competitor,L2R,118.250000,118.500000,118.375000,0.000000,0.000000,0.000000,100.000000,0.250000,ns3-simulated/trace-derived
kv_competitor,L2R,118.500000,118.750000,118.625000,0.000000,0.000000,0.000000,100.000000,0.250000,ns3-simulated/trace-derived
kv_competitor,L2R,118.750000,119.000000,118.875000,0.000000,0.000000,0.000000,100.000000,0.250000,ns3-simulated/trace-derived
kv_competitor,L2R,119.000000,119.250000,119.125000,0.000000,0.000000,0.000000,100.000000,0.250000,ns3-simulated/trace-derived
kv_competitor,L2R,119.250000,119.500000,119.375000,0.000000,0.000000,0.000000,100.000000,0.250000,ns3-simulated/trace-derived
kv_competitor,L2R,119.500000,119.750000,119.625000,0.000000,0.000000,0.000000,100.000000,0.250000,ns3-simulated/trace-derived
kv_competitor,L2R,119.750000,120.000000,119.875000,0.000000,0.000000,0.000000,100.000000,0.250000,ns3-simulated/trace-derived
kv_competitor,L2R,120.000000,120.250000,120.125000,0.000000,0.000000,0.000000,100.000000,0.250000,ns3-simulated/trace-derived
kv_competitor,L2R,120.250000,120.500000,120.375000,0.000000,0.000000,0.000000,100.000000,0.250000,ns3-simulated/trace-derived
kv_competitor,L2R,120.500000,120.750000,120.625000,0.000000,0.000000,0.000000,100.000000,0.250000,ns3-simulated/trace-derived
kv_competitor,L2R,120.750000,121.000000,120.875000,0.000000,0.000000,0.000000,100.000000,0.250000,ns3-simulated/trace-derived
kv_competitor,L2R,121.000000,121.250000,121.125000,0.000000,0.000000,0.000000,100.000000,0.250000,ns3-simulated/trace-derived
kv_competitor,L2R,121.250000,121.500000,121.375000,0.000000,0.000000,0.000000,100.000000,0.250000,ns3-simulated/trace-derived
kv_competitor,L2R,121.500000,121.750000,121.625000,0.000000,0.000000,0.000000,100.000000,0.250000,ns3-simulated/trace-derived
kv_competitor,L2R,121.750000,122.000000,121.875000,0.000000,0.000000,0.000000,100.000000,0.250000,ns3-simulated/trace-derived
kv_competitor,L2R,122.000000,122.250000,122.125000,0.000000,0.000000,0.000000,100.000000,0.250000,ns3-simulated/trace-derived
kv_competitor,L2R,122.250000,122.500000,122.375000,0.000000,0.000000,0.000000,100.000000,0.250000,ns3-simulated/trace-derived
kv_competitor,L2R,122.500000,122.750000,122.625000,0.000000,0.000000,0.000000,100.000000,0.250000,ns3-simulated/trace-derived
kv_competitor,L2R,122.750000,123.000000,122.875000,0.000000,0.000000,0.000000,100.000000,0.250000,ns3-simulated/trace-derived
kv_competitor,L2R,123.000000,123.250000,123.125000,0.000000,0.000000,0.000000,100.000000,0.250000,ns3-simulated/trace-derived
kv_competitor,L2R,123.250000,123.500000,123.375000,0.000000,0.000000,0.000000,100.000000,0.250000,ns3-simulated/trace-derived
kv_competitor,L2R,123.500000,123.750000,123.625000,0.000000,0.000000,0.000000,100.000000,0.250000,ns3-simulated/trace-derived
kv_competitor,L2R,123.750000,124.000000,123.875000,0.000000,0.000000,0.000000,100.000000,0.250000,ns3-simulated/trace-derived
kv_competitor,L2R,124.000000,124.250000,124.125000,0.000000,0.000000,0.000000,100.000000,0.250000,ns3-simulated/trace-derived
kv_competitor,L2R,124.250000,124.500000,124.375000,0.000000,0.000000,0.000000,100.000000,0.250000,ns3-simulated/trace-derived
kv_competitor,L2R,124.500000,124.750000,124.625000,0.000000,0.000000,0.000000,100.000000,0.250000,ns3-simulated/trace-derived
kv_competitor,L2R,124.750000,125.000000,124.875000,0.000000,0.000000,0.000000,100.000000,0.250000,ns3-simulated/trace-derived
kv_competitor,L2R,125.000000,125.250000,125.125000,0.000000,0.000000,0.000000,100.000000,0.250000,ns3-simulated/trace-derived
kv_competitor,L2R,125.250000,125.500000,125.375000,0.000000,0.000000,0.000000,100.000000,0.250000,ns3-simulated/trace-derived
kv_competitor,L2R,125.500000,125.750000,125.625000,0.000000,0.000000,0.000000,100.000000,0.250000,ns3-simulated/trace-derived
kv_competitor,L2R,125.750000,126.000000,125.875000,0.000000,0.000000,0.000000,100.000000,0.250000,ns3-simulated/trace-derived
kv_competitor,L2R,126.000000,126.250000,126.125000,0.000000,0.000000,0.000000,100.000000,0.250000,ns3-simulated/trace-derived
kv_competitor,L2R,126.250000,126.500000,126.375000,0.000000,0.000000,0.000000,100.000000,0.250000,ns3-simulated/trace-derived
kv_competitor,L2R,126.500000,126.750000,126.625000,0.000000,0.000000,0.000000,100.000000,0.250000,ns3-simulated/trace-derived
kv_competitor,L2R,126.750000,127.000000,126.875000,0.000000,0.000000,0.000000,100.000000,0.250000,ns3-simulated/trace-derived
kv_competitor,L2R,127.000000,127.250000,127.125000,0.000000,0.000000,0.000000,100.000000,0.250000,ns3-simulated/trace-derived
kv_competitor,L2R,127.250000,127.500000,127.375000,0.000000,0.000000,0.000000,100.000000,0.250000,ns3-simulated/trace-derived
kv_competitor,L2R,127.500000,127.750000,127.625000,0.000000,0.000000,0.000000,100.000000,0.250000,ns3-simulated/trace-derived
kv_competitor,L2R,127.750000,128.000000,127.875000,0.000000,0.000000,0.000000,100.000000,0.250000,ns3-simulated/trace-derived
kv_competitor,L2R,128.000000,128.250000,128.125000,0.000000,0.000000,0.000000,100.000000,0.250000,ns3-simulated/trace-derived
kv_competitor,L2R,128.250000,128.500000,128.375000,0.000000,0.000000,0.000000,100.000000,0.250000,ns3-simulated/trace-derived
kv_competitor,L2R,128.500000,128.750000,128.625000,0.000000,0.000000,0.000000,100.000000,0.250000,ns3-simulated/trace-derived
kv_competitor,L2R,128.750000,129.000000,128.875000,0.000000,0.000000,0.000000,100.000000,0.250000,ns3-simulated/trace-derived
kv_competitor,L2R,129.000000,129.250000,129.125000,0.000000,0.000000,0.000000,100.000000,0.250000,ns3-simulated/trace-derived
kv_competitor,L2R,129.250000,129.500000,129.375000,0.000000,0.000000,0.000000,100.000000,0.250000,ns3-simulated/trace-derived
kv_competitor,L2R,129.500000,129.750000,129.625000,0.000000,0.000000,0.000000,100.000000,0.250000,ns3-simulated/trace-derived
kv_competitor,L2R,129.750000,130.000000,129.875000,0.000000,0.000000,0.000000,100.000000,0.250000,ns3-simulated/trace-derived
kv_competitor,L2R,130.000000,130.250000,130.125000,0.000000,0.000000,0.000000,100.000000,0.250000,ns3-simulated/trace-derived
kv_competitor,L2R,130.250000,130.500000,130.375000,0.000000,0.000000,0.000000,100.000000,0.250000,ns3-simulated/trace-derived
kv_competitor,L2R,130.500000,130.750000,130.625000,0.000000,0.000000,0.000000,100.000000,0.250000,ns3-simulated/trace-derived
kv_competitor,L2R,130.750000,131.000000,130.875000,0.000000,0.000000,0.000000,100.000000,0.250000,ns3-simulated/trace-derived
kv_competitor,L2R,131.000000,131.250000,131.125000,0.000000,0.000000,0.000000,100.000000,0.250000,ns3-simulated/trace-derived
kv_competitor,L2R,131.250000,131.500000,131.375000,0.000000,0.000000,0.000000,100.000000,0.250000,ns3-simulated/trace-derived
kv_competitor,L2R,131.500000,131.750000,131.625000,0.000000,0.000000,0.000000,100.000000,0.250000,ns3-simulated/trace-derived
kv_competitor,L2R,131.750000,132.000000,131.875000,0.000000,0.000000,0.000000,100.000000,0.250000,ns3-simulated/trace-derived
kv_competitor,L2R,132.000000,132.250000,132.125000,0.000000,0.000000,0.000000,100.000000,0.250000,ns3-simulated/trace-derived
kv_competitor,L2R,132.250000,132.500000,132.375000,0.000000,0.000000,0.000000,100.000000,0.250000,ns3-simulated/trace-derived
kv_competitor,L2R,132.500000,132.750000,132.625000,0.000000,0.000000,0.000000,100.000000,0.250000,ns3-simulated/trace-derived
kv_competitor,L2R,132.750000,133.000000,132.875000,0.000000,0.000000,0.000000,100.000000,0.250000,ns3-simulated/trace-derived
kv_competitor,L2R,133.000000,133.250000,133.125000,0.000000,0.000000,0.000000,100.000000,0.250000,ns3-simulated/trace-derived
kv_competitor,L2R,133.250000,133.500000,133.375000,0.000000,0.000000,0.000000,100.000000,0.250000,ns3-simulated/trace-derived
kv_competitor,L2R,133.500000,133.750000,133.625000,0.000000,0.000000,0.000000,100.000000,0.250000,ns3-simulated/trace-derived
kv_competitor,L2R,133.750000,134.000000,133.875000,0.000000,0.000000,0.000000,100.000000,0.250000,ns3-simulated/trace-derived
kv_competitor,L2R,134.000000,134.250000,134.125000,0.000000,0.000000,0.000000,100.000000,0.250000,ns3-simulated/trace-derived
kv_competitor,L2R,134.250000,134.500000,134.375000,0.000000,0.000000,0.000000,100.000000,0.250000,ns3-simulated/trace-derived
kv_competitor,L2R,134.500000,134.750000,134.625000,0.000000,0.000000,0.000000,100.000000,0.250000,ns3-simulated/trace-derived
kv_competitor,L2R,134.750000,135.000000,134.875000,0.000000,0.000000,0.000000,100.000000,0.250000,ns3-simulated/trace-derived
kv_competitor,L2R,135.000000,135.250000,135.125000,0.000000,0.000000,0.000000,100.000000,0.250000,ns3-simulated/trace-derived
kv_competitor,L2R,135.250000,135.500000,135.375000,0.000000,0.000000,0.000000,100.000000,0.250000,ns3-simulated/trace-derived
kv_competitor,L2R,135.500000,135.750000,135.625000,0.000000,0.000000,0.000000,100.000000,0.250000,ns3-simulated/trace-derived
kv_competitor,L2R,135.750000,136.000000,135.875000,0.000000,0.000000,0.000000,100.000000,0.250000,ns3-simulated/trace-derived
kv_competitor,L2R,136.000000,136.250000,136.125000,0.000000,0.000000,0.000000,100.000000,0.250000,ns3-simulated/trace-derived
kv_competitor,L2R,136.250000,136.500000,136.375000,0.000000,0.000000,0.000000,100.000000,0.250000,ns3-simulated/trace-derived
kv_competitor,L2R,136.500000,136.750000,136.625000,0.000000,0.000000,0.000000,100.000000,0.250000,ns3-simulated/trace-derived
kv_competitor,L2R,136.750000,137.000000,136.875000,0.000000,0.000000,0.000000,100.000000,0.250000,ns3-simulated/trace-derived
kv_competitor,L2R,137.000000,137.250000,137.125000,0.000000,0.000000,0.000000,100.000000,0.250000,ns3-simulated/trace-derived
kv_competitor,L2R,137.250000,137.500000,137.375000,0.000000,0.000000,0.000000,100.000000,0.250000,ns3-simulated/trace-derived
kv_competitor,L2R,137.500000,137.750000,137.625000,0.000000,0.000000,0.000000,100.000000,0.250000,ns3-simulated/trace-derived
kv_competitor,L2R,137.750000,138.000000,137.875000,0.000000,0.000000,0.000000,100.000000,0.250000,ns3-simulated/trace-derived
kv_competitor,L2R,138.000000,138.250000,138.125000,0.000000,0.000000,0.000000,100.000000,0.250000,ns3-simulated/trace-derived
kv_competitor,L2R,138.250000,138.500000,138.375000,0.000000,0.000000,0.000000,100.000000,0.250000,ns3-simulated/trace-derived
kv_competitor,L2R,138.500000,138.750000,138.625000,0.000000,0.000000,0.000000,100.000000,0.250000,ns3-simulated/trace-derived
kv_competitor,L2R,138.750000,139.000000,138.875000,0.000000,0.000000,0.000000,100.000000,0.250000,ns3-simulated/trace-derived
kv_competitor,L2R,139.000000,139.250000,139.125000,0.000000,0.000000,0.000000,100.000000,0.250000,ns3-simulated/trace-derived
kv_competitor,L2R,139.250000,139.500000,139.375000,0.000000,0.000000,0.000000,100.000000,0.250000,ns3-simulated/trace-derived
kv_competitor,L2R,139.500000,139.750000,139.625000,0.000000,0.000000,0.000000,100.000000,0.250000,ns3-simulated/trace-derived
kv_competitor,L2R,139.750000,140.000000,139.875000,0.000000,0.000000,0.000000,100.000000,0.250000,ns3-simulated/trace-derived
kv_competitor,L2R,140.000000,140.250000,140.125000,0.000000,0.000000,0.000000,100.000000,0.250000,ns3-simulated/trace-derived
kv_competitor,L2R,140.250000,140.500000,140.375000,0.000000,0.000000,0.000000,100.000000,0.250000,ns3-simulated/trace-derived
kv_competitor,L2R,140.500000,140.750000,140.625000,0.000000,0.000000,0.000000,100.000000,0.250000,ns3-simulated/trace-derived
kv_competitor,L2R,140.750000,141.000000,140.875000,0.000000,0.000000,0.000000,100.000000,0.250000,ns3-simulated/trace-derived
kv_competitor,L2R,141.000000,141.250000,141.125000,0.000000,0.000000,0.000000,100.000000,0.250000,ns3-simulated/trace-derived
kv_competitor,L2R,141.250000,141.500000,141.375000,0.000000,0.000000,0.000000,100.000000,0.250000,ns3-simulated/trace-derived
kv_competitor,L2R,141.500000,141.750000,141.625000,0.000000,0.000000,0.000000,100.000000,0.250000,ns3-simulated/trace-derived
kv_competitor,L2R,141.750000,142.000000,141.875000,0.000000,0.000000,0.000000,100.000000,0.250000,ns3-simulated/trace-derived
kv_competitor,L2R,142.000000,142.250000,142.125000,0.000000,0.000000,0.000000,100.000000,0.250000,ns3-simulated/trace-derived
kv_competitor,L2R,142.250000,142.500000,142.375000,0.000000,0.000000,0.000000,100.000000,0.250000,ns3-simulated/trace-derived
kv_competitor,L2R,142.500000,142.750000,142.625000,0.000000,0.000000,0.000000,100.000000,0.250000,ns3-simulated/trace-derived
kv_competitor,L2R,142.750000,143.000000,142.875000,0.000000,0.000000,0.000000,100.000000,0.250000,ns3-simulated/trace-derived
kv_competitor,L2R,143.000000,143.250000,143.125000,0.000000,0.000000,0.000000,100.000000,0.250000,ns3-simulated/trace-derived
kv_competitor,L2R,143.250000,143.500000,143.375000,0.000000,0.000000,0.000000,100.000000,0.250000,ns3-simulated/trace-derived
kv_competitor,L2R,143.500000,143.750000,143.625000,0.000000,0.000000,0.000000,100.000000,0.250000,ns3-simulated/trace-derived
kv_competitor,L2R,143.750000,144.000000,143.875000,0.000000,0.000000,0.000000,100.000000,0.250000,ns3-simulated/trace-derived
kv_competitor,L2R,144.000000,144.250000,144.125000,0.000000,0.000000,0.000000,100.000000,0.250000,ns3-simulated/trace-derived
kv_competitor,L2R,144.250000,144.500000,144.375000,0.000000,0.000000,0.000000,100.000000,0.250000,ns3-simulated/trace-derived
kv_competitor,L2R,144.500000,144.750000,144.625000,0.000000,0.000000,0.000000,100.000000,0.250000,ns3-simulated/trace-derived
kv_competitor,L2R,144.750000,145.000000,144.875000,0.000000,0.000000,0.000000,100.000000,0.250000,ns3-simulated/trace-derived
kv_competitor,L2R,145.000000,145.250000,145.125000,0.000000,0.000000,0.000000,100.000000,0.250000,ns3-simulated/trace-derived
kv_competitor,L2R,145.250000,145.500000,145.375000,0.000000,0.000000,0.000000,100.000000,0.250000,ns3-simulated/trace-derived
kv_competitor,L2R,145.500000,145.750000,145.625000,0.000000,0.000000,0.000000,100.000000,0.250000,ns3-simulated/trace-derived
kv_competitor,L2R,145.750000,146.000000,145.875000,0.000000,0.000000,0.000000,100.000000,0.250000,ns3-simulated/trace-derived
kv_competitor,L2R,146.000000,146.250000,146.125000,0.000000,0.000000,0.000000,100.000000,0.250000,ns3-simulated/trace-derived
kv_competitor,L2R,146.250000,146.500000,146.375000,0.000000,0.000000,0.000000,100.000000,0.250000,ns3-simulated/trace-derived
kv_competitor,L2R,146.500000,146.750000,146.625000,0.000000,0.000000,0.000000,100.000000,0.250000,ns3-simulated/trace-derived
kv_competitor,L2R,146.750000,147.000000,146.875000,0.000000,0.000000,0.000000,100.000000,0.250000,ns3-simulated/trace-derived
kv_competitor,L2R,147.000000,147.250000,147.125000,0.000000,0.000000,0.000000,100.000000,0.250000,ns3-simulated/trace-derived
kv_competitor,L2R,147.250000,147.500000,147.375000,0.000000,0.000000,0.000000,100.000000,0.250000,ns3-simulated/trace-derived
kv_competitor,L2R,147.500000,147.750000,147.625000,0.000000,0.000000,0.000000,100.000000,0.250000,ns3-simulated/trace-derived
kv_competitor,L2R,147.750000,148.000000,147.875000,0.000000,0.000000,0.000000,100.000000,0.250000,ns3-simulated/trace-derived
kv_competitor,L2R,148.000000,148.250000,148.125000,0.000000,0.000000,0.000000,100.000000,0.250000,ns3-simulated/trace-derived
kv_competitor,L2R,148.250000,148.500000,148.375000,0.000000,0.000000,0.000000,100.000000,0.250000,ns3-simulated/trace-derived
kv_competitor,L2R,148.500000,148.750000,148.625000,0.000000,0.000000,0.000000,100.000000,0.250000,ns3-simulated/trace-derived
kv_competitor,L2R,148.750000,149.000000,148.875000,0.000000,0.000000,0.000000,100.000000,0.250000,ns3-simulated/trace-derived
kv_competitor,L2R,149.000000,149.250000,149.125000,0.000000,0.000000,0.000000,100.000000,0.250000,ns3-simulated/trace-derived
kv_competitor,L2R,149.250000,149.500000,149.375000,0.000000,0.000000,0.000000,100.000000,0.250000,ns3-simulated/trace-derived
kv_competitor,L2R,149.500000,149.750000,149.625000,0.000000,0.000000,0.000000,100.000000,0.250000,ns3-simulated/trace-derived
kv_competitor,L2R,149.750000,150.000000,149.875000,0.000000,0.000000,0.000000,100.000000,0.250000,ns3-simulated/trace-derived
kv_competitor,L2R,150.000000,150.250000,150.125000,0.000000,0.000000,0.000000,100.000000,0.250000,ns3-simulated/trace-derived
kv_competitor,L2R,150.250000,150.500000,150.375000,0.000000,0.000000,0.000000,100.000000,0.250000,ns3-simulated/trace-derived
kv_competitor,L2R,150.500000,150.750000,150.625000,0.000000,0.000000,0.000000,100.000000,0.250000,ns3-simulated/trace-derived
kv_competitor,L2R,150.750000,151.000000,150.875000,0.000000,0.000000,0.000000,100.000000,0.250000,ns3-simulated/trace-derived
kv_competitor,L2R,151.000000,151.250000,151.125000,0.000000,0.000000,0.000000,100.000000,0.250000,ns3-simulated/trace-derived
kv_competitor,L2R,151.250000,151.500000,151.375000,0.000000,0.000000,0.000000,100.000000,0.250000,ns3-simulated/trace-derived
kv_competitor,L2R,151.500000,151.750000,151.625000,0.000000,0.000000,0.000000,100.000000,0.250000,ns3-simulated/trace-derived
kv_competitor,L2R,151.750000,152.000000,151.875000,0.000000,0.000000,0.000000,100.000000,0.250000,ns3-simulated/trace-derived
kv_competitor,L2R,152.000000,152.250000,152.125000,0.000000,0.000000,0.000000,100.000000,0.250000,ns3-simulated/trace-derived
kv_competitor,L2R,152.250000,152.500000,152.375000,0.000000,0.000000,0.000000,100.000000,0.250000,ns3-simulated/trace-derived
kv_competitor,L2R,152.500000,152.750000,152.625000,0.000000,0.000000,0.000000,100.000000,0.250000,ns3-simulated/trace-derived
kv_competitor,L2R,152.750000,153.000000,152.875000,0.000000,0.000000,0.000000,100.000000,0.250000,ns3-simulated/trace-derived
kv_competitor,L2R,153.000000,153.250000,153.125000,0.000000,0.000000,0.000000,100.000000,0.250000,ns3-simulated/trace-derived
kv_competitor,L2R,153.250000,153.500000,153.375000,0.000000,0.000000,0.000000,100.000000,0.250000,ns3-simulated/trace-derived
kv_competitor,L2R,153.500000,153.750000,153.625000,0.000000,0.000000,0.000000,100.000000,0.250000,ns3-simulated/trace-derived
kv_competitor,L2R,153.750000,154.000000,153.875000,0.000000,0.000000,0.000000,100.000000,0.250000,ns3-simulated/trace-derived
kv_competitor,L2R,154.000000,154.250000,154.125000,0.000000,0.000000,0.000000,100.000000,0.250000,ns3-simulated/trace-derived
kv_competitor,L2R,154.250000,154.500000,154.375000,0.000000,0.000000,0.000000,100.000000,0.250000,ns3-simulated/trace-derived
kv_competitor,L2R,154.500000,154.750000,154.625000,0.000000,0.000000,0.000000,100.000000,0.250000,ns3-simulated/trace-derived
kv_competitor,L2R,154.750000,155.000000,154.875000,0.000000,0.000000,0.000000,100.000000,0.250000,ns3-simulated/trace-derived
kv_competitor,L2R,155.000000,155.250000,155.125000,0.000000,0.000000,0.000000,100.000000,0.250000,ns3-simulated/trace-derived
kv_competitor,L2R,155.250000,155.500000,155.375000,0.000000,0.000000,0.000000,100.000000,0.250000,ns3-simulated/trace-derived
kv_competitor,L2R,155.500000,155.750000,155.625000,0.000000,0.000000,0.000000,100.000000,0.250000,ns3-simulated/trace-derived
kv_competitor,L2R,155.750000,156.000000,155.875000,0.000000,0.000000,0.000000,100.000000,0.250000,ns3-simulated/trace-derived
kv_competitor,L2R,156.000000,156.250000,156.125000,0.000000,0.000000,0.000000,100.000000,0.250000,ns3-simulated/trace-derived
kv_competitor,L2R,156.250000,156.500000,156.375000,0.000000,0.000000,0.000000,100.000000,0.250000,ns3-simulated/trace-derived
kv_competitor,L2R,156.500000,156.750000,156.625000,0.000000,0.000000,0.000000,100.000000,0.250000,ns3-simulated/trace-derived
kv_competitor,L2R,156.750000,157.000000,156.875000,0.000000,0.000000,0.000000,100.000000,0.250000,ns3-simulated/trace-derived
kv_competitor,L2R,157.000000,157.250000,157.125000,0.000000,0.000000,0.000000,100.000000,0.250000,ns3-simulated/trace-derived
kv_competitor,L2R,157.250000,157.500000,157.375000,0.000000,0.000000,0.000000,100.000000,0.250000,ns3-simulated/trace-derived
kv_competitor,L2R,157.500000,157.750000,157.625000,0.000000,0.000000,0.000000,100.000000,0.250000,ns3-simulated/trace-derived
kv_competitor,L2R,157.750000,158.000000,157.875000,0.000000,0.000000,0.000000,100.000000,0.250000,ns3-simulated/trace-derived
kv_competitor,L2R,158.000000,158.250000,158.125000,0.000000,0.000000,0.000000,100.000000,0.250000,ns3-simulated/trace-derived
kv_competitor,L2R,158.250000,158.500000,158.375000,0.000000,0.000000,0.000000,100.000000,0.250000,ns3-simulated/trace-derived
kv_competitor,L2R,158.500000,158.750000,158.625000,0.000000,0.000000,0.000000,100.000000,0.250000,ns3-simulated/trace-derived
kv_competitor,L2R,158.750000,159.000000,158.875000,0.000000,0.000000,0.000000,100.000000,0.250000,ns3-simulated/trace-derived
kv_competitor,L2R,159.000000,159.250000,159.125000,0.000000,0.000000,0.000000,100.000000,0.250000,ns3-simulated/trace-derived
kv_competitor,L2R,159.250000,159.500000,159.375000,0.000000,0.000000,0.000000,100.000000,0.250000,ns3-simulated/trace-derived
kv_competitor,L2R,159.500000,159.750000,159.625000,0.000000,0.000000,0.000000,100.000000,0.250000,ns3-simulated/trace-derived
kv_competitor,L2R,159.750000,160.000000,159.875000,0.000000,0.000000,0.000000,100.000000,0.250000,ns3-simulated/trace-derived
kv_competitor,L2R,160.000000,160.250000,160.125000,0.000000,0.000000,0.000000,100.000000,0.250000,ns3-simulated/trace-derived
kv_competitor,L2R,160.250000,160.500000,160.375000,0.000000,0.000000,0.000000,100.000000,0.250000,ns3-simulated/trace-derived
kv_competitor,L2R,160.500000,160.750000,160.625000,0.000000,0.000000,0.000000,100.000000,0.250000,ns3-simulated/trace-derived
kv_competitor,L2R,160.750000,161.000000,160.875000,0.000000,0.000000,0.000000,100.000000,0.250000,ns3-simulated/trace-derived
kv_competitor,L2R,161.000000,161.250000,161.125000,0.000000,0.000000,0.000000,100.000000,0.250000,ns3-simulated/trace-derived
kv_competitor,L2R,161.250000,161.500000,161.375000,0.000000,0.000000,0.000000,100.000000,0.250000,ns3-simulated/trace-derived
kv_competitor,L2R,161.500000,161.750000,161.625000,0.000000,0.000000,0.000000,100.000000,0.250000,ns3-simulated/trace-derived
kv_competitor,L2R,161.750000,162.000000,161.875000,0.000000,0.000000,0.000000,100.000000,0.250000,ns3-simulated/trace-derived
kv_competitor,L2R,162.000000,162.250000,162.125000,0.000000,0.000000,0.000000,100.000000,0.250000,ns3-simulated/trace-derived
kv_competitor,L2R,162.250000,162.500000,162.375000,0.000000,0.000000,0.000000,100.000000,0.250000,ns3-simulated/trace-derived
kv_competitor,L2R,162.500000,162.750000,162.625000,0.000000,0.000000,0.000000,100.000000,0.250000,ns3-simulated/trace-derived
kv_competitor,L2R,162.750000,163.000000,162.875000,0.000000,0.000000,0.000000,100.000000,0.250000,ns3-simulated/trace-derived
kv_competitor,L2R,163.000000,163.250000,163.125000,0.000000,0.000000,0.000000,100.000000,0.250000,ns3-simulated/trace-derived
kv_competitor,L2R,163.250000,163.500000,163.375000,0.000000,0.000000,0.000000,100.000000,0.250000,ns3-simulated/trace-derived
kv_competitor,L2R,163.500000,163.750000,163.625000,0.000000,0.000000,0.000000,100.000000,0.250000,ns3-simulated/trace-derived
kv_competitor,L2R,163.750000,164.000000,163.875000,0.000000,0.000000,0.000000,100.000000,0.250000,ns3-simulated/trace-derived
kv_competitor,L2R,164.000000,164.250000,164.125000,0.000000,0.000000,0.000000,100.000000,0.250000,ns3-simulated/trace-derived
kv_competitor,L2R,164.250000,164.500000,164.375000,0.000000,0.000000,0.000000,100.000000,0.250000,ns3-simulated/trace-derived
kv_competitor,L2R,164.500000,164.750000,164.625000,0.000000,0.000000,0.000000,100.000000,0.250000,ns3-simulated/trace-derived
kv_competitor,L2R,164.750000,165.000000,164.875000,0.000000,0.000000,0.000000,100.000000,0.250000,ns3-simulated/trace-derived
kv_competitor,L2R,165.000000,165.250000,165.125000,0.000000,0.000000,0.000000,100.000000,0.250000,ns3-simulated/trace-derived
kv_competitor,L2R,165.250000,165.500000,165.375000,0.000000,0.000000,0.000000,100.000000,0.250000,ns3-simulated/trace-derived
kv_competitor,L2R,165.500000,165.750000,165.625000,0.000000,0.000000,0.000000,100.000000,0.250000,ns3-simulated/trace-derived
kv_competitor,L2R,165.750000,166.000000,165.875000,0.000000,0.000000,0.000000,100.000000,0.250000,ns3-simulated/trace-derived
kv_competitor,L2R,166.000000,166.250000,166.125000,0.000000,0.000000,0.000000,100.000000,0.250000,ns3-simulated/trace-derived
kv_competitor,L2R,166.250000,166.500000,166.375000,0.000000,0.000000,0.000000,100.000000,0.250000,ns3-simulated/trace-derived
kv_competitor,L2R,166.500000,166.750000,166.625000,0.000000,0.000000,0.000000,100.000000,0.250000,ns3-simulated/trace-derived
kv_competitor,L2R,166.750000,167.000000,166.875000,0.000000,0.000000,0.000000,100.000000,0.250000,ns3-simulated/trace-derived
kv_competitor,L2R,167.000000,167.250000,167.125000,0.000000,0.000000,0.000000,100.000000,0.250000,ns3-simulated/trace-derived
kv_competitor,L2R,167.250000,167.500000,167.375000,0.000000,0.000000,0.000000,100.000000,0.250000,ns3-simulated/trace-derived
kv_competitor,L2R,167.500000,167.750000,167.625000,0.000000,0.000000,0.000000,100.000000,0.250000,ns3-simulated/trace-derived
kv_competitor,L2R,167.750000,168.000000,167.875000,0.000000,0.000000,0.000000,100.000000,0.250000,ns3-simulated/trace-derived
kv_competitor,L2R,168.000000,168.250000,168.125000,0.000000,0.000000,0.000000,100.000000,0.250000,ns3-simulated/trace-derived
kv_competitor,L2R,168.250000,168.500000,168.375000,0.000000,0.000000,0.000000,100.000000,0.250000,ns3-simulated/trace-derived
kv_competitor,L2R,168.500000,168.750000,168.625000,0.000000,0.000000,0.000000,100.000000,0.250000,ns3-simulated/trace-derived
kv_competitor,L2R,168.750000,169.000000,168.875000,0.000000,0.000000,0.000000,100.000000,0.250000,ns3-simulated/trace-derived
kv_competitor,L2R,169.000000,169.250000,169.125000,0.000000,0.000000,0.000000,100.000000,0.250000,ns3-simulated/trace-derived
kv_competitor,L2R,169.250000,169.500000,169.375000,0.000000,0.000000,0.000000,100.000000,0.250000,ns3-simulated/trace-derived
kv_competitor,L2R,169.500000,169.750000,169.625000,0.000000,0.000000,0.000000,100.000000,0.250000,ns3-simulated/trace-derived
kv_competitor,L2R,169.750000,170.000000,169.875000,0.000000,0.000000,0.000000,100.000000,0.250000,ns3-simulated/trace-derived
kv_competitor,L2R,170.000000,170.250000,170.125000,0.000000,0.000000,0.000000,100.000000,0.250000,ns3-simulated/trace-derived
kv_competitor,L2R,170.250000,170.500000,170.375000,0.000000,0.000000,0.000000,100.000000,0.250000,ns3-simulated/trace-derived
kv_competitor,L2R,170.500000,170.750000,170.625000,0.000000,0.000000,0.000000,100.000000,0.250000,ns3-simulated/trace-derived
kv_competitor,L2R,170.750000,171.000000,170.875000,0.000000,0.000000,0.000000,100.000000,0.250000,ns3-simulated/trace-derived
kv_competitor,L2R,171.000000,171.250000,171.125000,0.000000,0.000000,0.000000,100.000000,0.250000,ns3-simulated/trace-derived
kv_competitor,L2R,171.250000,171.500000,171.375000,0.000000,0.000000,0.000000,100.000000,0.250000,ns3-simulated/trace-derived
kv_competitor,L2R,171.500000,171.750000,171.625000,0.000000,0.000000,0.000000,100.000000,0.250000,ns3-simulated/trace-derived
kv_competitor,L2R,171.750000,172.000000,171.875000,0.000000,0.000000,0.000000,100.000000,0.250000,ns3-simulated/trace-derived
kv_competitor,L2R,172.000000,172.250000,172.125000,0.000000,0.000000,0.000000,100.000000,0.250000,ns3-simulated/trace-derived
kv_competitor,L2R,172.250000,172.500000,172.375000,0.000000,0.000000,0.000000,100.000000,0.250000,ns3-simulated/trace-derived
kv_competitor,L2R,172.500000,172.750000,172.625000,0.000000,0.000000,0.000000,100.000000,0.250000,ns3-simulated/trace-derived
kv_competitor,L2R,172.750000,173.000000,172.875000,0.000000,0.000000,0.000000,100.000000,0.250000,ns3-simulated/trace-derived
kv_competitor,L2R,173.000000,173.250000,173.125000,0.000000,0.000000,0.000000,100.000000,0.250000,ns3-simulated/trace-derived
kv_competitor,L2R,173.250000,173.500000,173.375000,0.000000,0.000000,0.000000,100.000000,0.250000,ns3-simulated/trace-derived
kv_competitor,L2R,173.500000,173.750000,173.625000,0.000000,0.000000,0.000000,100.000000,0.250000,ns3-simulated/trace-derived
kv_competitor,L2R,173.750000,174.000000,173.875000,0.000000,0.000000,0.000000,100.000000,0.250000,ns3-simulated/trace-derived
kv_competitor,L2R,174.000000,174.250000,174.125000,0.000000,0.000000,0.000000,100.000000,0.250000,ns3-simulated/trace-derived
kv_competitor,L2R,174.250000,174.500000,174.375000,0.000000,0.000000,0.000000,100.000000,0.250000,ns3-simulated/trace-derived
kv_competitor,L2R,174.500000,174.750000,174.625000,0.000000,0.000000,0.000000,100.000000,0.250000,ns3-simulated/trace-derived
kv_competitor,L2R,174.750000,175.000000,174.875000,0.000000,0.000000,0.000000,100.000000,0.250000,ns3-simulated/trace-derived
kv_competitor,L2R,175.000000,175.250000,175.125000,0.000000,0.000000,0.000000,100.000000,0.250000,ns3-simulated/trace-derived
kv_competitor,L2R,175.250000,175.500000,175.375000,0.000000,0.000000,0.000000,100.000000,0.250000,ns3-simulated/trace-derived
kv_competitor,L2R,175.500000,175.750000,175.625000,0.000000,0.000000,0.000000,100.000000,0.250000,ns3-simulated/trace-derived
kv_competitor,L2R,175.750000,176.000000,175.875000,0.000000,0.000000,0.000000,100.000000,0.250000,ns3-simulated/trace-derived
kv_competitor,L2R,176.000000,176.250000,176.125000,0.000000,0.000000,0.000000,100.000000,0.250000,ns3-simulated/trace-derived
kv_competitor,L2R,176.250000,176.500000,176.375000,0.000000,0.000000,0.000000,100.000000,0.250000,ns3-simulated/trace-derived
kv_competitor,L2R,176.500000,176.750000,176.625000,0.000000,0.000000,0.000000,100.000000,0.250000,ns3-simulated/trace-derived
kv_competitor,L2R,176.750000,177.000000,176.875000,0.000000,0.000000,0.000000,100.000000,0.250000,ns3-simulated/trace-derived
kv_competitor,L2R,177.000000,177.250000,177.125000,0.000000,0.000000,0.000000,100.000000,0.250000,ns3-simulated/trace-derived
kv_competitor,L2R,177.250000,177.500000,177.375000,0.000000,0.000000,0.000000,100.000000,0.250000,ns3-simulated/trace-derived
kv_competitor,L2R,177.500000,177.750000,177.625000,0.000000,0.000000,0.000000,100.000000,0.250000,ns3-simulated/trace-derived
kv_competitor,L2R,177.750000,178.000000,177.875000,0.000000,0.000000,0.000000,100.000000,0.250000,ns3-simulated/trace-derived
kv_competitor,L2R,178.000000,178.250000,178.125000,0.000000,0.000000,0.000000,100.000000,0.250000,ns3-simulated/trace-derived
kv_competitor,L2R,178.250000,178.500000,178.375000,0.000000,0.000000,0.000000,100.000000,0.250000,ns3-simulated/trace-derived
kv_competitor,L2R,178.500000,178.750000,178.625000,0.000000,0.000000,0.000000,100.000000,0.250000,ns3-simulated/trace-derived
kv_competitor,L2R,178.750000,179.000000,178.875000,0.000000,0.000000,0.000000,100.000000,0.250000,ns3-simulated/trace-derived
kv_competitor,L2R,179.000000,179.250000,179.125000,0.000000,0.000000,0.000000,100.000000,0.250000,ns3-simulated/trace-derived
kv_competitor,L2R,179.250000,179.500000,179.375000,0.000000,0.000000,0.000000,100.000000,0.250000,ns3-simulated/trace-derived
kv_competitor,L2R,179.500000,179.750000,179.625000,0.000000,0.000000,0.000000,100.000000,0.250000,ns3-simulated/trace-derived
kv_competitor,L2R,179.750000,180.000000,179.875000,0.000000,0.000000,0.000000,100.000000,0.250000,ns3-simulated/trace-derived
kv_competitor,L2R,180.000000,180.250000,180.125000,0.000000,0.000000,0.000000,100.000000,0.250000,ns3-simulated/trace-derived
kv_competitor,L2R,180.250000,180.500000,180.375000,0.000000,0.000000,0.000000,100.000000,0.250000,ns3-simulated/trace-derived
kv_competitor,L2R,180.500000,180.750000,180.625000,0.000000,0.000000,0.000000,100.000000,0.250000,ns3-simulated/trace-derived
kv_competitor,L2R,180.750000,181.000000,180.875000,0.000000,0.000000,0.000000,100.000000,0.250000,ns3-simulated/trace-derived
kv_competitor,L2R,181.000000,181.250000,181.125000,0.000000,0.000000,0.000000,100.000000,0.250000,ns3-simulated/trace-derived
kv_competitor,L2R,181.250000,181.500000,181.375000,0.000000,0.000000,0.000000,100.000000,0.250000,ns3-simulated/trace-derived
kv_competitor,L2R,181.500000,181.750000,181.625000,0.000000,0.000000,0.000000,100.000000,0.250000,ns3-simulated/trace-derived
kv_competitor,L2R,181.750000,182.000000,181.875000,0.000000,0.000000,0.000000,100.000000,0.250000,ns3-simulated/trace-derived
kv_competitor,L2R,182.000000,182.250000,182.125000,0.000000,0.000000,0.000000,100.000000,0.250000,ns3-simulated/trace-derived
kv_competitor,L2R,182.250000,182.500000,182.375000,0.000000,0.000000,0.000000,100.000000,0.250000,ns3-simulated/trace-derived
kv_competitor,L2R,182.500000,182.750000,182.625000,0.000000,0.000000,0.000000,100.000000,0.250000,ns3-simulated/trace-derived
kv_competitor,L2R,182.750000,183.000000,182.875000,0.000000,0.000000,0.000000,100.000000,0.250000,ns3-simulated/trace-derived
kv_competitor,L2R,183.000000,183.250000,183.125000,0.000000,0.000000,0.000000,100.000000,0.250000,ns3-simulated/trace-derived
kv_competitor,L2R,183.250000,183.500000,183.375000,0.000000,0.000000,0.000000,100.000000,0.250000,ns3-simulated/trace-derived
kv_competitor,L2R,183.500000,183.750000,183.625000,0.000000,0.000000,0.000000,100.000000,0.250000,ns3-simulated/trace-derived
kv_competitor,L2R,183.750000,184.000000,183.875000,0.000000,0.000000,0.000000,100.000000,0.250000,ns3-simulated/trace-derived
kv_competitor,L2R,184.000000,184.250000,184.125000,0.000000,0.000000,0.000000,100.000000,0.250000,ns3-simulated/trace-derived
kv_competitor,L2R,184.250000,184.500000,184.375000,0.000000,0.000000,0.000000,100.000000,0.250000,ns3-simulated/trace-derived
kv_competitor,L2R,184.500000,184.750000,184.625000,0.000000,0.000000,0.000000,100.000000,0.250000,ns3-simulated/trace-derived
kv_competitor,L2R,184.750000,185.000000,184.875000,0.000000,0.000000,0.000000,100.000000,0.250000,ns3-simulated/trace-derived
kv_competitor,L2R,185.000000,185.250000,185.125000,0.000000,0.000000,0.000000,100.000000,0.250000,ns3-simulated/trace-derived
kv_competitor,L2R,185.250000,185.500000,185.375000,0.000000,0.000000,0.000000,100.000000,0.250000,ns3-simulated/trace-derived
kv_competitor,L2R,185.500000,185.750000,185.625000,0.000000,0.000000,0.000000,100.000000,0.250000,ns3-simulated/trace-derived
kv_competitor,L2R,185.750000,186.000000,185.875000,0.000000,0.000000,0.000000,100.000000,0.250000,ns3-simulated/trace-derived
kv_competitor,L2R,186.000000,186.250000,186.125000,0.000000,0.000000,0.000000,100.000000,0.250000,ns3-simulated/trace-derived
kv_competitor,L2R,186.250000,186.500000,186.375000,0.000000,0.000000,0.000000,100.000000,0.250000,ns3-simulated/trace-derived
kv_competitor,L2R,186.500000,186.750000,186.625000,0.000000,0.000000,0.000000,100.000000,0.250000,ns3-simulated/trace-derived
kv_competitor,L2R,186.750000,187.000000,186.875000,0.000000,0.000000,0.000000,100.000000,0.250000,ns3-simulated/trace-derived
kv_competitor,L2R,187.000000,187.250000,187.125000,0.000000,0.000000,0.000000,100.000000,0.250000,ns3-simulated/trace-derived
kv_competitor,L2R,187.250000,187.500000,187.375000,0.000000,0.000000,0.000000,100.000000,0.250000,ns3-simulated/trace-derived
kv_competitor,L2R,187.500000,187.750000,187.625000,0.000000,0.000000,0.000000,100.000000,0.250000,ns3-simulated/trace-derived
kv_competitor,L2R,187.750000,188.000000,187.875000,0.000000,0.000000,0.000000,100.000000,0.250000,ns3-simulated/trace-derived
kv_competitor,L2R,188.000000,188.250000,188.125000,0.000000,0.000000,0.000000,100.000000,0.250000,ns3-simulated/trace-derived
kv_competitor,L2R,188.250000,188.500000,188.375000,0.000000,0.000000,0.000000,100.000000,0.250000,ns3-simulated/trace-derived
kv_competitor,L2R,188.500000,188.750000,188.625000,0.000000,0.000000,0.000000,100.000000,0.250000,ns3-simulated/trace-derived
kv_competitor,L2R,188.750000,189.000000,188.875000,0.000000,0.000000,0.000000,100.000000,0.250000,ns3-simulated/trace-derived
kv_competitor,L2R,189.000000,189.250000,189.125000,0.000000,0.000000,0.000000,100.000000,0.250000,ns3-simulated/trace-derived
kv_competitor,L2R,189.250000,189.500000,189.375000,0.000000,0.000000,0.000000,100.000000,0.250000,ns3-simulated/trace-derived
kv_competitor,L2R,189.500000,189.750000,189.625000,0.000000,0.000000,0.000000,100.000000,0.250000,ns3-simulated/trace-derived
kv_competitor,L2R,189.750000,190.000000,189.875000,0.000000,0.000000,0.000000,100.000000,0.250000,ns3-simulated/trace-derived
kv_competitor,L2R,190.000000,190.250000,190.125000,0.000000,0.000000,0.000000,100.000000,0.250000,ns3-simulated/trace-derived
kv_competitor,L2R,190.250000,190.500000,190.375000,0.000000,0.000000,0.000000,100.000000,0.250000,ns3-simulated/trace-derived
kv_competitor,L2R,190.500000,190.750000,190.625000,0.000000,0.000000,0.000000,100.000000,0.250000,ns3-simulated/trace-derived
kv_competitor,L2R,190.750000,191.000000,190.875000,0.000000,0.000000,0.000000,100.000000,0.250000,ns3-simulated/trace-derived
kv_competitor,L2R,191.000000,191.250000,191.125000,0.000000,0.000000,0.000000,100.000000,0.250000,ns3-simulated/trace-derived
kv_competitor,L2R,191.250000,191.500000,191.375000,0.000000,0.000000,0.000000,100.000000,0.250000,ns3-simulated/trace-derived
kv_competitor,L2R,191.500000,191.750000,191.625000,0.000000,0.000000,0.000000,100.000000,0.250000,ns3-simulated/trace-derived
kv_competitor,L2R,191.750000,192.000000,191.875000,0.000000,0.000000,0.000000,100.000000,0.250000,ns3-simulated/trace-derived
kv_competitor,L2R,192.000000,192.250000,192.125000,0.000000,0.000000,0.000000,100.000000,0.250000,ns3-simulated/trace-derived
kv_competitor,L2R,192.250000,192.500000,192.375000,0.000000,0.000000,0.000000,100.000000,0.250000,ns3-simulated/trace-derived
kv_competitor,L2R,192.500000,192.750000,192.625000,0.000000,0.000000,0.000000,100.000000,0.250000,ns3-simulated/trace-derived
kv_competitor,L2R,192.750000,193.000000,192.875000,0.000000,0.000000,0.000000,100.000000,0.250000,ns3-simulated/trace-derived
kv_competitor,L2R,193.000000,193.250000,193.125000,0.000000,0.000000,0.000000,100.000000,0.250000,ns3-simulated/trace-derived
kv_competitor,L2R,193.250000,193.500000,193.375000,0.000000,0.000000,0.000000,100.000000,0.250000,ns3-simulated/trace-derived
kv_competitor,L2R,193.500000,193.750000,193.625000,0.000000,0.000000,0.000000,100.000000,0.250000,ns3-simulated/trace-derived
kv_competitor,L2R,193.750000,194.000000,193.875000,0.000000,0.000000,0.000000,100.000000,0.250000,ns3-simulated/trace-derived
kv_competitor,L2R,194.000000,194.250000,194.125000,0.000000,0.000000,0.000000,100.000000,0.250000,ns3-simulated/trace-derived
kv_competitor,L2R,194.250000,194.500000,194.375000,0.000000,0.000000,0.000000,100.000000,0.250000,ns3-simulated/trace-derived
kv_competitor,L2R,194.500000,194.750000,194.625000,0.000000,0.000000,0.000000,100.000000,0.250000,ns3-simulated/trace-derived
kv_competitor,L2R,194.750000,195.000000,194.875000,0.000000,0.000000,0.000000,100.000000,0.250000,ns3-simulated/trace-derived
kv_competitor,L2R,195.000000,195.250000,195.125000,0.000000,0.000000,0.000000,100.000000,0.250000,ns3-simulated/trace-derived
kv_competitor,L2R,195.250000,195.500000,195.375000,0.000000,0.000000,0.000000,100.000000,0.250000,ns3-simulated/trace-derived
kv_competitor,L2R,195.500000,195.750000,195.625000,0.000000,0.000000,0.000000,100.000000,0.250000,ns3-simulated/trace-derived
kv_competitor,L2R,195.750000,196.000000,195.875000,0.000000,0.000000,0.000000,100.000000,0.250000,ns3-simulated/trace-derived
kv_competitor,L2R,196.000000,196.250000,196.125000,0.000000,0.000000,0.000000,100.000000,0.250000,ns3-simulated/trace-derived
kv_competitor,L2R,196.250000,196.500000,196.375000,0.000000,0.000000,0.000000,100.000000,0.250000,ns3-simulated/trace-derived
kv_competitor,L2R,196.500000,196.750000,196.625000,0.000000,0.000000,0.000000,100.000000,0.250000,ns3-simulated/trace-derived
kv_competitor,L2R,196.750000,197.000000,196.875000,0.000000,0.000000,0.000000,100.000000,0.250000,ns3-simulated/trace-derived
kv_competitor,L2R,197.000000,197.250000,197.125000,0.000000,0.000000,0.000000,100.000000,0.250000,ns3-simulated/trace-derived
kv_competitor,L2R,197.250000,197.500000,197.375000,0.000000,0.000000,0.000000,100.000000,0.250000,ns3-simulated/trace-derived
kv_competitor,L2R,197.500000,197.750000,197.625000,0.000000,0.000000,0.000000,100.000000,0.250000,ns3-simulated/trace-derived
kv_competitor,L2R,197.750000,198.000000,197.875000,0.000000,0.000000,0.000000,100.000000,0.250000,ns3-simulated/trace-derived
kv_competitor,L2R,198.000000,198.250000,198.125000,0.000000,0.000000,0.000000,100.000000,0.250000,ns3-simulated/trace-derived
kv_competitor,L2R,198.250000,198.500000,198.375000,0.000000,0.000000,0.000000,100.000000,0.250000,ns3-simulated/trace-derived
kv_competitor,L2R,198.500000,198.750000,198.625000,0.000000,0.000000,0.000000,100.000000,0.250000,ns3-simulated/trace-derived
kv_competitor,L2R,198.750000,199.000000,198.875000,0.000000,0.000000,0.000000,100.000000,0.250000,ns3-simulated/trace-derived
kv_competitor,L2R,199.000000,199.250000,199.125000,0.000000,0.000000,0.000000,100.000000,0.250000,ns3-simulated/trace-derived
kv_competitor,L2R,199.250000,199.500000,199.375000,0.000000,0.000000,0.000000,100.000000,0.250000,ns3-simulated/trace-derived
kv_competitor,L2R,199.500000,199.750000,199.625000,0.000000,0.000000,0.000000,100.000000,0.250000,ns3-simulated/trace-derived
kv_competitor,L2R,199.750000,200.000000,199.875000,0.000000,0.000000,0.000000,100.000000,0.250000,ns3-simulated/trace-derived
kv_competitor,L2R,200.000000,200.250000,200.125000,0.000000,0.000000,0.000000,100.000000,0.250000,ns3-simulated/trace-derived
kv_competitor,L2R,200.250000,200.500000,200.375000,0.000000,0.000000,0.000000,100.000000,0.250000,ns3-simulated/trace-derived
kv_competitor,L2R,200.500000,200.750000,200.625000,0.000000,0.000000,0.000000,100.000000,0.250000,ns3-simulated/trace-derived
kv_competitor,L2R,200.750000,201.000000,200.875000,0.000000,0.000000,0.000000,100.000000,0.250000,ns3-simulated/trace-derived
kv_competitor,L2R,201.000000,201.250000,201.125000,0.000000,0.000000,0.000000,100.000000,0.250000,ns3-simulated/trace-derived
kv_competitor,L2R,201.250000,201.500000,201.375000,0.000000,0.000000,0.000000,100.000000,0.250000,ns3-simulated/trace-derived
kv_competitor,L2R,201.500000,201.750000,201.625000,0.000000,0.000000,0.000000,100.000000,0.250000,ns3-simulated/trace-derived
kv_competitor,L2R,201.750000,202.000000,201.875000,0.000000,0.000000,0.000000,100.000000,0.250000,ns3-simulated/trace-derived
kv_competitor,L2R,202.000000,202.250000,202.125000,0.000000,0.000000,0.000000,100.000000,0.250000,ns3-simulated/trace-derived
kv_competitor,L2R,202.250000,202.500000,202.375000,0.000000,0.000000,0.000000,100.000000,0.250000,ns3-simulated/trace-derived
kv_competitor,L2R,202.500000,202.750000,202.625000,0.000000,0.000000,0.000000,100.000000,0.250000,ns3-simulated/trace-derived
kv_competitor,L2R,202.750000,203.000000,202.875000,0.000000,0.000000,0.000000,100.000000,0.250000,ns3-simulated/trace-derived
kv_competitor,L2R,203.000000,203.250000,203.125000,0.000000,0.000000,0.000000,100.000000,0.250000,ns3-simulated/trace-derived
kv_competitor,L2R,203.250000,203.500000,203.375000,0.000000,0.000000,0.000000,100.000000,0.250000,ns3-simulated/trace-derived
kv_competitor,L2R,203.500000,203.750000,203.625000,0.000000,0.000000,0.000000,100.000000,0.250000,ns3-simulated/trace-derived
kv_competitor,L2R,203.750000,204.000000,203.875000,0.000000,0.000000,0.000000,100.000000,0.250000,ns3-simulated/trace-derived
kv_competitor,L2R,204.000000,204.250000,204.125000,0.000000,0.000000,0.000000,100.000000,0.250000,ns3-simulated/trace-derived
kv_competitor,L2R,204.250000,204.500000,204.375000,0.000000,0.000000,0.000000,100.000000,0.250000,ns3-simulated/trace-derived
kv_competitor,L2R,204.500000,204.750000,204.625000,0.000000,0.000000,0.000000,100.000000,0.250000,ns3-simulated/trace-derived
kv_competitor,L2R,204.750000,205.000000,204.875000,0.000000,0.000000,0.000000,100.000000,0.250000,ns3-simulated/trace-derived
kv_competitor,L2R,205.000000,205.250000,205.125000,0.000000,0.000000,0.000000,100.000000,0.250000,ns3-simulated/trace-derived
kv_competitor,L2R,205.250000,205.500000,205.375000,0.000000,0.000000,0.000000,100.000000,0.250000,ns3-simulated/trace-derived
kv_competitor,L2R,205.500000,205.750000,205.625000,0.000000,0.000000,0.000000,100.000000,0.250000,ns3-simulated/trace-derived
kv_competitor,L2R,205.750000,206.000000,205.875000,0.000000,0.000000,0.000000,100.000000,0.250000,ns3-simulated/trace-derived
kv_competitor,L2R,206.000000,206.250000,206.125000,0.000000,0.000000,0.000000,100.000000,0.250000,ns3-simulated/trace-derived
kv_competitor,L2R,206.250000,206.500000,206.375000,0.000000,0.000000,0.000000,100.000000,0.250000,ns3-simulated/trace-derived
kv_competitor,L2R,206.500000,206.750000,206.625000,0.000000,0.000000,0.000000,100.000000,0.250000,ns3-simulated/trace-derived
kv_competitor,L2R,206.750000,207.000000,206.875000,0.000000,0.000000,0.000000,100.000000,0.250000,ns3-simulated/trace-derived
kv_competitor,L2R,207.000000,207.250000,207.125000,0.000000,0.000000,0.000000,100.000000,0.250000,ns3-simulated/trace-derived
kv_competitor,L2R,207.250000,207.500000,207.375000,0.000000,0.000000,0.000000,100.000000,0.250000,ns3-simulated/trace-derived
kv_competitor,L2R,207.500000,207.750000,207.625000,0.000000,0.000000,0.000000,100.000000,0.250000,ns3-simulated/trace-derived
kv_competitor,L2R,207.750000,208.000000,207.875000,0.000000,0.000000,0.000000,100.000000,0.250000,ns3-simulated/trace-derived
kv_competitor,L2R,208.000000,208.250000,208.125000,0.000000,0.000000,0.000000,100.000000,0.250000,ns3-simulated/trace-derived
kv_competitor,L2R,208.250000,208.500000,208.375000,0.000000,0.000000,0.000000,100.000000,0.250000,ns3-simulated/trace-derived
kv_competitor,L2R,208.500000,208.750000,208.625000,0.000000,0.000000,0.000000,100.000000,0.250000,ns3-simulated/trace-derived
kv_competitor,L2R,208.750000,209.000000,208.875000,0.000000,0.000000,0.000000,100.000000,0.250000,ns3-simulated/trace-derived
kv_competitor,L2R,209.000000,209.250000,209.125000,0.000000,0.000000,0.000000,100.000000,0.250000,ns3-simulated/trace-derived
kv_competitor,L2R,209.250000,209.500000,209.375000,0.000000,0.000000,0.000000,100.000000,0.250000,ns3-simulated/trace-derived
kv_competitor,L2R,209.500000,209.750000,209.625000,0.000000,0.000000,0.000000,100.000000,0.250000,ns3-simulated/trace-derived
kv_competitor,L2R,209.750000,210.000000,209.875000,0.000000,0.000000,0.000000,100.000000,0.250000,ns3-simulated/trace-derived
kv_competitor,L2R,210.000000,210.250000,210.125000,0.000000,0.000000,0.000000,100.000000,0.250000,ns3-simulated/trace-derived
kv_competitor,L2R,210.250000,210.500000,210.375000,0.000000,0.000000,0.000000,100.000000,0.250000,ns3-simulated/trace-derived
kv_competitor,L2R,210.500000,210.750000,210.625000,0.000000,0.000000,0.000000,100.000000,0.250000,ns3-simulated/trace-derived
kv_competitor,L2R,210.750000,211.000000,210.875000,0.000000,0.000000,0.000000,100.000000,0.250000,ns3-simulated/trace-derived
kv_competitor,L2R,211.000000,211.250000,211.125000,0.000000,0.000000,0.000000,100.000000,0.250000,ns3-simulated/trace-derived
kv_competitor,L2R,211.250000,211.500000,211.375000,0.000000,0.000000,0.000000,100.000000,0.250000,ns3-simulated/trace-derived
kv_competitor,L2R,211.500000,211.750000,211.625000,0.000000,0.000000,0.000000,100.000000,0.250000,ns3-simulated/trace-derived
kv_competitor,L2R,211.750000,212.000000,211.875000,0.000000,0.000000,0.000000,100.000000,0.250000,ns3-simulated/trace-derived
kv_competitor,L2R,212.000000,212.250000,212.125000,0.000000,0.000000,0.000000,100.000000,0.250000,ns3-simulated/trace-derived
kv_competitor,L2R,212.250000,212.500000,212.375000,0.000000,0.000000,0.000000,100.000000,0.250000,ns3-simulated/trace-derived
kv_competitor,L2R,212.500000,212.750000,212.625000,0.000000,0.000000,0.000000,100.000000,0.250000,ns3-simulated/trace-derived
kv_competitor,L2R,212.750000,213.000000,212.875000,0.000000,0.000000,0.000000,100.000000,0.250000,ns3-simulated/trace-derived
kv_competitor,L2R,213.000000,213.250000,213.125000,0.000000,0.000000,0.000000,100.000000,0.250000,ns3-simulated/trace-derived
kv_competitor,L2R,213.250000,213.500000,213.375000,0.000000,0.000000,0.000000,100.000000,0.250000,ns3-simulated/trace-derived
kv_competitor,L2R,213.500000,213.750000,213.625000,0.000000,0.000000,0.000000,100.000000,0.250000,ns3-simulated/trace-derived
kv_competitor,L2R,213.750000,214.000000,213.875000,0.000000,0.000000,0.000000,100.000000,0.250000,ns3-simulated/trace-derived
kv_competitor,L2R,214.000000,214.250000,214.125000,0.000000,0.000000,0.000000,100.000000,0.250000,ns3-simulated/trace-derived
kv_competitor,L2R,214.250000,214.500000,214.375000,0.000000,0.000000,0.000000,100.000000,0.250000,ns3-simulated/trace-derived
kv_competitor,L2R,214.500000,214.750000,214.625000,0.000000,0.000000,0.000000,100.000000,0.250000,ns3-simulated/trace-derived
kv_competitor,L2R,214.750000,215.000000,214.875000,0.000000,0.000000,0.000000,100.000000,0.250000,ns3-simulated/trace-derived
kv_competitor,L2R,215.000000,215.250000,215.125000,0.000000,0.000000,0.000000,100.000000,0.250000,ns3-simulated/trace-derived
kv_competitor,L2R,215.250000,215.500000,215.375000,0.000000,0.000000,0.000000,100.000000,0.250000,ns3-simulated/trace-derived
kv_competitor,L2R,215.500000,215.750000,215.625000,0.000000,0.000000,0.000000,100.000000,0.250000,ns3-simulated/trace-derived
kv_competitor,L2R,215.750000,216.000000,215.875000,0.000000,0.000000,0.000000,100.000000,0.250000,ns3-simulated/trace-derived
kv_competitor,L2R,216.000000,216.250000,216.125000,0.000000,0.000000,0.000000,100.000000,0.250000,ns3-simulated/trace-derived
kv_competitor,L2R,216.250000,216.500000,216.375000,0.000000,0.000000,0.000000,100.000000,0.250000,ns3-simulated/trace-derived
kv_competitor,L2R,216.500000,216.750000,216.625000,0.000000,0.000000,0.000000,100.000000,0.250000,ns3-simulated/trace-derived
kv_competitor,L2R,216.750000,217.000000,216.875000,0.000000,0.000000,0.000000,100.000000,0.250000,ns3-simulated/trace-derived
kv_competitor,L2R,217.000000,217.250000,217.125000,0.000000,0.000000,0.000000,100.000000,0.250000,ns3-simulated/trace-derived
kv_competitor,L2R,217.250000,217.500000,217.375000,0.000000,0.000000,0.000000,100.000000,0.250000,ns3-simulated/trace-derived
kv_competitor,L2R,217.500000,217.750000,217.625000,0.000000,0.000000,0.000000,100.000000,0.250000,ns3-simulated/trace-derived
kv_competitor,L2R,217.750000,218.000000,217.875000,0.000000,0.000000,0.000000,100.000000,0.250000,ns3-simulated/trace-derived
kv_competitor,L2R,218.000000,218.250000,218.125000,0.000000,0.000000,0.000000,100.000000,0.250000,ns3-simulated/trace-derived
kv_competitor,L2R,218.250000,218.500000,218.375000,0.000000,0.000000,0.000000,100.000000,0.250000,ns3-simulated/trace-derived
kv_competitor,L2R,218.500000,218.750000,218.625000,0.000000,0.000000,0.000000,100.000000,0.250000,ns3-simulated/trace-derived
kv_competitor,L2R,218.750000,219.000000,218.875000,0.000000,0.000000,0.000000,100.000000,0.250000,ns3-simulated/trace-derived
kv_competitor,L2R,219.000000,219.250000,219.125000,0.000000,0.000000,0.000000,100.000000,0.250000,ns3-simulated/trace-derived
kv_competitor,L2R,219.250000,219.500000,219.375000,0.000000,0.000000,0.000000,100.000000,0.250000,ns3-simulated/trace-derived
kv_competitor,L2R,219.500000,219.750000,219.625000,0.000000,0.000000,0.000000,100.000000,0.250000,ns3-simulated/trace-derived
kv_competitor,L2R,219.750000,220.000000,219.875000,0.000000,0.000000,0.000000,100.000000,0.250000,ns3-simulated/trace-derived
kv_competitor,L2R,220.000000,220.250000,220.125000,0.000000,0.000000,0.000000,100.000000,0.250000,ns3-simulated/trace-derived
kv_competitor,L2R,220.250000,220.500000,220.375000,0.000000,0.000000,0.000000,100.000000,0.250000,ns3-simulated/trace-derived
kv_competitor,L2R,220.500000,220.750000,220.625000,0.000000,0.000000,0.000000,100.000000,0.250000,ns3-simulated/trace-derived
kv_competitor,L2R,220.750000,221.000000,220.875000,0.000000,0.000000,0.000000,100.000000,0.250000,ns3-simulated/trace-derived
kv_competitor,L2R,221.000000,221.250000,221.125000,0.000000,0.000000,0.000000,100.000000,0.250000,ns3-simulated/trace-derived
kv_competitor,L2R,221.250000,221.500000,221.375000,0.000000,0.000000,0.000000,100.000000,0.250000,ns3-simulated/trace-derived
kv_competitor,L2R,221.500000,221.750000,221.625000,0.000000,0.000000,0.000000,100.000000,0.250000,ns3-simulated/trace-derived
kv_competitor,L2R,221.750000,222.000000,221.875000,0.000000,0.000000,0.000000,100.000000,0.250000,ns3-simulated/trace-derived
kv_competitor,L2R,222.000000,222.250000,222.125000,0.000000,0.000000,0.000000,100.000000,0.250000,ns3-simulated/trace-derived
kv_competitor,L2R,222.250000,222.500000,222.375000,0.000000,0.000000,0.000000,100.000000,0.250000,ns3-simulated/trace-derived
kv_competitor,L2R,222.500000,222.750000,222.625000,0.000000,0.000000,0.000000,100.000000,0.250000,ns3-simulated/trace-derived
kv_competitor,L2R,222.750000,223.000000,222.875000,0.000000,0.000000,0.000000,100.000000,0.250000,ns3-simulated/trace-derived
kv_competitor,L2R,223.000000,223.250000,223.125000,0.000000,0.000000,0.000000,100.000000,0.250000,ns3-simulated/trace-derived
kv_competitor,L2R,223.250000,223.500000,223.375000,0.000000,0.000000,0.000000,100.000000,0.250000,ns3-simulated/trace-derived
kv_competitor,L2R,223.500000,223.750000,223.625000,0.000000,0.000000,0.000000,100.000000,0.250000,ns3-simulated/trace-derived
kv_competitor,L2R,223.750000,224.000000,223.875000,0.000000,0.000000,0.000000,100.000000,0.250000,ns3-simulated/trace-derived
kv_competitor,L2R,224.000000,224.250000,224.125000,0.000000,0.000000,0.000000,100.000000,0.250000,ns3-simulated/trace-derived
kv_competitor,L2R,224.250000,224.500000,224.375000,0.000000,0.000000,0.000000,100.000000,0.250000,ns3-simulated/trace-derived
kv_competitor,L2R,224.500000,224.750000,224.625000,0.000000,0.000000,0.000000,100.000000,0.250000,ns3-simulated/trace-derived
kv_competitor,L2R,224.750000,225.000000,224.875000,0.000000,0.000000,0.000000,100.000000,0.250000,ns3-simulated/trace-derived
kv_competitor,L2R,225.000000,225.250000,225.125000,0.000000,0.000000,0.000000,100.000000,0.250000,ns3-simulated/trace-derived
kv_competitor,L2R,225.250000,225.500000,225.375000,0.000000,0.000000,0.000000,100.000000,0.250000,ns3-simulated/trace-derived
kv_competitor,L2R,225.500000,225.750000,225.625000,0.000000,0.000000,0.000000,100.000000,0.250000,ns3-simulated/trace-derived
kv_competitor,L2R,225.750000,226.000000,225.875000,0.000000,0.000000,0.000000,100.000000,0.250000,ns3-simulated/trace-derived
kv_competitor,L2R,226.000000,226.250000,226.125000,0.000000,0.000000,0.000000,100.000000,0.250000,ns3-simulated/trace-derived
kv_competitor,L2R,226.250000,226.500000,226.375000,0.000000,0.000000,0.000000,100.000000,0.250000,ns3-simulated/trace-derived
kv_competitor,L2R,226.500000,226.750000,226.625000,0.000000,0.000000,0.000000,100.000000,0.250000,ns3-simulated/trace-derived
kv_competitor,L2R,226.750000,227.000000,226.875000,0.000000,0.000000,0.000000,100.000000,0.250000,ns3-simulated/trace-derived
kv_competitor,L2R,227.000000,227.250000,227.125000,0.000000,0.000000,0.000000,100.000000,0.250000,ns3-simulated/trace-derived
kv_competitor,L2R,227.250000,227.500000,227.375000,0.000000,0.000000,0.000000,100.000000,0.250000,ns3-simulated/trace-derived
kv_competitor,L2R,227.500000,227.750000,227.625000,0.000000,0.000000,0.000000,100.000000,0.250000,ns3-simulated/trace-derived
kv_competitor,L2R,227.750000,228.000000,227.875000,0.000000,0.000000,0.000000,100.000000,0.250000,ns3-simulated/trace-derived
kv_competitor,L2R,228.000000,228.250000,228.125000,0.000000,0.000000,0.000000,100.000000,0.250000,ns3-simulated/trace-derived
kv_competitor,L2R,228.250000,228.500000,228.375000,0.000000,0.000000,0.000000,100.000000,0.250000,ns3-simulated/trace-derived
kv_competitor,L2R,228.500000,228.750000,228.625000,0.000000,0.000000,0.000000,100.000000,0.250000,ns3-simulated/trace-derived
kv_competitor,L2R,228.750000,229.000000,228.875000,0.000000,0.000000,0.000000,100.000000,0.250000,ns3-simulated/trace-derived
kv_competitor,L2R,229.000000,229.250000,229.125000,0.000000,0.000000,0.000000,100.000000,0.250000,ns3-simulated/trace-derived
kv_competitor,L2R,229.250000,229.500000,229.375000,0.000000,0.000000,0.000000,100.000000,0.250000,ns3-simulated/trace-derived
kv_competitor,L2R,229.500000,229.750000,229.625000,0.000000,0.000000,0.000000,100.000000,0.250000,ns3-simulated/trace-derived
kv_competitor,L2R,229.750000,230.000000,229.875000,0.000000,0.000000,0.000000,100.000000,0.250000,ns3-simulated/trace-derived
kv_competitor,L2R,230.000000,230.250000,230.125000,0.000000,0.000000,0.000000,100.000000,0.250000,ns3-simulated/trace-derived
kv_competitor,L2R,230.250000,230.500000,230.375000,0.000000,0.000000,0.000000,100.000000,0.250000,ns3-simulated/trace-derived
kv_competitor,L2R,230.500000,230.750000,230.625000,0.000000,0.000000,0.000000,100.000000,0.250000,ns3-simulated/trace-derived
kv_competitor,L2R,230.750000,231.000000,230.875000,0.000000,0.000000,0.000000,100.000000,0.250000,ns3-simulated/trace-derived
kv_competitor,L2R,231.000000,231.250000,231.125000,0.000000,0.000000,0.000000,100.000000,0.250000,ns3-simulated/trace-derived
kv_competitor,L2R,231.250000,231.500000,231.375000,0.000000,0.000000,0.000000,100.000000,0.250000,ns3-simulated/trace-derived
kv_competitor,L2R,231.500000,231.750000,231.625000,0.000000,0.000000,0.000000,100.000000,0.250000,ns3-simulated/trace-derived
kv_competitor,L2R,231.750000,232.000000,231.875000,0.000000,0.000000,0.000000,100.000000,0.250000,ns3-simulated/trace-derived
kv_competitor,L2R,232.000000,232.250000,232.125000,0.000000,0.000000,0.000000,100.000000,0.250000,ns3-simulated/trace-derived
kv_competitor,L2R,232.250000,232.500000,232.375000,0.000000,0.000000,0.000000,100.000000,0.250000,ns3-simulated/trace-derived
kv_competitor,L2R,232.500000,232.750000,232.625000,0.000000,0.000000,0.000000,100.000000,0.250000,ns3-simulated/trace-derived
kv_competitor,L2R,232.750000,233.000000,232.875000,0.000000,0.000000,0.000000,100.000000,0.250000,ns3-simulated/trace-derived
kv_competitor,L2R,233.000000,233.250000,233.125000,0.000000,0.000000,0.000000,100.000000,0.250000,ns3-simulated/trace-derived
kv_competitor,L2R,233.250000,233.500000,233.375000,0.000000,0.000000,0.000000,100.000000,0.250000,ns3-simulated/trace-derived
kv_competitor,L2R,233.500000,233.750000,233.625000,0.000000,0.000000,0.000000,100.000000,0.250000,ns3-simulated/trace-derived
kv_competitor,L2R,233.750000,234.000000,233.875000,0.000000,0.000000,0.000000,100.000000,0.250000,ns3-simulated/trace-derived
kv_competitor,L2R,234.000000,234.250000,234.125000,0.000000,0.000000,0.000000,100.000000,0.250000,ns3-simulated/trace-derived
kv_competitor,L2R,234.250000,234.500000,234.375000,0.000000,0.000000,0.000000,100.000000,0.250000,ns3-simulated/trace-derived
kv_competitor,L2R,234.500000,234.750000,234.625000,0.000000,0.000000,0.000000,100.000000,0.250000,ns3-simulated/trace-derived
kv_competitor,L2R,234.750000,235.000000,234.875000,0.000000,0.000000,0.000000,100.000000,0.250000,ns3-simulated/trace-derived
kv_competitor,L2R,235.000000,235.250000,235.125000,0.000000,0.000000,0.000000,100.000000,0.250000,ns3-simulated/trace-derived
kv_competitor,L2R,235.250000,235.500000,235.375000,0.000000,0.000000,0.000000,100.000000,0.250000,ns3-simulated/trace-derived
kv_competitor,L2R,235.500000,235.750000,235.625000,0.000000,0.000000,0.000000,100.000000,0.250000,ns3-simulated/trace-derived
kv_competitor,L2R,235.750000,236.000000,235.875000,0.000000,0.000000,0.000000,100.000000,0.250000,ns3-simulated/trace-derived
kv_competitor,L2R,236.000000,236.250000,236.125000,0.000000,0.000000,0.000000,100.000000,0.250000,ns3-simulated/trace-derived
kv_competitor,L2R,236.250000,236.500000,236.375000,0.000000,0.000000,0.000000,100.000000,0.250000,ns3-simulated/trace-derived
kv_competitor,L2R,236.500000,236.750000,236.625000,0.000000,0.000000,0.000000,100.000000,0.250000,ns3-simulated/trace-derived
kv_competitor,L2R,236.750000,237.000000,236.875000,0.000000,0.000000,0.000000,100.000000,0.250000,ns3-simulated/trace-derived
kv_competitor,L2R,237.000000,237.250000,237.125000,0.000000,0.000000,0.000000,100.000000,0.250000,ns3-simulated/trace-derived
kv_competitor,L2R,237.250000,237.500000,237.375000,0.000000,0.000000,0.000000,100.000000,0.250000,ns3-simulated/trace-derived
kv_competitor,L2R,237.500000,237.750000,237.625000,0.000000,0.000000,0.000000,100.000000,0.250000,ns3-simulated/trace-derived
kv_competitor,L2R,237.750000,238.000000,237.875000,0.000000,0.000000,0.000000,100.000000,0.250000,ns3-simulated/trace-derived
kv_competitor,L2R,238.000000,238.250000,238.125000,0.000000,0.000000,0.000000,100.000000,0.250000,ns3-simulated/trace-derived
kv_competitor,L2R,238.250000,238.500000,238.375000,0.000000,0.000000,0.000000,100.000000,0.250000,ns3-simulated/trace-derived
kv_competitor,L2R,238.500000,238.750000,238.625000,0.000000,0.000000,0.000000,100.000000,0.250000,ns3-simulated/trace-derived
kv_competitor,L2R,238.750000,239.000000,238.875000,0.000000,0.000000,0.000000,100.000000,0.250000,ns3-simulated/trace-derived
kv_competitor,L2R,239.000000,239.250000,239.125000,0.000000,0.000000,0.000000,100.000000,0.250000,ns3-simulated/trace-derived
kv_competitor,L2R,239.250000,239.500000,239.375000,0.000000,0.000000,0.000000,100.000000,0.250000,ns3-simulated/trace-derived
kv_competitor,L2R,239.500000,239.750000,239.625000,0.000000,0.000000,0.000000,100.000000,0.250000,ns3-simulated/trace-derived
kv_competitor,L2R,239.750000,240.000000,239.875000,0.000000,0.000000,0.000000,100.000000,0.250000,ns3-simulated/trace-derived
kv_competitor,L2R,240.000000,240.250000,240.125000,0.000000,0.000000,0.000000,100.000000,0.250000,ns3-simulated/trace-derived
kv_competitor,L2R,240.250000,240.500000,240.375000,0.000000,0.000000,0.000000,100.000000,0.250000,ns3-simulated/trace-derived
kv_competitor,L2R,240.500000,240.750000,240.625000,0.000000,0.000000,0.000000,100.000000,0.250000,ns3-simulated/trace-derived
kv_competitor,L2R,240.750000,241.000000,240.875000,0.000000,0.000000,0.000000,100.000000,0.250000,ns3-simulated/trace-derived
kv_competitor,L2R,241.000000,241.250000,241.125000,0.000000,0.000000,0.000000,100.000000,0.250000,ns3-simulated/trace-derived
kv_competitor,L2R,241.250000,241.500000,241.375000,0.000000,0.000000,0.000000,100.000000,0.250000,ns3-simulated/trace-derived
kv_competitor,L2R,241.500000,241.750000,241.625000,0.000000,0.000000,0.000000,100.000000,0.250000,ns3-simulated/trace-derived
kv_competitor,L2R,241.750000,242.000000,241.875000,0.000000,0.000000,0.000000,100.000000,0.250000,ns3-simulated/trace-derived
kv_competitor,L2R,242.000000,242.250000,242.125000,0.000000,0.000000,0.000000,100.000000,0.250000,ns3-simulated/trace-derived
kv_competitor,L2R,242.250000,242.500000,242.375000,0.000000,0.000000,0.000000,100.000000,0.250000,ns3-simulated/trace-derived
kv_competitor,L2R,242.500000,242.750000,242.625000,0.000000,0.000000,0.000000,100.000000,0.250000,ns3-simulated/trace-derived
kv_competitor,L2R,242.750000,243.000000,242.875000,0.000000,0.000000,0.000000,100.000000,0.250000,ns3-simulated/trace-derived
kv_competitor,L2R,243.000000,243.250000,243.125000,0.000000,0.000000,0.000000,100.000000,0.250000,ns3-simulated/trace-derived
kv_competitor,L2R,243.250000,243.500000,243.375000,0.000000,0.000000,0.000000,100.000000,0.250000,ns3-simulated/trace-derived
kv_competitor,L2R,243.500000,243.750000,243.625000,0.000000,0.000000,0.000000,100.000000,0.250000,ns3-simulated/trace-derived
kv_competitor,L2R,243.750000,244.000000,243.875000,0.000000,0.000000,0.000000,100.000000,0.250000,ns3-simulated/trace-derived
kv_competitor,L2R,244.000000,244.250000,244.125000,0.000000,0.000000,0.000000,100.000000,0.250000,ns3-simulated/trace-derived
kv_competitor,L2R,244.250000,244.500000,244.375000,0.000000,0.000000,0.000000,100.000000,0.250000,ns3-simulated/trace-derived
kv_competitor,L2R,244.500000,244.750000,244.625000,0.000000,0.000000,0.000000,100.000000,0.250000,ns3-simulated/trace-derived
kv_competitor,L2R,244.750000,245.000000,244.875000,0.000000,0.000000,0.000000,100.000000,0.250000,ns3-simulated/trace-derived
kv_competitor,L2R,245.000000,245.250000,245.125000,0.000000,0.000000,0.000000,100.000000,0.250000,ns3-simulated/trace-derived
kv_competitor,L2R,245.250000,245.500000,245.375000,0.000000,0.000000,0.000000,100.000000,0.250000,ns3-simulated/trace-derived
kv_competitor,L2R,245.500000,245.750000,245.625000,0.000000,0.000000,0.000000,100.000000,0.250000,ns3-simulated/trace-derived
kv_competitor,L2R,245.750000,246.000000,245.875000,0.000000,0.000000,0.000000,100.000000,0.250000,ns3-simulated/trace-derived
kv_competitor,L2R,246.000000,246.250000,246.125000,0.000000,0.000000,0.000000,100.000000,0.250000,ns3-simulated/trace-derived
kv_competitor,L2R,246.250000,246.500000,246.375000,0.000000,0.000000,0.000000,100.000000,0.250000,ns3-simulated/trace-derived
kv_competitor,L2R,246.500000,246.750000,246.625000,0.000000,0.000000,0.000000,100.000000,0.250000,ns3-simulated/trace-derived
kv_competitor,L2R,246.750000,247.000000,246.875000,0.000000,0.000000,0.000000,100.000000,0.250000,ns3-simulated/trace-derived
kv_competitor,L2R,247.000000,247.250000,247.125000,0.000000,0.000000,0.000000,100.000000,0.250000,ns3-simulated/trace-derived
kv_competitor,L2R,247.250000,247.500000,247.375000,0.000000,0.000000,0.000000,100.000000,0.250000,ns3-simulated/trace-derived
kv_competitor,L2R,247.500000,247.750000,247.625000,0.000000,0.000000,0.000000,100.000000,0.250000,ns3-simulated/trace-derived
kv_competitor,L2R,247.750000,248.000000,247.875000,0.000000,0.000000,0.000000,100.000000,0.250000,ns3-simulated/trace-derived
kv_competitor,L2R,248.000000,248.250000,248.125000,0.000000,0.000000,0.000000,100.000000,0.250000,ns3-simulated/trace-derived
kv_competitor,L2R,248.250000,248.500000,248.375000,0.000000,0.000000,0.000000,100.000000,0.250000,ns3-simulated/trace-derived
kv_competitor,L2R,248.500000,248.750000,248.625000,0.000000,0.000000,0.000000,100.000000,0.250000,ns3-simulated/trace-derived
kv_competitor,L2R,248.750000,249.000000,248.875000,0.000000,0.000000,0.000000,100.000000,0.250000,ns3-simulated/trace-derived
kv_competitor,L2R,249.000000,249.250000,249.125000,0.000000,0.000000,0.000000,100.000000,0.250000,ns3-simulated/trace-derived
kv_competitor,L2R,249.250000,249.500000,249.375000,0.000000,0.000000,0.000000,100.000000,0.250000,ns3-simulated/trace-derived
kv_competitor,L2R,249.500000,249.750000,249.625000,0.000000,0.000000,0.000000,100.000000,0.250000,ns3-simulated/trace-derived
kv_competitor,L2R,249.750000,250.000000,249.875000,0.000000,0.000000,0.000000,100.000000,0.250000,ns3-simulated/trace-derived
kv_competitor,L2R,250.000000,250.250000,250.125000,0.000000,0.000000,0.000000,100.000000,0.250000,ns3-simulated/trace-derived
kv_competitor,L2R,250.250000,250.500000,250.375000,0.000000,0.000000,0.000000,100.000000,0.250000,ns3-simulated/trace-derived
kv_competitor,L2R,250.500000,250.750000,250.625000,0.000000,0.000000,0.000000,100.000000,0.250000,ns3-simulated/trace-derived
kv_competitor,L2R,250.750000,251.000000,250.875000,0.000000,0.000000,0.000000,100.000000,0.250000,ns3-simulated/trace-derived
kv_competitor,L2R,251.000000,251.250000,251.125000,0.000000,0.000000,0.000000,100.000000,0.250000,ns3-simulated/trace-derived
kv_competitor,L2R,251.250000,251.500000,251.375000,0.000000,0.000000,0.000000,100.000000,0.250000,ns3-simulated/trace-derived
kv_competitor,L2R,251.500000,251.750000,251.625000,0.000000,0.000000,0.000000,100.000000,0.250000,ns3-simulated/trace-derived
kv_competitor,L2R,251.750000,252.000000,251.875000,0.000000,0.000000,0.000000,100.000000,0.250000,ns3-simulated/trace-derived
kv_competitor,L2R,252.000000,252.250000,252.125000,0.000000,0.000000,0.000000,100.000000,0.250000,ns3-simulated/trace-derived
kv_competitor,L2R,252.250000,252.500000,252.375000,0.000000,0.000000,0.000000,100.000000,0.250000,ns3-simulated/trace-derived
kv_competitor,L2R,252.500000,252.750000,252.625000,0.000000,0.000000,0.000000,100.000000,0.250000,ns3-simulated/trace-derived
kv_competitor,L2R,252.750000,253.000000,252.875000,0.000000,0.000000,0.000000,100.000000,0.250000,ns3-simulated/trace-derived
kv_competitor,L2R,253.000000,253.250000,253.125000,0.000000,0.000000,0.000000,100.000000,0.250000,ns3-simulated/trace-derived
kv_competitor,L2R,253.250000,253.500000,253.375000,0.000000,0.000000,0.000000,100.000000,0.250000,ns3-simulated/trace-derived
kv_competitor,L2R,253.500000,253.750000,253.625000,0.000000,0.000000,0.000000,100.000000,0.250000,ns3-simulated/trace-derived
kv_competitor,L2R,253.750000,254.000000,253.875000,0.000000,0.000000,0.000000,100.000000,0.250000,ns3-simulated/trace-derived
kv_competitor,L2R,254.000000,254.250000,254.125000,0.000000,0.000000,0.000000,100.000000,0.250000,ns3-simulated/trace-derived
kv_competitor,L2R,254.250000,254.500000,254.375000,0.000000,0.000000,0.000000,100.000000,0.250000,ns3-simulated/trace-derived
kv_competitor,L2R,254.500000,254.750000,254.625000,0.000000,0.000000,0.000000,100.000000,0.250000,ns3-simulated/trace-derived
kv_competitor,L2R,254.750000,255.000000,254.875000,0.000000,0.000000,0.000000,100.000000,0.250000,ns3-simulated/trace-derived
kv_competitor,L2R,255.000000,255.250000,255.125000,0.000000,0.000000,0.000000,100.000000,0.250000,ns3-simulated/trace-derived
kv_competitor,L2R,255.250000,255.500000,255.375000,0.000000,0.000000,0.000000,100.000000,0.250000,ns3-simulated/trace-derived
kv_competitor,L2R,255.500000,255.750000,255.625000,0.000000,0.000000,0.000000,100.000000,0.250000,ns3-simulated/trace-derived
kv_competitor,L2R,255.750000,256.000000,255.875000,0.000000,0.000000,0.000000,100.000000,0.250000,ns3-simulated/trace-derived
kv_competitor,L2R,256.000000,256.250000,256.125000,0.000000,0.000000,0.000000,100.000000,0.250000,ns3-simulated/trace-derived
kv_competitor,L2R,256.250000,256.500000,256.375000,0.000000,0.000000,0.000000,100.000000,0.250000,ns3-simulated/trace-derived
kv_competitor,L2R,256.500000,256.750000,256.625000,0.000000,0.000000,0.000000,100.000000,0.250000,ns3-simulated/trace-derived
kv_competitor,L2R,256.750000,257.000000,256.875000,0.000000,0.000000,0.000000,100.000000,0.250000,ns3-simulated/trace-derived
kv_competitor,L2R,257.000000,257.250000,257.125000,0.000000,0.000000,0.000000,100.000000,0.250000,ns3-simulated/trace-derived
kv_competitor,L2R,257.250000,257.500000,257.375000,0.000000,0.000000,0.000000,100.000000,0.250000,ns3-simulated/trace-derived
kv_competitor,L2R,257.500000,257.750000,257.625000,0.000000,0.000000,0.000000,100.000000,0.250000,ns3-simulated/trace-derived
kv_competitor,L2R,257.750000,258.000000,257.875000,0.000000,0.000000,0.000000,100.000000,0.250000,ns3-simulated/trace-derived
kv_competitor,L2R,258.000000,258.250000,258.125000,0.000000,0.000000,0.000000,100.000000,0.250000,ns3-simulated/trace-derived
kv_competitor,L2R,258.250000,258.500000,258.375000,0.000000,0.000000,0.000000,100.000000,0.250000,ns3-simulated/trace-derived
kv_competitor,L2R,258.500000,258.750000,258.625000,0.000000,0.000000,0.000000,100.000000,0.250000,ns3-simulated/trace-derived
kv_competitor,L2R,258.750000,259.000000,258.875000,0.000000,0.000000,0.000000,100.000000,0.250000,ns3-simulated/trace-derived
kv_competitor,L2R,259.000000,259.250000,259.125000,0.000000,0.000000,0.000000,100.000000,0.250000,ns3-simulated/trace-derived
kv_competitor,L2R,259.250000,259.500000,259.375000,0.000000,0.000000,0.000000,100.000000,0.250000,ns3-simulated/trace-derived
kv_competitor,L2R,259.500000,259.750000,259.625000,0.000000,0.000000,0.000000,100.000000,0.250000,ns3-simulated/trace-derived
kv_competitor,L2R,259.750000,260.000000,259.875000,0.000000,0.000000,0.000000,100.000000,0.250000,ns3-simulated/trace-derived
kv_competitor,L2R,260.000000,260.250000,260.125000,0.000000,0.000000,0.000000,100.000000,0.250000,ns3-simulated/trace-derived
balanced_dispatch,L2R,100.000000,100.250000,100.125000,0.000000,0.000000,0.000000,100.000000,0.250000,ns3-simulated/trace-derived
balanced_dispatch,L2R,100.250000,100.500000,100.375000,0.000000,0.000000,0.000000,100.000000,0.250000,ns3-simulated/trace-derived
balanced_dispatch,L2R,100.500000,100.750000,100.625000,0.000000,0.000000,0.000000,100.000000,0.250000,ns3-simulated/trace-derived
balanced_dispatch,L2R,100.750000,101.000000,100.875000,0.000000,0.000000,0.000000,100.000000,0.250000,ns3-simulated/trace-derived
balanced_dispatch,L2R,101.000000,101.250000,101.125000,0.000000,0.000000,0.000000,100.000000,0.250000,ns3-simulated/trace-derived
balanced_dispatch,L2R,101.250000,101.500000,101.375000,0.000000,0.000000,0.000000,100.000000,0.250000,ns3-simulated/trace-derived
balanced_dispatch,L2R,101.500000,101.750000,101.625000,0.000000,0.000000,0.000000,100.000000,0.250000,ns3-simulated/trace-derived
balanced_dispatch,L2R,101.750000,102.000000,101.875000,0.000000,0.000000,0.000000,100.000000,0.250000,ns3-simulated/trace-derived
balanced_dispatch,L2R,102.000000,102.250000,102.125000,0.000000,0.000000,0.000000,100.000000,0.250000,ns3-simulated/trace-derived
balanced_dispatch,L2R,102.250000,102.500000,102.375000,0.000000,0.000000,0.000000,100.000000,0.250000,ns3-simulated/trace-derived
balanced_dispatch,L2R,102.500000,102.750000,102.625000,0.000000,0.000000,0.000000,100.000000,0.250000,ns3-simulated/trace-derived
balanced_dispatch,L2R,102.750000,103.000000,102.875000,0.000000,0.000000,0.000000,100.000000,0.250000,ns3-simulated/trace-derived
balanced_dispatch,L2R,103.000000,103.250000,103.125000,0.000000,0.000000,0.000000,100.000000,0.250000,ns3-simulated/trace-derived
balanced_dispatch,L2R,103.250000,103.500000,103.375000,0.000000,0.000000,0.000000,100.000000,0.250000,ns3-simulated/trace-derived
balanced_dispatch,L2R,103.500000,103.750000,103.625000,0.000000,0.000000,0.000000,100.000000,0.250000,ns3-simulated/trace-derived
balanced_dispatch,L2R,103.750000,104.000000,103.875000,0.000000,0.000000,0.000000,100.000000,0.250000,ns3-simulated/trace-derived
balanced_dispatch,L2R,104.000000,104.250000,104.125000,0.000000,0.000000,0.000000,100.000000,0.250000,ns3-simulated/trace-derived
balanced_dispatch,L2R,104.250000,104.500000,104.375000,0.000000,0.000000,0.000000,100.000000,0.250000,ns3-simulated/trace-derived
balanced_dispatch,L2R,104.500000,104.750000,104.625000,0.000000,0.000000,0.000000,100.000000,0.250000,ns3-simulated/trace-derived
balanced_dispatch,L2R,104.750000,105.000000,104.875000,0.000000,0.000000,0.000000,100.000000,0.250000,ns3-simulated/trace-derived
balanced_dispatch,L2R,105.000000,105.250000,105.125000,0.000000,0.000000,0.000000,100.000000,0.250000,ns3-simulated/trace-derived
balanced_dispatch,L2R,105.250000,105.500000,105.375000,0.000000,0.000000,0.000000,100.000000,0.250000,ns3-simulated/trace-derived
balanced_dispatch,L2R,105.500000,105.750000,105.625000,0.000000,0.000000,0.000000,100.000000,0.250000,ns3-simulated/trace-derived
balanced_dispatch,L2R,105.750000,106.000000,105.875000,0.000000,0.000000,0.000000,100.000000,0.250000,ns3-simulated/trace-derived
balanced_dispatch,L2R,106.000000,106.250000,106.125000,0.000000,0.000000,0.000000,100.000000,0.250000,ns3-simulated/trace-derived
balanced_dispatch,L2R,106.250000,106.500000,106.375000,0.000000,0.000000,0.000000,100.000000,0.250000,ns3-simulated/trace-derived
balanced_dispatch,L2R,106.500000,106.750000,106.625000,0.000000,0.000000,0.000000,100.000000,0.250000,ns3-simulated/trace-derived
balanced_dispatch,L2R,106.750000,107.000000,106.875000,0.000000,0.000000,0.000000,100.000000,0.250000,ns3-simulated/trace-derived
balanced_dispatch,L2R,107.000000,107.250000,107.125000,0.000000,0.000000,0.000000,100.000000,0.250000,ns3-simulated/trace-derived
balanced_dispatch,L2R,107.250000,107.500000,107.375000,0.000000,0.000000,0.000000,100.000000,0.250000,ns3-simulated/trace-derived
balanced_dispatch,L2R,107.500000,107.750000,107.625000,0.000000,0.000000,0.000000,100.000000,0.250000,ns3-simulated/trace-derived
balanced_dispatch,L2R,107.750000,108.000000,107.875000,0.000000,0.000000,0.000000,100.000000,0.250000,ns3-simulated/trace-derived
balanced_dispatch,L2R,108.000000,108.250000,108.125000,0.000000,0.000000,0.000000,100.000000,0.250000,ns3-simulated/trace-derived
balanced_dispatch,L2R,108.250000,108.500000,108.375000,0.000000,0.000000,0.000000,100.000000,0.250000,ns3-simulated/trace-derived
balanced_dispatch,L2R,108.500000,108.750000,108.625000,0.000000,0.000000,0.000000,100.000000,0.250000,ns3-simulated/trace-derived
balanced_dispatch,L2R,108.750000,109.000000,108.875000,0.000000,0.000000,0.000000,100.000000,0.250000,ns3-simulated/trace-derived
balanced_dispatch,L2R,109.000000,109.250000,109.125000,0.000000,0.000000,0.000000,100.000000,0.250000,ns3-simulated/trace-derived
balanced_dispatch,L2R,109.250000,109.500000,109.375000,0.000000,0.000000,0.000000,100.000000,0.250000,ns3-simulated/trace-derived
balanced_dispatch,L2R,109.500000,109.750000,109.625000,0.000000,0.000000,0.000000,100.000000,0.250000,ns3-simulated/trace-derived
balanced_dispatch,L2R,109.750000,110.000000,109.875000,0.000000,0.000000,0.000000,100.000000,0.250000,ns3-simulated/trace-derived
balanced_dispatch,L2R,110.000000,110.250000,110.125000,0.000000,0.000000,0.000000,100.000000,0.250000,ns3-simulated/trace-derived
balanced_dispatch,L2R,110.250000,110.500000,110.375000,0.000000,0.000000,0.000000,100.000000,0.250000,ns3-simulated/trace-derived
balanced_dispatch,L2R,110.500000,110.750000,110.625000,0.000000,0.000000,0.000000,100.000000,0.250000,ns3-simulated/trace-derived
balanced_dispatch,L2R,110.750000,111.000000,110.875000,0.000000,0.000000,0.000000,100.000000,0.250000,ns3-simulated/trace-derived
balanced_dispatch,L2R,111.000000,111.250000,111.125000,0.000000,0.000000,0.000000,100.000000,0.250000,ns3-simulated/trace-derived
balanced_dispatch,L2R,111.250000,111.500000,111.375000,0.000000,0.000000,0.000000,100.000000,0.250000,ns3-simulated/trace-derived
balanced_dispatch,L2R,111.500000,111.750000,111.625000,0.000000,0.000000,0.000000,100.000000,0.250000,ns3-simulated/trace-derived
balanced_dispatch,L2R,111.750000,112.000000,111.875000,0.000000,0.000000,0.000000,100.000000,0.250000,ns3-simulated/trace-derived
balanced_dispatch,L2R,112.000000,112.250000,112.125000,0.000000,0.000000,0.000000,100.000000,0.250000,ns3-simulated/trace-derived
balanced_dispatch,L2R,112.250000,112.500000,112.375000,0.000000,0.000000,0.000000,100.000000,0.250000,ns3-simulated/trace-derived
balanced_dispatch,L2R,112.500000,112.750000,112.625000,0.000000,0.000000,0.000000,100.000000,0.250000,ns3-simulated/trace-derived
balanced_dispatch,L2R,112.750000,113.000000,112.875000,0.000000,0.000000,0.000000,100.000000,0.250000,ns3-simulated/trace-derived
balanced_dispatch,L2R,113.000000,113.250000,113.125000,0.000000,0.000000,0.000000,100.000000,0.250000,ns3-simulated/trace-derived
balanced_dispatch,L2R,113.250000,113.500000,113.375000,0.000000,0.000000,0.000000,100.000000,0.250000,ns3-simulated/trace-derived
balanced_dispatch,L2R,113.500000,113.750000,113.625000,0.000000,0.000000,0.000000,100.000000,0.250000,ns3-simulated/trace-derived
balanced_dispatch,L2R,113.750000,114.000000,113.875000,0.000000,0.000000,0.000000,100.000000,0.250000,ns3-simulated/trace-derived
balanced_dispatch,L2R,114.000000,114.250000,114.125000,0.000000,0.000000,0.000000,100.000000,0.250000,ns3-simulated/trace-derived
balanced_dispatch,L2R,114.250000,114.500000,114.375000,0.000000,0.000000,0.000000,100.000000,0.250000,ns3-simulated/trace-derived
balanced_dispatch,L2R,114.500000,114.750000,114.625000,0.000000,0.000000,0.000000,100.000000,0.250000,ns3-simulated/trace-derived
balanced_dispatch,L2R,114.750000,115.000000,114.875000,0.000000,0.000000,0.000000,100.000000,0.250000,ns3-simulated/trace-derived
balanced_dispatch,L2R,115.000000,115.250000,115.125000,0.000000,0.000000,0.000000,100.000000,0.250000,ns3-simulated/trace-derived
balanced_dispatch,L2R,115.250000,115.500000,115.375000,0.000000,0.000000,0.000000,100.000000,0.250000,ns3-simulated/trace-derived
balanced_dispatch,L2R,115.500000,115.750000,115.625000,0.000000,0.000000,0.000000,100.000000,0.250000,ns3-simulated/trace-derived
balanced_dispatch,L2R,115.750000,116.000000,115.875000,0.000000,0.000000,0.000000,100.000000,0.250000,ns3-simulated/trace-derived
balanced_dispatch,L2R,116.000000,116.250000,116.125000,0.000000,0.000000,0.000000,100.000000,0.250000,ns3-simulated/trace-derived
balanced_dispatch,L2R,116.250000,116.500000,116.375000,0.000000,0.000000,0.000000,100.000000,0.250000,ns3-simulated/trace-derived
balanced_dispatch,L2R,116.500000,116.750000,116.625000,0.000000,0.000000,0.000000,100.000000,0.250000,ns3-simulated/trace-derived
balanced_dispatch,L2R,116.750000,117.000000,116.875000,0.000000,0.000000,0.000000,100.000000,0.250000,ns3-simulated/trace-derived
balanced_dispatch,L2R,117.000000,117.250000,117.125000,0.000000,0.000000,0.000000,100.000000,0.250000,ns3-simulated/trace-derived
balanced_dispatch,L2R,117.250000,117.500000,117.375000,0.000000,0.000000,0.000000,100.000000,0.250000,ns3-simulated/trace-derived
balanced_dispatch,L2R,117.500000,117.750000,117.625000,0.000000,0.000000,0.000000,100.000000,0.250000,ns3-simulated/trace-derived
balanced_dispatch,L2R,117.750000,118.000000,117.875000,0.000000,0.000000,0.000000,100.000000,0.250000,ns3-simulated/trace-derived
balanced_dispatch,L2R,118.000000,118.250000,118.125000,0.000000,0.000000,0.000000,100.000000,0.250000,ns3-simulated/trace-derived
balanced_dispatch,L2R,118.250000,118.500000,118.375000,0.000000,0.000000,0.000000,100.000000,0.250000,ns3-simulated/trace-derived
balanced_dispatch,L2R,118.500000,118.750000,118.625000,0.000000,0.000000,0.000000,100.000000,0.250000,ns3-simulated/trace-derived
balanced_dispatch,L2R,118.750000,119.000000,118.875000,0.000000,0.000000,0.000000,100.000000,0.250000,ns3-simulated/trace-derived
balanced_dispatch,L2R,119.000000,119.250000,119.125000,0.000000,0.000000,0.000000,100.000000,0.250000,ns3-simulated/trace-derived
balanced_dispatch,L2R,119.250000,119.500000,119.375000,0.000000,0.000000,0.000000,100.000000,0.250000,ns3-simulated/trace-derived
balanced_dispatch,L2R,119.500000,119.750000,119.625000,0.000000,0.000000,0.000000,100.000000,0.250000,ns3-simulated/trace-derived
balanced_dispatch,L2R,119.750000,120.000000,119.875000,0.000000,0.000000,0.000000,100.000000,0.250000,ns3-simulated/trace-derived
balanced_dispatch,L2R,120.000000,120.250000,120.125000,0.000000,0.000000,0.000000,100.000000,0.250000,ns3-simulated/trace-derived
balanced_dispatch,L2R,120.250000,120.500000,120.375000,0.000000,0.000000,0.000000,100.000000,0.250000,ns3-simulated/trace-derived
balanced_dispatch,L2R,120.500000,120.750000,120.625000,0.000000,0.000000,0.000000,100.000000,0.250000,ns3-simulated/trace-derived
balanced_dispatch,L2R,120.750000,121.000000,120.875000,0.000000,0.000000,0.000000,100.000000,0.250000,ns3-simulated/trace-derived
balanced_dispatch,L2R,121.000000,121.250000,121.125000,0.000000,0.000000,0.000000,100.000000,0.250000,ns3-simulated/trace-derived
balanced_dispatch,L2R,121.250000,121.500000,121.375000,0.000000,0.000000,0.000000,100.000000,0.250000,ns3-simulated/trace-derived
balanced_dispatch,L2R,121.500000,121.750000,121.625000,0.000000,0.000000,0.000000,100.000000,0.250000,ns3-simulated/trace-derived
balanced_dispatch,L2R,121.750000,122.000000,121.875000,0.000000,0.000000,0.000000,100.000000,0.250000,ns3-simulated/trace-derived
balanced_dispatch,L2R,122.000000,122.250000,122.125000,0.000000,0.000000,0.000000,100.000000,0.250000,ns3-simulated/trace-derived
balanced_dispatch,L2R,122.250000,122.500000,122.375000,0.000000,0.000000,0.000000,100.000000,0.250000,ns3-simulated/trace-derived
balanced_dispatch,L2R,122.500000,122.750000,122.625000,0.000000,0.000000,0.000000,100.000000,0.250000,ns3-simulated/trace-derived
balanced_dispatch,L2R,122.750000,123.000000,122.875000,0.000000,0.000000,0.000000,100.000000,0.250000,ns3-simulated/trace-derived
balanced_dispatch,L2R,123.000000,123.250000,123.125000,0.000000,0.000000,0.000000,100.000000,0.250000,ns3-simulated/trace-derived
balanced_dispatch,L2R,123.250000,123.500000,123.375000,0.000000,0.000000,0.000000,100.000000,0.250000,ns3-simulated/trace-derived
balanced_dispatch,L2R,123.500000,123.750000,123.625000,0.000000,0.000000,0.000000,100.000000,0.250000,ns3-simulated/trace-derived
balanced_dispatch,L2R,123.750000,124.000000,123.875000,0.000000,0.000000,0.000000,100.000000,0.250000,ns3-simulated/trace-derived
balanced_dispatch,L2R,124.000000,124.250000,124.125000,0.000000,0.000000,0.000000,100.000000,0.250000,ns3-simulated/trace-derived
balanced_dispatch,L2R,124.250000,124.500000,124.375000,0.000000,0.000000,0.000000,100.000000,0.250000,ns3-simulated/trace-derived
balanced_dispatch,L2R,124.500000,124.750000,124.625000,0.000000,0.000000,0.000000,100.000000,0.250000,ns3-simulated/trace-derived
balanced_dispatch,L2R,124.750000,125.000000,124.875000,0.000000,0.000000,0.000000,100.000000,0.250000,ns3-simulated/trace-derived
balanced_dispatch,L2R,125.000000,125.250000,125.125000,0.000000,0.000000,0.000000,100.000000,0.250000,ns3-simulated/trace-derived
balanced_dispatch,L2R,125.250000,125.500000,125.375000,0.000000,0.000000,0.000000,100.000000,0.250000,ns3-simulated/trace-derived
balanced_dispatch,L2R,125.500000,125.750000,125.625000,0.000000,0.000000,0.000000,100.000000,0.250000,ns3-simulated/trace-derived
balanced_dispatch,L2R,125.750000,126.000000,125.875000,0.000000,0.000000,0.000000,100.000000,0.250000,ns3-simulated/trace-derived
balanced_dispatch,L2R,126.000000,126.250000,126.125000,0.000000,0.000000,0.000000,100.000000,0.250000,ns3-simulated/trace-derived
balanced_dispatch,L2R,126.250000,126.500000,126.375000,0.000000,0.000000,0.000000,100.000000,0.250000,ns3-simulated/trace-derived
balanced_dispatch,L2R,126.500000,126.750000,126.625000,0.000000,0.000000,0.000000,100.000000,0.250000,ns3-simulated/trace-derived
balanced_dispatch,L2R,126.750000,127.000000,126.875000,0.000000,0.000000,0.000000,100.000000,0.250000,ns3-simulated/trace-derived
balanced_dispatch,L2R,127.000000,127.250000,127.125000,0.000000,0.000000,0.000000,100.000000,0.250000,ns3-simulated/trace-derived
balanced_dispatch,L2R,127.250000,127.500000,127.375000,0.000000,0.000000,0.000000,100.000000,0.250000,ns3-simulated/trace-derived
balanced_dispatch,L2R,127.500000,127.750000,127.625000,0.000000,0.000000,0.000000,100.000000,0.250000,ns3-simulated/trace-derived
balanced_dispatch,L2R,127.750000,128.000000,127.875000,0.000000,0.000000,0.000000,100.000000,0.250000,ns3-simulated/trace-derived
balanced_dispatch,L2R,128.000000,128.250000,128.125000,0.000000,0.000000,0.000000,100.000000,0.250000,ns3-simulated/trace-derived
balanced_dispatch,L2R,128.250000,128.500000,128.375000,0.000000,0.000000,0.000000,100.000000,0.250000,ns3-simulated/trace-derived
balanced_dispatch,L2R,128.500000,128.750000,128.625000,0.000000,0.000000,0.000000,100.000000,0.250000,ns3-simulated/trace-derived
balanced_dispatch,L2R,128.750000,129.000000,128.875000,0.000000,0.000000,0.000000,100.000000,0.250000,ns3-simulated/trace-derived
balanced_dispatch,L2R,129.000000,129.250000,129.125000,0.000000,0.000000,0.000000,100.000000,0.250000,ns3-simulated/trace-derived
balanced_dispatch,L2R,129.250000,129.500000,129.375000,0.000000,0.000000,0.000000,100.000000,0.250000,ns3-simulated/trace-derived
balanced_dispatch,L2R,129.500000,129.750000,129.625000,0.000000,0.000000,0.000000,100.000000,0.250000,ns3-simulated/trace-derived
balanced_dispatch,L2R,129.750000,130.000000,129.875000,0.000000,0.000000,0.000000,100.000000,0.250000,ns3-simulated/trace-derived
balanced_dispatch,L2R,130.000000,130.250000,130.125000,0.000000,0.000000,0.000000,100.000000,0.250000,ns3-simulated/trace-derived
balanced_dispatch,L2R,130.250000,130.500000,130.375000,0.000000,0.000000,0.000000,100.000000,0.250000,ns3-simulated/trace-derived
balanced_dispatch,L2R,130.500000,130.750000,130.625000,0.000000,0.000000,0.000000,100.000000,0.250000,ns3-simulated/trace-derived
balanced_dispatch,L2R,130.750000,131.000000,130.875000,0.000000,0.000000,0.000000,100.000000,0.250000,ns3-simulated/trace-derived
balanced_dispatch,L2R,131.000000,131.250000,131.125000,0.000000,0.000000,0.000000,100.000000,0.250000,ns3-simulated/trace-derived
balanced_dispatch,L2R,131.250000,131.500000,131.375000,0.000000,0.000000,0.000000,100.000000,0.250000,ns3-simulated/trace-derived
balanced_dispatch,L2R,131.500000,131.750000,131.625000,0.000000,0.000000,0.000000,100.000000,0.250000,ns3-simulated/trace-derived
balanced_dispatch,L2R,131.750000,132.000000,131.875000,0.000000,0.000000,0.000000,100.000000,0.250000,ns3-simulated/trace-derived
balanced_dispatch,L2R,132.000000,132.250000,132.125000,0.000000,0.000000,0.000000,100.000000,0.250000,ns3-simulated/trace-derived
balanced_dispatch,L2R,132.250000,132.500000,132.375000,0.000000,0.000000,0.000000,100.000000,0.250000,ns3-simulated/trace-derived
balanced_dispatch,L2R,132.500000,132.750000,132.625000,0.000000,0.000000,0.000000,100.000000,0.250000,ns3-simulated/trace-derived
balanced_dispatch,L2R,132.750000,133.000000,132.875000,0.000000,0.000000,0.000000,100.000000,0.250000,ns3-simulated/trace-derived
balanced_dispatch,L2R,133.000000,133.250000,133.125000,0.000000,0.000000,0.000000,100.000000,0.250000,ns3-simulated/trace-derived
balanced_dispatch,L2R,133.250000,133.500000,133.375000,0.000000,0.000000,0.000000,100.000000,0.250000,ns3-simulated/trace-derived
balanced_dispatch,L2R,133.500000,133.750000,133.625000,0.000000,0.000000,0.000000,100.000000,0.250000,ns3-simulated/trace-derived
balanced_dispatch,L2R,133.750000,134.000000,133.875000,0.000000,0.000000,0.000000,100.000000,0.250000,ns3-simulated/trace-derived
balanced_dispatch,L2R,134.000000,134.250000,134.125000,0.000000,0.000000,0.000000,100.000000,0.250000,ns3-simulated/trace-derived
balanced_dispatch,L2R,134.250000,134.500000,134.375000,0.000000,0.000000,0.000000,100.000000,0.250000,ns3-simulated/trace-derived
balanced_dispatch,L2R,134.500000,134.750000,134.625000,0.000000,0.000000,0.000000,100.000000,0.250000,ns3-simulated/trace-derived
balanced_dispatch,L2R,134.750000,135.000000,134.875000,0.000000,0.000000,0.000000,100.000000,0.250000,ns3-simulated/trace-derived
balanced_dispatch,L2R,135.000000,135.250000,135.125000,0.000000,0.000000,0.000000,100.000000,0.250000,ns3-simulated/trace-derived
balanced_dispatch,L2R,135.250000,135.500000,135.375000,0.000000,0.000000,0.000000,100.000000,0.250000,ns3-simulated/trace-derived
balanced_dispatch,L2R,135.500000,135.750000,135.625000,0.000000,0.000000,0.000000,100.000000,0.250000,ns3-simulated/trace-derived
balanced_dispatch,L2R,135.750000,136.000000,135.875000,0.000000,0.000000,0.000000,100.000000,0.250000,ns3-simulated/trace-derived
balanced_dispatch,L2R,136.000000,136.250000,136.125000,0.000000,0.000000,0.000000,100.000000,0.250000,ns3-simulated/trace-derived
balanced_dispatch,L2R,136.250000,136.500000,136.375000,0.000000,0.000000,0.000000,100.000000,0.250000,ns3-simulated/trace-derived
balanced_dispatch,L2R,136.500000,136.750000,136.625000,0.000000,0.000000,0.000000,100.000000,0.250000,ns3-simulated/trace-derived
balanced_dispatch,L2R,136.750000,137.000000,136.875000,0.000000,0.000000,0.000000,100.000000,0.250000,ns3-simulated/trace-derived
balanced_dispatch,L2R,137.000000,137.250000,137.125000,0.000000,0.000000,0.000000,100.000000,0.250000,ns3-simulated/trace-derived
balanced_dispatch,L2R,137.250000,137.500000,137.375000,0.000000,0.000000,0.000000,100.000000,0.250000,ns3-simulated/trace-derived
balanced_dispatch,L2R,137.500000,137.750000,137.625000,0.000000,0.000000,0.000000,100.000000,0.250000,ns3-simulated/trace-derived
balanced_dispatch,L2R,137.750000,138.000000,137.875000,0.000000,0.000000,0.000000,100.000000,0.250000,ns3-simulated/trace-derived
balanced_dispatch,L2R,138.000000,138.250000,138.125000,0.000000,0.000000,0.000000,100.000000,0.250000,ns3-simulated/trace-derived
balanced_dispatch,L2R,138.250000,138.500000,138.375000,0.000000,0.000000,0.000000,100.000000,0.250000,ns3-simulated/trace-derived
balanced_dispatch,L2R,138.500000,138.750000,138.625000,0.000000,0.000000,0.000000,100.000000,0.250000,ns3-simulated/trace-derived
balanced_dispatch,L2R,138.750000,139.000000,138.875000,0.000000,0.000000,0.000000,100.000000,0.250000,ns3-simulated/trace-derived
balanced_dispatch,L2R,139.000000,139.250000,139.125000,0.000000,0.000000,0.000000,100.000000,0.250000,ns3-simulated/trace-derived
balanced_dispatch,L2R,139.250000,139.500000,139.375000,0.000000,0.000000,0.000000,100.000000,0.250000,ns3-simulated/trace-derived
balanced_dispatch,L2R,139.500000,139.750000,139.625000,0.000000,0.000000,0.000000,100.000000,0.250000,ns3-simulated/trace-derived
balanced_dispatch,L2R,139.750000,140.000000,139.875000,0.000000,0.000000,0.000000,100.000000,0.250000,ns3-simulated/trace-derived
balanced_dispatch,L2R,140.000000,140.250000,140.125000,0.000000,0.000000,0.000000,100.000000,0.250000,ns3-simulated/trace-derived
balanced_dispatch,L2R,140.250000,140.500000,140.375000,0.000000,0.000000,0.000000,100.000000,0.250000,ns3-simulated/trace-derived
balanced_dispatch,L2R,140.500000,140.750000,140.625000,0.000000,0.000000,0.000000,100.000000,0.250000,ns3-simulated/trace-derived
balanced_dispatch,L2R,140.750000,141.000000,140.875000,0.000000,0.000000,0.000000,100.000000,0.250000,ns3-simulated/trace-derived
balanced_dispatch,L2R,141.000000,141.250000,141.125000,0.000000,0.000000,0.000000,100.000000,0.250000,ns3-simulated/trace-derived
balanced_dispatch,L2R,141.250000,141.500000,141.375000,0.000000,0.000000,0.000000,100.000000,0.250000,ns3-simulated/trace-derived
balanced_dispatch,L2R,141.500000,141.750000,141.625000,0.000000,0.000000,0.000000,100.000000,0.250000,ns3-simulated/trace-derived
balanced_dispatch,L2R,141.750000,142.000000,141.875000,0.000000,0.000000,0.000000,100.000000,0.250000,ns3-simulated/trace-derived
balanced_dispatch,L2R,142.000000,142.250000,142.125000,0.000000,0.000000,0.000000,100.000000,0.250000,ns3-simulated/trace-derived
balanced_dispatch,L2R,142.250000,142.500000,142.375000,0.000000,0.000000,0.000000,100.000000,0.250000,ns3-simulated/trace-derived
balanced_dispatch,L2R,142.500000,142.750000,142.625000,0.000000,0.000000,0.000000,100.000000,0.250000,ns3-simulated/trace-derived
balanced_dispatch,L2R,142.750000,143.000000,142.875000,0.000000,0.000000,0.000000,100.000000,0.250000,ns3-simulated/trace-derived
balanced_dispatch,L2R,143.000000,143.250000,143.125000,0.000000,0.000000,0.000000,100.000000,0.250000,ns3-simulated/trace-derived
balanced_dispatch,L2R,143.250000,143.500000,143.375000,0.000000,0.000000,0.000000,100.000000,0.250000,ns3-simulated/trace-derived
balanced_dispatch,L2R,143.500000,143.750000,143.625000,0.000000,0.000000,0.000000,100.000000,0.250000,ns3-simulated/trace-derived
balanced_dispatch,L2R,143.750000,144.000000,143.875000,0.000000,0.000000,0.000000,100.000000,0.250000,ns3-simulated/trace-derived
balanced_dispatch,L2R,144.000000,144.250000,144.125000,0.000000,0.000000,0.000000,100.000000,0.250000,ns3-simulated/trace-derived
balanced_dispatch,L2R,144.250000,144.500000,144.375000,0.000000,0.000000,0.000000,100.000000,0.250000,ns3-simulated/trace-derived
balanced_dispatch,L2R,144.500000,144.750000,144.625000,0.000000,0.000000,0.000000,100.000000,0.250000,ns3-simulated/trace-derived
balanced_dispatch,L2R,144.750000,145.000000,144.875000,0.000000,0.000000,0.000000,100.000000,0.250000,ns3-simulated/trace-derived
balanced_dispatch,L2R,145.000000,145.250000,145.125000,0.000000,0.000000,0.000000,100.000000,0.250000,ns3-simulated/trace-derived
balanced_dispatch,L2R,145.250000,145.500000,145.375000,0.000000,0.000000,0.000000,100.000000,0.250000,ns3-simulated/trace-derived
balanced_dispatch,L2R,145.500000,145.750000,145.625000,0.000000,0.000000,0.000000,100.000000,0.250000,ns3-simulated/trace-derived
balanced_dispatch,L2R,145.750000,146.000000,145.875000,0.000000,0.000000,0.000000,100.000000,0.250000,ns3-simulated/trace-derived
balanced_dispatch,L2R,146.000000,146.250000,146.125000,0.000000,0.000000,0.000000,100.000000,0.250000,ns3-simulated/trace-derived
balanced_dispatch,L2R,146.250000,146.500000,146.375000,0.000000,0.000000,0.000000,100.000000,0.250000,ns3-simulated/trace-derived
balanced_dispatch,L2R,146.500000,146.750000,146.625000,0.000000,0.000000,0.000000,100.000000,0.250000,ns3-simulated/trace-derived
balanced_dispatch,L2R,146.750000,147.000000,146.875000,0.000000,0.000000,0.000000,100.000000,0.250000,ns3-simulated/trace-derived
balanced_dispatch,L2R,147.000000,147.250000,147.125000,0.000000,0.000000,0.000000,100.000000,0.250000,ns3-simulated/trace-derived
balanced_dispatch,L2R,147.250000,147.500000,147.375000,0.000000,0.000000,0.000000,100.000000,0.250000,ns3-simulated/trace-derived
balanced_dispatch,L2R,147.500000,147.750000,147.625000,0.000000,0.000000,0.000000,100.000000,0.250000,ns3-simulated/trace-derived
balanced_dispatch,L2R,147.750000,148.000000,147.875000,0.000000,0.000000,0.000000,100.000000,0.250000,ns3-simulated/trace-derived
balanced_dispatch,L2R,148.000000,148.250000,148.125000,0.000000,0.000000,0.000000,100.000000,0.250000,ns3-simulated/trace-derived
balanced_dispatch,L2R,148.250000,148.500000,148.375000,0.000000,0.000000,0.000000,100.000000,0.250000,ns3-simulated/trace-derived
balanced_dispatch,L2R,148.500000,148.750000,148.625000,0.000000,0.000000,0.000000,100.000000,0.250000,ns3-simulated/trace-derived
balanced_dispatch,L2R,148.750000,149.000000,148.875000,0.000000,0.000000,0.000000,100.000000,0.250000,ns3-simulated/trace-derived
balanced_dispatch,L2R,149.000000,149.250000,149.125000,0.000000,0.000000,0.000000,100.000000,0.250000,ns3-simulated/trace-derived
balanced_dispatch,L2R,149.250000,149.500000,149.375000,0.000000,0.000000,0.000000,100.000000,0.250000,ns3-simulated/trace-derived
balanced_dispatch,L2R,149.500000,149.750000,149.625000,0.000000,0.000000,0.000000,100.000000,0.250000,ns3-simulated/trace-derived
balanced_dispatch,L2R,149.750000,150.000000,149.875000,0.000000,0.000000,0.000000,100.000000,0.250000,ns3-simulated/trace-derived
balanced_dispatch,L2R,150.000000,150.250000,150.125000,0.000000,0.000000,0.000000,100.000000,0.250000,ns3-simulated/trace-derived
balanced_dispatch,L2R,150.250000,150.500000,150.375000,0.000000,0.000000,0.000000,100.000000,0.250000,ns3-simulated/trace-derived
balanced_dispatch,L2R,150.500000,150.750000,150.625000,0.000000,0.000000,0.000000,100.000000,0.250000,ns3-simulated/trace-derived
balanced_dispatch,L2R,150.750000,151.000000,150.875000,0.000000,0.000000,0.000000,100.000000,0.250000,ns3-simulated/trace-derived
balanced_dispatch,L2R,151.000000,151.250000,151.125000,0.000000,0.000000,0.000000,100.000000,0.250000,ns3-simulated/trace-derived
balanced_dispatch,L2R,151.250000,151.500000,151.375000,0.000000,0.000000,0.000000,100.000000,0.250000,ns3-simulated/trace-derived
balanced_dispatch,L2R,151.500000,151.750000,151.625000,0.000000,0.000000,0.000000,100.000000,0.250000,ns3-simulated/trace-derived
balanced_dispatch,L2R,151.750000,152.000000,151.875000,0.000000,0.000000,0.000000,100.000000,0.250000,ns3-simulated/trace-derived
balanced_dispatch,L2R,152.000000,152.250000,152.125000,0.000000,0.000000,0.000000,100.000000,0.250000,ns3-simulated/trace-derived
balanced_dispatch,L2R,152.250000,152.500000,152.375000,0.000000,0.000000,0.000000,100.000000,0.250000,ns3-simulated/trace-derived
balanced_dispatch,L2R,152.500000,152.750000,152.625000,0.000000,0.000000,0.000000,100.000000,0.250000,ns3-simulated/trace-derived
balanced_dispatch,L2R,152.750000,153.000000,152.875000,0.000000,0.000000,0.000000,100.000000,0.250000,ns3-simulated/trace-derived
balanced_dispatch,L2R,153.000000,153.250000,153.125000,0.000000,0.000000,0.000000,100.000000,0.250000,ns3-simulated/trace-derived
balanced_dispatch,L2R,153.250000,153.500000,153.375000,0.000000,0.000000,0.000000,100.000000,0.250000,ns3-simulated/trace-derived
balanced_dispatch,L2R,153.500000,153.750000,153.625000,0.000000,0.000000,0.000000,100.000000,0.250000,ns3-simulated/trace-derived
balanced_dispatch,L2R,153.750000,154.000000,153.875000,0.000000,0.000000,0.000000,100.000000,0.250000,ns3-simulated/trace-derived
balanced_dispatch,L2R,154.000000,154.250000,154.125000,0.000000,0.000000,0.000000,100.000000,0.250000,ns3-simulated/trace-derived
balanced_dispatch,L2R,154.250000,154.500000,154.375000,0.000000,0.000000,0.000000,100.000000,0.250000,ns3-simulated/trace-derived
balanced_dispatch,L2R,154.500000,154.750000,154.625000,0.000000,0.000000,0.000000,100.000000,0.250000,ns3-simulated/trace-derived
balanced_dispatch,L2R,154.750000,155.000000,154.875000,0.000000,0.000000,0.000000,100.000000,0.250000,ns3-simulated/trace-derived
balanced_dispatch,L2R,155.000000,155.250000,155.125000,0.000000,0.000000,0.000000,100.000000,0.250000,ns3-simulated/trace-derived
balanced_dispatch,L2R,155.250000,155.500000,155.375000,0.000000,0.000000,0.000000,100.000000,0.250000,ns3-simulated/trace-derived
balanced_dispatch,L2R,155.500000,155.750000,155.625000,0.000000,0.000000,0.000000,100.000000,0.250000,ns3-simulated/trace-derived
balanced_dispatch,L2R,155.750000,156.000000,155.875000,0.000000,0.000000,0.000000,100.000000,0.250000,ns3-simulated/trace-derived
balanced_dispatch,L2R,156.000000,156.250000,156.125000,0.000000,0.000000,0.000000,100.000000,0.250000,ns3-simulated/trace-derived
balanced_dispatch,L2R,156.250000,156.500000,156.375000,0.000000,0.000000,0.000000,100.000000,0.250000,ns3-simulated/trace-derived
balanced_dispatch,L2R,156.500000,156.750000,156.625000,0.000000,0.000000,0.000000,100.000000,0.250000,ns3-simulated/trace-derived
balanced_dispatch,L2R,156.750000,157.000000,156.875000,0.000000,0.000000,0.000000,100.000000,0.250000,ns3-simulated/trace-derived
balanced_dispatch,L2R,157.000000,157.250000,157.125000,0.000000,0.000000,0.000000,100.000000,0.250000,ns3-simulated/trace-derived
balanced_dispatch,L2R,157.250000,157.500000,157.375000,0.000000,0.000000,0.000000,100.000000,0.250000,ns3-simulated/trace-derived
balanced_dispatch,L2R,157.500000,157.750000,157.625000,0.000000,0.000000,0.000000,100.000000,0.250000,ns3-simulated/trace-derived
balanced_dispatch,L2R,157.750000,158.000000,157.875000,0.000000,0.000000,0.000000,100.000000,0.250000,ns3-simulated/trace-derived
balanced_dispatch,L2R,158.000000,158.250000,158.125000,0.000000,0.000000,0.000000,100.000000,0.250000,ns3-simulated/trace-derived
balanced_dispatch,L2R,158.250000,158.500000,158.375000,0.000000,0.000000,0.000000,100.000000,0.250000,ns3-simulated/trace-derived
balanced_dispatch,L2R,158.500000,158.750000,158.625000,0.000000,0.000000,0.000000,100.000000,0.250000,ns3-simulated/trace-derived
balanced_dispatch,L2R,158.750000,159.000000,158.875000,0.000000,0.000000,0.000000,100.000000,0.250000,ns3-simulated/trace-derived
balanced_dispatch,L2R,159.000000,159.250000,159.125000,0.000000,0.000000,0.000000,100.000000,0.250000,ns3-simulated/trace-derived
balanced_dispatch,L2R,159.250000,159.500000,159.375000,0.000000,0.000000,0.000000,100.000000,0.250000,ns3-simulated/trace-derived
balanced_dispatch,L2R,159.500000,159.750000,159.625000,0.000000,0.000000,0.000000,100.000000,0.250000,ns3-simulated/trace-derived
balanced_dispatch,L2R,159.750000,160.000000,159.875000,0.000000,0.000000,0.000000,100.000000,0.250000,ns3-simulated/trace-derived
balanced_dispatch,L2R,160.000000,160.250000,160.125000,0.000000,0.000000,0.000000,100.000000,0.250000,ns3-simulated/trace-derived
balanced_dispatch,L2R,160.250000,160.500000,160.375000,0.000000,0.000000,0.000000,100.000000,0.250000,ns3-simulated/trace-derived
balanced_dispatch,L2R,160.500000,160.750000,160.625000,0.000000,0.000000,0.000000,100.000000,0.250000,ns3-simulated/trace-derived
balanced_dispatch,L2R,160.750000,161.000000,160.875000,0.000000,0.000000,0.000000,100.000000,0.250000,ns3-simulated/trace-derived
balanced_dispatch,L2R,161.000000,161.250000,161.125000,0.000000,0.000000,0.000000,100.000000,0.250000,ns3-simulated/trace-derived
balanced_dispatch,L2R,161.250000,161.500000,161.375000,0.000000,0.000000,0.000000,100.000000,0.250000,ns3-simulated/trace-derived
balanced_dispatch,L2R,161.500000,161.750000,161.625000,0.000000,0.000000,0.000000,100.000000,0.250000,ns3-simulated/trace-derived
balanced_dispatch,L2R,161.750000,162.000000,161.875000,0.000000,0.000000,0.000000,100.000000,0.250000,ns3-simulated/trace-derived
balanced_dispatch,L2R,162.000000,162.250000,162.125000,0.000000,0.000000,0.000000,100.000000,0.250000,ns3-simulated/trace-derived
balanced_dispatch,L2R,162.250000,162.500000,162.375000,0.000000,0.000000,0.000000,100.000000,0.250000,ns3-simulated/trace-derived
balanced_dispatch,L2R,162.500000,162.750000,162.625000,0.000000,0.000000,0.000000,100.000000,0.250000,ns3-simulated/trace-derived
balanced_dispatch,L2R,162.750000,163.000000,162.875000,0.000000,0.000000,0.000000,100.000000,0.250000,ns3-simulated/trace-derived
balanced_dispatch,L2R,163.000000,163.250000,163.125000,0.000000,0.000000,0.000000,100.000000,0.250000,ns3-simulated/trace-derived
balanced_dispatch,L2R,163.250000,163.500000,163.375000,0.000000,0.000000,0.000000,100.000000,0.250000,ns3-simulated/trace-derived
balanced_dispatch,L2R,163.500000,163.750000,163.625000,0.000000,0.000000,0.000000,100.000000,0.250000,ns3-simulated/trace-derived
balanced_dispatch,L2R,163.750000,164.000000,163.875000,0.000000,0.000000,0.000000,100.000000,0.250000,ns3-simulated/trace-derived
balanced_dispatch,L2R,164.000000,164.250000,164.125000,0.000000,0.000000,0.000000,100.000000,0.250000,ns3-simulated/trace-derived
balanced_dispatch,L2R,164.250000,164.500000,164.375000,0.000000,0.000000,0.000000,100.000000,0.250000,ns3-simulated/trace-derived
balanced_dispatch,L2R,164.500000,164.750000,164.625000,0.000000,0.000000,0.000000,100.000000,0.250000,ns3-simulated/trace-derived
balanced_dispatch,L2R,164.750000,165.000000,164.875000,0.000000,0.000000,0.000000,100.000000,0.250000,ns3-simulated/trace-derived
balanced_dispatch,L2R,165.000000,165.250000,165.125000,0.000000,0.000000,0.000000,100.000000,0.250000,ns3-simulated/trace-derived
balanced_dispatch,L2R,165.250000,165.500000,165.375000,0.000000,0.000000,0.000000,100.000000,0.250000,ns3-simulated/trace-derived
balanced_dispatch,L2R,165.500000,165.750000,165.625000,0.000000,0.000000,0.000000,100.000000,0.250000,ns3-simulated/trace-derived
balanced_dispatch,L2R,165.750000,166.000000,165.875000,0.000000,0.000000,0.000000,100.000000,0.250000,ns3-simulated/trace-derived
balanced_dispatch,L2R,166.000000,166.250000,166.125000,0.000000,0.000000,0.000000,100.000000,0.250000,ns3-simulated/trace-derived
balanced_dispatch,L2R,166.250000,166.500000,166.375000,0.000000,0.000000,0.000000,100.000000,0.250000,ns3-simulated/trace-derived
balanced_dispatch,L2R,166.500000,166.750000,166.625000,0.000000,0.000000,0.000000,100.000000,0.250000,ns3-simulated/trace-derived
balanced_dispatch,L2R,166.750000,167.000000,166.875000,0.000000,0.000000,0.000000,100.000000,0.250000,ns3-simulated/trace-derived
balanced_dispatch,L2R,167.000000,167.250000,167.125000,0.000000,0.000000,0.000000,100.000000,0.250000,ns3-simulated/trace-derived
balanced_dispatch,L2R,167.250000,167.500000,167.375000,0.000000,0.000000,0.000000,100.000000,0.250000,ns3-simulated/trace-derived
balanced_dispatch,L2R,167.500000,167.750000,167.625000,0.000000,0.000000,0.000000,100.000000,0.250000,ns3-simulated/trace-derived
balanced_dispatch,L2R,167.750000,168.000000,167.875000,0.000000,0.000000,0.000000,100.000000,0.250000,ns3-simulated/trace-derived
balanced_dispatch,L2R,168.000000,168.250000,168.125000,0.000000,0.000000,0.000000,100.000000,0.250000,ns3-simulated/trace-derived
balanced_dispatch,L2R,168.250000,168.500000,168.375000,0.000000,0.000000,0.000000,100.000000,0.250000,ns3-simulated/trace-derived
balanced_dispatch,L2R,168.500000,168.750000,168.625000,0.000000,0.000000,0.000000,100.000000,0.250000,ns3-simulated/trace-derived
balanced_dispatch,L2R,168.750000,169.000000,168.875000,0.000000,0.000000,0.000000,100.000000,0.250000,ns3-simulated/trace-derived
balanced_dispatch,L2R,169.000000,169.250000,169.125000,0.000000,0.000000,0.000000,100.000000,0.250000,ns3-simulated/trace-derived
balanced_dispatch,L2R,169.250000,169.500000,169.375000,0.000000,0.000000,0.000000,100.000000,0.250000,ns3-simulated/trace-derived
balanced_dispatch,L2R,169.500000,169.750000,169.625000,0.000000,0.000000,0.000000,100.000000,0.250000,ns3-simulated/trace-derived
balanced_dispatch,L2R,169.750000,170.000000,169.875000,0.000000,0.000000,0.000000,100.000000,0.250000,ns3-simulated/trace-derived
balanced_dispatch,L2R,170.000000,170.250000,170.125000,0.000000,0.000000,0.000000,100.000000,0.250000,ns3-simulated/trace-derived
balanced_dispatch,L2R,170.250000,170.500000,170.375000,0.000000,0.000000,0.000000,100.000000,0.250000,ns3-simulated/trace-derived
balanced_dispatch,L2R,170.500000,170.750000,170.625000,0.000000,0.000000,0.000000,100.000000,0.250000,ns3-simulated/trace-derived
balanced_dispatch,L2R,170.750000,171.000000,170.875000,0.000000,0.000000,0.000000,100.000000,0.250000,ns3-simulated/trace-derived
balanced_dispatch,L2R,171.000000,171.250000,171.125000,0.000000,0.000000,0.000000,100.000000,0.250000,ns3-simulated/trace-derived
balanced_dispatch,L2R,171.250000,171.500000,171.375000,0.000000,0.000000,0.000000,100.000000,0.250000,ns3-simulated/trace-derived
balanced_dispatch,L2R,171.500000,171.750000,171.625000,0.000000,0.000000,0.000000,100.000000,0.250000,ns3-simulated/trace-derived
balanced_dispatch,L2R,171.750000,172.000000,171.875000,0.000000,0.000000,0.000000,100.000000,0.250000,ns3-simulated/trace-derived
balanced_dispatch,L2R,172.000000,172.250000,172.125000,0.000000,0.000000,0.000000,100.000000,0.250000,ns3-simulated/trace-derived
balanced_dispatch,L2R,172.250000,172.500000,172.375000,0.000000,0.000000,0.000000,100.000000,0.250000,ns3-simulated/trace-derived
balanced_dispatch,L2R,172.500000,172.750000,172.625000,0.000000,0.000000,0.000000,100.000000,0.250000,ns3-simulated/trace-derived
balanced_dispatch,L2R,172.750000,173.000000,172.875000,0.000000,0.000000,0.000000,100.000000,0.250000,ns3-simulated/trace-derived
balanced_dispatch,L2R,173.000000,173.250000,173.125000,0.000000,0.000000,0.000000,100.000000,0.250000,ns3-simulated/trace-derived
balanced_dispatch,L2R,173.250000,173.500000,173.375000,0.000000,0.000000,0.000000,100.000000,0.250000,ns3-simulated/trace-derived
balanced_dispatch,L2R,173.500000,173.750000,173.625000,0.000000,0.000000,0.000000,100.000000,0.250000,ns3-simulated/trace-derived
balanced_dispatch,L2R,173.750000,174.000000,173.875000,0.000000,0.000000,0.000000,100.000000,0.250000,ns3-simulated/trace-derived
balanced_dispatch,L2R,174.000000,174.250000,174.125000,0.000000,0.000000,0.000000,100.000000,0.250000,ns3-simulated/trace-derived
balanced_dispatch,L2R,174.250000,174.500000,174.375000,0.000000,0.000000,0.000000,100.000000,0.250000,ns3-simulated/trace-derived
balanced_dispatch,L2R,174.500000,174.750000,174.625000,0.000000,0.000000,0.000000,100.000000,0.250000,ns3-simulated/trace-derived
balanced_dispatch,L2R,174.750000,175.000000,174.875000,0.000000,0.000000,0.000000,100.000000,0.250000,ns3-simulated/trace-derived
balanced_dispatch,L2R,175.000000,175.250000,175.125000,0.000000,0.000000,0.000000,100.000000,0.250000,ns3-simulated/trace-derived
balanced_dispatch,L2R,175.250000,175.500000,175.375000,0.000000,0.000000,0.000000,100.000000,0.250000,ns3-simulated/trace-derived
balanced_dispatch,L2R,175.500000,175.750000,175.625000,0.000000,0.000000,0.000000,100.000000,0.250000,ns3-simulated/trace-derived
balanced_dispatch,L2R,175.750000,176.000000,175.875000,0.000000,0.000000,0.000000,100.000000,0.250000,ns3-simulated/trace-derived
balanced_dispatch,L2R,176.000000,176.250000,176.125000,0.000000,0.000000,0.000000,100.000000,0.250000,ns3-simulated/trace-derived
balanced_dispatch,L2R,176.250000,176.500000,176.375000,0.000000,0.000000,0.000000,100.000000,0.250000,ns3-simulated/trace-derived
balanced_dispatch,L2R,176.500000,176.750000,176.625000,0.000000,0.000000,0.000000,100.000000,0.250000,ns3-simulated/trace-derived
balanced_dispatch,L2R,176.750000,177.000000,176.875000,0.000000,0.000000,0.000000,100.000000,0.250000,ns3-simulated/trace-derived
balanced_dispatch,L2R,177.000000,177.250000,177.125000,0.000000,0.000000,0.000000,100.000000,0.250000,ns3-simulated/trace-derived
balanced_dispatch,L2R,177.250000,177.500000,177.375000,0.000000,0.000000,0.000000,100.000000,0.250000,ns3-simulated/trace-derived
balanced_dispatch,L2R,177.500000,177.750000,177.625000,0.000000,0.000000,0.000000,100.000000,0.250000,ns3-simulated/trace-derived
balanced_dispatch,L2R,177.750000,178.000000,177.875000,0.000000,0.000000,0.000000,100.000000,0.250000,ns3-simulated/trace-derived
balanced_dispatch,L2R,178.000000,178.250000,178.125000,0.000000,0.000000,0.000000,100.000000,0.250000,ns3-simulated/trace-derived
balanced_dispatch,L2R,178.250000,178.500000,178.375000,0.000000,0.000000,0.000000,100.000000,0.250000,ns3-simulated/trace-derived
balanced_dispatch,L2R,178.500000,178.750000,178.625000,0.000000,0.000000,0.000000,100.000000,0.250000,ns3-simulated/trace-derived
balanced_dispatch,L2R,178.750000,179.000000,178.875000,0.000000,0.000000,0.000000,100.000000,0.250000,ns3-simulated/trace-derived
balanced_dispatch,L2R,179.000000,179.250000,179.125000,0.000000,0.000000,0.000000,100.000000,0.250000,ns3-simulated/trace-derived
balanced_dispatch,L2R,179.250000,179.500000,179.375000,0.000000,0.000000,0.000000,100.000000,0.250000,ns3-simulated/trace-derived
balanced_dispatch,L2R,179.500000,179.750000,179.625000,0.000000,0.000000,0.000000,100.000000,0.250000,ns3-simulated/trace-derived
balanced_dispatch,L2R,179.750000,180.000000,179.875000,0.000000,0.000000,0.000000,100.000000,0.250000,ns3-simulated/trace-derived
balanced_dispatch,L2R,180.000000,180.250000,180.125000,0.000000,0.000000,0.000000,100.000000,0.250000,ns3-simulated/trace-derived
balanced_dispatch,L2R,180.250000,180.500000,180.375000,0.000000,0.000000,0.000000,100.000000,0.250000,ns3-simulated/trace-derived
balanced_dispatch,L2R,180.500000,180.750000,180.625000,0.000000,0.000000,0.000000,100.000000,0.250000,ns3-simulated/trace-derived
balanced_dispatch,L2R,180.750000,181.000000,180.875000,0.000000,0.000000,0.000000,100.000000,0.250000,ns3-simulated/trace-derived
balanced_dispatch,L2R,181.000000,181.250000,181.125000,0.000000,0.000000,0.000000,100.000000,0.250000,ns3-simulated/trace-derived
balanced_dispatch,L2R,181.250000,181.500000,181.375000,0.000000,0.000000,0.000000,100.000000,0.250000,ns3-simulated/trace-derived
balanced_dispatch,L2R,181.500000,181.750000,181.625000,0.000000,0.000000,0.000000,100.000000,0.250000,ns3-simulated/trace-derived
balanced_dispatch,L2R,181.750000,182.000000,181.875000,0.000000,0.000000,0.000000,100.000000,0.250000,ns3-simulated/trace-derived
balanced_dispatch,L2R,182.000000,182.250000,182.125000,0.000000,0.000000,0.000000,100.000000,0.250000,ns3-simulated/trace-derived
balanced_dispatch,L2R,182.250000,182.500000,182.375000,0.000000,0.000000,0.000000,100.000000,0.250000,ns3-simulated/trace-derived
balanced_dispatch,L2R,182.500000,182.750000,182.625000,0.000000,0.000000,0.000000,100.000000,0.250000,ns3-simulated/trace-derived
balanced_dispatch,L2R,182.750000,183.000000,182.875000,0.000000,0.000000,0.000000,100.000000,0.250000,ns3-simulated/trace-derived
balanced_dispatch,L2R,183.000000,183.250000,183.125000,0.000000,0.000000,0.000000,100.000000,0.250000,ns3-simulated/trace-derived
balanced_dispatch,L2R,183.250000,183.500000,183.375000,0.000000,0.000000,0.000000,100.000000,0.250000,ns3-simulated/trace-derived
balanced_dispatch,L2R,183.500000,183.750000,183.625000,0.000000,0.000000,0.000000,100.000000,0.250000,ns3-simulated/trace-derived
balanced_dispatch,L2R,183.750000,184.000000,183.875000,0.000000,0.000000,0.000000,100.000000,0.250000,ns3-simulated/trace-derived
balanced_dispatch,L2R,184.000000,184.250000,184.125000,0.000000,0.000000,0.000000,100.000000,0.250000,ns3-simulated/trace-derived
balanced_dispatch,L2R,184.250000,184.500000,184.375000,0.000000,0.000000,0.000000,100.000000,0.250000,ns3-simulated/trace-derived
balanced_dispatch,L2R,184.500000,184.750000,184.625000,0.000000,0.000000,0.000000,100.000000,0.250000,ns3-simulated/trace-derived
balanced_dispatch,L2R,184.750000,185.000000,184.875000,0.000000,0.000000,0.000000,100.000000,0.250000,ns3-simulated/trace-derived
balanced_dispatch,L2R,185.000000,185.250000,185.125000,0.000000,0.000000,0.000000,100.000000,0.250000,ns3-simulated/trace-derived
balanced_dispatch,L2R,185.250000,185.500000,185.375000,0.000000,0.000000,0.000000,100.000000,0.250000,ns3-simulated/trace-derived
balanced_dispatch,L2R,185.500000,185.750000,185.625000,0.000000,0.000000,0.000000,100.000000,0.250000,ns3-simulated/trace-derived
balanced_dispatch,L2R,185.750000,186.000000,185.875000,0.000000,0.000000,0.000000,100.000000,0.250000,ns3-simulated/trace-derived
balanced_dispatch,L2R,186.000000,186.250000,186.125000,0.000000,0.000000,0.000000,100.000000,0.250000,ns3-simulated/trace-derived
balanced_dispatch,L2R,186.250000,186.500000,186.375000,0.000000,0.000000,0.000000,100.000000,0.250000,ns3-simulated/trace-derived
balanced_dispatch,L2R,186.500000,186.750000,186.625000,0.000000,0.000000,0.000000,100.000000,0.250000,ns3-simulated/trace-derived
balanced_dispatch,L2R,186.750000,187.000000,186.875000,0.000000,0.000000,0.000000,100.000000,0.250000,ns3-simulated/trace-derived
balanced_dispatch,L2R,187.000000,187.250000,187.125000,0.000000,0.000000,0.000000,100.000000,0.250000,ns3-simulated/trace-derived
balanced_dispatch,L2R,187.250000,187.500000,187.375000,0.000000,0.000000,0.000000,100.000000,0.250000,ns3-simulated/trace-derived
balanced_dispatch,L2R,187.500000,187.750000,187.625000,0.000000,0.000000,0.000000,100.000000,0.250000,ns3-simulated/trace-derived
balanced_dispatch,L2R,187.750000,188.000000,187.875000,0.000000,0.000000,0.000000,100.000000,0.250000,ns3-simulated/trace-derived
balanced_dispatch,L2R,188.000000,188.250000,188.125000,0.000000,0.000000,0.000000,100.000000,0.250000,ns3-simulated/trace-derived
balanced_dispatch,L2R,188.250000,188.500000,188.375000,0.000000,0.000000,0.000000,100.000000,0.250000,ns3-simulated/trace-derived
balanced_dispatch,L2R,188.500000,188.750000,188.625000,0.000000,0.000000,0.000000,100.000000,0.250000,ns3-simulated/trace-derived
balanced_dispatch,L2R,188.750000,189.000000,188.875000,0.000000,0.000000,0.000000,100.000000,0.250000,ns3-simulated/trace-derived
balanced_dispatch,L2R,189.000000,189.250000,189.125000,0.000000,0.000000,0.000000,100.000000,0.250000,ns3-simulated/trace-derived
balanced_dispatch,L2R,189.250000,189.500000,189.375000,0.000000,0.000000,0.000000,100.000000,0.250000,ns3-simulated/trace-derived
balanced_dispatch,L2R,189.500000,189.750000,189.625000,0.000000,0.000000,0.000000,100.000000,0.250000,ns3-simulated/trace-derived
balanced_dispatch,L2R,189.750000,190.000000,189.875000,0.000000,0.000000,0.000000,100.000000,0.250000,ns3-simulated/trace-derived
balanced_dispatch,L2R,190.000000,190.250000,190.125000,0.000000,0.000000,0.000000,100.000000,0.250000,ns3-simulated/trace-derived
balanced_dispatch,L2R,190.250000,190.500000,190.375000,0.000000,0.000000,0.000000,100.000000,0.250000,ns3-simulated/trace-derived
balanced_dispatch,L2R,190.500000,190.750000,190.625000,0.000000,0.000000,0.000000,100.000000,0.250000,ns3-simulated/trace-derived
balanced_dispatch,L2R,190.750000,191.000000,190.875000,0.000000,0.000000,0.000000,100.000000,0.250000,ns3-simulated/trace-derived
balanced_dispatch,L2R,191.000000,191.250000,191.125000,0.000000,0.000000,0.000000,100.000000,0.250000,ns3-simulated/trace-derived
balanced_dispatch,L2R,191.250000,191.500000,191.375000,0.000000,0.000000,0.000000,100.000000,0.250000,ns3-simulated/trace-derived
balanced_dispatch,L2R,191.500000,191.750000,191.625000,0.000000,0.000000,0.000000,100.000000,0.250000,ns3-simulated/trace-derived
balanced_dispatch,L2R,191.750000,192.000000,191.875000,0.000000,0.000000,0.000000,100.000000,0.250000,ns3-simulated/trace-derived
balanced_dispatch,L2R,192.000000,192.250000,192.125000,0.000000,0.000000,0.000000,100.000000,0.250000,ns3-simulated/trace-derived
balanced_dispatch,L2R,192.250000,192.500000,192.375000,0.000000,0.000000,0.000000,100.000000,0.250000,ns3-simulated/trace-derived
balanced_dispatch,L2R,192.500000,192.750000,192.625000,0.000000,0.000000,0.000000,100.000000,0.250000,ns3-simulated/trace-derived
balanced_dispatch,L2R,192.750000,193.000000,192.875000,0.000000,0.000000,0.000000,100.000000,0.250000,ns3-simulated/trace-derived
balanced_dispatch,L2R,193.000000,193.250000,193.125000,0.000000,0.000000,0.000000,100.000000,0.250000,ns3-simulated/trace-derived
balanced_dispatch,L2R,193.250000,193.500000,193.375000,0.000000,0.000000,0.000000,100.000000,0.250000,ns3-simulated/trace-derived
balanced_dispatch,L2R,193.500000,193.750000,193.625000,0.000000,0.000000,0.000000,100.000000,0.250000,ns3-simulated/trace-derived
balanced_dispatch,L2R,193.750000,194.000000,193.875000,0.000000,0.000000,0.000000,100.000000,0.250000,ns3-simulated/trace-derived
balanced_dispatch,L2R,194.000000,194.250000,194.125000,0.000000,0.000000,0.000000,100.000000,0.250000,ns3-simulated/trace-derived
balanced_dispatch,L2R,194.250000,194.500000,194.375000,0.000000,0.000000,0.000000,100.000000,0.250000,ns3-simulated/trace-derived
balanced_dispatch,L2R,194.500000,194.750000,194.625000,0.000000,0.000000,0.000000,100.000000,0.250000,ns3-simulated/trace-derived
balanced_dispatch,L2R,194.750000,195.000000,194.875000,0.000000,0.000000,0.000000,100.000000,0.250000,ns3-simulated/trace-derived
balanced_dispatch,L2R,195.000000,195.250000,195.125000,0.000000,0.000000,0.000000,100.000000,0.250000,ns3-simulated/trace-derived
balanced_dispatch,L2R,195.250000,195.500000,195.375000,0.000000,0.000000,0.000000,100.000000,0.250000,ns3-simulated/trace-derived
balanced_dispatch,L2R,195.500000,195.750000,195.625000,0.000000,0.000000,0.000000,100.000000,0.250000,ns3-simulated/trace-derived
balanced_dispatch,L2R,195.750000,196.000000,195.875000,0.000000,0.000000,0.000000,100.000000,0.250000,ns3-simulated/trace-derived
balanced_dispatch,L2R,196.000000,196.250000,196.125000,0.000000,0.000000,0.000000,100.000000,0.250000,ns3-simulated/trace-derived
balanced_dispatch,L2R,196.250000,196.500000,196.375000,0.000000,0.000000,0.000000,100.000000,0.250000,ns3-simulated/trace-derived
balanced_dispatch,L2R,196.500000,196.750000,196.625000,0.000000,0.000000,0.000000,100.000000,0.250000,ns3-simulated/trace-derived
balanced_dispatch,L2R,196.750000,197.000000,196.875000,0.000000,0.000000,0.000000,100.000000,0.250000,ns3-simulated/trace-derived
balanced_dispatch,L2R,197.000000,197.250000,197.125000,0.000000,0.000000,0.000000,100.000000,0.250000,ns3-simulated/trace-derived
balanced_dispatch,L2R,197.250000,197.500000,197.375000,0.000000,0.000000,0.000000,100.000000,0.250000,ns3-simulated/trace-derived
balanced_dispatch,L2R,197.500000,197.750000,197.625000,0.000000,0.000000,0.000000,100.000000,0.250000,ns3-simulated/trace-derived
balanced_dispatch,L2R,197.750000,198.000000,197.875000,0.000000,0.000000,0.000000,100.000000,0.250000,ns3-simulated/trace-derived
balanced_dispatch,L2R,198.000000,198.250000,198.125000,0.000000,0.000000,0.000000,100.000000,0.250000,ns3-simulated/trace-derived
balanced_dispatch,L2R,198.250000,198.500000,198.375000,0.000000,0.000000,0.000000,100.000000,0.250000,ns3-simulated/trace-derived
balanced_dispatch,L2R,198.500000,198.750000,198.625000,0.000000,0.000000,0.000000,100.000000,0.250000,ns3-simulated/trace-derived
balanced_dispatch,L2R,198.750000,199.000000,198.875000,0.000000,0.000000,0.000000,100.000000,0.250000,ns3-simulated/trace-derived
balanced_dispatch,L2R,199.000000,199.250000,199.125000,0.000000,0.000000,0.000000,100.000000,0.250000,ns3-simulated/trace-derived
balanced_dispatch,L2R,199.250000,199.500000,199.375000,0.000000,0.000000,0.000000,100.000000,0.250000,ns3-simulated/trace-derived
balanced_dispatch,L2R,199.500000,199.750000,199.625000,0.000000,0.000000,0.000000,100.000000,0.250000,ns3-simulated/trace-derived
balanced_dispatch,L2R,199.750000,200.000000,199.875000,0.000000,0.000000,0.000000,100.000000,0.250000,ns3-simulated/trace-derived
balanced_dispatch,L2R,200.000000,200.250000,200.125000,0.000000,0.000000,0.000000,100.000000,0.250000,ns3-simulated/trace-derived
balanced_dispatch,L2R,200.250000,200.500000,200.375000,0.000000,0.000000,0.000000,100.000000,0.250000,ns3-simulated/trace-derived
balanced_dispatch,L2R,200.500000,200.750000,200.625000,0.000000,0.000000,0.000000,100.000000,0.250000,ns3-simulated/trace-derived
balanced_dispatch,L2R,200.750000,201.000000,200.875000,0.000000,0.000000,0.000000,100.000000,0.250000,ns3-simulated/trace-derived
balanced_dispatch,L2R,201.000000,201.250000,201.125000,0.000000,0.000000,0.000000,100.000000,0.250000,ns3-simulated/trace-derived
balanced_dispatch,L2R,201.250000,201.500000,201.375000,0.000000,0.000000,0.000000,100.000000,0.250000,ns3-simulated/trace-derived
balanced_dispatch,L2R,201.500000,201.750000,201.625000,0.000000,0.000000,0.000000,100.000000,0.250000,ns3-simulated/trace-derived
balanced_dispatch,L2R,201.750000,202.000000,201.875000,0.000000,0.000000,0.000000,100.000000,0.250000,ns3-simulated/trace-derived
balanced_dispatch,L2R,202.000000,202.250000,202.125000,0.000000,0.000000,0.000000,100.000000,0.250000,ns3-simulated/trace-derived
balanced_dispatch,L2R,202.250000,202.500000,202.375000,0.000000,0.000000,0.000000,100.000000,0.250000,ns3-simulated/trace-derived
balanced_dispatch,L2R,202.500000,202.750000,202.625000,0.000000,0.000000,0.000000,100.000000,0.250000,ns3-simulated/trace-derived
balanced_dispatch,L2R,202.750000,203.000000,202.875000,0.000000,0.000000,0.000000,100.000000,0.250000,ns3-simulated/trace-derived
balanced_dispatch,L2R,203.000000,203.250000,203.125000,0.000000,0.000000,0.000000,100.000000,0.250000,ns3-simulated/trace-derived
balanced_dispatch,L2R,203.250000,203.500000,203.375000,0.000000,0.000000,0.000000,100.000000,0.250000,ns3-simulated/trace-derived
balanced_dispatch,L2R,203.500000,203.750000,203.625000,0.000000,0.000000,0.000000,100.000000,0.250000,ns3-simulated/trace-derived
balanced_dispatch,L2R,203.750000,204.000000,203.875000,0.000000,0.000000,0.000000,100.000000,0.250000,ns3-simulated/trace-derived
balanced_dispatch,L2R,204.000000,204.250000,204.125000,0.000000,0.000000,0.000000,100.000000,0.250000,ns3-simulated/trace-derived
balanced_dispatch,L2R,204.250000,204.500000,204.375000,0.000000,0.000000,0.000000,100.000000,0.250000,ns3-simulated/trace-derived
balanced_dispatch,L2R,204.500000,204.750000,204.625000,0.000000,0.000000,0.000000,100.000000,0.250000,ns3-simulated/trace-derived
balanced_dispatch,L2R,204.750000,205.000000,204.875000,0.000000,0.000000,0.000000,100.000000,0.250000,ns3-simulated/trace-derived
balanced_dispatch,L2R,205.000000,205.250000,205.125000,0.000000,0.000000,0.000000,100.000000,0.250000,ns3-simulated/trace-derived
balanced_dispatch,L2R,205.250000,205.500000,205.375000,0.000000,0.000000,0.000000,100.000000,0.250000,ns3-simulated/trace-derived
balanced_dispatch,L2R,205.500000,205.750000,205.625000,0.000000,0.000000,0.000000,100.000000,0.250000,ns3-simulated/trace-derived
balanced_dispatch,L2R,205.750000,206.000000,205.875000,0.000000,0.000000,0.000000,100.000000,0.250000,ns3-simulated/trace-derived
balanced_dispatch,L2R,206.000000,206.250000,206.125000,0.000000,0.000000,0.000000,100.000000,0.250000,ns3-simulated/trace-derived
balanced_dispatch,L2R,206.250000,206.500000,206.375000,0.000000,0.000000,0.000000,100.000000,0.250000,ns3-simulated/trace-derived
balanced_dispatch,L2R,206.500000,206.750000,206.625000,0.000000,0.000000,0.000000,100.000000,0.250000,ns3-simulated/trace-derived
balanced_dispatch,L2R,206.750000,207.000000,206.875000,0.000000,0.000000,0.000000,100.000000,0.250000,ns3-simulated/trace-derived
balanced_dispatch,L2R,207.000000,207.250000,207.125000,0.000000,0.000000,0.000000,100.000000,0.250000,ns3-simulated/trace-derived
balanced_dispatch,L2R,207.250000,207.500000,207.375000,0.000000,0.000000,0.000000,100.000000,0.250000,ns3-simulated/trace-derived
balanced_dispatch,L2R,207.500000,207.750000,207.625000,0.000000,0.000000,0.000000,100.000000,0.250000,ns3-simulated/trace-derived
balanced_dispatch,L2R,207.750000,208.000000,207.875000,0.000000,0.000000,0.000000,100.000000,0.250000,ns3-simulated/trace-derived
balanced_dispatch,L2R,208.000000,208.250000,208.125000,0.000000,0.000000,0.000000,100.000000,0.250000,ns3-simulated/trace-derived
balanced_dispatch,L2R,208.250000,208.500000,208.375000,0.000000,0.000000,0.000000,100.000000,0.250000,ns3-simulated/trace-derived
balanced_dispatch,L2R,208.500000,208.750000,208.625000,0.000000,0.000000,0.000000,100.000000,0.250000,ns3-simulated/trace-derived
balanced_dispatch,L2R,208.750000,209.000000,208.875000,0.000000,0.000000,0.000000,100.000000,0.250000,ns3-simulated/trace-derived
balanced_dispatch,L2R,209.000000,209.250000,209.125000,0.000000,0.000000,0.000000,100.000000,0.250000,ns3-simulated/trace-derived
balanced_dispatch,L2R,209.250000,209.500000,209.375000,0.000000,0.000000,0.000000,100.000000,0.250000,ns3-simulated/trace-derived
balanced_dispatch,L2R,209.500000,209.750000,209.625000,0.000000,0.000000,0.000000,100.000000,0.250000,ns3-simulated/trace-derived
balanced_dispatch,L2R,209.750000,210.000000,209.875000,0.000000,0.000000,0.000000,100.000000,0.250000,ns3-simulated/trace-derived
balanced_dispatch,L2R,210.000000,210.250000,210.125000,0.000000,0.000000,0.000000,100.000000,0.250000,ns3-simulated/trace-derived
balanced_dispatch,L2R,210.250000,210.500000,210.375000,0.000000,0.000000,0.000000,100.000000,0.250000,ns3-simulated/trace-derived
balanced_dispatch,L2R,210.500000,210.750000,210.625000,0.000000,0.000000,0.000000,100.000000,0.250000,ns3-simulated/trace-derived
balanced_dispatch,L2R,210.750000,211.000000,210.875000,0.000000,0.000000,0.000000,100.000000,0.250000,ns3-simulated/trace-derived
balanced_dispatch,L2R,211.000000,211.250000,211.125000,0.000000,0.000000,0.000000,100.000000,0.250000,ns3-simulated/trace-derived
balanced_dispatch,L2R,211.250000,211.500000,211.375000,0.000000,0.000000,0.000000,100.000000,0.250000,ns3-simulated/trace-derived
balanced_dispatch,L2R,211.500000,211.750000,211.625000,0.000000,0.000000,0.000000,100.000000,0.250000,ns3-simulated/trace-derived
balanced_dispatch,L2R,211.750000,212.000000,211.875000,0.000000,0.000000,0.000000,100.000000,0.250000,ns3-simulated/trace-derived
balanced_dispatch,L2R,212.000000,212.250000,212.125000,0.000000,0.000000,0.000000,100.000000,0.250000,ns3-simulated/trace-derived
balanced_dispatch,L2R,212.250000,212.500000,212.375000,0.000000,0.000000,0.000000,100.000000,0.250000,ns3-simulated/trace-derived
balanced_dispatch,L2R,212.500000,212.750000,212.625000,0.000000,0.000000,0.000000,100.000000,0.250000,ns3-simulated/trace-derived
balanced_dispatch,L2R,212.750000,213.000000,212.875000,0.000000,0.000000,0.000000,100.000000,0.250000,ns3-simulated/trace-derived
balanced_dispatch,L2R,213.000000,213.250000,213.125000,0.000000,0.000000,0.000000,100.000000,0.250000,ns3-simulated/trace-derived
balanced_dispatch,L2R,213.250000,213.500000,213.375000,0.000000,0.000000,0.000000,100.000000,0.250000,ns3-simulated/trace-derived
balanced_dispatch,L2R,213.500000,213.750000,213.625000,0.000000,0.000000,0.000000,100.000000,0.250000,ns3-simulated/trace-derived
balanced_dispatch,L2R,213.750000,214.000000,213.875000,0.000000,0.000000,0.000000,100.000000,0.250000,ns3-simulated/trace-derived
balanced_dispatch,L2R,214.000000,214.250000,214.125000,0.000000,0.000000,0.000000,100.000000,0.250000,ns3-simulated/trace-derived
balanced_dispatch,L2R,214.250000,214.500000,214.375000,0.000000,0.000000,0.000000,100.000000,0.250000,ns3-simulated/trace-derived
balanced_dispatch,L2R,214.500000,214.750000,214.625000,0.000000,0.000000,0.000000,100.000000,0.250000,ns3-simulated/trace-derived
balanced_dispatch,L2R,214.750000,215.000000,214.875000,0.000000,0.000000,0.000000,100.000000,0.250000,ns3-simulated/trace-derived
balanced_dispatch,L2R,215.000000,215.250000,215.125000,0.000000,0.000000,0.000000,100.000000,0.250000,ns3-simulated/trace-derived
balanced_dispatch,L2R,215.250000,215.500000,215.375000,0.000000,0.000000,0.000000,100.000000,0.250000,ns3-simulated/trace-derived
balanced_dispatch,L2R,215.500000,215.750000,215.625000,0.000000,0.000000,0.000000,100.000000,0.250000,ns3-simulated/trace-derived
balanced_dispatch,L2R,215.750000,216.000000,215.875000,0.000000,0.000000,0.000000,100.000000,0.250000,ns3-simulated/trace-derived
balanced_dispatch,L2R,216.000000,216.250000,216.125000,0.000000,0.000000,0.000000,100.000000,0.250000,ns3-simulated/trace-derived
balanced_dispatch,L2R,216.250000,216.500000,216.375000,0.000000,0.000000,0.000000,100.000000,0.250000,ns3-simulated/trace-derived
balanced_dispatch,L2R,216.500000,216.750000,216.625000,0.000000,0.000000,0.000000,100.000000,0.250000,ns3-simulated/trace-derived
balanced_dispatch,L2R,216.750000,217.000000,216.875000,0.000000,0.000000,0.000000,100.000000,0.250000,ns3-simulated/trace-derived
balanced_dispatch,L2R,217.000000,217.250000,217.125000,0.000000,0.000000,0.000000,100.000000,0.250000,ns3-simulated/trace-derived
balanced_dispatch,L2R,217.250000,217.500000,217.375000,0.000000,0.000000,0.000000,100.000000,0.250000,ns3-simulated/trace-derived
balanced_dispatch,L2R,217.500000,217.750000,217.625000,0.000000,0.000000,0.000000,100.000000,0.250000,ns3-simulated/trace-derived
balanced_dispatch,L2R,217.750000,218.000000,217.875000,0.000000,0.000000,0.000000,100.000000,0.250000,ns3-simulated/trace-derived
balanced_dispatch,L2R,218.000000,218.250000,218.125000,0.000000,0.000000,0.000000,100.000000,0.250000,ns3-simulated/trace-derived
balanced_dispatch,L2R,218.250000,218.500000,218.375000,0.000000,0.000000,0.000000,100.000000,0.250000,ns3-simulated/trace-derived
balanced_dispatch,L2R,218.500000,218.750000,218.625000,0.000000,0.000000,0.000000,100.000000,0.250000,ns3-simulated/trace-derived
balanced_dispatch,L2R,218.750000,219.000000,218.875000,0.000000,0.000000,0.000000,100.000000,0.250000,ns3-simulated/trace-derived
balanced_dispatch,L2R,219.000000,219.250000,219.125000,0.000000,0.000000,0.000000,100.000000,0.250000,ns3-simulated/trace-derived
balanced_dispatch,L2R,219.250000,219.500000,219.375000,0.000000,0.000000,0.000000,100.000000,0.250000,ns3-simulated/trace-derived
balanced_dispatch,L2R,219.500000,219.750000,219.625000,0.000000,0.000000,0.000000,100.000000,0.250000,ns3-simulated/trace-derived
balanced_dispatch,L2R,219.750000,220.000000,219.875000,0.000000,0.000000,0.000000,100.000000,0.250000,ns3-simulated/trace-derived
balanced_dispatch,L2R,220.000000,220.250000,220.125000,0.000000,0.000000,0.000000,100.000000,0.250000,ns3-simulated/trace-derived
balanced_dispatch,L2R,220.250000,220.500000,220.375000,0.000000,0.000000,0.000000,100.000000,0.250000,ns3-simulated/trace-derived
balanced_dispatch,L2R,220.500000,220.750000,220.625000,0.000000,0.000000,0.000000,100.000000,0.250000,ns3-simulated/trace-derived
balanced_dispatch,L2R,220.750000,221.000000,220.875000,0.000000,0.000000,0.000000,100.000000,0.250000,ns3-simulated/trace-derived
balanced_dispatch,L2R,221.000000,221.250000,221.125000,0.000000,0.000000,0.000000,100.000000,0.250000,ns3-simulated/trace-derived
balanced_dispatch,L2R,221.250000,221.500000,221.375000,0.000000,0.000000,0.000000,100.000000,0.250000,ns3-simulated/trace-derived
balanced_dispatch,L2R,221.500000,221.750000,221.625000,0.000000,0.000000,0.000000,100.000000,0.250000,ns3-simulated/trace-derived
balanced_dispatch,L2R,221.750000,222.000000,221.875000,0.000000,0.000000,0.000000,100.000000,0.250000,ns3-simulated/trace-derived
balanced_dispatch,L2R,222.000000,222.250000,222.125000,0.000000,0.000000,0.000000,100.000000,0.250000,ns3-simulated/trace-derived
balanced_dispatch,L2R,222.250000,222.500000,222.375000,0.000000,0.000000,0.000000,100.000000,0.250000,ns3-simulated/trace-derived
balanced_dispatch,L2R,222.500000,222.750000,222.625000,0.000000,0.000000,0.000000,100.000000,0.250000,ns3-simulated/trace-derived
balanced_dispatch,L2R,222.750000,223.000000,222.875000,0.000000,0.000000,0.000000,100.000000,0.250000,ns3-simulated/trace-derived
balanced_dispatch,L2R,223.000000,223.250000,223.125000,0.000000,0.000000,0.000000,100.000000,0.250000,ns3-simulated/trace-derived
balanced_dispatch,L2R,223.250000,223.500000,223.375000,0.000000,0.000000,0.000000,100.000000,0.250000,ns3-simulated/trace-derived
balanced_dispatch,L2R,223.500000,223.750000,223.625000,0.000000,0.000000,0.000000,100.000000,0.250000,ns3-simulated/trace-derived
balanced_dispatch,L2R,223.750000,224.000000,223.875000,0.000000,0.000000,0.000000,100.000000,0.250000,ns3-simulated/trace-derived
balanced_dispatch,L2R,224.000000,224.250000,224.125000,0.000000,0.000000,0.000000,100.000000,0.250000,ns3-simulated/trace-derived
balanced_dispatch,L2R,224.250000,224.500000,224.375000,0.000000,0.000000,0.000000,100.000000,0.250000,ns3-simulated/trace-derived
balanced_dispatch,L2R,224.500000,224.750000,224.625000,0.000000,0.000000,0.000000,100.000000,0.250000,ns3-simulated/trace-derived
balanced_dispatch,L2R,224.750000,225.000000,224.875000,0.000000,0.000000,0.000000,100.000000,0.250000,ns3-simulated/trace-derived
balanced_dispatch,L2R,225.000000,225.250000,225.125000,0.000000,0.000000,0.000000,100.000000,0.250000,ns3-simulated/trace-derived
balanced_dispatch,L2R,225.250000,225.500000,225.375000,0.000000,0.000000,0.000000,100.000000,0.250000,ns3-simulated/trace-derived
balanced_dispatch,L2R,225.500000,225.750000,225.625000,0.000000,0.000000,0.000000,100.000000,0.250000,ns3-simulated/trace-derived
balanced_dispatch,L2R,225.750000,226.000000,225.875000,0.000000,0.000000,0.000000,100.000000,0.250000,ns3-simulated/trace-derived
balanced_dispatch,L2R,226.000000,226.250000,226.125000,0.000000,0.000000,0.000000,100.000000,0.250000,ns3-simulated/trace-derived
balanced_dispatch,L2R,226.250000,226.500000,226.375000,0.000000,0.000000,0.000000,100.000000,0.250000,ns3-simulated/trace-derived
balanced_dispatch,L2R,226.500000,226.750000,226.625000,0.000000,0.000000,0.000000,100.000000,0.250000,ns3-simulated/trace-derived
balanced_dispatch,L2R,226.750000,227.000000,226.875000,0.000000,0.000000,0.000000,100.000000,0.250000,ns3-simulated/trace-derived
balanced_dispatch,L2R,227.000000,227.250000,227.125000,0.000000,0.000000,0.000000,100.000000,0.250000,ns3-simulated/trace-derived
balanced_dispatch,L2R,227.250000,227.500000,227.375000,0.000000,0.000000,0.000000,100.000000,0.250000,ns3-simulated/trace-derived
balanced_dispatch,L2R,227.500000,227.750000,227.625000,0.000000,0.000000,0.000000,100.000000,0.250000,ns3-simulated/trace-derived
balanced_dispatch,L2R,227.750000,228.000000,227.875000,0.000000,0.000000,0.000000,100.000000,0.250000,ns3-simulated/trace-derived
balanced_dispatch,L2R,228.000000,228.250000,228.125000,0.000000,0.000000,0.000000,100.000000,0.250000,ns3-simulated/trace-derived
balanced_dispatch,L2R,228.250000,228.500000,228.375000,0.000000,0.000000,0.000000,100.000000,0.250000,ns3-simulated/trace-derived
balanced_dispatch,L2R,228.500000,228.750000,228.625000,0.000000,0.000000,0.000000,100.000000,0.250000,ns3-simulated/trace-derived
balanced_dispatch,L2R,228.750000,229.000000,228.875000,0.000000,0.000000,0.000000,100.000000,0.250000,ns3-simulated/trace-derived
balanced_dispatch,L2R,229.000000,229.250000,229.125000,0.000000,0.000000,0.000000,100.000000,0.250000,ns3-simulated/trace-derived
balanced_dispatch,L2R,229.250000,229.500000,229.375000,0.000000,0.000000,0.000000,100.000000,0.250000,ns3-simulated/trace-derived
balanced_dispatch,L2R,229.500000,229.750000,229.625000,0.000000,0.000000,0.000000,100.000000,0.250000,ns3-simulated/trace-derived
balanced_dispatch,L2R,229.750000,230.000000,229.875000,0.000000,0.000000,0.000000,100.000000,0.250000,ns3-simulated/trace-derived
balanced_dispatch,L2R,230.000000,230.250000,230.125000,0.000000,0.000000,0.000000,100.000000,0.250000,ns3-simulated/trace-derived
balanced_dispatch,L2R,230.250000,230.500000,230.375000,0.000000,0.000000,0.000000,100.000000,0.250000,ns3-simulated/trace-derived
balanced_dispatch,L2R,230.500000,230.750000,230.625000,0.000000,0.000000,0.000000,100.000000,0.250000,ns3-simulated/trace-derived
balanced_dispatch,L2R,230.750000,231.000000,230.875000,0.000000,0.000000,0.000000,100.000000,0.250000,ns3-simulated/trace-derived
balanced_dispatch,L2R,231.000000,231.250000,231.125000,0.000000,0.000000,0.000000,100.000000,0.250000,ns3-simulated/trace-derived
balanced_dispatch,L2R,231.250000,231.500000,231.375000,0.000000,0.000000,0.000000,100.000000,0.250000,ns3-simulated/trace-derived
balanced_dispatch,L2R,231.500000,231.750000,231.625000,0.000000,0.000000,0.000000,100.000000,0.250000,ns3-simulated/trace-derived
balanced_dispatch,L2R,231.750000,232.000000,231.875000,0.000000,0.000000,0.000000,100.000000,0.250000,ns3-simulated/trace-derived
balanced_dispatch,L2R,232.000000,232.250000,232.125000,0.000000,0.000000,0.000000,100.000000,0.250000,ns3-simulated/trace-derived
balanced_dispatch,L2R,232.250000,232.500000,232.375000,0.000000,0.000000,0.000000,100.000000,0.250000,ns3-simulated/trace-derived
balanced_dispatch,L2R,232.500000,232.750000,232.625000,0.000000,0.000000,0.000000,100.000000,0.250000,ns3-simulated/trace-derived
balanced_dispatch,L2R,232.750000,233.000000,232.875000,0.000000,0.000000,0.000000,100.000000,0.250000,ns3-simulated/trace-derived
balanced_dispatch,L2R,233.000000,233.250000,233.125000,0.000000,0.000000,0.000000,100.000000,0.250000,ns3-simulated/trace-derived
balanced_dispatch,L2R,233.250000,233.500000,233.375000,0.000000,0.000000,0.000000,100.000000,0.250000,ns3-simulated/trace-derived
balanced_dispatch,L2R,233.500000,233.750000,233.625000,0.000000,0.000000,0.000000,100.000000,0.250000,ns3-simulated/trace-derived
balanced_dispatch,L2R,233.750000,234.000000,233.875000,0.000000,0.000000,0.000000,100.000000,0.250000,ns3-simulated/trace-derived
balanced_dispatch,L2R,234.000000,234.250000,234.125000,0.000000,0.000000,0.000000,100.000000,0.250000,ns3-simulated/trace-derived
balanced_dispatch,L2R,234.250000,234.500000,234.375000,0.000000,0.000000,0.000000,100.000000,0.250000,ns3-simulated/trace-derived
balanced_dispatch,L2R,234.500000,234.750000,234.625000,0.000000,0.000000,0.000000,100.000000,0.250000,ns3-simulated/trace-derived
balanced_dispatch,L2R,234.750000,235.000000,234.875000,0.000000,0.000000,0.000000,100.000000,0.250000,ns3-simulated/trace-derived
balanced_dispatch,L2R,235.000000,235.250000,235.125000,0.000000,0.000000,0.000000,100.000000,0.250000,ns3-simulated/trace-derived
balanced_dispatch,L2R,235.250000,235.500000,235.375000,0.000000,0.000000,0.000000,100.000000,0.250000,ns3-simulated/trace-derived
balanced_dispatch,L2R,235.500000,235.750000,235.625000,0.000000,0.000000,0.000000,100.000000,0.250000,ns3-simulated/trace-derived
balanced_dispatch,L2R,235.750000,236.000000,235.875000,0.000000,0.000000,0.000000,100.000000,0.250000,ns3-simulated/trace-derived
balanced_dispatch,L2R,236.000000,236.250000,236.125000,0.000000,0.000000,0.000000,100.000000,0.250000,ns3-simulated/trace-derived
balanced_dispatch,L2R,236.250000,236.500000,236.375000,0.000000,0.000000,0.000000,100.000000,0.250000,ns3-simulated/trace-derived
balanced_dispatch,L2R,236.500000,236.750000,236.625000,0.000000,0.000000,0.000000,100.000000,0.250000,ns3-simulated/trace-derived
balanced_dispatch,L2R,236.750000,237.000000,236.875000,0.000000,0.000000,0.000000,100.000000,0.250000,ns3-simulated/trace-derived
balanced_dispatch,L2R,237.000000,237.250000,237.125000,0.000000,0.000000,0.000000,100.000000,0.250000,ns3-simulated/trace-derived
balanced_dispatch,L2R,237.250000,237.500000,237.375000,0.000000,0.000000,0.000000,100.000000,0.250000,ns3-simulated/trace-derived
balanced_dispatch,L2R,237.500000,237.750000,237.625000,0.000000,0.000000,0.000000,100.000000,0.250000,ns3-simulated/trace-derived
balanced_dispatch,L2R,237.750000,238.000000,237.875000,0.000000,0.000000,0.000000,100.000000,0.250000,ns3-simulated/trace-derived
balanced_dispatch,L2R,238.000000,238.250000,238.125000,0.000000,0.000000,0.000000,100.000000,0.250000,ns3-simulated/trace-derived
balanced_dispatch,L2R,238.250000,238.500000,238.375000,0.000000,0.000000,0.000000,100.000000,0.250000,ns3-simulated/trace-derived
balanced_dispatch,L2R,238.500000,238.750000,238.625000,0.000000,0.000000,0.000000,100.000000,0.250000,ns3-simulated/trace-derived
balanced_dispatch,L2R,238.750000,239.000000,238.875000,0.000000,0.000000,0.000000,100.000000,0.250000,ns3-simulated/trace-derived
balanced_dispatch,L2R,239.000000,239.250000,239.125000,0.000000,0.000000,0.000000,100.000000,0.250000,ns3-simulated/trace-derived
balanced_dispatch,L2R,239.250000,239.500000,239.375000,0.000000,0.000000,0.000000,100.000000,0.250000,ns3-simulated/trace-derived
balanced_dispatch,L2R,239.500000,239.750000,239.625000,0.000000,0.000000,0.000000,100.000000,0.250000,ns3-simulated/trace-derived
balanced_dispatch,L2R,239.750000,240.000000,239.875000,0.000000,0.000000,0.000000,100.000000,0.250000,ns3-simulated/trace-derived
balanced_dispatch,L2R,240.000000,240.250000,240.125000,0.000000,0.000000,0.000000,100.000000,0.250000,ns3-simulated/trace-derived
balanced_dispatch,L2R,240.250000,240.500000,240.375000,0.000000,0.000000,0.000000,100.000000,0.250000,ns3-simulated/trace-derived
balanced_dispatch,L2R,240.500000,240.750000,240.625000,0.000000,0.000000,0.000000,100.000000,0.250000,ns3-simulated/trace-derived
balanced_dispatch,L2R,240.750000,241.000000,240.875000,0.000000,0.000000,0.000000,100.000000,0.250000,ns3-simulated/trace-derived
balanced_dispatch,L2R,241.000000,241.250000,241.125000,0.000000,0.000000,0.000000,100.000000,0.250000,ns3-simulated/trace-derived
balanced_dispatch,L2R,241.250000,241.500000,241.375000,0.000000,0.000000,0.000000,100.000000,0.250000,ns3-simulated/trace-derived
balanced_dispatch,L2R,241.500000,241.750000,241.625000,0.000000,0.000000,0.000000,100.000000,0.250000,ns3-simulated/trace-derived
balanced_dispatch,L2R,241.750000,242.000000,241.875000,0.000000,0.000000,0.000000,100.000000,0.250000,ns3-simulated/trace-derived
balanced_dispatch,L2R,242.000000,242.250000,242.125000,0.000000,0.000000,0.000000,100.000000,0.250000,ns3-simulated/trace-derived
balanced_dispatch,L2R,242.250000,242.500000,242.375000,0.000000,0.000000,0.000000,100.000000,0.250000,ns3-simulated/trace-derived
balanced_dispatch,L2R,242.500000,242.750000,242.625000,0.000000,0.000000,0.000000,100.000000,0.250000,ns3-simulated/trace-derived
balanced_dispatch,L2R,242.750000,243.000000,242.875000,0.000000,0.000000,0.000000,100.000000,0.250000,ns3-simulated/trace-derived
balanced_dispatch,L2R,243.000000,243.250000,243.125000,0.000000,0.000000,0.000000,100.000000,0.250000,ns3-simulated/trace-derived
balanced_dispatch,L2R,243.250000,243.500000,243.375000,0.000000,0.000000,0.000000,100.000000,0.250000,ns3-simulated/trace-derived
balanced_dispatch,L2R,243.500000,243.750000,243.625000,0.000000,0.000000,0.000000,100.000000,0.250000,ns3-simulated/trace-derived
balanced_dispatch,L2R,243.750000,244.000000,243.875000,0.000000,0.000000,0.000000,100.000000,0.250000,ns3-simulated/trace-derived
balanced_dispatch,L2R,244.000000,244.250000,244.125000,0.000000,0.000000,0.000000,100.000000,0.250000,ns3-simulated/trace-derived
balanced_dispatch,L2R,244.250000,244.500000,244.375000,0.000000,0.000000,0.000000,100.000000,0.250000,ns3-simulated/trace-derived
balanced_dispatch,L2R,244.500000,244.750000,244.625000,0.000000,0.000000,0.000000,100.000000,0.250000,ns3-simulated/trace-derived
balanced_dispatch,L2R,244.750000,245.000000,244.875000,0.000000,0.000000,0.000000,100.000000,0.250000,ns3-simulated/trace-derived
balanced_dispatch,L2R,245.000000,245.250000,245.125000,0.000000,0.000000,0.000000,100.000000,0.250000,ns3-simulated/trace-derived
balanced_dispatch,L2R,245.250000,245.500000,245.375000,0.000000,0.000000,0.000000,100.000000,0.250000,ns3-simulated/trace-derived
balanced_dispatch,L2R,245.500000,245.750000,245.625000,0.000000,0.000000,0.000000,100.000000,0.250000,ns3-simulated/trace-derived
balanced_dispatch,L2R,245.750000,246.000000,245.875000,0.000000,0.000000,0.000000,100.000000,0.250000,ns3-simulated/trace-derived
balanced_dispatch,L2R,246.000000,246.250000,246.125000,0.000000,0.000000,0.000000,100.000000,0.250000,ns3-simulated/trace-derived
balanced_dispatch,L2R,246.250000,246.500000,246.375000,0.000000,0.000000,0.000000,100.000000,0.250000,ns3-simulated/trace-derived
balanced_dispatch,L2R,246.500000,246.750000,246.625000,0.000000,0.000000,0.000000,100.000000,0.250000,ns3-simulated/trace-derived
balanced_dispatch,L2R,246.750000,247.000000,246.875000,0.000000,0.000000,0.000000,100.000000,0.250000,ns3-simulated/trace-derived
balanced_dispatch,L2R,247.000000,247.250000,247.125000,0.000000,0.000000,0.000000,100.000000,0.250000,ns3-simulated/trace-derived
balanced_dispatch,L2R,247.250000,247.500000,247.375000,0.000000,0.000000,0.000000,100.000000,0.250000,ns3-simulated/trace-derived
balanced_dispatch,L2R,247.500000,247.750000,247.625000,0.000000,0.000000,0.000000,100.000000,0.250000,ns3-simulated/trace-derived
balanced_dispatch,L2R,247.750000,248.000000,247.875000,0.000000,0.000000,0.000000,100.000000,0.250000,ns3-simulated/trace-derived
balanced_dispatch,L2R,248.000000,248.250000,248.125000,0.000000,0.000000,0.000000,100.000000,0.250000,ns3-simulated/trace-derived
balanced_dispatch,L2R,248.250000,248.500000,248.375000,0.000000,0.000000,0.000000,100.000000,0.250000,ns3-simulated/trace-derived
balanced_dispatch,L2R,248.500000,248.750000,248.625000,0.000000,0.000000,0.000000,100.000000,0.250000,ns3-simulated/trace-derived
balanced_dispatch,L2R,248.750000,249.000000,248.875000,0.000000,0.000000,0.000000,100.000000,0.250000,ns3-simulated/trace-derived
balanced_dispatch,L2R,249.000000,249.250000,249.125000,0.000000,0.000000,0.000000,100.000000,0.250000,ns3-simulated/trace-derived
balanced_dispatch,L2R,249.250000,249.500000,249.375000,0.000000,0.000000,0.000000,100.000000,0.250000,ns3-simulated/trace-derived
balanced_dispatch,L2R,249.500000,249.750000,249.625000,0.000000,0.000000,0.000000,100.000000,0.250000,ns3-simulated/trace-derived
balanced_dispatch,L2R,249.750000,250.000000,249.875000,0.000000,0.000000,0.000000,100.000000,0.250000,ns3-simulated/trace-derived
balanced_dispatch,L2R,250.000000,250.250000,250.125000,0.000000,0.000000,0.000000,100.000000,0.250000,ns3-simulated/trace-derived
balanced_dispatch,L2R,250.250000,250.500000,250.375000,0.000000,0.000000,0.000000,100.000000,0.250000,ns3-simulated/trace-derived
balanced_dispatch,L2R,250.500000,250.750000,250.625000,0.000000,0.000000,0.000000,100.000000,0.250000,ns3-simulated/trace-derived
balanced_dispatch,L2R,250.750000,251.000000,250.875000,0.000000,0.000000,0.000000,100.000000,0.250000,ns3-simulated/trace-derived
balanced_dispatch,L2R,251.000000,251.250000,251.125000,0.000000,0.000000,0.000000,100.000000,0.250000,ns3-simulated/trace-derived
balanced_dispatch,L2R,251.250000,251.500000,251.375000,0.000000,0.000000,0.000000,100.000000,0.250000,ns3-simulated/trace-derived
balanced_dispatch,L2R,251.500000,251.750000,251.625000,0.000000,0.000000,0.000000,100.000000,0.250000,ns3-simulated/trace-derived
balanced_dispatch,L2R,251.750000,252.000000,251.875000,0.000000,0.000000,0.000000,100.000000,0.250000,ns3-simulated/trace-derived
balanced_dispatch,L2R,252.000000,252.250000,252.125000,0.000000,0.000000,0.000000,100.000000,0.250000,ns3-simulated/trace-derived
balanced_dispatch,L2R,252.250000,252.500000,252.375000,0.000000,0.000000,0.000000,100.000000,0.250000,ns3-simulated/trace-derived
balanced_dispatch,L2R,252.500000,252.750000,252.625000,0.000000,0.000000,0.000000,100.000000,0.250000,ns3-simulated/trace-derived
balanced_dispatch,L2R,252.750000,253.000000,252.875000,0.000000,0.000000,0.000000,100.000000,0.250000,ns3-simulated/trace-derived
balanced_dispatch,L2R,253.000000,253.250000,253.125000,0.000000,0.000000,0.000000,100.000000,0.250000,ns3-simulated/trace-derived
balanced_dispatch,L2R,253.250000,253.500000,253.375000,0.000000,0.000000,0.000000,100.000000,0.250000,ns3-simulated/trace-derived
balanced_dispatch,L2R,253.500000,253.750000,253.625000,0.000000,0.000000,0.000000,100.000000,0.250000,ns3-simulated/trace-derived
balanced_dispatch,L2R,253.750000,254.000000,253.875000,0.000000,0.000000,0.000000,100.000000,0.250000,ns3-simulated/trace-derived
balanced_dispatch,L2R,254.000000,254.250000,254.125000,0.000000,0.000000,0.000000,100.000000,0.250000,ns3-simulated/trace-derived
balanced_dispatch,L2R,254.250000,254.500000,254.375000,0.000000,0.000000,0.000000,100.000000,0.250000,ns3-simulated/trace-derived
balanced_dispatch,L2R,254.500000,254.750000,254.625000,0.000000,0.000000,0.000000,100.000000,0.250000,ns3-simulated/trace-derived
balanced_dispatch,L2R,254.750000,255.000000,254.875000,0.000000,0.000000,0.000000,100.000000,0.250000,ns3-simulated/trace-derived
balanced_dispatch,L2R,255.000000,255.250000,255.125000,0.000000,0.000000,0.000000,100.000000,0.250000,ns3-simulated/trace-derived
balanced_dispatch,L2R,255.250000,255.500000,255.375000,0.000000,0.000000,0.000000,100.000000,0.250000,ns3-simulated/trace-derived
balanced_dispatch,L2R,255.500000,255.750000,255.625000,0.000000,0.000000,0.000000,100.000000,0.250000,ns3-simulated/trace-derived
balanced_dispatch,L2R,255.750000,256.000000,255.875000,0.000000,0.000000,0.000000,100.000000,0.250000,ns3-simulated/trace-derived
balanced_dispatch,L2R,256.000000,256.250000,256.125000,0.000000,0.000000,0.000000,100.000000,0.250000,ns3-simulated/trace-derived
balanced_dispatch,L2R,256.250000,256.500000,256.375000,0.000000,0.000000,0.000000,100.000000,0.250000,ns3-simulated/trace-derived
balanced_dispatch,L2R,256.500000,256.750000,256.625000,0.000000,0.000000,0.000000,100.000000,0.250000,ns3-simulated/trace-derived
balanced_dispatch,L2R,256.750000,257.000000,256.875000,0.000000,0.000000,0.000000,100.000000,0.250000,ns3-simulated/trace-derived
balanced_dispatch,L2R,257.000000,257.250000,257.125000,0.000000,0.000000,0.000000,100.000000,0.250000,ns3-simulated/trace-derived
balanced_dispatch,L2R,257.250000,257.500000,257.375000,0.000000,0.000000,0.000000,100.000000,0.250000,ns3-simulated/trace-derived
balanced_dispatch,L2R,257.500000,257.750000,257.625000,0.000000,0.000000,0.000000,100.000000,0.250000,ns3-simulated/trace-derived
balanced_dispatch,L2R,257.750000,258.000000,257.875000,0.000000,0.000000,0.000000,100.000000,0.250000,ns3-simulated/trace-derived
balanced_dispatch,L2R,258.000000,258.250000,258.125000,0.000000,0.000000,0.000000,100.000000,0.250000,ns3-simulated/trace-derived
balanced_dispatch,L2R,258.250000,258.500000,258.375000,0.000000,0.000000,0.000000,100.000000,0.250000,ns3-simulated/trace-derived
balanced_dispatch,L2R,258.500000,258.750000,258.625000,0.000000,0.000000,0.000000,100.000000,0.250000,ns3-simulated/trace-derived
balanced_dispatch,L2R,258.750000,259.000000,258.875000,0.000000,0.000000,0.000000,100.000000,0.250000,ns3-simulated/trace-derived
balanced_dispatch,L2R,259.000000,259.250000,259.125000,0.000000,0.000000,0.000000,100.000000,0.250000,ns3-simulated/trace-derived
balanced_dispatch,L2R,259.250000,259.500000,259.375000,0.000000,0.000000,0.000000,100.000000,0.250000,ns3-simulated/trace-derived
balanced_dispatch,L2R,259.500000,259.750000,259.625000,0.000000,0.000000,0.000000,100.000000,0.250000,ns3-simulated/trace-derived
balanced_dispatch,L2R,259.750000,260.000000,259.875000,0.000000,0.000000,0.000000,100.000000,0.250000,ns3-simulated/trace-derived
balanced_dispatch,L2R,260.000000,260.250000,260.125000,0.000000,0.000000,0.000000,100.000000,0.250000,ns3-simulated/trace-derived
reverse_ep,R2L,100.000000,100.250000,100.125000,0.000000,0.000000,0.000000,100.000000,0.250000,ns3-simulated/trace-derived
reverse_ep,R2L,100.250000,100.500000,100.375000,0.000000,0.000000,0.000000,100.000000,0.250000,ns3-simulated/trace-derived
reverse_ep,R2L,100.500000,100.750000,100.625000,0.000000,0.000000,0.000000,100.000000,0.250000,ns3-simulated/trace-derived
reverse_ep,R2L,100.750000,101.000000,100.875000,0.000000,0.000000,0.000000,100.000000,0.250000,ns3-simulated/trace-derived
reverse_ep,R2L,101.000000,101.250000,101.125000,0.000000,0.000000,0.000000,100.000000,0.250000,ns3-simulated/trace-derived
reverse_ep,R2L,101.250000,101.500000,101.375000,0.000000,0.000000,0.000000,100.000000,0.250000,ns3-simulated/trace-derived
reverse_ep,R2L,101.500000,101.750000,101.625000,0.000000,0.000000,0.000000,100.000000,0.250000,ns3-simulated/trace-derived
reverse_ep,R2L,101.750000,102.000000,101.875000,0.000000,0.000000,0.000000,100.000000,0.250000,ns3-simulated/trace-derived
reverse_ep,R2L,102.000000,102.250000,102.125000,0.000000,0.000000,0.000000,100.000000,0.250000,ns3-simulated/trace-derived
reverse_ep,R2L,102.250000,102.500000,102.375000,0.000000,0.000000,0.000000,100.000000,0.250000,ns3-simulated/trace-derived
reverse_ep,R2L,102.500000,102.750000,102.625000,0.000000,0.000000,0.000000,100.000000,0.250000,ns3-simulated/trace-derived
reverse_ep,R2L,102.750000,103.000000,102.875000,0.000000,0.000000,0.000000,100.000000,0.250000,ns3-simulated/trace-derived
reverse_ep,R2L,103.000000,103.250000,103.125000,0.000000,0.000000,0.000000,100.000000,0.250000,ns3-simulated/trace-derived
reverse_ep,R2L,103.250000,103.500000,103.375000,0.000000,0.000000,0.000000,100.000000,0.250000,ns3-simulated/trace-derived
reverse_ep,R2L,103.500000,103.750000,103.625000,0.000000,0.000000,0.000000,100.000000,0.250000,ns3-simulated/trace-derived
reverse_ep,R2L,103.750000,104.000000,103.875000,0.000000,0.000000,0.000000,100.000000,0.250000,ns3-simulated/trace-derived
reverse_ep,R2L,104.000000,104.250000,104.125000,0.000000,0.000000,0.000000,100.000000,0.250000,ns3-simulated/trace-derived
reverse_ep,R2L,104.250000,104.500000,104.375000,0.000000,0.000000,0.000000,100.000000,0.250000,ns3-simulated/trace-derived
reverse_ep,R2L,104.500000,104.750000,104.625000,0.000000,0.000000,0.000000,100.000000,0.250000,ns3-simulated/trace-derived
reverse_ep,R2L,104.750000,105.000000,104.875000,0.000000,0.000000,0.000000,100.000000,0.250000,ns3-simulated/trace-derived
reverse_ep,R2L,105.000000,105.250000,105.125000,0.000000,0.000000,0.000000,100.000000,0.250000,ns3-simulated/trace-derived
reverse_ep,R2L,105.250000,105.500000,105.375000,0.000000,0.000000,0.000000,100.000000,0.250000,ns3-simulated/trace-derived
reverse_ep,R2L,105.500000,105.750000,105.625000,0.000000,0.000000,0.000000,100.000000,0.250000,ns3-simulated/trace-derived
reverse_ep,R2L,105.750000,106.000000,105.875000,0.000000,0.000000,0.000000,100.000000,0.250000,ns3-simulated/trace-derived
reverse_ep,R2L,106.000000,106.250000,106.125000,0.000000,0.000000,0.000000,100.000000,0.250000,ns3-simulated/trace-derived
reverse_ep,R2L,106.250000,106.500000,106.375000,0.000000,0.000000,0.000000,100.000000,0.250000,ns3-simulated/trace-derived
reverse_ep,R2L,106.500000,106.750000,106.625000,0.000000,0.000000,0.000000,100.000000,0.250000,ns3-simulated/trace-derived
reverse_ep,R2L,106.750000,107.000000,106.875000,0.000000,0.000000,0.000000,100.000000,0.250000,ns3-simulated/trace-derived
reverse_ep,R2L,107.000000,107.250000,107.125000,0.000000,0.000000,0.000000,100.000000,0.250000,ns3-simulated/trace-derived
reverse_ep,R2L,107.250000,107.500000,107.375000,0.000000,0.000000,0.000000,100.000000,0.250000,ns3-simulated/trace-derived
reverse_ep,R2L,107.500000,107.750000,107.625000,0.000000,0.000000,0.000000,100.000000,0.250000,ns3-simulated/trace-derived
reverse_ep,R2L,107.750000,108.000000,107.875000,0.000000,0.000000,0.000000,100.000000,0.250000,ns3-simulated/trace-derived
reverse_ep,R2L,108.000000,108.250000,108.125000,0.000000,0.000000,0.000000,100.000000,0.250000,ns3-simulated/trace-derived
reverse_ep,R2L,108.250000,108.500000,108.375000,0.000000,0.000000,0.000000,100.000000,0.250000,ns3-simulated/trace-derived
reverse_ep,R2L,108.500000,108.750000,108.625000,0.000000,0.000000,0.000000,100.000000,0.250000,ns3-simulated/trace-derived
reverse_ep,R2L,108.750000,109.000000,108.875000,0.000000,0.000000,0.000000,100.000000,0.250000,ns3-simulated/trace-derived
reverse_ep,R2L,109.000000,109.250000,109.125000,0.000000,0.000000,0.000000,100.000000,0.250000,ns3-simulated/trace-derived
reverse_ep,R2L,109.250000,109.500000,109.375000,0.000000,0.000000,0.000000,100.000000,0.250000,ns3-simulated/trace-derived
reverse_ep,R2L,109.500000,109.750000,109.625000,0.000000,0.000000,0.000000,100.000000,0.250000,ns3-simulated/trace-derived
reverse_ep,R2L,109.750000,110.000000,109.875000,0.000000,0.000000,0.000000,100.000000,0.250000,ns3-simulated/trace-derived
reverse_ep,R2L,110.000000,110.250000,110.125000,0.000000,0.000000,0.000000,100.000000,0.250000,ns3-simulated/trace-derived
reverse_ep,R2L,110.250000,110.500000,110.375000,0.000000,0.000000,0.000000,100.000000,0.250000,ns3-simulated/trace-derived
reverse_ep,R2L,110.500000,110.750000,110.625000,0.000000,0.000000,0.000000,100.000000,0.250000,ns3-simulated/trace-derived
reverse_ep,R2L,110.750000,111.000000,110.875000,0.000000,0.000000,0.000000,100.000000,0.250000,ns3-simulated/trace-derived
reverse_ep,R2L,111.000000,111.250000,111.125000,0.000000,0.000000,0.000000,100.000000,0.250000,ns3-simulated/trace-derived
reverse_ep,R2L,111.250000,111.500000,111.375000,0.000000,0.000000,0.000000,100.000000,0.250000,ns3-simulated/trace-derived
reverse_ep,R2L,111.500000,111.750000,111.625000,0.000000,0.000000,0.000000,100.000000,0.250000,ns3-simulated/trace-derived
reverse_ep,R2L,111.750000,112.000000,111.875000,0.000000,0.000000,0.000000,100.000000,0.250000,ns3-simulated/trace-derived
reverse_ep,R2L,112.000000,112.250000,112.125000,0.000000,0.000000,0.000000,100.000000,0.250000,ns3-simulated/trace-derived
reverse_ep,R2L,112.250000,112.500000,112.375000,0.000000,0.000000,0.000000,100.000000,0.250000,ns3-simulated/trace-derived
reverse_ep,R2L,112.500000,112.750000,112.625000,0.000000,0.000000,0.000000,100.000000,0.250000,ns3-simulated/trace-derived
reverse_ep,R2L,112.750000,113.000000,112.875000,0.000000,0.000000,0.000000,100.000000,0.250000,ns3-simulated/trace-derived
reverse_ep,R2L,113.000000,113.250000,113.125000,0.000000,0.000000,0.000000,100.000000,0.250000,ns3-simulated/trace-derived
reverse_ep,R2L,113.250000,113.500000,113.375000,0.000000,0.000000,0.000000,100.000000,0.250000,ns3-simulated/trace-derived
reverse_ep,R2L,113.500000,113.750000,113.625000,0.000000,0.000000,0.000000,100.000000,0.250000,ns3-simulated/trace-derived
reverse_ep,R2L,113.750000,114.000000,113.875000,0.000000,0.000000,0.000000,100.000000,0.250000,ns3-simulated/trace-derived
reverse_ep,R2L,114.000000,114.250000,114.125000,0.000000,0.000000,0.000000,100.000000,0.250000,ns3-simulated/trace-derived
reverse_ep,R2L,114.250000,114.500000,114.375000,0.000000,0.000000,0.000000,100.000000,0.250000,ns3-simulated/trace-derived
reverse_ep,R2L,114.500000,114.750000,114.625000,0.000000,0.000000,0.000000,100.000000,0.250000,ns3-simulated/trace-derived
reverse_ep,R2L,114.750000,115.000000,114.875000,0.000000,0.000000,0.000000,100.000000,0.250000,ns3-simulated/trace-derived
reverse_ep,R2L,115.000000,115.250000,115.125000,0.000000,0.000000,0.000000,100.000000,0.250000,ns3-simulated/trace-derived
reverse_ep,R2L,115.250000,115.500000,115.375000,0.000000,0.000000,0.000000,100.000000,0.250000,ns3-simulated/trace-derived
reverse_ep,R2L,115.500000,115.750000,115.625000,0.000000,0.000000,0.000000,100.000000,0.250000,ns3-simulated/trace-derived
reverse_ep,R2L,115.750000,116.000000,115.875000,0.000000,0.000000,0.000000,100.000000,0.250000,ns3-simulated/trace-derived
reverse_ep,R2L,116.000000,116.250000,116.125000,0.000000,0.000000,0.000000,100.000000,0.250000,ns3-simulated/trace-derived
reverse_ep,R2L,116.250000,116.500000,116.375000,0.000000,0.000000,0.000000,100.000000,0.250000,ns3-simulated/trace-derived
reverse_ep,R2L,116.500000,116.750000,116.625000,0.000000,0.000000,0.000000,100.000000,0.250000,ns3-simulated/trace-derived
reverse_ep,R2L,116.750000,117.000000,116.875000,0.000000,0.000000,0.000000,100.000000,0.250000,ns3-simulated/trace-derived
reverse_ep,R2L,117.000000,117.250000,117.125000,0.000000,0.000000,0.000000,100.000000,0.250000,ns3-simulated/trace-derived
reverse_ep,R2L,117.250000,117.500000,117.375000,0.000000,0.000000,0.000000,100.000000,0.250000,ns3-simulated/trace-derived
reverse_ep,R2L,117.500000,117.750000,117.625000,0.000000,0.000000,0.000000,100.000000,0.250000,ns3-simulated/trace-derived
reverse_ep,R2L,117.750000,118.000000,117.875000,0.000000,0.000000,0.000000,100.000000,0.250000,ns3-simulated/trace-derived
reverse_ep,R2L,118.000000,118.250000,118.125000,0.000000,0.000000,0.000000,100.000000,0.250000,ns3-simulated/trace-derived
reverse_ep,R2L,118.250000,118.500000,118.375000,0.000000,0.000000,0.000000,100.000000,0.250000,ns3-simulated/trace-derived
reverse_ep,R2L,118.500000,118.750000,118.625000,0.000000,0.000000,0.000000,100.000000,0.250000,ns3-simulated/trace-derived
reverse_ep,R2L,118.750000,119.000000,118.875000,0.000000,0.000000,0.000000,100.000000,0.250000,ns3-simulated/trace-derived
reverse_ep,R2L,119.000000,119.250000,119.125000,0.000000,0.000000,0.000000,100.000000,0.250000,ns3-simulated/trace-derived
reverse_ep,R2L,119.250000,119.500000,119.375000,0.000000,0.000000,0.000000,100.000000,0.250000,ns3-simulated/trace-derived
reverse_ep,R2L,119.500000,119.750000,119.625000,0.000000,0.000000,0.000000,100.000000,0.250000,ns3-simulated/trace-derived
reverse_ep,R2L,119.750000,120.000000,119.875000,0.000000,0.000000,0.000000,100.000000,0.250000,ns3-simulated/trace-derived
reverse_ep,R2L,120.000000,120.250000,120.125000,0.000000,0.000000,0.000000,100.000000,0.250000,ns3-simulated/trace-derived
reverse_ep,R2L,120.250000,120.500000,120.375000,0.000000,0.000000,0.000000,100.000000,0.250000,ns3-simulated/trace-derived
reverse_ep,R2L,120.500000,120.750000,120.625000,0.000000,0.000000,0.000000,100.000000,0.250000,ns3-simulated/trace-derived
reverse_ep,R2L,120.750000,121.000000,120.875000,0.000000,0.000000,0.000000,100.000000,0.250000,ns3-simulated/trace-derived
reverse_ep,R2L,121.000000,121.250000,121.125000,0.000000,0.000000,0.000000,100.000000,0.250000,ns3-simulated/trace-derived
reverse_ep,R2L,121.250000,121.500000,121.375000,0.000000,0.000000,0.000000,100.000000,0.250000,ns3-simulated/trace-derived
reverse_ep,R2L,121.500000,121.750000,121.625000,0.000000,0.000000,0.000000,100.000000,0.250000,ns3-simulated/trace-derived
reverse_ep,R2L,121.750000,122.000000,121.875000,0.000000,0.000000,0.000000,100.000000,0.250000,ns3-simulated/trace-derived
reverse_ep,R2L,122.000000,122.250000,122.125000,0.000000,0.000000,0.000000,100.000000,0.250000,ns3-simulated/trace-derived
reverse_ep,R2L,122.250000,122.500000,122.375000,0.000000,0.000000,0.000000,100.000000,0.250000,ns3-simulated/trace-derived
reverse_ep,R2L,122.500000,122.750000,122.625000,0.000000,0.000000,0.000000,100.000000,0.250000,ns3-simulated/trace-derived
reverse_ep,R2L,122.750000,123.000000,122.875000,0.000000,0.000000,0.000000,100.000000,0.250000,ns3-simulated/trace-derived
reverse_ep,R2L,123.000000,123.250000,123.125000,0.000000,0.000000,0.000000,100.000000,0.250000,ns3-simulated/trace-derived
reverse_ep,R2L,123.250000,123.500000,123.375000,0.000000,0.000000,0.000000,100.000000,0.250000,ns3-simulated/trace-derived
reverse_ep,R2L,123.500000,123.750000,123.625000,0.000000,0.000000,0.000000,100.000000,0.250000,ns3-simulated/trace-derived
reverse_ep,R2L,123.750000,124.000000,123.875000,0.000000,0.000000,0.000000,100.000000,0.250000,ns3-simulated/trace-derived
reverse_ep,R2L,124.000000,124.250000,124.125000,0.000000,0.000000,0.000000,100.000000,0.250000,ns3-simulated/trace-derived
reverse_ep,R2L,124.250000,124.500000,124.375000,0.000000,0.000000,0.000000,100.000000,0.250000,ns3-simulated/trace-derived
reverse_ep,R2L,124.500000,124.750000,124.625000,0.000000,0.000000,0.000000,100.000000,0.250000,ns3-simulated/trace-derived
reverse_ep,R2L,124.750000,125.000000,124.875000,0.000000,0.000000,0.000000,100.000000,0.250000,ns3-simulated/trace-derived
reverse_ep,R2L,125.000000,125.250000,125.125000,0.000000,0.000000,0.000000,100.000000,0.250000,ns3-simulated/trace-derived
reverse_ep,R2L,125.250000,125.500000,125.375000,0.000000,0.000000,0.000000,100.000000,0.250000,ns3-simulated/trace-derived
reverse_ep,R2L,125.500000,125.750000,125.625000,0.000000,0.000000,0.000000,100.000000,0.250000,ns3-simulated/trace-derived
reverse_ep,R2L,125.750000,126.000000,125.875000,0.000000,0.000000,0.000000,100.000000,0.250000,ns3-simulated/trace-derived
reverse_ep,R2L,126.000000,126.250000,126.125000,0.000000,0.000000,0.000000,100.000000,0.250000,ns3-simulated/trace-derived
reverse_ep,R2L,126.250000,126.500000,126.375000,0.000000,0.000000,0.000000,100.000000,0.250000,ns3-simulated/trace-derived
reverse_ep,R2L,126.500000,126.750000,126.625000,0.000000,0.000000,0.000000,100.000000,0.250000,ns3-simulated/trace-derived
reverse_ep,R2L,126.750000,127.000000,126.875000,0.000000,0.000000,0.000000,100.000000,0.250000,ns3-simulated/trace-derived
reverse_ep,R2L,127.000000,127.250000,127.125000,0.000000,0.000000,0.000000,100.000000,0.250000,ns3-simulated/trace-derived
reverse_ep,R2L,127.250000,127.500000,127.375000,0.000000,0.000000,0.000000,100.000000,0.250000,ns3-simulated/trace-derived
reverse_ep,R2L,127.500000,127.750000,127.625000,0.000000,0.000000,0.000000,100.000000,0.250000,ns3-simulated/trace-derived
reverse_ep,R2L,127.750000,128.000000,127.875000,0.000000,0.000000,0.000000,100.000000,0.250000,ns3-simulated/trace-derived
reverse_ep,R2L,128.000000,128.250000,128.125000,0.000000,0.000000,0.000000,100.000000,0.250000,ns3-simulated/trace-derived
reverse_ep,R2L,128.250000,128.500000,128.375000,0.000000,0.000000,0.000000,100.000000,0.250000,ns3-simulated/trace-derived
reverse_ep,R2L,128.500000,128.750000,128.625000,0.000000,0.000000,0.000000,100.000000,0.250000,ns3-simulated/trace-derived
reverse_ep,R2L,128.750000,129.000000,128.875000,0.000000,0.000000,0.000000,100.000000,0.250000,ns3-simulated/trace-derived
reverse_ep,R2L,129.000000,129.250000,129.125000,0.000000,0.000000,0.000000,100.000000,0.250000,ns3-simulated/trace-derived
reverse_ep,R2L,129.250000,129.500000,129.375000,0.000000,0.000000,0.000000,100.000000,0.250000,ns3-simulated/trace-derived
reverse_ep,R2L,129.500000,129.750000,129.625000,0.000000,0.000000,0.000000,100.000000,0.250000,ns3-simulated/trace-derived
reverse_ep,R2L,129.750000,130.000000,129.875000,0.000000,0.000000,0.000000,100.000000,0.250000,ns3-simulated/trace-derived
reverse_ep,R2L,130.000000,130.250000,130.125000,0.000000,0.000000,0.000000,100.000000,0.250000,ns3-simulated/trace-derived
reverse_ep,R2L,130.250000,130.500000,130.375000,0.000000,0.000000,0.000000,100.000000,0.250000,ns3-simulated/trace-derived
reverse_ep,R2L,130.500000,130.750000,130.625000,0.000000,0.000000,0.000000,100.000000,0.250000,ns3-simulated/trace-derived
reverse_ep,R2L,130.750000,131.000000,130.875000,0.000000,0.000000,0.000000,100.000000,0.250000,ns3-simulated/trace-derived
reverse_ep,R2L,131.000000,131.250000,131.125000,0.000000,0.000000,0.000000,100.000000,0.250000,ns3-simulated/trace-derived
reverse_ep,R2L,131.250000,131.500000,131.375000,0.000000,0.000000,0.000000,100.000000,0.250000,ns3-simulated/trace-derived
reverse_ep,R2L,131.500000,131.750000,131.625000,0.000000,0.000000,0.000000,100.000000,0.250000,ns3-simulated/trace-derived
reverse_ep,R2L,131.750000,132.000000,131.875000,0.000000,0.000000,0.000000,100.000000,0.250000,ns3-simulated/trace-derived
reverse_ep,R2L,132.000000,132.250000,132.125000,0.000000,0.000000,0.000000,100.000000,0.250000,ns3-simulated/trace-derived
reverse_ep,R2L,132.250000,132.500000,132.375000,0.000000,0.000000,0.000000,100.000000,0.250000,ns3-simulated/trace-derived
reverse_ep,R2L,132.500000,132.750000,132.625000,0.000000,0.000000,0.000000,100.000000,0.250000,ns3-simulated/trace-derived
reverse_ep,R2L,132.750000,133.000000,132.875000,0.000000,0.000000,0.000000,100.000000,0.250000,ns3-simulated/trace-derived
reverse_ep,R2L,133.000000,133.250000,133.125000,0.000000,0.000000,0.000000,100.000000,0.250000,ns3-simulated/trace-derived
reverse_ep,R2L,133.250000,133.500000,133.375000,0.000000,0.000000,0.000000,100.000000,0.250000,ns3-simulated/trace-derived
reverse_ep,R2L,133.500000,133.750000,133.625000,0.000000,0.000000,0.000000,100.000000,0.250000,ns3-simulated/trace-derived
reverse_ep,R2L,133.750000,134.000000,133.875000,0.000000,0.000000,0.000000,100.000000,0.250000,ns3-simulated/trace-derived
reverse_ep,R2L,134.000000,134.250000,134.125000,0.000000,0.000000,0.000000,100.000000,0.250000,ns3-simulated/trace-derived
reverse_ep,R2L,134.250000,134.500000,134.375000,0.000000,0.000000,0.000000,100.000000,0.250000,ns3-simulated/trace-derived
reverse_ep,R2L,134.500000,134.750000,134.625000,0.000000,0.000000,0.000000,100.000000,0.250000,ns3-simulated/trace-derived
reverse_ep,R2L,134.750000,135.000000,134.875000,0.000000,0.000000,0.000000,100.000000,0.250000,ns3-simulated/trace-derived
reverse_ep,R2L,135.000000,135.250000,135.125000,0.000000,0.000000,0.000000,100.000000,0.250000,ns3-simulated/trace-derived
reverse_ep,R2L,135.250000,135.500000,135.375000,0.000000,0.000000,0.000000,100.000000,0.250000,ns3-simulated/trace-derived
reverse_ep,R2L,135.500000,135.750000,135.625000,0.000000,0.000000,0.000000,100.000000,0.250000,ns3-simulated/trace-derived
reverse_ep,R2L,135.750000,136.000000,135.875000,0.000000,0.000000,0.000000,100.000000,0.250000,ns3-simulated/trace-derived
reverse_ep,R2L,136.000000,136.250000,136.125000,0.000000,0.000000,0.000000,100.000000,0.250000,ns3-simulated/trace-derived
reverse_ep,R2L,136.250000,136.500000,136.375000,0.000000,0.000000,0.000000,100.000000,0.250000,ns3-simulated/trace-derived
reverse_ep,R2L,136.500000,136.750000,136.625000,0.000000,0.000000,0.000000,100.000000,0.250000,ns3-simulated/trace-derived
reverse_ep,R2L,136.750000,137.000000,136.875000,0.000000,0.000000,0.000000,100.000000,0.250000,ns3-simulated/trace-derived
reverse_ep,R2L,137.000000,137.250000,137.125000,0.000000,0.000000,0.000000,100.000000,0.250000,ns3-simulated/trace-derived
reverse_ep,R2L,137.250000,137.500000,137.375000,0.000000,0.000000,0.000000,100.000000,0.250000,ns3-simulated/trace-derived
reverse_ep,R2L,137.500000,137.750000,137.625000,0.000000,0.000000,0.000000,100.000000,0.250000,ns3-simulated/trace-derived
reverse_ep,R2L,137.750000,138.000000,137.875000,0.000000,0.000000,0.000000,100.000000,0.250000,ns3-simulated/trace-derived
reverse_ep,R2L,138.000000,138.250000,138.125000,0.000000,0.000000,0.000000,100.000000,0.250000,ns3-simulated/trace-derived
reverse_ep,R2L,138.250000,138.500000,138.375000,0.000000,0.000000,0.000000,100.000000,0.250000,ns3-simulated/trace-derived
reverse_ep,R2L,138.500000,138.750000,138.625000,0.000000,0.000000,0.000000,100.000000,0.250000,ns3-simulated/trace-derived
reverse_ep,R2L,138.750000,139.000000,138.875000,0.000000,0.000000,0.000000,100.000000,0.250000,ns3-simulated/trace-derived
reverse_ep,R2L,139.000000,139.250000,139.125000,0.000000,0.000000,0.000000,100.000000,0.250000,ns3-simulated/trace-derived
reverse_ep,R2L,139.250000,139.500000,139.375000,0.000000,0.000000,0.000000,100.000000,0.250000,ns3-simulated/trace-derived
reverse_ep,R2L,139.500000,139.750000,139.625000,0.000000,0.000000,0.000000,100.000000,0.250000,ns3-simulated/trace-derived
reverse_ep,R2L,139.750000,140.000000,139.875000,0.000000,0.000000,0.000000,100.000000,0.250000,ns3-simulated/trace-derived
reverse_ep,R2L,140.000000,140.250000,140.125000,0.000000,0.000000,0.000000,100.000000,0.250000,ns3-simulated/trace-derived
reverse_ep,R2L,140.250000,140.500000,140.375000,0.000000,0.000000,0.000000,100.000000,0.250000,ns3-simulated/trace-derived
reverse_ep,R2L,140.500000,140.750000,140.625000,0.000000,0.000000,0.000000,100.000000,0.250000,ns3-simulated/trace-derived
reverse_ep,R2L,140.750000,141.000000,140.875000,0.000000,0.000000,0.000000,100.000000,0.250000,ns3-simulated/trace-derived
reverse_ep,R2L,141.000000,141.250000,141.125000,0.000000,0.000000,0.000000,100.000000,0.250000,ns3-simulated/trace-derived
reverse_ep,R2L,141.250000,141.500000,141.375000,0.000000,0.000000,0.000000,100.000000,0.250000,ns3-simulated/trace-derived
reverse_ep,R2L,141.500000,141.750000,141.625000,0.000000,0.000000,0.000000,100.000000,0.250000,ns3-simulated/trace-derived
reverse_ep,R2L,141.750000,142.000000,141.875000,0.000000,0.000000,0.000000,100.000000,0.250000,ns3-simulated/trace-derived
reverse_ep,R2L,142.000000,142.250000,142.125000,0.000000,0.000000,0.000000,100.000000,0.250000,ns3-simulated/trace-derived
reverse_ep,R2L,142.250000,142.500000,142.375000,0.000000,0.000000,0.000000,100.000000,0.250000,ns3-simulated/trace-derived
reverse_ep,R2L,142.500000,142.750000,142.625000,0.000000,0.000000,0.000000,100.000000,0.250000,ns3-simulated/trace-derived
reverse_ep,R2L,142.750000,143.000000,142.875000,0.000000,0.000000,0.000000,100.000000,0.250000,ns3-simulated/trace-derived
reverse_ep,R2L,143.000000,143.250000,143.125000,0.000000,0.000000,0.000000,100.000000,0.250000,ns3-simulated/trace-derived
reverse_ep,R2L,143.250000,143.500000,143.375000,0.000000,0.000000,0.000000,100.000000,0.250000,ns3-simulated/trace-derived
reverse_ep,R2L,143.500000,143.750000,143.625000,0.000000,0.000000,0.000000,100.000000,0.250000,ns3-simulated/trace-derived
reverse_ep,R2L,143.750000,144.000000,143.875000,0.000000,0.000000,0.000000,100.000000,0.250000,ns3-simulated/trace-derived
reverse_ep,R2L,144.000000,144.250000,144.125000,0.000000,0.000000,0.000000,100.000000,0.250000,ns3-simulated/trace-derived
reverse_ep,R2L,144.250000,144.500000,144.375000,0.000000,0.000000,0.000000,100.000000,0.250000,ns3-simulated/trace-derived
reverse_ep,R2L,144.500000,144.750000,144.625000,0.000000,0.000000,0.000000,100.000000,0.250000,ns3-simulated/trace-derived
reverse_ep,R2L,144.750000,145.000000,144.875000,0.000000,0.000000,0.000000,100.000000,0.250000,ns3-simulated/trace-derived
reverse_ep,R2L,145.000000,145.250000,145.125000,0.000000,0.000000,0.000000,100.000000,0.250000,ns3-simulated/trace-derived
reverse_ep,R2L,145.250000,145.500000,145.375000,0.000000,0.000000,0.000000,100.000000,0.250000,ns3-simulated/trace-derived
reverse_ep,R2L,145.500000,145.750000,145.625000,0.000000,0.000000,0.000000,100.000000,0.250000,ns3-simulated/trace-derived
reverse_ep,R2L,145.750000,146.000000,145.875000,0.000000,0.000000,0.000000,100.000000,0.250000,ns3-simulated/trace-derived
reverse_ep,R2L,146.000000,146.250000,146.125000,0.000000,0.000000,0.000000,100.000000,0.250000,ns3-simulated/trace-derived
reverse_ep,R2L,146.250000,146.500000,146.375000,0.000000,0.000000,0.000000,100.000000,0.250000,ns3-simulated/trace-derived
reverse_ep,R2L,146.500000,146.750000,146.625000,0.000000,0.000000,0.000000,100.000000,0.250000,ns3-simulated/trace-derived
reverse_ep,R2L,146.750000,147.000000,146.875000,0.000000,0.000000,0.000000,100.000000,0.250000,ns3-simulated/trace-derived
reverse_ep,R2L,147.000000,147.250000,147.125000,0.000000,0.000000,0.000000,100.000000,0.250000,ns3-simulated/trace-derived
reverse_ep,R2L,147.250000,147.500000,147.375000,0.000000,0.000000,0.000000,100.000000,0.250000,ns3-simulated/trace-derived
reverse_ep,R2L,147.500000,147.750000,147.625000,0.000000,0.000000,0.000000,100.000000,0.250000,ns3-simulated/trace-derived
reverse_ep,R2L,147.750000,148.000000,147.875000,0.000000,0.000000,0.000000,100.000000,0.250000,ns3-simulated/trace-derived
reverse_ep,R2L,148.000000,148.250000,148.125000,0.000000,0.000000,0.000000,100.000000,0.250000,ns3-simulated/trace-derived
reverse_ep,R2L,148.250000,148.500000,148.375000,0.000000,0.000000,0.000000,100.000000,0.250000,ns3-simulated/trace-derived
reverse_ep,R2L,148.500000,148.750000,148.625000,0.000000,0.000000,0.000000,100.000000,0.250000,ns3-simulated/trace-derived
reverse_ep,R2L,148.750000,149.000000,148.875000,0.000000,0.000000,0.000000,100.000000,0.250000,ns3-simulated/trace-derived
reverse_ep,R2L,149.000000,149.250000,149.125000,0.000000,0.000000,0.000000,100.000000,0.250000,ns3-simulated/trace-derived
reverse_ep,R2L,149.250000,149.500000,149.375000,0.000000,0.000000,0.000000,100.000000,0.250000,ns3-simulated/trace-derived
reverse_ep,R2L,149.500000,149.750000,149.625000,0.000000,0.000000,0.000000,100.000000,0.250000,ns3-simulated/trace-derived
reverse_ep,R2L,149.750000,150.000000,149.875000,0.000000,0.000000,0.000000,100.000000,0.250000,ns3-simulated/trace-derived
reverse_ep,R2L,150.000000,150.250000,150.125000,0.000000,0.000000,0.000000,100.000000,0.250000,ns3-simulated/trace-derived
reverse_ep,R2L,150.250000,150.500000,150.375000,0.000000,0.000000,0.000000,100.000000,0.250000,ns3-simulated/trace-derived
reverse_ep,R2L,150.500000,150.750000,150.625000,0.000000,0.000000,0.000000,100.000000,0.250000,ns3-simulated/trace-derived
reverse_ep,R2L,150.750000,151.000000,150.875000,0.000000,0.000000,0.000000,100.000000,0.250000,ns3-simulated/trace-derived
reverse_ep,R2L,151.000000,151.250000,151.125000,0.000000,0.000000,0.000000,100.000000,0.250000,ns3-simulated/trace-derived
reverse_ep,R2L,151.250000,151.500000,151.375000,0.000000,0.000000,0.000000,100.000000,0.250000,ns3-simulated/trace-derived
reverse_ep,R2L,151.500000,151.750000,151.625000,0.000000,0.000000,0.000000,100.000000,0.250000,ns3-simulated/trace-derived
reverse_ep,R2L,151.750000,152.000000,151.875000,0.000000,0.000000,0.000000,100.000000,0.250000,ns3-simulated/trace-derived
reverse_ep,R2L,152.000000,152.250000,152.125000,0.000000,0.000000,0.000000,100.000000,0.250000,ns3-simulated/trace-derived
reverse_ep,R2L,152.250000,152.500000,152.375000,0.000000,0.000000,0.000000,100.000000,0.250000,ns3-simulated/trace-derived
reverse_ep,R2L,152.500000,152.750000,152.625000,0.000000,0.000000,0.000000,100.000000,0.250000,ns3-simulated/trace-derived
reverse_ep,R2L,152.750000,153.000000,152.875000,0.000000,0.000000,0.000000,100.000000,0.250000,ns3-simulated/trace-derived
reverse_ep,R2L,153.000000,153.250000,153.125000,0.000000,0.000000,0.000000,100.000000,0.250000,ns3-simulated/trace-derived
reverse_ep,R2L,153.250000,153.500000,153.375000,0.000000,0.000000,0.000000,100.000000,0.250000,ns3-simulated/trace-derived
reverse_ep,R2L,153.500000,153.750000,153.625000,0.000000,0.000000,0.000000,100.000000,0.250000,ns3-simulated/trace-derived
reverse_ep,R2L,153.750000,154.000000,153.875000,0.000000,0.000000,0.000000,100.000000,0.250000,ns3-simulated/trace-derived
reverse_ep,R2L,154.000000,154.250000,154.125000,0.000000,0.000000,0.000000,100.000000,0.250000,ns3-simulated/trace-derived
reverse_ep,R2L,154.250000,154.500000,154.375000,0.000000,0.000000,0.000000,100.000000,0.250000,ns3-simulated/trace-derived
reverse_ep,R2L,154.500000,154.750000,154.625000,0.000000,0.000000,0.000000,100.000000,0.250000,ns3-simulated/trace-derived
reverse_ep,R2L,154.750000,155.000000,154.875000,0.000000,0.000000,0.000000,100.000000,0.250000,ns3-simulated/trace-derived
reverse_ep,R2L,155.000000,155.250000,155.125000,0.000000,0.000000,0.000000,100.000000,0.250000,ns3-simulated/trace-derived
reverse_ep,R2L,155.250000,155.500000,155.375000,0.000000,0.000000,0.000000,100.000000,0.250000,ns3-simulated/trace-derived
reverse_ep,R2L,155.500000,155.750000,155.625000,0.000000,0.000000,0.000000,100.000000,0.250000,ns3-simulated/trace-derived
reverse_ep,R2L,155.750000,156.000000,155.875000,0.000000,0.000000,0.000000,100.000000,0.250000,ns3-simulated/trace-derived
reverse_ep,R2L,156.000000,156.250000,156.125000,0.000000,0.000000,0.000000,100.000000,0.250000,ns3-simulated/trace-derived
reverse_ep,R2L,156.250000,156.500000,156.375000,0.000000,0.000000,0.000000,100.000000,0.250000,ns3-simulated/trace-derived
reverse_ep,R2L,156.500000,156.750000,156.625000,0.000000,0.000000,0.000000,100.000000,0.250000,ns3-simulated/trace-derived
reverse_ep,R2L,156.750000,157.000000,156.875000,0.000000,0.000000,0.000000,100.000000,0.250000,ns3-simulated/trace-derived
reverse_ep,R2L,157.000000,157.250000,157.125000,0.000000,0.000000,0.000000,100.000000,0.250000,ns3-simulated/trace-derived
reverse_ep,R2L,157.250000,157.500000,157.375000,0.000000,0.000000,0.000000,100.000000,0.250000,ns3-simulated/trace-derived
reverse_ep,R2L,157.500000,157.750000,157.625000,0.000000,0.000000,0.000000,100.000000,0.250000,ns3-simulated/trace-derived
reverse_ep,R2L,157.750000,158.000000,157.875000,0.000000,0.000000,0.000000,100.000000,0.250000,ns3-simulated/trace-derived
reverse_ep,R2L,158.000000,158.250000,158.125000,0.000000,0.000000,0.000000,100.000000,0.250000,ns3-simulated/trace-derived
reverse_ep,R2L,158.250000,158.500000,158.375000,0.000000,0.000000,0.000000,100.000000,0.250000,ns3-simulated/trace-derived
reverse_ep,R2L,158.500000,158.750000,158.625000,0.000000,0.000000,0.000000,100.000000,0.250000,ns3-simulated/trace-derived
reverse_ep,R2L,158.750000,159.000000,158.875000,0.000000,0.000000,0.000000,100.000000,0.250000,ns3-simulated/trace-derived
reverse_ep,R2L,159.000000,159.250000,159.125000,0.000000,0.000000,0.000000,100.000000,0.250000,ns3-simulated/trace-derived
reverse_ep,R2L,159.250000,159.500000,159.375000,0.000000,0.000000,0.000000,100.000000,0.250000,ns3-simulated/trace-derived
reverse_ep,R2L,159.500000,159.750000,159.625000,0.000000,0.000000,0.000000,100.000000,0.250000,ns3-simulated/trace-derived
reverse_ep,R2L,159.750000,160.000000,159.875000,0.000000,0.000000,0.000000,100.000000,0.250000,ns3-simulated/trace-derived
reverse_ep,R2L,160.000000,160.250000,160.125000,0.000000,0.000000,0.000000,100.000000,0.250000,ns3-simulated/trace-derived
reverse_ep,R2L,160.250000,160.500000,160.375000,0.000000,0.000000,0.000000,100.000000,0.250000,ns3-simulated/trace-derived
reverse_ep,R2L,160.500000,160.750000,160.625000,0.000000,0.000000,0.000000,100.000000,0.250000,ns3-simulated/trace-derived
reverse_ep,R2L,160.750000,161.000000,160.875000,0.000000,0.000000,0.000000,100.000000,0.250000,ns3-simulated/trace-derived
reverse_ep,R2L,161.000000,161.250000,161.125000,0.000000,0.000000,0.000000,100.000000,0.250000,ns3-simulated/trace-derived
reverse_ep,R2L,161.250000,161.500000,161.375000,0.000000,0.000000,0.000000,100.000000,0.250000,ns3-simulated/trace-derived
reverse_ep,R2L,161.500000,161.750000,161.625000,0.000000,0.000000,0.000000,100.000000,0.250000,ns3-simulated/trace-derived
reverse_ep,R2L,161.750000,162.000000,161.875000,0.000000,0.000000,0.000000,100.000000,0.250000,ns3-simulated/trace-derived
reverse_ep,R2L,162.000000,162.250000,162.125000,0.000000,0.000000,0.000000,100.000000,0.250000,ns3-simulated/trace-derived
reverse_ep,R2L,162.250000,162.500000,162.375000,0.000000,0.000000,0.000000,100.000000,0.250000,ns3-simulated/trace-derived
reverse_ep,R2L,162.500000,162.750000,162.625000,0.000000,0.000000,0.000000,100.000000,0.250000,ns3-simulated/trace-derived
reverse_ep,R2L,162.750000,163.000000,162.875000,0.000000,0.000000,0.000000,100.000000,0.250000,ns3-simulated/trace-derived
reverse_ep,R2L,163.000000,163.250000,163.125000,0.000000,0.000000,0.000000,100.000000,0.250000,ns3-simulated/trace-derived
reverse_ep,R2L,163.250000,163.500000,163.375000,0.000000,0.000000,0.000000,100.000000,0.250000,ns3-simulated/trace-derived
reverse_ep,R2L,163.500000,163.750000,163.625000,0.000000,0.000000,0.000000,100.000000,0.250000,ns3-simulated/trace-derived
reverse_ep,R2L,163.750000,164.000000,163.875000,0.000000,0.000000,0.000000,100.000000,0.250000,ns3-simulated/trace-derived
reverse_ep,R2L,164.000000,164.250000,164.125000,0.000000,0.000000,0.000000,100.000000,0.250000,ns3-simulated/trace-derived
reverse_ep,R2L,164.250000,164.500000,164.375000,0.000000,0.000000,0.000000,100.000000,0.250000,ns3-simulated/trace-derived
reverse_ep,R2L,164.500000,164.750000,164.625000,0.000000,0.000000,0.000000,100.000000,0.250000,ns3-simulated/trace-derived
reverse_ep,R2L,164.750000,165.000000,164.875000,0.000000,0.000000,0.000000,100.000000,0.250000,ns3-simulated/trace-derived
reverse_ep,R2L,165.000000,165.250000,165.125000,0.000000,0.000000,0.000000,100.000000,0.250000,ns3-simulated/trace-derived
reverse_ep,R2L,165.250000,165.500000,165.375000,0.000000,0.000000,0.000000,100.000000,0.250000,ns3-simulated/trace-derived
reverse_ep,R2L,165.500000,165.750000,165.625000,0.000000,0.000000,0.000000,100.000000,0.250000,ns3-simulated/trace-derived
reverse_ep,R2L,165.750000,166.000000,165.875000,0.000000,0.000000,0.000000,100.000000,0.250000,ns3-simulated/trace-derived
reverse_ep,R2L,166.000000,166.250000,166.125000,0.000000,0.000000,0.000000,100.000000,0.250000,ns3-simulated/trace-derived
reverse_ep,R2L,166.250000,166.500000,166.375000,0.000000,0.000000,0.000000,100.000000,0.250000,ns3-simulated/trace-derived
reverse_ep,R2L,166.500000,166.750000,166.625000,0.000000,0.000000,0.000000,100.000000,0.250000,ns3-simulated/trace-derived
reverse_ep,R2L,166.750000,167.000000,166.875000,0.000000,0.000000,0.000000,100.000000,0.250000,ns3-simulated/trace-derived
reverse_ep,R2L,167.000000,167.250000,167.125000,0.000000,0.000000,0.000000,100.000000,0.250000,ns3-simulated/trace-derived
reverse_ep,R2L,167.250000,167.500000,167.375000,0.000000,0.000000,0.000000,100.000000,0.250000,ns3-simulated/trace-derived
reverse_ep,R2L,167.500000,167.750000,167.625000,0.000000,0.000000,0.000000,100.000000,0.250000,ns3-simulated/trace-derived
reverse_ep,R2L,167.750000,168.000000,167.875000,0.000000,0.000000,0.000000,100.000000,0.250000,ns3-simulated/trace-derived
reverse_ep,R2L,168.000000,168.250000,168.125000,0.000000,0.000000,0.000000,100.000000,0.250000,ns3-simulated/trace-derived
reverse_ep,R2L,168.250000,168.500000,168.375000,0.000000,0.000000,0.000000,100.000000,0.250000,ns3-simulated/trace-derived
reverse_ep,R2L,168.500000,168.750000,168.625000,0.000000,0.000000,0.000000,100.000000,0.250000,ns3-simulated/trace-derived
reverse_ep,R2L,168.750000,169.000000,168.875000,0.000000,0.000000,0.000000,100.000000,0.250000,ns3-simulated/trace-derived
reverse_ep,R2L,169.000000,169.250000,169.125000,0.000000,0.000000,0.000000,100.000000,0.250000,ns3-simulated/trace-derived
reverse_ep,R2L,169.250000,169.500000,169.375000,0.000000,0.000000,0.000000,100.000000,0.250000,ns3-simulated/trace-derived
reverse_ep,R2L,169.500000,169.750000,169.625000,0.000000,0.000000,0.000000,100.000000,0.250000,ns3-simulated/trace-derived
reverse_ep,R2L,169.750000,170.000000,169.875000,0.000000,0.000000,0.000000,100.000000,0.250000,ns3-simulated/trace-derived
reverse_ep,R2L,170.000000,170.250000,170.125000,0.000000,0.000000,0.000000,100.000000,0.250000,ns3-simulated/trace-derived
reverse_ep,R2L,170.250000,170.500000,170.375000,0.000000,0.000000,0.000000,100.000000,0.250000,ns3-simulated/trace-derived
reverse_ep,R2L,170.500000,170.750000,170.625000,0.000000,0.000000,0.000000,100.000000,0.250000,ns3-simulated/trace-derived
reverse_ep,R2L,170.750000,171.000000,170.875000,0.000000,0.000000,0.000000,100.000000,0.250000,ns3-simulated/trace-derived
reverse_ep,R2L,171.000000,171.250000,171.125000,0.000000,0.000000,0.000000,100.000000,0.250000,ns3-simulated/trace-derived
reverse_ep,R2L,171.250000,171.500000,171.375000,0.000000,0.000000,0.000000,100.000000,0.250000,ns3-simulated/trace-derived
reverse_ep,R2L,171.500000,171.750000,171.625000,0.000000,0.000000,0.000000,100.000000,0.250000,ns3-simulated/trace-derived
reverse_ep,R2L,171.750000,172.000000,171.875000,0.000000,0.000000,0.000000,100.000000,0.250000,ns3-simulated/trace-derived
reverse_ep,R2L,172.000000,172.250000,172.125000,0.000000,0.000000,0.000000,100.000000,0.250000,ns3-simulated/trace-derived
reverse_ep,R2L,172.250000,172.500000,172.375000,0.000000,0.000000,0.000000,100.000000,0.250000,ns3-simulated/trace-derived
reverse_ep,R2L,172.500000,172.750000,172.625000,0.000000,0.000000,0.000000,100.000000,0.250000,ns3-simulated/trace-derived
reverse_ep,R2L,172.750000,173.000000,172.875000,0.000000,0.000000,0.000000,100.000000,0.250000,ns3-simulated/trace-derived
reverse_ep,R2L,173.000000,173.250000,173.125000,0.000000,0.000000,0.000000,100.000000,0.250000,ns3-simulated/trace-derived
reverse_ep,R2L,173.250000,173.500000,173.375000,0.000000,0.000000,0.000000,100.000000,0.250000,ns3-simulated/trace-derived
reverse_ep,R2L,173.500000,173.750000,173.625000,0.000000,0.000000,0.000000,100.000000,0.250000,ns3-simulated/trace-derived
reverse_ep,R2L,173.750000,174.000000,173.875000,0.000000,0.000000,0.000000,100.000000,0.250000,ns3-simulated/trace-derived
reverse_ep,R2L,174.000000,174.250000,174.125000,0.000000,0.000000,0.000000,100.000000,0.250000,ns3-simulated/trace-derived
reverse_ep,R2L,174.250000,174.500000,174.375000,0.000000,0.000000,0.000000,100.000000,0.250000,ns3-simulated/trace-derived
reverse_ep,R2L,174.500000,174.750000,174.625000,0.000000,0.000000,0.000000,100.000000,0.250000,ns3-simulated/trace-derived
reverse_ep,R2L,174.750000,175.000000,174.875000,0.000000,0.000000,0.000000,100.000000,0.250000,ns3-simulated/trace-derived
reverse_ep,R2L,175.000000,175.250000,175.125000,0.000000,0.000000,0.000000,100.000000,0.250000,ns3-simulated/trace-derived
reverse_ep,R2L,175.250000,175.500000,175.375000,0.000000,0.000000,0.000000,100.000000,0.250000,ns3-simulated/trace-derived
reverse_ep,R2L,175.500000,175.750000,175.625000,0.000000,0.000000,0.000000,100.000000,0.250000,ns3-simulated/trace-derived
reverse_ep,R2L,175.750000,176.000000,175.875000,0.000000,0.000000,0.000000,100.000000,0.250000,ns3-simulated/trace-derived
reverse_ep,R2L,176.000000,176.250000,176.125000,0.000000,0.000000,0.000000,100.000000,0.250000,ns3-simulated/trace-derived
reverse_ep,R2L,176.250000,176.500000,176.375000,0.000000,0.000000,0.000000,100.000000,0.250000,ns3-simulated/trace-derived
reverse_ep,R2L,176.500000,176.750000,176.625000,0.000000,0.000000,0.000000,100.000000,0.250000,ns3-simulated/trace-derived
reverse_ep,R2L,176.750000,177.000000,176.875000,0.000000,0.000000,0.000000,100.000000,0.250000,ns3-simulated/trace-derived
reverse_ep,R2L,177.000000,177.250000,177.125000,0.000000,0.000000,0.000000,100.000000,0.250000,ns3-simulated/trace-derived
reverse_ep,R2L,177.250000,177.500000,177.375000,0.000000,0.000000,0.000000,100.000000,0.250000,ns3-simulated/trace-derived
reverse_ep,R2L,177.500000,177.750000,177.625000,0.000000,0.000000,0.000000,100.000000,0.250000,ns3-simulated/trace-derived
reverse_ep,R2L,177.750000,178.000000,177.875000,0.000000,0.000000,0.000000,100.000000,0.250000,ns3-simulated/trace-derived
reverse_ep,R2L,178.000000,178.250000,178.125000,0.000000,0.000000,0.000000,100.000000,0.250000,ns3-simulated/trace-derived
reverse_ep,R2L,178.250000,178.500000,178.375000,0.000000,0.000000,0.000000,100.000000,0.250000,ns3-simulated/trace-derived
reverse_ep,R2L,178.500000,178.750000,178.625000,0.000000,0.000000,0.000000,100.000000,0.250000,ns3-simulated/trace-derived
reverse_ep,R2L,178.750000,179.000000,178.875000,0.000000,0.000000,0.000000,100.000000,0.250000,ns3-simulated/trace-derived
reverse_ep,R2L,179.000000,179.250000,179.125000,0.000000,0.000000,0.000000,100.000000,0.250000,ns3-simulated/trace-derived
reverse_ep,R2L,179.250000,179.500000,179.375000,0.000000,0.000000,0.000000,100.000000,0.250000,ns3-simulated/trace-derived
reverse_ep,R2L,179.500000,179.750000,179.625000,0.000000,0.000000,0.000000,100.000000,0.250000,ns3-simulated/trace-derived
reverse_ep,R2L,179.750000,180.000000,179.875000,0.000000,0.000000,0.000000,100.000000,0.250000,ns3-simulated/trace-derived
reverse_ep,R2L,180.000000,180.250000,180.125000,0.000000,0.000000,0.000000,100.000000,0.250000,ns3-simulated/trace-derived
reverse_ep,R2L,180.250000,180.500000,180.375000,0.000000,0.000000,0.000000,100.000000,0.250000,ns3-simulated/trace-derived
reverse_ep,R2L,180.500000,180.750000,180.625000,0.000000,0.000000,0.000000,100.000000,0.250000,ns3-simulated/trace-derived
reverse_ep,R2L,180.750000,181.000000,180.875000,0.000000,0.000000,0.000000,100.000000,0.250000,ns3-simulated/trace-derived
reverse_ep,R2L,181.000000,181.250000,181.125000,0.000000,0.000000,0.000000,100.000000,0.250000,ns3-simulated/trace-derived
reverse_ep,R2L,181.250000,181.500000,181.375000,0.000000,0.000000,0.000000,100.000000,0.250000,ns3-simulated/trace-derived
reverse_ep,R2L,181.500000,181.750000,181.625000,0.000000,0.000000,0.000000,100.000000,0.250000,ns3-simulated/trace-derived
reverse_ep,R2L,181.750000,182.000000,181.875000,0.000000,0.000000,0.000000,100.000000,0.250000,ns3-simulated/trace-derived
reverse_ep,R2L,182.000000,182.250000,182.125000,0.000000,0.000000,0.000000,100.000000,0.250000,ns3-simulated/trace-derived
reverse_ep,R2L,182.250000,182.500000,182.375000,0.000000,0.000000,0.000000,100.000000,0.250000,ns3-simulated/trace-derived
reverse_ep,R2L,182.500000,182.750000,182.625000,0.000000,0.000000,0.000000,100.000000,0.250000,ns3-simulated/trace-derived
reverse_ep,R2L,182.750000,183.000000,182.875000,0.000000,0.000000,0.000000,100.000000,0.250000,ns3-simulated/trace-derived
reverse_ep,R2L,183.000000,183.250000,183.125000,0.000000,0.000000,0.000000,100.000000,0.250000,ns3-simulated/trace-derived
reverse_ep,R2L,183.250000,183.500000,183.375000,0.000000,0.000000,0.000000,100.000000,0.250000,ns3-simulated/trace-derived
reverse_ep,R2L,183.500000,183.750000,183.625000,0.000000,0.000000,0.000000,100.000000,0.250000,ns3-simulated/trace-derived
reverse_ep,R2L,183.750000,184.000000,183.875000,0.000000,0.000000,0.000000,100.000000,0.250000,ns3-simulated/trace-derived
reverse_ep,R2L,184.000000,184.250000,184.125000,0.000000,0.000000,0.000000,100.000000,0.250000,ns3-simulated/trace-derived
reverse_ep,R2L,184.250000,184.500000,184.375000,0.000000,0.000000,0.000000,100.000000,0.250000,ns3-simulated/trace-derived
reverse_ep,R2L,184.500000,184.750000,184.625000,0.000000,0.000000,0.000000,100.000000,0.250000,ns3-simulated/trace-derived
reverse_ep,R2L,184.750000,185.000000,184.875000,0.000000,0.000000,0.000000,100.000000,0.250000,ns3-simulated/trace-derived
reverse_ep,R2L,185.000000,185.250000,185.125000,0.000000,0.000000,0.000000,100.000000,0.250000,ns3-simulated/trace-derived
reverse_ep,R2L,185.250000,185.500000,185.375000,0.000000,0.000000,0.000000,100.000000,0.250000,ns3-simulated/trace-derived
reverse_ep,R2L,185.500000,185.750000,185.625000,0.000000,0.000000,0.000000,100.000000,0.250000,ns3-simulated/trace-derived
reverse_ep,R2L,185.750000,186.000000,185.875000,0.000000,0.000000,0.000000,100.000000,0.250000,ns3-simulated/trace-derived
reverse_ep,R2L,186.000000,186.250000,186.125000,0.000000,0.000000,0.000000,100.000000,0.250000,ns3-simulated/trace-derived
reverse_ep,R2L,186.250000,186.500000,186.375000,0.000000,0.000000,0.000000,100.000000,0.250000,ns3-simulated/trace-derived
reverse_ep,R2L,186.500000,186.750000,186.625000,0.000000,0.000000,0.000000,100.000000,0.250000,ns3-simulated/trace-derived
reverse_ep,R2L,186.750000,187.000000,186.875000,0.000000,0.000000,0.000000,100.000000,0.250000,ns3-simulated/trace-derived
reverse_ep,R2L,187.000000,187.250000,187.125000,0.000000,0.000000,0.000000,100.000000,0.250000,ns3-simulated/trace-derived
reverse_ep,R2L,187.250000,187.500000,187.375000,0.000000,0.000000,0.000000,100.000000,0.250000,ns3-simulated/trace-derived
reverse_ep,R2L,187.500000,187.750000,187.625000,0.000000,0.000000,0.000000,100.000000,0.250000,ns3-simulated/trace-derived
reverse_ep,R2L,187.750000,188.000000,187.875000,0.000000,0.000000,0.000000,100.000000,0.250000,ns3-simulated/trace-derived
reverse_ep,R2L,188.000000,188.250000,188.125000,0.000000,0.000000,0.000000,100.000000,0.250000,ns3-simulated/trace-derived
reverse_ep,R2L,188.250000,188.500000,188.375000,0.000000,0.000000,0.000000,100.000000,0.250000,ns3-simulated/trace-derived
reverse_ep,R2L,188.500000,188.750000,188.625000,0.000000,0.000000,0.000000,100.000000,0.250000,ns3-simulated/trace-derived
reverse_ep,R2L,188.750000,189.000000,188.875000,0.000000,0.000000,0.000000,100.000000,0.250000,ns3-simulated/trace-derived
reverse_ep,R2L,189.000000,189.250000,189.125000,0.000000,0.000000,0.000000,100.000000,0.250000,ns3-simulated/trace-derived
reverse_ep,R2L,189.250000,189.500000,189.375000,0.000000,0.000000,0.000000,100.000000,0.250000,ns3-simulated/trace-derived
reverse_ep,R2L,189.500000,189.750000,189.625000,0.000000,0.000000,0.000000,100.000000,0.250000,ns3-simulated/trace-derived
reverse_ep,R2L,189.750000,190.000000,189.875000,0.000000,0.000000,0.000000,100.000000,0.250000,ns3-simulated/trace-derived
reverse_ep,R2L,190.000000,190.250000,190.125000,0.000000,0.000000,0.000000,100.000000,0.250000,ns3-simulated/trace-derived
reverse_ep,R2L,190.250000,190.500000,190.375000,0.000000,0.000000,0.000000,100.000000,0.250000,ns3-simulated/trace-derived
reverse_ep,R2L,190.500000,190.750000,190.625000,0.000000,0.000000,0.000000,100.000000,0.250000,ns3-simulated/trace-derived
reverse_ep,R2L,190.750000,191.000000,190.875000,0.000000,0.000000,0.000000,100.000000,0.250000,ns3-simulated/trace-derived
reverse_ep,R2L,191.000000,191.250000,191.125000,0.000000,0.000000,0.000000,100.000000,0.250000,ns3-simulated/trace-derived
reverse_ep,R2L,191.250000,191.500000,191.375000,0.000000,0.000000,0.000000,100.000000,0.250000,ns3-simulated/trace-derived
reverse_ep,R2L,191.500000,191.750000,191.625000,0.000000,0.000000,0.000000,100.000000,0.250000,ns3-simulated/trace-derived
reverse_ep,R2L,191.750000,192.000000,191.875000,0.000000,0.000000,0.000000,100.000000,0.250000,ns3-simulated/trace-derived
reverse_ep,R2L,192.000000,192.250000,192.125000,0.000000,0.000000,0.000000,100.000000,0.250000,ns3-simulated/trace-derived
reverse_ep,R2L,192.250000,192.500000,192.375000,0.000000,0.000000,0.000000,100.000000,0.250000,ns3-simulated/trace-derived
reverse_ep,R2L,192.500000,192.750000,192.625000,0.000000,0.000000,0.000000,100.000000,0.250000,ns3-simulated/trace-derived
reverse_ep,R2L,192.750000,193.000000,192.875000,0.000000,0.000000,0.000000,100.000000,0.250000,ns3-simulated/trace-derived
reverse_ep,R2L,193.000000,193.250000,193.125000,0.000000,0.000000,0.000000,100.000000,0.250000,ns3-simulated/trace-derived
reverse_ep,R2L,193.250000,193.500000,193.375000,0.000000,0.000000,0.000000,100.000000,0.250000,ns3-simulated/trace-derived
reverse_ep,R2L,193.500000,193.750000,193.625000,0.000000,0.000000,0.000000,100.000000,0.250000,ns3-simulated/trace-derived
reverse_ep,R2L,193.750000,194.000000,193.875000,0.000000,0.000000,0.000000,100.000000,0.250000,ns3-simulated/trace-derived
reverse_ep,R2L,194.000000,194.250000,194.125000,0.000000,0.000000,0.000000,100.000000,0.250000,ns3-simulated/trace-derived
reverse_ep,R2L,194.250000,194.500000,194.375000,0.000000,0.000000,0.000000,100.000000,0.250000,ns3-simulated/trace-derived
reverse_ep,R2L,194.500000,194.750000,194.625000,0.000000,0.000000,0.000000,100.000000,0.250000,ns3-simulated/trace-derived
reverse_ep,R2L,194.750000,195.000000,194.875000,0.000000,0.000000,0.000000,100.000000,0.250000,ns3-simulated/trace-derived
reverse_ep,R2L,195.000000,195.250000,195.125000,0.000000,0.000000,0.000000,100.000000,0.250000,ns3-simulated/trace-derived
reverse_ep,R2L,195.250000,195.500000,195.375000,0.000000,0.000000,0.000000,100.000000,0.250000,ns3-simulated/trace-derived
reverse_ep,R2L,195.500000,195.750000,195.625000,0.000000,0.000000,0.000000,100.000000,0.250000,ns3-simulated/trace-derived
reverse_ep,R2L,195.750000,196.000000,195.875000,0.000000,0.000000,0.000000,100.000000,0.250000,ns3-simulated/trace-derived
reverse_ep,R2L,196.000000,196.250000,196.125000,0.000000,0.000000,0.000000,100.000000,0.250000,ns3-simulated/trace-derived
reverse_ep,R2L,196.250000,196.500000,196.375000,0.000000,0.000000,0.000000,100.000000,0.250000,ns3-simulated/trace-derived
reverse_ep,R2L,196.500000,196.750000,196.625000,0.000000,0.000000,0.000000,100.000000,0.250000,ns3-simulated/trace-derived
reverse_ep,R2L,196.750000,197.000000,196.875000,0.000000,0.000000,0.000000,100.000000,0.250000,ns3-simulated/trace-derived
reverse_ep,R2L,197.000000,197.250000,197.125000,0.000000,0.000000,0.000000,100.000000,0.250000,ns3-simulated/trace-derived
reverse_ep,R2L,197.250000,197.500000,197.375000,0.000000,0.000000,0.000000,100.000000,0.250000,ns3-simulated/trace-derived
reverse_ep,R2L,197.500000,197.750000,197.625000,0.000000,0.000000,0.000000,100.000000,0.250000,ns3-simulated/trace-derived
reverse_ep,R2L,197.750000,198.000000,197.875000,0.000000,0.000000,0.000000,100.000000,0.250000,ns3-simulated/trace-derived
reverse_ep,R2L,198.000000,198.250000,198.125000,0.000000,0.000000,0.000000,100.000000,0.250000,ns3-simulated/trace-derived
reverse_ep,R2L,198.250000,198.500000,198.375000,0.000000,0.000000,0.000000,100.000000,0.250000,ns3-simulated/trace-derived
reverse_ep,R2L,198.500000,198.750000,198.625000,0.000000,0.000000,0.000000,100.000000,0.250000,ns3-simulated/trace-derived
reverse_ep,R2L,198.750000,199.000000,198.875000,0.000000,0.000000,0.000000,100.000000,0.250000,ns3-simulated/trace-derived
reverse_ep,R2L,199.000000,199.250000,199.125000,0.000000,0.000000,0.000000,100.000000,0.250000,ns3-simulated/trace-derived
reverse_ep,R2L,199.250000,199.500000,199.375000,0.000000,0.000000,0.000000,100.000000,0.250000,ns3-simulated/trace-derived
reverse_ep,R2L,199.500000,199.750000,199.625000,0.000000,0.000000,0.000000,100.000000,0.250000,ns3-simulated/trace-derived
reverse_ep,R2L,199.750000,200.000000,199.875000,0.000000,0.000000,0.000000,100.000000,0.250000,ns3-simulated/trace-derived
reverse_ep,R2L,200.000000,200.250000,200.125000,0.000000,0.000000,0.000000,100.000000,0.250000,ns3-simulated/trace-derived
reverse_ep,R2L,200.250000,200.500000,200.375000,0.000000,0.000000,0.000000,100.000000,0.250000,ns3-simulated/trace-derived
reverse_ep,R2L,200.500000,200.750000,200.625000,0.000000,0.000000,0.000000,100.000000,0.250000,ns3-simulated/trace-derived
reverse_ep,R2L,200.750000,201.000000,200.875000,0.000000,0.000000,0.000000,100.000000,0.250000,ns3-simulated/trace-derived
reverse_ep,R2L,201.000000,201.250000,201.125000,0.000000,0.000000,0.000000,100.000000,0.250000,ns3-simulated/trace-derived
reverse_ep,R2L,201.250000,201.500000,201.375000,0.000000,0.000000,0.000000,100.000000,0.250000,ns3-simulated/trace-derived
reverse_ep,R2L,201.500000,201.750000,201.625000,0.000000,0.000000,0.000000,100.000000,0.250000,ns3-simulated/trace-derived
reverse_ep,R2L,201.750000,202.000000,201.875000,0.000000,0.000000,0.000000,100.000000,0.250000,ns3-simulated/trace-derived
reverse_ep,R2L,202.000000,202.250000,202.125000,0.000000,0.000000,0.000000,100.000000,0.250000,ns3-simulated/trace-derived
reverse_ep,R2L,202.250000,202.500000,202.375000,0.000000,0.000000,0.000000,100.000000,0.250000,ns3-simulated/trace-derived
reverse_ep,R2L,202.500000,202.750000,202.625000,0.000000,0.000000,0.000000,100.000000,0.250000,ns3-simulated/trace-derived
reverse_ep,R2L,202.750000,203.000000,202.875000,0.000000,0.000000,0.000000,100.000000,0.250000,ns3-simulated/trace-derived
reverse_ep,R2L,203.000000,203.250000,203.125000,0.000000,0.000000,0.000000,100.000000,0.250000,ns3-simulated/trace-derived
reverse_ep,R2L,203.250000,203.500000,203.375000,0.000000,0.000000,0.000000,100.000000,0.250000,ns3-simulated/trace-derived
reverse_ep,R2L,203.500000,203.750000,203.625000,0.000000,0.000000,0.000000,100.000000,0.250000,ns3-simulated/trace-derived
reverse_ep,R2L,203.750000,204.000000,203.875000,0.000000,0.000000,0.000000,100.000000,0.250000,ns3-simulated/trace-derived
reverse_ep,R2L,204.000000,204.250000,204.125000,0.000000,0.000000,0.000000,100.000000,0.250000,ns3-simulated/trace-derived
reverse_ep,R2L,204.250000,204.500000,204.375000,0.000000,0.000000,0.000000,100.000000,0.250000,ns3-simulated/trace-derived
reverse_ep,R2L,204.500000,204.750000,204.625000,0.000000,0.000000,0.000000,100.000000,0.250000,ns3-simulated/trace-derived
reverse_ep,R2L,204.750000,205.000000,204.875000,0.000000,0.000000,0.000000,100.000000,0.250000,ns3-simulated/trace-derived
reverse_ep,R2L,205.000000,205.250000,205.125000,0.000000,0.000000,0.000000,100.000000,0.250000,ns3-simulated/trace-derived
reverse_ep,R2L,205.250000,205.500000,205.375000,0.000000,0.000000,0.000000,100.000000,0.250000,ns3-simulated/trace-derived
reverse_ep,R2L,205.500000,205.750000,205.625000,0.000000,0.000000,0.000000,100.000000,0.250000,ns3-simulated/trace-derived
reverse_ep,R2L,205.750000,206.000000,205.875000,0.000000,0.000000,0.000000,100.000000,0.250000,ns3-simulated/trace-derived
reverse_ep,R2L,206.000000,206.250000,206.125000,0.000000,0.000000,0.000000,100.000000,0.250000,ns3-simulated/trace-derived
reverse_ep,R2L,206.250000,206.500000,206.375000,0.000000,0.000000,0.000000,100.000000,0.250000,ns3-simulated/trace-derived
reverse_ep,R2L,206.500000,206.750000,206.625000,0.000000,0.000000,0.000000,100.000000,0.250000,ns3-simulated/trace-derived
reverse_ep,R2L,206.750000,207.000000,206.875000,0.000000,0.000000,0.000000,100.000000,0.250000,ns3-simulated/trace-derived
reverse_ep,R2L,207.000000,207.250000,207.125000,0.000000,0.000000,0.000000,100.000000,0.250000,ns3-simulated/trace-derived
reverse_ep,R2L,207.250000,207.500000,207.375000,0.000000,0.000000,0.000000,100.000000,0.250000,ns3-simulated/trace-derived
reverse_ep,R2L,207.500000,207.750000,207.625000,0.000000,0.000000,0.000000,100.000000,0.250000,ns3-simulated/trace-derived
reverse_ep,R2L,207.750000,208.000000,207.875000,0.000000,0.000000,0.000000,100.000000,0.250000,ns3-simulated/trace-derived
reverse_ep,R2L,208.000000,208.250000,208.125000,0.000000,0.000000,0.000000,100.000000,0.250000,ns3-simulated/trace-derived
reverse_ep,R2L,208.250000,208.500000,208.375000,0.000000,0.000000,0.000000,100.000000,0.250000,ns3-simulated/trace-derived
reverse_ep,R2L,208.500000,208.750000,208.625000,0.000000,0.000000,0.000000,100.000000,0.250000,ns3-simulated/trace-derived
reverse_ep,R2L,208.750000,209.000000,208.875000,0.000000,0.000000,0.000000,100.000000,0.250000,ns3-simulated/trace-derived
reverse_ep,R2L,209.000000,209.250000,209.125000,0.000000,0.000000,0.000000,100.000000,0.250000,ns3-simulated/trace-derived
reverse_ep,R2L,209.250000,209.500000,209.375000,0.000000,0.000000,0.000000,100.000000,0.250000,ns3-simulated/trace-derived
reverse_ep,R2L,209.500000,209.750000,209.625000,0.000000,0.000000,0.000000,100.000000,0.250000,ns3-simulated/trace-derived
reverse_ep,R2L,209.750000,210.000000,209.875000,0.000000,0.000000,0.000000,100.000000,0.250000,ns3-simulated/trace-derived
reverse_ep,R2L,210.000000,210.250000,210.125000,0.000000,0.000000,0.000000,100.000000,0.250000,ns3-simulated/trace-derived
reverse_ep,R2L,210.250000,210.500000,210.375000,0.000000,0.000000,0.000000,100.000000,0.250000,ns3-simulated/trace-derived
reverse_ep,R2L,210.500000,210.750000,210.625000,0.000000,0.000000,0.000000,100.000000,0.250000,ns3-simulated/trace-derived
reverse_ep,R2L,210.750000,211.000000,210.875000,0.000000,0.000000,0.000000,100.000000,0.250000,ns3-simulated/trace-derived
reverse_ep,R2L,211.000000,211.250000,211.125000,0.000000,0.000000,0.000000,100.000000,0.250000,ns3-simulated/trace-derived
reverse_ep,R2L,211.250000,211.500000,211.375000,0.000000,0.000000,0.000000,100.000000,0.250000,ns3-simulated/trace-derived
reverse_ep,R2L,211.500000,211.750000,211.625000,0.000000,0.000000,0.000000,100.000000,0.250000,ns3-simulated/trace-derived
reverse_ep,R2L,211.750000,212.000000,211.875000,0.000000,0.000000,0.000000,100.000000,0.250000,ns3-simulated/trace-derived
reverse_ep,R2L,212.000000,212.250000,212.125000,0.000000,0.000000,0.000000,100.000000,0.250000,ns3-simulated/trace-derived
reverse_ep,R2L,212.250000,212.500000,212.375000,0.000000,0.000000,0.000000,100.000000,0.250000,ns3-simulated/trace-derived
reverse_ep,R2L,212.500000,212.750000,212.625000,0.000000,0.000000,0.000000,100.000000,0.250000,ns3-simulated/trace-derived
reverse_ep,R2L,212.750000,213.000000,212.875000,0.000000,0.000000,0.000000,100.000000,0.250000,ns3-simulated/trace-derived
reverse_ep,R2L,213.000000,213.250000,213.125000,0.000000,0.000000,0.000000,100.000000,0.250000,ns3-simulated/trace-derived
reverse_ep,R2L,213.250000,213.500000,213.375000,0.000000,0.000000,0.000000,100.000000,0.250000,ns3-simulated/trace-derived
reverse_ep,R2L,213.500000,213.750000,213.625000,0.000000,0.000000,0.000000,100.000000,0.250000,ns3-simulated/trace-derived
reverse_ep,R2L,213.750000,214.000000,213.875000,0.000000,0.000000,0.000000,100.000000,0.250000,ns3-simulated/trace-derived
reverse_ep,R2L,214.000000,214.250000,214.125000,0.000000,0.000000,0.000000,100.000000,0.250000,ns3-simulated/trace-derived
reverse_ep,R2L,214.250000,214.500000,214.375000,0.000000,0.000000,0.000000,100.000000,0.250000,ns3-simulated/trace-derived
reverse_ep,R2L,214.500000,214.750000,214.625000,0.000000,0.000000,0.000000,100.000000,0.250000,ns3-simulated/trace-derived
reverse_ep,R2L,214.750000,215.000000,214.875000,0.000000,0.000000,0.000000,100.000000,0.250000,ns3-simulated/trace-derived
reverse_ep,R2L,215.000000,215.250000,215.125000,0.000000,0.000000,0.000000,100.000000,0.250000,ns3-simulated/trace-derived
reverse_ep,R2L,215.250000,215.500000,215.375000,0.000000,0.000000,0.000000,100.000000,0.250000,ns3-simulated/trace-derived
reverse_ep,R2L,215.500000,215.750000,215.625000,0.000000,0.000000,0.000000,100.000000,0.250000,ns3-simulated/trace-derived
reverse_ep,R2L,215.750000,216.000000,215.875000,0.000000,0.000000,0.000000,100.000000,0.250000,ns3-simulated/trace-derived
reverse_ep,R2L,216.000000,216.250000,216.125000,0.000000,0.000000,0.000000,100.000000,0.250000,ns3-simulated/trace-derived
reverse_ep,R2L,216.250000,216.500000,216.375000,0.000000,0.000000,0.000000,100.000000,0.250000,ns3-simulated/trace-derived
reverse_ep,R2L,216.500000,216.750000,216.625000,0.000000,0.000000,0.000000,100.000000,0.250000,ns3-simulated/trace-derived
reverse_ep,R2L,216.750000,217.000000,216.875000,0.000000,0.000000,0.000000,100.000000,0.250000,ns3-simulated/trace-derived
reverse_ep,R2L,217.000000,217.250000,217.125000,0.000000,0.000000,0.000000,100.000000,0.250000,ns3-simulated/trace-derived
reverse_ep,R2L,217.250000,217.500000,217.375000,0.000000,0.000000,0.000000,100.000000,0.250000,ns3-simulated/trace-derived
reverse_ep,R2L,217.500000,217.750000,217.625000,0.000000,0.000000,0.000000,100.000000,0.250000,ns3-simulated/trace-derived
reverse_ep,R2L,217.750000,218.000000,217.875000,0.000000,0.000000,0.000000,100.000000,0.250000,ns3-simulated/trace-derived
reverse_ep,R2L,218.000000,218.250000,218.125000,0.000000,0.000000,0.000000,100.000000,0.250000,ns3-simulated/trace-derived
reverse_ep,R2L,218.250000,218.500000,218.375000,0.000000,0.000000,0.000000,100.000000,0.250000,ns3-simulated/trace-derived
reverse_ep,R2L,218.500000,218.750000,218.625000,0.000000,0.000000,0.000000,100.000000,0.250000,ns3-simulated/trace-derived
reverse_ep,R2L,218.750000,219.000000,218.875000,0.000000,0.000000,0.000000,100.000000,0.250000,ns3-simulated/trace-derived
reverse_ep,R2L,219.000000,219.250000,219.125000,0.000000,0.000000,0.000000,100.000000,0.250000,ns3-simulated/trace-derived
reverse_ep,R2L,219.250000,219.500000,219.375000,0.000000,0.000000,0.000000,100.000000,0.250000,ns3-simulated/trace-derived
reverse_ep,R2L,219.500000,219.750000,219.625000,0.000000,0.000000,0.000000,100.000000,0.250000,ns3-simulated/trace-derived
reverse_ep,R2L,219.750000,220.000000,219.875000,0.000000,0.000000,0.000000,100.000000,0.250000,ns3-simulated/trace-derived
reverse_ep,R2L,220.000000,220.250000,220.125000,1694.000000,54.208000,54.208000,100.000000,0.250000,ns3-simulated/trace-derived
reverse_ep,R2L,220.250000,220.500000,220.375000,3125.000000,100.000000,100.000000,100.000000,0.250000,ns3-simulated/trace-derived
reverse_ep,R2L,220.500000,220.750000,220.625000,3125.000000,100.000000,100.000000,100.000000,0.250000,ns3-simulated/trace-derived
reverse_ep,R2L,220.750000,221.000000,220.875000,3125.000000,100.000000,100.000000,100.000000,0.250000,ns3-simulated/trace-derived
reverse_ep,R2L,221.000000,221.250000,221.125000,3000.000000,96.000000,96.000000,100.000000,0.250000,ns3-simulated/trace-derived
reverse_ep,R2L,221.250000,221.500000,221.375000,3063.000000,98.016000,98.016000,100.000000,0.250000,ns3-simulated/trace-derived
reverse_ep,R2L,221.500000,221.750000,221.625000,3125.000000,100.000000,100.000000,100.000000,0.250000,ns3-simulated/trace-derived
reverse_ep,R2L,221.750000,222.000000,221.875000,3000.000000,96.000000,96.000000,100.000000,0.250000,ns3-simulated/trace-derived
reverse_ep,R2L,222.000000,222.250000,222.125000,3063.000000,98.016000,98.016000,100.000000,0.250000,ns3-simulated/trace-derived
reverse_ep,R2L,222.250000,222.500000,222.375000,3000.000000,96.000000,96.000000,100.000000,0.250000,ns3-simulated/trace-derived
reverse_ep,R2L,222.500000,222.750000,222.625000,3125.000000,100.000000,100.000000,100.000000,0.250000,ns3-simulated/trace-derived
reverse_ep,R2L,222.750000,223.000000,222.875000,3063.000000,98.016000,98.016000,100.000000,0.250000,ns3-simulated/trace-derived
reverse_ep,R2L,223.000000,223.250000,223.125000,3000.000000,96.000000,96.000000,100.000000,0.250000,ns3-simulated/trace-derived
reverse_ep,R2L,223.250000,223.500000,223.375000,3125.000000,100.000000,100.000000,100.000000,0.250000,ns3-simulated/trace-derived
reverse_ep,R2L,223.500000,223.750000,223.625000,3063.000000,98.016000,98.016000,100.000000,0.250000,ns3-simulated/trace-derived
reverse_ep,R2L,223.750000,224.000000,223.875000,3000.000000,96.000000,96.000000,100.000000,0.250000,ns3-simulated/trace-derived
reverse_ep,R2L,224.000000,224.250000,224.125000,3063.000000,98.016000,98.016000,100.000000,0.250000,ns3-simulated/trace-derived
reverse_ep,R2L,224.250000,224.500000,224.375000,3125.000000,100.000000,100.000000,100.000000,0.250000,ns3-simulated/trace-derived
reverse_ep,R2L,224.500000,224.750000,224.625000,3000.000000,96.000000,96.000000,100.000000,0.250000,ns3-simulated/trace-derived
reverse_ep,R2L,224.750000,225.000000,224.875000,3063.000000,98.016000,98.016000,100.000000,0.250000,ns3-simulated/trace-derived
reverse_ep,R2L,225.000000,225.250000,225.125000,3000.000000,96.000000,96.000000,100.000000,0.250000,ns3-simulated/trace-derived
reverse_ep,R2L,225.250000,225.500000,225.375000,3125.000000,100.000000,100.000000,100.000000,0.250000,ns3-simulated/trace-derived
reverse_ep,R2L,225.500000,225.750000,225.625000,3063.000000,98.016000,98.016000,100.000000,0.250000,ns3-simulated/trace-derived
reverse_ep,R2L,225.750000,226.000000,225.875000,3000.000000,96.000000,96.000000,100.000000,0.250000,ns3-simulated/trace-derived
reverse_ep,R2L,226.000000,226.250000,226.125000,3063.000000,98.016000,98.016000,100.000000,0.250000,ns3-simulated/trace-derived
reverse_ep,R2L,226.250000,226.500000,226.375000,3125.000000,100.000000,100.000000,100.000000,0.250000,ns3-simulated/trace-derived
reverse_ep,R2L,226.500000,226.750000,226.625000,3000.000000,96.000000,96.000000,100.000000,0.250000,ns3-simulated/trace-derived
reverse_ep,R2L,226.750000,227.000000,226.875000,3063.000000,98.016000,98.016000,100.000000,0.250000,ns3-simulated/trace-derived
reverse_ep,R2L,227.000000,227.250000,227.125000,3125.000000,100.000000,100.000000,100.000000,0.250000,ns3-simulated/trace-derived
reverse_ep,R2L,227.250000,227.500000,227.375000,3000.000000,96.000000,96.000000,100.000000,0.250000,ns3-simulated/trace-derived
reverse_ep,R2L,227.500000,227.750000,227.625000,3063.000000,98.016000,98.016000,100.000000,0.250000,ns3-simulated/trace-derived
reverse_ep,R2L,227.750000,228.000000,227.875000,3000.000000,96.000000,96.000000,100.000000,0.250000,ns3-simulated/trace-derived
reverse_ep,R2L,228.000000,228.250000,228.125000,3125.000000,100.000000,100.000000,100.000000,0.250000,ns3-simulated/trace-derived
reverse_ep,R2L,228.250000,228.500000,228.375000,3063.000000,98.016000,98.016000,100.000000,0.250000,ns3-simulated/trace-derived
reverse_ep,R2L,228.500000,228.750000,228.625000,2875.000000,92.000000,92.000000,100.000000,0.250000,ns3-simulated/trace-derived
reverse_ep,R2L,228.750000,229.000000,228.875000,3063.000000,98.016000,98.016000,100.000000,0.250000,ns3-simulated/trace-derived
reverse_ep,R2L,229.000000,229.250000,229.125000,3125.000000,100.000000,100.000000,100.000000,0.250000,ns3-simulated/trace-derived
reverse_ep,R2L,229.250000,229.500000,229.375000,3000.000000,96.000000,96.000000,100.000000,0.250000,ns3-simulated/trace-derived
reverse_ep,R2L,229.500000,229.750000,229.625000,3063.000000,98.016000,98.016000,100.000000,0.250000,ns3-simulated/trace-derived
reverse_ep,R2L,229.750000,230.000000,229.875000,3125.000000,100.000000,100.000000,100.000000,0.250000,ns3-simulated/trace-derived
reverse_ep,R2L,230.000000,230.250000,230.125000,3000.000000,96.000000,96.000000,100.000000,0.250000,ns3-simulated/trace-derived
reverse_ep,R2L,230.250000,230.500000,230.375000,3063.000000,98.016000,98.016000,100.000000,0.250000,ns3-simulated/trace-derived
reverse_ep,R2L,230.500000,230.750000,230.625000,3000.000000,96.000000,96.000000,100.000000,0.250000,ns3-simulated/trace-derived
reverse_ep,R2L,230.750000,231.000000,230.875000,3125.000000,100.000000,100.000000,100.000000,0.250000,ns3-simulated/trace-derived
reverse_ep,R2L,231.000000,231.250000,231.125000,3063.000000,98.016000,98.016000,100.000000,0.250000,ns3-simulated/trace-derived
reverse_ep,R2L,231.250000,231.500000,231.375000,3000.000000,96.000000,96.000000,100.000000,0.250000,ns3-simulated/trace-derived
reverse_ep,R2L,231.500000,231.750000,231.625000,3063.000000,98.016000,98.016000,100.000000,0.250000,ns3-simulated/trace-derived
reverse_ep,R2L,231.750000,232.000000,231.875000,3125.000000,100.000000,100.000000,100.000000,0.250000,ns3-simulated/trace-derived
reverse_ep,R2L,232.000000,232.250000,232.125000,3000.000000,96.000000,96.000000,100.000000,0.250000,ns3-simulated/trace-derived
reverse_ep,R2L,232.250000,232.500000,232.375000,3046.000000,97.472000,97.472000,100.000000,0.250000,ns3-simulated/trace-derived
reverse_ep,R2L,232.500000,232.750000,232.625000,3000.000000,96.000000,96.000000,100.000000,0.250000,ns3-simulated/trace-derived
reverse_ep,R2L,232.750000,233.000000,232.875000,3125.000000,100.000000,100.000000,100.000000,0.250000,ns3-simulated/trace-derived
reverse_ep,R2L,233.000000,233.250000,233.125000,3063.000000,98.016000,98.016000,100.000000,0.250000,ns3-simulated/trace-derived
reverse_ep,R2L,233.250000,233.500000,233.375000,3000.000000,96.000000,96.000000,100.000000,0.250000,ns3-simulated/trace-derived
reverse_ep,R2L,233.500000,233.750000,233.625000,3125.000000,100.000000,100.000000,100.000000,0.250000,ns3-simulated/trace-derived
reverse_ep,R2L,233.750000,234.000000,233.875000,3063.000000,98.016000,98.016000,100.000000,0.250000,ns3-simulated/trace-derived
reverse_ep,R2L,234.000000,234.250000,234.125000,3000.000000,96.000000,96.000000,100.000000,0.250000,ns3-simulated/trace-derived
reverse_ep,R2L,234.250000,234.500000,234.375000,3063.000000,98.016000,98.016000,100.000000,0.250000,ns3-simulated/trace-derived
reverse_ep,R2L,234.500000,234.750000,234.625000,3125.000000,100.000000,100.000000,100.000000,0.250000,ns3-simulated/trace-derived
reverse_ep,R2L,234.750000,235.000000,234.875000,3000.000000,96.000000,96.000000,100.000000,0.250000,ns3-simulated/trace-derived
reverse_ep,R2L,235.000000,235.250000,235.125000,3063.000000,98.016000,98.016000,100.000000,0.250000,ns3-simulated/trace-derived
reverse_ep,R2L,235.250000,235.500000,235.375000,3000.000000,96.000000,96.000000,100.000000,0.250000,ns3-simulated/trace-derived
reverse_ep,R2L,235.500000,235.750000,235.625000,3125.000000,100.000000,100.000000,100.000000,0.250000,ns3-simulated/trace-derived
reverse_ep,R2L,235.750000,236.000000,235.875000,3063.000000,98.016000,98.016000,100.000000,0.250000,ns3-simulated/trace-derived
reverse_ep,R2L,236.000000,236.250000,236.125000,3000.000000,96.000000,96.000000,100.000000,0.250000,ns3-simulated/trace-derived
reverse_ep,R2L,236.250000,236.500000,236.375000,3063.000000,98.016000,98.016000,100.000000,0.250000,ns3-simulated/trace-derived
reverse_ep,R2L,236.500000,236.750000,236.625000,3125.000000,100.000000,100.000000,100.000000,0.250000,ns3-simulated/trace-derived
reverse_ep,R2L,236.750000,237.000000,236.875000,3000.000000,96.000000,96.000000,100.000000,0.250000,ns3-simulated/trace-derived
reverse_ep,R2L,237.000000,237.250000,237.125000,3063.000000,98.016000,98.016000,100.000000,0.250000,ns3-simulated/trace-derived
reverse_ep,R2L,237.250000,237.500000,237.375000,3125.000000,100.000000,100.000000,100.000000,0.250000,ns3-simulated/trace-derived
reverse_ep,R2L,237.500000,237.750000,237.625000,3000.000000,96.000000,96.000000,100.000000,0.250000,ns3-simulated/trace-derived
reverse_ep,R2L,237.750000,238.000000,237.875000,3063.000000,98.016000,98.016000,100.000000,0.250000,ns3-simulated/trace-derived
reverse_ep,R2L,238.000000,238.250000,238.125000,3000.000000,96.000000,96.000000,100.000000,0.250000,ns3-simulated/trace-derived
reverse_ep,R2L,238.250000,238.500000,238.375000,3125.000000,100.000000,100.000000,100.000000,0.250000,ns3-simulated/trace-derived
reverse_ep,R2L,238.500000,238.750000,238.625000,3063.000000,98.016000,98.016000,100.000000,0.250000,ns3-simulated/trace-derived
reverse_ep,R2L,238.750000,239.000000,238.875000,3000.000000,96.000000,96.000000,100.000000,0.250000,ns3-simulated/trace-derived
reverse_ep,R2L,239.000000,239.250000,239.125000,3063.000000,98.016000,98.016000,100.000000,0.250000,ns3-simulated/trace-derived
reverse_ep,R2L,239.250000,239.500000,239.375000,3125.000000,100.000000,100.000000,100.000000,0.250000,ns3-simulated/trace-derived
reverse_ep,R2L,239.500000,239.750000,239.625000,3000.000000,96.000000,96.000000,100.000000,0.250000,ns3-simulated/trace-derived
reverse_ep,R2L,239.750000,240.000000,239.875000,3063.000000,98.016000,98.016000,100.000000,0.250000,ns3-simulated/trace-derived
reverse_ep,R2L,240.000000,240.250000,240.125000,3075.000000,98.400000,98.400000,100.000000,0.250000,ns3-simulated/trace-derived
reverse_ep,R2L,240.250000,240.500000,240.375000,3050.000000,97.600000,97.600000,100.000000,0.250000,ns3-simulated/trace-derived
reverse_ep,R2L,240.500000,240.750000,240.625000,3063.000000,98.016000,98.016000,100.000000,0.250000,ns3-simulated/trace-derived
reverse_ep,R2L,240.750000,241.000000,240.875000,3000.000000,96.000000,96.000000,100.000000,0.250000,ns3-simulated/trace-derived
reverse_ep,R2L,241.000000,241.250000,241.125000,3125.000000,100.000000,100.000000,100.000000,0.250000,ns3-simulated/trace-derived
reverse_ep,R2L,241.250000,241.500000,241.375000,3063.000000,98.016000,98.016000,100.000000,0.250000,ns3-simulated/trace-derived
reverse_ep,R2L,241.500000,241.750000,241.625000,3000.000000,96.000000,96.000000,100.000000,0.250000,ns3-simulated/trace-derived
reverse_ep,R2L,241.750000,242.000000,241.875000,3063.000000,98.016000,98.016000,100.000000,0.250000,ns3-simulated/trace-derived
reverse_ep,R2L,242.000000,242.250000,242.125000,3125.000000,100.000000,100.000000,100.000000,0.250000,ns3-simulated/trace-derived
reverse_ep,R2L,242.250000,242.500000,242.375000,3000.000000,96.000000,96.000000,100.000000,0.250000,ns3-simulated/trace-derived
reverse_ep,R2L,242.500000,242.750000,242.625000,3063.000000,98.016000,98.016000,100.000000,0.250000,ns3-simulated/trace-derived
reverse_ep,R2L,242.750000,243.000000,242.875000,3000.000000,96.000000,96.000000,100.000000,0.250000,ns3-simulated/trace-derived
reverse_ep,R2L,243.000000,243.250000,243.125000,3125.000000,100.000000,100.000000,100.000000,0.250000,ns3-simulated/trace-derived
reverse_ep,R2L,243.250000,243.500000,243.375000,889.000000,28.448000,28.448000,100.000000,0.250000,ns3-simulated/trace-derived
reverse_ep,R2L,243.500000,243.750000,243.625000,0.000000,0.000000,0.000000,100.000000,0.250000,ns3-simulated/trace-derived
reverse_ep,R2L,243.750000,244.000000,243.875000,0.000000,0.000000,0.000000,100.000000,0.250000,ns3-simulated/trace-derived
reverse_ep,R2L,244.000000,244.250000,244.125000,0.000000,0.000000,0.000000,100.000000,0.250000,ns3-simulated/trace-derived
reverse_ep,R2L,244.250000,244.500000,244.375000,0.000000,0.000000,0.000000,100.000000,0.250000,ns3-simulated/trace-derived
reverse_ep,R2L,244.500000,244.750000,244.625000,0.000000,0.000000,0.000000,100.000000,0.250000,ns3-simulated/trace-derived
reverse_ep,R2L,244.750000,245.000000,244.875000,0.000000,0.000000,0.000000,100.000000,0.250000,ns3-simulated/trace-derived
reverse_ep,R2L,245.000000,245.250000,245.125000,0.000000,0.000000,0.000000,100.000000,0.250000,ns3-simulated/trace-derived
reverse_ep,R2L,245.250000,245.500000,245.375000,0.000000,0.000000,0.000000,100.000000,0.250000,ns3-simulated/trace-derived
reverse_ep,R2L,245.500000,245.750000,245.625000,0.000000,0.000000,0.000000,100.000000,0.250000,ns3-simulated/trace-derived
reverse_ep,R2L,245.750000,246.000000,245.875000,0.000000,0.000000,0.000000,100.000000,0.250000,ns3-simulated/trace-derived
reverse_ep,R2L,246.000000,246.250000,246.125000,0.000000,0.000000,0.000000,100.000000,0.250000,ns3-simulated/trace-derived
reverse_ep,R2L,246.250000,246.500000,246.375000,0.000000,0.000000,0.000000,100.000000,0.250000,ns3-simulated/trace-derived
reverse_ep,R2L,246.500000,246.750000,246.625000,0.000000,0.000000,0.000000,100.000000,0.250000,ns3-simulated/trace-derived
reverse_ep,R2L,246.750000,247.000000,246.875000,0.000000,0.000000,0.000000,100.000000,0.250000,ns3-simulated/trace-derived
reverse_ep,R2L,247.000000,247.250000,247.125000,0.000000,0.000000,0.000000,100.000000,0.250000,ns3-simulated/trace-derived
reverse_ep,R2L,247.250000,247.500000,247.375000,0.000000,0.000000,0.000000,100.000000,0.250000,ns3-simulated/trace-derived
reverse_ep,R2L,247.500000,247.750000,247.625000,0.000000,0.000000,0.000000,100.000000,0.250000,ns3-simulated/trace-derived
reverse_ep,R2L,247.750000,248.000000,247.875000,0.000000,0.000000,0.000000,100.000000,0.250000,ns3-simulated/trace-derived
reverse_ep,R2L,248.000000,248.250000,248.125000,0.000000,0.000000,0.000000,100.000000,0.250000,ns3-simulated/trace-derived
reverse_ep,R2L,248.250000,248.500000,248.375000,0.000000,0.000000,0.000000,100.000000,0.250000,ns3-simulated/trace-derived
reverse_ep,R2L,248.500000,248.750000,248.625000,0.000000,0.000000,0.000000,100.000000,0.250000,ns3-simulated/trace-derived
reverse_ep,R2L,248.750000,249.000000,248.875000,0.000000,0.000000,0.000000,100.000000,0.250000,ns3-simulated/trace-derived
reverse_ep,R2L,249.000000,249.250000,249.125000,0.000000,0.000000,0.000000,100.000000,0.250000,ns3-simulated/trace-derived
reverse_ep,R2L,249.250000,249.500000,249.375000,0.000000,0.000000,0.000000,100.000000,0.250000,ns3-simulated/trace-derived
reverse_ep,R2L,249.500000,249.750000,249.625000,0.000000,0.000000,0.000000,100.000000,0.250000,ns3-simulated/trace-derived
reverse_ep,R2L,249.750000,250.000000,249.875000,0.000000,0.000000,0.000000,100.000000,0.250000,ns3-simulated/trace-derived
reverse_ep,R2L,250.000000,250.250000,250.125000,0.000000,0.000000,0.000000,100.000000,0.250000,ns3-simulated/trace-derived
reverse_ep,R2L,250.250000,250.500000,250.375000,0.000000,0.000000,0.000000,100.000000,0.250000,ns3-simulated/trace-derived
reverse_ep,R2L,250.500000,250.750000,250.625000,0.000000,0.000000,0.000000,100.000000,0.250000,ns3-simulated/trace-derived
reverse_ep,R2L,250.750000,251.000000,250.875000,0.000000,0.000000,0.000000,100.000000,0.250000,ns3-simulated/trace-derived
reverse_ep,R2L,251.000000,251.250000,251.125000,0.000000,0.000000,0.000000,100.000000,0.250000,ns3-simulated/trace-derived
reverse_ep,R2L,251.250000,251.500000,251.375000,0.000000,0.000000,0.000000,100.000000,0.250000,ns3-simulated/trace-derived
reverse_ep,R2L,251.500000,251.750000,251.625000,0.000000,0.000000,0.000000,100.000000,0.250000,ns3-simulated/trace-derived
reverse_ep,R2L,251.750000,252.000000,251.875000,0.000000,0.000000,0.000000,100.000000,0.250000,ns3-simulated/trace-derived
reverse_ep,R2L,252.000000,252.250000,252.125000,0.000000,0.000000,0.000000,100.000000,0.250000,ns3-simulated/trace-derived
reverse_ep,R2L,252.250000,252.500000,252.375000,0.000000,0.000000,0.000000,100.000000,0.250000,ns3-simulated/trace-derived
reverse_ep,R2L,252.500000,252.750000,252.625000,0.000000,0.000000,0.000000,100.000000,0.250000,ns3-simulated/trace-derived
reverse_ep,R2L,252.750000,253.000000,252.875000,0.000000,0.000000,0.000000,100.000000,0.250000,ns3-simulated/trace-derived
reverse_ep,R2L,253.000000,253.250000,253.125000,0.000000,0.000000,0.000000,100.000000,0.250000,ns3-simulated/trace-derived
reverse_ep,R2L,253.250000,253.500000,253.375000,0.000000,0.000000,0.000000,100.000000,0.250000,ns3-simulated/trace-derived
reverse_ep,R2L,253.500000,253.750000,253.625000,0.000000,0.000000,0.000000,100.000000,0.250000,ns3-simulated/trace-derived
reverse_ep,R2L,253.750000,254.000000,253.875000,0.000000,0.000000,0.000000,100.000000,0.250000,ns3-simulated/trace-derived
reverse_ep,R2L,254.000000,254.250000,254.125000,0.000000,0.000000,0.000000,100.000000,0.250000,ns3-simulated/trace-derived
reverse_ep,R2L,254.250000,254.500000,254.375000,0.000000,0.000000,0.000000,100.000000,0.250000,ns3-simulated/trace-derived
reverse_ep,R2L,254.500000,254.750000,254.625000,0.000000,0.000000,0.000000,100.000000,0.250000,ns3-simulated/trace-derived
reverse_ep,R2L,254.750000,255.000000,254.875000,0.000000,0.000000,0.000000,100.000000,0.250000,ns3-simulated/trace-derived
reverse_ep,R2L,255.000000,255.250000,255.125000,0.000000,0.000000,0.000000,100.000000,0.250000,ns3-simulated/trace-derived
reverse_ep,R2L,255.250000,255.500000,255.375000,0.000000,0.000000,0.000000,100.000000,0.250000,ns3-simulated/trace-derived
reverse_ep,R2L,255.500000,255.750000,255.625000,0.000000,0.000000,0.000000,100.000000,0.250000,ns3-simulated/trace-derived
reverse_ep,R2L,255.750000,256.000000,255.875000,0.000000,0.000000,0.000000,100.000000,0.250000,ns3-simulated/trace-derived
reverse_ep,R2L,256.000000,256.250000,256.125000,0.000000,0.000000,0.000000,100.000000,0.250000,ns3-simulated/trace-derived
reverse_ep,R2L,256.250000,256.500000,256.375000,0.000000,0.000000,0.000000,100.000000,0.250000,ns3-simulated/trace-derived
reverse_ep,R2L,256.500000,256.750000,256.625000,0.000000,0.000000,0.000000,100.000000,0.250000,ns3-simulated/trace-derived
reverse_ep,R2L,256.750000,257.000000,256.875000,0.000000,0.000000,0.000000,100.000000,0.250000,ns3-simulated/trace-derived
reverse_ep,R2L,257.000000,257.250000,257.125000,0.000000,0.000000,0.000000,100.000000,0.250000,ns3-simulated/trace-derived
reverse_ep,R2L,257.250000,257.500000,257.375000,0.000000,0.000000,0.000000,100.000000,0.250000,ns3-simulated/trace-derived
reverse_ep,R2L,257.500000,257.750000,257.625000,0.000000,0.000000,0.000000,100.000000,0.250000,ns3-simulated/trace-derived
reverse_ep,R2L,257.750000,258.000000,257.875000,0.000000,0.000000,0.000000,100.000000,0.250000,ns3-simulated/trace-derived
reverse_ep,R2L,258.000000,258.250000,258.125000,0.000000,0.000000,0.000000,100.000000,0.250000,ns3-simulated/trace-derived
reverse_ep,R2L,258.250000,258.500000,258.375000,0.000000,0.000000,0.000000,100.000000,0.250000,ns3-simulated/trace-derived
reverse_ep,R2L,258.500000,258.750000,258.625000,0.000000,0.000000,0.000000,100.000000,0.250000,ns3-simulated/trace-derived
reverse_ep,R2L,258.750000,259.000000,258.875000,0.000000,0.000000,0.000000,100.000000,0.250000,ns3-simulated/trace-derived
reverse_ep,R2L,259.000000,259.250000,259.125000,0.000000,0.000000,0.000000,100.000000,0.250000,ns3-simulated/trace-derived
reverse_ep,R2L,259.250000,259.500000,259.375000,0.000000,0.000000,0.000000,100.000000,0.250000,ns3-simulated/trace-derived
reverse_ep,R2L,259.500000,259.750000,259.625000,0.000000,0.000000,0.000000,100.000000,0.250000,ns3-simulated/trace-derived
reverse_ep,R2L,259.750000,260.000000,259.875000,0.000000,0.000000,0.000000,100.000000,0.250000,ns3-simulated/trace-derived
reverse_ep,R2L,260.000000,260.250000,260.125000,0.000000,0.000000,0.000000,100.000000,0.250000,ns3-simulated/trace-derived
