direction,bin_center_us,queue_bytes,queue_kib,raw_max_queue_bytes,raw_max_queue_kib,raw_max_time_us,raw_scope_start_us,raw_scope_end_us,node_id,port_id,bin_width_us,evidence
L2R,100.125000,0,0.000000,496706,485.064453,115.697640,100.000000,280.000000,8,4,0.250000,ns3-simulated/trace-derived
L2R,100.375000,0,0.000000,496706,485.064453,115.697640,100.000000,280.000000,8,4,0.250000,ns3-simulated/trace-derived
L2R,100.625000,0,0.000000,496706,485.064453,115.697640,100.000000,280.000000,8,4,0.250000,ns3-simulated/trace-derived
L2R,100.875000,0,0.000000,496706,485.064453,115.697640,100.000000,280.000000,8,4,0.250000,ns3-simulated/trace-derived
L2R,101.125000,0,0.000000,496706,485.064453,115.697640,100.000000,280.000000,8,4,0.250000,ns3-simulated/trace-derived
L2R,101.375000,0,0.000000,496706,485.064453,115.697640,100.000000,280.000000,8,4,0.250000,ns3-simulated/trace-derived
L2R,101.625000,0,0.000000,496706,485.064453,115.697640,100.000000,280.000000,8,4,0.250000,ns3-simulated/trace-derived
L2R,101.875000,0,0.000000,496706,485.064453,115.697640,100.000000,280.000000,8,4,0.250000,ns3-simulated/trace-derived
L2R,102.125000,0,0.000000,496706,485.064453,115.697640,100.000000,280.000000,8,4,0.250000,ns3-simulated/trace-derived
L2R,102.375000,0,0.000000,496706,485.064453,115.697640,100.000000,280.000000,8,4,0.250000,ns3-simulated/trace-derived
L2R,102.625000,0,0.000000,496706,485.064453,115.697640,100.000000,280.000000,8,4,0.250000,ns3-simulated/trace-derived
L2R,102.875000,0,0.000000,496706,485.064453,115.697640,100.000000,280.000000,8,4,0.250000,ns3-simulated/trace-derived
L2R,103.125000,0,0.000000,496706,485.064453,115.697640,100.000000,280.000000,8,4,0.250000,ns3-simulated/trace-derived
L2R,103.375000,0,0.000000,496706,485.064453,115.697640,100.000000,280.000000,8,4,0.250000,ns3-simulated/trace-derived
L2R,103.625000,0,0.000000,496706,485.064453,115.697640,100.000000,280.000000,8,4,0.250000,ns3-simulated/trace-derived
L2R,103.875000,0,0.000000,496706,485.064453,115.697640,100.000000,280.000000,8,4,0.250000,ns3-simulated/trace-derived
L2R,104.125000,0,0.000000,496706,485.064453,115.697640,100.000000,280.000000,8,4,0.250000,ns3-simulated/trace-derived
L2R,104.375000,0,0.000000,496706,485.064453,115.697640,100.000000,280.000000,8,4,0.250000,ns3-simulated/trace-derived
L2R,104.625000,0,0.000000,496706,485.064453,115.697640,100.000000,280.000000,8,4,0.250000,ns3-simulated/trace-derived
L2R,104.875000,0,0.000000,496706,485.064453,115.697640,100.000000,280.000000,8,4,0.250000,ns3-simulated/trace-derived
L2R,105.125000,0,0.000000,496706,485.064453,115.697640,100.000000,280.000000,8,4,0.250000,ns3-simulated/trace-derived
L2R,105.375000,0,0.000000,496706,485.064453,115.697640,100.000000,280.000000,8,4,0.250000,ns3-simulated/trace-derived
L2R,105.625000,0,0.000000,496706,485.064453,115.697640,100.000000,280.000000,8,4,0.250000,ns3-simulated/trace-derived
L2R,105.875000,0,0.000000,496706,485.064453,115.697640,100.000000,280.000000,8,4,0.250000,ns3-simulated/trace-derived
L2R,106.125000,0,0.000000,496706,485.064453,115.697640,100.000000,280.000000,8,4,0.250000,ns3-simulated/trace-derived
L2R,106.375000,0,0.000000,496706,485.064453,115.697640,100.000000,280.000000,8,4,0.250000,ns3-simulated/trace-derived
L2R,106.625000,0,0.000000,496706,485.064453,115.697640,100.000000,280.000000,8,4,0.250000,ns3-simulated/trace-derived
L2R,106.875000,0,0.000000,496706,485.064453,115.697640,100.000000,280.000000,8,4,0.250000,ns3-simulated/trace-derived
L2R,107.125000,0,0.000000,496706,485.064453,115.697640,100.000000,280.000000,8,4,0.250000,ns3-simulated/trace-derived
L2R,107.375000,0,0.000000,496706,485.064453,115.697640,100.000000,280.000000,8,4,0.250000,ns3-simulated/trace-derived
L2R,107.625000,0,0.000000,496706,485.064453,115.697640,100.000000,280.000000,8,4,0.250000,ns3-simulated/trace-derived
L2R,107.875000,0,0.000000,496706,485.064453,115.697640,100.000000,280.000000,8,4,0.250000,ns3-simulated/trace-derived
L2R,108.125000,0,0.000000,496706,485.064453,115.697640,100.000000,280.000000,8,4,0.250000,ns3-simulated/trace-derived
L2R,108.375000,0,0.000000,496706,485.064453,115.697640,100.000000,280.000000,8,4,0.250000,ns3-simulated/trace-derived
L2R,108.625000,0,0.000000,496706,485.064453,115.697640,100.000000,280.000000,8,4,0.250000,ns3-simulated/trace-derived
L2R,108.875000,0,0.000000,496706,485.064453,115.697640,100.000000,280.000000,8,4,0.250000,ns3-simulated/trace-derived
L2R,109.125000,0,0.000000,496706,485.064453,115.697640,100.000000,280.000000,8,4,0.250000,ns3-simulated/trace-derived
L2R,109.375000,0,0.000000,496706,485.064453,115.697640,100.000000,280.000000,8,4,0.250000,ns3-simulated/trace-derived
L2R,109.625000,0,0.000000,496706,485.064453,115.697640,100.000000,280.000000,8,4,0.250000,ns3-simulated/trace-derived
L2R,109.875000,0,0.000000,496706,485.064453,115.697640,100.000000,280.000000,8,4,0.250000,ns3-simulated/trace-derived
L2R,110.125000,4174,4.076172,496706,485.064453,115.697640,100.000000,280.000000,8,4,0.250000,ns3-simulated/trace-derived
L2R,110.375000,29218,28.533203,496706,485.064453,115.697640,100.000000,280.000000,8,4,0.250000,ns3-simulated/trace-derived
L2R,110.625000,50088,48.914062,496706,485.064453,115.697640,100.000000,280.000000,8,4,0.250000,ns3-simulated/trace-derived
L2R,110.875000,70958,69.294922,496706,485.064453,115.697640,100.000000,280.000000,8,4,0.250000,ns3-simulated/trace-derived
L2R,111.125000,91828,89.675781,496706,485.064453,115.697640,100.000000,280.000000,8,4,0.250000,ns3-simulated/trace-derived
L2R,111.375000,116872,114.132812,496706,485.064453,115.697640,100.000000,280.000000,8,4,0.250000,ns3-simulated/trace-derived
L2R,111.625000,137742,134.513672,496706,485.064453,115.697640,100.000000,280.000000,8,4,0.250000,ns3-simulated/trace-derived
L2R,111.875000,158612,154.894531,496706,485.064453,115.697640,100.000000,280.000000,8,4,0.250000,ns3-simulated/trace-derived
L2R,112.125000,179482,175.275391,496706,485.064453,115.697640,100.000000,280.000000,8,4,0.250000,ns3-simulated/trace-derived
L2R,112.375000,204526,199.732422,496706,485.064453,115.697640,100.000000,280.000000,8,4,0.250000,ns3-simulated/trace-derived
L2R,112.625000,225396,220.113281,496706,485.064453,115.697640,100.000000,280.000000,8,4,0.250000,ns3-simulated/trace-derived
L2R,112.875000,246266,240.494141,496706,485.064453,115.697640,100.000000,280.000000,8,4,0.250000,ns3-simulated/trace-derived
L2R,113.125000,267136,260.875000,496706,485.064453,115.697640,100.000000,280.000000,8,4,0.250000,ns3-simulated/trace-derived
L2R,113.375000,292180,285.332031,496706,485.064453,115.697640,100.000000,280.000000,8,4,0.250000,ns3-simulated/trace-derived
L2R,113.625000,313050,305.712891,496706,485.064453,115.697640,100.000000,280.000000,8,4,0.250000,ns3-simulated/trace-derived
L2R,113.875000,333920,326.093750,496706,485.064453,115.697640,100.000000,280.000000,8,4,0.250000,ns3-simulated/trace-derived
L2R,114.125000,354790,346.474609,496706,485.064453,115.697640,100.000000,280.000000,8,4,0.250000,ns3-simulated/trace-derived
L2R,114.375000,379834,370.931641,496706,485.064453,115.697640,100.000000,280.000000,8,4,0.250000,ns3-simulated/trace-derived
L2R,114.625000,400704,391.312500,496706,485.064453,115.697640,100.000000,280.000000,8,4,0.250000,ns3-simulated/trace-derived
L2R,114.875000,421574,411.693359,496706,485.064453,115.697640,100.000000,280.000000,8,4,0.250000,ns3-simulated/trace-derived
L2R,115.125000,442444,432.074219,496706,485.064453,115.697640,100.000000,280.000000,8,4,0.250000,ns3-simulated/trace-derived
L2R,115.375000,467488,456.531250,496706,485.064453,115.697640,100.000000,280.000000,8,4,0.250000,ns3-simulated/trace-derived
L2R,115.625000,488358,476.912109,496706,485.064453,115.697640,100.000000,280.000000,8,4,0.250000,ns3-simulated/trace-derived
L2R,115.875000,492532,480.988281,496706,485.064453,115.697640,100.000000,280.000000,8,4,0.250000,ns3-simulated/trace-derived
L2R,116.125000,492532,480.988281,496706,485.064453,115.697640,100.000000,280.000000,8,4,0.250000,ns3-simulated/trace-derived
L2R,116.375000,488358,476.912109,496706,485.064453,115.697640,100.000000,280.000000,8,4,0.250000,ns3-simulated/trace-derived
L2R,116.625000,484184,472.835938,496706,485.064453,115.697640,100.000000,280.000000,8,4,0.250000,ns3-simulated/trace-derived
L2R,116.875000,480010,468.759766,496706,485.064453,115.697640,100.000000,280.000000,8,4,0.250000,ns3-simulated/trace-derived
L2R,117.125000,480010,468.759766,496706,485.064453,115.697640,100.000000,280.000000,8,4,0.250000,ns3-simulated/trace-derived
L2R,117.375000,475836,464.683594,496706,485.064453,115.697640,100.000000,280.000000,8,4,0.250000,ns3-simulated/trace-derived
L2R,117.625000,471662,460.607422,496706,485.064453,115.697640,100.000000,280.000000,8,4,0.250000,ns3-simulated/trace-derived
L2R,117.875000,467488,456.531250,496706,485.064453,115.697640,100.000000,280.000000,8,4,0.250000,ns3-simulated/trace-derived
L2R,118.125000,467488,456.531250,496706,485.064453,115.697640,100.000000,280.000000,8,4,0.250000,ns3-simulated/trace-derived
L2R,118.375000,463314,452.455078,496706,485.064453,115.697640,100.000000,280.000000,8,4,0.250000,ns3-simulated/trace-derived
L2R,118.625000,459140,448.378906,496706,485.064453,115.697640,100.000000,280.000000,8,4,0.250000,ns3-simulated/trace-derived
L2R,118.875000,454966,444.302734,496706,485.064453,115.697640,100.000000,280.000000,8,4,0.250000,ns3-simulated/trace-derived
L2R,119.125000,454966,444.302734,496706,485.064453,115.697640,100.000000,280.000000,8,4,0.250000,ns3-simulated/trace-derived
L2R,119.375000,450792,440.226562,496706,485.064453,115.697640,100.000000,280.000000,8,4,0.250000,ns3-simulated/trace-derived
L2R,119.625000,446618,436.150391,496706,485.064453,115.697640,100.000000,280.000000,8,4,0.250000,ns3-simulated/trace-derived
L2R,119.875000,442444,432.074219,496706,485.064453,115.697640,100.000000,280.000000,8,4,0.250000,ns3-simulated/trace-derived
L2R,120.125000,442444,432.074219,496706,485.064453,115.697640,100.000000,280.000000,8,4,0.250000,ns3-simulated/trace-derived
L2R,120.375000,438270,427.998047,496706,485.064453,115.697640,100.000000,280.000000,8,4,0.250000,ns3-simulated/trace-derived
L2R,120.625000,434096,423.921875,496706,485.064453,115.697640,100.000000,280.000000,8,4,0.250000,ns3-simulated/trace-derived
L2R,120.875000,429984,419.906250,496706,485.064453,115.697640,100.000000,280.000000,8,4,0.250000,ns3-simulated/trace-derived
L2R,121.125000,430046,419.966797,496706,485.064453,115.697640,100.000000,280.000000,8,4,0.250000,ns3-simulated/trace-derived
L2R,121.375000,425872,415.890625,496706,485.064453,115.697640,100.000000,280.000000,8,4,0.250000,ns3-simulated/trace-derived
L2R,121.625000,421698,411.814453,496706,485.064453,115.697640,100.000000,280.000000,8,4,0.250000,ns3-simulated/trace-derived
L2R,121.875000,417524,407.738281,496706,485.064453,115.697640,100.000000,280.000000,8,4,0.250000,ns3-simulated/trace-derived
L2R,122.125000,417524,407.738281,496706,485.064453,115.697640,100.000000,280.000000,8,4,0.250000,ns3-simulated/trace-derived
L2R,122.375000,413350,403.662109,496706,485.064453,115.697640,100.000000,280.000000,8,4,0.250000,ns3-simulated/trace-derived
L2R,122.625000,409176,399.585938,496706,485.064453,115.697640,100.000000,280.000000,8,4,0.250000,ns3-simulated/trace-derived
L2R,122.875000,405002,395.509766,496706,485.064453,115.697640,100.000000,280.000000,8,4,0.250000,ns3-simulated/trace-derived
L2R,123.125000,405002,395.509766,496706,485.064453,115.697640,100.000000,280.000000,8,4,0.250000,ns3-simulated/trace-derived
L2R,123.375000,400828,391.433594,496706,485.064453,115.697640,100.000000,280.000000,8,4,0.250000,ns3-simulated/trace-derived
L2R,123.625000,396654,387.357422,496706,485.064453,115.697640,100.000000,280.000000,8,4,0.250000,ns3-simulated/trace-derived
L2R,123.875000,392480,383.281250,496706,485.064453,115.697640,100.000000,280.000000,8,4,0.250000,ns3-simulated/trace-derived
L2R,124.125000,392480,383.281250,496706,485.064453,115.697640,100.000000,280.000000,8,4,0.250000,ns3-simulated/trace-derived
L2R,124.375000,388306,379.205078,496706,485.064453,115.697640,100.000000,280.000000,8,4,0.250000,ns3-simulated/trace-derived
L2R,124.625000,384132,375.128906,496706,485.064453,115.697640,100.000000,280.000000,8,4,0.250000,ns3-simulated/trace-derived
L2R,124.875000,379958,371.052734,496706,485.064453,115.697640,100.000000,280.000000,8,4,0.250000,ns3-simulated/trace-derived
L2R,125.125000,379958,371.052734,496706,485.064453,115.697640,100.000000,280.000000,8,4,0.250000,ns3-simulated/trace-derived
L2R,125.375000,375784,366.976562,496706,485.064453,115.697640,100.000000,280.000000,8,4,0.250000,ns3-simulated/trace-derived
L2R,125.625000,371610,362.900391,496706,485.064453,115.697640,100.000000,280.000000,8,4,0.250000,ns3-simulated/trace-derived
L2R,125.875000,367436,358.824219,496706,485.064453,115.697640,100.000000,280.000000,8,4,0.250000,ns3-simulated/trace-derived
L2R,126.125000,367436,358.824219,496706,485.064453,115.697640,100.000000,280.000000,8,4,0.250000,ns3-simulated/trace-derived
L2R,126.375000,363262,354.748047,496706,485.064453,115.697640,100.000000,280.000000,8,4,0.250000,ns3-simulated/trace-derived
L2R,126.625000,359088,350.671875,496706,485.064453,115.697640,100.000000,280.000000,8,4,0.250000,ns3-simulated/trace-derived
L2R,126.875000,354914,346.595703,496706,485.064453,115.697640,100.000000,280.000000,8,4,0.250000,ns3-simulated/trace-derived
L2R,127.125000,354914,346.595703,496706,485.064453,115.697640,100.000000,280.000000,8,4,0.250000,ns3-simulated/trace-derived
L2R,127.375000,350740,342.519531,496706,485.064453,115.697640,100.000000,280.000000,8,4,0.250000,ns3-simulated/trace-derived
L2R,127.625000,346566,338.443359,496706,485.064453,115.697640,100.000000,280.000000,8,4,0.250000,ns3-simulated/trace-derived
L2R,127.875000,342392,334.367188,496706,485.064453,115.697640,100.000000,280.000000,8,4,0.250000,ns3-simulated/trace-derived
L2R,128.125000,342392,334.367188,496706,485.064453,115.697640,100.000000,280.000000,8,4,0.250000,ns3-simulated/trace-derived
L2R,128.375000,338218,330.291016,496706,485.064453,115.697640,100.000000,280.000000,8,4,0.250000,ns3-simulated/trace-derived
L2R,128.625000,334044,326.214844,496706,485.064453,115.697640,100.000000,280.000000,8,4,0.250000,ns3-simulated/trace-derived
L2R,128.875000,329870,322.138672,496706,485.064453,115.697640,100.000000,280.000000,8,4,0.250000,ns3-simulated/trace-derived
L2R,129.125000,329870,322.138672,496706,485.064453,115.697640,100.000000,280.000000,8,4,0.250000,ns3-simulated/trace-derived
L2R,129.375000,325696,318.062500,496706,485.064453,115.697640,100.000000,280.000000,8,4,0.250000,ns3-simulated/trace-derived
L2R,129.625000,321522,313.986328,496706,485.064453,115.697640,100.000000,280.000000,8,4,0.250000,ns3-simulated/trace-derived
L2R,129.875000,317348,309.910156,496706,485.064453,115.697640,100.000000,280.000000,8,4,0.250000,ns3-simulated/trace-derived
L2R,130.125000,317348,309.910156,496706,485.064453,115.697640,100.000000,280.000000,8,4,0.250000,ns3-simulated/trace-derived
L2R,130.375000,313174,305.833984,496706,485.064453,115.697640,100.000000,280.000000,8,4,0.250000,ns3-simulated/trace-derived
L2R,130.625000,309000,301.757812,496706,485.064453,115.697640,100.000000,280.000000,8,4,0.250000,ns3-simulated/trace-derived
L2R,130.875000,304826,297.681641,496706,485.064453,115.697640,100.000000,280.000000,8,4,0.250000,ns3-simulated/trace-derived
L2R,131.125000,304826,297.681641,496706,485.064453,115.697640,100.000000,280.000000,8,4,0.250000,ns3-simulated/trace-derived
L2R,131.375000,300652,293.605469,496706,485.064453,115.697640,100.000000,280.000000,8,4,0.250000,ns3-simulated/trace-derived
L2R,131.625000,296540,289.589844,496706,485.064453,115.697640,100.000000,280.000000,8,4,0.250000,ns3-simulated/trace-derived
L2R,131.875000,292428,285.574219,496706,485.064453,115.697640,100.000000,280.000000,8,4,0.250000,ns3-simulated/trace-derived
L2R,132.125000,292428,285.574219,496706,485.064453,115.697640,100.000000,280.000000,8,4,0.250000,ns3-simulated/trace-derived
L2R,132.375000,288254,281.498047,496706,485.064453,115.697640,100.000000,280.000000,8,4,0.250000,ns3-simulated/trace-derived
L2R,132.625000,284080,277.421875,496706,485.064453,115.697640,100.000000,280.000000,8,4,0.250000,ns3-simulated/trace-derived
L2R,132.875000,279906,273.345703,496706,485.064453,115.697640,100.000000,280.000000,8,4,0.250000,ns3-simulated/trace-derived
L2R,133.125000,279906,273.345703,496706,485.064453,115.697640,100.000000,280.000000,8,4,0.250000,ns3-simulated/trace-derived
L2R,133.375000,275732,269.269531,496706,485.064453,115.697640,100.000000,280.000000,8,4,0.250000,ns3-simulated/trace-derived
L2R,133.625000,271558,265.193359,496706,485.064453,115.697640,100.000000,280.000000,8,4,0.250000,ns3-simulated/trace-derived
L2R,133.875000,267384,261.117188,496706,485.064453,115.697640,100.000000,280.000000,8,4,0.250000,ns3-simulated/trace-derived
L2R,134.125000,267384,261.117188,496706,485.064453,115.697640,100.000000,280.000000,8,4,0.250000,ns3-simulated/trace-derived
L2R,134.375000,263210,257.041016,496706,485.064453,115.697640,100.000000,280.000000,8,4,0.250000,ns3-simulated/trace-derived
L2R,134.625000,259036,252.964844,496706,485.064453,115.697640,100.000000,280.000000,8,4,0.250000,ns3-simulated/trace-derived
L2R,134.875000,254862,248.888672,496706,485.064453,115.697640,100.000000,280.000000,8,4,0.250000,ns3-simulated/trace-derived
L2R,135.125000,254862,248.888672,496706,485.064453,115.697640,100.000000,280.000000,8,4,0.250000,ns3-simulated/trace-derived
L2R,135.375000,250688,244.812500,496706,485.064453,115.697640,100.000000,280.000000,8,4,0.250000,ns3-simulated/trace-derived
L2R,135.625000,246514,240.736328,496706,485.064453,115.697640,100.000000,280.000000,8,4,0.250000,ns3-simulated/trace-derived
L2R,135.875000,242340,236.660156,496706,485.064453,115.697640,100.000000,280.000000,8,4,0.250000,ns3-simulated/trace-derived
L2R,136.125000,242340,236.660156,496706,485.064453,115.697640,100.000000,280.000000,8,4,0.250000,ns3-simulated/trace-derived
L2R,136.375000,238166,232.583984,496706,485.064453,115.697640,100.000000,280.000000,8,4,0.250000,ns3-simulated/trace-derived
L2R,136.625000,233992,228.507812,496706,485.064453,115.697640,100.000000,280.000000,8,4,0.250000,ns3-simulated/trace-derived
L2R,136.875000,229818,224.431641,496706,485.064453,115.697640,100.000000,280.000000,8,4,0.250000,ns3-simulated/trace-derived
L2R,137.125000,229818,224.431641,496706,485.064453,115.697640,100.000000,280.000000,8,4,0.250000,ns3-simulated/trace-derived
L2R,137.375000,225644,220.355469,496706,485.064453,115.697640,100.000000,280.000000,8,4,0.250000,ns3-simulated/trace-derived
L2R,137.625000,221470,216.279297,496706,485.064453,115.697640,100.000000,280.000000,8,4,0.250000,ns3-simulated/trace-derived
L2R,137.875000,217296,212.203125,496706,485.064453,115.697640,100.000000,280.000000,8,4,0.250000,ns3-simulated/trace-derived
L2R,138.125000,217296,212.203125,496706,485.064453,115.697640,100.000000,280.000000,8,4,0.250000,ns3-simulated/trace-derived
L2R,138.375000,213122,208.126953,496706,485.064453,115.697640,100.000000,280.000000,8,4,0.250000,ns3-simulated/trace-derived
L2R,138.625000,208948,204.050781,496706,485.064453,115.697640,100.000000,280.000000,8,4,0.250000,ns3-simulated/trace-derived
L2R,138.875000,204774,199.974609,496706,485.064453,115.697640,100.000000,280.000000,8,4,0.250000,ns3-simulated/trace-derived
L2R,139.125000,204774,199.974609,496706,485.064453,115.697640,100.000000,280.000000,8,4,0.250000,ns3-simulated/trace-derived
L2R,139.375000,200600,195.898438,496706,485.064453,115.697640,100.000000,280.000000,8,4,0.250000,ns3-simulated/trace-derived
L2R,139.625000,196426,191.822266,496706,485.064453,115.697640,100.000000,280.000000,8,4,0.250000,ns3-simulated/trace-derived
L2R,139.875000,192252,187.746094,496706,485.064453,115.697640,100.000000,280.000000,8,4,0.250000,ns3-simulated/trace-derived
L2R,140.125000,192252,187.746094,496706,485.064453,115.697640,100.000000,280.000000,8,4,0.250000,ns3-simulated/trace-derived
L2R,140.375000,188078,183.669922,496706,485.064453,115.697640,100.000000,280.000000,8,4,0.250000,ns3-simulated/trace-derived
L2R,140.625000,183904,179.593750,496706,485.064453,115.697640,100.000000,280.000000,8,4,0.250000,ns3-simulated/trace-derived
L2R,140.875000,179730,175.517578,496706,485.064453,115.697640,100.000000,280.000000,8,4,0.250000,ns3-simulated/trace-derived
L2R,141.125000,179730,175.517578,496706,485.064453,115.697640,100.000000,280.000000,8,4,0.250000,ns3-simulated/trace-derived
L2R,141.375000,175556,171.441406,496706,485.064453,115.697640,100.000000,280.000000,8,4,0.250000,ns3-simulated/trace-derived
L2R,141.625000,171382,167.365234,496706,485.064453,115.697640,100.000000,280.000000,8,4,0.250000,ns3-simulated/trace-derived
L2R,141.875000,167208,163.289062,496706,485.064453,115.697640,100.000000,280.000000,8,4,0.250000,ns3-simulated/trace-derived
L2R,142.125000,167208,163.289062,496706,485.064453,115.697640,100.000000,280.000000,8,4,0.250000,ns3-simulated/trace-derived
L2R,142.375000,163096,159.273438,496706,485.064453,115.697640,100.000000,280.000000,8,4,0.250000,ns3-simulated/trace-derived
L2R,142.625000,158984,155.257812,496706,485.064453,115.697640,100.000000,280.000000,8,4,0.250000,ns3-simulated/trace-derived
L2R,142.875000,154810,151.181641,496706,485.064453,115.697640,100.000000,280.000000,8,4,0.250000,ns3-simulated/trace-derived
L2R,143.125000,154810,151.181641,496706,485.064453,115.697640,100.000000,280.000000,8,4,0.250000,ns3-simulated/trace-derived
L2R,143.375000,150636,147.105469,496706,485.064453,115.697640,100.000000,280.000000,8,4,0.250000,ns3-simulated/trace-derived
L2R,143.625000,146462,143.029297,496706,485.064453,115.697640,100.000000,280.000000,8,4,0.250000,ns3-simulated/trace-derived
L2R,143.875000,142288,138.953125,496706,485.064453,115.697640,100.000000,280.000000,8,4,0.250000,ns3-simulated/trace-derived
L2R,144.125000,142288,138.953125,496706,485.064453,115.697640,100.000000,280.000000,8,4,0.250000,ns3-simulated/trace-derived
L2R,144.375000,138114,134.876953,496706,485.064453,115.697640,100.000000,280.000000,8,4,0.250000,ns3-simulated/trace-derived
L2R,144.625000,133940,130.800781,496706,485.064453,115.697640,100.000000,280.000000,8,4,0.250000,ns3-simulated/trace-derived
L2R,144.875000,129766,126.724609,496706,485.064453,115.697640,100.000000,280.000000,8,4,0.250000,ns3-simulated/trace-derived
L2R,145.125000,129766,126.724609,496706,485.064453,115.697640,100.000000,280.000000,8,4,0.250000,ns3-simulated/trace-derived
L2R,145.375000,125592,122.648438,496706,485.064453,115.697640,100.000000,280.000000,8,4,0.250000,ns3-simulated/trace-derived
L2R,145.625000,121418,118.572266,496706,485.064453,115.697640,100.000000,280.000000,8,4,0.250000,ns3-simulated/trace-derived
L2R,145.875000,117244,114.496094,496706,485.064453,115.697640,100.000000,280.000000,8,4,0.250000,ns3-simulated/trace-derived
L2R,146.125000,117244,114.496094,496706,485.064453,115.697640,100.000000,280.000000,8,4,0.250000,ns3-simulated/trace-derived
L2R,146.375000,113070,110.419922,496706,485.064453,115.697640,100.000000,280.000000,8,4,0.250000,ns3-simulated/trace-derived
L2R,146.625000,108896,106.343750,496706,485.064453,115.697640,100.000000,280.000000,8,4,0.250000,ns3-simulated/trace-derived
L2R,146.875000,104722,102.267578,496706,485.064453,115.697640,100.000000,280.000000,8,4,0.250000,ns3-simulated/trace-derived
L2R,147.125000,104722,102.267578,496706,485.064453,115.697640,100.000000,280.000000,8,4,0.250000,ns3-simulated/trace-derived
L2R,147.375000,100548,98.191406,496706,485.064453,115.697640,100.000000,280.000000,8,4,0.250000,ns3-simulated/trace-derived
L2R,147.625000,96374,94.115234,496706,485.064453,115.697640,100.000000,280.000000,8,4,0.250000,ns3-simulated/trace-derived
L2R,147.875000,92200,90.039062,496706,485.064453,115.697640,100.000000,280.000000,8,4,0.250000,ns3-simulated/trace-derived
L2R,148.125000,92200,90.039062,496706,485.064453,115.697640,100.000000,280.000000,8,4,0.250000,ns3-simulated/trace-derived
L2R,148.375000,88026,85.962891,496706,485.064453,115.697640,100.000000,280.000000,8,4,0.250000,ns3-simulated/trace-derived
L2R,148.625000,83852,81.886719,496706,485.064453,115.697640,100.000000,280.000000,8,4,0.250000,ns3-simulated/trace-derived
L2R,148.875000,79678,77.810547,496706,485.064453,115.697640,100.000000,280.000000,8,4,0.250000,ns3-simulated/trace-derived
L2R,149.125000,79678,77.810547,496706,485.064453,115.697640,100.000000,280.000000,8,4,0.250000,ns3-simulated/trace-derived
L2R,149.375000,75504,73.734375,496706,485.064453,115.697640,100.000000,280.000000,8,4,0.250000,ns3-simulated/trace-derived
L2R,149.625000,71330,69.658203,496706,485.064453,115.697640,100.000000,280.000000,8,4,0.250000,ns3-simulated/trace-derived
L2R,149.875000,67156,65.582031,496706,485.064453,115.697640,100.000000,280.000000,8,4,0.250000,ns3-simulated/trace-derived
L2R,150.125000,67156,65.582031,496706,485.064453,115.697640,100.000000,280.000000,8,4,0.250000,ns3-simulated/trace-derived
L2R,150.375000,62982,61.505859,496706,485.064453,115.697640,100.000000,280.000000,8,4,0.250000,ns3-simulated/trace-derived
L2R,150.625000,58808,57.429688,496706,485.064453,115.697640,100.000000,280.000000,8,4,0.250000,ns3-simulated/trace-derived
L2R,150.875000,54634,53.353516,496706,485.064453,115.697640,100.000000,280.000000,8,4,0.250000,ns3-simulated/trace-derived
L2R,151.125000,54634,53.353516,496706,485.064453,115.697640,100.000000,280.000000,8,4,0.250000,ns3-simulated/trace-derived
L2R,151.375000,50460,49.277344,496706,485.064453,115.697640,100.000000,280.000000,8,4,0.250000,ns3-simulated/trace-derived
L2R,151.625000,46286,45.201172,496706,485.064453,115.697640,100.000000,280.000000,8,4,0.250000,ns3-simulated/trace-derived
L2R,151.875000,42112,41.125000,496706,485.064453,115.697640,100.000000,280.000000,8,4,0.250000,ns3-simulated/trace-derived
L2R,152.125000,42112,41.125000,496706,485.064453,115.697640,100.000000,280.000000,8,4,0.250000,ns3-simulated/trace-derived
L2R,152.375000,37938,37.048828,496706,485.064453,115.697640,100.000000,280.000000,8,4,0.250000,ns3-simulated/trace-derived
L2R,152.625000,33764,32.972656,496706,485.064453,115.697640,100.000000,280.000000,8,4,0.250000,ns3-simulated/trace-derived
L2R,152.875000,29652,28.957031,496706,485.064453,115.697640,100.000000,280.000000,8,4,0.250000,ns3-simulated/trace-derived
L2R,153.125000,29652,28.957031,496706,485.064453,115.697640,100.000000,280.000000,8,4,0.250000,ns3-simulated/trace-derived
L2R,153.375000,25540,24.941406,496706,485.064453,115.697640,100.000000,280.000000,8,4,0.250000,ns3-simulated/trace-derived
L2R,153.625000,21366,20.865234,496706,485.064453,115.697640,100.000000,280.000000,8,4,0.250000,ns3-simulated/trace-derived
L2R,153.875000,17192,16.789062,496706,485.064453,115.697640,100.000000,280.000000,8,4,0.250000,ns3-simulated/trace-derived
L2R,154.125000,17192,16.789062,496706,485.064453,115.697640,100.000000,280.000000,8,4,0.250000,ns3-simulated/trace-derived
L2R,154.375000,13018,12.712891,496706,485.064453,115.697640,100.000000,280.000000,8,4,0.250000,ns3-simulated/trace-derived
L2R,154.625000,8844,8.636719,496706,485.064453,115.697640,100.000000,280.000000,8,4,0.250000,ns3-simulated/trace-derived
L2R,154.875000,4670,4.560547,496706,485.064453,115.697640,100.000000,280.000000,8,4,0.250000,ns3-simulated/trace-derived
L2R,155.125000,4670,4.560547,496706,485.064453,115.697640,100.000000,280.000000,8,4,0.250000,ns3-simulated/trace-derived
L2R,155.375000,496,0.484375,496706,485.064453,115.697640,100.000000,280.000000,8,4,0.250000,ns3-simulated/trace-derived
L2R,155.625000,0,0.000000,496706,485.064453,115.697640,100.000000,280.000000,8,4,0.250000,ns3-simulated/trace-derived
L2R,155.875000,0,0.000000,496706,485.064453,115.697640,100.000000,280.000000,8,4,0.250000,ns3-simulated/trace-derived
L2R,156.125000,0,0.000000,496706,485.064453,115.697640,100.000000,280.000000,8,4,0.250000,ns3-simulated/trace-derived
L2R,156.375000,0,0.000000,496706,485.064453,115.697640,100.000000,280.000000,8,4,0.250000,ns3-simulated/trace-derived
L2R,156.625000,0,0.000000,496706,485.064453,115.697640,100.000000,280.000000,8,4,0.250000,ns3-simulated/trace-derived
L2R,156.875000,0,0.000000,496706,485.064453,115.697640,100.000000,280.000000,8,4,0.250000,ns3-simulated/trace-derived
L2R,157.125000,0,0.000000,496706,485.064453,115.697640,100.000000,280.000000,8,4,0.250000,ns3-simulated/trace-derived
L2R,157.375000,0,0.000000,496706,485.064453,115.697640,100.000000,280.000000,8,4,0.250000,ns3-simulated/trace-derived
L2R,157.625000,0,0.000000,496706,485.064453,115.697640,100.000000,280.000000,8,4,0.250000,ns3-simulated/trace-derived
L2R,157.875000,0,0.000000,496706,485.064453,115.697640,100.000000,280.000000,8,4,0.250000,ns3-simulated/trace-derived
L2R,158.125000,0,0.000000,496706,485.064453,115.697640,100.000000,280.000000,8,4,0.250000,ns3-simulated/trace-derived
L2R,158.375000,0,0.000000,496706,485.064453,115.697640,100.000000,280.000000,8,4,0.250000,ns3-simulated/trace-derived
L2R,158.625000,0,0.000000,496706,485.064453,115.697640,100.000000,280.000000,8,4,0.250000,ns3-simulated/trace-derived
L2R,158.875000,0,0.000000,496706,485.064453,115.697640,100.000000,280.000000,8,4,0.250000,ns3-simulated/trace-derived
L2R,159.125000,0,0.000000,496706,485.064453,115.697640,100.000000,280.000000,8,4,0.250000,ns3-simulated/trace-derived
L2R,159.375000,0,0.000000,496706,485.064453,115.697640,100.000000,280.000000,8,4,0.250000,ns3-simulated/trace-derived
L2R,159.625000,0,0.000000,496706,485.064453,115.697640,100.000000,280.000000,8,4,0.250000,ns3-simulated/trace-derived
L2R,159.875000,0,0.000000,496706,485.064453,115.697640,100.000000,280.000000,8,4,0.250000,ns3-simulated/trace-derived
L2R,160.125000,0,0.000000,496706,485.064453,115.697640,100.000000,280.000000,8,4,0.250000,ns3-simulated/trace-derived
L2R,160.375000,0,0.000000,496706,485.064453,115.697640,100.000000,280.000000,8,4,0.250000,ns3-simulated/trace-derived
L2R,160.625000,0,0.000000,496706,485.064453,115.697640,100.000000,280.000000,8,4,0.250000,ns3-simulated/trace-derived
L2R,160.875000,0,0.000000,496706,485.064453,115.697640,100.000000,280.000000,8,4,0.250000,ns3-simulated/trace-derived
L2R,161.125000,0,0.000000,496706,485.064453,115.697640,100.000000,280.000000,8,4,0.250000,ns3-simulated/trace-derived
L2R,161.375000,0,0.000000,496706,485.064453,115.697640,100.000000,280.000000,8,4,0.250000,ns3-simulated/trace-derived
L2R,161.625000,0,0.000000,496706,485.064453,115.697640,100.000000,280.000000,8,4,0.250000,ns3-simulated/trace-derived
L2R,161.875000,0,0.000000,496706,485.064453,115.697640,100.000000,280.000000,8,4,0.250000,ns3-simulated/trace-derived
L2R,162.125000,0,0.000000,496706,485.064453,115.697640,100.000000,280.000000,8,4,0.250000,ns3-simulated/trace-derived
L2R,162.375000,0,0.000000,496706,485.064453,115.697640,100.000000,280.000000,8,4,0.250000,ns3-simulated/trace-derived
L2R,162.625000,0,0.000000,496706,485.064453,115.697640,100.000000,280.000000,8,4,0.250000,ns3-simulated/trace-derived
L2R,162.875000,0,0.000000,496706,485.064453,115.697640,100.000000,280.000000,8,4,0.250000,ns3-simulated/trace-derived
L2R,163.125000,0,0.000000,496706,485.064453,115.697640,100.000000,280.000000,8,4,0.250000,ns3-simulated/trace-derived
L2R,163.375000,0,0.000000,496706,485.064453,115.697640,100.000000,280.000000,8,4,0.250000,ns3-simulated/trace-derived
L2R,163.625000,0,0.000000,496706,485.064453,115.697640,100.000000,280.000000,8,4,0.250000,ns3-simulated/trace-derived
L2R,163.875000,0,0.000000,496706,485.064453,115.697640,100.000000,280.000000,8,4,0.250000,ns3-simulated/trace-derived
L2R,164.125000,0,0.000000,496706,485.064453,115.697640,100.000000,280.000000,8,4,0.250000,ns3-simulated/trace-derived
L2R,164.375000,0,0.000000,496706,485.064453,115.697640,100.000000,280.000000,8,4,0.250000,ns3-simulated/trace-derived
L2R,164.625000,0,0.000000,496706,485.064453,115.697640,100.000000,280.000000,8,4,0.250000,ns3-simulated/trace-derived
L2R,164.875000,0,0.000000,496706,485.064453,115.697640,100.000000,280.000000,8,4,0.250000,ns3-simulated/trace-derived
L2R,165.125000,0,0.000000,496706,485.064453,115.697640,100.000000,280.000000,8,4,0.250000,ns3-simulated/trace-derived
L2R,165.375000,0,0.000000,496706,485.064453,115.697640,100.000000,280.000000,8,4,0.250000,ns3-simulated/trace-derived
L2R,165.625000,0,0.000000,496706,485.064453,115.697640,100.000000,280.000000,8,4,0.250000,ns3-simulated/trace-derived
L2R,165.875000,0,0.000000,496706,485.064453,115.697640,100.000000,280.000000,8,4,0.250000,ns3-simulated/trace-derived
L2R,166.125000,0,0.000000,496706,485.064453,115.697640,100.000000,280.000000,8,4,0.250000,ns3-simulated/trace-derived
L2R,166.375000,0,0.000000,496706,485.064453,115.697640,100.000000,280.000000,8,4,0.250000,ns3-simulated/trace-derived
L2R,166.625000,0,0.000000,496706,485.064453,115.697640,100.000000,280.000000,8,4,0.250000,ns3-simulated/trace-derived
L2R,166.875000,0,0.000000,496706,485.064453,115.697640,100.000000,280.000000,8,4,0.250000,ns3-simulated/trace-derived
L2R,167.125000,0,0.000000,496706,485.064453,115.697640,100.000000,280.000000,8,4,0.250000,ns3-simulated/trace-derived
L2R,167.375000,0,0.000000,496706,485.064453,115.697640,100.000000,280.000000,8,4,0.250000,ns3-simulated/trace-derived
L2R,167.625000,0,0.000000,496706,485.064453,115.697640,100.000000,280.000000,8,4,0.250000,ns3-simulated/trace-derived
L2R,167.875000,0,0.000000,496706,485.064453,115.697640,100.000000,280.000000,8,4,0.250000,ns3-simulated/trace-derived
L2R,168.125000,0,0.000000,496706,485.064453,115.697640,100.000000,280.000000,8,4,0.250000,ns3-simulated/trace-derived
L2R,168.375000,0,0.000000,496706,485.064453,115.697640,100.000000,280.000000,8,4,0.250000,ns3-simulated/trace-derived
L2R,168.625000,0,0.000000,496706,485.064453,115.697640,100.000000,280.000000,8,4,0.250000,ns3-simulated/trace-derived
L2R,168.875000,0,0.000000,496706,485.064453,115.697640,100.000000,280.000000,8,4,0.250000,ns3-simulated/trace-derived
L2R,169.125000,0,0.000000,496706,485.064453,115.697640,100.000000,280.000000,8,4,0.250000,ns3-simulated/trace-derived
L2R,169.375000,0,0.000000,496706,485.064453,115.697640,100.000000,280.000000,8,4,0.250000,ns3-simulated/trace-derived
L2R,169.625000,0,0.000000,496706,485.064453,115.697640,100.000000,280.000000,8,4,0.250000,ns3-simulated/trace-derived
L2R,169.875000,0,0.000000,496706,485.064453,115.697640,100.000000,280.000000,8,4,0.250000,ns3-simulated/trace-derived
L2R,170.125000,0,0.000000,496706,485.064453,115.697640,100.000000,280.000000,8,4,0.250000,ns3-simulated/trace-derived
L2R,170.375000,0,0.000000,496706,485.064453,115.697640,100.000000,280.000000,8,4,0.250000,ns3-simulated/trace-derived
L2R,170.625000,0,0.000000,496706,485.064453,115.697640,100.000000,280.000000,8,4,0.250000,ns3-simulated/trace-derived
L2R,170.875000,0,0.000000,496706,485.064453,115.697640,100.000000,280.000000,8,4,0.250000,ns3-simulated/trace-derived
L2R,171.125000,0,0.000000,496706,485.064453,115.697640,100.000000,280.000000,8,4,0.250000,ns3-simulated/trace-derived
L2R,171.375000,0,0.000000,496706,485.064453,115.697640,100.000000,280.000000,8,4,0.250000,ns3-simulated/trace-derived
L2R,171.625000,0,0.000000,496706,485.064453,115.697640,100.000000,280.000000,8,4,0.250000,ns3-simulated/trace-derived
L2R,171.875000,0,0.000000,496706,485.064453,115.697640,100.000000,280.000000,8,4,0.250000,ns3-simulated/trace-derived
L2R,172.125000,0,0.000000,496706,485.064453,115.697640,100.000000,280.000000,8,4,0.250000,ns3-simulated/trace-derived
L2R,172.375000,0,0.000000,496706,485.064453,115.697640,100.000000,280.000000,8,4,0.250000,ns3-simulated/trace-derived
L2R,172.625000,0,0.000000,496706,485.064453,115.697640,100.000000,280.000000,8,4,0.250000,ns3-simulated/trace-derived
L2R,172.875000,0,0.000000,496706,485.064453,115.697640,100.000000,280.000000,8,4,0.250000,ns3-simulated/trace-derived
L2R,173.125000,0,0.000000,496706,485.064453,115.697640,100.000000,280.000000,8,4,0.250000,ns3-simulated/trace-derived
L2R,173.375000,0,0.000000,496706,485.064453,115.697640,100.000000,280.000000,8,4,0.250000,ns3-simulated/trace-derived
L2R,173.625000,0,0.000000,496706,485.064453,115.697640,100.000000,280.000000,8,4,0.250000,ns3-simulated/trace-derived
L2R,173.875000,0,0.000000,496706,485.064453,115.697640,100.000000,280.000000,8,4,0.250000,ns3-simulated/trace-derived
L2R,174.125000,0,0.000000,496706,485.064453,115.697640,100.000000,280.000000,8,4,0.250000,ns3-simulated/trace-derived
L2R,174.375000,0,0.000000,496706,485.064453,115.697640,100.000000,280.000000,8,4,0.250000,ns3-simulated/trace-derived
L2R,174.625000,0,0.000000,496706,485.064453,115.697640,100.000000,280.000000,8,4,0.250000,ns3-simulated/trace-derived
L2R,174.875000,0,0.000000,496706,485.064453,115.697640,100.000000,280.000000,8,4,0.250000,ns3-simulated/trace-derived
L2R,175.125000,0,0.000000,496706,485.064453,115.697640,100.000000,280.000000,8,4,0.250000,ns3-simulated/trace-derived
L2R,175.375000,0,0.000000,496706,485.064453,115.697640,100.000000,280.000000,8,4,0.250000,ns3-simulated/trace-derived
L2R,175.625000,0,0.000000,496706,485.064453,115.697640,100.000000,280.000000,8,4,0.250000,ns3-simulated/trace-derived
L2R,175.875000,0,0.000000,496706,485.064453,115.697640,100.000000,280.000000,8,4,0.250000,ns3-simulated/trace-derived
L2R,176.125000,0,0.000000,496706,485.064453,115.697640,100.000000,280.000000,8,4,0.250000,ns3-simulated/trace-derived
L2R,176.375000,0,0.000000,496706,485.064453,115.697640,100.000000,280.000000,8,4,0.250000,ns3-simulated/trace-derived
L2R,176.625000,0,0.000000,496706,485.064453,115.697640,100.000000,280.000000,8,4,0.250000,ns3-simulated/trace-derived
L2R,176.875000,0,0.000000,496706,485.064453,115.697640,100.000000,280.000000,8,4,0.250000,ns3-simulated/trace-derived
L2R,177.125000,0,0.000000,496706,485.064453,115.697640,100.000000,280.000000,8,4,0.250000,ns3-simulated/trace-derived
L2R,177.375000,0,0.000000,496706,485.064453,115.697640,100.000000,280.000000,8,4,0.250000,ns3-simulated/trace-derived
L2R,177.625000,0,0.000000,496706,485.064453,115.697640,100.000000,280.000000,8,4,0.250000,ns3-simulated/trace-derived
L2R,177.875000,0,0.000000,496706,485.064453,115.697640,100.000000,280.000000,8,4,0.250000,ns3-simulated/trace-derived
L2R,178.125000,0,0.000000,496706,485.064453,115.697640,100.000000,280.000000,8,4,0.250000,ns3-simulated/trace-derived
L2R,178.375000,0,0.000000,496706,485.064453,115.697640,100.000000,280.000000,8,4,0.250000,ns3-simulated/trace-derived
L2R,178.625000,0,0.000000,496706,485.064453,115.697640,100.000000,280.000000,8,4,0.250000,ns3-simulated/trace-derived
L2R,178.875000,0,0.000000,496706,485.064453,115.697640,100.000000,280.000000,8,4,0.250000,ns3-simulated/trace-derived
L2R,179.125000,0,0.000000,496706,485.064453,115.697640,100.000000,280.000000,8,4,0.250000,ns3-simulated/trace-derived
L2R,179.375000,0,0.000000,496706,485.064453,115.697640,100.000000,280.000000,8,4,0.250000,ns3-simulated/trace-derived
L2R,179.625000,0,0.000000,496706,485.064453,115.697640,100.000000,280.000000,8,4,0.250000,ns3-simulated/trace-derived
L2R,179.875000,0,0.000000,496706,485.064453,115.697640,100.000000,280.000000,8,4,0.250000,ns3-simulated/trace-derived
L2R,180.125000,0,0.000000,496706,485.064453,115.697640,100.000000,280.000000,8,4,0.250000,ns3-simulated/trace-derived
L2R,180.375000,0,0.000000,496706,485.064453,115.697640,100.000000,280.000000,8,4,0.250000,ns3-simulated/trace-derived
L2R,180.625000,0,0.000000,496706,485.064453,115.697640,100.000000,280.000000,8,4,0.250000,ns3-simulated/trace-derived
L2R,180.875000,0,0.000000,496706,485.064453,115.697640,100.000000,280.000000,8,4,0.250000,ns3-simulated/trace-derived
L2R,181.125000,0,0.000000,496706,485.064453,115.697640,100.000000,280.000000,8,4,0.250000,ns3-simulated/trace-derived
L2R,181.375000,0,0.000000,496706,485.064453,115.697640,100.000000,280.000000,8,4,0.250000,ns3-simulated/trace-derived
L2R,181.625000,0,0.000000,496706,485.064453,115.697640,100.000000,280.000000,8,4,0.250000,ns3-simulated/trace-derived
L2R,181.875000,0,0.000000,496706,485.064453,115.697640,100.000000,280.000000,8,4,0.250000,ns3-simulated/trace-derived
L2R,182.125000,0,0.000000,496706,485.064453,115.697640,100.000000,280.000000,8,4,0.250000,ns3-simulated/trace-derived
L2R,182.375000,0,0.000000,496706,485.064453,115.697640,100.000000,280.000000,8,4,0.250000,ns3-simulated/trace-derived
L2R,182.625000,0,0.000000,496706,485.064453,115.697640,100.000000,280.000000,8,4,0.250000,ns3-simulated/trace-derived
L2R,182.875000,0,0.000000,496706,485.064453,115.697640,100.000000,280.000000,8,4,0.250000,ns3-simulated/trace-derived
L2R,183.125000,0,0.000000,496706,485.064453,115.697640,100.000000,280.000000,8,4,0.250000,ns3-simulated/trace-derived
L2R,183.375000,0,0.000000,496706,485.064453,115.697640,100.000000,280.000000,8,4,0.250000,ns3-simulated/trace-derived
L2R,183.625000,0,0.000000,496706,485.064453,115.697640,100.000000,280.000000,8,4,0.250000,ns3-simulated/trace-derived
L2R,183.875000,0,0.000000,496706,485.064453,115.697640,100.000000,280.000000,8,4,0.250000,ns3-simulated/trace-derived
L2R,184.125000,0,0.000000,496706,485.064453,115.697640,100.000000,280.000000,8,4,0.250000,ns3-simulated/trace-derived
L2R,184.375000,0,0.000000,496706,485.064453,115.697640,100.000000,280.000000,8,4,0.250000,ns3-simulated/trace-derived
L2R,184.625000,0,0.000000,496706,485.064453,115.697640,100.000000,280.000000,8,4,0.250000,ns3-simulated/trace-derived
L2R,184.875000,0,0.000000,496706,485.064453,115.697640,100.000000,280.000000,8,4,0.250000,ns3-simulated/trace-derived
L2R,185.125000,0,0.000000,496706,485.064453,115.697640,100.000000,280.000000,8,4,0.250000,ns3-simulated/trace-derived
L2R,185.375000,0,0.000000,496706,485.064453,115.697640,100.000000,280.000000,8,4,0.250000,ns3-simulated/trace-derived
L2R,185.625000,0,0.000000,496706,485.064453,115.697640,100.000000,280.000000,8,4,0.250000,ns3-simulated/trace-derived
L2R,185.875000,0,0.000000,496706,485.064453,115.697640,100.000000,280.000000,8,4,0.250000,ns3-simulated/trace-derived
L2R,186.125000,0,0.000000,496706,485.064453,115.697640,100.000000,280.000000,8,4,0.250000,ns3-simulated/trace-derived
L2R,186.375000,0,0.000000,496706,485.064453,115.697640,100.000000,280.000000,8,4,0.250000,ns3-simulated/trace-derived
L2R,186.625000,0,0.000000,496706,485.064453,115.697640,100.000000,280.000000,8,4,0.250000,ns3-simulated/trace-derived
L2R,186.875000,0,0.000000,496706,485.064453,115.697640,100.000000,280.000000,8,4,0.250000,ns3-simulated/trace-derived
L2R,187.125000,0,0.000000,496706,485.064453,115.697640,100.000000,280.000000,8,4,0.250000,ns3-simulated/trace-derived
L2R,187.375000,0,0.000000,496706,485.064453,115.697640,100.000000,280.000000,8,4,0.250000,ns3-simulated/trace-derived
L2R,187.625000,0,0.000000,496706,485.064453,115.697640,100.000000,280.000000,8,4,0.250000,ns3-simulated/trace-derived
L2R,187.875000,0,0.000000,496706,485.064453,115.697640,100.000000,280.000000,8,4,0.250000,ns3-simulated/trace-derived
L2R,188.125000,0,0.000000,496706,485.064453,115.697640,100.000000,280.000000,8,4,0.250000,ns3-simulated/trace-derived
L2R,188.375000,0,0.000000,496706,485.064453,115.697640,100.000000,280.000000,8,4,0.250000,ns3-simulated/trace-derived
L2R,188.625000,0,0.000000,496706,485.064453,115.697640,100.000000,280.000000,8,4,0.250000,ns3-simulated/trace-derived
L2R,188.875000,0,0.000000,496706,485.064453,115.697640,100.000000,280.000000,8,4,0.250000,ns3-simulated/trace-derived
L2R,189.125000,0,0.000000,496706,485.064453,115.697640,100.000000,280.000000,8,4,0.250000,ns3-simulated/trace-derived
L2R,189.375000,0,0.000000,496706,485.064453,115.697640,100.000000,280.000000,8,4,0.250000,ns3-simulated/trace-derived
L2R,189.625000,0,0.000000,496706,485.064453,115.697640,100.000000,280.000000,8,4,0.250000,ns3-simulated/trace-derived
L2R,189.875000,0,0.000000,496706,485.064453,115.697640,100.000000,280.000000,8,4,0.250000,ns3-simulated/trace-derived
L2R,190.125000,0,0.000000,496706,485.064453,115.697640,100.000000,280.000000,8,4,0.250000,ns3-simulated/trace-derived
L2R,190.375000,0,0.000000,496706,485.064453,115.697640,100.000000,280.000000,8,4,0.250000,ns3-simulated/trace-derived
L2R,190.625000,0,0.000000,496706,485.064453,115.697640,100.000000,280.000000,8,4,0.250000,ns3-simulated/trace-derived
L2R,190.875000,0,0.000000,496706,485.064453,115.697640,100.000000,280.000000,8,4,0.250000,ns3-simulated/trace-derived
L2R,191.125000,0,0.000000,496706,485.064453,115.697640,100.000000,280.000000,8,4,0.250000,ns3-simulated/trace-derived
L2R,191.375000,0,0.000000,496706,485.064453,115.697640,100.000000,280.000000,8,4,0.250000,ns3-simulated/trace-derived
L2R,191.625000,0,0.000000,496706,485.064453,115.697640,100.000000,280.000000,8,4,0.250000,ns3-simulated/trace-derived
L2R,191.875000,0,0.000000,496706,485.064453,115.697640,100.000000,280.000000,8,4,0.250000,ns3-simulated/trace-derived
L2R,192.125000,0,0.000000,496706,485.064453,115.697640,100.000000,280.000000,8,4,0.250000,ns3-simulated/trace-derived
L2R,192.375000,0,0.000000,496706,485.064453,115.697640,100.000000,280.000000,8,4,0.250000,ns3-simulated/trace-derived
L2R,192.625000,0,0.000000,496706,485.064453,115.697640,100.000000,280.000000,8,4,0.250000,ns3-simulated/trace-derived
L2R,192.875000,0,0.000000,496706,485.064453,115.697640,100.000000,280.000000,8,4,0.250000,ns3-simulated/trace-derived
L2R,193.125000,0,0.000000,496706,485.064453,115.697640,100.000000,280.000000,8,4,0.250000,ns3-simulated/trace-derived
L2R,193.375000,0,0.000000,496706,485.064453,115.697640,100.000000,280.000000,8,4,0.250000,ns3-simulated/trace-derived
L2R,193.625000,0,0.000000,496706,485.064453,115.697640,100.000000,280.000000,8,4,0.250000,ns3-simulated/trace-derived
L2R,193.875000,0,0.000000,496706,485.064453,115.697640,100.000000,280.000000,8,4,0.250000,ns3-simulated/trace-derived
L2R,194.125000,0,0.000000,496706,485.064453,115.697640,100.000000,280.000000,8,4,0.250000,ns3-simulated/trace-derived
L2R,194.375000,0,0.000000,496706,485.064453,115.697640,100.000000,280.000000,8,4,0.250000,ns3-simulated/trace-derived
L2R,194.625000,0,0.000000,496706,485.064453,115.697640,100.000000,280.000000,8,4,0.250000,ns3-simulated/trace-derived
L2R,194.875000,0,0.000000,496706,485.064453,115.697640,100.000000,280.000000,8,4,0.250000,ns3-simulated/trace-derived
L2R,195.125000,0,0.000000,496706,485.064453,115.697640,100.000000,280.000000,8,4,0.250000,ns3-simulated/trace-derived
L2R,195.375000,0,0.000000,496706,485.064453,115.697640,100.000000,280.000000,8,4,0.250000,ns3-simulated/trace-derived
L2R,195.625000,0,0.000000,496706,485.064453,115.697640,100.000000,280.000000,8,4,0.250000,ns3-simulated/trace-derived
L2R,195.875000,0,0.000000,496706,485.064453,115.697640,100.000000,280.000000,8,4,0.250000,ns3-simulated/trace-derived
L2R,196.125000,0,0.000000,496706,485.064453,115.697640,100.000000,280.000000,8,4,0.250000,ns3-simulated/trace-derived
L2R,196.375000,0,0.000000,496706,485.064453,115.697640,100.000000,280.000000,8,4,0.250000,ns3-simulated/trace-derived
L2R,196.625000,0,0.000000,496706,485.064453,115.697640,100.000000,280.000000,8,4,0.250000,ns3-simulated/trace-derived
L2R,196.875000,0,0.000000,496706,485.064453,115.697640,100.000000,280.000000,8,4,0.250000,ns3-simulated/trace-derived
L2R,197.125000,0,0.000000,496706,485.064453,115.697640,100.000000,280.000000,8,4,0.250000,ns3-simulated/trace-derived
L2R,197.375000,0,0.000000,496706,485.064453,115.697640,100.000000,280.000000,8,4,0.250000,ns3-simulated/trace-derived
L2R,197.625000,0,0.000000,496706,485.064453,115.697640,100.000000,280.000000,8,4,0.250000,ns3-simulated/trace-derived
L2R,197.875000,0,0.000000,496706,485.064453,115.697640,100.000000,280.000000,8,4,0.250000,ns3-simulated/trace-derived
L2R,198.125000,0,0.000000,496706,485.064453,115.697640,100.000000,280.000000,8,4,0.250000,ns3-simulated/trace-derived
L2R,198.375000,0,0.000000,496706,485.064453,115.697640,100.000000,280.000000,8,4,0.250000,ns3-simulated/trace-derived
L2R,198.625000,0,0.000000,496706,485.064453,115.697640,100.000000,280.000000,8,4,0.250000,ns3-simulated/trace-derived
L2R,198.875000,0,0.000000,496706,485.064453,115.697640,100.000000,280.000000,8,4,0.250000,ns3-simulated/trace-derived
L2R,199.125000,0,0.000000,496706,485.064453,115.697640,100.000000,280.000000,8,4,0.250000,ns3-simulated/trace-derived
L2R,199.375000,0,0.000000,496706,485.064453,115.697640,100.000000,280.000000,8,4,0.250000,ns3-simulated/trace-derived
L2R,199.625000,0,0.000000,496706,485.064453,115.697640,100.000000,280.000000,8,4,0.250000,ns3-simulated/trace-derived
L2R,199.875000,0,0.000000,496706,485.064453,115.697640,100.000000,280.000000,8,4,0.250000,ns3-simulated/trace-derived
L2R,200.125000,0,0.000000,496706,485.064453,115.697640,100.000000,280.000000,8,4,0.250000,ns3-simulated/trace-derived
L2R,200.375000,0,0.000000,496706,485.064453,115.697640,100.000000,280.000000,8,4,0.250000,ns3-simulated/trace-derived
L2R,200.625000,0,0.000000,496706,485.064453,115.697640,100.000000,280.000000,8,4,0.250000,ns3-simulated/trace-derived
L2R,200.875000,0,0.000000,496706,485.064453,115.697640,100.000000,280.000000,8,4,0.250000,ns3-simulated/trace-derived
L2R,201.125000,0,0.000000,496706,485.064453,115.697640,100.000000,280.000000,8,4,0.250000,ns3-simulated/trace-derived
L2R,201.375000,0,0.000000,496706,485.064453,115.697640,100.000000,280.000000,8,4,0.250000,ns3-simulated/trace-derived
L2R,201.625000,0,0.000000,496706,485.064453,115.697640,100.000000,280.000000,8,4,0.250000,ns3-simulated/trace-derived
L2R,201.875000,0,0.000000,496706,485.064453,115.697640,100.000000,280.000000,8,4,0.250000,ns3-simulated/trace-derived
L2R,202.125000,0,0.000000,496706,485.064453,115.697640,100.000000,280.000000,8,4,0.250000,ns3-simulated/trace-derived
L2R,202.375000,0,0.000000,496706,485.064453,115.697640,100.000000,280.000000,8,4,0.250000,ns3-simulated/trace-derived
L2R,202.625000,0,0.000000,496706,485.064453,115.697640,100.000000,280.000000,8,4,0.250000,ns3-simulated/trace-derived
L2R,202.875000,0,0.000000,496706,485.064453,115.697640,100.000000,280.000000,8,4,0.250000,ns3-simulated/trace-derived
L2R,203.125000,0,0.000000,496706,485.064453,115.697640,100.000000,280.000000,8,4,0.250000,ns3-simulated/trace-derived
L2R,203.375000,0,0.000000,496706,485.064453,115.697640,100.000000,280.000000,8,4,0.250000,ns3-simulated/trace-derived
L2R,203.625000,0,0.000000,496706,485.064453,115.697640,100.000000,280.000000,8,4,0.250000,ns3-simulated/trace-derived
L2R,203.875000,0,0.000000,496706,485.064453,115.697640,100.000000,280.000000,8,4,0.250000,ns3-simulated/trace-derived
L2R,204.125000,0,0.000000,496706,485.064453,115.697640,100.000000,280.000000,8,4,0.250000,ns3-simulated/trace-derived
L2R,204.375000,0,0.000000,496706,485.064453,115.697640,100.000000,280.000000,8,4,0.250000,ns3-simulated/trace-derived
L2R,204.625000,0,0.000000,496706,485.064453,115.697640,100.000000,280.000000,8,4,0.250000,ns3-simulated/trace-derived
L2R,204.875000,0,0.000000,496706,485.064453,115.697640,100.000000,280.000000,8,4,0.250000,ns3-simulated/trace-derived
L2R,205.125000,0,0.000000,496706,485.064453,115.697640,100.000000,280.000000,8,4,0.250000,ns3-simulated/trace-derived
L2R,205.375000,0,0.000000,496706,485.064453,115.697640,100.000000,280.000000,8,4,0.250000,ns3-simulated/trace-derived
L2R,205.625000,0,0.000000,496706,485.064453,115.697640,100.000000,280.000000,8,4,0.250000,ns3-simulated/trace-derived
L2R,205.875000,0,0.000000,496706,485.064453,115.697640,100.000000,280.000000,8,4,0.250000,ns3-simulated/trace-derived
L2R,206.125000,0,0.000000,496706,485.064453,115.697640,100.000000,280.000000,8,4,0.250000,ns3-simulated/trace-derived
L2R,206.375000,0,0.000000,496706,485.064453,115.697640,100.000000,280.000000,8,4,0.250000,ns3-simulated/trace-derived
L2R,206.625000,0,0.000000,496706,485.064453,115.697640,100.000000,280.000000,8,4,0.250000,ns3-simulated/trace-derived
L2R,206.875000,0,0.000000,496706,485.064453,115.697640,100.000000,280.000000,8,4,0.250000,ns3-simulated/trace-derived
L2R,207.125000,0,0.000000,496706,485.064453,115.697640,100.000000,280.000000,8,4,0.250000,ns3-simulated/trace-derived
L2R,207.375000,0,0.000000,496706,485.064453,115.697640,100.000000,280.000000,8,4,0.250000,ns3-simulated/trace-derived
L2R,207.625000,0,0.000000,496706,485.064453,115.697640,100.000000,280.000000,8,4,0.250000,ns3-simulated/trace-derived
L2R,207.875000,0,0.000000,496706,485.064453,115.697640,100.000000,280.000000,8,4,0.250000,ns3-simulated/trace-derived
L2R,208.125000,0,0.000000,496706,485.064453,115.697640,100.000000,280.000000,8,4,0.250000,ns3-simulated/trace-derived
L2R,208.375000,0,0.000000,496706,485.064453,115.697640,100.000000,280.000000,8,4,0.250000,ns3-simulated/trace-derived
L2R,208.625000,0,0.000000,496706,485.064453,115.697640,100.000000,280.000000,8,4,0.250000,ns3-simulated/trace-derived
L2R,208.875000,0,0.000000,496706,485.064453,115.697640,100.000000,280.000000,8,4,0.250000,ns3-simulated/trace-derived
L2R,209.125000,0,0.000000,496706,485.064453,115.697640,100.000000,280.000000,8,4,0.250000,ns3-simulated/trace-derived
L2R,209.375000,0,0.000000,496706,485.064453,115.697640,100.000000,280.000000,8,4,0.250000,ns3-simulated/trace-derived
L2R,209.625000,0,0.000000,496706,485.064453,115.697640,100.000000,280.000000,8,4,0.250000,ns3-simulated/trace-derived
L2R,209.875000,0,0.000000,496706,485.064453,115.697640,100.000000,280.000000,8,4,0.250000,ns3-simulated/trace-derived
L2R,210.125000,0,0.000000,496706,485.064453,115.697640,100.000000,280.000000,8,4,0.250000,ns3-simulated/trace-derived
L2R,210.375000,0,0.000000,496706,485.064453,115.697640,100.000000,280.000000,8,4,0.250000,ns3-simulated/trace-derived
L2R,210.625000,0,0.000000,496706,485.064453,115.697640,100.000000,280.000000,8,4,0.250000,ns3-simulated/trace-derived
L2R,210.875000,0,0.000000,496706,485.064453,115.697640,100.000000,280.000000,8,4,0.250000,ns3-simulated/trace-derived
L2R,211.125000,0,0.000000,496706,485.064453,115.697640,100.000000,280.000000,8,4,0.250000,ns3-simulated/trace-derived
L2R,211.375000,0,0.000000,496706,485.064453,115.697640,100.000000,280.000000,8,4,0.250000,ns3-simulated/trace-derived
L2R,211.625000,0,0.000000,496706,485.064453,115.697640,100.000000,280.000000,8,4,0.250000,ns3-simulated/trace-derived
L2R,211.875000,0,0.000000,496706,485.064453,115.697640,100.000000,280.000000,8,4,0.250000,ns3-simulated/trace-derived
L2R,212.125000,0,0.000000,496706,485.064453,115.697640,100.000000,280.000000,8,4,0.250000,ns3-simulated/trace-derived
L2R,212.375000,0,0.000000,496706,485.064453,115.697640,100.000000,280.000000,8,4,0.250000,ns3-simulated/trace-derived
L2R,212.625000,0,0.000000,496706,485.064453,115.697640,100.000000,280.000000,8,4,0.250000,ns3-simulated/trace-derived
L2R,212.875000,0,0.000000,496706,485.064453,115.697640,100.000000,280.000000,8,4,0.250000,ns3-simulated/trace-derived
L2R,213.125000,0,0.000000,496706,485.064453,115.697640,100.000000,280.000000,8,4,0.250000,ns3-simulated/trace-derived
L2R,213.375000,0,0.000000,496706,485.064453,115.697640,100.000000,280.000000,8,4,0.250000,ns3-simulated/trace-derived
L2R,213.625000,0,0.000000,496706,485.064453,115.697640,100.000000,280.000000,8,4,0.250000,ns3-simulated/trace-derived
L2R,213.875000,0,0.000000,496706,485.064453,115.697640,100.000000,280.000000,8,4,0.250000,ns3-simulated/trace-derived
L2R,214.125000,0,0.000000,496706,485.064453,115.697640,100.000000,280.000000,8,4,0.250000,ns3-simulated/trace-derived
L2R,214.375000,0,0.000000,496706,485.064453,115.697640,100.000000,280.000000,8,4,0.250000,ns3-simulated/trace-derived
L2R,214.625000,0,0.000000,496706,485.064453,115.697640,100.000000,280.000000,8,4,0.250000,ns3-simulated/trace-derived
L2R,214.875000,0,0.000000,496706,485.064453,115.697640,100.000000,280.000000,8,4,0.250000,ns3-simulated/trace-derived
L2R,215.125000,0,0.000000,496706,485.064453,115.697640,100.000000,280.000000,8,4,0.250000,ns3-simulated/trace-derived
L2R,215.375000,0,0.000000,496706,485.064453,115.697640,100.000000,280.000000,8,4,0.250000,ns3-simulated/trace-derived
L2R,215.625000,0,0.000000,496706,485.064453,115.697640,100.000000,280.000000,8,4,0.250000,ns3-simulated/trace-derived
L2R,215.875000,0,0.000000,496706,485.064453,115.697640,100.000000,280.000000,8,4,0.250000,ns3-simulated/trace-derived
L2R,216.125000,0,0.000000,496706,485.064453,115.697640,100.000000,280.000000,8,4,0.250000,ns3-simulated/trace-derived
L2R,216.375000,0,0.000000,496706,485.064453,115.697640,100.000000,280.000000,8,4,0.250000,ns3-simulated/trace-derived
L2R,216.625000,0,0.000000,496706,485.064453,115.697640,100.000000,280.000000,8,4,0.250000,ns3-simulated/trace-derived
L2R,216.875000,0,0.000000,496706,485.064453,115.697640,100.000000,280.000000,8,4,0.250000,ns3-simulated/trace-derived
L2R,217.125000,0,0.000000,496706,485.064453,115.697640,100.000000,280.000000,8,4,0.250000,ns3-simulated/trace-derived
L2R,217.375000,0,0.000000,496706,485.064453,115.697640,100.000000,280.000000,8,4,0.250000,ns3-simulated/trace-derived
L2R,217.625000,0,0.000000,496706,485.064453,115.697640,100.000000,280.000000,8,4,0.250000,ns3-simulated/trace-derived
L2R,217.875000,0,0.000000,496706,485.064453,115.697640,100.000000,280.000000,8,4,0.250000,ns3-simulated/trace-derived
L2R,218.125000,0,0.000000,496706,485.064453,115.697640,100.000000,280.000000,8,4,0.250000,ns3-simulated/trace-derived
L2R,218.375000,0,0.000000,496706,485.064453,115.697640,100.000000,280.000000,8,4,0.250000,ns3-simulated/trace-derived
L2R,218.625000,0,0.000000,496706,485.064453,115.697640,100.000000,280.000000,8,4,0.250000,ns3-simulated/trace-derived
L2R,218.875000,0,0.000000,496706,485.064453,115.697640,100.000000,280.000000,8,4,0.250000,ns3-simulated/trace-derived
L2R,219.125000,0,0.000000,496706,485.064453,115.697640,100.000000,280.000000,8,4,0.250000,ns3-simulated/trace-derived
L2R,219.375000,0,0.000000,496706,485.064453,115.697640,100.000000,280.000000,8,4,0.250000,ns3-simulated/trace-derived
L2R,219.625000,0,0.000000,496706,485.064453,115.697640,100.000000,280.000000,8,4,0.250000,ns3-simulated/trace-derived
L2R,219.875000,0,0.000000,496706,485.064453,115.697640,100.000000,280.000000,8,4,0.250000,ns3-simulated/trace-derived
L2R,220.125000,0,0.000000,496706,485.064453,115.697640,100.000000,280.000000,8,4,0.250000,ns3-simulated/trace-derived
L2R,220.375000,12522,12.228516,496706,485.064453,115.697640,100.000000,280.000000,8,4,0.250000,ns3-simulated/trace-derived
L2R,220.625000,20870,20.380859,496706,485.064453,115.697640,100.000000,280.000000,8,4,0.250000,ns3-simulated/trace-derived
L2R,220.875000,29280,28.593750,496706,485.064453,115.697640,100.000000,280.000000,8,4,0.250000,ns3-simulated/trace-derived
L2R,221.125000,41802,40.822266,496706,485.064453,115.697640,100.000000,280.000000,8,4,0.250000,ns3-simulated/trace-derived
L2R,221.375000,50212,49.035156,496706,485.064453,115.697640,100.000000,280.000000,8,4,0.250000,ns3-simulated/trace-derived
L2R,221.625000,58498,57.126953,496706,485.064453,115.697640,100.000000,280.000000,8,4,0.250000,ns3-simulated/trace-derived
L2R,221.875000,66846,65.279297,496706,485.064453,115.697640,100.000000,280.000000,8,4,0.250000,ns3-simulated/trace-derived
L2R,222.125000,79430,77.568359,496706,485.064453,115.697640,100.000000,280.000000,8,4,0.250000,ns3-simulated/trace-derived
L2R,222.375000,87778,85.720703,496706,485.064453,115.697640,100.000000,280.000000,8,4,0.250000,ns3-simulated/trace-derived
L2R,222.625000,96064,93.812500,496706,485.064453,115.697640,100.000000,280.000000,8,4,0.250000,ns3-simulated/trace-derived
L2R,222.875000,104412,101.964844,496706,485.064453,115.697640,100.000000,280.000000,8,4,0.250000,ns3-simulated/trace-derived
L2R,223.125000,116996,114.253906,496706,485.064453,115.697640,100.000000,280.000000,8,4,0.250000,ns3-simulated/trace-derived
L2R,223.375000,125344,122.406250,496706,485.064453,115.697640,100.000000,280.000000,8,4,0.250000,ns3-simulated/trace-derived
L2R,223.625000,133630,130.498047,496706,485.064453,115.697640,100.000000,280.000000,8,4,0.250000,ns3-simulated/trace-derived
L2R,223.875000,141978,138.650391,496706,485.064453,115.697640,100.000000,280.000000,8,4,0.250000,ns3-simulated/trace-derived
L2R,224.125000,154562,150.939453,496706,485.064453,115.697640,100.000000,280.000000,8,4,0.250000,ns3-simulated/trace-derived
L2R,224.375000,162848,159.031250,496706,485.064453,115.697640,100.000000,280.000000,8,4,0.250000,ns3-simulated/trace-derived
L2R,224.625000,171196,167.183594,496706,485.064453,115.697640,100.000000,280.000000,8,4,0.250000,ns3-simulated/trace-derived
L2R,224.875000,183718,179.412109,496706,485.064453,115.697640,100.000000,280.000000,8,4,0.250000,ns3-simulated/trace-derived
L2R,225.125000,192128,187.625000,496706,485.064453,115.697640,100.000000,280.000000,8,4,0.250000,ns3-simulated/trace-derived
L2R,225.375000,200414,195.716797,496706,485.064453,115.697640,100.000000,280.000000,8,4,0.250000,ns3-simulated/trace-derived
L2R,225.625000,208762,203.869141,496706,485.064453,115.697640,100.000000,280.000000,8,4,0.250000,ns3-simulated/trace-derived
L2R,225.875000,213077,208.083008,496706,485.064453,115.697640,100.000000,280.000000,8,4,0.250000,ns3-simulated/trace-derived
L2R,226.125000,208903,204.006836,496706,485.064453,115.697640,100.000000,280.000000,8,4,0.250000,ns3-simulated/trace-derived
L2R,226.375000,204667,199.870117,496706,485.064453,115.697640,100.000000,280.000000,8,4,0.250000,ns3-simulated/trace-derived
L2R,226.625000,200476,195.777344,496706,485.064453,115.697640,100.000000,280.000000,8,4,0.250000,ns3-simulated/trace-derived
L2R,226.875000,200600,195.898438,496706,485.064453,115.697640,100.000000,280.000000,8,4,0.250000,ns3-simulated/trace-derived
L2R,227.125000,196426,191.822266,496706,485.064453,115.697640,100.000000,280.000000,8,4,0.250000,ns3-simulated/trace-derived
L2R,227.375000,192190,187.685547,496706,485.064453,115.697640,100.000000,280.000000,8,4,0.250000,ns3-simulated/trace-derived
L2R,227.625000,188016,183.609375,496706,485.064453,115.697640,100.000000,280.000000,8,4,0.250000,ns3-simulated/trace-derived
L2R,227.875000,188078,183.669922,496706,485.064453,115.697640,100.000000,280.000000,8,4,0.250000,ns3-simulated/trace-derived
L2R,228.125000,183842,179.533203,496706,485.064453,115.697640,100.000000,280.000000,8,4,0.250000,ns3-simulated/trace-derived
L2R,228.375000,179668,175.457031,496706,485.064453,115.697640,100.000000,280.000000,8,4,0.250000,ns3-simulated/trace-derived
L2R,228.625000,179730,175.517578,496706,485.064453,115.697640,100.000000,280.000000,8,4,0.250000,ns3-simulated/trace-derived
L2R,228.875000,175556,171.441406,496706,485.064453,115.697640,100.000000,280.000000,8,4,0.250000,ns3-simulated/trace-derived
L2R,229.125000,171320,167.304688,496706,485.064453,115.697640,100.000000,280.000000,8,4,0.250000,ns3-simulated/trace-derived
L2R,229.375000,167146,163.228516,496706,485.064453,115.697640,100.000000,280.000000,8,4,0.250000,ns3-simulated/trace-derived
L2R,229.625000,167208,163.289062,496706,485.064453,115.697640,100.000000,280.000000,8,4,0.250000,ns3-simulated/trace-derived
L2R,229.875000,163034,159.212891,496706,485.064453,115.697640,100.000000,280.000000,8,4,0.250000,ns3-simulated/trace-derived
L2R,230.125000,158798,155.076172,496706,485.064453,115.697640,100.000000,280.000000,8,4,0.250000,ns3-simulated/trace-derived
L2R,230.375000,154624,151.000000,496706,485.064453,115.697640,100.000000,280.000000,8,4,0.250000,ns3-simulated/trace-derived
L2R,230.625000,154686,151.060547,496706,485.064453,115.697640,100.000000,280.000000,8,4,0.250000,ns3-simulated/trace-derived
L2R,230.875000,150512,146.984375,496706,485.064453,115.697640,100.000000,280.000000,8,4,0.250000,ns3-simulated/trace-derived
L2R,231.125000,146276,142.847656,496706,485.064453,115.697640,100.000000,280.000000,8,4,0.250000,ns3-simulated/trace-derived
L2R,231.375000,142181,138.848633,496706,485.064453,115.697640,100.000000,280.000000,8,4,0.250000,ns3-simulated/trace-derived
L2R,231.625000,142243,138.909180,496706,485.064453,115.697640,100.000000,280.000000,8,4,0.250000,ns3-simulated/trace-derived
L2R,231.875000,138007,134.772461,496706,485.064453,115.697640,100.000000,280.000000,8,4,0.250000,ns3-simulated/trace-derived
L2R,232.125000,133833,130.696289,496706,485.064453,115.697640,100.000000,280.000000,8,4,0.250000,ns3-simulated/trace-derived
L2R,232.375000,133895,130.756836,496706,485.064453,115.697640,100.000000,280.000000,8,4,0.250000,ns3-simulated/trace-derived
L2R,232.625000,129766,126.724609,496706,485.064453,115.697640,100.000000,280.000000,8,4,0.250000,ns3-simulated/trace-derived
L2R,232.875000,125530,122.587891,496706,485.064453,115.697640,100.000000,280.000000,8,4,0.250000,ns3-simulated/trace-derived
L2R,233.125000,121356,118.511719,496706,485.064453,115.697640,100.000000,280.000000,8,4,0.250000,ns3-simulated/trace-derived
L2R,233.375000,121418,118.572266,496706,485.064453,115.697640,100.000000,280.000000,8,4,0.250000,ns3-simulated/trace-derived
L2R,233.625000,117244,114.496094,496706,485.064453,115.697640,100.000000,280.000000,8,4,0.250000,ns3-simulated/trace-derived
L2R,233.875000,113008,110.359375,496706,485.064453,115.697640,100.000000,280.000000,8,4,0.250000,ns3-simulated/trace-derived
L2R,234.125000,108834,106.283203,496706,485.064453,115.697640,100.000000,280.000000,8,4,0.250000,ns3-simulated/trace-derived
L2R,234.375000,108896,106.343750,496706,485.064453,115.697640,100.000000,280.000000,8,4,0.250000,ns3-simulated/trace-derived
L2R,234.625000,104660,102.207031,496706,485.064453,115.697640,100.000000,280.000000,8,4,0.250000,ns3-simulated/trace-derived
L2R,234.875000,100486,98.130859,496706,485.064453,115.697640,100.000000,280.000000,8,4,0.250000,ns3-simulated/trace-derived
L2R,235.125000,96312,94.054688,496706,485.064453,115.697640,100.000000,280.000000,8,4,0.250000,ns3-simulated/trace-derived
L2R,235.375000,96374,94.115234,496706,485.064453,115.697640,100.000000,280.000000,8,4,0.250000,ns3-simulated/trace-derived
L2R,235.625000,92138,89.978516,496706,485.064453,115.697640,100.000000,280.000000,8,4,0.250000,ns3-simulated/trace-derived
L2R,235.875000,87964,85.902344,496706,485.064453,115.697640,100.000000,280.000000,8,4,0.250000,ns3-simulated/trace-derived
L2R,236.125000,88026,85.962891,496706,485.064453,115.697640,100.000000,280.000000,8,4,0.250000,ns3-simulated/trace-derived
L2R,236.375000,83852,81.886719,496706,485.064453,115.697640,100.000000,280.000000,8,4,0.250000,ns3-simulated/trace-derived
L2R,236.625000,79616,77.750000,496706,485.064453,115.697640,100.000000,280.000000,8,4,0.250000,ns3-simulated/trace-derived
L2R,236.875000,75521,73.750977,496706,485.064453,115.697640,100.000000,280.000000,8,4,0.250000,ns3-simulated/trace-derived
L2R,237.125000,75583,73.811523,496706,485.064453,115.697640,100.000000,280.000000,8,4,0.250000,ns3-simulated/trace-derived
L2R,237.375000,71409,69.735352,496706,485.064453,115.697640,100.000000,280.000000,8,4,0.250000,ns3-simulated/trace-derived
L2R,237.625000,67173,65.598633,496706,485.064453,115.697640,100.000000,280.000000,8,4,0.250000,ns3-simulated/trace-derived
L2R,237.875000,63079,61.600586,496706,485.064453,115.697640,100.000000,280.000000,8,4,0.250000,ns3-simulated/trace-derived
L2R,238.125000,63101,61.622070,496706,485.064453,115.697640,100.000000,280.000000,8,4,0.250000,ns3-simulated/trace-derived
L2R,238.375000,58870,57.490234,496706,485.064453,115.697640,100.000000,280.000000,8,4,0.250000,ns3-simulated/trace-derived
L2R,238.625000,54696,53.414062,496706,485.064453,115.697640,100.000000,280.000000,8,4,0.250000,ns3-simulated/trace-derived
L2R,238.875000,54758,53.474609,496706,485.064453,115.697640,100.000000,280.000000,8,4,0.250000,ns3-simulated/trace-derived
L2R,239.125000,50584,49.398438,496706,485.064453,115.697640,100.000000,280.000000,8,4,0.250000,ns3-simulated/trace-derived
L2R,239.375000,46348,45.261719,496706,485.064453,115.697640,100.000000,280.000000,8,4,0.250000,ns3-simulated/trace-derived
L2R,239.625000,42174,41.185547,496706,485.064453,115.697640,100.000000,280.000000,8,4,0.250000,ns3-simulated/trace-derived
L2R,239.875000,42236,41.246094,496706,485.064453,115.697640,100.000000,280.000000,8,4,0.250000,ns3-simulated/trace-derived
L2R,240.125000,38062,37.169922,496706,485.064453,115.697640,100.000000,280.000000,8,4,0.250000,ns3-simulated/trace-derived
L2R,240.375000,33826,33.033203,496706,485.064453,115.697640,100.000000,280.000000,8,4,0.250000,ns3-simulated/trace-derived
L2R,240.625000,29652,28.957031,496706,485.064453,115.697640,100.000000,280.000000,8,4,0.250000,ns3-simulated/trace-derived
L2R,240.875000,29714,29.017578,496706,485.064453,115.697640,100.000000,280.000000,8,4,0.250000,ns3-simulated/trace-derived
L2R,241.125000,25540,24.941406,496706,485.064453,115.697640,100.000000,280.000000,8,4,0.250000,ns3-simulated/trace-derived
L2R,241.375000,21304,20.804688,496706,485.064453,115.697640,100.000000,280.000000,8,4,0.250000,ns3-simulated/trace-derived
L2R,241.625000,17130,16.728516,496706,485.064453,115.697640,100.000000,280.000000,8,4,0.250000,ns3-simulated/trace-derived
L2R,241.875000,17192,16.789062,496706,485.064453,115.697640,100.000000,280.000000,8,4,0.250000,ns3-simulated/trace-derived
L2R,242.125000,12956,12.652344,496706,485.064453,115.697640,100.000000,280.000000,8,4,0.250000,ns3-simulated/trace-derived
L2R,242.375000,8861,8.653320,496706,485.064453,115.697640,100.000000,280.000000,8,4,0.250000,ns3-simulated/trace-derived
L2R,242.625000,8923,8.713867,496706,485.064453,115.697640,100.000000,280.000000,8,4,0.250000,ns3-simulated/trace-derived
L2R,242.875000,4749,4.637695,496706,485.064453,115.697640,100.000000,280.000000,8,4,0.250000,ns3-simulated/trace-derived
L2R,243.125000,513,0.500977,496706,485.064453,115.697640,100.000000,280.000000,8,4,0.250000,ns3-simulated/trace-derived
L2R,243.375000,186,0.181641,496706,485.064453,115.697640,100.000000,280.000000,8,4,0.250000,ns3-simulated/trace-derived
L2R,243.625000,0,0.000000,496706,485.064453,115.697640,100.000000,280.000000,8,4,0.250000,ns3-simulated/trace-derived
L2R,243.875000,0,0.000000,496706,485.064453,115.697640,100.000000,280.000000,8,4,0.250000,ns3-simulated/trace-derived
L2R,244.125000,0,0.000000,496706,485.064453,115.697640,100.000000,280.000000,8,4,0.250000,ns3-simulated/trace-derived
L2R,244.375000,0,0.000000,496706,485.064453,115.697640,100.000000,280.000000,8,4,0.250000,ns3-simulated/trace-derived
L2R,244.625000,0,0.000000,496706,485.064453,115.697640,100.000000,280.000000,8,4,0.250000,ns3-simulated/trace-derived
L2R,244.875000,0,0.000000,496706,485.064453,115.697640,100.000000,280.000000,8,4,0.250000,ns3-simulated/trace-derived
L2R,245.125000,0,0.000000,496706,485.064453,115.697640,100.000000,280.000000,8,4,0.250000,ns3-simulated/trace-derived
L2R,245.375000,0,0.000000,496706,485.064453,115.697640,100.000000,280.000000,8,4,0.250000,ns3-simulated/trace-derived
L2R,245.625000,0,0.000000,496706,485.064453,115.697640,100.000000,280.000000,8,4,0.250000,ns3-simulated/trace-derived
L2R,245.875000,0,0.000000,496706,485.064453,115.697640,100.000000,280.000000,8,4,0.250000,ns3-simulated/trace-derived
L2R,246.125000,0,0.000000,496706,485.064453,115.697640,100.000000,280.000000,8,4,0.250000,ns3-simulated/trace-derived
L2R,246.375000,0,0.000000,496706,485.064453,115.697640,100.000000,280.000000,8,4,0.250000,ns3-simulated/trace-derived
L2R,246.625000,0,0.000000,496706,485.064453,115.697640,100.000000,280.000000,8,4,0.250000,ns3-simulated/trace-derived
L2R,246.875000,0,0.000000,496706,485.064453,115.697640,100.000000,280.000000,8,4,0.250000,ns3-simulated/trace-derived
L2R,247.125000,0,0.000000,496706,485.064453,115.697640,100.000000,280.000000,8,4,0.250000,ns3-simulated/trace-derived
L2R,247.375000,0,0.000000,496706,485.064453,115.697640,100.000000,280.000000,8,4,0.250000,ns3-simulated/trace-derived
L2R,247.625000,0,0.000000,496706,485.064453,115.697640,100.000000,280.000000,8,4,0.250000,ns3-simulated/trace-derived
L2R,247.875000,0,0.000000,496706,485.064453,115.697640,100.000000,280.000000,8,4,0.250000,ns3-simulated/trace-derived
L2R,248.125000,0,0.000000,496706,485.064453,115.697640,100.000000,280.000000,8,4,0.250000,ns3-simulated/trace-derived
L2R,248.375000,0,0.000000,496706,485.064453,115.697640,100.000000,280.000000,8,4,0.250000,ns3-simulated/trace-derived
L2R,248.625000,0,0.000000,496706,485.064453,115.697640,100.000000,280.000000,8,4,0.250000,ns3-simulated/trace-derived
L2R,248.875000,0,0.000000,496706,485.064453,115.697640,100.000000,280.000000,8,4,0.250000,ns3-simulated/trace-derived
L2R,249.125000,0,0.000000,496706,485.064453,115.697640,100.000000,280.000000,8,4,0.250000,ns3-simulated/trace-derived
L2R,249.375000,0,0.000000,496706,485.064453,115.697640,100.000000,280.000000,8,4,0.250000,ns3-simulated/trace-derived
L2R,249.625000,0,0.000000,496706,485.064453,115.697640,100.000000,280.000000,8,4,0.250000,ns3-simulated/trace-derived
L2R,249.875000,0,0.000000,496706,485.064453,115.697640,100.000000,280.000000,8,4,0.250000,ns3-simulated/trace-derived
L2R,250.125000,0,0.000000,496706,485.064453,115.697640,100.000000,280.000000,8,4,0.250000,ns3-simulated/trace-derived
L2R,250.375000,0,0.000000,496706,485.064453,115.697640,100.000000,280.000000,8,4,0.250000,ns3-simulated/trace-derived
L2R,250.625000,0,0.000000,496706,485.064453,115.697640,100.000000,280.000000,8,4,0.250000,ns3-simulated/trace-derived
L2R,250.875000,0,0.000000,496706,485.064453,115.697640,100.000000,280.000000,8,4,0.250000,ns3-simulated/trace-derived
L2R,251.125000,0,0.000000,496706,485.064453,115.697640,100.000000,280.000000,8,4,0.250000,ns3-simulated/trace-derived
L2R,251.375000,0,0.000000,496706,485.064453,115.697640,100.000000,280.000000,8,4,0.250000,ns3-simulated/trace-derived
L2R,251.625000,0,0.000000,496706,485.064453,115.697640,100.000000,280.000000,8,4,0.250000,ns3-simulated/trace-derived
L2R,251.875000,0,0.000000,496706,485.064453,115.697640,100.000000,280.000000,8,4,0.250000,ns3-simulated/trace-derived
L2R,252.125000,0,0.000000,496706,485.064453,115.697640,100.000000,280.000000,8,4,0.250000,ns3-simulated/trace-derived
L2R,252.375000,0,0.000000,496706,485.064453,115.697640,100.000000,280.000000,8,4,0.250000,ns3-simulated/trace-derived
L2R,252.625000,0,0.000000,496706,485.064453,115.697640,100.000000,280.000000,8,4,0.250000,ns3-simulated/trace-derived
L2R,252.875000,0,0.000000,496706,485.064453,115.697640,100.000000,280.000000,8,4,0.250000,ns3-simulated/trace-derived
L2R,253.125000,0,0.000000,496706,485.064453,115.697640,100.000000,280.000000,8,4,0.250000,ns3-simulated/trace-derived
L2R,253.375000,0,0.000000,496706,485.064453,115.697640,100.000000,280.000000,8,4,0.250000,ns3-simulated/trace-derived
L2R,253.625000,0,0.000000,496706,485.064453,115.697640,100.000000,280.000000,8,4,0.250000,ns3-simulated/trace-derived
L2R,253.875000,0,0.000000,496706,485.064453,115.697640,100.000000,280.000000,8,4,0.250000,ns3-simulated/trace-derived
L2R,254.125000,0,0.000000,496706,485.064453,115.697640,100.000000,280.000000,8,4,0.250000,ns3-simulated/trace-derived
L2R,254.375000,0,0.000000,496706,485.064453,115.697640,100.000000,280.000000,8,4,0.250000,ns3-simulated/trace-derived
L2R,254.625000,0,0.000000,496706,485.064453,115.697640,100.000000,280.000000,8,4,0.250000,ns3-simulated/trace-derived
L2R,254.875000,0,0.000000,496706,485.064453,115.697640,100.000000,280.000000,8,4,0.250000,ns3-simulated/trace-derived
L2R,255.125000,0,0.000000,496706,485.064453,115.697640,100.000000,280.000000,8,4,0.250000,ns3-simulated/trace-derived
L2R,255.375000,0,0.000000,496706,485.064453,115.697640,100.000000,280.000000,8,4,0.250000,ns3-simulated/trace-derived
L2R,255.625000,0,0.000000,496706,485.064453,115.697640,100.000000,280.000000,8,4,0.250000,ns3-simulated/trace-derived
L2R,255.875000,0,0.000000,496706,485.064453,115.697640,100.000000,280.000000,8,4,0.250000,ns3-simulated/trace-derived
L2R,256.125000,0,0.000000,496706,485.064453,115.697640,100.000000,280.000000,8,4,0.250000,ns3-simulated/trace-derived
L2R,256.375000,0,0.000000,496706,485.064453,115.697640,100.000000,280.000000,8,4,0.250000,ns3-simulated/trace-derived
L2R,256.625000,0,0.000000,496706,485.064453,115.697640,100.000000,280.000000,8,4,0.250000,ns3-simulated/trace-derived
L2R,256.875000,0,0.000000,496706,485.064453,115.697640,100.000000,280.000000,8,4,0.250000,ns3-simulated/trace-derived
L2R,257.125000,0,0.000000,496706,485.064453,115.697640,100.000000,280.000000,8,4,0.250000,ns3-simulated/trace-derived
L2R,257.375000,0,0.000000,496706,485.064453,115.697640,100.000000,280.000000,8,4,0.250000,ns3-simulated/trace-derived
L2R,257.625000,0,0.000000,496706,485.064453,115.697640,100.000000,280.000000,8,4,0.250000,ns3-simulated/trace-derived
L2R,257.875000,0,0.000000,496706,485.064453,115.697640,100.000000,280.000000,8,4,0.250000,ns3-simulated/trace-derived
L2R,258.125000,0,0.000000,496706,485.064453,115.697640,100.000000,280.000000,8,4,0.250000,ns3-simulated/trace-derived
L2R,258.375000,0,0.000000,496706,485.064453,115.697640,100.000000,280.000000,8,4,0.250000,ns3-simulated/trace-derived
L2R,258.625000,0,0.000000,496706,485.064453,115.697640,100.000000,280.000000,8,4,0.250000,ns3-simulated/trace-derived
L2R,258.875000,0,0.000000,496706,485.064453,115.697640,100.000000,280.000000,8,4,0.250000,ns3-simulated/trace-derived
L2R,259.125000,0,0.000000,496706,485.064453,115.697640,100.000000,280.000000,8,4,0.250000,ns3-simulated/trace-derived
L2R,259.375000,0,0.000000,496706,485.064453,115.697640,100.000000,280.000000,8,4,0.250000,ns3-simulated/trace-derived
L2R,259.625000,0,0.000000,496706,485.064453,115.697640,100.000000,280.000000,8,4,0.250000,ns3-simulated/trace-derived
L2R,259.875000,0,0.000000,496706,485.064453,115.697640,100.000000,280.000000,8,4,0.250000,ns3-simulated/trace-derived
L2R,260.125000,0,0.000000,496706,485.064453,115.697640,100.000000,280.000000,8,4,0.250000,ns3-simulated/trace-derived
L2R,260.375000,0,0.000000,496706,485.064453,115.697640,100.000000,280.000000,8,4,0.250000,ns3-simulated/trace-derived
L2R,260.625000,0,0.000000,496706,485.064453,115.697640,100.000000,280.000000,8,4,0.250000,ns3-simulated/trace-derived
L2R,260.875000,0,0.000000,496706,485.064453,115.697640,100.000000,280.000000,8,4,0.250000,ns3-simulated/trace-derived
L2R,261.125000,0,0.000000,496706,485.064453,115.697640,100.000000,280.000000,8,4,0.250000,ns3-simulated/trace-derived
L2R,261.375000,0,0.000000,496706,485.064453,115.697640,100.000000,280.000000,8,4,0.250000,ns3-simulated/trace-derived
L2R,261.625000,0,0.000000,496706,485.064453,115.697640,100.000000,280.000000,8,4,0.250000,ns3-simulated/trace-derived
L2R,261.875000,0,0.000000,496706,485.064453,115.697640,100.000000,280.000000,8,4,0.250000,ns3-simulated/trace-derived
L2R,262.125000,0,0.000000,496706,485.064453,115.697640,100.000000,280.000000,8,4,0.250000,ns3-simulated/trace-derived
L2R,262.375000,0,0.000000,496706,485.064453,115.697640,100.000000,280.000000,8,4,0.250000,ns3-simulated/trace-derived
L2R,262.625000,0,0.000000,496706,485.064453,115.697640,100.000000,280.000000,8,4,0.250000,ns3-simulated/trace-derived
L2R,262.875000,0,0.000000,496706,485.064453,115.697640,100.000000,280.000000,8,4,0.250000,ns3-simulated/trace-derived
L2R,263.125000,0,0.000000,496706,485.064453,115.697640,100.000000,280.000000,8,4,0.250000,ns3-simulated/trace-derived
L2R,263.375000,0,0.000000,496706,485.064453,115.697640,100.000000,280.000000,8,4,0.250000,ns3-simulated/trace-derived
L2R,263.625000,0,0.000000,496706,485.064453,115.697640,100.000000,280.000000,8,4,0.250000,ns3-simulated/trace-derived
L2R,263.875000,0,0.000000,496706,485.064453,115.697640,100.000000,280.000000,8,4,0.250000,ns3-simulated/trace-derived
L2R,264.125000,0,0.000000,496706,485.064453,115.697640,100.000000,280.000000,8,4,0.250000,ns3-simulated/trace-derived
L2R,264.375000,0,0.000000,496706,485.064453,115.697640,100.000000,280.000000,8,4,0.250000,ns3-simulated/trace-derived
L2R,264.625000,0,0.000000,496706,485.064453,115.697640,100.000000,280.000000,8,4,0.250000,ns3-simulated/trace-derived
L2R,264.875000,0,0.000000,496706,485.064453,115.697640,100.000000,280.000000,8,4,0.250000,ns3-simulated/trace-derived
L2R,265.125000,0,0.000000,496706,485.064453,115.697640,100.000000,280.000000,8,4,0.250000,ns3-simulated/trace-derived
L2R,265.375000,0,0.000000,496706,485.064453,115.697640,100.000000,280.000000,8,4,0.250000,ns3-simulated/trace-derived
L2R,265.625000,0,0.000000,496706,485.064453,115.697640,100.000000,280.000000,8,4,0.250000,ns3-simulated/trace-derived
L2R,265.875000,0,0.000000,496706,485.064453,115.697640,100.000000,280.000000,8,4,0.250000,ns3-simulated/trace-derived
L2R,266.125000,0,0.000000,496706,485.064453,115.697640,100.000000,280.000000,8,4,0.250000,ns3-simulated/trace-derived
L2R,266.375000,0,0.000000,496706,485.064453,115.697640,100.000000,280.000000,8,4,0.250000,ns3-simulated/trace-derived
L2R,266.625000,0,0.000000,496706,485.064453,115.697640,100.000000,280.000000,8,4,0.250000,ns3-simulated/trace-derived
L2R,266.875000,0,0.000000,496706,485.064453,115.697640,100.000000,280.000000,8,4,0.250000,ns3-simulated/trace-derived
L2R,267.125000,0,0.000000,496706,485.064453,115.697640,100.000000,280.000000,8,4,0.250000,ns3-simulated/trace-derived
L2R,267.375000,0,0.000000,496706,485.064453,115.697640,100.000000,280.000000,8,4,0.250000,ns3-simulated/trace-derived
L2R,267.625000,0,0.000000,496706,485.064453,115.697640,100.000000,280.000000,8,4,0.250000,ns3-simulated/trace-derived
L2R,267.875000,0,0.000000,496706,485.064453,115.697640,100.000000,280.000000,8,4,0.250000,ns3-simulated/trace-derived
L2R,268.125000,0,0.000000,496706,485.064453,115.697640,100.000000,280.000000,8,4,0.250000,ns3-simulated/trace-derived
L2R,268.375000,0,0.000000,496706,485.064453,115.697640,100.000000,280.000000,8,4,0.250000,ns3-simulated/trace-derived
L2R,268.625000,0,0.000000,496706,485.064453,115.697640,100.000000,280.000000,8,4,0.250000,ns3-simulated/trace-derived
L2R,268.875000,0,0.000000,496706,485.064453,115.697640,100.000000,280.000000,8,4,0.250000,ns3-simulated/trace-derived
L2R,269.125000,0,0.000000,496706,485.064453,115.697640,100.000000,280.000000,8,4,0.250000,ns3-simulated/trace-derived
L2R,269.375000,0,0.000000,496706,485.064453,115.697640,100.000000,280.000000,8,4,0.250000,ns3-simulated/trace-derived
L2R,269.625000,0,0.000000,496706,485.064453,115.697640,100.000000,280.000000,8,4,0.250000,ns3-simulated/trace-derived
L2R,269.875000,0,0.000000,496706,485.064453,115.697640,100.000000,280.000000,8,4,0.250000,ns3-simulated/trace-derived
L2R,270.125000,0,0.000000,496706,485.064453,115.697640,100.000000,280.000000,8,4,0.250000,ns3-simulated/trace-derived
L2R,270.375000,0,0.000000,496706,485.064453,115.697640,100.000000,280.000000,8,4,0.250000,ns3-simulated/trace-derived
L2R,270.625000,0,0.000000,496706,485.064453,115.697640,100.000000,280.000000,8,4,0.250000,ns3-simulated/trace-derived
L2R,270.875000,0,0.000000,496706,485.064453,115.697640,100.000000,280.000000,8,4,0.250000,ns3-simulated/trace-derived
L2R,271.125000,0,0.000000,496706,485.064453,115.697640,100.000000,280.000000,8,4,0.250000,ns3-simulated/trace-derived
L2R,271.375000,0,0.000000,496706,485.064453,115.697640,100.000000,280.000000,8,4,0.250000,ns3-simulated/trace-derived
L2R,271.625000,0,0.000000,496706,485.064453,115.697640,100.000000,280.000000,8,4,0.250000,ns3-simulated/trace-derived
L2R,271.875000,0,0.000000,496706,485.064453,115.697640,100.000000,280.000000,8,4,0.250000,ns3-simulated/trace-derived
L2R,272.125000,0,0.000000,496706,485.064453,115.697640,100.000000,280.000000,8,4,0.250000,ns3-simulated/trace-derived
L2R,272.375000,0,0.000000,496706,485.064453,115.697640,100.000000,280.000000,8,4,0.250000,ns3-simulated/trace-derived
L2R,272.625000,0,0.000000,496706,485.064453,115.697640,100.000000,280.000000,8,4,0.250000,ns3-simulated/trace-derived
L2R,272.875000,0,0.000000,496706,485.064453,115.697640,100.000000,280.000000,8,4,0.250000,ns3-simulated/trace-derived
L2R,273.125000,0,0.000000,496706,485.064453,115.697640,100.000000,280.000000,8,4,0.250000,ns3-simulated/trace-derived
L2R,273.375000,0,0.000000,496706,485.064453,115.697640,100.000000,280.000000,8,4,0.250000,ns3-simulated/trace-derived
L2R,273.625000,0,0.000000,496706,485.064453,115.697640,100.000000,280.000000,8,4,0.250000,ns3-simulated/trace-derived
L2R,273.875000,0,0.000000,496706,485.064453,115.697640,100.000000,280.000000,8,4,0.250000,ns3-simulated/trace-derived
L2R,274.125000,0,0.000000,496706,485.064453,115.697640,100.000000,280.000000,8,4,0.250000,ns3-simulated/trace-derived
L2R,274.375000,0,0.000000,496706,485.064453,115.697640,100.000000,280.000000,8,4,0.250000,ns3-simulated/trace-derived
L2R,274.625000,0,0.000000,496706,485.064453,115.697640,100.000000,280.000000,8,4,0.250000,ns3-simulated/trace-derived
L2R,274.875000,0,0.000000,496706,485.064453,115.697640,100.000000,280.000000,8,4,0.250000,ns3-simulated/trace-derived
L2R,275.125000,0,0.000000,496706,485.064453,115.697640,100.000000,280.000000,8,4,0.250000,ns3-simulated/trace-derived
L2R,275.375000,0,0.000000,496706,485.064453,115.697640,100.000000,280.000000,8,4,0.250000,ns3-simulated/trace-derived
L2R,275.625000,0,0.000000,496706,485.064453,115.697640,100.000000,280.000000,8,4,0.250000,ns3-simulated/trace-derived
L2R,275.875000,0,0.000000,496706,485.064453,115.697640,100.000000,280.000000,8,4,0.250000,ns3-simulated/trace-derived
L2R,276.125000,0,0.000000,496706,485.064453,115.697640,100.000000,280.000000,8,4,0.250000,ns3-simulated/trace-derived
L2R,276.375000,0,0.000000,496706,485.064453,115.697640,100.000000,280.000000,8,4,0.250000,ns3-simulated/trace-derived
L2R,276.625000,0,0.000000,496706,485.064453,115.697640,100.000000,280.000000,8,4,0.250000,ns3-simulated/trace-derived
L2R,276.875000,0,0.000000,496706,485.064453,115.697640,100.000000,280.000000,8,4,0.250000,ns3-simulated/trace-derived
L2R,277.125000,0,0.000000,496706,485.064453,115.697640,100.000000,280.000000,8,4,0.250000,ns3-simulated/trace-derived
L2R,277.375000,0,0.000000,496706,485.064453,115.697640,100.000000,280.000000,8,4,0.250000,ns3-simulated/trace-derived
L2R,277.625000,0,0.000000,496706,485.064453,115.697640,100.000000,280.000000,8,4,0.250000,ns3-simulated/trace-derived
L2R,277.875000,0,0.000000,496706,485.064453,115.697640,100.000000,280.000000,8,4,0.250000,ns3-simulated/trace-derived
L2R,278.125000,0,0.000000,496706,485.064453,115.697640,100.000000,280.000000,8,4,0.250000,ns3-simulated/trace-derived
L2R,278.375000,0,0.000000,496706,485.064453,115.697640,100.000000,280.000000,8,4,0.250000,ns3-simulated/trace-derived
L2R,278.625000,0,0.000000,496706,485.064453,115.697640,100.000000,280.000000,8,4,0.250000,ns3-simulated/trace-derived
L2R,278.875000,0,0.000000,496706,485.064453,115.697640,100.000000,280.000000,8,4,0.250000,ns3-simulated/trace-derived
L2R,279.125000,0,0.000000,496706,485.064453,115.697640,100.000000,280.000000,8,4,0.250000,ns3-simulated/trace-derived
L2R,279.375000,0,0.000000,496706,485.064453,115.697640,100.000000,280.000000,8,4,0.250000,ns3-simulated/trace-derived
L2R,279.625000,0,0.000000,496706,485.064453,115.697640,100.000000,280.000000,8,4,0.250000,ns3-simulated/trace-derived
L2R,279.875000,0,0.000000,496706,485.064453,115.697640,100.000000,280.000000,8,4,0.250000,ns3-simulated/trace-derived
R2L,100.125000,0,0.000000,217189,212.098633,225.905840,100.000000,280.000000,9,4,0.250000,ns3-simulated/trace-derived
R2L,100.375000,0,0.000000,217189,212.098633,225.905840,100.000000,280.000000,9,4,0.250000,ns3-simulated/trace-derived
R2L,100.625000,0,0.000000,217189,212.098633,225.905840,100.000000,280.000000,9,4,0.250000,ns3-simulated/trace-derived
R2L,100.875000,0,0.000000,217189,212.098633,225.905840,100.000000,280.000000,9,4,0.250000,ns3-simulated/trace-derived
R2L,101.125000,0,0.000000,217189,212.098633,225.905840,100.000000,280.000000,9,4,0.250000,ns3-simulated/trace-derived
R2L,101.375000,0,0.000000,217189,212.098633,225.905840,100.000000,280.000000,9,4,0.250000,ns3-simulated/trace-derived
R2L,101.625000,0,0.000000,217189,212.098633,225.905840,100.000000,280.000000,9,4,0.250000,ns3-simulated/trace-derived
R2L,101.875000,0,0.000000,217189,212.098633,225.905840,100.000000,280.000000,9,4,0.250000,ns3-simulated/trace-derived
R2L,102.125000,0,0.000000,217189,212.098633,225.905840,100.000000,280.000000,9,4,0.250000,ns3-simulated/trace-derived
R2L,102.375000,0,0.000000,217189,212.098633,225.905840,100.000000,280.000000,9,4,0.250000,ns3-simulated/trace-derived
R2L,102.625000,0,0.000000,217189,212.098633,225.905840,100.000000,280.000000,9,4,0.250000,ns3-simulated/trace-derived
R2L,102.875000,0,0.000000,217189,212.098633,225.905840,100.000000,280.000000,9,4,0.250000,ns3-simulated/trace-derived
R2L,103.125000,0,0.000000,217189,212.098633,225.905840,100.000000,280.000000,9,4,0.250000,ns3-simulated/trace-derived
R2L,103.375000,0,0.000000,217189,212.098633,225.905840,100.000000,280.000000,9,4,0.250000,ns3-simulated/trace-derived
R2L,103.625000,0,0.000000,217189,212.098633,225.905840,100.000000,280.000000,9,4,0.250000,ns3-simulated/trace-derived
R2L,103.875000,0,0.000000,217189,212.098633,225.905840,100.000000,280.000000,9,4,0.250000,ns3-simulated/trace-derived
R2L,104.125000,0,0.000000,217189,212.098633,225.905840,100.000000,280.000000,9,4,0.250000,ns3-simulated/trace-derived
R2L,104.375000,0,0.000000,217189,212.098633,225.905840,100.000000,280.000000,9,4,0.250000,ns3-simulated/trace-derived
R2L,104.625000,0,0.000000,217189,212.098633,225.905840,100.000000,280.000000,9,4,0.250000,ns3-simulated/trace-derived
R2L,104.875000,0,0.000000,217189,212.098633,225.905840,100.000000,280.000000,9,4,0.250000,ns3-simulated/trace-derived
R2L,105.125000,0,0.000000,217189,212.098633,225.905840,100.000000,280.000000,9,4,0.250000,ns3-simulated/trace-derived
R2L,105.375000,0,0.000000,217189,212.098633,225.905840,100.000000,280.000000,9,4,0.250000,ns3-simulated/trace-derived
R2L,105.625000,0,0.000000,217189,212.098633,225.905840,100.000000,280.000000,9,4,0.250000,ns3-simulated/trace-derived
R2L,105.875000,0,0.000000,217189,212.098633,225.905840,100.000000,280.000000,9,4,0.250000,ns3-simulated/trace-derived
R2L,106.125000,0,0.000000,217189,212.098633,225.905840,100.000000,280.000000,9,4,0.250000,ns3-simulated/trace-derived
R2L,106.375000,0,0.000000,217189,212.098633,225.905840,100.000000,280.000000,9,4,0.250000,ns3-simulated/trace-derived
R2L,106.625000,0,0.000000,217189,212.098633,225.905840,100.000000,280.000000,9,4,0.250000,ns3-simulated/trace-derived
R2L,106.875000,0,0.000000,217189,212.098633,225.905840,100.000000,280.000000,9,4,0.250000,ns3-simulated/trace-derived
R2L,107.125000,0,0.000000,217189,212.098633,225.905840,100.000000,280.000000,9,4,0.250000,ns3-simulated/trace-derived
R2L,107.375000,0,0.000000,217189,212.098633,225.905840,100.000000,280.000000,9,4,0.250000,ns3-simulated/trace-derived
R2L,107.625000,0,0.000000,217189,212.098633,225.905840,100.000000,280.000000,9,4,0.250000,ns3-simulated/trace-derived
R2L,107.875000,0,0.000000,217189,212.098633,225.905840,100.000000,280.000000,9,4,0.250000,ns3-simulated/trace-derived
R2L,108.125000,0,0.000000,217189,212.098633,225.905840,100.000000,280.000000,9,4,0.250000,ns3-simulated/trace-derived
R2L,108.375000,0,0.000000,217189,212.098633,225.905840,100.000000,280.000000,9,4,0.250000,ns3-simulated/trace-derived
R2L,108.625000,0,0.000000,217189,212.098633,225.905840,100.000000,280.000000,9,4,0.250000,ns3-simulated/trace-derived
R2L,108.875000,0,0.000000,217189,212.098633,225.905840,100.000000,280.000000,9,4,0.250000,ns3-simulated/trace-derived
R2L,109.125000,0,0.000000,217189,212.098633,225.905840,100.000000,280.000000,9,4,0.250000,ns3-simulated/trace-derived
R2L,109.375000,0,0.000000,217189,212.098633,225.905840,100.000000,280.000000,9,4,0.250000,ns3-simulated/trace-derived
R2L,109.625000,0,0.000000,217189,212.098633,225.905840,100.000000,280.000000,9,4,0.250000,ns3-simulated/trace-derived
R2L,109.875000,0,0.000000,217189,212.098633,225.905840,100.000000,280.000000,9,4,0.250000,ns3-simulated/trace-derived
R2L,110.125000,0,0.000000,217189,212.098633,225.905840,100.000000,280.000000,9,4,0.250000,ns3-simulated/trace-derived
R2L,110.375000,0,0.000000,217189,212.098633,225.905840,100.000000,280.000000,9,4,0.250000,ns3-simulated/trace-derived
R2L,110.625000,0,0.000000,217189,212.098633,225.905840,100.000000,280.000000,9,4,0.250000,ns3-simulated/trace-derived
R2L,110.875000,0,0.000000,217189,212.098633,225.905840,100.000000,280.000000,9,4,0.250000,ns3-simulated/trace-derived
R2L,111.125000,0,0.000000,217189,212.098633,225.905840,100.000000,280.000000,9,4,0.250000,ns3-simulated/trace-derived
R2L,111.375000,0,0.000000,217189,212.098633,225.905840,100.000000,280.000000,9,4,0.250000,ns3-simulated/trace-derived
R2L,111.625000,0,0.000000,217189,212.098633,225.905840,100.000000,280.000000,9,4,0.250000,ns3-simulated/trace-derived
R2L,111.875000,0,0.000000,217189,212.098633,225.905840,100.000000,280.000000,9,4,0.250000,ns3-simulated/trace-derived
R2L,112.125000,0,0.000000,217189,212.098633,225.905840,100.000000,280.000000,9,4,0.250000,ns3-simulated/trace-derived
R2L,112.375000,0,0.000000,217189,212.098633,225.905840,100.000000,280.000000,9,4,0.250000,ns3-simulated/trace-derived
R2L,112.625000,0,0.000000,217189,212.098633,225.905840,100.000000,280.000000,9,4,0.250000,ns3-simulated/trace-derived
R2L,112.875000,0,0.000000,217189,212.098633,225.905840,100.000000,280.000000,9,4,0.250000,ns3-simulated/trace-derived
R2L,113.125000,0,0.000000,217189,212.098633,225.905840,100.000000,280.000000,9,4,0.250000,ns3-simulated/trace-derived
R2L,113.375000,0,0.000000,217189,212.098633,225.905840,100.000000,280.000000,9,4,0.250000,ns3-simulated/trace-derived
R2L,113.625000,0,0.000000,217189,212.098633,225.905840,100.000000,280.000000,9,4,0.250000,ns3-simulated/trace-derived
R2L,113.875000,0,0.000000,217189,212.098633,225.905840,100.000000,280.000000,9,4,0.250000,ns3-simulated/trace-derived
R2L,114.125000,0,0.000000,217189,212.098633,225.905840,100.000000,280.000000,9,4,0.250000,ns3-simulated/trace-derived
R2L,114.375000,0,0.000000,217189,212.098633,225.905840,100.000000,280.000000,9,4,0.250000,ns3-simulated/trace-derived
R2L,114.625000,0,0.000000,217189,212.098633,225.905840,100.000000,280.000000,9,4,0.250000,ns3-simulated/trace-derived
R2L,114.875000,0,0.000000,217189,212.098633,225.905840,100.000000,280.000000,9,4,0.250000,ns3-simulated/trace-derived
R2L,115.125000,0,0.000000,217189,212.098633,225.905840,100.000000,280.000000,9,4,0.250000,ns3-simulated/trace-derived
R2L,115.375000,0,0.000000,217189,212.098633,225.905840,100.000000,280.000000,9,4,0.250000,ns3-simulated/trace-derived
R2L,115.625000,0,0.000000,217189,212.098633,225.905840,100.000000,280.000000,9,4,0.250000,ns3-simulated/trace-derived
R2L,115.875000,0,0.000000,217189,212.098633,225.905840,100.000000,280.000000,9,4,0.250000,ns3-simulated/trace-derived
R2L,116.125000,0,0.000000,217189,212.098633,225.905840,100.000000,280.000000,9,4,0.250000,ns3-simulated/trace-derived
R2L,116.375000,0,0.000000,217189,212.098633,225.905840,100.000000,280.000000,9,4,0.250000,ns3-simulated/trace-derived
R2L,116.625000,0,0.000000,217189,212.098633,225.905840,100.000000,280.000000,9,4,0.250000,ns3-simulated/trace-derived
R2L,116.875000,0,0.000000,217189,212.098633,225.905840,100.000000,280.000000,9,4,0.250000,ns3-simulated/trace-derived
R2L,117.125000,0,0.000000,217189,212.098633,225.905840,100.000000,280.000000,9,4,0.250000,ns3-simulated/trace-derived
R2L,117.375000,0,0.000000,217189,212.098633,225.905840,100.000000,280.000000,9,4,0.250000,ns3-simulated/trace-derived
R2L,117.625000,0,0.000000,217189,212.098633,225.905840,100.000000,280.000000,9,4,0.250000,ns3-simulated/trace-derived
R2L,117.875000,0,0.000000,217189,212.098633,225.905840,100.000000,280.000000,9,4,0.250000,ns3-simulated/trace-derived
R2L,118.125000,0,0.000000,217189,212.098633,225.905840,100.000000,280.000000,9,4,0.250000,ns3-simulated/trace-derived
R2L,118.375000,0,0.000000,217189,212.098633,225.905840,100.000000,280.000000,9,4,0.250000,ns3-simulated/trace-derived
R2L,118.625000,0,0.000000,217189,212.098633,225.905840,100.000000,280.000000,9,4,0.250000,ns3-simulated/trace-derived
R2L,118.875000,0,0.000000,217189,212.098633,225.905840,100.000000,280.000000,9,4,0.250000,ns3-simulated/trace-derived
R2L,119.125000,0,0.000000,217189,212.098633,225.905840,100.000000,280.000000,9,4,0.250000,ns3-simulated/trace-derived
R2L,119.375000,0,0.000000,217189,212.098633,225.905840,100.000000,280.000000,9,4,0.250000,ns3-simulated/trace-derived
R2L,119.625000,0,0.000000,217189,212.098633,225.905840,100.000000,280.000000,9,4,0.250000,ns3-simulated/trace-derived
R2L,119.875000,0,0.000000,217189,212.098633,225.905840,100.000000,280.000000,9,4,0.250000,ns3-simulated/trace-derived
R2L,120.125000,0,0.000000,217189,212.098633,225.905840,100.000000,280.000000,9,4,0.250000,ns3-simulated/trace-derived
R2L,120.375000,0,0.000000,217189,212.098633,225.905840,100.000000,280.000000,9,4,0.250000,ns3-simulated/trace-derived
R2L,120.625000,0,0.000000,217189,212.098633,225.905840,100.000000,280.000000,9,4,0.250000,ns3-simulated/trace-derived
R2L,120.875000,0,0.000000,217189,212.098633,225.905840,100.000000,280.000000,9,4,0.250000,ns3-simulated/trace-derived
R2L,121.125000,0,0.000000,217189,212.098633,225.905840,100.000000,280.000000,9,4,0.250000,ns3-simulated/trace-derived
R2L,121.375000,0,0.000000,217189,212.098633,225.905840,100.000000,280.000000,9,4,0.250000,ns3-simulated/trace-derived
R2L,121.625000,0,0.000000,217189,212.098633,225.905840,100.000000,280.000000,9,4,0.250000,ns3-simulated/trace-derived
R2L,121.875000,0,0.000000,217189,212.098633,225.905840,100.000000,280.000000,9,4,0.250000,ns3-simulated/trace-derived
R2L,122.125000,0,0.000000,217189,212.098633,225.905840,100.000000,280.000000,9,4,0.250000,ns3-simulated/trace-derived
R2L,122.375000,0,0.000000,217189,212.098633,225.905840,100.000000,280.000000,9,4,0.250000,ns3-simulated/trace-derived
R2L,122.625000,0,0.000000,217189,212.098633,225.905840,100.000000,280.000000,9,4,0.250000,ns3-simulated/trace-derived
R2L,122.875000,0,0.000000,217189,212.098633,225.905840,100.000000,280.000000,9,4,0.250000,ns3-simulated/trace-derived
R2L,123.125000,0,0.000000,217189,212.098633,225.905840,100.000000,280.000000,9,4,0.250000,ns3-simulated/trace-derived
R2L,123.375000,0,0.000000,217189,212.098633,225.905840,100.000000,280.000000,9,4,0.250000,ns3-simulated/trace-derived
R2L,123.625000,0,0.000000,217189,212.098633,225.905840,100.000000,280.000000,9,4,0.250000,ns3-simulated/trace-derived
R2L,123.875000,0,0.000000,217189,212.098633,225.905840,100.000000,280.000000,9,4,0.250000,ns3-simulated/trace-derived
R2L,124.125000,0,0.000000,217189,212.098633,225.905840,100.000000,280.000000,9,4,0.250000,ns3-simulated/trace-derived
R2L,124.375000,0,0.000000,217189,212.098633,225.905840,100.000000,280.000000,9,4,0.250000,ns3-simulated/trace-derived
R2L,124.625000,0,0.000000,217189,212.098633,225.905840,100.000000,280.000000,9,4,0.250000,ns3-simulated/trace-derived
R2L,124.875000,0,0.000000,217189,212.098633,225.905840,100.000000,280.000000,9,4,0.250000,ns3-simulated/trace-derived
R2L,125.125000,0,0.000000,217189,212.098633,225.905840,100.000000,280.000000,9,4,0.250000,ns3-simulated/trace-derived
R2L,125.375000,0,0.000000,217189,212.098633,225.905840,100.000000,280.000000,9,4,0.250000,ns3-simulated/trace-derived
R2L,125.625000,0,0.000000,217189,212.098633,225.905840,100.000000,280.000000,9,4,0.250000,ns3-simulated/trace-derived
R2L,125.875000,0,0.000000,217189,212.098633,225.905840,100.000000,280.000000,9,4,0.250000,ns3-simulated/trace-derived
R2L,126.125000,0,0.000000,217189,212.098633,225.905840,100.000000,280.000000,9,4,0.250000,ns3-simulated/trace-derived
R2L,126.375000,0,0.000000,217189,212.098633,225.905840,100.000000,280.000000,9,4,0.250000,ns3-simulated/trace-derived
R2L,126.625000,0,0.000000,217189,212.098633,225.905840,100.000000,280.000000,9,4,0.250000,ns3-simulated/trace-derived
R2L,126.875000,0,0.000000,217189,212.098633,225.905840,100.000000,280.000000,9,4,0.250000,ns3-simulated/trace-derived
R2L,127.125000,0,0.000000,217189,212.098633,225.905840,100.000000,280.000000,9,4,0.250000,ns3-simulated/trace-derived
R2L,127.375000,0,0.000000,217189,212.098633,225.905840,100.000000,280.000000,9,4,0.250000,ns3-simulated/trace-derived
R2L,127.625000,0,0.000000,217189,212.098633,225.905840,100.000000,280.000000,9,4,0.250000,ns3-simulated/trace-derived
R2L,127.875000,0,0.000000,217189,212.098633,225.905840,100.000000,280.000000,9,4,0.250000,ns3-simulated/trace-derived
R2L,128.125000,0,0.000000,217189,212.098633,225.905840,100.000000,280.000000,9,4,0.250000,ns3-simulated/trace-derived
R2L,128.375000,0,0.000000,217189,212.098633,225.905840,100.000000,280.000000,9,4,0.250000,ns3-simulated/trace-derived
R2L,128.625000,0,0.000000,217189,212.098633,225.905840,100.000000,280.000000,9,4,0.250000,ns3-simulated/trace-derived
R2L,128.875000,0,0.000000,217189,212.098633,225.905840,100.000000,280.000000,9,4,0.250000,ns3-simulated/trace-derived
R2L,129.125000,0,0.000000,217189,212.098633,225.905840,100.000000,280.000000,9,4,0.250000,ns3-simulated/trace-derived
R2L,129.375000,0,0.000000,217189,212.098633,225.905840,100.000000,280.000000,9,4,0.250000,ns3-simulated/trace-derived
R2L,129.625000,0,0.000000,217189,212.098633,225.905840,100.000000,280.000000,9,4,0.250000,ns3-simulated/trace-derived
R2L,129.875000,0,0.000000,217189,212.098633,225.905840,100.000000,280.000000,9,4,0.250000,ns3-simulated/trace-derived
R2L,130.125000,0,0.000000,217189,212.098633,225.905840,100.000000,280.000000,9,4,0.250000,ns3-simulated/trace-derived
R2L,130.375000,0,0.000000,217189,212.098633,225.905840,100.000000,280.000000,9,4,0.250000,ns3-simulated/trace-derived
R2L,130.625000,0,0.000000,217189,212.098633,225.905840,100.000000,280.000000,9,4,0.250000,ns3-simulated/trace-derived
R2L,130.875000,0,0.000000,217189,212.098633,225.905840,100.000000,280.000000,9,4,0.250000,ns3-simulated/trace-derived
R2L,131.125000,0,0.000000,217189,212.098633,225.905840,100.000000,280.000000,9,4,0.250000,ns3-simulated/trace-derived
R2L,131.375000,0,0.000000,217189,212.098633,225.905840,100.000000,280.000000,9,4,0.250000,ns3-simulated/trace-derived
R2L,131.625000,0,0.000000,217189,212.098633,225.905840,100.000000,280.000000,9,4,0.250000,ns3-simulated/trace-derived
R2L,131.875000,0,0.000000,217189,212.098633,225.905840,100.000000,280.000000,9,4,0.250000,ns3-simulated/trace-derived
R2L,132.125000,0,0.000000,217189,212.098633,225.905840,100.000000,280.000000,9,4,0.250000,ns3-simulated/trace-derived
R2L,132.375000,0,0.000000,217189,212.098633,225.905840,100.000000,280.000000,9,4,0.250000,ns3-simulated/trace-derived
R2L,132.625000,0,0.000000,217189,212.098633,225.905840,100.000000,280.000000,9,4,0.250000,ns3-simulated/trace-derived
R2L,132.875000,0,0.000000,217189,212.098633,225.905840,100.000000,280.000000,9,4,0.250000,ns3-simulated/trace-derived
R2L,133.125000,0,0.000000,217189,212.098633,225.905840,100.000000,280.000000,9,4,0.250000,ns3-simulated/trace-derived
R2L,133.375000,0,0.000000,217189,212.098633,225.905840,100.000000,280.000000,9,4,0.250000,ns3-simulated/trace-derived
R2L,133.625000,0,0.000000,217189,212.098633,225.905840,100.000000,280.000000,9,4,0.250000,ns3-simulated/trace-derived
R2L,133.875000,0,0.000000,217189,212.098633,225.905840,100.000000,280.000000,9,4,0.250000,ns3-simulated/trace-derived
R2L,134.125000,0,0.000000,217189,212.098633,225.905840,100.000000,280.000000,9,4,0.250000,ns3-simulated/trace-derived
R2L,134.375000,0,0.000000,217189,212.098633,225.905840,100.000000,280.000000,9,4,0.250000,ns3-simulated/trace-derived
R2L,134.625000,0,0.000000,217189,212.098633,225.905840,100.000000,280.000000,9,4,0.250000,ns3-simulated/trace-derived
R2L,134.875000,0,0.000000,217189,212.098633,225.905840,100.000000,280.000000,9,4,0.250000,ns3-simulated/trace-derived
R2L,135.125000,0,0.000000,217189,212.098633,225.905840,100.000000,280.000000,9,4,0.250000,ns3-simulated/trace-derived
R2L,135.375000,0,0.000000,217189,212.098633,225.905840,100.000000,280.000000,9,4,0.250000,ns3-simulated/trace-derived
R2L,135.625000,0,0.000000,217189,212.098633,225.905840,100.000000,280.000000,9,4,0.250000,ns3-simulated/trace-derived
R2L,135.875000,0,0.000000,217189,212.098633,225.905840,100.000000,280.000000,9,4,0.250000,ns3-simulated/trace-derived
R2L,136.125000,0,0.000000,217189,212.098633,225.905840,100.000000,280.000000,9,4,0.250000,ns3-simulated/trace-derived
R2L,136.375000,0,0.000000,217189,212.098633,225.905840,100.000000,280.000000,9,4,0.250000,ns3-simulated/trace-derived
R2L,136.625000,0,0.000000,217189,212.098633,225.905840,100.000000,280.000000,9,4,0.250000,ns3-simulated/trace-derived
R2L,136.875000,0,0.000000,217189,212.098633,225.905840,100.000000,280.000000,9,4,0.250000,ns3-simulated/trace-derived
R2L,137.125000,0,0.000000,217189,212.098633,225.905840,100.000000,280.000000,9,4,0.250000,ns3-simulated/trace-derived
R2L,137.375000,0,0.000000,217189,212.098633,225.905840,100.000000,280.000000,9,4,0.250000,ns3-simulated/trace-derived
R2L,137.625000,0,0.000000,217189,212.098633,225.905840,100.000000,280.000000,9,4,0.250000,ns3-simulated/trace-derived
R2L,137.875000,0,0.000000,217189,212.098633,225.905840,100.000000,280.000000,9,4,0.250000,ns3-simulated/trace-derived
R2L,138.125000,0,0.000000,217189,212.098633,225.905840,100.000000,280.000000,9,4,0.250000,ns3-simulated/trace-derived
R2L,138.375000,0,0.000000,217189,212.098633,225.905840,100.000000,280.000000,9,4,0.250000,ns3-simulated/trace-derived
R2L,138.625000,0,0.000000,217189,212.098633,225.905840,100.000000,280.000000,9,4,0.250000,ns3-simulated/trace-derived
R2L,138.875000,0,0.000000,217189,212.098633,225.905840,100.000000,280.000000,9,4,0.250000,ns3-simulated/trace-derived
R2L,139.125000,0,0.000000,217189,212.098633,225.905840,100.000000,280.000000,9,4,0.250000,ns3-simulated/trace-derived
R2L,139.375000,0,0.000000,217189,212.098633,225.905840,100.000000,280.000000,9,4,0.250000,ns3-simulated/trace-derived
R2L,139.625000,0,0.000000,217189,212.098633,225.905840,100.000000,280.000000,9,4,0.250000,ns3-simulated/trace-derived
R2L,139.875000,0,0.000000,217189,212.098633,225.905840,100.000000,280.000000,9,4,0.250000,ns3-simulated/trace-derived
R2L,140.125000,0,0.000000,217189,212.098633,225.905840,100.000000,280.000000,9,4,0.250000,ns3-simulated/trace-derived
R2L,140.375000,0,0.000000,217189,212.098633,225.905840,100.000000,280.000000,9,4,0.250000,ns3-simulated/trace-derived
R2L,140.625000,0,0.000000,217189,212.098633,225.905840,100.000000,280.000000,9,4,0.250000,ns3-simulated/trace-derived
R2L,140.875000,0,0.000000,217189,212.098633,225.905840,100.000000,280.000000,9,4,0.250000,ns3-simulated/trace-derived
R2L,141.125000,0,0.000000,217189,212.098633,225.905840,100.000000,280.000000,9,4,0.250000,ns3-simulated/trace-derived
R2L,141.375000,0,0.000000,217189,212.098633,225.905840,100.000000,280.000000,9,4,0.250000,ns3-simulated/trace-derived
R2L,141.625000,0,0.000000,217189,212.098633,225.905840,100.000000,280.000000,9,4,0.250000,ns3-simulated/trace-derived
R2L,141.875000,0,0.000000,217189,212.098633,225.905840,100.000000,280.000000,9,4,0.250000,ns3-simulated/trace-derived
R2L,142.125000,0,0.000000,217189,212.098633,225.905840,100.000000,280.000000,9,4,0.250000,ns3-simulated/trace-derived
R2L,142.375000,79,0.077148,217189,212.098633,225.905840,100.000000,280.000000,9,4,0.250000,ns3-simulated/trace-derived
R2L,142.625000,0,0.000000,217189,212.098633,225.905840,100.000000,280.000000,9,4,0.250000,ns3-simulated/trace-derived
R2L,142.875000,0,0.000000,217189,212.098633,225.905840,100.000000,280.000000,9,4,0.250000,ns3-simulated/trace-derived
R2L,143.125000,0,0.000000,217189,212.098633,225.905840,100.000000,280.000000,9,4,0.250000,ns3-simulated/trace-derived
R2L,143.375000,0,0.000000,217189,212.098633,225.905840,100.000000,280.000000,9,4,0.250000,ns3-simulated/trace-derived
R2L,143.625000,0,0.000000,217189,212.098633,225.905840,100.000000,280.000000,9,4,0.250000,ns3-simulated/trace-derived
R2L,143.875000,0,0.000000,217189,212.098633,225.905840,100.000000,280.000000,9,4,0.250000,ns3-simulated/trace-derived
R2L,144.125000,0,0.000000,217189,212.098633,225.905840,100.000000,280.000000,9,4,0.250000,ns3-simulated/trace-derived
R2L,144.375000,0,0.000000,217189,212.098633,225.905840,100.000000,280.000000,9,4,0.250000,ns3-simulated/trace-derived
R2L,144.625000,0,0.000000,217189,212.098633,225.905840,100.000000,280.000000,9,4,0.250000,ns3-simulated/trace-derived
R2L,144.875000,0,0.000000,217189,212.098633,225.905840,100.000000,280.000000,9,4,0.250000,ns3-simulated/trace-derived
R2L,145.125000,0,0.000000,217189,212.098633,225.905840,100.000000,280.000000,9,4,0.250000,ns3-simulated/trace-derived
R2L,145.375000,0,0.000000,217189,212.098633,225.905840,100.000000,280.000000,9,4,0.250000,ns3-simulated/trace-derived
R2L,145.625000,0,0.000000,217189,212.098633,225.905840,100.000000,280.000000,9,4,0.250000,ns3-simulated/trace-derived
R2L,145.875000,0,0.000000,217189,212.098633,225.905840,100.000000,280.000000,9,4,0.250000,ns3-simulated/trace-derived
R2L,146.125000,0,0.000000,217189,212.098633,225.905840,100.000000,280.000000,9,4,0.250000,ns3-simulated/trace-derived
R2L,146.375000,0,0.000000,217189,212.098633,225.905840,100.000000,280.000000,9,4,0.250000,ns3-simulated/trace-derived
R2L,146.625000,0,0.000000,217189,212.098633,225.905840,100.000000,280.000000,9,4,0.250000,ns3-simulated/trace-derived
R2L,146.875000,0,0.000000,217189,212.098633,225.905840,100.000000,280.000000,9,4,0.250000,ns3-simulated/trace-derived
R2L,147.125000,0,0.000000,217189,212.098633,225.905840,100.000000,280.000000,9,4,0.250000,ns3-simulated/trace-derived
R2L,147.375000,62,0.060547,217189,212.098633,225.905840,100.000000,280.000000,9,4,0.250000,ns3-simulated/trace-derived
R2L,147.625000,0,0.000000,217189,212.098633,225.905840,100.000000,280.000000,9,4,0.250000,ns3-simulated/trace-derived
R2L,147.875000,0,0.000000,217189,212.098633,225.905840,100.000000,280.000000,9,4,0.250000,ns3-simulated/trace-derived
R2L,148.125000,0,0.000000,217189,212.098633,225.905840,100.000000,280.000000,9,4,0.250000,ns3-simulated/trace-derived
R2L,148.375000,62,0.060547,217189,212.098633,225.905840,100.000000,280.000000,9,4,0.250000,ns3-simulated/trace-derived
R2L,148.625000,0,0.000000,217189,212.098633,225.905840,100.000000,280.000000,9,4,0.250000,ns3-simulated/trace-derived
R2L,148.875000,0,0.000000,217189,212.098633,225.905840,100.000000,280.000000,9,4,0.250000,ns3-simulated/trace-derived
R2L,149.125000,0,0.000000,217189,212.098633,225.905840,100.000000,280.000000,9,4,0.250000,ns3-simulated/trace-derived
R2L,149.375000,62,0.060547,217189,212.098633,225.905840,100.000000,280.000000,9,4,0.250000,ns3-simulated/trace-derived
R2L,149.625000,0,0.000000,217189,212.098633,225.905840,100.000000,280.000000,9,4,0.250000,ns3-simulated/trace-derived
R2L,149.875000,0,0.000000,217189,212.098633,225.905840,100.000000,280.000000,9,4,0.250000,ns3-simulated/trace-derived
R2L,150.125000,0,0.000000,217189,212.098633,225.905840,100.000000,280.000000,9,4,0.250000,ns3-simulated/trace-derived
R2L,150.375000,62,0.060547,217189,212.098633,225.905840,100.000000,280.000000,9,4,0.250000,ns3-simulated/trace-derived
R2L,150.625000,0,0.000000,217189,212.098633,225.905840,100.000000,280.000000,9,4,0.250000,ns3-simulated/trace-derived
R2L,150.875000,0,0.000000,217189,212.098633,225.905840,100.000000,280.000000,9,4,0.250000,ns3-simulated/trace-derived
R2L,151.125000,0,0.000000,217189,212.098633,225.905840,100.000000,280.000000,9,4,0.250000,ns3-simulated/trace-derived
R2L,151.375000,62,0.060547,217189,212.098633,225.905840,100.000000,280.000000,9,4,0.250000,ns3-simulated/trace-derived
R2L,151.625000,0,0.000000,217189,212.098633,225.905840,100.000000,280.000000,9,4,0.250000,ns3-simulated/trace-derived
R2L,151.875000,0,0.000000,217189,212.098633,225.905840,100.000000,280.000000,9,4,0.250000,ns3-simulated/trace-derived
R2L,152.125000,0,0.000000,217189,212.098633,225.905840,100.000000,280.000000,9,4,0.250000,ns3-simulated/trace-derived
R2L,152.375000,62,0.060547,217189,212.098633,225.905840,100.000000,280.000000,9,4,0.250000,ns3-simulated/trace-derived
R2L,152.625000,0,0.000000,217189,212.098633,225.905840,100.000000,280.000000,9,4,0.250000,ns3-simulated/trace-derived
R2L,152.875000,0,0.000000,217189,212.098633,225.905840,100.000000,280.000000,9,4,0.250000,ns3-simulated/trace-derived
R2L,153.125000,0,0.000000,217189,212.098633,225.905840,100.000000,280.000000,9,4,0.250000,ns3-simulated/trace-derived
R2L,153.375000,0,0.000000,217189,212.098633,225.905840,100.000000,280.000000,9,4,0.250000,ns3-simulated/trace-derived
R2L,153.625000,0,0.000000,217189,212.098633,225.905840,100.000000,280.000000,9,4,0.250000,ns3-simulated/trace-derived
R2L,153.875000,0,0.000000,217189,212.098633,225.905840,100.000000,280.000000,9,4,0.250000,ns3-simulated/trace-derived
R2L,154.125000,0,0.000000,217189,212.098633,225.905840,100.000000,280.000000,9,4,0.250000,ns3-simulated/trace-derived
R2L,154.375000,0,0.000000,217189,212.098633,225.905840,100.000000,280.000000,9,4,0.250000,ns3-simulated/trace-derived
R2L,154.625000,0,0.000000,217189,212.098633,225.905840,100.000000,280.000000,9,4,0.250000,ns3-simulated/trace-derived
R2L,154.875000,0,0.000000,217189,212.098633,225.905840,100.000000,280.000000,9,4,0.250000,ns3-simulated/trace-derived
R2L,155.125000,0,0.000000,217189,212.098633,225.905840,100.000000,280.000000,9,4,0.250000,ns3-simulated/trace-derived
R2L,155.375000,0,0.000000,217189,212.098633,225.905840,100.000000,280.000000,9,4,0.250000,ns3-simulated/trace-derived
R2L,155.625000,0,0.000000,217189,212.098633,225.905840,100.000000,280.000000,9,4,0.250000,ns3-simulated/trace-derived
R2L,155.875000,0,0.000000,217189,212.098633,225.905840,100.000000,280.000000,9,4,0.250000,ns3-simulated/trace-derived
R2L,156.125000,0,0.000000,217189,212.098633,225.905840,100.000000,280.000000,9,4,0.250000,ns3-simulated/trace-derived
R2L,156.375000,0,0.000000,217189,212.098633,225.905840,100.000000,280.000000,9,4,0.250000,ns3-simulated/trace-derived
R2L,156.625000,0,0.000000,217189,212.098633,225.905840,100.000000,280.000000,9,4,0.250000,ns3-simulated/trace-derived
R2L,156.875000,0,0.000000,217189,212.098633,225.905840,100.000000,280.000000,9,4,0.250000,ns3-simulated/trace-derived
R2L,157.125000,0,0.000000,217189,212.098633,225.905840,100.000000,280.000000,9,4,0.250000,ns3-simulated/trace-derived
R2L,157.375000,0,0.000000,217189,212.098633,225.905840,100.000000,280.000000,9,4,0.250000,ns3-simulated/trace-derived
R2L,157.625000,0,0.000000,217189,212.098633,225.905840,100.000000,280.000000,9,4,0.250000,ns3-simulated/trace-derived
R2L,157.875000,0,0.000000,217189,212.098633,225.905840,100.000000,280.000000,9,4,0.250000,ns3-simulated/trace-derived
R2L,158.125000,0,0.000000,217189,212.098633,225.905840,100.000000,280.000000,9,4,0.250000,ns3-simulated/trace-derived
R2L,158.375000,0,0.000000,217189,212.098633,225.905840,100.000000,280.000000,9,4,0.250000,ns3-simulated/trace-derived
R2L,158.625000,0,0.000000,217189,212.098633,225.905840,100.000000,280.000000,9,4,0.250000,ns3-simulated/trace-derived
R2L,158.875000,0,0.000000,217189,212.098633,225.905840,100.000000,280.000000,9,4,0.250000,ns3-simulated/trace-derived
R2L,159.125000,0,0.000000,217189,212.098633,225.905840,100.000000,280.000000,9,4,0.250000,ns3-simulated/trace-derived
R2L,159.375000,0,0.000000,217189,212.098633,225.905840,100.000000,280.000000,9,4,0.250000,ns3-simulated/trace-derived
R2L,159.625000,0,0.000000,217189,212.098633,225.905840,100.000000,280.000000,9,4,0.250000,ns3-simulated/trace-derived
R2L,159.875000,0,0.000000,217189,212.098633,225.905840,100.000000,280.000000,9,4,0.250000,ns3-simulated/trace-derived
R2L,160.125000,0,0.000000,217189,212.098633,225.905840,100.000000,280.000000,9,4,0.250000,ns3-simulated/trace-derived
R2L,160.375000,0,0.000000,217189,212.098633,225.905840,100.000000,280.000000,9,4,0.250000,ns3-simulated/trace-derived
R2L,160.625000,0,0.000000,217189,212.098633,225.905840,100.000000,280.000000,9,4,0.250000,ns3-simulated/trace-derived
R2L,160.875000,0,0.000000,217189,212.098633,225.905840,100.000000,280.000000,9,4,0.250000,ns3-simulated/trace-derived
R2L,161.125000,0,0.000000,217189,212.098633,225.905840,100.000000,280.000000,9,4,0.250000,ns3-simulated/trace-derived
R2L,161.375000,0,0.000000,217189,212.098633,225.905840,100.000000,280.000000,9,4,0.250000,ns3-simulated/trace-derived
R2L,161.625000,0,0.000000,217189,212.098633,225.905840,100.000000,280.000000,9,4,0.250000,ns3-simulated/trace-derived
R2L,161.875000,0,0.000000,217189,212.098633,225.905840,100.000000,280.000000,9,4,0.250000,ns3-simulated/trace-derived
R2L,162.125000,0,0.000000,217189,212.098633,225.905840,100.000000,280.000000,9,4,0.250000,ns3-simulated/trace-derived
R2L,162.375000,0,0.000000,217189,212.098633,225.905840,100.000000,280.000000,9,4,0.250000,ns3-simulated/trace-derived
R2L,162.625000,0,0.000000,217189,212.098633,225.905840,100.000000,280.000000,9,4,0.250000,ns3-simulated/trace-derived
R2L,162.875000,0,0.000000,217189,212.098633,225.905840,100.000000,280.000000,9,4,0.250000,ns3-simulated/trace-derived
R2L,163.125000,0,0.000000,217189,212.098633,225.905840,100.000000,280.000000,9,4,0.250000,ns3-simulated/trace-derived
R2L,163.375000,0,0.000000,217189,212.098633,225.905840,100.000000,280.000000,9,4,0.250000,ns3-simulated/trace-derived
R2L,163.625000,0,0.000000,217189,212.098633,225.905840,100.000000,280.000000,9,4,0.250000,ns3-simulated/trace-derived
R2L,163.875000,0,0.000000,217189,212.098633,225.905840,100.000000,280.000000,9,4,0.250000,ns3-simulated/trace-derived
R2L,164.125000,0,0.000000,217189,212.098633,225.905840,100.000000,280.000000,9,4,0.250000,ns3-simulated/trace-derived
R2L,164.375000,0,0.000000,217189,212.098633,225.905840,100.000000,280.000000,9,4,0.250000,ns3-simulated/trace-derived
R2L,164.625000,0,0.000000,217189,212.098633,225.905840,100.000000,280.000000,9,4,0.250000,ns3-simulated/trace-derived
R2L,164.875000,0,0.000000,217189,212.098633,225.905840,100.000000,280.000000,9,4,0.250000,ns3-simulated/trace-derived
R2L,165.125000,0,0.000000,217189,212.098633,225.905840,100.000000,280.000000,9,4,0.250000,ns3-simulated/trace-derived
R2L,165.375000,0,0.000000,217189,212.098633,225.905840,100.000000,280.000000,9,4,0.250000,ns3-simulated/trace-derived
R2L,165.625000,0,0.000000,217189,212.098633,225.905840,100.000000,280.000000,9,4,0.250000,ns3-simulated/trace-derived
R2L,165.875000,0,0.000000,217189,212.098633,225.905840,100.000000,280.000000,9,4,0.250000,ns3-simulated/trace-derived
R2L,166.125000,0,0.000000,217189,212.098633,225.905840,100.000000,280.000000,9,4,0.250000,ns3-simulated/trace-derived
R2L,166.375000,0,0.000000,217189,212.098633,225.905840,100.000000,280.000000,9,4,0.250000,ns3-simulated/trace-derived
R2L,166.625000,0,0.000000,217189,212.098633,225.905840,100.000000,280.000000,9,4,0.250000,ns3-simulated/trace-derived
R2L,166.875000,0,0.000000,217189,212.098633,225.905840,100.000000,280.000000,9,4,0.250000,ns3-simulated/trace-derived
R2L,167.125000,0,0.000000,217189,212.098633,225.905840,100.000000,280.000000,9,4,0.250000,ns3-simulated/trace-derived
R2L,167.375000,0,0.000000,217189,212.098633,225.905840,100.000000,280.000000,9,4,0.250000,ns3-simulated/trace-derived
R2L,167.625000,0,0.000000,217189,212.098633,225.905840,100.000000,280.000000,9,4,0.250000,ns3-simulated/trace-derived
R2L,167.875000,0,0.000000,217189,212.098633,225.905840,100.000000,280.000000,9,4,0.250000,ns3-simulated/trace-derived
R2L,168.125000,0,0.000000,217189,212.098633,225.905840,100.000000,280.000000,9,4,0.250000,ns3-simulated/trace-derived
R2L,168.375000,0,0.000000,217189,212.098633,225.905840,100.000000,280.000000,9,4,0.250000,ns3-simulated/trace-derived
R2L,168.625000,0,0.000000,217189,212.098633,225.905840,100.000000,280.000000,9,4,0.250000,ns3-simulated/trace-derived
R2L,168.875000,0,0.000000,217189,212.098633,225.905840,100.000000,280.000000,9,4,0.250000,ns3-simulated/trace-derived
R2L,169.125000,0,0.000000,217189,212.098633,225.905840,100.000000,280.000000,9,4,0.250000,ns3-simulated/trace-derived
R2L,169.375000,0,0.000000,217189,212.098633,225.905840,100.000000,280.000000,9,4,0.250000,ns3-simulated/trace-derived
R2L,169.625000,0,0.000000,217189,212.098633,225.905840,100.000000,280.000000,9,4,0.250000,ns3-simulated/trace-derived
R2L,169.875000,0,0.000000,217189,212.098633,225.905840,100.000000,280.000000,9,4,0.250000,ns3-simulated/trace-derived
R2L,170.125000,0,0.000000,217189,212.098633,225.905840,100.000000,280.000000,9,4,0.250000,ns3-simulated/trace-derived
R2L,170.375000,0,0.000000,217189,212.098633,225.905840,100.000000,280.000000,9,4,0.250000,ns3-simulated/trace-derived
R2L,170.625000,0,0.000000,217189,212.098633,225.905840,100.000000,280.000000,9,4,0.250000,ns3-simulated/trace-derived
R2L,170.875000,0,0.000000,217189,212.098633,225.905840,100.000000,280.000000,9,4,0.250000,ns3-simulated/trace-derived
R2L,171.125000,0,0.000000,217189,212.098633,225.905840,100.000000,280.000000,9,4,0.250000,ns3-simulated/trace-derived
R2L,171.375000,0,0.000000,217189,212.098633,225.905840,100.000000,280.000000,9,4,0.250000,ns3-simulated/trace-derived
R2L,171.625000,0,0.000000,217189,212.098633,225.905840,100.000000,280.000000,9,4,0.250000,ns3-simulated/trace-derived
R2L,171.875000,0,0.000000,217189,212.098633,225.905840,100.000000,280.000000,9,4,0.250000,ns3-simulated/trace-derived
R2L,172.125000,0,0.000000,217189,212.098633,225.905840,100.000000,280.000000,9,4,0.250000,ns3-simulated/trace-derived
R2L,172.375000,0,0.000000,217189,212.098633,225.905840,100.000000,280.000000,9,4,0.250000,ns3-simulated/trace-derived
R2L,172.625000,0,0.000000,217189,212.098633,225.905840,100.000000,280.000000,9,4,0.250000,ns3-simulated/trace-derived
R2L,172.875000,0,0.000000,217189,212.098633,225.905840,100.000000,280.000000,9,4,0.250000,ns3-simulated/trace-derived
R2L,173.125000,0,0.000000,217189,212.098633,225.905840,100.000000,280.000000,9,4,0.250000,ns3-simulated/trace-derived
R2L,173.375000,0,0.000000,217189,212.098633,225.905840,100.000000,280.000000,9,4,0.250000,ns3-simulated/trace-derived
R2L,173.625000,0,0.000000,217189,212.098633,225.905840,100.000000,280.000000,9,4,0.250000,ns3-simulated/trace-derived
R2L,173.875000,0,0.000000,217189,212.098633,225.905840,100.000000,280.000000,9,4,0.250000,ns3-simulated/trace-derived
R2L,174.125000,0,0.000000,217189,212.098633,225.905840,100.000000,280.000000,9,4,0.250000,ns3-simulated/trace-derived
R2L,174.375000,0,0.000000,217189,212.098633,225.905840,100.000000,280.000000,9,4,0.250000,ns3-simulated/trace-derived
R2L,174.625000,0,0.000000,217189,212.098633,225.905840,100.000000,280.000000,9,4,0.250000,ns3-simulated/trace-derived
R2L,174.875000,0,0.000000,217189,212.098633,225.905840,100.000000,280.000000,9,4,0.250000,ns3-simulated/trace-derived
R2L,175.125000,0,0.000000,217189,212.098633,225.905840,100.000000,280.000000,9,4,0.250000,ns3-simulated/trace-derived
R2L,175.375000,0,0.000000,217189,212.098633,225.905840,100.000000,280.000000,9,4,0.250000,ns3-simulated/trace-derived
R2L,175.625000,0,0.000000,217189,212.098633,225.905840,100.000000,280.000000,9,4,0.250000,ns3-simulated/trace-derived
R2L,175.875000,0,0.000000,217189,212.098633,225.905840,100.000000,280.000000,9,4,0.250000,ns3-simulated/trace-derived
R2L,176.125000,0,0.000000,217189,212.098633,225.905840,100.000000,280.000000,9,4,0.250000,ns3-simulated/trace-derived
R2L,176.375000,0,0.000000,217189,212.098633,225.905840,100.000000,280.000000,9,4,0.250000,ns3-simulated/trace-derived
R2L,176.625000,0,0.000000,217189,212.098633,225.905840,100.000000,280.000000,9,4,0.250000,ns3-simulated/trace-derived
R2L,176.875000,0,0.000000,217189,212.098633,225.905840,100.000000,280.000000,9,4,0.250000,ns3-simulated/trace-derived
R2L,177.125000,0,0.000000,217189,212.098633,225.905840,100.000000,280.000000,9,4,0.250000,ns3-simulated/trace-derived
R2L,177.375000,0,0.000000,217189,212.098633,225.905840,100.000000,280.000000,9,4,0.250000,ns3-simulated/trace-derived
R2L,177.625000,0,0.000000,217189,212.098633,225.905840,100.000000,280.000000,9,4,0.250000,ns3-simulated/trace-derived
R2L,177.875000,0,0.000000,217189,212.098633,225.905840,100.000000,280.000000,9,4,0.250000,ns3-simulated/trace-derived
R2L,178.125000,0,0.000000,217189,212.098633,225.905840,100.000000,280.000000,9,4,0.250000,ns3-simulated/trace-derived
R2L,178.375000,0,0.000000,217189,212.098633,225.905840,100.000000,280.000000,9,4,0.250000,ns3-simulated/trace-derived
R2L,178.625000,0,0.000000,217189,212.098633,225.905840,100.000000,280.000000,9,4,0.250000,ns3-simulated/trace-derived
R2L,178.875000,0,0.000000,217189,212.098633,225.905840,100.000000,280.000000,9,4,0.250000,ns3-simulated/trace-derived
R2L,179.125000,0,0.000000,217189,212.098633,225.905840,100.000000,280.000000,9,4,0.250000,ns3-simulated/trace-derived
R2L,179.375000,0,0.000000,217189,212.098633,225.905840,100.000000,280.000000,9,4,0.250000,ns3-simulated/trace-derived
R2L,179.625000,0,0.000000,217189,212.098633,225.905840,100.000000,280.000000,9,4,0.250000,ns3-simulated/trace-derived
R2L,179.875000,0,0.000000,217189,212.098633,225.905840,100.000000,280.000000,9,4,0.250000,ns3-simulated/trace-derived
R2L,180.125000,0,0.000000,217189,212.098633,225.905840,100.000000,280.000000,9,4,0.250000,ns3-simulated/trace-derived
R2L,180.375000,0,0.000000,217189,212.098633,225.905840,100.000000,280.000000,9,4,0.250000,ns3-simulated/trace-derived
R2L,180.625000,0,0.000000,217189,212.098633,225.905840,100.000000,280.000000,9,4,0.250000,ns3-simulated/trace-derived
R2L,180.875000,0,0.000000,217189,212.098633,225.905840,100.000000,280.000000,9,4,0.250000,ns3-simulated/trace-derived
R2L,181.125000,0,0.000000,217189,212.098633,225.905840,100.000000,280.000000,9,4,0.250000,ns3-simulated/trace-derived
R2L,181.375000,0,0.000000,217189,212.098633,225.905840,100.000000,280.000000,9,4,0.250000,ns3-simulated/trace-derived
R2L,181.625000,0,0.000000,217189,212.098633,225.905840,100.000000,280.000000,9,4,0.250000,ns3-simulated/trace-derived
R2L,181.875000,0,0.000000,217189,212.098633,225.905840,100.000000,280.000000,9,4,0.250000,ns3-simulated/trace-derived
R2L,182.125000,0,0.000000,217189,212.098633,225.905840,100.000000,280.000000,9,4,0.250000,ns3-simulated/trace-derived
R2L,182.375000,0,0.000000,217189,212.098633,225.905840,100.000000,280.000000,9,4,0.250000,ns3-simulated/trace-derived
R2L,182.625000,0,0.000000,217189,212.098633,225.905840,100.000000,280.000000,9,4,0.250000,ns3-simulated/trace-derived
R2L,182.875000,0,0.000000,217189,212.098633,225.905840,100.000000,280.000000,9,4,0.250000,ns3-simulated/trace-derived
R2L,183.125000,0,0.000000,217189,212.098633,225.905840,100.000000,280.000000,9,4,0.250000,ns3-simulated/trace-derived
R2L,183.375000,0,0.000000,217189,212.098633,225.905840,100.000000,280.000000,9,4,0.250000,ns3-simulated/trace-derived
R2L,183.625000,0,0.000000,217189,212.098633,225.905840,100.000000,280.000000,9,4,0.250000,ns3-simulated/trace-derived
R2L,183.875000,0,0.000000,217189,212.098633,225.905840,100.000000,280.000000,9,4,0.250000,ns3-simulated/trace-derived
R2L,184.125000,0,0.000000,217189,212.098633,225.905840,100.000000,280.000000,9,4,0.250000,ns3-simulated/trace-derived
R2L,184.375000,0,0.000000,217189,212.098633,225.905840,100.000000,280.000000,9,4,0.250000,ns3-simulated/trace-derived
R2L,184.625000,0,0.000000,217189,212.098633,225.905840,100.000000,280.000000,9,4,0.250000,ns3-simulated/trace-derived
R2L,184.875000,0,0.000000,217189,212.098633,225.905840,100.000000,280.000000,9,4,0.250000,ns3-simulated/trace-derived
R2L,185.125000,0,0.000000,217189,212.098633,225.905840,100.000000,280.000000,9,4,0.250000,ns3-simulated/trace-derived
R2L,185.375000,0,0.000000,217189,212.098633,225.905840,100.000000,280.000000,9,4,0.250000,ns3-simulated/trace-derived
R2L,185.625000,0,0.000000,217189,212.098633,225.905840,100.000000,280.000000,9,4,0.250000,ns3-simulated/trace-derived
R2L,185.875000,0,0.000000,217189,212.098633,225.905840,100.000000,280.000000,9,4,0.250000,ns3-simulated/trace-derived
R2L,186.125000,0,0.000000,217189,212.098633,225.905840,100.000000,280.000000,9,4,0.250000,ns3-simulated/trace-derived
R2L,186.375000,0,0.000000,217189,212.098633,225.905840,100.000000,280.000000,9,4,0.250000,ns3-simulated/trace-derived
R2L,186.625000,0,0.000000,217189,212.098633,225.905840,100.000000,280.000000,9,4,0.250000,ns3-simulated/trace-derived
R2L,186.875000,0,0.000000,217189,212.098633,225.905840,100.000000,280.000000,9,4,0.250000,ns3-simulated/trace-derived
R2L,187.125000,0,0.000000,217189,212.098633,225.905840,100.000000,280.000000,9,4,0.250000,ns3-simulated/trace-derived
R2L,187.375000,0,0.000000,217189,212.098633,225.905840,100.000000,280.000000,9,4,0.250000,ns3-simulated/trace-derived
R2L,187.625000,0,0.000000,217189,212.098633,225.905840,100.000000,280.000000,9,4,0.250000,ns3-simulated/trace-derived
R2L,187.875000,0,0.000000,217189,212.098633,225.905840,100.000000,280.000000,9,4,0.250000,ns3-simulated/trace-derived
R2L,188.125000,0,0.000000,217189,212.098633,225.905840,100.000000,280.000000,9,4,0.250000,ns3-simulated/trace-derived
R2L,188.375000,0,0.000000,217189,212.098633,225.905840,100.000000,280.000000,9,4,0.250000,ns3-simulated/trace-derived
R2L,188.625000,0,0.000000,217189,212.098633,225.905840,100.000000,280.000000,9,4,0.250000,ns3-simulated/trace-derived
R2L,188.875000,0,0.000000,217189,212.098633,225.905840,100.000000,280.000000,9,4,0.250000,ns3-simulated/trace-derived
R2L,189.125000,0,0.000000,217189,212.098633,225.905840,100.000000,280.000000,9,4,0.250000,ns3-simulated/trace-derived
R2L,189.375000,0,0.000000,217189,212.098633,225.905840,100.000000,280.000000,9,4,0.250000,ns3-simulated/trace-derived
R2L,189.625000,0,0.000000,217189,212.098633,225.905840,100.000000,280.000000,9,4,0.250000,ns3-simulated/trace-derived
R2L,189.875000,0,0.000000,217189,212.098633,225.905840,100.000000,280.000000,9,4,0.250000,ns3-simulated/trace-derived
R2L,190.125000,0,0.000000,217189,212.098633,225.905840,100.000000,280.000000,9,4,0.250000,ns3-simulated/trace-derived
R2L,190.375000,0,0.000000,217189,212.098633,225.905840,100.000000,280.000000,9,4,0.250000,ns3-simulated/trace-derived
R2L,190.625000,0,0.000000,217189,212.098633,225.905840,100.000000,280.000000,9,4,0.250000,ns3-simulated/trace-derived
R2L,190.875000,0,0.000000,217189,212.098633,225.905840,100.000000,280.000000,9,4,0.250000,ns3-simulated/trace-derived
R2L,191.125000,0,0.000000,217189,212.098633,225.905840,100.000000,280.000000,9,4,0.250000,ns3-simulated/trace-derived
R2L,191.375000,0,0.000000,217189,212.098633,225.905840,100.000000,280.000000,9,4,0.250000,ns3-simulated/trace-derived
R2L,191.625000,0,0.000000,217189,212.098633,225.905840,100.000000,280.000000,9,4,0.250000,ns3-simulated/trace-derived
R2L,191.875000,0,0.000000,217189,212.098633,225.905840,100.000000,280.000000,9,4,0.250000,ns3-simulated/trace-derived
R2L,192.125000,0,0.000000,217189,212.098633,225.905840,100.000000,280.000000,9,4,0.250000,ns3-simulated/trace-derived
R2L,192.375000,0,0.000000,217189,212.098633,225.905840,100.000000,280.000000,9,4,0.250000,ns3-simulated/trace-derived
R2L,192.625000,0,0.000000,217189,212.098633,225.905840,100.000000,280.000000,9,4,0.250000,ns3-simulated/trace-derived
R2L,192.875000,0,0.000000,217189,212.098633,225.905840,100.000000,280.000000,9,4,0.250000,ns3-simulated/trace-derived
R2L,193.125000,0,0.000000,217189,212.098633,225.905840,100.000000,280.000000,9,4,0.250000,ns3-simulated/trace-derived
R2L,193.375000,0,0.000000,217189,212.098633,225.905840,100.000000,280.000000,9,4,0.250000,ns3-simulated/trace-derived
R2L,193.625000,0,0.000000,217189,212.098633,225.905840,100.000000,280.000000,9,4,0.250000,ns3-simulated/trace-derived
R2L,193.875000,0,0.000000,217189,212.098633,225.905840,100.000000,280.000000,9,4,0.250000,ns3-simulated/trace-derived
R2L,194.125000,0,0.000000,217189,212.098633,225.905840,100.000000,280.000000,9,4,0.250000,ns3-simulated/trace-derived
R2L,194.375000,0,0.000000,217189,212.098633,225.905840,100.000000,280.000000,9,4,0.250000,ns3-simulated/trace-derived
R2L,194.625000,0,0.000000,217189,212.098633,225.905840,100.000000,280.000000,9,4,0.250000,ns3-simulated/trace-derived
R2L,194.875000,0,0.000000,217189,212.098633,225.905840,100.000000,280.000000,9,4,0.250000,ns3-simulated/trace-derived
R2L,195.125000,0,0.000000,217189,212.098633,225.905840,100.000000,280.000000,9,4,0.250000,ns3-simulated/trace-derived
R2L,195.375000,0,0.000000,217189,212.098633,225.905840,100.000000,280.000000,9,4,0.250000,ns3-simulated/trace-derived
R2L,195.625000,0,0.000000,217189,212.098633,225.905840,100.000000,280.000000,9,4,0.250000,ns3-simulated/trace-derived
R2L,195.875000,0,0.000000,217189,212.098633,225.905840,100.000000,280.000000,9,4,0.250000,ns3-simulated/trace-derived
R2L,196.125000,0,0.000000,217189,212.098633,225.905840,100.000000,280.000000,9,4,0.250000,ns3-simulated/trace-derived
R2L,196.375000,0,0.000000,217189,212.098633,225.905840,100.000000,280.000000,9,4,0.250000,ns3-simulated/trace-derived
R2L,196.625000,0,0.000000,217189,212.098633,225.905840,100.000000,280.000000,9,4,0.250000,ns3-simulated/trace-derived
R2L,196.875000,0,0.000000,217189,212.098633,225.905840,100.000000,280.000000,9,4,0.250000,ns3-simulated/trace-derived
R2L,197.125000,0,0.000000,217189,212.098633,225.905840,100.000000,280.000000,9,4,0.250000,ns3-simulated/trace-derived
R2L,197.375000,0,0.000000,217189,212.098633,225.905840,100.000000,280.000000,9,4,0.250000,ns3-simulated/trace-derived
R2L,197.625000,0,0.000000,217189,212.098633,225.905840,100.000000,280.000000,9,4,0.250000,ns3-simulated/trace-derived
R2L,197.875000,0,0.000000,217189,212.098633,225.905840,100.000000,280.000000,9,4,0.250000,ns3-simulated/trace-derived
R2L,198.125000,0,0.000000,217189,212.098633,225.905840,100.000000,280.000000,9,4,0.250000,ns3-simulated/trace-derived
R2L,198.375000,0,0.000000,217189,212.098633,225.905840,100.000000,280.000000,9,4,0.250000,ns3-simulated/trace-derived
R2L,198.625000,0,0.000000,217189,212.098633,225.905840,100.000000,280.000000,9,4,0.250000,ns3-simulated/trace-derived
R2L,198.875000,0,0.000000,217189,212.098633,225.905840,100.000000,280.000000,9,4,0.250000,ns3-simulated/trace-derived
R2L,199.125000,0,0.000000,217189,212.098633,225.905840,100.000000,280.000000,9,4,0.250000,ns3-simulated/trace-derived
R2L,199.375000,0,0.000000,217189,212.098633,225.905840,100.000000,280.000000,9,4,0.250000,ns3-simulated/trace-derived
R2L,199.625000,0,0.000000,217189,212.098633,225.905840,100.000000,280.000000,9,4,0.250000,ns3-simulated/trace-derived
R2L,199.875000,0,0.000000,217189,212.098633,225.905840,100.000000,280.000000,9,4,0.250000,ns3-simulated/trace-derived
R2L,200.125000,0,0.000000,217189,212.098633,225.905840,100.000000,280.000000,9,4,0.250000,ns3-simulated/trace-derived
R2L,200.375000,0,0.000000,217189,212.098633,225.905840,100.000000,280.000000,9,4,0.250000,ns3-simulated/trace-derived
R2L,200.625000,0,0.000000,217189,212.098633,225.905840,100.000000,280.000000,9,4,0.250000,ns3-simulated/trace-derived
R2L,200.875000,0,0.000000,217189,212.098633,225.905840,100.000000,280.000000,9,4,0.250000,ns3-simulated/trace-derived
R2L,201.125000,0,0.000000,217189,212.098633,225.905840,100.000000,280.000000,9,4,0.250000,ns3-simulated/trace-derived
R2L,201.375000,0,0.000000,217189,212.098633,225.905840,100.000000,280.000000,9,4,0.250000,ns3-simulated/trace-derived
R2L,201.625000,0,0.000000,217189,212.098633,225.905840,100.000000,280.000000,9,4,0.250000,ns3-simulated/trace-derived
R2L,201.875000,0,0.000000,217189,212.098633,225.905840,100.000000,280.000000,9,4,0.250000,ns3-simulated/trace-derived
R2L,202.125000,0,0.000000,217189,212.098633,225.905840,100.000000,280.000000,9,4,0.250000,ns3-simulated/trace-derived
R2L,202.375000,0,0.000000,217189,212.098633,225.905840,100.000000,280.000000,9,4,0.250000,ns3-simulated/trace-derived
R2L,202.625000,0,0.000000,217189,212.098633,225.905840,100.000000,280.000000,9,4,0.250000,ns3-simulated/trace-derived
R2L,202.875000,0,0.000000,217189,212.098633,225.905840,100.000000,280.000000,9,4,0.250000,ns3-simulated/trace-derived
R2L,203.125000,0,0.000000,217189,212.098633,225.905840,100.000000,280.000000,9,4,0.250000,ns3-simulated/trace-derived
R2L,203.375000,0,0.000000,217189,212.098633,225.905840,100.000000,280.000000,9,4,0.250000,ns3-simulated/trace-derived
R2L,203.625000,0,0.000000,217189,212.098633,225.905840,100.000000,280.000000,9,4,0.250000,ns3-simulated/trace-derived
R2L,203.875000,0,0.000000,217189,212.098633,225.905840,100.000000,280.000000,9,4,0.250000,ns3-simulated/trace-derived
R2L,204.125000,0,0.000000,217189,212.098633,225.905840,100.000000,280.000000,9,4,0.250000,ns3-simulated/trace-derived
R2L,204.375000,0,0.000000,217189,212.098633,225.905840,100.000000,280.000000,9,4,0.250000,ns3-simulated/trace-derived
R2L,204.625000,0,0.000000,217189,212.098633,225.905840,100.000000,280.000000,9,4,0.250000,ns3-simulated/trace-derived
R2L,204.875000,0,0.000000,217189,212.098633,225.905840,100.000000,280.000000,9,4,0.250000,ns3-simulated/trace-derived
R2L,205.125000,0,0.000000,217189,212.098633,225.905840,100.000000,280.000000,9,4,0.250000,ns3-simulated/trace-derived
R2L,205.375000,0,0.000000,217189,212.098633,225.905840,100.000000,280.000000,9,4,0.250000,ns3-simulated/trace-derived
R2L,205.625000,0,0.000000,217189,212.098633,225.905840,100.000000,280.000000,9,4,0.250000,ns3-simulated/trace-derived
R2L,205.875000,0,0.000000,217189,212.098633,225.905840,100.000000,280.000000,9,4,0.250000,ns3-simulated/trace-derived
R2L,206.125000,0,0.000000,217189,212.098633,225.905840,100.000000,280.000000,9,4,0.250000,ns3-simulated/trace-derived
R2L,206.375000,0,0.000000,217189,212.098633,225.905840,100.000000,280.000000,9,4,0.250000,ns3-simulated/trace-derived
R2L,206.625000,0,0.000000,217189,212.098633,225.905840,100.000000,280.000000,9,4,0.250000,ns3-simulated/trace-derived
R2L,206.875000,0,0.000000,217189,212.098633,225.905840,100.000000,280.000000,9,4,0.250000,ns3-simulated/trace-derived
R2L,207.125000,0,0.000000,217189,212.098633,225.905840,100.000000,280.000000,9,4,0.250000,ns3-simulated/trace-derived
R2L,207.375000,0,0.000000,217189,212.098633,225.905840,100.000000,280.000000,9,4,0.250000,ns3-simulated/trace-derived
R2L,207.625000,0,0.000000,217189,212.098633,225.905840,100.000000,280.000000,9,4,0.250000,ns3-simulated/trace-derived
R2L,207.875000,0,0.000000,217189,212.098633,225.905840,100.000000,280.000000,9,4,0.250000,ns3-simulated/trace-derived
R2L,208.125000,0,0.000000,217189,212.098633,225.905840,100.000000,280.000000,9,4,0.250000,ns3-simulated/trace-derived
R2L,208.375000,0,0.000000,217189,212.098633,225.905840,100.000000,280.000000,9,4,0.250000,ns3-simulated/trace-derived
R2L,208.625000,0,0.000000,217189,212.098633,225.905840,100.000000,280.000000,9,4,0.250000,ns3-simulated/trace-derived
R2L,208.875000,0,0.000000,217189,212.098633,225.905840,100.000000,280.000000,9,4,0.250000,ns3-simulated/trace-derived
R2L,209.125000,0,0.000000,217189,212.098633,225.905840,100.000000,280.000000,9,4,0.250000,ns3-simulated/trace-derived
R2L,209.375000,0,0.000000,217189,212.098633,225.905840,100.000000,280.000000,9,4,0.250000,ns3-simulated/trace-derived
R2L,209.625000,0,0.000000,217189,212.098633,225.905840,100.000000,280.000000,9,4,0.250000,ns3-simulated/trace-derived
R2L,209.875000,0,0.000000,217189,212.098633,225.905840,100.000000,280.000000,9,4,0.250000,ns3-simulated/trace-derived
R2L,210.125000,0,0.000000,217189,212.098633,225.905840,100.000000,280.000000,9,4,0.250000,ns3-simulated/trace-derived
R2L,210.375000,0,0.000000,217189,212.098633,225.905840,100.000000,280.000000,9,4,0.250000,ns3-simulated/trace-derived
R2L,210.625000,0,0.000000,217189,212.098633,225.905840,100.000000,280.000000,9,4,0.250000,ns3-simulated/trace-derived
R2L,210.875000,0,0.000000,217189,212.098633,225.905840,100.000000,280.000000,9,4,0.250000,ns3-simulated/trace-derived
R2L,211.125000,0,0.000000,217189,212.098633,225.905840,100.000000,280.000000,9,4,0.250000,ns3-simulated/trace-derived
R2L,211.375000,0,0.000000,217189,212.098633,225.905840,100.000000,280.000000,9,4,0.250000,ns3-simulated/trace-derived
R2L,211.625000,0,0.000000,217189,212.098633,225.905840,100.000000,280.000000,9,4,0.250000,ns3-simulated/trace-derived
R2L,211.875000,0,0.000000,217189,212.098633,225.905840,100.000000,280.000000,9,4,0.250000,ns3-simulated/trace-derived
R2L,212.125000,0,0.000000,217189,212.098633,225.905840,100.000000,280.000000,9,4,0.250000,ns3-simulated/trace-derived
R2L,212.375000,0,0.000000,217189,212.098633,225.905840,100.000000,280.000000,9,4,0.250000,ns3-simulated/trace-derived
R2L,212.625000,0,0.000000,217189,212.098633,225.905840,100.000000,280.000000,9,4,0.250000,ns3-simulated/trace-derived
R2L,212.875000,0,0.000000,217189,212.098633,225.905840,100.000000,280.000000,9,4,0.250000,ns3-simulated/trace-derived
R2L,213.125000,0,0.000000,217189,212.098633,225.905840,100.000000,280.000000,9,4,0.250000,ns3-simulated/trace-derived
R2L,213.375000,0,0.000000,217189,212.098633,225.905840,100.000000,280.000000,9,4,0.250000,ns3-simulated/trace-derived
R2L,213.625000,0,0.000000,217189,212.098633,225.905840,100.000000,280.000000,9,4,0.250000,ns3-simulated/trace-derived
R2L,213.875000,0,0.000000,217189,212.098633,225.905840,100.000000,280.000000,9,4,0.250000,ns3-simulated/trace-derived
R2L,214.125000,0,0.000000,217189,212.098633,225.905840,100.000000,280.000000,9,4,0.250000,ns3-simulated/trace-derived
R2L,214.375000,0,0.000000,217189,212.098633,225.905840,100.000000,280.000000,9,4,0.250000,ns3-simulated/trace-derived
R2L,214.625000,0,0.000000,217189,212.098633,225.905840,100.000000,280.000000,9,4,0.250000,ns3-simulated/trace-derived
R2L,214.875000,0,0.000000,217189,212.098633,225.905840,100.000000,280.000000,9,4,0.250000,ns3-simulated/trace-derived
R2L,215.125000,0,0.000000,217189,212.098633,225.905840,100.000000,280.000000,9,4,0.250000,ns3-simulated/trace-derived
R2L,215.375000,0,0.000000,217189,212.098633,225.905840,100.000000,280.000000,9,4,0.250000,ns3-simulated/trace-derived
R2L,215.625000,0,0.000000,217189,212.098633,225.905840,100.000000,280.000000,9,4,0.250000,ns3-simulated/trace-derived
R2L,215.875000,0,0.000000,217189,212.098633,225.905840,100.000000,280.000000,9,4,0.250000,ns3-simulated/trace-derived
R2L,216.125000,0,0.000000,217189,212.098633,225.905840,100.000000,280.000000,9,4,0.250000,ns3-simulated/trace-derived
R2L,216.375000,0,0.000000,217189,212.098633,225.905840,100.000000,280.000000,9,4,0.250000,ns3-simulated/trace-derived
R2L,216.625000,0,0.000000,217189,212.098633,225.905840,100.000000,280.000000,9,4,0.250000,ns3-simulated/trace-derived
R2L,216.875000,0,0.000000,217189,212.098633,225.905840,100.000000,280.000000,9,4,0.250000,ns3-simulated/trace-derived
R2L,217.125000,0,0.000000,217189,212.098633,225.905840,100.000000,280.000000,9,4,0.250000,ns3-simulated/trace-derived
R2L,217.375000,0,0.000000,217189,212.098633,225.905840,100.000000,280.000000,9,4,0.250000,ns3-simulated/trace-derived
R2L,217.625000,0,0.000000,217189,212.098633,225.905840,100.000000,280.000000,9,4,0.250000,ns3-simulated/trace-derived
R2L,217.875000,0,0.000000,217189,212.098633,225.905840,100.000000,280.000000,9,4,0.250000,ns3-simulated/trace-derived
R2L,218.125000,0,0.000000,217189,212.098633,225.905840,100.000000,280.000000,9,4,0.250000,ns3-simulated/trace-derived
R2L,218.375000,0,0.000000,217189,212.098633,225.905840,100.000000,280.000000,9,4,0.250000,ns3-simulated/trace-derived
R2L,218.625000,0,0.000000,217189,212.098633,225.905840,100.000000,280.000000,9,4,0.250000,ns3-simulated/trace-derived
R2L,218.875000,0,0.000000,217189,212.098633,225.905840,100.000000,280.000000,9,4,0.250000,ns3-simulated/trace-derived
R2L,219.125000,0,0.000000,217189,212.098633,225.905840,100.000000,280.000000,9,4,0.250000,ns3-simulated/trace-derived
R2L,219.375000,0,0.000000,217189,212.098633,225.905840,100.000000,280.000000,9,4,0.250000,ns3-simulated/trace-derived
R2L,219.625000,0,0.000000,217189,212.098633,225.905840,100.000000,280.000000,9,4,0.250000,ns3-simulated/trace-derived
R2L,219.875000,0,0.000000,217189,212.098633,225.905840,100.000000,280.000000,9,4,0.250000,ns3-simulated/trace-derived
R2L,220.125000,0,0.000000,217189,212.098633,225.905840,100.000000,280.000000,9,4,0.250000,ns3-simulated/trace-derived
R2L,220.375000,12522,12.228516,217189,212.098633,225.905840,100.000000,280.000000,9,4,0.250000,ns3-simulated/trace-derived
R2L,220.625000,20870,20.380859,217189,212.098633,225.905840,100.000000,280.000000,9,4,0.250000,ns3-simulated/trace-derived
R2L,220.875000,29280,28.593750,217189,212.098633,225.905840,100.000000,280.000000,9,4,0.250000,ns3-simulated/trace-derived
R2L,221.125000,41802,40.822266,217189,212.098633,225.905840,100.000000,280.000000,9,4,0.250000,ns3-simulated/trace-derived
R2L,221.375000,50212,49.035156,217189,212.098633,225.905840,100.000000,280.000000,9,4,0.250000,ns3-simulated/trace-derived
R2L,221.625000,58498,57.126953,217189,212.098633,225.905840,100.000000,280.000000,9,4,0.250000,ns3-simulated/trace-derived
R2L,221.875000,66846,65.279297,217189,212.098633,225.905840,100.000000,280.000000,9,4,0.250000,ns3-simulated/trace-derived
R2L,222.125000,79430,77.568359,217189,212.098633,225.905840,100.000000,280.000000,9,4,0.250000,ns3-simulated/trace-derived
R2L,222.375000,87778,85.720703,217189,212.098633,225.905840,100.000000,280.000000,9,4,0.250000,ns3-simulated/trace-derived
R2L,222.625000,96064,93.812500,217189,212.098633,225.905840,100.000000,280.000000,9,4,0.250000,ns3-simulated/trace-derived
R2L,222.875000,104412,101.964844,217189,212.098633,225.905840,100.000000,280.000000,9,4,0.250000,ns3-simulated/trace-derived
R2L,223.125000,116996,114.253906,217189,212.098633,225.905840,100.000000,280.000000,9,4,0.250000,ns3-simulated/trace-derived
R2L,223.375000,125344,122.406250,217189,212.098633,225.905840,100.000000,280.000000,9,4,0.250000,ns3-simulated/trace-derived
R2L,223.625000,133630,130.498047,217189,212.098633,225.905840,100.000000,280.000000,9,4,0.250000,ns3-simulated/trace-derived
R2L,223.875000,141978,138.650391,217189,212.098633,225.905840,100.000000,280.000000,9,4,0.250000,ns3-simulated/trace-derived
R2L,224.125000,154562,150.939453,217189,212.098633,225.905840,100.000000,280.000000,9,4,0.250000,ns3-simulated/trace-derived
R2L,224.375000,162848,159.031250,217189,212.098633,225.905840,100.000000,280.000000,9,4,0.250000,ns3-simulated/trace-derived
R2L,224.625000,171196,167.183594,217189,212.098633,225.905840,100.000000,280.000000,9,4,0.250000,ns3-simulated/trace-derived
R2L,224.875000,183718,179.412109,217189,212.098633,225.905840,100.000000,280.000000,9,4,0.250000,ns3-simulated/trace-derived
R2L,225.125000,192128,187.625000,217189,212.098633,225.905840,100.000000,280.000000,9,4,0.250000,ns3-simulated/trace-derived
R2L,225.375000,200414,195.716797,217189,212.098633,225.905840,100.000000,280.000000,9,4,0.250000,ns3-simulated/trace-derived
R2L,225.625000,208762,203.869141,217189,212.098633,225.905840,100.000000,280.000000,9,4,0.250000,ns3-simulated/trace-derived
R2L,225.875000,213077,208.083008,217189,212.098633,225.905840,100.000000,280.000000,9,4,0.250000,ns3-simulated/trace-derived
R2L,226.125000,208903,204.006836,217189,212.098633,225.905840,100.000000,280.000000,9,4,0.250000,ns3-simulated/trace-derived
R2L,226.375000,204667,199.870117,217189,212.098633,225.905840,100.000000,280.000000,9,4,0.250000,ns3-simulated/trace-derived
R2L,226.625000,200476,195.777344,217189,212.098633,225.905840,100.000000,280.000000,9,4,0.250000,ns3-simulated/trace-derived
R2L,226.875000,200600,195.898438,217189,212.098633,225.905840,100.000000,280.000000,9,4,0.250000,ns3-simulated/trace-derived
R2L,227.125000,196426,191.822266,217189,212.098633,225.905840,100.000000,280.000000,9,4,0.250000,ns3-simulated/trace-derived
R2L,227.375000,192190,187.685547,217189,212.098633,225.905840,100.000000,280.000000,9,4,0.250000,ns3-simulated/trace-derived
R2L,227.625000,188016,183.609375,217189,212.098633,225.905840,100.000000,280.000000,9,4,0.250000,ns3-simulated/trace-derived
R2L,227.875000,188078,183.669922,217189,212.098633,225.905840,100.000000,280.000000,9,4,0.250000,ns3-simulated/trace-derived
R2L,228.125000,183842,179.533203,217189,212.098633,225.905840,100.000000,280.000000,9,4,0.250000,ns3-simulated/trace-derived
R2L,228.375000,179668,175.457031,217189,212.098633,225.905840,100.000000,280.000000,9,4,0.250000,ns3-simulated/trace-derived
R2L,228.625000,179770,175.556641,217189,212.098633,225.905840,100.000000,280.000000,9,4,0.250000,ns3-simulated/trace-derived
R2L,228.875000,175556,171.441406,217189,212.098633,225.905840,100.000000,280.000000,9,4,0.250000,ns3-simulated/trace-derived
R2L,229.125000,171320,167.304688,217189,212.098633,225.905840,100.000000,280.000000,9,4,0.250000,ns3-simulated/trace-derived
R2L,229.375000,167146,163.228516,217189,212.098633,225.905840,100.000000,280.000000,9,4,0.250000,ns3-simulated/trace-derived
R2L,229.625000,167208,163.289062,217189,212.098633,225.905840,100.000000,280.000000,9,4,0.250000,ns3-simulated/trace-derived
R2L,229.875000,163034,159.212891,217189,212.098633,225.905840,100.000000,280.000000,9,4,0.250000,ns3-simulated/trace-derived
R2L,230.125000,158798,155.076172,217189,212.098633,225.905840,100.000000,280.000000,9,4,0.250000,ns3-simulated/trace-derived
R2L,230.375000,154624,151.000000,217189,212.098633,225.905840,100.000000,280.000000,9,4,0.250000,ns3-simulated/trace-derived
R2L,230.625000,154686,151.060547,217189,212.098633,225.905840,100.000000,280.000000,9,4,0.250000,ns3-simulated/trace-derived
R2L,230.875000,150512,146.984375,217189,212.098633,225.905840,100.000000,280.000000,9,4,0.250000,ns3-simulated/trace-derived
R2L,231.125000,146276,142.847656,217189,212.098633,225.905840,100.000000,280.000000,9,4,0.250000,ns3-simulated/trace-derived
R2L,231.375000,146355,142.924805,217189,212.098633,225.905840,100.000000,280.000000,9,4,0.250000,ns3-simulated/trace-derived
R2L,231.625000,142243,138.909180,217189,212.098633,225.905840,100.000000,280.000000,9,4,0.250000,ns3-simulated/trace-derived
R2L,231.875000,138007,134.772461,217189,212.098633,225.905840,100.000000,280.000000,9,4,0.250000,ns3-simulated/trace-derived
R2L,232.125000,133833,130.696289,217189,212.098633,225.905840,100.000000,280.000000,9,4,0.250000,ns3-simulated/trace-derived
R2L,232.375000,133895,130.756836,217189,212.098633,225.905840,100.000000,280.000000,9,4,0.250000,ns3-simulated/trace-derived
R2L,232.625000,129766,126.724609,217189,212.098633,225.905840,100.000000,280.000000,9,4,0.250000,ns3-simulated/trace-derived
R2L,232.875000,125530,122.587891,217189,212.098633,225.905840,100.000000,280.000000,9,4,0.250000,ns3-simulated/trace-derived
R2L,233.125000,121356,118.511719,217189,212.098633,225.905840,100.000000,280.000000,9,4,0.250000,ns3-simulated/trace-derived
R2L,233.375000,121418,118.572266,217189,212.098633,225.905840,100.000000,280.000000,9,4,0.250000,ns3-simulated/trace-derived
R2L,233.625000,117244,114.496094,217189,212.098633,225.905840,100.000000,280.000000,9,4,0.250000,ns3-simulated/trace-derived
R2L,233.875000,113008,110.359375,217189,212.098633,225.905840,100.000000,280.000000,9,4,0.250000,ns3-simulated/trace-derived
R2L,234.125000,108834,106.283203,217189,212.098633,225.905840,100.000000,280.000000,9,4,0.250000,ns3-simulated/trace-derived
R2L,234.375000,108896,106.343750,217189,212.098633,225.905840,100.000000,280.000000,9,4,0.250000,ns3-simulated/trace-derived
R2L,234.625000,104722,102.267578,217189,212.098633,225.905840,100.000000,280.000000,9,4,0.250000,ns3-simulated/trace-derived
R2L,234.875000,100486,98.130859,217189,212.098633,225.905840,100.000000,280.000000,9,4,0.250000,ns3-simulated/trace-derived
R2L,235.125000,100548,98.191406,217189,212.098633,225.905840,100.000000,280.000000,9,4,0.250000,ns3-simulated/trace-derived
R2L,235.375000,96374,94.115234,217189,212.098633,225.905840,100.000000,280.000000,9,4,0.250000,ns3-simulated/trace-derived
R2L,235.625000,92138,89.978516,217189,212.098633,225.905840,100.000000,280.000000,9,4,0.250000,ns3-simulated/trace-derived
R2L,235.875000,87964,85.902344,217189,212.098633,225.905840,100.000000,280.000000,9,4,0.250000,ns3-simulated/trace-derived
R2L,236.125000,88026,85.962891,217189,212.098633,225.905840,100.000000,280.000000,9,4,0.250000,ns3-simulated/trace-derived
R2L,236.375000,83852,81.886719,217189,212.098633,225.905840,100.000000,280.000000,9,4,0.250000,ns3-simulated/trace-derived
R2L,236.625000,79616,77.750000,217189,212.098633,225.905840,100.000000,280.000000,9,4,0.250000,ns3-simulated/trace-derived
R2L,236.875000,75521,73.750977,217189,212.098633,225.905840,100.000000,280.000000,9,4,0.250000,ns3-simulated/trace-derived
R2L,237.125000,75583,73.811523,217189,212.098633,225.905840,100.000000,280.000000,9,4,0.250000,ns3-simulated/trace-derived
R2L,237.375000,71409,69.735352,217189,212.098633,225.905840,100.000000,280.000000,9,4,0.250000,ns3-simulated/trace-derived
R2L,237.625000,67173,65.598633,217189,212.098633,225.905840,100.000000,280.000000,9,4,0.250000,ns3-simulated/trace-derived
R2L,237.875000,62999,61.522461,217189,212.098633,225.905840,100.000000,280.000000,9,4,0.250000,ns3-simulated/trace-derived
R2L,238.125000,63061,61.583008,217189,212.098633,225.905840,100.000000,280.000000,9,4,0.250000,ns3-simulated/trace-derived
R2L,238.375000,58932,57.550781,217189,212.098633,225.905840,100.000000,280.000000,9,4,0.250000,ns3-simulated/trace-derived
R2L,238.625000,54696,53.414062,217189,212.098633,225.905840,100.000000,280.000000,9,4,0.250000,ns3-simulated/trace-derived
R2L,238.875000,54758,53.474609,217189,212.098633,225.905840,100.000000,280.000000,9,4,0.250000,ns3-simulated/trace-derived
R2L,239.125000,50584,49.398438,217189,212.098633,225.905840,100.000000,280.000000,9,4,0.250000,ns3-simulated/trace-derived
R2L,239.375000,46348,45.261719,217189,212.098633,225.905840,100.000000,280.000000,9,4,0.250000,ns3-simulated/trace-derived
R2L,239.625000,42174,41.185547,217189,212.098633,225.905840,100.000000,280.000000,9,4,0.250000,ns3-simulated/trace-derived
R2L,239.875000,42236,41.246094,217189,212.098633,225.905840,100.000000,280.000000,9,4,0.250000,ns3-simulated/trace-derived
R2L,240.125000,38062,37.169922,217189,212.098633,225.905840,100.000000,280.000000,9,4,0.250000,ns3-simulated/trace-derived
R2L,240.375000,33826,33.033203,217189,212.098633,225.905840,100.000000,280.000000,9,4,0.250000,ns3-simulated/trace-derived
R2L,240.625000,29652,28.957031,217189,212.098633,225.905840,100.000000,280.000000,9,4,0.250000,ns3-simulated/trace-derived
R2L,240.875000,29714,29.017578,217189,212.098633,225.905840,100.000000,280.000000,9,4,0.250000,ns3-simulated/trace-derived
R2L,241.125000,25540,24.941406,217189,212.098633,225.905840,100.000000,280.000000,9,4,0.250000,ns3-simulated/trace-derived
R2L,241.375000,21304,20.804688,217189,212.098633,225.905840,100.000000,280.000000,9,4,0.250000,ns3-simulated/trace-derived
R2L,241.625000,17130,16.728516,217189,212.098633,225.905840,100.000000,280.000000,9,4,0.250000,ns3-simulated/trace-derived
R2L,241.875000,17192,16.789062,217189,212.098633,225.905840,100.000000,280.000000,9,4,0.250000,ns3-simulated/trace-derived
R2L,242.125000,12956,12.652344,217189,212.098633,225.905840,100.000000,280.000000,9,4,0.250000,ns3-simulated/trace-derived
R2L,242.375000,8861,8.653320,217189,212.098633,225.905840,100.000000,280.000000,9,4,0.250000,ns3-simulated/trace-derived
R2L,242.625000,8923,8.713867,217189,212.098633,225.905840,100.000000,280.000000,9,4,0.250000,ns3-simulated/trace-derived
R2L,242.875000,4749,4.637695,217189,212.098633,225.905840,100.000000,280.000000,9,4,0.250000,ns3-simulated/trace-derived
R2L,243.125000,513,0.500977,217189,212.098633,225.905840,100.000000,280.000000,9,4,0.250000,ns3-simulated/trace-derived
R2L,243.375000,186,0.181641,217189,212.098633,225.905840,100.000000,280.000000,9,4,0.250000,ns3-simulated/trace-derived
R2L,243.625000,0,0.000000,217189,212.098633,225.905840,100.000000,280.000000,9,4,0.250000,ns3-simulated/trace-derived
R2L,243.875000,0,0.000000,217189,212.098633,225.905840,100.000000,280.000000,9,4,0.250000,ns3-simulated/trace-derived
R2L,244.125000,0,0.000000,217189,212.098633,225.905840,100.000000,280.000000,9,4,0.250000,ns3-simulated/trace-derived
R2L,244.375000,0,0.000000,217189,212.098633,225.905840,100.000000,280.000000,9,4,0.250000,ns3-simulated/trace-derived
R2L,244.625000,0,0.000000,217189,212.098633,225.905840,100.000000,280.000000,9,4,0.250000,ns3-simulated/trace-derived
R2L,244.875000,0,0.000000,217189,212.098633,225.905840,100.000000,280.000000,9,4,0.250000,ns3-simulated/trace-derived
R2L,245.125000,0,0.000000,217189,212.098633,225.905840,100.000000,280.000000,9,4,0.250000,ns3-simulated/trace-derived
R2L,245.375000,0,0.000000,217189,212.098633,225.905840,100.000000,280.000000,9,4,0.250000,ns3-simulated/trace-derived
R2L,245.625000,0,0.000000,217189,212.098633,225.905840,100.000000,280.000000,9,4,0.250000,ns3-simulated/trace-derived
R2L,245.875000,0,0.000000,217189,212.098633,225.905840,100.000000,280.000000,9,4,0.250000,ns3-simulated/trace-derived
R2L,246.125000,0,0.000000,217189,212.098633,225.905840,100.000000,280.000000,9,4,0.250000,ns3-simulated/trace-derived
R2L,246.375000,0,0.000000,217189,212.098633,225.905840,100.000000,280.000000,9,4,0.250000,ns3-simulated/trace-derived
R2L,246.625000,0,0.000000,217189,212.098633,225.905840,100.000000,280.000000,9,4,0.250000,ns3-simulated/trace-derived
R2L,246.875000,0,0.000000,217189,212.098633,225.905840,100.000000,280.000000,9,4,0.250000,ns3-simulated/trace-derived
R2L,247.125000,0,0.000000,217189,212.098633,225.905840,100.000000,280.000000,9,4,0.250000,ns3-simulated/trace-derived
R2L,247.375000,0,0.000000,217189,212.098633,225.905840,100.000000,280.000000,9,4,0.250000,ns3-simulated/trace-derived
R2L,247.625000,0,0.000000,217189,212.098633,225.905840,100.000000,280.000000,9,4,0.250000,ns3-simulated/trace-derived
R2L,247.875000,0,0.000000,217189,212.098633,225.905840,100.000000,280.000000,9,4,0.250000,ns3-simulated/trace-derived
R2L,248.125000,0,0.000000,217189,212.098633,225.905840,100.000000,280.000000,9,4,0.250000,ns3-simulated/trace-derived
R2L,248.375000,0,0.000000,217189,212.098633,225.905840,100.000000,280.000000,9,4,0.250000,ns3-simulated/trace-derived
R2L,248.625000,0,0.000000,217189,212.098633,225.905840,100.000000,280.000000,9,4,0.250000,ns3-simulated/trace-derived
R2L,248.875000,0,0.000000,217189,212.098633,225.905840,100.000000,280.000000,9,4,0.250000,ns3-simulated/trace-derived
R2L,249.125000,0,0.000000,217189,212.098633,225.905840,100.000000,280.000000,9,4,0.250000,ns3-simulated/trace-derived
R2L,249.375000,0,0.000000,217189,212.098633,225.905840,100.000000,280.000000,9,4,0.250000,ns3-simulated/trace-derived
R2L,249.625000,0,0.000000,217189,212.098633,225.905840,100.000000,280.000000,9,4,0.250000,ns3-simulated/trace-derived
R2L,249.875000,0,0.000000,217189,212.098633,225.905840,100.000000,280.000000,9,4,0.250000,ns3-simulated/trace-derived
R2L,250.125000,0,0.000000,217189,212.098633,225.905840,100.000000,280.000000,9,4,0.250000,ns3-simulated/trace-derived
R2L,250.375000,0,0.000000,217189,212.098633,225.905840,100.000000,280.000000,9,4,0.250000,ns3-simulated/trace-derived
R2L,250.625000,0,0.000000,217189,212.098633,225.905840,100.000000,280.000000,9,4,0.250000,ns3-simulated/trace-derived
R2L,250.875000,0,0.000000,217189,212.098633,225.905840,100.000000,280.000000,9,4,0.250000,ns3-simulated/trace-derived
R2L,251.125000,0,0.000000,217189,212.098633,225.905840,100.000000,280.000000,9,4,0.250000,ns3-simulated/trace-derived
R2L,251.375000,0,0.000000,217189,212.098633,225.905840,100.000000,280.000000,9,4,0.250000,ns3-simulated/trace-derived
R2L,251.625000,0,0.000000,217189,212.098633,225.905840,100.000000,280.000000,9,4,0.250000,ns3-simulated/trace-derived
R2L,251.875000,0,0.000000,217189,212.098633,225.905840,100.000000,280.000000,9,4,0.250000,ns3-simulated/trace-derived
R2L,252.125000,0,0.000000,217189,212.098633,225.905840,100.000000,280.000000,9,4,0.250000,ns3-simulated/trace-derived
R2L,252.375000,0,0.000000,217189,212.098633,225.905840,100.000000,280.000000,9,4,0.250000,ns3-simulated/trace-derived
R2L,252.625000,0,0.000000,217189,212.098633,225.905840,100.000000,280.000000,9,4,0.250000,ns3-simulated/trace-derived
R2L,252.875000,0,0.000000,217189,212.098633,225.905840,100.000000,280.000000,9,4,0.250000,ns3-simulated/trace-derived
R2L,253.125000,0,0.000000,217189,212.098633,225.905840,100.000000,280.000000,9,4,0.250000,ns3-simulated/trace-derived
R2L,253.375000,0,0.000000,217189,212.098633,225.905840,100.000000,280.000000,9,4,0.250000,ns3-simulated/trace-derived
R2L,253.625000,0,0.000000,217189,212.098633,225.905840,100.000000,280.000000,9,4,0.250000,ns3-simulated/trace-derived
R2L,253.875000,0,0.000000,217189,212.098633,225.905840,100.000000,280.000000,9,4,0.250000,ns3-simulated/trace-derived
R2L,254.125000,0,0.000000,217189,212.098633,225.905840,100.000000,280.000000,9,4,0.250000,ns3-simulated/trace-derived
R2L,254.375000,0,0.000000,217189,212.098633,225.905840,100.000000,280.000000,9,4,0.250000,ns3-simulated/trace-derived
R2L,254.625000,0,0.000000,217189,212.098633,225.905840,100.000000,280.000000,9,4,0.250000,ns3-simulated/trace-derived
R2L,254.875000,0,0.000000,217189,212.098633,225.905840,100.000000,280.000000,9,4,0.250000,ns3-simulated/trace-derived
R2L,255.125000,0,0.000000,217189,212.098633,225.905840,100.000000,280.000000,9,4,0.250000,ns3-simulated/trace-derived
R2L,255.375000,0,0.000000,217189,212.098633,225.905840,100.000000,280.000000,9,4,0.250000,ns3-simulated/trace-derived
R2L,255.625000,0,0.000000,217189,212.098633,225.905840,100.000000,280.000000,9,4,0.250000,ns3-simulated/trace-derived
R2L,255.875000,0,0.000000,217189,212.098633,225.905840,100.000000,280.000000,9,4,0.250000,ns3-simulated/trace-derived
R2L,256.125000,0,0.000000,217189,212.098633,225.905840,100.000000,280.000000,9,4,0.250000,ns3-simulated/trace-derived
R2L,256.375000,0,0.000000,217189,212.098633,225.905840,100.000000,280.000000,9,4,0.250000,ns3-simulated/trace-derived
R2L,256.625000,0,0.000000,217189,212.098633,225.905840,100.000000,280.000000,9,4,0.250000,ns3-simulated/trace-derived
R2L,256.875000,0,0.000000,217189,212.098633,225.905840,100.000000,280.000000,9,4,0.250000,ns3-simulated/trace-derived
R2L,257.125000,0,0.000000,217189,212.098633,225.905840,100.000000,280.000000,9,4,0.250000,ns3-simulated/trace-derived
R2L,257.375000,0,0.000000,217189,212.098633,225.905840,100.000000,280.000000,9,4,0.250000,ns3-simulated/trace-derived
R2L,257.625000,0,0.000000,217189,212.098633,225.905840,100.000000,280.000000,9,4,0.250000,ns3-simulated/trace-derived
R2L,257.875000,0,0.000000,217189,212.098633,225.905840,100.000000,280.000000,9,4,0.250000,ns3-simulated/trace-derived
R2L,258.125000,0,0.000000,217189,212.098633,225.905840,100.000000,280.000000,9,4,0.250000,ns3-simulated/trace-derived
R2L,258.375000,0,0.000000,217189,212.098633,225.905840,100.000000,280.000000,9,4,0.250000,ns3-simulated/trace-derived
R2L,258.625000,0,0.000000,217189,212.098633,225.905840,100.000000,280.000000,9,4,0.250000,ns3-simulated/trace-derived
R2L,258.875000,0,0.000000,217189,212.098633,225.905840,100.000000,280.000000,9,4,0.250000,ns3-simulated/trace-derived
R2L,259.125000,0,0.000000,217189,212.098633,225.905840,100.000000,280.000000,9,4,0.250000,ns3-simulated/trace-derived
R2L,259.375000,0,0.000000,217189,212.098633,225.905840,100.000000,280.000000,9,4,0.250000,ns3-simulated/trace-derived
R2L,259.625000,0,0.000000,217189,212.098633,225.905840,100.000000,280.000000,9,4,0.250000,ns3-simulated/trace-derived
R2L,259.875000,0,0.000000,217189,212.098633,225.905840,100.000000,280.000000,9,4,0.250000,ns3-simulated/trace-derived
R2L,260.125000,0,0.000000,217189,212.098633,225.905840,100.000000,280.000000,9,4,0.250000,ns3-simulated/trace-derived
R2L,260.375000,0,0.000000,217189,212.098633,225.905840,100.000000,280.000000,9,4,0.250000,ns3-simulated/trace-derived
R2L,260.625000,0,0.000000,217189,212.098633,225.905840,100.000000,280.000000,9,4,0.250000,ns3-simulated/trace-derived
R2L,260.875000,0,0.000000,217189,212.098633,225.905840,100.000000,280.000000,9,4,0.250000,ns3-simulated/trace-derived
R2L,261.125000,0,0.000000,217189,212.098633,225.905840,100.000000,280.000000,9,4,0.250000,ns3-simulated/trace-derived
R2L,261.375000,0,0.000000,217189,212.098633,225.905840,100.000000,280.000000,9,4,0.250000,ns3-simulated/trace-derived
R2L,261.625000,0,0.000000,217189,212.098633,225.905840,100.000000,280.000000,9,4,0.250000,ns3-simulated/trace-derived
R2L,261.875000,0,0.000000,217189,212.098633,225.905840,100.000000,280.000000,9,4,0.250000,ns3-simulated/trace-derived
R2L,262.125000,0,0.000000,217189,212.098633,225.905840,100.000000,280.000000,9,4,0.250000,ns3-simulated/trace-derived
R2L,262.375000,0,0.000000,217189,212.098633,225.905840,100.000000,280.000000,9,4,0.250000,ns3-simulated/trace-derived
R2L,262.625000,0,0.000000,217189,212.098633,225.905840,100.000000,280.000000,9,4,0.250000,ns3-simulated/trace-derived
R2L,262.875000,0,0.000000,217189,212.098633,225.905840,100.000000,280.000000,9,4,0.250000,ns3-simulated/trace-derived
R2L,263.125000,0,0.000000,217189,212.098633,225.905840,100.000000,280.000000,9,4,0.250000,ns3-simulated/trace-derived
R2L,263.375000,0,0.000000,217189,212.098633,225.905840,100.000000,280.000000,9,4,0.250000,ns3-simulated/trace-derived
R2L,263.625000,0,0.000000,217189,212.098633,225.905840,100.000000,280.000000,9,4,0.250000,ns3-simulated/trace-derived
R2L,263.875000,0,0.000000,217189,212.098633,225.905840,100.000000,280.000000,9,4,0.250000,ns3-simulated/trace-derived
R2L,264.125000,0,0.000000,217189,212.098633,225.905840,100.000000,280.000000,9,4,0.250000,ns3-simulated/trace-derived
R2L,264.375000,0,0.000000,217189,212.098633,225.905840,100.000000,280.000000,9,4,0.250000,ns3-simulated/trace-derived
R2L,264.625000,0,0.000000,217189,212.098633,225.905840,100.000000,280.000000,9,4,0.250000,ns3-simulated/trace-derived
R2L,264.875000,0,0.000000,217189,212.098633,225.905840,100.000000,280.000000,9,4,0.250000,ns3-simulated/trace-derived
R2L,265.125000,0,0.000000,217189,212.098633,225.905840,100.000000,280.000000,9,4,0.250000,ns3-simulated/trace-derived
R2L,265.375000,0,0.000000,217189,212.098633,225.905840,100.000000,280.000000,9,4,0.250000,ns3-simulated/trace-derived
R2L,265.625000,0,0.000000,217189,212.098633,225.905840,100.000000,280.000000,9,4,0.250000,ns3-simulated/trace-derived
R2L,265.875000,0,0.000000,217189,212.098633,225.905840,100.000000,280.000000,9,4,0.250000,ns3-simulated/trace-derived
R2L,266.125000,0,0.000000,217189,212.098633,225.905840,100.000000,280.000000,9,4,0.250000,ns3-simulated/trace-derived
R2L,266.375000,0,0.000000,217189,212.098633,225.905840,100.000000,280.000000,9,4,0.250000,ns3-simulated/trace-derived
R2L,266.625000,0,0.000000,217189,212.098633,225.905840,100.000000,280.000000,9,4,0.250000,ns3-simulated/trace-derived
R2L,266.875000,0,0.000000,217189,212.098633,225.905840,100.000000,280.000000,9,4,0.250000,ns3-simulated/trace-derived
R2L,267.125000,0,0.000000,217189,212.098633,225.905840,100.000000,280.000000,9,4,0.250000,ns3-simulated/trace-derived
R2L,267.375000,0,0.000000,217189,212.098633,225.905840,100.000000,280.000000,9,4,0.250000,ns3-simulated/trace-derived
R2L,267.625000,0,0.000000,217189,212.098633,225.905840,100.000000,280.000000,9,4,0.250000,ns3-simulated/trace-derived
R2L,267.875000,0,0.000000,217189,212.098633,225.905840,100.000000,280.000000,9,4,0.250000,ns3-simulated/trace-derived
R2L,268.125000,0,0.000000,217189,212.098633,225.905840,100.000000,280.000000,9,4,0.250000,ns3-simulated/trace-derived
R2L,268.375000,0,0.000000,217189,212.098633,225.905840,100.000000,280.000000,9,4,0.250000,ns3-simulated/trace-derived
R2L,268.625000,0,0.000000,217189,212.098633,225.905840,100.000000,280.000000,9,4,0.250000,ns3-simulated/trace-derived
R2L,268.875000,0,0.000000,217189,212.098633,225.905840,100.000000,280.000000,9,4,0.250000,ns3-simulated/trace-derived
R2L,269.125000,0,0.000000,217189,212.098633,225.905840,100.000000,280.000000,9,4,0.250000,ns3-simulated/trace-derived
R2L,269.375000,0,0.000000,217189,212.098633,225.905840,100.000000,280.000000,9,4,0.250000,ns3-simulated/trace-derived
R2L,269.625000,0,0.000000,217189,212.098633,225.905840,100.000000,280.000000,9,4,0.250000,ns3-simulated/trace-derived
R2L,269.875000,0,0.000000,217189,212.098633,225.905840,100.000000,280.000000,9,4,0.250000,ns3-simulated/trace-derived
R2L,270.125000,0,0.000000,217189,212.098633,225.905840,100.000000,280.000000,9,4,0.250000,ns3-simulated/trace-derived
R2L,270.375000,0,0.000000,217189,212.098633,225.905840,100.000000,280.000000,9,4,0.250000,ns3-simulated/trace-derived
R2L,270.625000,0,0.000000,217189,212.098633,225.905840,100.000000,280.000000,9,4,0.250000,ns3-simulated/trace-derived
R2L,270.875000,0,0.000000,217189,212.098633,225.905840,100.000000,280.000000,9,4,0.250000,ns3-simulated/trace-derived
R2L,271.125000,0,0.000000,217189,212.098633,225.905840,100.000000,280.000000,9,4,0.250000,ns3-simulated/trace-derived
R2L,271.375000,0,0.000000,217189,212.098633,225.905840,100.000000,280.000000,9,4,0.250000,ns3-simulated/trace-derived
R2L,271.625000,0,0.000000,217189,212.098633,225.905840,100.000000,280.000000,9,4,0.250000,ns3-simulated/trace-derived
R2L,271.875000,0,0.000000,217189,212.098633,225.905840,100.000000,280.000000,9,4,0.250000,ns3-simulated/trace-derived
R2L,272.125000,0,0.000000,217189,212.098633,225.905840,100.000000,280.000000,9,4,0.250000,ns3-simulated/trace-derived
R2L,272.375000,0,0.000000,217189,212.098633,225.905840,100.000000,280.000000,9,4,0.250000,ns3-simulated/trace-derived
R2L,272.625000,0,0.000000,217189,212.098633,225.905840,100.000000,280.000000,9,4,0.250000,ns3-simulated/trace-derived
R2L,272.875000,0,0.000000,217189,212.098633,225.905840,100.000000,280.000000,9,4,0.250000,ns3-simulated/trace-derived
R2L,273.125000,0,0.000000,217189,212.098633,225.905840,100.000000,280.000000,9,4,0.250000,ns3-simulated/trace-derived
R2L,273.375000,0,0.000000,217189,212.098633,225.905840,100.000000,280.000000,9,4,0.250000,ns3-simulated/trace-derived
R2L,273.625000,0,0.000000,217189,212.098633,225.905840,100.000000,280.000000,9,4,0.250000,ns3-simulated/trace-derived
R2L,273.875000,0,0.000000,217189,212.098633,225.905840,100.000000,280.000000,9,4,0.250000,ns3-simulated/trace-derived
R2L,274.125000,0,0.000000,217189,212.098633,225.905840,100.000000,280.000000,9,4,0.250000,ns3-simulated/trace-derived
R2L,274.375000,0,0.000000,217189,212.098633,225.905840,100.000000,280.000000,9,4,0.250000,ns3-simulated/trace-derived
R2L,274.625000,0,0.000000,217189,212.098633,225.905840,100.000000,280.000000,9,4,0.250000,ns3-simulated/trace-derived
R2L,274.875000,0,0.000000,217189,212.098633,225.905840,100.000000,280.000000,9,4,0.250000,ns3-simulated/trace-derived
R2L,275.125000,0,0.000000,217189,212.098633,225.905840,100.000000,280.000000,9,4,0.250000,ns3-simulated/trace-derived
R2L,275.375000,0,0.000000,217189,212.098633,225.905840,100.000000,280.000000,9,4,0.250000,ns3-simulated/trace-derived
R2L,275.625000,0,0.000000,217189,212.098633,225.905840,100.000000,280.000000,9,4,0.250000,ns3-simulated/trace-derived
R2L,275.875000,0,0.000000,217189,212.098633,225.905840,100.000000,280.000000,9,4,0.250000,ns3-simulated/trace-derived
R2L,276.125000,0,0.000000,217189,212.098633,225.905840,100.000000,280.000000,9,4,0.250000,ns3-simulated/trace-derived
R2L,276.375000,0,0.000000,217189,212.098633,225.905840,100.000000,280.000000,9,4,0.250000,ns3-simulated/trace-derived
R2L,276.625000,0,0.000000,217189,212.098633,225.905840,100.000000,280.000000,9,4,0.250000,ns3-simulated/trace-derived
R2L,276.875000,0,0.000000,217189,212.098633,225.905840,100.000000,280.000000,9,4,0.250000,ns3-simulated/trace-derived
R2L,277.125000,0,0.000000,217189,212.098633,225.905840,100.000000,280.000000,9,4,0.250000,ns3-simulated/trace-derived
R2L,277.375000,0,0.000000,217189,212.098633,225.905840,100.000000,280.000000,9,4,0.250000,ns3-simulated/trace-derived
R2L,277.625000,0,0.000000,217189,212.098633,225.905840,100.000000,280.000000,9,4,0.250000,ns3-simulated/trace-derived
R2L,277.875000,0,0.000000,217189,212.098633,225.905840,100.000000,280.000000,9,4,0.250000,ns3-simulated/trace-derived
R2L,278.125000,0,0.000000,217189,212.098633,225.905840,100.000000,280.000000,9,4,0.250000,ns3-simulated/trace-derived
R2L,278.375000,0,0.000000,217189,212.098633,225.905840,100.000000,280.000000,9,4,0.250000,ns3-simulated/trace-derived
R2L,278.625000,0,0.000000,217189,212.098633,225.905840,100.000000,280.000000,9,4,0.250000,ns3-simulated/trace-derived
R2L,278.875000,0,0.000000,217189,212.098633,225.905840,100.000000,280.000000,9,4,0.250000,ns3-simulated/trace-derived
R2L,279.125000,0,0.000000,217189,212.098633,225.905840,100.000000,280.000000,9,4,0.250000,ns3-simulated/trace-derived
R2L,279.375000,0,0.000000,217189,212.098633,225.905840,100.000000,280.000000,9,4,0.250000,ns3-simulated/trace-derived
R2L,279.625000,0,0.000000,217189,212.098633,225.905840,100.000000,280.000000,9,4,0.250000,ns3-simulated/trace-derived
R2L,279.875000,0,0.000000,217189,212.098633,225.905840,100.000000,280.000000,9,4,0.250000,ns3-simulated/trace-derived
