direction,time_us,kib
L2R,0.50000000,0.00000000
L2R,1.50000000,0.00000000
L2R,2.50000000,0.00000000
L2R,3.50000000,0.00000000
L2R,4.50000000,0.00000000
L2R,5.50000000,0.00000000
L2R,6.50000000,0.00000000
L2R,7.50000000,0.00000000
L2R,8.50000000,0.00000000
L2R,9.50000000,0.00000000
L2R,10.50000000,0.00000000
L2R,11.50000000,0.00000000
L2R,12.50000000,0.00000000
L2R,13.50000000,0.00000000
L2R,14.50000000,0.00000000
L2R,15.50000000,0.00000000
L2R,16.50000000,0.00000000
L2R,17.50000000,0.00000000
L2R,18.50000000,0.00000000
L2R,19.50000000,0.00000000
L2R,20.50000000,0.00000000
L2R,21.50000000,0.00000000
L2R,22.50000000,0.00000000
L2R,23.50000000,0.00000000
L2R,24.50000000,0.00000000
L2R,25.50000000,0.00000000
L2R,26.50000000,0.00000000
L2R,27.50000000,0.00000000
L2R,28.50000000,0.00000000
L2R,29.50000000,0.00000000
L2R,30.50000000,0.00000000
L2R,31.50000000,0.00000000
L2R,32.50000000,0.00000000
L2R,33.50000000,0.00000000
L2R,34.50000000,0.00000000
L2R,35.50000000,0.00000000
L2R,36.50000000,0.00000000
L2R,37.50000000,36.80664062
L2R,38.50000000,73.67382812
L2R,39.50000000,110.48046875
L2R,40.50000000,147.34765625
L2R,41.50000000,184.15429688
L2R,42.50000000,184.35253906
L2R,43.50000000,176.32128906
L2R,44.50000000,164.27441406
L2R,45.50000000,152.16699219
L2R,46.50000000,140.05957031
L2R,47.50000000,128.02929688
L2R,48.50000000,115.98242188
L2R,49.50000000,103.87500000
L2R,50.50000000,91.76757812
L2R,51.50000000,79.66015625
L2R,52.50000000,67.65234375
L2R,53.50000000,55.58300781
L2R,54.50000000,43.47558594
L2R,55.50000000,31.36816406
L2R,56.50000000,19.32128906
L2R,57.50000000,7.21386719
L2R,58.50000000,0.13769531
L2R,59.50000000,24.51757812
L2R,60.50000000,61.38476562
L2R,61.50000000,98.25195312
L2R,62.50000000,135.05859375
L2R,63.50000000,171.86523438
L2R,64.50000000,192.44433594
L2R,65.50000000,180.39746094
L2R,66.50000000,168.29003906
L2R,67.50000000,156.18261719
L2R,68.50000000,144.07519531
L2R,69.50000000,132.02832031
L2R,70.50000000,119.99804688
L2R,71.50000000,107.92968750
L2R,72.50000000,95.78320312
L2R,73.50000000,83.73632812
L2R,74.50000000,71.62890625
L2R,75.50000000,59.59863281
L2R,76.50000000,51.56738281
L2R,77.50000000,88.43457031
L2R,78.50000000,125.18066406
L2R,79.50000000,162.04785156
L2R,80.50000000,198.91503906
L2R,81.50000000,231.70605469
L2R,82.50000000,235.90332031
L2R,83.50000000,223.85644531
L2R,84.50000000,211.82617188
L2R,85.50000000,199.64160156
L2R,86.50000000,187.49023438
L2R,87.50000000,175.14062500
L2R,88.50000000,162.91210938
L2R,89.50000000,154.63867188
L2R,90.50000000,142.51464844
L2R,91.50000000,130.24218750
L2R,92.50000000,118.01367188
L2R,93.50000000,105.78515625
L2R,94.50000000,93.37500000
L2R,95.50000000,81.19042969
L2R,96.50000000,68.84082031
L2R,97.50000000,56.68945312
L2R,98.50000000,44.46093750
L2R,99.50000000,32.11132812
L2R,100.50000000,23.94238281
L2R,101.50000000,11.83496094
L2R,102.50000000,2.03125000
L2R,103.50000000,24.45703125
L2R,104.50000000,110.23828125
L2R,105.50000000,196.01953125
L2R,106.50000000,281.80078125
L2R,107.50000000,367.58203125
L2R,108.50000000,445.21093750
L2R,109.50000000,457.56054688
L2R,110.50000000,445.51367188
L2R,111.50000000,433.46679688
L2R,112.50000000,421.35937500
L2R,113.50000000,413.32812500
L2R,114.50000000,401.43554688
L2R,115.50000000,389.38867188
L2R,116.50000000,381.41796875
L2R,117.50000000,418.22460938
L2R,118.50000000,455.09179688
L2R,119.50000000,491.95898438
L2R,120.50000000,528.76562500
L2R,121.50000000,565.63281250
L2R,122.50000000,565.81445312
L2R,123.50000000,553.80664062
L2R,124.50000000,541.72070312
L2R,125.50000000,529.55273438
L2R,126.50000000,517.50585938
L2R,127.50000000,505.45898438
L2R,128.50000000,493.42871094
L2R,129.50000000,481.45898438
L2R,130.50000000,469.41210938
L2R,131.50000000,457.36523438
L2R,132.50000000,445.39550781
L2R,133.50000000,433.28808594
L2R,134.50000000,421.24121094
L2R,135.50000000,409.13378906
L2R,136.50000000,397.08691406
L2R,137.50000000,384.91894531
L2R,138.50000000,372.97167969
L2R,139.50000000,360.82519531
L2R,140.50000000,348.77832031
L2R,141.50000000,336.67089844
L2R,142.50000000,324.62402344
L2R,143.50000000,312.51660156
L2R,144.50000000,300.46972656
L2R,145.50000000,288.50000000
L2R,146.50000000,276.53027344
L2R,147.50000000,264.56054688
L2R,148.50000000,252.51367188
L2R,149.50000000,240.34570312
L2R,150.50000000,228.29882812
L2R,151.50000000,216.19140625
L2R,152.50000000,204.14453125
L2R,153.50000000,192.09765625
L2R,154.50000000,180.05078125
L2R,155.50000000,168.00390625
L2R,156.50000000,155.95703125
L2R,157.50000000,143.84960938
L2R,158.50000000,131.80273438
L2R,159.50000000,119.75585938
L2R,160.50000000,107.58789062
L2R,161.50000000,95.55761719
L2R,162.50000000,83.52734375
L2R,163.50000000,71.43652344
L2R,164.50000000,63.36132812
L2R,165.50000000,51.07226562
L2R,166.50000000,38.52441406
L2R,167.50000000,26.09765625
L2R,168.50000000,13.68750000
L2R,169.50000000,7.03515625
L2R,170.50000000,1.24414062
L2R,171.50000000,24.45703125
L2R,172.50000000,57.24804688
L2R,173.50000000,118.57226562
L2R,174.50000000,204.35351562
L2R,175.50000000,290.07421875
L2R,176.50000000,363.62695312
L2R,177.50000000,396.47851562
L2R,178.50000000,433.28515625
L2R,179.50000000,433.50585938
L2R,180.50000000,421.37597656
L2R,181.50000000,409.32910156
L2R,182.50000000,397.28222656
L2R,183.50000000,385.19140625
L2R,184.50000000,373.14453125
L2R,185.50000000,361.09765625
L2R,186.50000000,348.99023438
L2R,187.50000000,336.94335938
L2R,188.50000000,324.77539062
L2R,189.50000000,312.72851562
L2R,190.50000000,300.62109375
L2R,191.50000000,288.59082031
L2R,192.50000000,276.54394531
L2R,193.50000000,264.49707031
L2R,194.50000000,252.46679688
L2R,195.50000000,240.35937500
L2R,196.50000000,228.31250000
L2R,197.50000000,216.26562500
L2R,198.50000000,204.21875000
L2R,199.50000000,192.11132812
L2R,200.50000000,180.06445312
L2R,201.50000000,167.95703125
L2R,202.50000000,155.98730469
L2R,203.50000000,143.94042969
L2R,204.50000000,131.97070312
L2R,205.50000000,119.92382812
L2R,206.50000000,107.81640625
L2R,207.50000000,95.70898438
L2R,208.50000000,83.66210938
L2R,209.50000000,75.69140625
L2R,210.50000000,63.68359375
L2R,211.50000000,51.59765625
L2R,212.50000000,39.56738281
L2R,213.50000000,27.33886719
L2R,214.50000000,15.11035156
L2R,215.50000000,5.68652344
L2R,216.50000000,0.00000000
L2R,217.50000000,0.00000000
L2R,218.50000000,0.00000000
L2R,219.50000000,20.38085938
L2R,220.50000000,53.17187500
L2R,221.50000000,90.03906250
L2R,222.50000000,126.84570312
L2R,223.50000000,163.65234375
L2R,224.50000000,200.45898438
L2R,225.50000000,196.64160156
L2R,226.50000000,184.53417969
L2R,227.50000000,172.42675781
L2R,228.50000000,160.31933594
L2R,229.50000000,148.27246094
L2R,230.50000000,136.24218750
L2R,231.50000000,124.13476562
L2R,232.50000000,112.02734375
L2R,233.50000000,99.98046875
L2R,234.50000000,87.87304688
L2R,235.50000000,75.84277344
L2R,236.50000000,63.73535156
L2R,237.50000000,51.68847656
L2R,238.50000000,43.65722656
L2R,239.50000000,31.61035156
L2R,240.50000000,19.50292969
L2R,241.50000000,7.47265625
L2R,242.50000000,0.00000000
L2R,243.50000000,0.00000000
L2R,244.50000000,0.00000000
L2R,245.50000000,0.00000000
L2R,246.50000000,0.00000000
L2R,247.50000000,0.00000000
L2R,248.50000000,0.00000000
L2R,249.50000000,0.00000000
L2R,250.50000000,0.00000000
L2R,251.50000000,0.00000000
L2R,252.50000000,0.00000000
L2R,253.50000000,0.00000000
L2R,254.50000000,0.00000000
L2R,255.50000000,0.00000000
L2R,256.50000000,0.00000000
L2R,257.50000000,0.00000000
L2R,258.50000000,0.00000000
L2R,259.50000000,0.00000000
L2R,260.50000000,0.00000000
L2R,261.50000000,0.00000000
L2R,262.50000000,0.00000000
L2R,263.50000000,0.00000000
L2R,264.50000000,0.00000000
L2R,265.50000000,0.00000000
L2R,266.50000000,0.00000000
L2R,267.50000000,0.00000000
L2R,268.50000000,0.00000000
L2R,269.50000000,0.00000000
L2R,270.50000000,0.00000000
L2R,271.50000000,0.00000000
L2R,272.50000000,0.00000000
L2R,273.50000000,0.00000000
L2R,274.50000000,0.00000000
L2R,275.50000000,0.00000000
L2R,276.50000000,0.00000000
L2R,277.50000000,0.00000000
L2R,278.50000000,0.00000000
L2R,279.50000000,0.00000000
L2R,280.50000000,0.00000000
L2R,281.50000000,0.00000000
L2R,282.50000000,0.00000000
L2R,283.50000000,0.00000000
L2R,284.50000000,0.00000000
L2R,285.50000000,0.00000000
L2R,286.50000000,0.00000000
L2R,287.50000000,0.00000000
L2R,288.50000000,0.00000000
L2R,289.50000000,0.00000000
L2R,290.50000000,0.00000000
L2R,291.50000000,0.00000000
L2R,292.50000000,0.00000000
L2R,293.50000000,0.00000000
L2R,294.50000000,0.00000000
L2R,295.50000000,0.00000000
L2R,296.50000000,0.00000000
L2R,297.50000000,0.00000000
L2R,298.50000000,0.00000000
L2R,299.50000000,0.00000000
L2R,300.50000000,0.00000000
L2R,301.50000000,0.00000000
L2R,302.50000000,0.00000000
L2R,303.50000000,0.00000000
L2R,304.50000000,0.00000000
L2R,305.50000000,0.00000000
L2R,306.50000000,0.00000000
L2R,307.50000000,0.00000000
L2R,308.50000000,0.00000000
L2R,309.50000000,0.00000000
L2R,310.50000000,0.00000000
L2R,311.50000000,0.00000000
L2R,312.50000000,0.00000000
L2R,313.50000000,0.00000000
L2R,314.50000000,0.00000000
L2R,315.50000000,0.00000000
L2R,316.50000000,0.00000000
L2R,317.50000000,0.00000000
L2R,318.50000000,0.00000000
L2R,319.50000000,0.00000000
L2R,320.50000000,0.00000000
L2R,321.50000000,0.00000000
L2R,322.50000000,0.00000000
L2R,323.50000000,0.00000000
L2R,324.50000000,0.00000000
L2R,325.50000000,0.00000000
L2R,326.50000000,0.00000000
L2R,327.50000000,0.00000000
L2R,328.50000000,0.00000000
L2R,329.50000000,0.00000000
L2R,330.50000000,0.00000000
L2R,331.50000000,0.00000000
L2R,332.50000000,0.00000000
L2R,333.50000000,0.00000000
L2R,334.50000000,0.00000000
L2R,335.50000000,0.00000000
L2R,336.50000000,0.00000000
L2R,337.50000000,0.00000000
L2R,338.50000000,0.00000000
L2R,339.50000000,0.00000000
L2R,340.50000000,0.00000000
L2R,341.50000000,0.00000000
L2R,342.50000000,0.00000000
L2R,343.50000000,0.00000000
L2R,344.50000000,0.00000000
L2R,345.50000000,0.00000000
L2R,346.50000000,0.00000000
L2R,347.50000000,0.00000000
L2R,348.50000000,0.00000000
L2R,349.50000000,0.00000000
L2R,350.50000000,0.00000000
L2R,351.50000000,0.00000000
L2R,352.50000000,0.00000000
L2R,353.50000000,0.00000000
L2R,354.50000000,0.00000000
L2R,355.50000000,0.00000000
L2R,356.50000000,0.00000000
L2R,357.50000000,0.00000000
L2R,358.50000000,0.00000000
L2R,359.50000000,0.00000000
L2R,360.50000000,0.00000000
L2R,361.50000000,0.00000000
L2R,362.50000000,0.00000000
L2R,363.50000000,0.00000000
L2R,364.50000000,0.00000000
L2R,365.50000000,0.00000000
L2R,366.50000000,0.00000000
L2R,367.50000000,0.00000000
L2R,368.50000000,0.00000000
L2R,369.50000000,0.00000000
L2R,370.50000000,0.00000000
L2R,371.50000000,0.00000000
L2R,372.50000000,0.00000000
L2R,373.50000000,0.00000000
L2R,374.50000000,0.00000000
L2R,375.50000000,0.00000000
L2R,376.50000000,0.00000000
L2R,377.50000000,0.00000000
L2R,378.50000000,0.00000000
L2R,379.50000000,0.00000000
L2R,380.50000000,0.00000000
L2R,381.50000000,0.00000000
L2R,382.50000000,0.00000000
L2R,383.50000000,0.00000000
L2R,384.50000000,0.00000000
L2R,385.50000000,0.00000000
L2R,386.50000000,0.00000000
L2R,387.50000000,0.00000000
L2R,388.50000000,0.00000000
L2R,389.50000000,0.00000000
L2R,390.50000000,0.00000000
L2R,391.50000000,0.00000000
L2R,392.50000000,0.00000000
L2R,393.50000000,0.00000000
L2R,394.50000000,0.00000000
L2R,395.50000000,0.00000000
L2R,396.50000000,0.00000000
L2R,397.50000000,0.00000000
L2R,398.50000000,0.00000000
L2R,399.50000000,0.00000000
L2R,400.50000000,0.00000000
L2R,401.50000000,0.00000000
L2R,402.50000000,0.00000000
L2R,403.50000000,0.00000000
L2R,404.50000000,0.00000000
L2R,405.50000000,0.00000000
L2R,406.50000000,0.00000000
L2R,407.50000000,0.00000000
L2R,408.50000000,0.00000000
L2R,409.50000000,0.00000000
L2R,410.50000000,0.00000000
L2R,411.50000000,0.00000000
L2R,412.50000000,0.00000000
L2R,413.50000000,0.00000000
L2R,414.50000000,0.00000000
L2R,415.50000000,0.00000000
L2R,416.50000000,0.00000000
L2R,417.50000000,0.00000000
L2R,418.50000000,0.00000000
L2R,419.50000000,0.00000000
L2R,420.50000000,0.00000000
L2R,421.50000000,0.00000000
L2R,422.50000000,0.00000000
L2R,423.50000000,0.00000000
L2R,424.50000000,0.00000000
L2R,425.50000000,0.00000000
L2R,426.50000000,0.00000000
L2R,427.50000000,0.00000000
L2R,428.50000000,0.00000000
L2R,429.50000000,0.00000000
L2R,430.50000000,0.00000000
L2R,431.50000000,0.00000000
L2R,432.50000000,0.00000000
L2R,433.50000000,0.00000000
L2R,434.50000000,0.00000000
L2R,435.50000000,0.00000000
L2R,436.50000000,0.00000000
L2R,437.50000000,0.00000000
L2R,438.50000000,0.00000000
L2R,439.50000000,0.00000000
L2R,440.50000000,0.00000000
L2R,441.50000000,0.00000000
L2R,442.50000000,0.00000000
L2R,443.50000000,0.00000000
L2R,444.50000000,0.00000000
L2R,445.50000000,0.00000000
L2R,446.50000000,0.00000000
L2R,447.50000000,0.00000000
L2R,448.50000000,0.00000000
L2R,449.50000000,0.00000000
L2R,450.50000000,0.00000000
L2R,451.50000000,0.00000000
L2R,452.50000000,0.00000000
L2R,453.50000000,0.00000000
L2R,454.50000000,0.00000000
L2R,455.50000000,0.00000000
L2R,456.50000000,0.00000000
L2R,457.50000000,0.00000000
L2R,458.50000000,0.00000000
L2R,459.50000000,0.00000000
L2R,460.50000000,0.00000000
L2R,461.50000000,0.00000000
L2R,462.50000000,0.00000000
L2R,463.50000000,0.00000000
L2R,464.50000000,0.00000000
L2R,465.50000000,0.00000000
L2R,466.50000000,0.00000000
L2R,467.50000000,0.00000000
L2R,468.50000000,0.00000000
L2R,469.50000000,0.00000000
L2R,470.50000000,0.00000000
L2R,471.50000000,0.00000000
L2R,472.50000000,0.00000000
L2R,473.50000000,0.00000000
L2R,474.50000000,0.00000000
L2R,475.50000000,0.00000000
L2R,476.50000000,0.00000000
L2R,477.50000000,0.00000000
L2R,478.50000000,0.00000000
L2R,479.50000000,0.00000000
L2R,480.50000000,0.00000000
L2R,481.50000000,0.00000000
L2R,482.50000000,0.00000000
L2R,483.50000000,0.00000000
L2R,484.50000000,0.00000000
L2R,485.50000000,0.00000000
L2R,486.50000000,0.00000000
L2R,487.50000000,0.00000000
L2R,488.50000000,0.00000000
L2R,489.50000000,0.00000000
L2R,490.50000000,0.00000000
L2R,491.50000000,0.00000000
L2R,492.50000000,0.00000000
L2R,493.50000000,0.00000000
L2R,494.50000000,0.00000000
L2R,495.50000000,0.00000000
L2R,496.50000000,0.00000000
L2R,497.50000000,0.00000000
L2R,498.50000000,0.00000000
L2R,499.50000000,0.00000000
L2R,500.50000000,0.00000000
L2R,501.50000000,0.00000000
L2R,502.50000000,0.00000000
L2R,503.50000000,0.00000000
L2R,504.50000000,0.00000000
L2R,505.50000000,0.00000000
L2R,506.50000000,0.00000000
L2R,507.50000000,0.00000000
L2R,508.50000000,0.00000000
L2R,509.50000000,0.00000000
L2R,510.50000000,0.00000000
L2R,511.50000000,0.00000000
L2R,512.50000000,0.00000000
L2R,513.50000000,0.00000000
L2R,514.50000000,0.00000000
L2R,515.50000000,0.00000000
L2R,516.50000000,0.00000000
L2R,517.50000000,0.00000000
L2R,518.50000000,0.00000000
L2R,519.50000000,0.00000000
L2R,520.50000000,0.00000000
L2R,521.50000000,0.00000000
L2R,522.50000000,0.00000000
L2R,523.50000000,0.00000000
L2R,524.50000000,0.00000000
L2R,525.50000000,0.00000000
L2R,526.50000000,0.00000000
L2R,527.50000000,0.00000000
L2R,528.50000000,0.00000000
L2R,529.50000000,0.00000000
L2R,530.50000000,0.00000000
L2R,531.50000000,0.00000000
L2R,532.50000000,0.00000000
L2R,533.50000000,0.00000000
L2R,534.50000000,0.00000000
L2R,535.50000000,0.00000000
L2R,536.50000000,0.00000000
L2R,537.50000000,0.00000000
L2R,538.50000000,0.00000000
L2R,539.50000000,0.00000000
L2R,540.50000000,0.00000000
L2R,541.50000000,0.00000000
L2R,542.50000000,0.00000000
L2R,543.50000000,0.00000000
L2R,544.50000000,0.00000000
L2R,545.50000000,0.00000000
L2R,546.50000000,0.00000000
L2R,547.50000000,0.00000000
L2R,548.50000000,0.00000000
L2R,549.50000000,0.00000000
L2R,550.50000000,0.00000000
L2R,551.50000000,0.00000000
L2R,552.50000000,0.00000000
L2R,553.50000000,0.00000000
L2R,554.50000000,0.00000000
L2R,555.50000000,0.00000000
L2R,556.50000000,0.00000000
L2R,557.50000000,0.00000000
L2R,558.50000000,0.00000000
L2R,559.50000000,0.00000000
L2R,560.50000000,0.00000000
L2R,561.50000000,0.00000000
L2R,562.50000000,0.00000000
L2R,563.50000000,0.00000000
L2R,564.50000000,0.00000000
L2R,565.50000000,0.00000000
L2R,566.50000000,0.00000000
L2R,567.50000000,0.00000000
L2R,568.50000000,0.00000000
L2R,569.50000000,0.00000000
L2R,570.50000000,0.00000000
L2R,571.50000000,0.00000000
L2R,572.50000000,0.00000000
L2R,573.50000000,0.00000000
L2R,574.50000000,0.00000000
L2R,575.50000000,0.00000000
L2R,576.50000000,0.00000000
L2R,577.50000000,0.00000000
L2R,578.50000000,0.00000000
L2R,579.50000000,0.00000000
L2R,580.50000000,0.00000000
L2R,581.50000000,0.00000000
L2R,582.50000000,0.00000000
L2R,583.50000000,0.00000000
L2R,584.50000000,0.00000000
L2R,585.50000000,0.00000000
L2R,586.50000000,0.00000000
L2R,587.50000000,0.00000000
L2R,588.50000000,0.00000000
L2R,589.50000000,0.00000000
L2R,590.50000000,0.00000000
L2R,591.50000000,0.00000000
L2R,592.50000000,0.00000000
L2R,593.50000000,0.00000000
L2R,594.50000000,0.00000000
L2R,595.50000000,0.00000000
L2R,596.50000000,0.00000000
L2R,597.50000000,0.00000000
L2R,598.50000000,0.00000000
L2R,599.50000000,0.00000000
L2R,600.50000000,0.00000000
L2R,601.50000000,0.00000000
L2R,602.50000000,0.00000000
L2R,603.50000000,0.00000000
L2R,604.50000000,0.00000000
L2R,605.50000000,0.00000000
L2R,606.50000000,0.00000000
L2R,607.50000000,0.00000000
L2R,608.50000000,0.00000000
L2R,609.50000000,0.00000000
L2R,610.50000000,0.00000000
L2R,611.50000000,0.00000000
L2R,612.50000000,0.00000000
L2R,613.50000000,0.00000000
L2R,614.50000000,0.00000000
L2R,615.50000000,0.00000000
L2R,616.50000000,0.00000000
L2R,617.50000000,0.00000000
L2R,618.50000000,0.00000000
L2R,619.50000000,0.00000000
L2R,620.50000000,0.00000000
L2R,621.50000000,0.00000000
L2R,622.50000000,0.00000000
L2R,623.50000000,0.00000000
L2R,624.50000000,0.00000000
L2R,625.50000000,0.00000000
L2R,626.50000000,0.00000000
L2R,627.50000000,0.00000000
L2R,628.50000000,36.80664062
L2R,629.50000000,69.59765625
L2R,630.50000000,110.48046875
L2R,631.50000000,147.34765625
L2R,632.50000000,184.09375000
L2R,633.50000000,188.42871094
L2R,634.50000000,176.32128906
L2R,635.50000000,164.27441406
L2R,636.50000000,152.16699219
L2R,637.50000000,140.05957031
L2R,638.50000000,128.02929688
L2R,639.50000000,115.98242188
L2R,640.50000000,103.87500000
L2R,641.50000000,91.76757812
L2R,642.50000000,79.66015625
L2R,643.50000000,67.61328125
L2R,644.50000000,55.58300781
L2R,645.50000000,43.41503906
L2R,646.50000000,31.30761719
L2R,647.50000000,19.26074219
L2R,648.50000000,7.15332031
L2R,649.50000000,0.31933594
L2R,650.50000000,0.00000000
L2R,651.50000000,0.00000000
L2R,652.50000000,0.00000000
L2R,653.50000000,0.00000000
L2R,654.50000000,0.00000000
L2R,655.50000000,0.00000000
L2R,656.50000000,0.00000000
L2R,657.50000000,0.00000000
L2R,658.50000000,0.00000000
L2R,659.50000000,0.00000000
L2R,660.50000000,0.00000000
L2R,661.50000000,0.00000000
L2R,662.50000000,0.00000000
L2R,663.50000000,0.00000000
L2R,664.50000000,0.00000000
L2R,665.50000000,0.00000000
L2R,666.50000000,0.00000000
L2R,667.50000000,0.00000000
L2R,668.50000000,0.00000000
L2R,669.50000000,0.00000000
L2R,670.50000000,0.00000000
L2R,671.50000000,0.00000000
L2R,672.50000000,0.00000000
L2R,673.50000000,4.07617188
L2R,674.50000000,40.88281250
L2R,675.50000000,73.67382812
L2R,676.50000000,110.48046875
L2R,677.50000000,147.34765625
L2R,678.50000000,184.15429688
L2R,679.50000000,184.35253906
L2R,680.50000000,172.24511719
L2R,681.50000000,160.13769531
L2R,682.50000000,148.09082031
L2R,683.50000000,135.98339844
L2R,684.50000000,123.95312500
L2R,685.50000000,115.98242188
L2R,686.50000000,124.25585938
L2R,687.50000000,157.04687500
L2R,688.50000000,193.85351562
L2R,689.50000000,230.72070312
L2R,690.50000000,267.58789062
L2R,691.50000000,304.39453125
L2R,692.50000000,292.34765625
L2R,693.50000000,280.37792969
L2R,694.50000000,268.20996094
L2R,695.50000000,256.16308594
L2R,696.50000000,244.17187500
L2R,697.50000000,232.08593750
L2R,698.50000000,220.03906250
L2R,699.50000000,211.94726562
L2R,700.50000000,248.81445312
L2R,701.50000000,285.68164062
L2R,702.50000000,318.47265625
L2R,703.50000000,355.33984375
L2R,704.50000000,392.02539062
L2R,705.50000000,396.28320312
L2R,706.50000000,384.23632812
L2R,707.50000000,372.20605469
L2R,708.50000000,360.09863281
L2R,709.50000000,347.97460938
L2R,710.50000000,335.82324219
L2R,711.50000000,323.71582031
L2R,712.50000000,311.62500000
L2R,713.50000000,299.51757812
L2R,714.50000000,287.28906250
L2R,715.50000000,275.06054688
L2R,716.50000000,267.02929688
L2R,717.50000000,254.86132812
L2R,718.50000000,242.75390625
L2R,719.50000000,230.62988281
L2R,720.50000000,218.52246094
L2R,721.50000000,206.37109375
L2R,722.50000000,194.14257812
L2R,723.50000000,181.99121094
L2R,724.50000000,169.88378906
L2R,725.50000000,157.71582031
L2R,726.50000000,145.48730469
L2R,727.50000000,133.37988281
L2R,728.50000000,121.21191406
L2R,729.50000000,109.10449219
L2R,730.50000000,96.79882812
L2R,731.50000000,84.69140625
L2R,732.50000000,76.61621094
L2R,733.50000000,64.28320312
L2R,734.50000000,51.87304688
L2R,735.50000000,39.26464844
L2R,736.50000000,26.71679688
L2R,737.50000000,14.36718750
L2R,738.50000000,6.15429688
L2R,739.50000000,0.62207031
L2R,740.50000000,41.32324219
L2R,741.50000000,73.87207031
L2R,742.50000000,110.60156250
L2R,743.50000000,143.21093750
L2R,744.50000000,180.01757812
L2R,745.50000000,188.42871094
L2R,746.50000000,176.38183594
L2R,747.50000000,164.27441406
L2R,748.50000000,152.10644531
L2R,749.50000000,139.99902344
L2R,750.50000000,127.95214844
L2R,751.50000000,115.92187500
L2R,752.50000000,103.81445312
L2R,753.50000000,91.70703125
L2R,754.50000000,79.66015625
L2R,755.50000000,67.55273438
L2R,756.50000000,55.52246094
L2R,757.50000000,43.41503906
L2R,758.50000000,31.30761719
L2R,759.50000000,19.26074219
L2R,760.50000000,7.15332031
L2R,761.50000000,0.92480469
L2R,762.50000000,0.00000000
L2R,763.50000000,0.00000000
L2R,764.50000000,0.00000000
L2R,765.50000000,36.80664062
L2R,766.50000000,69.59765625
L2R,767.50000000,106.40429688
L2R,768.50000000,147.34765625
L2R,769.50000000,184.09375000
L2R,770.50000000,204.73339844
L2R,771.50000000,192.62597656
L2R,772.50000000,180.57910156
L2R,773.50000000,213.34863281
L2R,774.50000000,250.17675781
L2R,775.50000000,286.98339844
L2R,776.50000000,323.79003906
L2R,777.50000000,360.79492188
L2R,778.50000000,389.44921875
L2R,779.50000000,426.31640625
L2R,780.50000000,463.18359375
L2R,781.50000000,500.05078125
L2R,782.50000000,536.85742188
L2R,783.50000000,569.64843750
L2R,784.50000000,557.60156250
L2R,785.50000000,545.63183594
L2R,786.50000000,533.58496094
L2R,787.50000000,521.47753906
L2R,788.50000000,509.46972656
L2R,789.50000000,497.38378906
L2R,790.50000000,485.21582031
L2R,791.50000000,473.10839844
L2R,792.50000000,461.00097656
L2R,793.50000000,448.95410156
L2R,794.50000000,436.98437500
L2R,795.50000000,424.95410156
L2R,796.50000000,412.90722656
L2R,797.50000000,400.79980469
L2R,798.50000000,388.75292969
L2R,799.50000000,376.70605469
L2R,800.50000000,364.59863281
L2R,801.50000000,352.62890625
L2R,802.50000000,340.52148438
L2R,803.50000000,328.41406250
L2R,804.50000000,316.30664062
L2R,805.50000000,304.25976562
L2R,806.50000000,292.21289062
L2R,807.50000000,280.16601562
L2R,808.50000000,268.11914062
L2R,809.50000000,256.02832031
L2R,810.50000000,243.98144531
L2R,811.50000000,231.93457031
L2R,812.50000000,219.96484375
L2R,813.50000000,207.85742188
L2R,814.50000000,195.75000000
L2R,815.50000000,183.70312500
L2R,816.50000000,171.65625000
L2R,817.50000000,163.71875000
L2R,818.50000000,151.59472656
L2R,819.50000000,139.52636719
L2R,820.50000000,127.31933594
L2R,821.50000000,115.21191406
L2R,822.50000000,103.12109375
L2R,823.50000000,90.77148438
L2R,824.50000000,78.60351562
L2R,825.50000000,66.49609375
L2R,826.50000000,54.32812500
L2R,827.50000000,42.22070312
L2R,828.50000000,29.85449219
L2R,829.50000000,17.52148438
L2R,830.50000000,9.30859375
L2R,831.50000000,3.63867188
L2R,832.50000000,24.51757812
L2R,833.50000000,110.23828125
L2R,834.50000000,191.94335938
L2R,835.50000000,277.66406250
L2R,836.50000000,363.50585938
L2R,837.50000000,449.22656250
L2R,838.50000000,445.33203125
L2R,839.50000000,433.28515625
L2R,840.50000000,421.23828125
L2R,841.50000000,409.13085938
L2R,842.50000000,397.02343750
L2R,843.50000000,385.13085938
L2R,844.50000000,373.12304688
L2R,845.50000000,361.03710938
L2R,846.50000000,348.92968750
L2R,847.50000000,336.88281250
L2R,848.50000000,324.77539062
L2R,849.50000000,312.72851562
L2R,850.50000000,300.68164062
L2R,851.50000000,288.57421875
L2R,852.50000000,276.52734375
L2R,853.50000000,264.35937500
L2R,854.50000000,252.46679688
L2R,855.50000000,240.41992188
L2R,856.50000000,228.31250000
L2R,857.50000000,216.26562500
L2R,858.50000000,204.15820312
L2R,859.50000000,192.11132812
L2R,860.50000000,180.06445312
L2R,861.50000000,168.01757812
L2R,862.50000000,155.91015625
L2R,863.50000000,143.86328125
L2R,864.50000000,131.83300781
L2R,865.50000000,119.86328125
L2R,866.50000000,107.81640625
L2R,867.50000000,95.70898438
L2R,868.50000000,83.66210938
L2R,869.50000000,71.55468750
L2R,870.50000000,59.50781250
L2R,871.50000000,47.46093750
L2R,872.50000000,35.35351562
L2R,873.50000000,23.30664062
L2R,874.50000000,11.19921875
L2R,875.50000000,5.24609375
L2R,876.50000000,0.00000000
L2R,877.50000000,0.00000000
L2R,878.50000000,0.00000000
L2R,879.50000000,36.68554688
L2R,880.50000000,118.39062500
L2R,881.50000000,204.17187500
L2R,882.50000000,289.95312500
L2R,883.50000000,375.73437500
L2R,884.50000000,457.43945312
L2R,885.50000000,473.86523438
L2R,886.50000000,461.81835938
L2R,887.50000000,449.71093750
L2R,888.50000000,437.66406250
L2R,889.50000000,425.61718750
L2R,890.50000000,413.66406250
L2R,891.50000000,401.61718750
L2R,892.50000000,389.50976562
L2R,893.50000000,377.46289062
L2R,894.50000000,365.49414062
L2R,895.50000000,353.30859375
L2R,896.50000000,341.26171875
L2R,897.50000000,329.21484375
L2R,898.50000000,321.18359375
L2R,899.50000000,309.13671875
L2R,900.50000000,297.16699219
L2R,901.50000000,285.13671875
L2R,902.50000000,273.08984375
L2R,903.50000000,260.98242188
L2R,904.50000000,248.93554688
L2R,905.50000000,236.88867188
L2R,906.50000000,224.78125000
L2R,907.50000000,212.73437500
L2R,908.50000000,200.68750000
L2R,909.50000000,188.58007812
L2R,910.50000000,176.53320312
L2R,911.50000000,164.58007812
L2R,912.50000000,152.53320312
L2R,913.50000000,140.48632812
L2R,914.50000000,128.37890625
L2R,915.50000000,116.33203125
L2R,916.50000000,104.28515625
L2R,917.50000000,92.17773438
L2R,918.50000000,80.13085938
L2R,919.50000000,68.02343750
L2R,920.50000000,55.97656250
L2R,921.50000000,43.92968750
L2R,922.50000000,31.91601562
L2R,923.50000000,19.86914062
L2R,924.50000000,7.76171875
L2R,925.50000000,3.04980469
L2R,926.50000000,0.00000000
L2R,927.50000000,0.00000000
L2R,928.50000000,0.00000000
L2R,929.50000000,0.00000000
L2R,930.50000000,0.00000000
L2R,931.50000000,0.00000000
L2R,932.50000000,0.00000000
L2R,933.50000000,0.00000000
L2R,934.50000000,0.00000000
L2R,935.50000000,0.00000000
L2R,936.50000000,0.00000000
L2R,937.50000000,0.00000000
L2R,938.50000000,0.00000000
L2R,939.50000000,0.00000000
L2R,940.50000000,0.00000000
L2R,941.50000000,0.00000000
L2R,942.50000000,0.00000000
L2R,943.50000000,0.00000000
L2R,944.50000000,0.00000000
L2R,945.50000000,0.00000000
L2R,946.50000000,0.00000000
L2R,947.50000000,0.00000000
L2R,948.50000000,0.00000000
L2R,949.50000000,0.00000000
L2R,950.50000000,0.00000000
L2R,951.50000000,0.00000000
L2R,952.50000000,0.00000000
L2R,953.50000000,0.00000000
L2R,954.50000000,0.00000000
L2R,955.50000000,0.00000000
L2R,956.50000000,0.00000000
L2R,957.50000000,0.00000000
L2R,958.50000000,0.00000000
L2R,959.50000000,0.00000000
L2R,960.50000000,0.00000000
L2R,961.50000000,0.00000000
L2R,962.50000000,0.00000000
L2R,963.50000000,0.00000000
L2R,964.50000000,0.00000000
L2R,965.50000000,0.00000000
L2R,966.50000000,0.00000000
L2R,967.50000000,0.00000000
L2R,968.50000000,0.00000000
L2R,969.50000000,0.00000000
L2R,970.50000000,0.00000000
L2R,971.50000000,0.00000000
L2R,972.50000000,0.00000000
L2R,973.50000000,0.00000000
L2R,974.50000000,0.00000000
L2R,975.50000000,0.00000000
L2R,976.50000000,0.00000000
L2R,977.50000000,0.00000000
L2R,978.50000000,0.00000000
L2R,979.50000000,0.00000000
L2R,980.50000000,0.00000000
L2R,981.50000000,0.00000000
L2R,982.50000000,0.00000000
L2R,983.50000000,0.00000000
L2R,984.50000000,0.00000000
L2R,985.50000000,0.00000000
L2R,986.50000000,0.00000000
L2R,987.50000000,0.00000000
L2R,988.50000000,0.00000000
L2R,989.50000000,0.00000000
L2R,990.50000000,0.00000000
L2R,991.50000000,0.00000000
L2R,992.50000000,0.00000000
L2R,993.50000000,0.00000000
L2R,994.50000000,0.00000000
L2R,995.50000000,0.00000000
L2R,996.50000000,0.00000000
L2R,997.50000000,0.00000000
L2R,998.50000000,0.00000000
L2R,999.50000000,0.00000000
L2R,1000.50000000,0.00000000
L2R,1001.50000000,0.00000000
L2R,1002.50000000,0.00000000
L2R,1003.50000000,0.00000000
L2R,1004.50000000,0.00000000
L2R,1005.50000000,0.00000000
L2R,1006.50000000,0.00000000
L2R,1007.50000000,0.00000000
L2R,1008.50000000,0.00000000
L2R,1009.50000000,0.00000000
L2R,1010.50000000,0.00000000
L2R,1011.50000000,0.00000000
L2R,1012.50000000,0.00000000
L2R,1013.50000000,0.00000000
L2R,1014.50000000,0.00000000
L2R,1015.50000000,0.00000000
L2R,1016.50000000,0.00000000
L2R,1017.50000000,0.00000000
L2R,1018.50000000,0.00000000
L2R,1019.50000000,0.00000000
L2R,1020.50000000,0.00000000
L2R,1021.50000000,0.00000000
L2R,1022.50000000,0.00000000
L2R,1023.50000000,0.00000000
L2R,1024.50000000,0.00000000
L2R,1025.50000000,0.00000000
L2R,1026.50000000,0.00000000
L2R,1027.50000000,0.00000000
L2R,1028.50000000,0.00000000
L2R,1029.50000000,0.00000000
L2R,1030.50000000,0.00000000
L2R,1031.50000000,0.00000000
L2R,1032.50000000,0.00000000
L2R,1033.50000000,0.00000000
L2R,1034.50000000,0.00000000
L2R,1035.50000000,0.00000000
L2R,1036.50000000,0.00000000
L2R,1037.50000000,0.00000000
L2R,1038.50000000,0.00000000
L2R,1039.50000000,0.00000000
L2R,1040.50000000,0.00000000
L2R,1041.50000000,0.00000000
L2R,1042.50000000,0.00000000
L2R,1043.50000000,0.00000000
L2R,1044.50000000,0.00000000
L2R,1045.50000000,0.00000000
L2R,1046.50000000,0.00000000
L2R,1047.50000000,0.00000000
L2R,1048.50000000,0.00000000
L2R,1049.50000000,0.00000000
L2R,1050.50000000,0.00000000
L2R,1051.50000000,0.00000000
L2R,1052.50000000,0.00000000
L2R,1053.50000000,0.00000000
L2R,1054.50000000,0.00000000
L2R,1055.50000000,0.00000000
L2R,1056.50000000,0.00000000
L2R,1057.50000000,0.00000000
L2R,1058.50000000,0.00000000
L2R,1059.50000000,0.00000000
L2R,1060.50000000,0.00000000
L2R,1061.50000000,0.00000000
L2R,1062.50000000,0.00000000
L2R,1063.50000000,0.00000000
L2R,1064.50000000,0.00000000
L2R,1065.50000000,0.00000000
L2R,1066.50000000,0.00000000
L2R,1067.50000000,0.00000000
L2R,1068.50000000,0.00000000
L2R,1069.50000000,0.00000000
L2R,1070.50000000,0.00000000
L2R,1071.50000000,0.00000000
L2R,1072.50000000,0.00000000
L2R,1073.50000000,0.00000000
L2R,1074.50000000,0.00000000
L2R,1075.50000000,0.00000000
L2R,1076.50000000,0.00000000
L2R,1077.50000000,0.00000000
L2R,1078.50000000,0.00000000
L2R,1079.50000000,0.00000000
L2R,1080.50000000,0.00000000
L2R,1081.50000000,0.00000000
L2R,1082.50000000,0.00000000
L2R,1083.50000000,0.00000000
L2R,1084.50000000,0.00000000
L2R,1085.50000000,0.00000000
L2R,1086.50000000,0.00000000
L2R,1087.50000000,0.00000000
L2R,1088.50000000,0.00000000
L2R,1089.50000000,0.00000000
L2R,1090.50000000,0.00000000
L2R,1091.50000000,0.00000000
L2R,1092.50000000,0.00000000
L2R,1093.50000000,0.00000000
L2R,1094.50000000,0.00000000
L2R,1095.50000000,0.00000000
L2R,1096.50000000,0.00000000
L2R,1097.50000000,0.00000000
L2R,1098.50000000,0.00000000
L2R,1099.50000000,0.00000000
L2R,1100.50000000,0.00000000
L2R,1101.50000000,0.00000000
L2R,1102.50000000,0.00000000
L2R,1103.50000000,0.00000000
L2R,1104.50000000,0.00000000
L2R,1105.50000000,0.00000000
L2R,1106.50000000,0.00000000
L2R,1107.50000000,0.00000000
L2R,1108.50000000,0.00000000
L2R,1109.50000000,0.00000000
L2R,1110.50000000,0.00000000
L2R,1111.50000000,0.00000000
L2R,1112.50000000,0.00000000
L2R,1113.50000000,0.00000000
L2R,1114.50000000,0.00000000
L2R,1115.50000000,0.00000000
L2R,1116.50000000,0.00000000
L2R,1117.50000000,0.00000000
L2R,1118.50000000,0.00000000
L2R,1119.50000000,0.00000000
L2R,1120.50000000,0.00000000
L2R,1121.50000000,0.00000000
L2R,1122.50000000,0.00000000
L2R,1123.50000000,0.00000000
L2R,1124.50000000,0.00000000
L2R,1125.50000000,0.00000000
L2R,1126.50000000,0.00000000
L2R,1127.50000000,0.00000000
L2R,1128.50000000,0.00000000
L2R,1129.50000000,0.00000000
L2R,1130.50000000,0.00000000
L2R,1131.50000000,0.00000000
L2R,1132.50000000,0.00000000
L2R,1133.50000000,0.00000000
L2R,1134.50000000,0.00000000
L2R,1135.50000000,0.00000000
L2R,1136.50000000,0.00000000
L2R,1137.50000000,0.00000000
L2R,1138.50000000,0.00000000
L2R,1139.50000000,0.00000000
L2R,1140.50000000,0.00000000
L2R,1141.50000000,0.00000000
L2R,1142.50000000,0.00000000
L2R,1143.50000000,0.00000000
L2R,1144.50000000,0.00000000
L2R,1145.50000000,0.00000000
L2R,1146.50000000,0.00000000
L2R,1147.50000000,0.00000000
L2R,1148.50000000,0.00000000
L2R,1149.50000000,0.00000000
L2R,1150.50000000,0.00000000
L2R,1151.50000000,0.00000000
L2R,1152.50000000,0.00000000
L2R,1153.50000000,0.00000000
L2R,1154.50000000,0.00000000
L2R,1155.50000000,0.00000000
L2R,1156.50000000,0.00000000
L2R,1157.50000000,0.00000000
L2R,1158.50000000,0.00000000
L2R,1159.50000000,0.00000000
L2R,1160.50000000,0.00000000
L2R,1161.50000000,0.00000000
L2R,1162.50000000,0.00000000
L2R,1163.50000000,0.00000000
L2R,1164.50000000,0.00000000
L2R,1165.50000000,0.00000000
L2R,1166.50000000,0.00000000
L2R,1167.50000000,0.00000000
L2R,1168.50000000,0.00000000
L2R,1169.50000000,0.00000000
L2R,1170.50000000,0.00000000
L2R,1171.50000000,0.00000000
L2R,1172.50000000,0.00000000
L2R,1173.50000000,0.00000000
L2R,1174.50000000,0.00000000
L2R,1175.50000000,0.00000000
L2R,1176.50000000,0.00000000
L2R,1177.50000000,0.00000000
L2R,1178.50000000,0.00000000
L2R,1179.50000000,0.00000000
L2R,1180.50000000,0.00000000
L2R,1181.50000000,0.00000000
L2R,1182.50000000,0.00000000
L2R,1183.50000000,0.00000000
L2R,1184.50000000,0.00000000
L2R,1185.50000000,0.00000000
L2R,1186.50000000,0.00000000
L2R,1187.50000000,0.00000000
L2R,1188.50000000,0.00000000
L2R,1189.50000000,0.00000000
L2R,1190.50000000,0.00000000
L2R,1191.50000000,0.00000000
L2R,1192.50000000,0.00000000
L2R,1193.50000000,0.00000000
L2R,1194.50000000,0.00000000
L2R,1195.50000000,0.00000000
L2R,1196.50000000,0.00000000
L2R,1197.50000000,0.00000000
L2R,1198.50000000,0.00000000
L2R,1199.50000000,0.00000000
L2R,1200.50000000,0.00000000
L2R,1201.50000000,0.00000000
L2R,1202.50000000,0.00000000
L2R,1203.50000000,0.00000000
L2R,1204.50000000,0.00000000
L2R,1205.50000000,0.00000000
L2R,1206.50000000,0.00000000
L2R,1207.50000000,0.00000000
L2R,1208.50000000,0.00000000
L2R,1209.50000000,0.00000000
L2R,1210.50000000,0.00000000
L2R,1211.50000000,0.00000000
L2R,1212.50000000,0.00000000
L2R,1213.50000000,0.00000000
L2R,1214.50000000,0.00000000
L2R,1215.50000000,0.00000000
L2R,1216.50000000,0.00000000
L2R,1217.50000000,0.00000000
L2R,1218.50000000,0.00000000
L2R,1219.50000000,0.00000000
L2R,1220.50000000,0.00000000
L2R,1221.50000000,0.00000000
L2R,1222.50000000,0.00000000
L2R,1223.50000000,0.00000000
L2R,1224.50000000,0.00000000
L2R,1225.50000000,0.00000000
L2R,1226.50000000,0.00000000
L2R,1227.50000000,0.00000000
L2R,1228.50000000,0.00000000
L2R,1229.50000000,0.00000000
L2R,1230.50000000,0.00000000
L2R,1231.50000000,0.00000000
L2R,1232.50000000,0.00000000
L2R,1233.50000000,0.00000000
L2R,1234.50000000,0.00000000
L2R,1235.50000000,0.00000000
L2R,1236.50000000,0.00000000
L2R,1237.50000000,0.00000000
L2R,1238.50000000,0.00000000
L2R,1239.50000000,0.00000000
L2R,1240.50000000,0.00000000
L2R,1241.50000000,0.00000000
L2R,1242.50000000,0.00000000
L2R,1243.50000000,0.00000000
L2R,1244.50000000,0.00000000
L2R,1245.50000000,0.00000000
L2R,1246.50000000,0.00000000
L2R,1247.50000000,0.00000000
L2R,1248.50000000,0.00000000
L2R,1249.50000000,0.00000000
L2R,1250.50000000,0.00000000
L2R,1251.50000000,0.00000000
L2R,1252.50000000,0.00000000
L2R,1253.50000000,0.00000000
L2R,1254.50000000,0.00000000
L2R,1255.50000000,0.00000000
L2R,1256.50000000,0.00000000
L2R,1257.50000000,0.00000000
L2R,1258.50000000,0.00000000
L2R,1259.50000000,0.00000000
L2R,1260.50000000,0.00000000
L2R,1261.50000000,0.00000000
L2R,1262.50000000,0.00000000
L2R,1263.50000000,0.00000000
L2R,1264.50000000,0.00000000
L2R,1265.50000000,0.00000000
L2R,1266.50000000,0.00000000
L2R,1267.50000000,0.00000000
L2R,1268.50000000,0.00000000
L2R,1269.50000000,0.00000000
L2R,1270.50000000,0.00000000
L2R,1271.50000000,0.00000000
L2R,1272.50000000,0.00000000
L2R,1273.50000000,0.00000000
L2R,1274.50000000,0.00000000
L2R,1275.50000000,0.00000000
L2R,1276.50000000,0.00000000
L2R,1277.50000000,0.00000000
L2R,1278.50000000,0.00000000
L2R,1279.50000000,0.00000000
L2R,1280.50000000,0.00000000
L2R,1281.50000000,0.00000000
L2R,1282.50000000,0.00000000
L2R,1283.50000000,0.00000000
L2R,1284.50000000,0.00000000
L2R,1285.50000000,0.00000000
L2R,1286.50000000,0.00000000
L2R,1287.50000000,0.00000000
L2R,1288.50000000,0.00000000
L2R,1289.50000000,36.80664062
L2R,1290.50000000,73.67382812
L2R,1291.50000000,110.48046875
L2R,1292.50000000,147.34765625
L2R,1293.50000000,184.15429688
L2R,1294.50000000,184.35253906
L2R,1295.50000000,172.24511719
L2R,1296.50000000,164.21386719
L2R,1297.50000000,152.16699219
L2R,1298.50000000,140.05957031
L2R,1299.50000000,128.02929688
L2R,1300.50000000,115.98242188
L2R,1301.50000000,103.87500000
L2R,1302.50000000,91.76757812
L2R,1303.50000000,79.66015625
L2R,1304.50000000,67.61328125
L2R,1305.50000000,55.58300781
L2R,1306.50000000,43.47558594
L2R,1307.50000000,31.36816406
L2R,1308.50000000,19.32128906
L2R,1309.50000000,7.21386719
L2R,1310.50000000,0.12109375
L2R,1311.50000000,0.00000000
L2R,1312.50000000,0.00000000
L2R,1313.50000000,0.00000000
L2R,1314.50000000,0.00000000
L2R,1315.50000000,0.00000000
L2R,1316.50000000,0.00000000
L2R,1317.50000000,0.00000000
L2R,1318.50000000,0.00000000
L2R,1319.50000000,0.00000000
L2R,1320.50000000,0.00000000
L2R,1321.50000000,0.00000000
L2R,1322.50000000,0.00000000
L2R,1323.50000000,0.00000000
L2R,1324.50000000,0.00000000
L2R,1325.50000000,0.00000000
L2R,1326.50000000,0.00000000
L2R,1327.50000000,0.00000000
L2R,1328.50000000,0.00000000
L2R,1329.50000000,0.00000000
L2R,1330.50000000,0.00000000
L2R,1331.50000000,0.00000000
L2R,1332.50000000,0.00000000
L2R,1333.50000000,0.00000000
L2R,1334.50000000,0.00000000
L2R,1335.50000000,0.00000000
L2R,1336.50000000,0.00000000
L2R,1337.50000000,0.00000000
L2R,1338.50000000,0.00000000
L2R,1339.50000000,0.00000000
L2R,1340.50000000,0.00000000
L2R,1341.50000000,0.00000000
L2R,1342.50000000,0.00000000
L2R,1343.50000000,0.00000000
L2R,1344.50000000,0.00000000
L2R,1345.50000000,0.00000000
L2R,1346.50000000,0.00000000
L2R,1347.50000000,12.22851562
L2R,1348.50000000,49.09570312
L2R,1349.50000000,85.96289062
L2R,1350.50000000,122.76953125
L2R,1351.50000000,159.57617188
L2R,1352.50000000,192.30664062
L2R,1353.50000000,180.33691406
L2R,1354.50000000,172.30566406
L2R,1355.50000000,160.19824219
L2R,1356.50000000,148.15136719
L2R,1357.50000000,136.04394531
L2R,1358.50000000,124.01367188
L2R,1359.50000000,111.90625000
L2R,1360.50000000,99.85937500
L2R,1361.50000000,87.75195312
L2R,1362.50000000,75.64453125
L2R,1363.50000000,63.61425781
L2R,1364.50000000,51.56738281
L2R,1365.50000000,39.49902344
L2R,1366.50000000,27.35253906
L2R,1367.50000000,15.24511719
L2R,1368.50000000,3.13769531
L2R,1369.50000000,0.00000000
L2R,1370.50000000,36.80664062
L2R,1371.50000000,73.67382812
L2R,1372.50000000,106.40429688
L2R,1373.50000000,143.27148438
L2R,1374.50000000,184.09375000
L2R,1375.50000000,188.42871094
L2R,1376.50000000,176.32128906
L2R,1377.50000000,164.27441406
L2R,1378.50000000,152.16699219
L2R,1379.50000000,140.05957031
L2R,1380.50000000,128.02929688
L2R,1381.50000000,115.98242188
L2R,1382.50000000,103.87500000
L2R,1383.50000000,156.92578125
L2R,1384.50000000,238.66992188
L2R,1385.50000000,324.41210938
L2R,1386.50000000,406.11718750
L2R,1387.50000000,491.89843750
L2R,1388.50000000,553.22265625
L2R,1389.50000000,541.17578125
L2R,1390.50000000,529.12890625
L2R,1391.50000000,517.08203125
L2R,1392.50000000,504.93066406
L2R,1393.50000000,492.88378906
L2R,1394.50000000,480.83691406
L2R,1395.50000000,468.72949219
L2R,1396.50000000,456.62207031
L2R,1397.50000000,444.57519531
L2R,1398.50000000,432.68261719
L2R,1399.50000000,420.63574219
L2R,1400.50000000,408.58886719
L2R,1401.50000000,396.48144531
L2R,1402.50000000,384.43457031
L2R,1403.50000000,372.32714844
L2R,1404.50000000,360.28027344
L2R,1405.50000000,348.23339844
L2R,1406.50000000,336.12597656
L2R,1407.50000000,324.01855469
L2R,1408.50000000,311.97167969
L2R,1409.50000000,300.00195312
L2R,1410.50000000,287.83398438
L2R,1411.50000000,275.77050781
L2R,1412.50000000,263.67968750
L2R,1413.50000000,251.52832031
L2R,1414.50000000,239.42089844
L2R,1415.50000000,231.42871094
L2R,1416.50000000,219.16113281
L2R,1417.50000000,206.99316406
L2R,1418.50000000,194.88574219
L2R,1419.50000000,182.71777344
L2R,1420.50000000,170.61035156
L2R,1421.50000000,158.38183594
L2R,1422.50000000,146.19726562
L2R,1423.50000000,134.16699219
L2R,1424.50000000,122.01562500
L2R,1425.50000000,109.84765625
L2R,1426.50000000,97.74023438
L2R,1427.50000000,85.57226562
L2R,1428.50000000,73.46484375
L2R,1429.50000000,61.23632812
L2R,1430.50000000,49.06835938
L2R,1431.50000000,40.91601562
L2R,1432.50000000,28.85253906
L2R,1433.50000000,16.74511719
L2R,1434.50000000,7.11230469
L2R,1435.50000000,1.36523438
L2R,1436.50000000,0.00000000
L2R,1437.50000000,4.07617188
L2R,1438.50000000,36.80664062
L2R,1439.50000000,73.67382812
L2R,1440.50000000,110.48046875
L2R,1441.50000000,147.34765625
L2R,1442.50000000,184.15429688
L2R,1443.50000000,200.65722656
L2R,1444.50000000,188.54980469
L2R,1445.50000000,176.44238281
L2R,1446.50000000,164.39550781
L2R,1447.50000000,152.28808594
L2R,1448.50000000,144.33398438
L2R,1449.50000000,132.28710938
L2R,1450.50000000,120.17968750
L2R,1451.50000000,108.07226562
L2R,1452.50000000,95.96484375
L2R,1453.50000000,83.95703125
L2R,1454.50000000,71.88769531
L2R,1455.50000000,59.78027344
L2R,1456.50000000,47.67285156
L2R,1457.50000000,35.62597656
L2R,1458.50000000,23.51855469
L2R,1459.50000000,11.48828125
L2R,1460.50000000,2.29003906
L2R,1461.50000000,0.00000000
L2R,1462.50000000,0.00000000
L2R,1463.50000000,0.00000000
L2R,1464.50000000,0.00000000
L2R,1465.50000000,0.00000000
L2R,1466.50000000,0.00000000
L2R,1467.50000000,0.00000000
L2R,1468.50000000,0.00000000
L2R,1469.50000000,0.00000000
L2R,1470.50000000,0.00000000
L2R,1471.50000000,0.00000000
L2R,1472.50000000,28.53320312
L2R,1473.50000000,114.25390625
L2R,1474.50000000,200.09570312
L2R,1475.50000000,285.87695312
L2R,1476.50000000,371.65820312
L2R,1477.50000000,457.43945312
L2R,1478.50000000,445.33203125
L2R,1479.50000000,433.28515625
L2R,1480.50000000,421.23828125
L2R,1481.50000000,409.13085938
L2R,1482.50000000,397.08398438
L2R,1483.50000000,385.23046875
L2R,1484.50000000,373.08398438
L2R,1485.50000000,361.03710938
L2R,1486.50000000,348.92968750
L2R,1487.50000000,336.88281250
L2R,1488.50000000,324.77539062
L2R,1489.50000000,312.72851562
L2R,1490.50000000,300.68164062
L2R,1491.50000000,288.57421875
L2R,1492.50000000,276.46679688
L2R,1493.50000000,264.41992188
L2R,1494.50000000,252.46679688
L2R,1495.50000000,240.41992188
L2R,1496.50000000,228.31250000
L2R,1497.50000000,216.26562500
L2R,1498.50000000,204.29687500
L2R,1499.50000000,192.11132812
L2R,1500.50000000,180.06445312
L2R,1501.50000000,168.01757812
L2R,1502.50000000,155.91015625
L2R,1503.50000000,143.86328125
L2R,1504.50000000,131.83300781
L2R,1505.50000000,119.86328125
L2R,1506.50000000,107.81640625
L2R,1507.50000000,95.70898438
L2R,1508.50000000,83.66210938
L2R,1509.50000000,71.61523438
L2R,1510.50000000,59.50781250
L2R,1511.50000000,47.46093750
L2R,1512.50000000,35.35351562
L2R,1513.50000000,23.38476562
L2R,1514.50000000,11.25976562
L2R,1515.50000000,5.18554688
L2R,1516.50000000,0.00000000
L2R,1517.50000000,85.72070312
L2R,1518.50000000,171.50195312
L2R,1519.50000000,257.28320312
L2R,1520.50000000,343.06445312
L2R,1521.50000000,428.84570312
L2R,1522.50000000,449.40820312
L2R,1523.50000000,437.30078125
L2R,1524.50000000,425.25390625
L2R,1525.50000000,413.14648438
L2R,1526.50000000,401.09960938
L2R,1527.50000000,389.20703125
L2R,1528.50000000,377.09960938
L2R,1529.50000000,365.05273438
L2R,1530.50000000,352.94531250
L2R,1531.50000000,340.89843750
L2R,1532.50000000,328.85156250
L2R,1533.50000000,316.74414062
L2R,1534.50000000,304.69726562
L2R,1535.50000000,292.58984375
L2R,1536.50000000,280.54296875
L2R,1537.50000000,268.49609375
L2R,1538.50000000,256.48242188
L2R,1539.50000000,244.43554688
L2R,1540.50000000,232.38867188
L2R,1541.50000000,220.28125000
L2R,1542.50000000,208.23437500
L2R,1543.50000000,196.12695312
L2R,1544.50000000,184.08007812
L2R,1545.50000000,172.03320312
L2R,1546.50000000,159.92578125
L2R,1547.50000000,147.87890625
L2R,1548.50000000,135.83203125
L2R,1549.50000000,123.87890625
L2R,1550.50000000,111.83203125
L2R,1551.50000000,99.72460938
L2R,1552.50000000,87.67773438
L2R,1553.50000000,75.63085938
L2R,1554.50000000,63.52343750
L2R,1555.50000000,51.47656250
L2R,1556.50000000,39.42968750
L2R,1557.50000000,27.32226562
L2R,1558.50000000,15.27539062
L2R,1559.50000000,6.89746094
L2R,1560.50000000,1.24414062
L2R,1561.50000000,0.00000000
L2R,1562.50000000,0.00000000
L2R,1563.50000000,12.22851562
L2R,1564.50000000,97.94921875
L2R,1565.50000000,183.73046875
L2R,1566.50000000,269.51171875
L2R,1567.50000000,347.14062500
L2R,1568.50000000,432.92187500
L2R,1569.50000000,477.88085938
L2R,1570.50000000,465.83398438
L2R,1571.50000000,453.72656250
L2R,1572.50000000,441.67968750
L2R,1573.50000000,429.63281250
L2R,1574.50000000,417.74023438
L2R,1575.50000000,405.63281250
L2R,1576.50000000,393.58593750
L2R,1577.50000000,381.47851562
L2R,1578.50000000,369.43164062
L2R,1579.50000000,357.32421875
L2R,1580.50000000,345.27734375
L2R,1581.50000000,333.23046875
L2R,1582.50000000,321.12304688
L2R,1583.50000000,313.15234375
L2R,1584.50000000,301.10546875
L2R,1585.50000000,289.15234375
L2R,1586.50000000,277.10546875
L2R,1587.50000000,265.09765625
L2R,1588.50000000,252.95117188
L2R,1589.50000000,240.90429688
L2R,1590.50000000,228.79687500
L2R,1591.50000000,216.75000000
L2R,1592.50000000,204.70312500
L2R,1593.50000000,192.59570312
L2R,1594.50000000,180.54882812
L2R,1595.50000000,168.57910156
L2R,1596.50000000,156.54882812
L2R,1597.50000000,144.50195312
L2R,1598.50000000,132.39453125
L2R,1599.50000000,120.34765625
L2R,1600.50000000,108.30078125
L2R,1601.50000000,96.19335938
L2R,1602.50000000,84.18554688
L2R,1603.50000000,72.09960938
L2R,1604.50000000,59.99218750
L2R,1605.50000000,47.88476562
L2R,1606.50000000,35.85449219
L2R,1607.50000000,23.88476562
L2R,1608.50000000,11.83789062
L2R,1609.50000000,5.02050781
L2R,1610.50000000,0.00000000
L2R,1611.50000000,0.00000000
L2R,1612.50000000,0.00000000
L2R,1613.50000000,0.00000000
L2R,1614.50000000,0.00000000
L2R,1615.50000000,0.00000000
L2R,1616.50000000,0.00000000
L2R,1617.50000000,0.00000000
L2R,1618.50000000,0.00000000
L2R,1619.50000000,0.00000000
L2R,1620.50000000,0.00000000
L2R,1621.50000000,0.00000000
L2R,1622.50000000,0.00000000
L2R,1623.50000000,0.00000000
L2R,1624.50000000,0.00000000
L2R,1625.50000000,0.00000000
L2R,1626.50000000,0.00000000
L2R,1627.50000000,0.00000000
L2R,1628.50000000,0.00000000
L2R,1629.50000000,0.00000000
L2R,1630.50000000,0.00000000
L2R,1631.50000000,0.00000000
L2R,1632.50000000,0.00000000
L2R,1633.50000000,0.00000000
L2R,1634.50000000,0.00000000
L2R,1635.50000000,0.00000000
L2R,1636.50000000,0.00000000
L2R,1637.50000000,0.00000000
L2R,1638.50000000,0.00000000
L2R,1639.50000000,0.00000000
L2R,1640.50000000,0.00000000
L2R,1641.50000000,0.00000000
L2R,1642.50000000,0.00000000
L2R,1643.50000000,0.00000000
L2R,1644.50000000,0.00000000
L2R,1645.50000000,0.00000000
L2R,1646.50000000,0.00000000
L2R,1647.50000000,0.00000000
L2R,1648.50000000,0.00000000
L2R,1649.50000000,0.00000000
L2R,1650.50000000,0.00000000
L2R,1651.50000000,0.00000000
L2R,1652.50000000,0.00000000
L2R,1653.50000000,0.00000000
L2R,1654.50000000,0.00000000
L2R,1655.50000000,0.00000000
L2R,1656.50000000,0.00000000
L2R,1657.50000000,0.00000000
L2R,1658.50000000,0.00000000
L2R,1659.50000000,0.00000000
L2R,1660.50000000,0.00000000
L2R,1661.50000000,0.00000000
L2R,1662.50000000,0.00000000
L2R,1663.50000000,0.00000000
L2R,1664.50000000,0.00000000
L2R,1665.50000000,0.00000000
L2R,1666.50000000,0.00000000
L2R,1667.50000000,0.00000000
L2R,1668.50000000,0.00000000
L2R,1669.50000000,0.00000000
L2R,1670.50000000,0.00000000
L2R,1671.50000000,0.00000000
L2R,1672.50000000,0.00000000
L2R,1673.50000000,0.00000000
L2R,1674.50000000,0.00000000
L2R,1675.50000000,0.00000000
L2R,1676.50000000,0.00000000
L2R,1677.50000000,0.00000000
L2R,1678.50000000,0.00000000
L2R,1679.50000000,0.00000000
L2R,1680.50000000,0.00000000
L2R,1681.50000000,0.00000000
L2R,1682.50000000,0.00000000
L2R,1683.50000000,0.00000000
L2R,1684.50000000,0.00000000
L2R,1685.50000000,0.00000000
L2R,1686.50000000,0.00000000
L2R,1687.50000000,0.00000000
L2R,1688.50000000,0.00000000
L2R,1689.50000000,0.00000000
L2R,1690.50000000,0.00000000
L2R,1691.50000000,0.00000000
L2R,1692.50000000,0.00000000
L2R,1693.50000000,0.00000000
L2R,1694.50000000,0.00000000
L2R,1695.50000000,0.00000000
L2R,1696.50000000,0.00000000
L2R,1697.50000000,0.00000000
L2R,1698.50000000,0.00000000
L2R,1699.50000000,0.00000000
L2R,1700.50000000,0.00000000
L2R,1701.50000000,0.00000000
L2R,1702.50000000,0.00000000
L2R,1703.50000000,0.00000000
L2R,1704.50000000,0.00000000
L2R,1705.50000000,0.00000000
L2R,1706.50000000,0.00000000
L2R,1707.50000000,0.00000000
L2R,1708.50000000,0.00000000
L2R,1709.50000000,0.00000000
L2R,1710.50000000,0.00000000
L2R,1711.50000000,0.00000000
L2R,1712.50000000,0.00000000
L2R,1713.50000000,0.00000000
L2R,1714.50000000,0.00000000
L2R,1715.50000000,0.00000000
L2R,1716.50000000,0.00000000
L2R,1717.50000000,0.00000000
L2R,1718.50000000,0.00000000
L2R,1719.50000000,0.00000000
L2R,1720.50000000,0.00000000
L2R,1721.50000000,0.00000000
L2R,1722.50000000,0.00000000
L2R,1723.50000000,0.00000000
L2R,1724.50000000,0.00000000
L2R,1725.50000000,0.00000000
L2R,1726.50000000,0.00000000
L2R,1727.50000000,0.00000000
L2R,1728.50000000,0.00000000
L2R,1729.50000000,0.00000000
L2R,1730.50000000,0.00000000
L2R,1731.50000000,0.00000000
L2R,1732.50000000,0.00000000
L2R,1733.50000000,0.00000000
L2R,1734.50000000,0.00000000
L2R,1735.50000000,0.00000000
L2R,1736.50000000,0.00000000
L2R,1737.50000000,0.00000000
L2R,1738.50000000,0.00000000
L2R,1739.50000000,0.00000000
L2R,1740.50000000,0.00000000
L2R,1741.50000000,0.00000000
L2R,1742.50000000,0.00000000
L2R,1743.50000000,0.00000000
L2R,1744.50000000,0.00000000
L2R,1745.50000000,0.00000000
L2R,1746.50000000,0.00000000
L2R,1747.50000000,0.00000000
L2R,1748.50000000,0.00000000
L2R,1749.50000000,0.00000000
L2R,1750.50000000,0.00000000
L2R,1751.50000000,0.00000000
L2R,1752.50000000,0.00000000
L2R,1753.50000000,0.00000000
L2R,1754.50000000,0.00000000
L2R,1755.50000000,0.00000000
L2R,1756.50000000,0.00000000
L2R,1757.50000000,0.00000000
L2R,1758.50000000,0.00000000
L2R,1759.50000000,0.00000000
L2R,1760.50000000,0.00000000
L2R,1761.50000000,0.00000000
L2R,1762.50000000,0.00000000
L2R,1763.50000000,0.00000000
L2R,1764.50000000,0.00000000
L2R,1765.50000000,0.00000000
L2R,1766.50000000,0.00000000
L2R,1767.50000000,0.00000000
L2R,1768.50000000,0.00000000
L2R,1769.50000000,0.00000000
L2R,1770.50000000,0.00000000
L2R,1771.50000000,0.00000000
L2R,1772.50000000,0.00000000
L2R,1773.50000000,0.00000000
L2R,1774.50000000,0.00000000
L2R,1775.50000000,0.00000000
L2R,1776.50000000,0.00000000
L2R,1777.50000000,0.00000000
L2R,1778.50000000,0.00000000
L2R,1779.50000000,0.00000000
L2R,1780.50000000,0.00000000
L2R,1781.50000000,0.00000000
L2R,1782.50000000,0.00000000
L2R,1783.50000000,0.00000000
L2R,1784.50000000,0.00000000
L2R,1785.50000000,0.00000000
L2R,1786.50000000,0.00000000
L2R,1787.50000000,0.00000000
L2R,1788.50000000,0.00000000
L2R,1789.50000000,0.00000000
L2R,1790.50000000,0.00000000
L2R,1791.50000000,0.00000000
L2R,1792.50000000,0.00000000
L2R,1793.50000000,0.00000000
L2R,1794.50000000,0.00000000
L2R,1795.50000000,0.00000000
L2R,1796.50000000,0.00000000
L2R,1797.50000000,0.00000000
L2R,1798.50000000,0.00000000
L2R,1799.50000000,0.00000000
L2R,1800.50000000,0.00000000
L2R,1801.50000000,0.00000000
L2R,1802.50000000,0.00000000
L2R,1803.50000000,0.00000000
L2R,1804.50000000,0.00000000
L2R,1805.50000000,0.00000000
L2R,1806.50000000,0.00000000
L2R,1807.50000000,0.00000000
L2R,1808.50000000,0.00000000
L2R,1809.50000000,0.00000000
L2R,1810.50000000,0.00000000
L2R,1811.50000000,0.00000000
L2R,1812.50000000,0.00000000
L2R,1813.50000000,0.00000000
L2R,1814.50000000,0.00000000
L2R,1815.50000000,0.00000000
L2R,1816.50000000,0.00000000
L2R,1817.50000000,0.00000000
L2R,1818.50000000,0.00000000
L2R,1819.50000000,0.00000000
L2R,1820.50000000,0.00000000
L2R,1821.50000000,0.00000000
L2R,1822.50000000,0.00000000
L2R,1823.50000000,0.00000000
L2R,1824.50000000,0.00000000
L2R,1825.50000000,0.00000000
L2R,1826.50000000,0.00000000
L2R,1827.50000000,0.00000000
L2R,1828.50000000,0.00000000
L2R,1829.50000000,0.00000000
L2R,1830.50000000,0.00000000
L2R,1831.50000000,0.00000000
L2R,1832.50000000,0.00000000
L2R,1833.50000000,0.00000000
L2R,1834.50000000,0.00000000
L2R,1835.50000000,0.00000000
L2R,1836.50000000,0.00000000
L2R,1837.50000000,0.00000000
L2R,1838.50000000,0.00000000
L2R,1839.50000000,0.00000000
L2R,1840.50000000,0.00000000
L2R,1841.50000000,0.00000000
L2R,1842.50000000,0.00000000
L2R,1843.50000000,0.00000000
L2R,1844.50000000,0.00000000
L2R,1845.50000000,0.00000000
L2R,1846.50000000,0.00000000
L2R,1847.50000000,0.00000000
L2R,1848.50000000,0.00000000
L2R,1849.50000000,0.00000000
L2R,1850.50000000,0.00000000
L2R,1851.50000000,0.00000000
L2R,1852.50000000,0.00000000
L2R,1853.50000000,0.00000000
L2R,1854.50000000,0.00000000
L2R,1855.50000000,0.00000000
L2R,1856.50000000,0.00000000
L2R,1857.50000000,0.00000000
L2R,1858.50000000,0.00000000
L2R,1859.50000000,0.00000000
L2R,1860.50000000,0.00000000
L2R,1861.50000000,0.00000000
L2R,1862.50000000,0.00000000
L2R,1863.50000000,0.00000000
L2R,1864.50000000,0.00000000
L2R,1865.50000000,0.00000000
L2R,1866.50000000,0.00000000
L2R,1867.50000000,0.00000000
L2R,1868.50000000,0.00000000
L2R,1869.50000000,0.00000000
L2R,1870.50000000,0.00000000
L2R,1871.50000000,0.00000000
L2R,1872.50000000,0.00000000
L2R,1873.50000000,0.00000000
L2R,1874.50000000,0.00000000
L2R,1875.50000000,0.00000000
L2R,1876.50000000,0.00000000
L2R,1877.50000000,0.00000000
L2R,1878.50000000,0.00000000
L2R,1879.50000000,0.00000000
L2R,1880.50000000,0.00000000
L2R,1881.50000000,0.00000000
L2R,1882.50000000,0.00000000
L2R,1883.50000000,0.00000000
L2R,1884.50000000,0.00000000
L2R,1885.50000000,0.00000000
L2R,1886.50000000,0.00000000
L2R,1887.50000000,0.00000000
L2R,1888.50000000,0.00000000
L2R,1889.50000000,0.00000000
L2R,1890.50000000,0.00000000
L2R,1891.50000000,0.00000000
L2R,1892.50000000,0.00000000
L2R,1893.50000000,0.00000000
L2R,1894.50000000,0.00000000
L2R,1895.50000000,0.00000000
L2R,1896.50000000,0.00000000
L2R,1897.50000000,0.00000000
L2R,1898.50000000,0.00000000
L2R,1899.50000000,0.00000000
L2R,1900.50000000,0.00000000
L2R,1901.50000000,0.00000000
L2R,1902.50000000,0.00000000
L2R,1903.50000000,0.00000000
L2R,1904.50000000,0.00000000
L2R,1905.50000000,0.00000000
L2R,1906.50000000,0.00000000
L2R,1907.50000000,0.00000000
L2R,1908.50000000,0.00000000
L2R,1909.50000000,0.00000000
L2R,1910.50000000,0.00000000
L2R,1911.50000000,0.00000000
L2R,1912.50000000,0.00000000
L2R,1913.50000000,0.00000000
L2R,1914.50000000,0.00000000
L2R,1915.50000000,0.00000000
L2R,1916.50000000,0.00000000
L2R,1917.50000000,0.00000000
L2R,1918.50000000,24.45703125
L2R,1919.50000000,61.38476562
L2R,1920.50000000,94.11523438
L2R,1921.50000000,130.92187500
L2R,1922.50000000,167.72851562
L2R,1923.50000000,192.44433594
L2R,1924.50000000,180.39746094
L2R,1925.50000000,168.29003906
L2R,1926.50000000,156.18261719
L2R,1927.50000000,144.07519531
L2R,1928.50000000,132.02832031
L2R,1929.50000000,119.93750000
L2R,1930.50000000,107.83007812
L2R,1931.50000000,95.72265625
L2R,1932.50000000,83.67578125
L2R,1933.50000000,71.56835938
L2R,1934.50000000,59.53808594
L2R,1935.50000000,47.43066406
L2R,1936.50000000,35.38378906
L2R,1937.50000000,23.27636719
L2R,1938.50000000,11.16894531
L2R,1939.50000000,2.63671875
L2R,1940.50000000,0.00000000
L2R,1941.50000000,0.00000000
L2R,1942.50000000,0.00000000
L2R,1943.50000000,0.00000000
L2R,1944.50000000,0.00000000
L2R,1945.50000000,0.00000000
L2R,1946.50000000,0.00000000
L2R,1947.50000000,0.00000000
L2R,1948.50000000,0.00000000
L2R,1949.50000000,0.00000000
L2R,1950.50000000,0.00000000
L2R,1951.50000000,0.00000000
L2R,1952.50000000,0.00000000
L2R,1953.50000000,0.00000000
L2R,1954.50000000,0.00000000
L2R,1955.50000000,0.00000000
L2R,1956.50000000,0.00000000
L2R,1957.50000000,0.00000000
L2R,1958.50000000,0.00000000
L2R,1959.50000000,0.00000000
L2R,1960.50000000,0.00000000
L2R,1961.50000000,0.00000000
L2R,1962.50000000,0.00000000
L2R,1963.50000000,0.00000000
L2R,1964.50000000,0.00000000
L2R,1965.50000000,0.00000000
L2R,1966.50000000,0.00000000
L2R,1967.50000000,0.00000000
L2R,1968.50000000,0.00000000
L2R,1969.50000000,0.00000000
L2R,1970.50000000,0.00000000
L2R,1971.50000000,0.00000000
L2R,1972.50000000,0.00000000
L2R,1973.50000000,0.00000000
L2R,1974.50000000,0.00000000
L2R,1975.50000000,0.00000000
L2R,1976.50000000,0.00000000
L2R,1977.50000000,32.66992188
L2R,1978.50000000,69.53710938
L2R,1979.50000000,106.40429688
L2R,1980.50000000,143.21093750
L2R,1981.50000000,180.01757812
L2R,1982.50000000,188.42871094
L2R,1983.50000000,176.32128906
L2R,1984.50000000,164.27441406
L2R,1985.50000000,152.10644531
L2R,1986.50000000,139.99902344
L2R,1987.50000000,127.89160156
L2R,1988.50000000,115.92187500
L2R,1989.50000000,103.81445312
L2R,1990.50000000,91.70703125
L2R,1991.50000000,79.59960938
L2R,1992.50000000,67.55273438
L2R,1993.50000000,55.52246094
L2R,1994.50000000,43.41503906
L2R,1995.50000000,31.30761719
L2R,1996.50000000,19.26074219
L2R,1997.50000000,7.15332031
L2R,1998.50000000,0.92480469
L2R,1999.50000000,20.38085938
L2R,2000.50000000,57.24804688
L2R,2001.50000000,94.11523438
L2R,2002.50000000,130.92187500
L2R,2003.50000000,167.72851562
L2R,2004.50000000,192.44433594
L2R,2005.50000000,180.39746094
L2R,2006.50000000,168.22949219
L2R,2007.50000000,156.12207031
L2R,2008.50000000,144.01464844
L2R,2009.50000000,131.96777344
L2R,2010.50000000,119.93750000
L2R,2011.50000000,107.83007812
L2R,2012.50000000,95.72265625
L2R,2013.50000000,83.67578125
L2R,2014.50000000,71.56835938
L2R,2015.50000000,59.53808594
L2R,2016.50000000,47.43066406
L2R,2017.50000000,35.38378906
L2R,2018.50000000,23.27636719
L2R,2019.50000000,11.16894531
L2R,2020.50000000,2.81835938
L2R,2021.50000000,0.00000000
L2R,2022.50000000,0.00000000
L2R,2023.50000000,0.00000000
L2R,2024.50000000,28.59375000
L2R,2025.50000000,61.38476562
L2R,2026.50000000,98.25195312
L2R,2027.50000000,135.05859375
L2R,2028.50000000,171.86523438
L2R,2029.50000000,208.74902344
L2R,2030.50000000,196.70214844
L2R,2031.50000000,184.59472656
L2R,2032.50000000,172.48730469
L2R,2033.50000000,160.37988281
L2R,2034.50000000,148.33300781
L2R,2035.50000000,136.30273438
L2R,2036.50000000,124.19531250
L2R,2037.50000000,112.08789062
L2R,2038.50000000,100.04101562
L2R,2039.50000000,87.87304688
L2R,2040.50000000,75.84277344
L2R,2041.50000000,63.73535156
L2R,2042.50000000,51.68847656
L2R,2043.50000000,39.58105469
L2R,2044.50000000,27.47363281
L2R,2045.50000000,15.42675781
L2R,2046.50000000,3.39648438
L2R,2047.50000000,0.00000000
L2R,2048.50000000,0.00000000
L2R,2049.50000000,0.00000000
L2R,2050.50000000,0.00000000
L2R,2051.50000000,0.00000000
L2R,2052.50000000,0.00000000
L2R,2053.50000000,0.00000000
L2R,2054.50000000,0.00000000
L2R,2055.50000000,0.00000000
L2R,2056.50000000,0.00000000
L2R,2057.50000000,0.00000000
L2R,2058.50000000,0.00000000
L2R,2059.50000000,0.00000000
L2R,2060.50000000,0.00000000
L2R,2061.50000000,0.00000000
L2R,2062.50000000,0.00000000
L2R,2063.50000000,0.00000000
L2R,2064.50000000,0.00000000
L2R,2065.50000000,0.00000000
L2R,2066.50000000,0.00000000
L2R,2067.50000000,28.53320312
L2R,2068.50000000,114.25390625
L2R,2069.50000000,191.88281250
L2R,2070.50000000,277.66406250
L2R,2071.50000000,363.44531250
L2R,2072.50000000,449.22656250
L2R,2073.50000000,445.33203125
L2R,2074.50000000,433.28515625
L2R,2075.50000000,421.23828125
L2R,2076.50000000,409.13085938
L2R,2077.50000000,397.08398438
L2R,2078.50000000,385.19140625
L2R,2079.50000000,373.02343750
L2R,2080.50000000,361.03710938
L2R,2081.50000000,348.92968750
L2R,2082.50000000,336.82226562
L2R,2083.50000000,324.71484375
L2R,2084.50000000,312.66796875
L2R,2085.50000000,300.62109375
L2R,2086.50000000,288.51367188
L2R,2087.50000000,276.46679688
L2R,2088.50000000,264.41992188
L2R,2089.50000000,252.46679688
L2R,2090.50000000,240.41992188
L2R,2091.50000000,228.31250000
L2R,2092.50000000,216.26562500
L2R,2093.50000000,204.21875000
L2R,2094.50000000,192.11132812
L2R,2095.50000000,180.06445312
L2R,2096.50000000,168.01757812
L2R,2097.50000000,155.98828125
L2R,2098.50000000,143.86328125
L2R,2099.50000000,131.83300781
L2R,2100.50000000,119.86328125
L2R,2101.50000000,107.81640625
L2R,2102.50000000,95.70898438
L2R,2103.50000000,83.66210938
L2R,2104.50000000,71.61523438
L2R,2105.50000000,59.50781250
L2R,2106.50000000,47.46093750
L2R,2107.50000000,35.35351562
L2R,2108.50000000,23.30664062
L2R,2109.50000000,11.25976562
L2R,2110.50000000,5.42773438
L2R,2111.50000000,0.00000000
L2R,2112.50000000,0.00000000
L2R,2113.50000000,0.00000000
L2R,2114.50000000,0.00000000
L2R,2115.50000000,0.00000000
L2R,2116.50000000,0.00000000
L2R,2117.50000000,0.00000000
L2R,2118.50000000,0.00000000
L2R,2119.50000000,0.00000000
L2R,2120.50000000,0.00000000
L2R,2121.50000000,0.00000000
L2R,2122.50000000,0.00000000
L2R,2123.50000000,0.00000000
L2R,2124.50000000,0.00000000
L2R,2125.50000000,0.00000000
L2R,2126.50000000,0.00000000
L2R,2127.50000000,0.00000000
L2R,2128.50000000,0.00000000
L2R,2129.50000000,0.00000000
L2R,2130.50000000,0.00000000
L2R,2131.50000000,0.00000000
L2R,2132.50000000,0.00000000
L2R,2133.50000000,0.00000000
L2R,2134.50000000,0.00000000
L2R,2135.50000000,0.00000000
L2R,2136.50000000,0.00000000
L2R,2137.50000000,0.00000000
L2R,2138.50000000,0.00000000
L2R,2139.50000000,0.00000000
L2R,2140.50000000,0.00000000
L2R,2141.50000000,0.00000000
L2R,2142.50000000,0.00000000
L2R,2143.50000000,0.00000000
L2R,2144.50000000,0.00000000
L2R,2145.50000000,0.00000000
L2R,2146.50000000,0.00000000
L2R,2147.50000000,0.00000000
L2R,2148.50000000,57.06640625
L2R,2149.50000000,142.90820312
L2R,2150.50000000,228.68945312
L2R,2151.50000000,310.33398438
L2R,2152.50000000,392.03906250
L2R,2153.50000000,453.42382812
L2R,2154.50000000,441.31640625
L2R,2155.50000000,429.26953125
L2R,2156.50000000,417.16210938
L2R,2157.50000000,405.11523438
L2R,2158.50000000,393.14550781
L2R,2159.50000000,381.11523438
L2R,2160.50000000,369.06835938
L2R,2161.50000000,356.96093750
L2R,2162.50000000,344.85351562
L2R,2163.50000000,332.80664062
L2R,2164.50000000,320.69921875
L2R,2165.50000000,308.65234375
L2R,2166.50000000,296.60546875
L2R,2167.50000000,284.49804688
L2R,2168.50000000,272.45117188
L2R,2169.50000000,260.42089844
L2R,2170.50000000,248.45117188
L2R,2171.50000000,236.40429688
L2R,2172.50000000,224.29687500
L2R,2173.50000000,212.25000000
L2R,2174.50000000,200.20312500
L2R,2175.50000000,188.09570312
L2R,2176.50000000,176.04882812
L2R,2177.50000000,163.94140625
L2R,2178.50000000,151.89453125
L2R,2179.50000000,139.84765625
L2R,2180.50000000,127.89453125
L2R,2181.50000000,115.84765625
L2R,2182.50000000,103.80078125
L2R,2183.50000000,91.69335938
L2R,2184.50000000,79.64648438
L2R,2185.50000000,67.53906250
L2R,2186.50000000,55.49218750
L2R,2187.50000000,43.44531250
L2R,2188.50000000,31.33789062
L2R,2189.50000000,19.29101562
L2R,2190.50000000,7.24414062
L2R,2191.50000000,3.45703125
L2R,2192.50000000,28.53320312
L2R,2193.50000000,114.25390625
L2R,2194.50000000,200.09570312
L2R,2195.50000000,285.81640625
L2R,2196.50000000,363.44531250
L2R,2197.50000000,449.22656250
L2R,2198.50000000,445.33203125
L2R,2199.50000000,433.28515625
L2R,2200.50000000,421.17773438
L2R,2201.50000000,409.13085938
L2R,2202.50000000,397.08398438
L2R,2203.50000000,385.19140625
L2R,2204.50000000,373.08398438
L2R,2205.50000000,361.03710938
L2R,2206.50000000,348.92968750
L2R,2207.50000000,336.92187500
L2R,2208.50000000,324.71484375
L2R,2209.50000000,312.66796875
L2R,2210.50000000,300.62109375
L2R,2211.50000000,288.51367188
L2R,2212.50000000,276.46679688
L2R,2213.50000000,264.41992188
L2R,2214.50000000,252.46679688
L2R,2215.50000000,240.41992188
L2R,2216.50000000,228.31250000
L2R,2217.50000000,216.26562500
L2R,2218.50000000,204.21875000
L2R,2219.50000000,192.11132812
L2R,2220.50000000,180.06445312
L2R,2221.50000000,168.01757812
L2R,2222.50000000,155.91015625
L2R,2223.50000000,143.86328125
L2R,2224.50000000,131.83300781
L2R,2225.50000000,119.86328125
L2R,2226.50000000,107.81640625
L2R,2227.50000000,95.70898438
L2R,2228.50000000,83.66210938
L2R,2229.50000000,71.61523438
L2R,2230.50000000,59.50781250
L2R,2231.50000000,47.46093750
L2R,2232.50000000,35.35351562
L2R,2233.50000000,23.30664062
L2R,2234.50000000,11.25976562
L2R,2235.50000000,5.30664062
L2R,2236.50000000,0.00000000
L2R,2237.50000000,0.00000000
L2R,2238.50000000,0.00000000
L2R,2239.50000000,32.60937500
L2R,2240.50000000,118.39062500
L2R,2241.50000000,204.17187500
L2R,2242.50000000,289.95312500
L2R,2243.50000000,375.73437500
L2R,2244.50000000,461.51562500
L2R,2245.50000000,473.86523438
L2R,2246.50000000,461.81835938
L2R,2247.50000000,449.71093750
L2R,2248.50000000,437.66406250
L2R,2249.50000000,425.61718750
L2R,2250.50000000,413.66406250
L2R,2251.50000000,401.61718750
L2R,2252.50000000,393.58593750
L2R,2253.50000000,381.53906250
L2R,2254.50000000,369.49218750
L2R,2255.50000000,357.38476562
L2R,2256.50000000,345.33789062
L2R,2257.50000000,333.29101562
L2R,2258.50000000,321.18359375
L2R,2259.50000000,309.13671875
L2R,2260.50000000,297.16699219
L2R,2261.50000000,285.13671875
L2R,2262.50000000,273.08984375
L2R,2263.50000000,260.98242188
L2R,2264.50000000,248.93554688
L2R,2265.50000000,236.88867188
L2R,2266.50000000,224.78125000
L2R,2267.50000000,212.73437500
L2R,2268.50000000,200.68750000
L2R,2269.50000000,188.58007812
L2R,2270.50000000,176.53320312
L2R,2271.50000000,164.58007812
L2R,2272.50000000,152.53320312
L2R,2273.50000000,140.48632812
L2R,2274.50000000,128.37890625
L2R,2275.50000000,116.33203125
L2R,2276.50000000,104.28515625
L2R,2277.50000000,92.11718750
L2R,2278.50000000,80.07031250
L2R,2279.50000000,67.96289062
L2R,2280.50000000,55.91601562
L2R,2281.50000000,43.86914062
L2R,2282.50000000,31.91601562
L2R,2283.50000000,19.86914062
L2R,2284.50000000,7.82226562
L2R,2285.50000000,3.36914062
L2R,2286.50000000,0.00000000
L2R,2287.50000000,0.00000000
L2R,2288.50000000,0.00000000
L2R,2289.50000000,0.00000000
L2R,2290.50000000,0.00000000
L2R,2291.50000000,0.00000000
L2R,2292.50000000,0.00000000
L2R,2293.50000000,0.00000000
L2R,2294.50000000,0.00000000
L2R,2295.50000000,0.00000000
L2R,2296.50000000,0.00000000
L2R,2297.50000000,0.00000000
L2R,2298.50000000,0.00000000
L2R,2299.50000000,0.00000000
L2R,2300.50000000,0.00000000
L2R,2301.50000000,0.00000000
L2R,2302.50000000,0.00000000
L2R,2303.50000000,0.00000000
L2R,2304.50000000,0.00000000
L2R,2305.50000000,0.00000000
L2R,2306.50000000,0.00000000
L2R,2307.50000000,0.00000000
L2R,2308.50000000,0.00000000
L2R,2309.50000000,0.00000000
L2R,2310.50000000,0.00000000
L2R,2311.50000000,0.00000000
L2R,2312.50000000,0.00000000
L2R,2313.50000000,0.00000000
L2R,2314.50000000,0.00000000
L2R,2315.50000000,0.00000000
L2R,2316.50000000,0.00000000
L2R,2317.50000000,0.00000000
L2R,2318.50000000,0.00000000
L2R,2319.50000000,0.00000000
L2R,2320.50000000,0.00000000
L2R,2321.50000000,0.00000000
L2R,2322.50000000,0.00000000
L2R,2323.50000000,0.00000000
L2R,2324.50000000,0.00000000
L2R,2325.50000000,0.00000000
L2R,2326.50000000,0.00000000
L2R,2327.50000000,0.00000000
L2R,2328.50000000,0.00000000
L2R,2329.50000000,0.00000000
L2R,2330.50000000,0.00000000
L2R,2331.50000000,0.00000000
L2R,2332.50000000,0.00000000
L2R,2333.50000000,0.00000000
L2R,2334.50000000,0.00000000
L2R,2335.50000000,0.00000000
L2R,2336.50000000,0.00000000
L2R,2337.50000000,0.00000000
L2R,2338.50000000,0.00000000
L2R,2339.50000000,0.00000000
L2R,2340.50000000,0.00000000
L2R,2341.50000000,0.00000000
L2R,2342.50000000,0.00000000
L2R,2343.50000000,0.00000000
L2R,2344.50000000,0.00000000
L2R,2345.50000000,0.00000000
L2R,2346.50000000,0.00000000
L2R,2347.50000000,0.00000000
L2R,2348.50000000,0.00000000
L2R,2349.50000000,0.00000000
L2R,2350.50000000,0.00000000
L2R,2351.50000000,0.00000000
L2R,2352.50000000,0.00000000
L2R,2353.50000000,0.00000000
L2R,2354.50000000,0.00000000
L2R,2355.50000000,0.00000000
L2R,2356.50000000,0.00000000
L2R,2357.50000000,0.00000000
L2R,2358.50000000,0.00000000
L2R,2359.50000000,0.00000000
L2R,2360.50000000,0.00000000
L2R,2361.50000000,0.00000000
L2R,2362.50000000,0.00000000
L2R,2363.50000000,0.00000000
L2R,2364.50000000,0.00000000
L2R,2365.50000000,0.00000000
L2R,2366.50000000,0.00000000
L2R,2367.50000000,0.00000000
L2R,2368.50000000,0.00000000
L2R,2369.50000000,0.00000000
L2R,2370.50000000,0.00000000
L2R,2371.50000000,0.00000000
L2R,2372.50000000,0.00000000
L2R,2373.50000000,0.00000000
L2R,2374.50000000,0.00000000
L2R,2375.50000000,0.00000000
L2R,2376.50000000,0.00000000
L2R,2377.50000000,0.00000000
L2R,2378.50000000,0.00000000
L2R,2379.50000000,0.00000000
L2R,2380.50000000,0.00000000
L2R,2381.50000000,0.00000000
L2R,2382.50000000,0.00000000
L2R,2383.50000000,0.00000000
L2R,2384.50000000,0.00000000
L2R,2385.50000000,0.00000000
L2R,2386.50000000,0.00000000
L2R,2387.50000000,0.00000000
L2R,2388.50000000,0.00000000
L2R,2389.50000000,0.00000000
L2R,2390.50000000,0.00000000
L2R,2391.50000000,0.00000000
L2R,2392.50000000,0.00000000
L2R,2393.50000000,0.00000000
L2R,2394.50000000,0.00000000
L2R,2395.50000000,0.00000000
L2R,2396.50000000,0.00000000
L2R,2397.50000000,0.00000000
L2R,2398.50000000,0.00000000
L2R,2399.50000000,0.00000000
L2R,2400.50000000,0.00000000
L2R,2401.50000000,0.00000000
L2R,2402.50000000,0.00000000
L2R,2403.50000000,0.00000000
L2R,2404.50000000,0.00000000
L2R,2405.50000000,0.00000000
L2R,2406.50000000,0.00000000
L2R,2407.50000000,0.00000000
L2R,2408.50000000,0.00000000
L2R,2409.50000000,0.00000000
L2R,2410.50000000,0.00000000
L2R,2411.50000000,0.00000000
L2R,2412.50000000,0.00000000
L2R,2413.50000000,0.00000000
L2R,2414.50000000,0.00000000
L2R,2415.50000000,0.00000000
L2R,2416.50000000,0.00000000
L2R,2417.50000000,0.00000000
L2R,2418.50000000,0.00000000
L2R,2419.50000000,0.00000000
L2R,2420.50000000,0.00000000
L2R,2421.50000000,0.00000000
L2R,2422.50000000,0.00000000
L2R,2423.50000000,0.00000000
L2R,2424.50000000,0.00000000
L2R,2425.50000000,0.00000000
L2R,2426.50000000,0.00000000
L2R,2427.50000000,0.00000000
L2R,2428.50000000,0.00000000
L2R,2429.50000000,0.00000000
L2R,2430.50000000,0.00000000
L2R,2431.50000000,0.00000000
L2R,2432.50000000,0.00000000
L2R,2433.50000000,0.00000000
L2R,2434.50000000,0.00000000
L2R,2435.50000000,0.00000000
L2R,2436.50000000,0.00000000
L2R,2437.50000000,0.00000000
L2R,2438.50000000,0.00000000
L2R,2439.50000000,0.00000000
L2R,2440.50000000,0.00000000
L2R,2441.50000000,0.00000000
L2R,2442.50000000,0.00000000
L2R,2443.50000000,0.00000000
L2R,2444.50000000,0.00000000
L2R,2445.50000000,0.00000000
L2R,2446.50000000,0.00000000
L2R,2447.50000000,0.00000000
L2R,2448.50000000,0.00000000
L2R,2449.50000000,0.00000000
L2R,2450.50000000,0.00000000
L2R,2451.50000000,0.00000000
L2R,2452.50000000,0.00000000
L2R,2453.50000000,0.00000000
L2R,2454.50000000,0.00000000
L2R,2455.50000000,0.00000000
L2R,2456.50000000,0.00000000
L2R,2457.50000000,0.00000000
L2R,2458.50000000,0.00000000
L2R,2459.50000000,0.00000000
L2R,2460.50000000,0.00000000
L2R,2461.50000000,0.00000000
L2R,2462.50000000,0.00000000
L2R,2463.50000000,0.00000000
L2R,2464.50000000,0.00000000
L2R,2465.50000000,0.00000000
L2R,2466.50000000,0.00000000
L2R,2467.50000000,0.00000000
L2R,2468.50000000,0.00000000
L2R,2469.50000000,0.00000000
L2R,2470.50000000,0.00000000
L2R,2471.50000000,0.00000000
L2R,2472.50000000,0.00000000
L2R,2473.50000000,0.00000000
L2R,2474.50000000,0.00000000
L2R,2475.50000000,0.00000000
L2R,2476.50000000,0.00000000
L2R,2477.50000000,0.00000000
L2R,2478.50000000,0.00000000
L2R,2479.50000000,0.00000000
L2R,2480.50000000,0.00000000
L2R,2481.50000000,0.00000000
L2R,2482.50000000,0.00000000
L2R,2483.50000000,0.00000000
L2R,2484.50000000,0.00000000
L2R,2485.50000000,0.00000000
L2R,2486.50000000,0.00000000
L2R,2487.50000000,0.00000000
L2R,2488.50000000,0.00000000
L2R,2489.50000000,0.00000000
L2R,2490.50000000,0.00000000
L2R,2491.50000000,0.00000000
L2R,2492.50000000,0.00000000
L2R,2493.50000000,0.00000000
L2R,2494.50000000,0.00000000
L2R,2495.50000000,0.00000000
L2R,2496.50000000,0.00000000
L2R,2497.50000000,0.00000000
L2R,2498.50000000,0.00000000
L2R,2499.50000000,0.00000000
L2R,2500.50000000,0.00000000
L2R,2501.50000000,0.00000000
L2R,2502.50000000,0.00000000
L2R,2503.50000000,0.00000000
L2R,2504.50000000,8.15234375
L2R,2505.50000000,40.88281250
L2R,2506.50000000,77.75000000
L2R,2507.50000000,114.55664062
L2R,2508.50000000,151.42382812
L2R,2509.50000000,188.23046875
L2R,2510.50000000,184.35253906
L2R,2511.50000000,172.24511719
L2R,2512.50000000,160.13769531
L2R,2513.50000000,148.09082031
L2R,2514.50000000,135.98339844
L2R,2515.50000000,123.95312500
L2R,2516.50000000,111.84570312
L2R,2517.50000000,99.79882812
L2R,2518.50000000,87.69140625
L2R,2519.50000000,75.62304688
L2R,2520.50000000,63.47656250
L2R,2521.50000000,51.50683594
L2R,2522.50000000,39.39941406
L2R,2523.50000000,27.29199219
L2R,2524.50000000,15.24511719
L2R,2525.50000000,7.21386719
L2R,2526.50000000,0.00000000
L2R,2527.50000000,0.00000000
L2R,2528.50000000,0.00000000
L2R,2529.50000000,0.00000000
L2R,2530.50000000,0.00000000
L2R,2531.50000000,0.00000000
L2R,2532.50000000,0.00000000
L2R,2533.50000000,0.00000000
L2R,2534.50000000,0.00000000
L2R,2535.50000000,0.00000000
L2R,2536.50000000,0.00000000
L2R,2537.50000000,0.00000000
L2R,2538.50000000,0.00000000
L2R,2539.50000000,0.00000000
L2R,2540.50000000,0.00000000
L2R,2541.50000000,0.00000000
L2R,2542.50000000,0.00000000
L2R,2543.50000000,0.00000000
L2R,2544.50000000,0.00000000
L2R,2545.50000000,0.00000000
L2R,2546.50000000,0.00000000
L2R,2547.50000000,0.00000000
L2R,2548.50000000,0.00000000
L2R,2549.50000000,0.00000000
L2R,2550.50000000,0.00000000
L2R,2551.50000000,0.00000000
L2R,2552.50000000,0.00000000
L2R,2553.50000000,0.00000000
L2R,2554.50000000,0.00000000
L2R,2555.50000000,0.00000000
L2R,2556.50000000,0.00000000
L2R,2557.50000000,0.00000000
L2R,2558.50000000,0.00000000
L2R,2559.50000000,0.00000000
L2R,2560.50000000,0.00000000
L2R,2561.50000000,0.00000000
L2R,2562.50000000,0.00000000
L2R,2563.50000000,20.38085938
L2R,2564.50000000,53.17187500
L2R,2565.50000000,90.03906250
L2R,2566.50000000,126.84570312
L2R,2567.50000000,163.65234375
L2R,2568.50000000,192.30664062
L2R,2569.50000000,180.33691406
L2R,2570.50000000,168.22949219
L2R,2571.50000000,156.12207031
L2R,2572.50000000,144.01464844
L2R,2573.50000000,131.96777344
L2R,2574.50000000,120.01562500
L2R,2575.50000000,107.83007812
L2R,2576.50000000,95.72265625
L2R,2577.50000000,83.67578125
L2R,2578.50000000,71.56835938
L2R,2579.50000000,59.53808594
L2R,2580.50000000,47.43066406
L2R,2581.50000000,35.38378906
L2R,2582.50000000,27.35253906
L2R,2583.50000000,15.30566406
L2R,2584.50000000,3.19824219
L2R,2585.50000000,4.07617188
L2R,2586.50000000,40.88281250
L2R,2587.50000000,77.75000000
L2R,2588.50000000,114.55664062
L2R,2589.50000000,151.42382812
L2R,2590.50000000,188.23046875
L2R,2591.50000000,184.35253906
L2R,2592.50000000,172.24511719
L2R,2593.50000000,160.13769531
L2R,2594.50000000,148.09082031
L2R,2595.50000000,135.98339844
L2R,2596.50000000,123.95312500
L2R,2597.50000000,111.84570312
L2R,2598.50000000,99.79882812
L2R,2599.50000000,87.69140625
L2R,2600.50000000,75.58398438
L2R,2601.50000000,63.47656250
L2R,2602.50000000,51.50683594
L2R,2603.50000000,43.47558594
L2R,2604.50000000,31.36816406
L2R,2605.50000000,19.32128906
L2R,2606.50000000,7.21386719
L2R,2607.50000000,0.00000000
L2R,2608.50000000,0.00000000
L2R,2609.50000000,0.00000000
L2R,2610.50000000,12.22851562
L2R,2611.50000000,44.95898438
L2R,2612.50000000,81.82617188
L2R,2613.50000000,118.63281250
L2R,2614.50000000,155.53906250
L2R,2615.50000000,192.30664062
L2R,2616.50000000,200.65722656
L2R,2617.50000000,188.54980469
L2R,2618.50000000,176.44238281
L2R,2619.50000000,164.39550781
L2R,2620.50000000,152.28808594
L2R,2621.50000000,140.25781250
L2R,2622.50000000,128.15039062
L2R,2623.50000000,116.10351562
L2R,2624.50000000,103.99609375
L2R,2625.50000000,91.88867188
L2R,2626.50000000,79.78125000
L2R,2627.50000000,67.81152344
L2R,2628.50000000,55.70410156
L2R,2629.50000000,43.59667969
L2R,2630.50000000,31.54980469
L2R,2631.50000000,19.44238281
L2R,2632.50000000,7.41210938
L2R,2633.50000000,1.36523438
L2R,2634.50000000,0.00000000
L2R,2635.50000000,0.00000000
L2R,2636.50000000,0.00000000
L2R,2637.50000000,0.00000000
L2R,2638.50000000,0.00000000
L2R,2639.50000000,0.00000000
L2R,2640.50000000,0.00000000
L2R,2641.50000000,0.00000000
L2R,2642.50000000,0.00000000
L2R,2643.50000000,0.00000000
L2R,2644.50000000,0.00000000
L2R,2645.50000000,0.00000000
L2R,2646.50000000,0.00000000
L2R,2647.50000000,0.00000000
L2R,2648.50000000,0.00000000
L2R,2649.50000000,0.00000000
L2R,2650.50000000,0.00000000
L2R,2651.50000000,0.00000000
L2R,2652.50000000,0.00000000
L2R,2653.50000000,0.00000000
L2R,2654.50000000,0.00000000
L2R,2655.50000000,0.00000000
L2R,2656.50000000,0.00000000
L2R,2657.50000000,0.00000000
L2R,2658.50000000,0.00000000
L2R,2659.50000000,0.00000000
L2R,2660.50000000,0.00000000
L2R,2661.50000000,0.00000000
L2R,2662.50000000,0.00000000
L2R,2663.50000000,0.00000000
L2R,2664.50000000,0.00000000
L2R,2665.50000000,0.00000000
L2R,2666.50000000,0.00000000
L2R,2667.50000000,0.00000000
L2R,2668.50000000,0.00000000
L2R,2669.50000000,0.00000000
L2R,2670.50000000,0.00000000
L2R,2671.50000000,0.00000000
L2R,2672.50000000,0.00000000
L2R,2673.50000000,0.00000000
L2R,2674.50000000,0.00000000
L2R,2675.50000000,0.00000000
L2R,2676.50000000,0.00000000
L2R,2677.50000000,0.00000000
L2R,2678.50000000,0.00000000
L2R,2679.50000000,0.00000000
L2R,2680.50000000,0.00000000
L2R,2681.50000000,0.00000000
L2R,2682.50000000,0.00000000
L2R,2683.50000000,0.00000000
L2R,2684.50000000,0.00000000
L2R,2685.50000000,0.00000000
L2R,2686.50000000,0.00000000
L2R,2687.50000000,0.00000000
L2R,2688.50000000,0.00000000
L2R,2689.50000000,0.00000000
L2R,2690.50000000,0.00000000
L2R,2691.50000000,0.00000000
L2R,2692.50000000,0.00000000
L2R,2693.50000000,0.00000000
L2R,2694.50000000,0.00000000
L2R,2695.50000000,0.00000000
L2R,2696.50000000,0.00000000
L2R,2697.50000000,0.00000000
L2R,2698.50000000,0.00000000
L2R,2699.50000000,0.00000000
L2R,2700.50000000,0.00000000
L2R,2701.50000000,0.00000000
L2R,2702.50000000,0.00000000
L2R,2703.50000000,0.00000000
L2R,2704.50000000,0.00000000
L2R,2705.50000000,0.00000000
L2R,2706.50000000,0.00000000
L2R,2707.50000000,0.00000000
L2R,2708.50000000,0.00000000
L2R,2709.50000000,0.00000000
L2R,2710.50000000,0.00000000
L2R,2711.50000000,0.00000000
L2R,2712.50000000,0.00000000
L2R,2713.50000000,0.00000000
L2R,2714.50000000,0.00000000
L2R,2715.50000000,0.00000000
L2R,2716.50000000,0.00000000
L2R,2717.50000000,0.00000000
L2R,2718.50000000,0.00000000
L2R,2719.50000000,0.00000000
L2R,2720.50000000,0.00000000
L2R,2721.50000000,0.00000000
L2R,2722.50000000,0.00000000
L2R,2723.50000000,0.00000000
L2R,2724.50000000,0.00000000
L2R,2725.50000000,0.00000000
L2R,2726.50000000,0.00000000
L2R,2727.50000000,0.00000000
L2R,2728.50000000,0.00000000
L2R,2729.50000000,0.00000000
L2R,2730.50000000,0.00000000
L2R,2731.50000000,0.00000000
L2R,2732.50000000,0.00000000
L2R,2733.50000000,0.00000000
L2R,2734.50000000,0.00000000
L2R,2735.50000000,0.00000000
L2R,2736.50000000,0.00000000
L2R,2737.50000000,0.00000000
L2R,2738.50000000,0.00000000
L2R,2739.50000000,0.00000000
L2R,2740.50000000,0.00000000
L2R,2741.50000000,0.00000000
L2R,2742.50000000,0.00000000
L2R,2743.50000000,48.91406250
L2R,2744.50000000,134.69531250
L2R,2745.50000000,220.47656250
L2R,2746.50000000,306.25781250
L2R,2747.50000000,392.03906250
L2R,2748.50000000,453.42382812
L2R,2749.50000000,441.31640625
L2R,2750.50000000,429.26953125
L2R,2751.50000000,417.22265625
L2R,2752.50000000,405.05468750
L2R,2753.50000000,393.00781250
L2R,2754.50000000,381.05468750
L2R,2755.50000000,369.00781250
L2R,2756.50000000,356.96093750
L2R,2757.50000000,344.85351562
L2R,2758.50000000,332.80664062
L2R,2759.50000000,320.69921875
L2R,2760.50000000,308.65234375
L2R,2761.50000000,296.60546875
L2R,2762.50000000,284.49804688
L2R,2763.50000000,272.45117188
L2R,2764.50000000,260.42089844
L2R,2765.50000000,248.45117188
L2R,2766.50000000,236.40429688
L2R,2767.50000000,224.29687500
L2R,2768.50000000,212.25000000
L2R,2769.50000000,200.20312500
L2R,2770.50000000,188.09570312
L2R,2771.50000000,176.04882812
L2R,2772.50000000,163.94140625
L2R,2773.50000000,151.89453125
L2R,2774.50000000,139.84765625
L2R,2775.50000000,127.89453125
L2R,2776.50000000,115.84765625
L2R,2777.50000000,103.80078125
L2R,2778.50000000,91.69335938
L2R,2779.50000000,79.64648438
L2R,2780.50000000,67.53906250
L2R,2781.50000000,55.49218750
L2R,2782.50000000,43.44531250
L2R,2783.50000000,35.41406250
L2R,2784.50000000,23.36718750
L2R,2785.50000000,11.32031250
L2R,2786.50000000,3.69921875
L2R,2787.50000000,0.00000000
L2R,2788.50000000,0.00000000
L2R,2789.50000000,0.00000000
L2R,2790.50000000,0.00000000
L2R,2791.50000000,0.00000000
L2R,2792.50000000,0.00000000
L2R,2793.50000000,0.00000000
L2R,2794.50000000,0.00000000
L2R,2795.50000000,0.00000000
L2R,2796.50000000,0.00000000
L2R,2797.50000000,0.00000000
L2R,2798.50000000,0.00000000
L2R,2799.50000000,0.00000000
L2R,2800.50000000,0.00000000
L2R,2801.50000000,0.00000000
L2R,2802.50000000,0.00000000
L2R,2803.50000000,0.00000000
L2R,2804.50000000,0.00000000
L2R,2805.50000000,0.00000000
L2R,2806.50000000,0.00000000
L2R,2807.50000000,0.00000000
L2R,2808.50000000,0.00000000
L2R,2809.50000000,0.00000000
L2R,2810.50000000,0.00000000
L2R,2811.50000000,0.00000000
L2R,2812.50000000,0.00000000
L2R,2813.50000000,0.00000000
L2R,2814.50000000,0.00000000
L2R,2815.50000000,0.00000000
L2R,2816.50000000,0.00000000
L2R,2817.50000000,0.00000000
L2R,2818.50000000,0.00000000
L2R,2819.50000000,0.00000000
L2R,2820.50000000,0.00000000
L2R,2821.50000000,0.00000000
L2R,2822.50000000,0.00000000
L2R,2823.50000000,0.00000000
L2R,2824.50000000,77.50781250
L2R,2825.50000000,163.28906250
L2R,2826.50000000,249.07031250
L2R,2827.50000000,334.85156250
L2R,2828.50000000,420.63281250
L2R,2829.50000000,449.40820312
L2R,2830.50000000,437.30078125
L2R,2831.50000000,425.29296875
L2R,2832.50000000,413.08593750
L2R,2833.50000000,401.03906250
L2R,2834.50000000,389.06933594
L2R,2835.50000000,377.03906250
L2R,2836.50000000,364.99218750
L2R,2837.50000000,352.88476562
L2R,2838.50000000,340.83789062
L2R,2839.50000000,328.79101562
L2R,2840.50000000,316.68359375
L2R,2841.50000000,304.63671875
L2R,2842.50000000,292.52929688
L2R,2843.50000000,280.48242188
L2R,2844.50000000,268.43554688
L2R,2845.50000000,256.48242188
L2R,2846.50000000,244.43554688
L2R,2847.50000000,232.38867188
L2R,2848.50000000,220.28125000
L2R,2849.50000000,208.23437500
L2R,2850.50000000,196.12695312
L2R,2851.50000000,184.08007812
L2R,2852.50000000,172.03320312
L2R,2853.50000000,159.92578125
L2R,2854.50000000,147.87890625
L2R,2855.50000000,135.83203125
L2R,2856.50000000,123.87890625
L2R,2857.50000000,111.83203125
L2R,2858.50000000,99.72460938
L2R,2859.50000000,87.67773438
L2R,2860.50000000,75.63085938
L2R,2861.50000000,63.52343750
L2R,2862.50000000,51.47656250
L2R,2863.50000000,39.42968750
L2R,2864.50000000,31.39843750
L2R,2865.50000000,19.35156250
L2R,2866.50000000,7.38183594
L2R,2867.50000000,1.78906250
L2R,2868.50000000,48.91406250
L2R,2869.50000000,134.69531250
L2R,2870.50000000,220.47656250
L2R,2871.50000000,306.25781250
L2R,2872.50000000,392.03906250
L2R,2873.50000000,453.42382812
L2R,2874.50000000,441.31640625
L2R,2875.50000000,429.26953125
L2R,2876.50000000,417.16210938
L2R,2877.50000000,405.11523438
L2R,2878.50000000,393.06835938
L2R,2879.50000000,381.05468750
L2R,2880.50000000,369.00781250
L2R,2881.50000000,356.90039062
L2R,2882.50000000,344.85351562
L2R,2883.50000000,332.88476562
L2R,2884.50000000,320.69921875
L2R,2885.50000000,308.65234375
L2R,2886.50000000,296.60546875
L2R,2887.50000000,284.49804688
L2R,2888.50000000,272.45117188
L2R,2889.50000000,260.42089844
L2R,2890.50000000,248.45117188
L2R,2891.50000000,236.40429688
L2R,2892.50000000,224.29687500
L2R,2893.50000000,212.25000000
L2R,2894.50000000,200.20312500
L2R,2895.50000000,188.09570312
L2R,2896.50000000,176.04882812
L2R,2897.50000000,163.94140625
L2R,2898.50000000,151.97265625
L2R,2899.50000000,139.84765625
L2R,2900.50000000,127.89453125
L2R,2901.50000000,115.84765625
L2R,2902.50000000,103.80078125
L2R,2903.50000000,91.69335938
L2R,2904.50000000,79.64648438
L2R,2905.50000000,67.53906250
L2R,2906.50000000,55.49218750
L2R,2907.50000000,43.44531250
L2R,2908.50000000,31.33789062
L2R,2909.50000000,19.29101562
L2R,2910.50000000,7.24414062
L2R,2911.50000000,3.57812500
L2R,2912.50000000,0.00000000
L2R,2913.50000000,0.00000000
L2R,2914.50000000,0.00000000
L2R,2915.50000000,61.20312500
L2R,2916.50000000,146.98437500
L2R,2917.50000000,232.76562500
L2R,2918.50000000,318.54687500
L2R,2919.50000000,404.32812500
L2R,2920.50000000,481.95703125
L2R,2921.50000000,469.84960938
L2R,2922.50000000,457.80273438
L2R,2923.50000000,449.81054688
L2R,2924.50000000,437.72460938
L2R,2925.50000000,425.75488281
L2R,2926.50000000,413.72460938
L2R,2927.50000000,401.67773438
L2R,2928.50000000,389.57031250
L2R,2929.50000000,377.52343750
L2R,2930.50000000,365.47656250
L2R,2931.50000000,353.36914062
L2R,2932.50000000,341.32226562
L2R,2933.50000000,329.27539062
L2R,2934.50000000,317.16796875
L2R,2935.50000000,305.12109375
L2R,2936.50000000,293.16796875
L2R,2937.50000000,281.12109375
L2R,2938.50000000,269.11328125
L2R,2939.50000000,256.96679688
L2R,2940.50000000,244.91992188
L2R,2941.50000000,232.87304688
L2R,2942.50000000,220.76562500
L2R,2943.50000000,208.71875000
L2R,2944.50000000,196.61132812
L2R,2945.50000000,184.50390625
L2R,2946.50000000,172.45703125
L2R,2947.50000000,160.50390625
L2R,2948.50000000,148.45703125
L2R,2949.50000000,136.41015625
L2R,2950.50000000,124.30273438
L2R,2951.50000000,112.25585938
L2R,2952.50000000,100.14843750
L2R,2953.50000000,88.10156250
L2R,2954.50000000,76.05468750
L2R,2955.50000000,63.94726562
L2R,2956.50000000,51.90039062
L2R,2957.50000000,39.85351562
L2R,2958.50000000,27.90039062
L2R,2959.50000000,15.85351562
L2R,2960.50000000,7.29394531
L2R,2961.50000000,1.64062500
L2R,2962.50000000,0.00000000
L2R,2963.50000000,0.00000000
L2R,2964.50000000,0.00000000
L2R,2965.50000000,0.00000000
L2R,2966.50000000,0.00000000
L2R,2967.50000000,0.00000000
L2R,2968.50000000,0.00000000
L2R,2969.50000000,0.00000000
L2R,2970.50000000,0.00000000
L2R,2971.50000000,0.00000000
L2R,2972.50000000,0.00000000
L2R,2973.50000000,0.00000000
L2R,2974.50000000,0.00000000
L2R,2975.50000000,0.00000000
L2R,2976.50000000,0.00000000
L2R,2977.50000000,0.00000000
L2R,2978.50000000,0.00000000
L2R,2979.50000000,0.00000000
L2R,2980.50000000,0.00000000
L2R,2981.50000000,0.00000000
L2R,2982.50000000,0.00000000
L2R,2983.50000000,0.00000000
L2R,2984.50000000,0.00000000
L2R,2985.50000000,0.00000000
L2R,2986.50000000,0.00000000
L2R,2987.50000000,0.00000000
L2R,2988.50000000,0.00000000
L2R,2989.50000000,0.00000000
L2R,2990.50000000,0.00000000
L2R,2991.50000000,0.00000000
L2R,2992.50000000,0.00000000
L2R,2993.50000000,0.00000000
L2R,2994.50000000,0.00000000
L2R,2995.50000000,0.00000000
L2R,2996.50000000,0.00000000
L2R,2997.50000000,0.00000000
L2R,2998.50000000,0.00000000
L2R,2999.50000000,0.00000000
L2R,3000.50000000,0.00000000
L2R,3001.50000000,0.00000000
L2R,3002.50000000,0.00000000
L2R,3003.50000000,0.00000000
L2R,3004.50000000,0.00000000
L2R,3005.50000000,0.00000000
L2R,3006.50000000,0.00000000
L2R,3007.50000000,0.00000000
L2R,3008.50000000,0.00000000
L2R,3009.50000000,0.00000000
L2R,3010.50000000,0.00000000
L2R,3011.50000000,0.00000000
L2R,3012.50000000,0.00000000
L2R,3013.50000000,0.00000000
L2R,3014.50000000,0.00000000
L2R,3015.50000000,0.00000000
L2R,3016.50000000,0.00000000
L2R,3017.50000000,0.00000000
L2R,3018.50000000,0.00000000
L2R,3019.50000000,0.00000000
L2R,3020.50000000,0.00000000
L2R,3021.50000000,0.00000000
L2R,3022.50000000,0.00000000
L2R,3023.50000000,0.00000000
L2R,3024.50000000,0.00000000
L2R,3025.50000000,0.00000000
L2R,3026.50000000,0.00000000
L2R,3027.50000000,0.00000000
L2R,3028.50000000,0.00000000
L2R,3029.50000000,0.00000000
L2R,3030.50000000,0.00000000
L2R,3031.50000000,0.00000000
L2R,3032.50000000,0.00000000
L2R,3033.50000000,0.00000000
L2R,3034.50000000,0.00000000
L2R,3035.50000000,0.00000000
L2R,3036.50000000,0.00000000
L2R,3037.50000000,0.00000000
L2R,3038.50000000,0.00000000
L2R,3039.50000000,0.00000000
L2R,3040.50000000,0.00000000
L2R,3041.50000000,0.00000000
L2R,3042.50000000,0.00000000
L2R,3043.50000000,0.00000000
L2R,3044.50000000,0.00000000
L2R,3045.50000000,0.00000000
L2R,3046.50000000,0.00000000
L2R,3047.50000000,0.00000000
L2R,3048.50000000,0.00000000
L2R,3049.50000000,0.00000000
L2R,3050.50000000,0.00000000
L2R,3051.50000000,0.00000000
L2R,3052.50000000,0.00000000
L2R,3053.50000000,0.00000000
L2R,3054.50000000,0.00000000
L2R,3055.50000000,0.00000000
L2R,3056.50000000,0.00000000
L2R,3057.50000000,0.00000000
L2R,3058.50000000,0.00000000
L2R,3059.50000000,0.00000000
L2R,3060.50000000,0.00000000
L2R,3061.50000000,0.00000000
L2R,3062.50000000,0.00000000
L2R,3063.50000000,0.00000000
L2R,3064.50000000,0.00000000
L2R,3065.50000000,0.00000000
L2R,3066.50000000,0.00000000
L2R,3067.50000000,0.00000000
L2R,3068.50000000,0.00000000
L2R,3069.50000000,0.00000000
L2R,3070.50000000,0.00000000
L2R,3071.50000000,0.00000000
L2R,3072.50000000,0.00000000
L2R,3073.50000000,0.00000000
L2R,3074.50000000,0.00000000
L2R,3075.50000000,0.00000000
L2R,3076.50000000,0.00000000
L2R,3077.50000000,0.00000000
L2R,3078.50000000,0.00000000
L2R,3079.50000000,0.00000000
L2R,3080.50000000,0.00000000
L2R,3081.50000000,0.00000000
L2R,3082.50000000,0.00000000
L2R,3083.50000000,0.00000000
L2R,3084.50000000,0.00000000
L2R,3085.50000000,0.00000000
L2R,3086.50000000,0.00000000
L2R,3087.50000000,0.00000000
L2R,3088.50000000,0.00000000
L2R,3089.50000000,0.00000000
L2R,3090.50000000,0.00000000
L2R,3091.50000000,28.59375000
L2R,3092.50000000,61.38476562
L2R,3093.50000000,98.25195312
L2R,3094.50000000,135.05859375
L2R,3095.50000000,171.86523438
L2R,3096.50000000,188.36816406
L2R,3097.50000000,176.26074219
L2R,3098.50000000,164.21386719
L2R,3099.50000000,152.10644531
L2R,3100.50000000,139.99902344
L2R,3101.50000000,127.89160156
L2R,3102.50000000,115.92187500
L2R,3103.50000000,107.89062500
L2R,3104.50000000,95.78320312
L2R,3105.50000000,83.77539062
L2R,3106.50000000,71.62890625
L2R,3107.50000000,59.59863281
L2R,3108.50000000,47.49121094
L2R,3109.50000000,35.44433594
L2R,3110.50000000,23.33691406
L2R,3111.50000000,11.22949219
L2R,3112.50000000,1.91015625
L2R,3113.50000000,0.00000000
L2R,3114.50000000,0.00000000
L2R,3115.50000000,0.00000000
L2R,3116.50000000,0.00000000
L2R,3117.50000000,0.00000000
L2R,3118.50000000,0.00000000
L2R,3119.50000000,0.00000000
L2R,3120.50000000,0.00000000
L2R,3121.50000000,0.00000000
L2R,3122.50000000,0.00000000
L2R,3123.50000000,0.00000000
L2R,3124.50000000,0.00000000
L2R,3125.50000000,0.00000000
L2R,3126.50000000,0.00000000
L2R,3127.50000000,0.00000000
L2R,3128.50000000,0.00000000
L2R,3129.50000000,0.00000000
L2R,3130.50000000,0.00000000
L2R,3131.50000000,0.00000000
L2R,3132.50000000,0.00000000
L2R,3133.50000000,0.00000000
L2R,3134.50000000,0.00000000
L2R,3135.50000000,0.00000000
L2R,3136.50000000,0.00000000
L2R,3137.50000000,0.00000000
L2R,3138.50000000,0.00000000
L2R,3139.50000000,0.00000000
L2R,3140.50000000,0.00000000
L2R,3141.50000000,0.00000000
L2R,3142.50000000,0.00000000
L2R,3143.50000000,0.00000000
L2R,3144.50000000,0.00000000
L2R,3145.50000000,0.00000000
L2R,3146.50000000,0.00000000
L2R,3147.50000000,0.00000000
L2R,3148.50000000,0.00000000
L2R,3149.50000000,0.00000000
L2R,3150.50000000,36.80664062
L2R,3151.50000000,73.67382812
L2R,3152.50000000,110.48046875
L2R,3153.50000000,147.34765625
L2R,3154.50000000,184.15429688
L2R,3155.50000000,184.35253906
L2R,3156.50000000,172.24511719
L2R,3157.50000000,160.13769531
L2R,3158.50000000,148.09082031
L2R,3159.50000000,140.05957031
L2R,3160.50000000,128.02929688
L2R,3161.50000000,115.98242188
L2R,3162.50000000,103.87500000
L2R,3163.50000000,91.76757812
L2R,3164.50000000,79.66015625
L2R,3165.50000000,67.61328125
L2R,3166.50000000,55.58300781
L2R,3167.50000000,43.47558594
L2R,3168.50000000,31.36816406
L2R,3169.50000000,19.32128906
L2R,3170.50000000,7.21386719
L2R,3171.50000000,0.06054688
L2R,3172.50000000,24.51757812
L2R,3173.50000000,61.38476562
L2R,3174.50000000,98.25195312
L2R,3175.50000000,135.05859375
L2R,3176.50000000,171.86523438
L2R,3177.50000000,188.36816406
L2R,3178.50000000,176.26074219
L2R,3179.50000000,164.25292969
L2R,3180.50000000,156.18261719
L2R,3181.50000000,144.07519531
L2R,3182.50000000,132.02832031
L2R,3183.50000000,119.99804688
L2R,3184.50000000,107.89062500
L2R,3185.50000000,95.78320312
L2R,3186.50000000,83.73632812
L2R,3187.50000000,71.62890625
L2R,3188.50000000,59.59863281
L2R,3189.50000000,47.49121094
L2R,3190.50000000,35.44433594
L2R,3191.50000000,23.33691406
L2R,3192.50000000,11.22949219
L2R,3193.50000000,2.01464844
L2R,3194.50000000,0.00000000
L2R,3195.50000000,0.00000000
L2R,3196.50000000,0.00000000
L2R,3197.50000000,28.59375000
L2R,3198.50000000,65.46093750
L2R,3199.50000000,102.32812500
L2R,3200.50000000,139.13476562
L2R,3201.50000000,175.94140625
L2R,3202.50000000,204.67285156
L2R,3203.50000000,192.56542969
L2R,3204.50000000,180.51855469
L2R,3205.50000000,168.41113281
L2R,3206.50000000,156.30371094
L2R,3207.50000000,144.19628906
L2R,3208.50000000,132.22656250
L2R,3209.50000000,120.11914062
L2R,3210.50000000,108.01171875
L2R,3211.50000000,95.90429688
L2R,3212.50000000,83.85742188
L2R,3213.50000000,71.82714844
L2R,3214.50000000,63.79589844
L2R,3215.50000000,51.74902344
L2R,3216.50000000,39.68066406
L2R,3217.50000000,27.53417969
L2R,3218.50000000,15.56445312
L2R,3219.50000000,3.45703125
L2R,3220.50000000,0.00000000
L2R,3221.50000000,0.00000000
L2R,3222.50000000,0.00000000
L2R,3223.50000000,0.00000000
L2R,3224.50000000,0.00000000
L2R,3225.50000000,0.00000000
L2R,3226.50000000,0.00000000
L2R,3227.50000000,0.00000000
L2R,3228.50000000,0.00000000
L2R,3229.50000000,0.00000000
L2R,3230.50000000,0.00000000
L2R,3231.50000000,0.00000000
L2R,3232.50000000,0.00000000
L2R,3233.50000000,0.00000000
L2R,3234.50000000,0.00000000
L2R,3235.50000000,0.00000000
L2R,3236.50000000,0.00000000
L2R,3237.50000000,0.00000000
L2R,3238.50000000,0.00000000
L2R,3239.50000000,0.00000000
L2R,3240.50000000,0.00000000
L2R,3241.50000000,0.00000000
L2R,3242.50000000,0.00000000
L2R,3243.50000000,0.00000000
L2R,3244.50000000,0.00000000
L2R,3245.50000000,0.00000000
L2R,3246.50000000,0.00000000
L2R,3247.50000000,0.00000000
L2R,3248.50000000,0.00000000
L2R,3249.50000000,0.00000000
L2R,3250.50000000,0.00000000
L2R,3251.50000000,0.00000000
L2R,3252.50000000,0.00000000
L2R,3253.50000000,0.00000000
L2R,3254.50000000,0.00000000
L2R,3255.50000000,0.00000000
L2R,3256.50000000,0.00000000
L2R,3257.50000000,0.00000000
L2R,3258.50000000,0.00000000
L2R,3259.50000000,0.00000000
L2R,3260.50000000,0.00000000
L2R,3261.50000000,0.00000000
L2R,3262.50000000,0.00000000
L2R,3263.50000000,0.00000000
L2R,3264.50000000,0.00000000
L2R,3265.50000000,0.00000000
L2R,3266.50000000,0.00000000
L2R,3267.50000000,0.00000000
L2R,3268.50000000,0.00000000
L2R,3269.50000000,0.00000000
L2R,3270.50000000,0.00000000
L2R,3271.50000000,0.00000000
L2R,3272.50000000,0.00000000
L2R,3273.50000000,0.00000000
L2R,3274.50000000,0.00000000
L2R,3275.50000000,0.00000000
L2R,3276.50000000,0.00000000
L2R,3277.50000000,0.00000000
L2R,3278.50000000,0.00000000
L2R,3279.50000000,0.00000000
L2R,3280.50000000,0.00000000
L2R,3281.50000000,0.00000000
L2R,3282.50000000,0.00000000
L2R,3283.50000000,0.00000000
L2R,3284.50000000,0.00000000
L2R,3285.50000000,0.00000000
L2R,3286.50000000,0.00000000
L2R,3287.50000000,0.00000000
L2R,3288.50000000,0.00000000
L2R,3289.50000000,0.00000000
L2R,3290.50000000,0.00000000
L2R,3291.50000000,0.00000000
L2R,3292.50000000,0.00000000
L2R,3293.50000000,0.00000000
L2R,3294.50000000,0.00000000
L2R,3295.50000000,0.00000000
L2R,3296.50000000,0.00000000
L2R,3297.50000000,0.00000000
L2R,3298.50000000,0.00000000
L2R,3299.50000000,0.00000000
L2R,3300.50000000,0.00000000
L2R,3301.50000000,0.00000000
L2R,3302.50000000,0.00000000
L2R,3303.50000000,0.00000000
L2R,3304.50000000,0.00000000
L2R,3305.50000000,0.00000000
L2R,3306.50000000,0.00000000
L2R,3307.50000000,0.00000000
L2R,3308.50000000,0.00000000
L2R,3309.50000000,0.00000000
L2R,3310.50000000,0.00000000
L2R,3311.50000000,0.00000000
L2R,3312.50000000,0.00000000
L2R,3313.50000000,0.00000000
L2R,3314.50000000,0.00000000
L2R,3315.50000000,0.00000000
L2R,3316.50000000,0.00000000
L2R,3317.50000000,0.00000000
L2R,3318.50000000,0.00000000
L2R,3319.50000000,0.00000000
L2R,3320.50000000,0.00000000
L2R,3321.50000000,0.00000000
L2R,3322.50000000,0.00000000
L2R,3323.50000000,0.00000000
L2R,3324.50000000,0.00000000
L2R,3325.50000000,0.00000000
L2R,3326.50000000,0.00000000
L2R,3327.50000000,0.00000000
L2R,3328.50000000,0.00000000
L2R,3329.50000000,0.00000000
L2R,3330.50000000,0.00000000
L2R,3331.50000000,0.00000000
L2R,3332.50000000,0.00000000
L2R,3333.50000000,0.00000000
L2R,3334.50000000,0.00000000
L2R,3335.50000000,0.00000000
L2R,3336.50000000,0.00000000
L2R,3337.50000000,0.00000000
L2R,3338.50000000,0.00000000
L2R,3339.50000000,0.00000000
L2R,3340.50000000,0.00000000
L2R,3341.50000000,0.00000000
L2R,3342.50000000,0.00000000
L2R,3343.50000000,0.00000000
L2R,3344.50000000,0.00000000
L2R,3345.50000000,0.00000000
L2R,3346.50000000,0.00000000
L2R,3347.50000000,0.00000000
L2R,3348.50000000,0.00000000
L2R,3349.50000000,0.00000000
L2R,3350.50000000,0.00000000
L2R,3351.50000000,0.00000000
L2R,3352.50000000,0.00000000
L2R,3353.50000000,0.00000000
L2R,3354.50000000,0.00000000
L2R,3355.50000000,0.00000000
L2R,3356.50000000,0.00000000
L2R,3357.50000000,0.00000000
L2R,3358.50000000,0.00000000
L2R,3359.50000000,0.00000000
L2R,3360.50000000,0.00000000
L2R,3361.50000000,0.00000000
L2R,3362.50000000,0.00000000
L2R,3363.50000000,0.00000000
L2R,3364.50000000,0.00000000
L2R,3365.50000000,0.00000000
L2R,3366.50000000,0.00000000
L2R,3367.50000000,0.00000000
L2R,3368.50000000,0.00000000
L2R,3369.50000000,0.00000000
L2R,3370.50000000,0.00000000
L2R,3371.50000000,0.00000000
L2R,3372.50000000,0.00000000
L2R,3373.50000000,0.00000000
L2R,3374.50000000,0.00000000
L2R,3375.50000000,0.00000000
L2R,3376.50000000,0.00000000
L2R,3377.50000000,0.00000000
L2R,3378.50000000,0.00000000
L2R,3379.50000000,0.00000000
L2R,3380.50000000,0.00000000
L2R,3381.50000000,0.00000000
L2R,3382.50000000,0.00000000
L2R,3383.50000000,0.00000000
L2R,3384.50000000,0.00000000
L2R,3385.50000000,0.00000000
L2R,3386.50000000,0.00000000
L2R,3387.50000000,0.00000000
L2R,3388.50000000,0.00000000
L2R,3389.50000000,0.00000000
L2R,3390.50000000,0.00000000
L2R,3391.50000000,0.00000000
L2R,3392.50000000,0.00000000
L2R,3393.50000000,0.00000000
L2R,3394.50000000,0.00000000
L2R,3395.50000000,0.00000000
L2R,3396.50000000,0.00000000
L2R,3397.50000000,0.00000000
L2R,3398.50000000,0.00000000
L2R,3399.50000000,0.00000000
L2R,3400.50000000,0.00000000
L2R,3401.50000000,0.00000000
L2R,3402.50000000,0.00000000
L2R,3403.50000000,0.00000000
L2R,3404.50000000,0.00000000
L2R,3405.50000000,0.00000000
L2R,3406.50000000,0.00000000
L2R,3407.50000000,0.00000000
L2R,3408.50000000,0.00000000
L2R,3409.50000000,0.00000000
L2R,3410.50000000,0.00000000
L2R,3411.50000000,0.00000000
L2R,3412.50000000,0.00000000
L2R,3413.50000000,0.00000000
L2R,3414.50000000,0.00000000
L2R,3415.50000000,0.00000000
L2R,3416.50000000,0.00000000
L2R,3417.50000000,0.00000000
L2R,3418.50000000,0.00000000
L2R,3419.50000000,77.50781250
L2R,3420.50000000,163.28906250
L2R,3421.50000000,244.99414062
L2R,3422.50000000,326.69921875
L2R,3423.50000000,412.48046875
L2R,3424.50000000,449.34765625
L2R,3425.50000000,437.24023438
L2R,3426.50000000,425.19335938
L2R,3427.50000000,413.08593750
L2R,3428.50000000,401.03906250
L2R,3429.50000000,389.06933594
L2R,3430.50000000,377.03906250
L2R,3431.50000000,364.99218750
L2R,3432.50000000,352.94531250
L2R,3433.50000000,340.91601562
L2R,3434.50000000,328.79101562
L2R,3435.50000000,316.68359375
L2R,3436.50000000,304.63671875
L2R,3437.50000000,292.52929688
L2R,3438.50000000,280.48242188
L2R,3439.50000000,268.43554688
L2R,3440.50000000,256.48242188
L2R,3441.50000000,244.43554688
L2R,3442.50000000,232.38867188
L2R,3443.50000000,220.28125000
L2R,3444.50000000,208.23437500
L2R,3445.50000000,196.12695312
L2R,3446.50000000,184.08007812
L2R,3447.50000000,172.03320312
L2R,3448.50000000,159.92578125
L2R,3449.50000000,147.87890625
L2R,3450.50000000,135.83203125
L2R,3451.50000000,127.95507812
L2R,3452.50000000,115.90820312
L2R,3453.50000000,103.86132812
L2R,3454.50000000,91.75390625
L2R,3455.50000000,79.70703125
L2R,3456.50000000,67.59960938
L2R,3457.50000000,55.55273438
L2R,3458.50000000,43.50585938
L2R,3459.50000000,31.39843750
L2R,3460.50000000,19.35156250
L2R,3461.50000000,7.38183594
L2R,3462.50000000,1.91015625
L2R,3463.50000000,0.00000000
L2R,3464.50000000,0.00000000
L2R,3465.50000000,0.00000000
L2R,3466.50000000,0.00000000
L2R,3467.50000000,0.00000000
L2R,3468.50000000,0.00000000
L2R,3469.50000000,0.00000000
L2R,3470.50000000,0.00000000
L2R,3471.50000000,0.00000000
L2R,3472.50000000,0.00000000
L2R,3473.50000000,0.00000000
L2R,3474.50000000,0.00000000
L2R,3475.50000000,0.00000000
L2R,3476.50000000,0.00000000
L2R,3477.50000000,0.00000000
L2R,3478.50000000,0.00000000
L2R,3479.50000000,0.00000000
L2R,3480.50000000,0.00000000
L2R,3481.50000000,0.00000000
L2R,3482.50000000,0.00000000
L2R,3483.50000000,0.00000000
L2R,3484.50000000,0.00000000
L2R,3485.50000000,0.00000000
L2R,3486.50000000,0.00000000
L2R,3487.50000000,0.00000000
L2R,3488.50000000,0.00000000
L2R,3489.50000000,0.00000000
L2R,3490.50000000,0.00000000
L2R,3491.50000000,0.00000000
L2R,3492.50000000,0.00000000
L2R,3493.50000000,0.00000000
L2R,3494.50000000,0.00000000
L2R,3495.50000000,0.00000000
L2R,3496.50000000,0.00000000
L2R,3497.50000000,0.00000000
L2R,3498.50000000,0.00000000
L2R,3499.50000000,20.38085938
L2R,3500.50000000,106.10156250
L2R,3501.50000000,191.88281250
L2R,3502.50000000,277.66406250
L2R,3503.50000000,363.44531250
L2R,3504.50000000,449.22656250
L2R,3505.50000000,445.27148438
L2R,3506.50000000,433.22460938
L2R,3507.50000000,421.11718750
L2R,3508.50000000,409.07031250
L2R,3509.50000000,397.02343750
L2R,3510.50000000,385.13085938
L2R,3511.50000000,373.02343750
L2R,3512.50000000,360.97656250
L2R,3513.50000000,348.86914062
L2R,3514.50000000,336.82226562
L2R,3515.50000000,324.71484375
L2R,3516.50000000,312.66796875
L2R,3517.50000000,300.62109375
L2R,3518.50000000,288.51367188
L2R,3519.50000000,276.46679688
L2R,3520.50000000,264.41992188
L2R,3521.50000000,252.46679688
L2R,3522.50000000,240.49804688
L2R,3523.50000000,228.31250000
L2R,3524.50000000,216.26562500
L2R,3525.50000000,204.21875000
L2R,3526.50000000,192.11132812
L2R,3527.50000000,180.06445312
L2R,3528.50000000,168.01757812
L2R,3529.50000000,155.91015625
L2R,3530.50000000,143.86328125
L2R,3531.50000000,131.83300781
L2R,3532.50000000,119.86328125
L2R,3533.50000000,107.81640625
L2R,3534.50000000,99.78515625
L2R,3535.50000000,87.73828125
L2R,3536.50000000,75.69140625
L2R,3537.50000000,63.62304688
L2R,3538.50000000,51.53710938
L2R,3539.50000000,39.49023438
L2R,3540.50000000,27.38281250
L2R,3541.50000000,15.33593750
L2R,3542.50000000,5.73046875
L2R,3543.50000000,0.00000000
L2R,3544.50000000,77.50781250
L2R,3545.50000000,163.28906250
L2R,3546.50000000,249.07031250
L2R,3547.50000000,334.85156250
L2R,3548.50000000,420.63281250
L2R,3549.50000000,449.34765625
L2R,3550.50000000,437.24023438
L2R,3551.50000000,425.19335938
L2R,3552.50000000,413.08593750
L2R,3553.50000000,401.03906250
L2R,3554.50000000,389.06933594
L2R,3555.50000000,377.03906250
L2R,3556.50000000,364.99218750
L2R,3557.50000000,352.88476562
L2R,3558.50000000,340.83789062
L2R,3559.50000000,328.79101562
L2R,3560.50000000,316.68359375
L2R,3561.50000000,304.63671875
L2R,3562.50000000,292.52929688
L2R,3563.50000000,280.48242188
L2R,3564.50000000,268.43554688
L2R,3565.50000000,256.48242188
L2R,3566.50000000,244.43554688
L2R,3567.50000000,232.38867188
L2R,3568.50000000,220.28125000
L2R,3569.50000000,208.23437500
L2R,3570.50000000,196.12695312
L2R,3571.50000000,184.08007812
L2R,3572.50000000,172.03320312
L2R,3573.50000000,159.92578125
L2R,3574.50000000,147.87890625
L2R,3575.50000000,135.83203125
L2R,3576.50000000,123.87890625
L2R,3577.50000000,111.83203125
L2R,3578.50000000,99.72460938
L2R,3579.50000000,87.67773438
L2R,3580.50000000,79.70703125
L2R,3581.50000000,67.59960938
L2R,3582.50000000,55.55273438
L2R,3583.50000000,43.50585938
L2R,3584.50000000,31.39843750
L2R,3585.50000000,19.35156250
L2R,3586.50000000,7.38183594
L2R,3587.50000000,1.78906250
L2R,3588.50000000,0.00000000
L2R,3589.50000000,0.00000000
L2R,3590.50000000,4.07617188
L2R,3591.50000000,85.72070312
L2R,3592.50000000,171.50195312
L2R,3593.50000000,257.28320312
L2R,3594.50000000,343.06445312
L2R,3595.50000000,428.84570312
L2R,3596.50000000,482.01757812
L2R,3597.50000000,469.91015625
L2R,3598.50000000,457.86328125
L2R,3599.50000000,445.79492188
L2R,3600.50000000,433.70898438
L2R,3601.50000000,421.81640625
L2R,3602.50000000,409.70898438
L2R,3603.50000000,397.66210938
L2R,3604.50000000,385.55468750
L2R,3605.50000000,373.50781250
L2R,3606.50000000,361.46093750
L2R,3607.50000000,349.35351562
L2R,3608.50000000,337.30664062
L2R,3609.50000000,325.19921875
L2R,3610.50000000,313.15234375
L2R,3611.50000000,301.10546875
L2R,3612.50000000,289.15234375
L2R,3613.50000000,277.10546875
L2R,3614.50000000,265.09765625
L2R,3615.50000000,252.89062500
L2R,3616.50000000,240.84375000
L2R,3617.50000000,228.73632812
L2R,3618.50000000,216.68945312
L2R,3619.50000000,204.64257812
L2R,3620.50000000,192.53515625
L2R,3621.50000000,180.48828125
L2R,3622.50000000,168.44140625
L2R,3623.50000000,156.48828125
L2R,3624.50000000,144.44140625
L2R,3625.50000000,132.33398438
L2R,3626.50000000,120.28710938
L2R,3627.50000000,108.24023438
L2R,3628.50000000,96.13281250
L2R,3629.50000000,84.16406250
L2R,3630.50000000,72.03906250
L2R,3631.50000000,59.93164062
L2R,3632.50000000,47.88476562
L2R,3633.50000000,35.85449219
L2R,3634.50000000,23.88476562
L2R,3635.50000000,11.83789062
L2R,3636.50000000,5.70312500
L2R,3637.50000000,0.00000000
L2R,3638.50000000,0.00000000
L2R,3639.50000000,0.00000000
L2R,3640.50000000,0.00000000
L2R,3641.50000000,0.00000000
L2R,3642.50000000,0.00000000
L2R,3643.50000000,0.00000000
L2R,3644.50000000,0.00000000
L2R,3645.50000000,0.00000000
L2R,3646.50000000,0.00000000
L2R,3647.50000000,0.00000000
L2R,3648.50000000,0.00000000
L2R,3649.50000000,0.00000000
L2R,3650.50000000,0.00000000
L2R,3651.50000000,0.00000000
L2R,3652.50000000,0.00000000
L2R,3653.50000000,0.00000000
L2R,3654.50000000,0.00000000
L2R,3655.50000000,0.00000000
L2R,3656.50000000,0.00000000
L2R,3657.50000000,0.00000000
L2R,3658.50000000,0.00000000
L2R,3659.50000000,0.00000000
L2R,3660.50000000,0.00000000
L2R,3661.50000000,0.00000000
L2R,3662.50000000,0.00000000
L2R,3663.50000000,0.00000000
L2R,3664.50000000,0.00000000
L2R,3665.50000000,0.00000000
L2R,3666.50000000,0.00000000
L2R,3667.50000000,0.00000000
L2R,3668.50000000,0.00000000
L2R,3669.50000000,0.00000000
L2R,3670.50000000,0.00000000
L2R,3671.50000000,0.00000000
L2R,3672.50000000,0.00000000
L2R,3673.50000000,0.00000000
L2R,3674.50000000,0.00000000
L2R,3675.50000000,0.00000000
L2R,3676.50000000,0.00000000
L2R,3677.50000000,16.30468750
L2R,3678.50000000,49.09570312
L2R,3679.50000000,85.96289062
L2R,3680.50000000,122.76953125
L2R,3681.50000000,159.63671875
L2R,3682.50000000,196.44335938
L2R,3683.50000000,184.41308594
L2R,3684.50000000,172.30566406
L2R,3685.50000000,160.19824219
L2R,3686.50000000,148.15136719
L2R,3687.50000000,136.04394531
L2R,3688.50000000,124.01367188
L2R,3689.50000000,111.90625000
L2R,3690.50000000,99.85937500
L2R,3691.50000000,87.75195312
L2R,3692.50000000,75.68359375
L2R,3693.50000000,63.53710938
L2R,3694.50000000,51.50683594
L2R,3695.50000000,39.39941406
L2R,3696.50000000,27.29199219
L2R,3697.50000000,15.24511719
L2R,3698.50000000,3.13769531
L2R,3699.50000000,0.00000000
L2R,3700.50000000,0.00000000
L2R,3701.50000000,0.00000000
L2R,3702.50000000,0.00000000
L2R,3703.50000000,0.00000000
L2R,3704.50000000,0.00000000
L2R,3705.50000000,0.00000000
L2R,3706.50000000,0.00000000
L2R,3707.50000000,0.00000000
L2R,3708.50000000,0.00000000
L2R,3709.50000000,0.00000000
L2R,3710.50000000,0.00000000
L2R,3711.50000000,0.00000000
L2R,3712.50000000,0.00000000
L2R,3713.50000000,0.00000000
L2R,3714.50000000,0.00000000
L2R,3715.50000000,0.00000000
L2R,3716.50000000,0.00000000
L2R,3717.50000000,0.00000000
L2R,3718.50000000,0.00000000
L2R,3719.50000000,0.00000000
L2R,3720.50000000,0.00000000
L2R,3721.50000000,0.00000000
L2R,3722.50000000,0.00000000
L2R,3723.50000000,0.00000000
L2R,3724.50000000,0.00000000
L2R,3725.50000000,0.00000000
L2R,3726.50000000,0.00000000
L2R,3727.50000000,0.00000000
L2R,3728.50000000,0.00000000
L2R,3729.50000000,0.00000000
L2R,3730.50000000,0.00000000
L2R,3731.50000000,0.00000000
L2R,3732.50000000,0.00000000
L2R,3733.50000000,0.00000000
L2R,3734.50000000,0.00000000
L2R,3735.50000000,0.00000000
L2R,3736.50000000,24.45703125
L2R,3737.50000000,61.38476562
L2R,3738.50000000,98.25195312
L2R,3739.50000000,135.05859375
L2R,3740.50000000,171.86523438
L2R,3741.50000000,192.44433594
L2R,3742.50000000,180.39746094
L2R,3743.50000000,168.29003906
L2R,3744.50000000,156.18261719
L2R,3745.50000000,144.07519531
L2R,3746.50000000,132.02832031
L2R,3747.50000000,120.03710938
L2R,3748.50000000,107.89062500
L2R,3749.50000000,95.78320312
L2R,3750.50000000,83.73632812
L2R,3751.50000000,71.56835938
L2R,3752.50000000,59.53808594
L2R,3753.50000000,47.43066406
L2R,3754.50000000,35.38378906
L2R,3755.50000000,23.27636719
L2R,3756.50000000,11.16894531
L2R,3757.50000000,2.33398438
L2R,3758.50000000,12.22851562
L2R,3759.50000000,49.09570312
L2R,3760.50000000,85.96289062
L2R,3761.50000000,122.76953125
L2R,3762.50000000,159.63671875
L2R,3763.50000000,196.44335938
L2R,3764.50000000,184.41308594
L2R,3765.50000000,172.30566406
L2R,3766.50000000,160.19824219
L2R,3767.50000000,148.15136719
L2R,3768.50000000,136.04394531
L2R,3769.50000000,124.01367188
L2R,3770.50000000,111.90625000
L2R,3771.50000000,99.79882812
L2R,3772.50000000,87.69140625
L2R,3773.50000000,75.58398438
L2R,3774.50000000,63.47656250
L2R,3775.50000000,51.50683594
L2R,3776.50000000,39.39941406
L2R,3777.50000000,27.29199219
L2R,3778.50000000,15.24511719
L2R,3779.50000000,3.13769531
L2R,3780.50000000,0.00000000
L2R,3781.50000000,0.00000000
L2R,3782.50000000,0.00000000
L2R,3783.50000000,12.22851562
L2R,3784.50000000,49.09570312
L2R,3785.50000000,85.96289062
L2R,3786.50000000,122.76953125
L2R,3787.50000000,159.57617188
L2R,3788.50000000,196.38281250
L2R,3789.50000000,196.64160156
L2R,3790.50000000,188.61035156
L2R,3791.50000000,176.50292969
L2R,3792.50000000,164.45605469
L2R,3793.50000000,152.34863281
L2R,3794.50000000,140.31835938
L2R,3795.50000000,128.21093750
L2R,3796.50000000,116.16406250
L2R,3797.50000000,104.05664062
L2R,3798.50000000,91.94921875
L2R,3799.50000000,79.91894531
L2R,3800.50000000,67.87207031
L2R,3801.50000000,55.76464844
L2R,3802.50000000,43.65722656
L2R,3803.50000000,31.61035156
L2R,3804.50000000,19.50292969
L2R,3805.50000000,7.41210938
L2R,3806.50000000,0.44042969
L2R,3807.50000000,0.00000000
L2R,3808.50000000,0.00000000
L2R,3809.50000000,0.00000000
L2R,3810.50000000,0.00000000
L2R,3811.50000000,0.00000000
L2R,3812.50000000,0.00000000
L2R,3813.50000000,0.00000000
L2R,3814.50000000,0.00000000
L2R,3815.50000000,0.00000000
L2R,3816.50000000,0.00000000
L2R,3817.50000000,0.00000000
L2R,3818.50000000,0.00000000
L2R,3819.50000000,0.00000000
L2R,3820.50000000,0.00000000
L2R,3821.50000000,0.00000000
L2R,3822.50000000,0.00000000
L2R,3823.50000000,0.00000000
L2R,3824.50000000,0.00000000
L2R,3825.50000000,0.00000000
L2R,3826.50000000,0.00000000
L2R,3827.50000000,0.00000000
L2R,3828.50000000,0.00000000
L2R,3829.50000000,0.00000000
L2R,3830.50000000,0.00000000
L2R,3831.50000000,0.00000000
L2R,3832.50000000,0.00000000
L2R,3833.50000000,0.00000000
L2R,3834.50000000,0.00000000
L2R,3835.50000000,0.00000000
L2R,3836.50000000,0.00000000
L2R,3837.50000000,0.00000000
L2R,3838.50000000,0.00000000
L2R,3839.50000000,0.00000000
L2R,3840.50000000,0.00000000
L2R,3841.50000000,0.00000000
L2R,3842.50000000,0.00000000
L2R,3843.50000000,0.00000000
L2R,3844.50000000,0.00000000
L2R,3845.50000000,0.00000000
L2R,3846.50000000,0.00000000
L2R,3847.50000000,0.00000000
L2R,3848.50000000,0.00000000
L2R,3849.50000000,0.00000000
L2R,3850.50000000,0.00000000
L2R,3851.50000000,0.00000000
L2R,3852.50000000,0.00000000
L2R,3853.50000000,0.00000000
L2R,3854.50000000,0.00000000
L2R,3855.50000000,0.00000000
L2R,3856.50000000,0.00000000
L2R,3857.50000000,0.00000000
L2R,3858.50000000,0.00000000
L2R,3859.50000000,0.00000000
L2R,3860.50000000,0.00000000
L2R,3861.50000000,0.00000000
L2R,3862.50000000,0.00000000
L2R,3863.50000000,0.00000000
L2R,3864.50000000,0.00000000
L2R,3865.50000000,0.00000000
L2R,3866.50000000,0.00000000
L2R,3867.50000000,0.00000000
L2R,3868.50000000,0.00000000
L2R,3869.50000000,0.00000000
L2R,3870.50000000,0.00000000
L2R,3871.50000000,0.00000000
L2R,3872.50000000,0.00000000
L2R,3873.50000000,0.00000000
L2R,3874.50000000,0.00000000
L2R,3875.50000000,0.00000000
L2R,3876.50000000,0.00000000
L2R,3877.50000000,0.00000000
L2R,3878.50000000,0.00000000
L2R,3879.50000000,0.00000000
L2R,3880.50000000,0.00000000
L2R,3881.50000000,0.00000000
L2R,3882.50000000,0.00000000
L2R,3883.50000000,0.00000000
L2R,3884.50000000,0.00000000
L2R,3885.50000000,0.00000000
L2R,3886.50000000,0.00000000
L2R,3887.50000000,0.00000000
L2R,3888.50000000,0.00000000
L2R,3889.50000000,0.00000000
L2R,3890.50000000,0.00000000
L2R,3891.50000000,0.00000000
L2R,3892.50000000,0.00000000
L2R,3893.50000000,0.00000000
L2R,3894.50000000,0.00000000
L2R,3895.50000000,0.00000000
L2R,3896.50000000,0.00000000
L2R,3897.50000000,0.00000000
L2R,3898.50000000,0.00000000
L2R,3899.50000000,0.00000000
L2R,3900.50000000,0.00000000
L2R,3901.50000000,0.00000000
L2R,3902.50000000,0.00000000
L2R,3903.50000000,0.00000000
L2R,3904.50000000,0.00000000
L2R,3905.50000000,0.00000000
L2R,3906.50000000,0.00000000
L2R,3907.50000000,0.00000000
L2R,3908.50000000,0.00000000
L2R,3909.50000000,0.00000000
L2R,3910.50000000,0.00000000
L2R,3911.50000000,0.00000000
L2R,3912.50000000,0.00000000
L2R,3913.50000000,0.00000000
L2R,3914.50000000,0.00000000
L2R,3915.50000000,0.00000000
L2R,3916.50000000,0.00000000
L2R,3917.50000000,0.00000000
L2R,3918.50000000,0.00000000
L2R,3919.50000000,0.00000000
L2R,3920.50000000,0.00000000
L2R,3921.50000000,0.00000000
L2R,3922.50000000,0.00000000
L2R,3923.50000000,0.00000000
L2R,3924.50000000,0.00000000
L2R,3925.50000000,0.00000000
L2R,3926.50000000,0.00000000
L2R,3927.50000000,0.00000000
L2R,3928.50000000,0.00000000
L2R,3929.50000000,0.00000000
L2R,3930.50000000,0.00000000
L2R,3931.50000000,0.00000000
L2R,3932.50000000,0.00000000
L2R,3933.50000000,0.00000000
L2R,3934.50000000,0.00000000
L2R,3935.50000000,0.00000000
L2R,3936.50000000,0.00000000
L2R,3937.50000000,0.00000000
L2R,3938.50000000,0.00000000
L2R,3939.50000000,0.00000000
L2R,3940.50000000,0.00000000
L2R,3941.50000000,0.00000000
L2R,3942.50000000,0.00000000
L2R,3943.50000000,0.00000000
L2R,3944.50000000,0.00000000
L2R,3945.50000000,0.00000000
L2R,3946.50000000,0.00000000
L2R,3947.50000000,0.00000000
L2R,3948.50000000,0.00000000
L2R,3949.50000000,0.00000000
L2R,3950.50000000,0.00000000
L2R,3951.50000000,0.00000000
L2R,3952.50000000,0.00000000
L2R,3953.50000000,0.00000000
L2R,3954.50000000,0.00000000
L2R,3955.50000000,0.00000000
L2R,3956.50000000,0.00000000
L2R,3957.50000000,0.00000000
L2R,3958.50000000,0.00000000
L2R,3959.50000000,0.00000000
L2R,3960.50000000,0.00000000
L2R,3961.50000000,0.00000000
L2R,3962.50000000,0.00000000
L2R,3963.50000000,0.00000000
L2R,3964.50000000,0.00000000
L2R,3965.50000000,0.00000000
L2R,3966.50000000,0.00000000
L2R,3967.50000000,0.00000000
L2R,3968.50000000,0.00000000
L2R,3969.50000000,0.00000000
L2R,3970.50000000,0.00000000
L2R,3971.50000000,0.00000000
L2R,3972.50000000,0.00000000
L2R,3973.50000000,0.00000000
L2R,3974.50000000,0.00000000
L2R,3975.50000000,0.00000000
L2R,3976.50000000,0.00000000
L2R,3977.50000000,0.00000000
L2R,3978.50000000,0.00000000
L2R,3979.50000000,0.00000000
L2R,3980.50000000,0.00000000
L2R,3981.50000000,0.00000000
L2R,3982.50000000,0.00000000
L2R,3983.50000000,0.00000000
L2R,3984.50000000,0.00000000
L2R,3985.50000000,0.00000000
L2R,3986.50000000,0.00000000
L2R,3987.50000000,0.00000000
L2R,3988.50000000,0.00000000
L2R,3989.50000000,0.00000000
L2R,3990.50000000,0.00000000
L2R,3991.50000000,0.00000000
L2R,3992.50000000,0.00000000
L2R,3993.50000000,0.00000000
L2R,3994.50000000,0.00000000
L2R,3995.50000000,0.00000000
L2R,3996.50000000,0.00000000
L2R,3997.50000000,0.00000000
L2R,3998.50000000,0.00000000
L2R,3999.50000000,0.00000000
L2R,4000.50000000,0.00000000
L2R,4001.50000000,0.00000000
L2R,4002.50000000,0.00000000
L2R,4003.50000000,0.00000000
L2R,4004.50000000,0.00000000
L2R,4005.50000000,0.00000000
L2R,4006.50000000,0.00000000
L2R,4007.50000000,0.00000000
L2R,4008.50000000,0.00000000
L2R,4009.50000000,0.00000000
L2R,4010.50000000,0.00000000
L2R,4011.50000000,0.00000000
L2R,4012.50000000,0.00000000
L2R,4013.50000000,0.00000000
L2R,4014.50000000,0.00000000
L2R,4015.50000000,0.00000000
L2R,4016.50000000,0.00000000
L2R,4017.50000000,0.00000000
L2R,4018.50000000,0.00000000
L2R,4019.50000000,0.00000000
L2R,4020.50000000,0.00000000
L2R,4021.50000000,0.00000000
L2R,4022.50000000,0.00000000
L2R,4023.50000000,0.00000000
L2R,4024.50000000,0.00000000
L2R,4025.50000000,0.00000000
L2R,4026.50000000,0.00000000
L2R,4027.50000000,0.00000000
L2R,4028.50000000,0.00000000
L2R,4029.50000000,0.00000000
L2R,4030.50000000,0.00000000
L2R,4031.50000000,0.00000000
L2R,4032.50000000,0.00000000
L2R,4033.50000000,0.00000000
L2R,4034.50000000,0.00000000
L2R,4035.50000000,0.00000000
L2R,4036.50000000,0.00000000
L2R,4037.50000000,0.00000000
L2R,4038.50000000,0.00000000
L2R,4039.50000000,0.00000000
L2R,4040.50000000,0.00000000
L2R,4041.50000000,0.00000000
L2R,4042.50000000,0.00000000
L2R,4043.50000000,0.00000000
L2R,4044.50000000,0.00000000
L2R,4045.50000000,0.00000000
L2R,4046.50000000,0.00000000
L2R,4047.50000000,0.00000000
L2R,4048.50000000,0.00000000
L2R,4049.50000000,0.00000000
L2R,4050.50000000,0.00000000
L2R,4051.50000000,0.00000000
L2R,4052.50000000,0.00000000
L2R,4053.50000000,0.00000000
L2R,4054.50000000,0.00000000
L2R,4055.50000000,0.00000000
L2R,4056.50000000,0.00000000
L2R,4057.50000000,0.00000000
L2R,4058.50000000,0.00000000
L2R,4059.50000000,0.00000000
L2R,4060.50000000,0.00000000
L2R,4061.50000000,0.00000000
L2R,4062.50000000,0.00000000
L2R,4063.50000000,0.00000000
L2R,4064.50000000,0.00000000
L2R,4065.50000000,0.00000000
L2R,4066.50000000,0.00000000
L2R,4067.50000000,0.00000000
L2R,4068.50000000,0.00000000
L2R,4069.50000000,0.00000000
L2R,4070.50000000,0.00000000
L2R,4071.50000000,0.00000000
L2R,4072.50000000,0.00000000
L2R,4073.50000000,0.00000000
L2R,4074.50000000,0.00000000
L2R,4075.50000000,0.00000000
L2R,4076.50000000,0.00000000
L2R,4077.50000000,0.00000000
L2R,4078.50000000,0.00000000
L2R,4079.50000000,0.00000000
L2R,4080.50000000,0.00000000
L2R,4081.50000000,0.00000000
L2R,4082.50000000,0.00000000
L2R,4083.50000000,0.00000000
L2R,4084.50000000,0.00000000
L2R,4085.50000000,0.00000000
L2R,4086.50000000,0.00000000
L2R,4087.50000000,0.00000000
L2R,4088.50000000,0.00000000
L2R,4089.50000000,0.00000000
L2R,4090.50000000,0.00000000
L2R,4091.50000000,0.00000000
L2R,4092.50000000,0.00000000
L2R,4093.50000000,0.00000000
L2R,4094.50000000,12.22851562
L2R,4095.50000000,97.94921875
L2R,4096.50000000,183.73046875
L2R,4097.50000000,269.51171875
L2R,4098.50000000,355.29296875
L2R,4099.50000000,441.07421875
L2R,4100.50000000,445.27148438
L2R,4101.50000000,433.22460938
L2R,4102.50000000,421.17773438
L2R,4103.50000000,409.07031250
L2R,4104.50000000,397.02343750
L2R,4105.50000000,385.13085938
L2R,4106.50000000,373.02343750
L2R,4107.50000000,360.97656250
L2R,4108.50000000,348.86914062
L2R,4109.50000000,336.90039062
L2R,4110.50000000,324.71484375
L2R,4111.50000000,312.66796875
L2R,4112.50000000,300.62109375
L2R,4113.50000000,288.51367188
L2R,4114.50000000,276.46679688
L2R,4115.50000000,264.41992188
L2R,4116.50000000,252.46679688
L2R,4117.50000000,240.41992188
L2R,4118.50000000,228.31250000
L2R,4119.50000000,216.26562500
L2R,4120.50000000,204.21875000
L2R,4121.50000000,192.11132812
L2R,4122.50000000,184.14062500
L2R,4123.50000000,172.09375000
L2R,4124.50000000,160.02539062
L2R,4125.50000000,147.93945312
L2R,4126.50000000,135.96972656
L2R,4127.50000000,123.93945312
L2R,4128.50000000,111.89257812
L2R,4129.50000000,99.78515625
L2R,4130.50000000,87.73828125
L2R,4131.50000000,75.69140625
L2R,4132.50000000,63.58398438
L2R,4133.50000000,51.53710938
L2R,4134.50000000,39.49023438
L2R,4135.50000000,27.38281250
L2R,4136.50000000,15.33593750
L2R,4137.50000000,5.97265625
L2R,4138.50000000,0.18164062
L2R,4139.50000000,0.00000000
L2R,4140.50000000,0.00000000
L2R,4141.50000000,0.00000000
L2R,4142.50000000,0.00000000
L2R,4143.50000000,0.00000000
L2R,4144.50000000,0.00000000
L2R,4145.50000000,0.00000000
L2R,4146.50000000,0.00000000
L2R,4147.50000000,0.00000000
L2R,4148.50000000,0.00000000
L2R,4149.50000000,0.00000000
L2R,4150.50000000,0.00000000
L2R,4151.50000000,0.00000000
L2R,4152.50000000,0.00000000
L2R,4153.50000000,0.00000000
L2R,4154.50000000,0.00000000
L2R,4155.50000000,0.00000000
L2R,4156.50000000,0.00000000
L2R,4157.50000000,0.00000000
L2R,4158.50000000,0.00000000
L2R,4159.50000000,0.00000000
L2R,4160.50000000,0.00000000
L2R,4161.50000000,0.00000000
L2R,4162.50000000,0.00000000
L2R,4163.50000000,0.00000000
L2R,4164.50000000,0.00000000
L2R,4165.50000000,0.00000000
L2R,4166.50000000,0.00000000
L2R,4167.50000000,0.00000000
L2R,4168.50000000,0.00000000
L2R,4169.50000000,0.00000000
L2R,4170.50000000,0.00000000
L2R,4171.50000000,0.00000000
L2R,4172.50000000,0.00000000
L2R,4173.50000000,0.00000000
L2R,4174.50000000,0.00000000
L2R,4175.50000000,44.83789062
L2R,4176.50000000,126.54296875
L2R,4177.50000000,212.32421875
L2R,4178.50000000,298.10546875
L2R,4179.50000000,383.88671875
L2R,4180.50000000,453.36328125
L2R,4181.50000000,441.25585938
L2R,4182.50000000,429.20898438
L2R,4183.50000000,417.10156250
L2R,4184.50000000,405.05468750
L2R,4185.50000000,393.00781250
L2R,4186.50000000,381.05468750
L2R,4187.50000000,369.00781250
L2R,4188.50000000,356.90039062
L2R,4189.50000000,344.85351562
L2R,4190.50000000,332.80664062
L2R,4191.50000000,320.69921875
L2R,4192.50000000,308.65234375
L2R,4193.50000000,296.60546875
L2R,4194.50000000,284.49804688
L2R,4195.50000000,272.45117188
L2R,4196.50000000,260.42089844
L2R,4197.50000000,248.45117188
L2R,4198.50000000,236.40429688
L2R,4199.50000000,224.29687500
L2R,4200.50000000,212.25000000
L2R,4201.50000000,200.20312500
L2R,4202.50000000,188.09570312
L2R,4203.50000000,176.04882812
L2R,4204.50000000,168.01757812
L2R,4205.50000000,155.97070312
L2R,4206.50000000,143.92382812
L2R,4207.50000000,131.97070312
L2R,4208.50000000,119.92382812
L2R,4209.50000000,107.87695312
L2R,4210.50000000,95.76953125
L2R,4211.50000000,83.72265625
L2R,4212.50000000,71.67578125
L2R,4213.50000000,59.60742188
L2R,4214.50000000,47.52148438
L2R,4215.50000000,35.41406250
L2R,4216.50000000,23.36718750
L2R,4217.50000000,11.32031250
L2R,4218.50000000,4.00195312
L2R,4219.50000000,16.30468750
L2R,4220.50000000,97.94921875
L2R,4221.50000000,183.73046875
L2R,4222.50000000,269.51171875
L2R,4223.50000000,355.29296875
L2R,4224.50000000,441.07421875
L2R,4225.50000000,445.27148438
L2R,4226.50000000,433.22460938
L2R,4227.50000000,421.11718750
L2R,4228.50000000,409.07031250
L2R,4229.50000000,397.02343750
L2R,4230.50000000,385.13085938
L2R,4231.50000000,373.02343750
L2R,4232.50000000,360.97656250
L2R,4233.50000000,348.86914062
L2R,4234.50000000,336.82226562
L2R,4235.50000000,324.71484375
L2R,4236.50000000,312.66796875
L2R,4237.50000000,300.62109375
L2R,4238.50000000,288.51367188
L2R,4239.50000000,276.46679688
L2R,4240.50000000,264.41992188
L2R,4241.50000000,252.46679688
L2R,4242.50000000,240.41992188
L2R,4243.50000000,228.31250000
L2R,4244.50000000,216.26562500
L2R,4245.50000000,204.21875000
L2R,4246.50000000,192.11132812
L2R,4247.50000000,180.06445312
L2R,4248.50000000,168.01757812
L2R,4249.50000000,155.91015625
L2R,4250.50000000,147.93945312
L2R,4251.50000000,135.96972656
L2R,4252.50000000,123.93945312
L2R,4253.50000000,111.89257812
L2R,4254.50000000,99.78515625
L2R,4255.50000000,87.73828125
L2R,4256.50000000,75.69140625
L2R,4257.50000000,63.58398438
L2R,4258.50000000,51.53710938
L2R,4259.50000000,39.49023438
L2R,4260.50000000,27.38281250
L2R,4261.50000000,15.33593750
L2R,4262.50000000,5.85156250
L2R,4263.50000000,0.06054688
L2R,4264.50000000,32.66992188
L2R,4265.50000000,69.53710938
L2R,4266.50000000,139.01367188
L2R,4267.50000000,273.64843750
L2R,4268.50000000,408.34375000
L2R,4269.50000000,514.56640625
L2R,4270.50000000,596.27148438
L2R,4271.50000000,677.85546875
L2R,4272.50000000,706.66992188
L2R,4273.50000000,694.58398438
L2R,4274.50000000,682.53710938
L2R,4275.50000000,670.56738281
L2R,4276.50000000,658.39941406
L2R,4277.50000000,646.35253906
L2R,4278.50000000,634.30566406
L2R,4279.50000000,622.19824219
L2R,4280.50000000,610.09082031
L2R,4281.50000000,598.12109375
L2R,4282.50000000,586.09082031
L2R,4283.50000000,574.04394531
L2R,4284.50000000,561.93652344
L2R,4285.50000000,549.88964844
L2R,4286.50000000,537.78222656
L2R,4287.50000000,525.81347656
L2R,4288.50000000,513.68847656
L2R,4289.50000000,501.58105469
L2R,4290.50000000,489.47363281
L2R,4291.50000000,477.42675781
L2R,4292.50000000,465.37988281
L2R,4293.50000000,453.34960938
L2R,4294.50000000,441.30273438
L2R,4295.50000000,429.25585938
L2R,4296.50000000,417.20898438
L2R,4297.50000000,405.31640625
L2R,4298.50000000,393.14843750
L2R,4299.50000000,381.10156250
L2R,4300.50000000,369.05468750
L2R,4301.50000000,357.00781250
L2R,4302.50000000,344.91796875
L2R,4303.50000000,336.86914062
L2R,4304.50000000,324.82226562
L2R,4305.50000000,312.77539062
L2R,4306.50000000,300.72851562
L2R,4307.50000000,288.68164062
L2R,4308.50000000,276.63476562
L2R,4309.50000000,264.58789062
L2R,4310.50000000,252.55761719
L2R,4311.50000000,240.51074219
L2R,4312.50000000,228.54101562
L2R,4313.50000000,216.57128906
L2R,4314.50000000,204.46386719
L2R,4315.50000000,192.41699219
L2R,4316.50000000,180.37011719
L2R,4317.50000000,168.36230469
L2R,4318.50000000,156.27636719
L2R,4319.50000000,144.22949219
L2R,4320.50000000,132.18261719
L2R,4321.50000000,120.13574219
L2R,4322.50000000,107.96777344
L2R,4323.50000000,95.92089844
L2R,4324.50000000,83.87402344
L2R,4325.50000000,71.82714844
L2R,4326.50000000,59.73632812
L2R,4327.50000000,47.56835938
L2R,4328.50000000,35.55468750
L2R,4329.50000000,23.32617188
L2R,4330.50000000,11.20214844
L2R,4331.50000000,6.64453125
L2R,4332.50000000,0.82031250
L2R,4333.50000000,0.00000000
L2R,4334.50000000,0.00000000
L2R,4335.50000000,0.00000000
L2R,4336.50000000,0.00000000
L2R,4337.50000000,0.00000000
L2R,4338.50000000,0.00000000
L2R,4339.50000000,0.00000000
L2R,4340.50000000,0.00000000
L2R,4341.50000000,0.00000000
L2R,4342.50000000,0.00000000
L2R,4343.50000000,0.00000000
L2R,4344.50000000,0.00000000
L2R,4345.50000000,0.00000000
L2R,4346.50000000,0.00000000
L2R,4347.50000000,0.00000000
L2R,4348.50000000,0.00000000
L2R,4349.50000000,0.00000000
L2R,4350.50000000,0.00000000
L2R,4351.50000000,0.00000000
L2R,4352.50000000,0.00000000
L2R,4353.50000000,0.00000000
L2R,4354.50000000,0.00000000
L2R,4355.50000000,0.00000000
L2R,4356.50000000,0.00000000
L2R,4357.50000000,0.00000000
L2R,4358.50000000,0.00000000
L2R,4359.50000000,0.00000000
L2R,4360.50000000,0.00000000
L2R,4361.50000000,0.00000000
L2R,4362.50000000,0.00000000
L2R,4363.50000000,0.00000000
L2R,4364.50000000,0.00000000
L2R,4365.50000000,0.00000000
L2R,4366.50000000,0.00000000
L2R,4367.50000000,0.00000000
L2R,4368.50000000,0.00000000
L2R,4369.50000000,28.59375000
L2R,4370.50000000,65.46093750
L2R,4371.50000000,98.25195312
L2R,4372.50000000,135.05859375
L2R,4373.50000000,171.86523438
L2R,4374.50000000,188.36816406
L2R,4375.50000000,176.26074219
L2R,4376.50000000,164.21386719
L2R,4377.50000000,152.10644531
L2R,4378.50000000,139.99902344
L2R,4379.50000000,127.89160156
L2R,4380.50000000,115.92187500
L2R,4381.50000000,103.81445312
L2R,4382.50000000,95.78320312
L2R,4383.50000000,83.73632812
L2R,4384.50000000,71.62890625
L2R,4385.50000000,59.59863281
L2R,4386.50000000,47.49121094
L2R,4387.50000000,35.44433594
L2R,4388.50000000,23.33691406
L2R,4389.50000000,11.22949219
L2R,4390.50000000,1.78906250
L2R,4391.50000000,16.30468750
L2R,4392.50000000,49.09570312
L2R,4393.50000000,85.96289062
L2R,4394.50000000,122.76953125
L2R,4395.50000000,159.57617188
L2R,4396.50000000,192.30664062
L2R,4397.50000000,180.33691406
L2R,4398.50000000,168.22949219
L2R,4399.50000000,156.12207031
L2R,4400.50000000,144.01464844
L2R,4401.50000000,131.96777344
L2R,4402.50000000,124.01367188
L2R,4403.50000000,111.90625000
L2R,4404.50000000,99.85937500
L2R,4405.50000000,87.75195312
L2R,4406.50000000,75.64453125
L2R,4407.50000000,63.61425781
L2R,4408.50000000,51.56738281
L2R,4409.50000000,39.45996094
L2R,4410.50000000,27.35253906
L2R,4411.50000000,15.30566406
L2R,4412.50000000,3.19824219
L2R,4413.50000000,0.00000000
L2R,4414.50000000,0.00000000
L2R,4415.50000000,0.00000000
L2R,4416.50000000,20.38085938
L2R,4417.50000000,57.24804688
L2R,4418.50000000,90.03906250
L2R,4419.50000000,126.84570312
L2R,4420.50000000,163.65234375
L2R,4421.50000000,200.45898438
L2R,4422.50000000,196.64160156
L2R,4423.50000000,184.53417969
L2R,4424.50000000,172.42675781
L2R,4425.50000000,160.31933594
L2R,4426.50000000,148.27246094
L2R,4427.50000000,136.24218750
L2R,4428.50000000,124.13476562
L2R,4429.50000000,112.02734375
L2R,4430.50000000,99.98046875
L2R,4431.50000000,87.87304688
L2R,4432.50000000,75.84277344
L2R,4433.50000000,63.73535156
L2R,4434.50000000,51.68847656
L2R,4435.50000000,39.58105469
L2R,4436.50000000,31.61035156
L2R,4437.50000000,19.50292969
L2R,4438.50000000,7.47265625
L2R,4439.50000000,0.00000000
L2R,4440.50000000,0.00000000
L2R,4441.50000000,0.00000000
L2R,4442.50000000,0.00000000
L2R,4443.50000000,0.00000000
L2R,4444.50000000,0.00000000
L2R,4445.50000000,0.00000000
L2R,4446.50000000,0.00000000
L2R,4447.50000000,0.00000000
L2R,4448.50000000,0.00000000
L2R,4449.50000000,0.00000000
L2R,4450.50000000,0.00000000
L2R,4451.50000000,0.00000000
L2R,4452.50000000,0.00000000
L2R,4453.50000000,0.00000000
L2R,4454.50000000,0.00000000
L2R,4455.50000000,0.00000000
L2R,4456.50000000,0.00000000
L2R,4457.50000000,0.00000000
L2R,4458.50000000,0.00000000
L2R,4459.50000000,0.00000000
L2R,4460.50000000,0.00000000
L2R,4461.50000000,0.00000000
L2R,4462.50000000,0.00000000
L2R,4463.50000000,0.00000000
L2R,4464.50000000,0.00000000
L2R,4465.50000000,0.00000000
L2R,4466.50000000,0.00000000
L2R,4467.50000000,0.00000000
L2R,4468.50000000,0.00000000
L2R,4469.50000000,0.00000000
L2R,4470.50000000,0.00000000
L2R,4471.50000000,0.00000000
L2R,4472.50000000,0.00000000
L2R,4473.50000000,0.00000000
L2R,4474.50000000,0.00000000
L2R,4475.50000000,0.00000000
L2R,4476.50000000,0.00000000
L2R,4477.50000000,0.00000000
L2R,4478.50000000,0.00000000
L2R,4479.50000000,0.00000000
L2R,4480.50000000,0.00000000
L2R,4481.50000000,0.00000000
L2R,4482.50000000,0.00000000
L2R,4483.50000000,0.00000000
L2R,4484.50000000,0.00000000
L2R,4485.50000000,0.00000000
L2R,4486.50000000,0.00000000
L2R,4487.50000000,0.00000000
L2R,4488.50000000,0.00000000
L2R,4489.50000000,0.00000000
L2R,4490.50000000,0.00000000
L2R,4491.50000000,0.00000000
L2R,4492.50000000,0.00000000
L2R,4493.50000000,0.00000000
L2R,4494.50000000,0.00000000
L2R,4495.50000000,0.00000000
L2R,4496.50000000,0.00000000
L2R,4497.50000000,0.00000000
L2R,4498.50000000,0.00000000
L2R,4499.50000000,0.00000000
L2R,4500.50000000,0.00000000
L2R,4501.50000000,0.00000000
L2R,4502.50000000,0.00000000
L2R,4503.50000000,0.00000000
L2R,4504.50000000,0.00000000
L2R,4505.50000000,0.00000000
L2R,4506.50000000,0.00000000
L2R,4507.50000000,0.00000000
L2R,4508.50000000,0.00000000
L2R,4509.50000000,0.00000000
L2R,4510.50000000,0.00000000
L2R,4511.50000000,0.00000000
L2R,4512.50000000,0.00000000
L2R,4513.50000000,0.00000000
L2R,4514.50000000,0.00000000
L2R,4515.50000000,0.00000000
L2R,4516.50000000,0.00000000
L2R,4517.50000000,0.00000000
L2R,4518.50000000,0.00000000
L2R,4519.50000000,0.00000000
L2R,4520.50000000,0.00000000
L2R,4521.50000000,0.00000000
L2R,4522.50000000,0.00000000
L2R,4523.50000000,0.00000000
L2R,4524.50000000,0.00000000
L2R,4525.50000000,0.00000000
L2R,4526.50000000,0.00000000
L2R,4527.50000000,0.00000000
L2R,4528.50000000,0.00000000
L2R,4529.50000000,0.00000000
L2R,4530.50000000,0.00000000
L2R,4531.50000000,0.00000000
L2R,4532.50000000,0.00000000
L2R,4533.50000000,0.00000000
L2R,4534.50000000,0.00000000
L2R,4535.50000000,0.00000000
L2R,4536.50000000,0.00000000
L2R,4537.50000000,0.00000000
L2R,4538.50000000,0.00000000
L2R,4539.50000000,0.00000000
L2R,4540.50000000,0.00000000
L2R,4541.50000000,0.00000000
L2R,4542.50000000,0.00000000
L2R,4543.50000000,0.00000000
L2R,4544.50000000,0.00000000
L2R,4545.50000000,0.00000000
L2R,4546.50000000,0.00000000
L2R,4547.50000000,0.00000000
L2R,4548.50000000,0.00000000
L2R,4549.50000000,0.00000000
L2R,4550.50000000,0.00000000
L2R,4551.50000000,0.00000000
L2R,4552.50000000,0.00000000
L2R,4553.50000000,0.00000000
L2R,4554.50000000,0.00000000
L2R,4555.50000000,0.00000000
L2R,4556.50000000,0.00000000
L2R,4557.50000000,0.00000000
L2R,4558.50000000,0.00000000
L2R,4559.50000000,0.00000000
L2R,4560.50000000,0.00000000
L2R,4561.50000000,0.00000000
L2R,4562.50000000,0.00000000
L2R,4563.50000000,0.00000000
L2R,4564.50000000,0.00000000
L2R,4565.50000000,0.00000000
L2R,4566.50000000,0.00000000
L2R,4567.50000000,0.00000000
L2R,4568.50000000,0.00000000
L2R,4569.50000000,0.00000000
L2R,4570.50000000,0.00000000
L2R,4571.50000000,0.00000000
L2R,4572.50000000,0.00000000
L2R,4573.50000000,0.00000000
L2R,4574.50000000,0.00000000
L2R,4575.50000000,0.00000000
L2R,4576.50000000,0.00000000
L2R,4577.50000000,0.00000000
L2R,4578.50000000,0.00000000
L2R,4579.50000000,0.00000000
L2R,4580.50000000,0.00000000
L2R,4581.50000000,0.00000000
L2R,4582.50000000,0.00000000
L2R,4583.50000000,0.00000000
L2R,4584.50000000,0.00000000
L2R,4585.50000000,0.00000000
L2R,4586.50000000,0.00000000
L2R,4587.50000000,0.00000000
L2R,4588.50000000,0.00000000
L2R,4589.50000000,0.00000000
L2R,4590.50000000,0.00000000
L2R,4591.50000000,0.00000000
L2R,4592.50000000,0.00000000
L2R,4593.50000000,0.00000000
L2R,4594.50000000,0.00000000
L2R,4595.50000000,0.00000000
L2R,4596.50000000,0.00000000
L2R,4597.50000000,0.00000000
L2R,4598.50000000,0.00000000
L2R,4599.50000000,0.00000000
L2R,4600.50000000,0.00000000
L2R,4601.50000000,0.00000000
L2R,4602.50000000,0.00000000
L2R,4603.50000000,0.00000000
L2R,4604.50000000,0.00000000
L2R,4605.50000000,0.00000000
L2R,4606.50000000,0.00000000
L2R,4607.50000000,0.00000000
L2R,4608.50000000,0.00000000
L2R,4609.50000000,0.00000000
L2R,4610.50000000,0.00000000
L2R,4611.50000000,0.00000000
L2R,4612.50000000,0.00000000
L2R,4613.50000000,0.00000000
L2R,4614.50000000,0.00000000
L2R,4615.50000000,0.00000000
L2R,4616.50000000,0.00000000
L2R,4617.50000000,0.00000000
L2R,4618.50000000,0.00000000
L2R,4619.50000000,0.00000000
L2R,4620.50000000,0.00000000
L2R,4621.50000000,0.00000000
L2R,4622.50000000,0.00000000
L2R,4623.50000000,0.00000000
L2R,4624.50000000,0.00000000
L2R,4625.50000000,0.00000000
L2R,4626.50000000,0.00000000
L2R,4627.50000000,0.00000000
L2R,4628.50000000,0.00000000
L2R,4629.50000000,0.00000000
L2R,4630.50000000,0.00000000
L2R,4631.50000000,0.00000000
L2R,4632.50000000,0.00000000
L2R,4633.50000000,0.00000000
L2R,4634.50000000,0.00000000
L2R,4635.50000000,0.00000000
L2R,4636.50000000,0.00000000
L2R,4637.50000000,0.00000000
L2R,4638.50000000,0.00000000
L2R,4639.50000000,0.00000000
L2R,4640.50000000,0.00000000
L2R,4641.50000000,0.00000000
L2R,4642.50000000,0.00000000
L2R,4643.50000000,0.00000000
L2R,4644.50000000,0.00000000
L2R,4645.50000000,0.00000000
L2R,4646.50000000,0.00000000
L2R,4647.50000000,0.00000000
L2R,4648.50000000,0.00000000
L2R,4649.50000000,0.00000000
L2R,4650.50000000,0.00000000
L2R,4651.50000000,0.00000000
L2R,4652.50000000,0.00000000
L2R,4653.50000000,0.00000000
L2R,4654.50000000,0.00000000
L2R,4655.50000000,0.00000000
L2R,4656.50000000,0.00000000
L2R,4657.50000000,0.00000000
L2R,4658.50000000,0.00000000
L2R,4659.50000000,0.00000000
L2R,4660.50000000,0.00000000
L2R,4661.50000000,0.00000000
L2R,4662.50000000,0.00000000
L2R,4663.50000000,0.00000000
L2R,4664.50000000,0.00000000
L2R,4665.50000000,0.00000000
L2R,4666.50000000,0.00000000
L2R,4667.50000000,0.00000000
L2R,4668.50000000,0.00000000
L2R,4669.50000000,0.00000000
L2R,4670.50000000,0.00000000
L2R,4671.50000000,0.00000000
L2R,4672.50000000,0.00000000
L2R,4673.50000000,0.00000000
L2R,4674.50000000,0.00000000
L2R,4675.50000000,0.00000000
L2R,4676.50000000,0.00000000
L2R,4677.50000000,0.00000000
L2R,4678.50000000,0.00000000
L2R,4679.50000000,0.00000000
L2R,4680.50000000,0.00000000
L2R,4681.50000000,0.00000000
L2R,4682.50000000,0.00000000
L2R,4683.50000000,0.00000000
L2R,4684.50000000,0.00000000
L2R,4685.50000000,0.00000000
L2R,4686.50000000,0.00000000
L2R,4687.50000000,0.00000000
L2R,4688.50000000,0.00000000
L2R,4689.50000000,0.00000000
L2R,4690.50000000,0.00000000
L2R,4691.50000000,0.00000000
L2R,4692.50000000,0.00000000
L2R,4693.50000000,0.00000000
L2R,4694.50000000,0.00000000
L2R,4695.50000000,0.00000000
L2R,4696.50000000,0.00000000
L2R,4697.50000000,0.00000000
L2R,4698.50000000,0.00000000
L2R,4699.50000000,0.00000000
L2R,4700.50000000,0.00000000
L2R,4701.50000000,0.00000000
L2R,4702.50000000,0.00000000
L2R,4703.50000000,0.00000000
L2R,4704.50000000,0.00000000
L2R,4705.50000000,0.00000000
L2R,4706.50000000,0.00000000
L2R,4707.50000000,0.00000000
L2R,4708.50000000,0.00000000
L2R,4709.50000000,0.00000000
L2R,4710.50000000,0.00000000
L2R,4711.50000000,0.00000000
L2R,4712.50000000,0.00000000
L2R,4713.50000000,0.00000000
L2R,4714.50000000,0.00000000
L2R,4715.50000000,0.00000000
L2R,4716.50000000,0.00000000
L2R,4717.50000000,0.00000000
L2R,4718.50000000,0.00000000
L2R,4719.50000000,0.00000000
L2R,4720.50000000,0.00000000
L2R,4721.50000000,0.00000000
L2R,4722.50000000,0.00000000
L2R,4723.50000000,0.00000000
L2R,4724.50000000,0.00000000
L2R,4725.50000000,0.00000000
L2R,4726.50000000,0.00000000
L2R,4727.50000000,0.00000000
L2R,4728.50000000,0.00000000
L2R,4729.50000000,0.00000000
L2R,4730.50000000,0.00000000
L2R,4731.50000000,0.00000000
L2R,4732.50000000,0.00000000
L2R,4733.50000000,0.00000000
L2R,4734.50000000,0.00000000
L2R,4735.50000000,0.00000000
L2R,4736.50000000,0.00000000
L2R,4737.50000000,0.00000000
L2R,4738.50000000,0.00000000
L2R,4739.50000000,0.00000000
L2R,4740.50000000,0.00000000
L2R,4741.50000000,0.00000000
L2R,4742.50000000,0.00000000
L2R,4743.50000000,0.00000000
L2R,4744.50000000,0.00000000
L2R,4745.50000000,0.00000000
L2R,4746.50000000,0.00000000
L2R,4747.50000000,0.00000000
L2R,4748.50000000,0.00000000
L2R,4749.50000000,0.00000000
L2R,4750.50000000,0.00000000
L2R,4751.50000000,0.00000000
L2R,4752.50000000,0.00000000
L2R,4753.50000000,0.00000000
L2R,4754.50000000,0.00000000
L2R,4755.50000000,0.00000000
L2R,4756.50000000,0.00000000
L2R,4757.50000000,0.00000000
L2R,4758.50000000,0.00000000
L2R,4759.50000000,0.00000000
L2R,4760.50000000,0.00000000
L2R,4761.50000000,0.00000000
L2R,4762.50000000,0.00000000
L2R,4763.50000000,0.00000000
L2R,4764.50000000,0.00000000
L2R,4765.50000000,0.00000000
L2R,4766.50000000,0.00000000
L2R,4767.50000000,0.00000000
L2R,4768.50000000,0.00000000
L2R,4769.50000000,0.00000000
L2R,4770.50000000,0.00000000
L2R,4771.50000000,0.00000000
L2R,4772.50000000,0.00000000
L2R,4773.50000000,0.00000000
L2R,4774.50000000,0.00000000
L2R,4775.50000000,0.00000000
L2R,4776.50000000,0.00000000
L2R,4777.50000000,0.00000000
L2R,4778.50000000,0.00000000
L2R,4779.50000000,0.00000000
L2R,4780.50000000,0.00000000
L2R,4781.50000000,0.00000000
L2R,4782.50000000,0.00000000
L2R,4783.50000000,0.00000000
L2R,4784.50000000,0.00000000
L2R,4785.50000000,0.00000000
L2R,4786.50000000,0.00000000
L2R,4787.50000000,0.00000000
L2R,4788.50000000,0.00000000
L2R,4789.50000000,0.00000000
L2R,4790.50000000,85.66015625
L2R,4791.50000000,171.50195312
L2R,4792.50000000,257.28320312
L2R,4793.50000000,343.06445312
L2R,4794.50000000,428.84570312
L2R,4795.50000000,449.40820312
L2R,4796.50000000,437.30078125
L2R,4797.50000000,425.25390625
L2R,4798.50000000,413.14648438
L2R,4799.50000000,401.09960938
L2R,4800.50000000,389.20703125
L2R,4801.50000000,377.09960938
L2R,4802.50000000,365.05273438
L2R,4803.50000000,352.94531250
L2R,4804.50000000,340.93750000
L2R,4805.50000000,328.85156250
L2R,4806.50000000,316.74414062
L2R,4807.50000000,304.69726562
L2R,4808.50000000,292.58984375
L2R,4809.50000000,280.54296875
L2R,4810.50000000,268.49609375
L2R,4811.50000000,256.54296875
L2R,4812.50000000,244.49609375
L2R,4813.50000000,232.44921875
L2R,4814.50000000,220.28125000
L2R,4815.50000000,208.23437500
L2R,4816.50000000,196.12695312
L2R,4817.50000000,184.08007812
L2R,4818.50000000,172.03320312
L2R,4819.50000000,159.92578125
L2R,4820.50000000,147.87890625
L2R,4821.50000000,135.83203125
L2R,4822.50000000,123.87890625
L2R,4823.50000000,111.83203125
L2R,4824.50000000,99.72460938
L2R,4825.50000000,87.67773438
L2R,4826.50000000,75.63085938
L2R,4827.50000000,63.52343750
L2R,4828.50000000,51.47656250
L2R,4829.50000000,39.42968750
L2R,4830.50000000,27.32226562
L2R,4831.50000000,15.27539062
L2R,4832.50000000,6.83691406
L2R,4833.50000000,1.18359375
L2R,4834.50000000,0.00000000
L2R,4835.50000000,0.00000000
L2R,4836.50000000,0.00000000
L2R,4837.50000000,0.00000000
L2R,4838.50000000,0.00000000
L2R,4839.50000000,0.00000000
L2R,4840.50000000,0.00000000
L2R,4841.50000000,0.00000000
L2R,4842.50000000,0.00000000
L2R,4843.50000000,0.00000000
L2R,4844.50000000,0.00000000
L2R,4845.50000000,0.00000000
L2R,4846.50000000,0.00000000
L2R,4847.50000000,0.00000000
L2R,4848.50000000,0.00000000
L2R,4849.50000000,0.00000000
L2R,4850.50000000,0.00000000
L2R,4851.50000000,0.00000000
L2R,4852.50000000,0.00000000
L2R,4853.50000000,0.00000000
L2R,4854.50000000,0.00000000
L2R,4855.50000000,0.00000000
L2R,4856.50000000,0.00000000
L2R,4857.50000000,0.00000000
L2R,4858.50000000,0.00000000
L2R,4859.50000000,0.00000000
L2R,4860.50000000,0.00000000
L2R,4861.50000000,0.00000000
L2R,4862.50000000,0.00000000
L2R,4863.50000000,0.00000000
L2R,4864.50000000,0.00000000
L2R,4865.50000000,0.00000000
L2R,4866.50000000,0.00000000
L2R,4867.50000000,0.00000000
L2R,4868.50000000,0.00000000
L2R,4869.50000000,0.00000000
L2R,4870.50000000,32.60937500
L2R,4871.50000000,114.25390625
L2R,4872.50000000,200.09570312
L2R,4873.50000000,285.87695312
L2R,4874.50000000,371.65820312
L2R,4875.50000000,457.43945312
L2R,4876.50000000,445.33203125
L2R,4877.50000000,433.28515625
L2R,4878.50000000,421.17773438
L2R,4879.50000000,409.13085938
L2R,4880.50000000,397.08398438
L2R,4881.50000000,385.19140625
L2R,4882.50000000,373.08398438
L2R,4883.50000000,361.03710938
L2R,4884.50000000,348.92968750
L2R,4885.50000000,336.88281250
L2R,4886.50000000,324.77539062
L2R,4887.50000000,312.72851562
L2R,4888.50000000,300.68164062
L2R,4889.50000000,288.57421875
L2R,4890.50000000,276.52734375
L2R,4891.50000000,264.55761719
L2R,4892.50000000,252.52734375
L2R,4893.50000000,240.51953125
L2R,4894.50000000,228.37304688
L2R,4895.50000000,216.26562500
L2R,4896.50000000,208.29492188
L2R,4897.50000000,245.10156250
L2R,4898.50000000,281.96875000
L2R,4899.50000000,318.83593750
L2R,4900.50000000,351.62695312
L2R,4901.50000000,388.43359375
L2R,4902.50000000,392.69140625
L2R,4903.50000000,380.64453125
L2R,4904.50000000,368.59765625
L2R,4905.50000000,356.62792969
L2R,4906.50000000,344.59765625
L2R,4907.50000000,332.55078125
L2R,4908.50000000,320.58203125
L2R,4909.50000000,308.45703125
L2R,4910.50000000,296.34960938
L2R,4911.50000000,284.24218750
L2R,4912.50000000,272.27246094
L2R,4913.50000000,260.22558594
L2R,4914.50000000,248.11816406
L2R,4915.50000000,236.07128906
L2R,4916.50000000,224.02441406
L2R,4917.50000000,211.97753906
L2R,4918.50000000,199.87011719
L2R,4919.50000000,187.76269531
L2R,4920.50000000,175.71582031
L2R,4921.50000000,163.74609375
L2R,4922.50000000,155.48925781
L2R,4923.50000000,143.20019531
L2R,4924.50000000,130.86718750
L2R,4925.50000000,118.30273438
L2R,4926.50000000,105.89257812
L2R,4927.50000000,93.48242188
L2R,4928.50000000,81.07226562
L2R,4929.50000000,72.67773438
L2R,4930.50000000,60.43261719
L2R,4931.50000000,48.02246094
L2R,4932.50000000,35.55175781
L2R,4933.50000000,22.95996094
L2R,4934.50000000,10.54980469
L2R,4935.50000000,4.50292969
L2R,4936.50000000,50.94531250
L2R,4937.50000000,136.60546875
L2R,4938.50000000,222.32617188
L2R,4939.50000000,307.98632812
L2R,4940.50000000,385.55468750
L2R,4941.50000000,454.91015625
L2R,4942.50000000,442.68164062
L2R,4943.50000000,430.57421875
L2R,4944.50000000,418.40625000
L2R,4945.50000000,406.22167969
L2R,4946.50000000,394.11425781
L2R,4947.50000000,382.04003906
L2R,4948.50000000,374.04785156
L2R,4949.50000000,361.84082031
L2R,4950.50000000,349.61230469
L2R,4951.50000000,337.50488281
L2R,4952.50000000,325.33691406
L2R,4953.50000000,313.10839844
L2R,4954.50000000,301.00097656
L2R,4955.50000000,288.81640625
L2R,4956.50000000,276.58789062
L2R,4957.50000000,264.48046875
L2R,4958.50000000,252.46679688
L2R,4959.50000000,240.41992188
L2R,4960.50000000,228.37304688
L2R,4961.50000000,216.26562500
L2R,4962.50000000,204.21875000
L2R,4963.50000000,192.17187500
L2R,4964.50000000,180.14257812
L2R,4965.50000000,168.01757812
L2R,4966.50000000,155.91015625
L2R,4967.50000000,143.86328125
L2R,4968.50000000,131.89355469
L2R,4969.50000000,119.86328125
L2R,4970.50000000,107.81640625
L2R,4971.50000000,95.76953125
L2R,4972.50000000,83.66210938
L2R,4973.50000000,71.61523438
L2R,4974.50000000,59.50781250
L2R,4975.50000000,47.46093750
L2R,4976.50000000,35.41406250
L2R,4977.50000000,23.30664062
L2R,4978.50000000,11.25976562
L2R,4979.50000000,5.60937500
L2R,4980.50000000,0.00000000
L2R,4981.50000000,0.00000000
L2R,4982.50000000,0.00000000
L2R,4983.50000000,32.60937500
L2R,4984.50000000,118.39062500
L2R,4985.50000000,204.17187500
L2R,4986.50000000,289.95312500
L2R,4987.50000000,367.58203125
L2R,4988.50000000,453.36328125
L2R,4989.50000000,473.86523438
L2R,4990.50000000,465.89453125
L2R,4991.50000000,453.78710938
L2R,4992.50000000,474.34960938
L2R,4993.50000000,511.21679688
L2R,4994.50000000,548.16113281
L2R,4995.50000000,585.10546875
L2R,4996.50000000,621.91210938
L2R,4997.50000000,642.47460938
L2R,4998.50000000,630.46679688
L2R,4999.50000000,618.32031250
L2R,5000.50000000,606.27343750
L2R,5001.50000000,594.22656250
L2R,5002.50000000,582.17968750
L2R,5003.50000000,570.07226562
L2R,5004.50000000,558.02539062
L2R,5005.50000000,545.97851562
L2R,5006.50000000,533.93164062
L2R,5007.50000000,521.84082031
L2R,5008.50000000,509.79394531
L2R,5009.50000000,497.74707031
L2R,5010.50000000,485.70019531
L2R,5011.50000000,473.74707031
L2R,5012.50000000,461.70019531
L2R,5013.50000000,449.69238281
L2R,5014.50000000,437.60644531
L2R,5015.50000000,425.49902344
L2R,5016.50000000,413.39160156
L2R,5017.50000000,401.34472656
L2R,5018.50000000,389.29785156
L2R,5019.50000000,377.12988281
L2R,5020.50000000,365.08300781
L2R,5021.50000000,353.03613281
L2R,5022.50000000,340.98925781
L2R,5023.50000000,328.95898438
L2R,5024.50000000,316.91210938
L2R,5025.50000000,304.86523438
L2R,5026.50000000,292.81835938
L2R,5027.50000000,280.84863281
L2R,5028.50000000,268.81835938
L2R,5029.50000000,256.77148438
L2R,5030.50000000,244.72460938
L2R,5031.50000000,232.55664062
L2R,5032.50000000,220.50976562
L2R,5033.50000000,208.46289062
L2R,5034.50000000,196.41601562
L2R,5035.50000000,184.36914062
L2R,5036.50000000,172.26171875
L2R,5037.50000000,160.21484375
L2R,5038.50000000,148.16796875
L2R,5039.50000000,136.19824219
L2R,5040.50000000,124.09082031
L2R,5041.50000000,112.04394531
L2R,5042.50000000,99.99707031
L2R,5043.50000000,87.96679688
L2R,5044.50000000,76.01464844
L2R,5045.50000000,63.88964844
L2R,5046.50000000,51.84277344
L2R,5047.50000000,39.87304688
L2R,5048.50000000,31.79785156
L2R,5049.50000000,19.20605469
L2R,5050.50000000,9.76562500
L2R,5051.50000000,3.97460938
L2R,5052.50000000,4.07617188
L2R,5053.50000000,40.88281250
L2R,5054.50000000,77.75000000
L2R,5055.50000000,114.55664062
L2R,5056.50000000,147.34765625
L2R,5057.50000000,184.15429688
L2R,5058.50000000,184.35253906
L2R,5059.50000000,172.24511719
L2R,5060.50000000,160.13769531
L2R,5061.50000000,148.09082031
L2R,5062.50000000,135.98339844
L2R,5063.50000000,123.95312500
L2R,5064.50000000,111.84570312
L2R,5065.50000000,99.79882812
L2R,5066.50000000,87.69140625
L2R,5067.50000000,79.66015625
L2R,5068.50000000,67.65234375
L2R,5069.50000000,55.58300781
L2R,5070.50000000,43.47558594
L2R,5071.50000000,31.36816406
L2R,5072.50000000,19.32128906
L2R,5073.50000000,7.21386719
L2R,5074.50000000,0.00000000
L2R,5075.50000000,0.00000000
L2R,5076.50000000,0.00000000
L2R,5077.50000000,8.15234375
L2R,5078.50000000,44.95898438
L2R,5079.50000000,81.82617188
L2R,5080.50000000,118.63281250
L2R,5081.50000000,155.50000000
L2R,5082.50000000,188.23046875
L2R,5083.50000000,200.65722656
L2R,5084.50000000,188.54980469
L2R,5085.50000000,176.44238281
L2R,5086.50000000,164.39550781
L2R,5087.50000000,152.28808594
L2R,5088.50000000,140.25781250
L2R,5089.50000000,128.15039062
L2R,5090.50000000,116.10351562
L2R,5091.50000000,103.99609375
L2R,5092.50000000,91.88867188
L2R,5093.50000000,79.78125000
L2R,5094.50000000,67.81152344
L2R,5095.50000000,55.70410156
L2R,5096.50000000,43.59667969
L2R,5097.50000000,31.54980469
L2R,5098.50000000,19.44238281
L2R,5099.50000000,7.41210938
L2R,5100.50000000,1.50292969
L2R,5101.50000000,0.00000000
L2R,5102.50000000,0.00000000
L2R,5103.50000000,0.00000000
L2R,5104.50000000,0.00000000
L2R,5105.50000000,0.00000000
L2R,5106.50000000,0.00000000
L2R,5107.50000000,0.00000000
L2R,5108.50000000,0.00000000
L2R,5109.50000000,0.00000000
L2R,5110.50000000,0.00000000
L2R,5111.50000000,0.00000000
L2R,5112.50000000,0.00000000
L2R,5113.50000000,0.00000000
L2R,5114.50000000,0.00000000
L2R,5115.50000000,0.00000000
L2R,5116.50000000,0.00000000
L2R,5117.50000000,0.00000000
L2R,5118.50000000,0.00000000
L2R,5119.50000000,0.00000000
L2R,5120.50000000,0.00000000
L2R,5121.50000000,0.00000000
L2R,5122.50000000,0.00000000
L2R,5123.50000000,0.00000000
L2R,5124.50000000,0.00000000
L2R,5125.50000000,0.00000000
L2R,5126.50000000,0.00000000
L2R,5127.50000000,0.00000000
L2R,5128.50000000,0.00000000
L2R,5129.50000000,0.00000000
L2R,5130.50000000,0.00000000
L2R,5131.50000000,0.00000000
L2R,5132.50000000,0.00000000
L2R,5133.50000000,0.00000000
L2R,5134.50000000,0.00000000
L2R,5135.50000000,0.00000000
L2R,5136.50000000,0.00000000
L2R,5137.50000000,0.00000000
L2R,5138.50000000,0.00000000
L2R,5139.50000000,0.00000000
L2R,5140.50000000,0.00000000
L2R,5141.50000000,0.00000000
L2R,5142.50000000,0.00000000
L2R,5143.50000000,0.00000000
L2R,5144.50000000,0.00000000
L2R,5145.50000000,0.00000000
L2R,5146.50000000,0.00000000
L2R,5147.50000000,0.00000000
L2R,5148.50000000,0.00000000
L2R,5149.50000000,0.00000000
L2R,5150.50000000,0.00000000
L2R,5151.50000000,0.00000000
L2R,5152.50000000,0.00000000
L2R,5153.50000000,0.00000000
L2R,5154.50000000,0.00000000
L2R,5155.50000000,0.00000000
L2R,5156.50000000,0.00000000
L2R,5157.50000000,0.00000000
L2R,5158.50000000,0.00000000
L2R,5159.50000000,0.00000000
L2R,5160.50000000,0.00000000
L2R,5161.50000000,0.00000000
L2R,5162.50000000,0.00000000
L2R,5163.50000000,0.00000000
L2R,5164.50000000,0.00000000
L2R,5165.50000000,0.00000000
L2R,5166.50000000,0.00000000
L2R,5167.50000000,0.00000000
L2R,5168.50000000,0.00000000
L2R,5169.50000000,0.00000000
L2R,5170.50000000,0.00000000
L2R,5171.50000000,0.00000000
L2R,5172.50000000,0.00000000
L2R,5173.50000000,0.00000000
L2R,5174.50000000,0.00000000
L2R,5175.50000000,0.00000000
L2R,5176.50000000,0.00000000
L2R,5177.50000000,0.00000000
L2R,5178.50000000,0.00000000
L2R,5179.50000000,0.00000000
L2R,5180.50000000,0.00000000
L2R,5181.50000000,0.00000000
L2R,5182.50000000,0.00000000
L2R,5183.50000000,0.00000000
L2R,5184.50000000,0.00000000
L2R,5185.50000000,0.00000000
L2R,5186.50000000,0.00000000
L2R,5187.50000000,0.00000000
L2R,5188.50000000,0.00000000
L2R,5189.50000000,0.00000000
L2R,5190.50000000,0.00000000
L2R,5191.50000000,0.00000000
L2R,5192.50000000,0.00000000
L2R,5193.50000000,0.00000000
L2R,5194.50000000,0.00000000
L2R,5195.50000000,0.00000000
L2R,5196.50000000,0.00000000
L2R,5197.50000000,0.00000000
L2R,5198.50000000,0.00000000
L2R,5199.50000000,0.00000000
L2R,5200.50000000,0.00000000
L2R,5201.50000000,0.00000000
L2R,5202.50000000,0.00000000
L2R,5203.50000000,0.00000000
L2R,5204.50000000,0.00000000
L2R,5205.50000000,0.00000000
L2R,5206.50000000,0.00000000
L2R,5207.50000000,0.00000000
L2R,5208.50000000,0.00000000
L2R,5209.50000000,0.00000000
L2R,5210.50000000,0.00000000
L2R,5211.50000000,0.00000000
L2R,5212.50000000,0.00000000
L2R,5213.50000000,0.00000000
L2R,5214.50000000,0.00000000
L2R,5215.50000000,0.00000000
L2R,5216.50000000,0.00000000
L2R,5217.50000000,0.00000000
L2R,5218.50000000,0.00000000
L2R,5219.50000000,0.00000000
L2R,5220.50000000,0.00000000
L2R,5221.50000000,0.00000000
L2R,5222.50000000,0.00000000
L2R,5223.50000000,0.00000000
L2R,5224.50000000,0.00000000
L2R,5225.50000000,0.00000000
L2R,5226.50000000,0.00000000
L2R,5227.50000000,0.00000000
L2R,5228.50000000,0.00000000
L2R,5229.50000000,0.00000000
L2R,5230.50000000,0.00000000
L2R,5231.50000000,0.00000000
L2R,5232.50000000,0.00000000
L2R,5233.50000000,0.00000000
L2R,5234.50000000,0.00000000
L2R,5235.50000000,0.00000000
L2R,5236.50000000,0.00000000
L2R,5237.50000000,0.00000000
L2R,5238.50000000,0.00000000
L2R,5239.50000000,0.00000000
L2R,5240.50000000,0.00000000
L2R,5241.50000000,0.00000000
L2R,5242.50000000,0.00000000
L2R,5243.50000000,0.00000000
L2R,5244.50000000,0.00000000
L2R,5245.50000000,0.00000000
L2R,5246.50000000,0.00000000
L2R,5247.50000000,0.00000000
L2R,5248.50000000,0.00000000
L2R,5249.50000000,0.00000000
L2R,5250.50000000,0.00000000
L2R,5251.50000000,0.00000000
L2R,5252.50000000,0.00000000
L2R,5253.50000000,0.00000000
L2R,5254.50000000,0.00000000
L2R,5255.50000000,0.00000000
L2R,5256.50000000,0.00000000
L2R,5257.50000000,0.00000000
L2R,5258.50000000,0.00000000
L2R,5259.50000000,0.00000000
L2R,5260.50000000,0.00000000
L2R,5261.50000000,0.00000000
L2R,5262.50000000,0.00000000
L2R,5263.50000000,0.00000000
L2R,5264.50000000,0.00000000
L2R,5265.50000000,0.00000000
L2R,5266.50000000,0.00000000
L2R,5267.50000000,0.00000000
L2R,5268.50000000,0.00000000
L2R,5269.50000000,0.00000000
L2R,5270.50000000,0.00000000
L2R,5271.50000000,0.00000000
L2R,5272.50000000,0.00000000
L2R,5273.50000000,0.00000000
L2R,5274.50000000,0.00000000
L2R,5275.50000000,0.00000000
L2R,5276.50000000,0.00000000
L2R,5277.50000000,0.00000000
L2R,5278.50000000,0.00000000
L2R,5279.50000000,0.00000000
L2R,5280.50000000,0.00000000
L2R,5281.50000000,0.00000000
L2R,5282.50000000,0.00000000
L2R,5283.50000000,0.00000000
L2R,5284.50000000,0.00000000
L2R,5285.50000000,0.00000000
L2R,5286.50000000,0.00000000
L2R,5287.50000000,0.00000000
L2R,5288.50000000,0.00000000
L2R,5289.50000000,0.00000000
L2R,5290.50000000,0.00000000
L2R,5291.50000000,0.00000000
L2R,5292.50000000,0.00000000
L2R,5293.50000000,0.00000000
L2R,5294.50000000,0.00000000
L2R,5295.50000000,0.00000000
L2R,5296.50000000,0.00000000
L2R,5297.50000000,0.00000000
L2R,5298.50000000,0.00000000
L2R,5299.50000000,0.00000000
L2R,5300.50000000,0.00000000
L2R,5301.50000000,0.00000000
L2R,5302.50000000,0.00000000
L2R,5303.50000000,0.00000000
L2R,5304.50000000,0.00000000
L2R,5305.50000000,0.00000000
L2R,5306.50000000,0.00000000
L2R,5307.50000000,0.00000000
L2R,5308.50000000,0.00000000
L2R,5309.50000000,0.00000000
L2R,5310.50000000,0.00000000
L2R,5311.50000000,0.00000000
L2R,5312.50000000,0.00000000
L2R,5313.50000000,0.00000000
L2R,5314.50000000,0.00000000
L2R,5315.50000000,0.00000000
L2R,5316.50000000,0.00000000
L2R,5317.50000000,0.00000000
L2R,5318.50000000,0.00000000
L2R,5319.50000000,0.00000000
L2R,5320.50000000,0.00000000
L2R,5321.50000000,0.00000000
L2R,5322.50000000,0.00000000
L2R,5323.50000000,0.00000000
L2R,5324.50000000,0.00000000
L2R,5325.50000000,0.00000000
L2R,5326.50000000,0.00000000
L2R,5327.50000000,0.00000000
L2R,5328.50000000,0.00000000
L2R,5329.50000000,0.00000000
L2R,5330.50000000,0.00000000
L2R,5331.50000000,0.00000000
L2R,5332.50000000,0.00000000
L2R,5333.50000000,0.00000000
L2R,5334.50000000,0.00000000
L2R,5335.50000000,0.00000000
L2R,5336.50000000,0.00000000
L2R,5337.50000000,0.00000000
L2R,5338.50000000,0.00000000
L2R,5339.50000000,0.00000000
L2R,5340.50000000,0.00000000
L2R,5341.50000000,0.00000000
L2R,5342.50000000,0.00000000
L2R,5343.50000000,0.00000000
L2R,5344.50000000,0.00000000
L2R,5345.50000000,0.00000000
L2R,5346.50000000,0.00000000
L2R,5347.50000000,0.00000000
L2R,5348.50000000,0.00000000
L2R,5349.50000000,0.00000000
L2R,5350.50000000,0.00000000
L2R,5351.50000000,0.00000000
L2R,5352.50000000,0.00000000
L2R,5353.50000000,0.00000000
L2R,5354.50000000,0.00000000
L2R,5355.50000000,0.00000000
L2R,5356.50000000,0.00000000
L2R,5357.50000000,0.00000000
L2R,5358.50000000,0.00000000
L2R,5359.50000000,0.00000000
L2R,5360.50000000,0.00000000
L2R,5361.50000000,0.00000000
L2R,5362.50000000,0.00000000
L2R,5363.50000000,0.00000000
L2R,5364.50000000,0.00000000
L2R,5365.50000000,0.00000000
L2R,5366.50000000,0.00000000
L2R,5367.50000000,0.00000000
L2R,5368.50000000,0.00000000
L2R,5369.50000000,0.00000000
L2R,5370.50000000,0.00000000
L2R,5371.50000000,0.00000000
L2R,5372.50000000,0.00000000
L2R,5373.50000000,0.00000000
L2R,5374.50000000,0.00000000
L2R,5375.50000000,0.00000000
L2R,5376.50000000,0.00000000
L2R,5377.50000000,0.00000000
L2R,5378.50000000,0.00000000
L2R,5379.50000000,0.00000000
L2R,5380.50000000,0.00000000
L2R,5381.50000000,0.00000000
L2R,5382.50000000,0.00000000
L2R,5383.50000000,0.00000000
L2R,5384.50000000,0.00000000
L2R,5385.50000000,0.00000000
L2R,5386.50000000,0.00000000
L2R,5387.50000000,0.00000000
L2R,5388.50000000,0.00000000
L2R,5389.50000000,0.00000000
L2R,5390.50000000,0.00000000
L2R,5391.50000000,0.00000000
L2R,5392.50000000,0.00000000
L2R,5393.50000000,0.00000000
L2R,5394.50000000,0.00000000
L2R,5395.50000000,0.00000000
L2R,5396.50000000,0.00000000
L2R,5397.50000000,0.00000000
L2R,5398.50000000,0.00000000
L2R,5399.50000000,0.00000000
L2R,5400.50000000,0.00000000
L2R,5401.50000000,0.00000000
L2R,5402.50000000,0.00000000
L2R,5403.50000000,0.00000000
L2R,5404.50000000,0.00000000
L2R,5405.50000000,0.00000000
L2R,5406.50000000,0.00000000
L2R,5407.50000000,0.00000000
L2R,5408.50000000,0.00000000
L2R,5409.50000000,0.00000000
L2R,5410.50000000,0.00000000
L2R,5411.50000000,0.00000000
L2R,5412.50000000,0.00000000
L2R,5413.50000000,0.00000000
L2R,5414.50000000,0.00000000
L2R,5415.50000000,0.00000000
L2R,5416.50000000,0.00000000
L2R,5417.50000000,0.00000000
L2R,5418.50000000,0.00000000
L2R,5419.50000000,0.00000000
L2R,5420.50000000,0.00000000
L2R,5421.50000000,0.00000000
L2R,5422.50000000,0.00000000
L2R,5423.50000000,0.00000000
L2R,5424.50000000,0.00000000
L2R,5425.50000000,0.00000000
L2R,5426.50000000,0.00000000
L2R,5427.50000000,0.00000000
L2R,5428.50000000,0.00000000
L2R,5429.50000000,0.00000000
L2R,5430.50000000,0.00000000
L2R,5431.50000000,0.00000000
L2R,5432.50000000,0.00000000
L2R,5433.50000000,0.00000000
L2R,5434.50000000,0.00000000
L2R,5435.50000000,0.00000000
L2R,5436.50000000,0.00000000
L2R,5437.50000000,0.00000000
L2R,5438.50000000,0.00000000
L2R,5439.50000000,0.00000000
L2R,5440.50000000,0.00000000
L2R,5441.50000000,0.00000000
L2R,5442.50000000,0.00000000
L2R,5443.50000000,0.00000000
L2R,5444.50000000,0.00000000
L2R,5445.50000000,0.00000000
L2R,5446.50000000,0.00000000
L2R,5447.50000000,0.00000000
L2R,5448.50000000,0.00000000
L2R,5449.50000000,0.00000000
L2R,5450.50000000,0.00000000
L2R,5451.50000000,0.00000000
L2R,5452.50000000,0.00000000
L2R,5453.50000000,0.00000000
L2R,5454.50000000,0.00000000
L2R,5455.50000000,0.00000000
L2R,5456.50000000,0.00000000
L2R,5457.50000000,0.00000000
L2R,5458.50000000,0.00000000
L2R,5459.50000000,0.00000000
L2R,5460.50000000,0.00000000
L2R,5461.50000000,0.00000000
L2R,5462.50000000,0.00000000
L2R,5463.50000000,0.00000000
L2R,5464.50000000,0.00000000
L2R,5465.50000000,0.00000000
L2R,5466.50000000,0.00000000
L2R,5467.50000000,0.00000000
L2R,5468.50000000,0.00000000
L2R,5469.50000000,0.00000000
L2R,5470.50000000,0.00000000
L2R,5471.50000000,0.00000000
L2R,5472.50000000,0.00000000
L2R,5473.50000000,0.00000000
L2R,5474.50000000,0.00000000
L2R,5475.50000000,0.00000000
L2R,5476.50000000,0.00000000
L2R,5477.50000000,0.00000000
L2R,5478.50000000,0.00000000
L2R,5479.50000000,0.00000000
L2R,5480.50000000,0.00000000
L2R,5481.50000000,0.00000000
L2R,5482.50000000,0.00000000
L2R,5483.50000000,0.00000000
L2R,5484.50000000,0.00000000
L2R,5485.50000000,0.00000000
L2R,5486.50000000,0.00000000
L2R,5487.50000000,0.00000000
L2R,5488.50000000,0.00000000
L2R,5489.50000000,0.00000000
L2R,5490.50000000,0.00000000
L2R,5491.50000000,0.00000000
L2R,5492.50000000,0.00000000
L2R,5493.50000000,0.00000000
L2R,5494.50000000,0.00000000
L2R,5495.50000000,0.00000000
L2R,5496.50000000,0.00000000
L2R,5497.50000000,0.00000000
L2R,5498.50000000,0.00000000
L2R,5499.50000000,0.00000000
L2R,5500.50000000,0.00000000
L2R,5501.50000000,0.00000000
L2R,5502.50000000,0.00000000
L2R,5503.50000000,0.00000000
L2R,5504.50000000,0.00000000
L2R,5505.50000000,0.00000000
L2R,5506.50000000,0.00000000
L2R,5507.50000000,0.00000000
L2R,5508.50000000,0.00000000
L2R,5509.50000000,48.91406250
L2R,5510.50000000,134.69531250
L2R,5511.50000000,220.47656250
L2R,5512.50000000,306.25781250
L2R,5513.50000000,392.03906250
L2R,5514.50000000,453.42382812
L2R,5515.50000000,441.25585938
L2R,5516.50000000,429.20898438
L2R,5517.50000000,417.16210938
L2R,5518.50000000,405.05468750
L2R,5519.50000000,393.00781250
L2R,5520.50000000,381.05468750
L2R,5521.50000000,369.00781250
L2R,5522.50000000,356.90039062
L2R,5523.50000000,344.85351562
L2R,5524.50000000,332.80664062
L2R,5525.50000000,320.69921875
L2R,5526.50000000,308.65234375
L2R,5527.50000000,296.60546875
L2R,5528.50000000,284.49804688
L2R,5529.50000000,272.45117188
L2R,5530.50000000,260.42089844
L2R,5531.50000000,248.45117188
L2R,5532.50000000,236.40429688
L2R,5533.50000000,224.29687500
L2R,5534.50000000,212.25000000
L2R,5535.50000000,200.20312500
L2R,5536.50000000,188.09570312
L2R,5537.50000000,176.04882812
L2R,5538.50000000,163.94140625
L2R,5539.50000000,151.89453125
L2R,5540.50000000,139.84765625
L2R,5541.50000000,127.89453125
L2R,5542.50000000,115.84765625
L2R,5543.50000000,103.80078125
L2R,5544.50000000,91.69335938
L2R,5545.50000000,79.64648438
L2R,5546.50000000,71.61523438
L2R,5547.50000000,59.60742188
L2R,5548.50000000,47.52148438
L2R,5549.50000000,35.41406250
L2R,5550.50000000,23.36718750
L2R,5551.50000000,11.32031250
L2R,5552.50000000,3.75976562
L2R,5553.50000000,0.00000000
L2R,5554.50000000,0.00000000
L2R,5555.50000000,0.00000000
L2R,5556.50000000,0.00000000
L2R,5557.50000000,0.00000000
L2R,5558.50000000,24.51757812
L2R,5559.50000000,61.38476562
L2R,5560.50000000,98.25195312
L2R,5561.50000000,135.05859375
L2R,5562.50000000,171.86523438
L2R,5563.50000000,188.36816406
L2R,5564.50000000,176.26074219
L2R,5565.50000000,164.21386719
L2R,5566.50000000,152.10644531
L2R,5567.50000000,144.07519531
L2R,5568.50000000,132.02832031
L2R,5569.50000000,119.99804688
L2R,5570.50000000,107.89062500
L2R,5571.50000000,95.78320312
L2R,5572.50000000,83.73632812
L2R,5573.50000000,71.66796875
L2R,5574.50000000,59.59863281
L2R,5575.50000000,47.49121094
L2R,5576.50000000,35.44433594
L2R,5577.50000000,23.33691406
L2R,5578.50000000,11.22949219
L2R,5579.50000000,2.03125000
L2R,5580.50000000,0.00000000
L2R,5581.50000000,0.00000000
L2R,5582.50000000,0.00000000
L2R,5583.50000000,0.00000000
L2R,5584.50000000,0.00000000
L2R,5585.50000000,0.00000000
L2R,5586.50000000,0.00000000
L2R,5587.50000000,0.00000000
L2R,5588.50000000,0.00000000
L2R,5589.50000000,0.00000000
L2R,5590.50000000,77.50781250
L2R,5591.50000000,163.28906250
L2R,5592.50000000,249.07031250
L2R,5593.50000000,334.85156250
L2R,5594.50000000,420.63281250
L2R,5595.50000000,449.40820312
L2R,5596.50000000,437.24023438
L2R,5597.50000000,425.19335938
L2R,5598.50000000,413.08593750
L2R,5599.50000000,401.03906250
L2R,5600.50000000,389.06933594
L2R,5601.50000000,377.03906250
L2R,5602.50000000,364.99218750
L2R,5603.50000000,352.88476562
L2R,5604.50000000,340.83789062
L2R,5605.50000000,328.79101562
L2R,5606.50000000,316.68359375
L2R,5607.50000000,304.63671875
L2R,5608.50000000,292.52929688
L2R,5609.50000000,280.48242188
L2R,5610.50000000,268.43554688
L2R,5611.50000000,256.48242188
L2R,5612.50000000,244.43554688
L2R,5613.50000000,232.38867188
L2R,5614.50000000,220.28125000
L2R,5615.50000000,208.23437500
L2R,5616.50000000,200.20312500
L2R,5617.50000000,237.07031250
L2R,5618.50000000,273.93750000
L2R,5619.50000000,310.80468750
L2R,5620.50000000,347.61132812
L2R,5621.50000000,384.47851562
L2R,5622.50000000,384.66015625
L2R,5623.50000000,372.61328125
L2R,5624.50000000,360.64355469
L2R,5625.50000000,348.61328125
L2R,5626.50000000,336.56640625
L2R,5627.50000000,324.51953125
L2R,5628.50000000,312.35156250
L2R,5629.50000000,300.30468750
L2R,5630.50000000,288.25781250
L2R,5631.50000000,276.21093750
L2R,5632.50000000,268.31738281
L2R,5633.50000000,256.20996094
L2R,5634.50000000,244.16308594
L2R,5635.50000000,232.11621094
L2R,5636.50000000,220.06933594
L2R,5637.50000000,207.96191406
L2R,5638.50000000,195.91503906
L2R,5639.50000000,183.86816406
L2R,5640.50000000,171.83789062
L2R,5641.50000000,159.62597656
L2R,5642.50000000,147.21582031
L2R,5643.50000000,134.74511719
L2R,5644.50000000,122.50000000
L2R,5645.50000000,109.90820312
L2R,5646.50000000,101.69531250
L2R,5647.50000000,89.28515625
L2R,5648.50000000,76.87500000
L2R,5649.50000000,64.38769531
L2R,5650.50000000,51.97753906
L2R,5651.50000000,39.56738281
L2R,5652.50000000,31.17285156
L2R,5653.50000000,18.76269531
L2R,5654.50000000,6.35253906
L2R,5655.50000000,14.32031250
L2R,5656.50000000,99.98046875
L2R,5657.50000000,185.64062500
L2R,5658.50000000,271.36132812
L2R,5659.50000000,348.86914062
L2R,5660.50000000,434.58984375
L2R,5661.50000000,446.81835938
L2R,5662.50000000,434.65039062
L2R,5663.50000000,426.61914062
L2R,5664.50000000,414.39062500
L2R,5665.50000000,402.32714844
L2R,5666.50000000,390.31347656
L2R,5667.50000000,378.08496094
L2R,5668.50000000,365.97753906
L2R,5669.50000000,353.80957031
L2R,5670.50000000,341.52050781
L2R,5671.50000000,329.41308594
L2R,5672.50000000,317.18457031
L2R,5673.50000000,305.01660156
L2R,5674.50000000,292.90917969
L2R,5675.50000000,292.95312500
L2R,5676.50000000,329.69921875
L2R,5677.50000000,366.66015625
L2R,5678.50000000,403.40625000
L2R,5679.50000000,440.27343750
L2R,5680.50000000,473.06445312
L2R,5681.50000000,469.16992188
L2R,5682.50000000,461.13867188
L2R,5683.50000000,449.09179688
L2R,5684.50000000,437.04492188
L2R,5685.50000000,424.99804688
L2R,5686.50000000,412.89062500
L2R,5687.50000000,400.88281250
L2R,5688.50000000,388.79687500
L2R,5689.50000000,376.75000000
L2R,5690.50000000,364.64257812
L2R,5691.50000000,352.59570312
L2R,5692.50000000,340.54882812
L2R,5693.50000000,328.73339844
L2R,5694.50000000,316.68652344
L2R,5695.50000000,304.57910156
L2R,5696.50000000,292.53222656
L2R,5697.50000000,280.48535156
L2R,5698.50000000,268.43847656
L2R,5699.50000000,256.33105469
L2R,5700.50000000,244.28417969
L2R,5701.50000000,232.23730469
L2R,5702.50000000,220.22949219
L2R,5703.50000000,208.08300781
L2R,5704.50000000,196.03613281
L2R,5705.50000000,183.98925781
L2R,5706.50000000,171.94238281
L2R,5707.50000000,159.91210938
L2R,5708.50000000,147.86523438
L2R,5709.50000000,135.81835938
L2R,5710.50000000,123.80468750
L2R,5711.50000000,111.33398438
L2R,5712.50000000,98.92382812
L2R,5713.50000000,86.41992188
L2R,5714.50000000,78.20703125
L2R,5715.50000000,65.87402344
L2R,5716.50000000,53.46386719
L2R,5717.50000000,40.81152344
L2R,5718.50000000,28.40136719
L2R,5719.50000000,16.07910156
L2R,5720.50000000,7.68457031
L2R,5721.50000000,1.97070312
L2R,5722.50000000,0.00000000
L2R,5723.50000000,0.00000000
L2R,5724.50000000,32.60937500
L2R,5725.50000000,167.30468750
L2R,5726.50000000,297.92382812
L2R,5727.50000000,432.61914062
L2R,5728.50000000,567.31445312
L2R,5729.50000000,702.00976562
L2R,5730.50000000,751.18359375
L2R,5731.50000000,739.05859375
L2R,5732.50000000,727.01171875
L2R,5733.50000000,714.90429688
L2R,5734.50000000,702.85742188
L2R,5735.50000000,690.81054688
L2R,5736.50000000,682.83984375
L2R,5737.50000000,670.73242188
L2R,5738.50000000,658.68554688
L2R,5739.50000000,646.63867188
L2R,5740.50000000,634.82324219
L2R,5741.50000000,622.71582031
L2R,5742.50000000,610.66894531
L2R,5743.50000000,598.62207031
L2R,5744.50000000,586.45410156
L2R,5745.50000000,574.40722656
L2R,5746.50000000,562.36035156
L2R,5747.50000000,550.31347656
L2R,5748.50000000,538.26660156
L2R,5749.50000000,526.21972656
L2R,5750.50000000,514.17285156
L2R,5751.50000000,502.12597656
L2R,5752.50000000,490.01855469
L2R,5753.50000000,477.97167969
L2R,5754.50000000,465.92480469
L2R,5755.50000000,453.87792969
L2R,5756.50000000,441.94140625
L2R,5757.50000000,429.89453125
L2R,5758.50000000,417.84765625
L2R,5759.50000000,405.80078125
L2R,5760.50000000,393.75390625
L2R,5761.50000000,381.70703125
L2R,5762.50000000,369.66015625
L2R,5763.50000000,357.61328125
L2R,5764.50000000,345.50585938
L2R,5765.50000000,333.39843750
L2R,5766.50000000,321.35156250
L2R,5767.50000000,309.30468750
L2R,5768.50000000,297.13671875
L2R,5769.50000000,285.08984375
L2R,5770.50000000,273.04296875
L2R,5771.50000000,260.99609375
L2R,5772.50000000,249.10351562
L2R,5773.50000000,237.13378906
L2R,5774.50000000,225.08691406
L2R,5775.50000000,213.04003906
L2R,5776.50000000,200.93261719
L2R,5777.50000000,188.88574219
L2R,5778.50000000,176.83886719
L2R,5779.50000000,164.79199219
L2R,5780.50000000,152.62402344
L2R,5781.50000000,140.57714844
L2R,5782.50000000,128.53027344
L2R,5783.50000000,116.48339844
L2R,5784.50000000,104.43652344
L2R,5785.50000000,92.38964844
L2R,5786.50000000,80.34277344
L2R,5787.50000000,68.29589844
L2R,5788.50000000,56.34277344
L2R,5789.50000000,44.37304688
L2R,5790.50000000,32.32617188
L2R,5791.50000000,20.27929688
L2R,5792.50000000,11.85742188
L2R,5793.50000000,6.20410156
L2R,5794.50000000,0.36328125
L2R,5795.50000000,0.00000000
L2R,5796.50000000,0.00000000
L2R,5797.50000000,0.00000000
L2R,5798.50000000,0.00000000
L2R,5799.50000000,0.00000000
L2R,5800.50000000,0.00000000
L2R,5801.50000000,0.00000000
L2R,5802.50000000,0.00000000
L2R,5803.50000000,0.00000000
L2R,5804.50000000,0.00000000
L2R,5805.50000000,0.00000000
L2R,5806.50000000,0.00000000
L2R,5807.50000000,0.00000000
L2R,5808.50000000,0.00000000
L2R,5809.50000000,0.00000000
L2R,5810.50000000,0.00000000
L2R,5811.50000000,0.00000000
L2R,5812.50000000,0.00000000
L2R,5813.50000000,0.00000000
L2R,5814.50000000,0.00000000
L2R,5815.50000000,0.00000000
L2R,5816.50000000,0.00000000
L2R,5817.50000000,0.00000000
L2R,5818.50000000,0.00000000
L2R,5819.50000000,0.00000000
L2R,5820.50000000,0.00000000
L2R,5821.50000000,0.00000000
L2R,5822.50000000,0.00000000
L2R,5823.50000000,0.00000000
L2R,5824.50000000,0.00000000
L2R,5825.50000000,0.00000000
L2R,5826.50000000,0.00000000
L2R,5827.50000000,0.00000000
L2R,5828.50000000,0.00000000
L2R,5829.50000000,0.00000000
L2R,5830.50000000,0.00000000
L2R,5831.50000000,0.00000000
L2R,5832.50000000,0.00000000
L2R,5833.50000000,0.00000000
L2R,5834.50000000,0.00000000
L2R,5835.50000000,0.00000000
L2R,5836.50000000,0.00000000
L2R,5837.50000000,0.00000000
L2R,5838.50000000,0.00000000
L2R,5839.50000000,0.00000000
L2R,5840.50000000,0.00000000
L2R,5841.50000000,0.00000000
L2R,5842.50000000,0.00000000
L2R,5843.50000000,0.00000000
L2R,5844.50000000,0.00000000
L2R,5845.50000000,0.00000000
L2R,5846.50000000,0.00000000
L2R,5847.50000000,0.00000000
L2R,5848.50000000,0.00000000
L2R,5849.50000000,0.00000000
L2R,5850.50000000,0.00000000
L2R,5851.50000000,0.00000000
L2R,5852.50000000,0.00000000
L2R,5853.50000000,0.00000000
L2R,5854.50000000,0.00000000
L2R,5855.50000000,0.00000000
L2R,5856.50000000,0.00000000
L2R,5857.50000000,0.00000000
L2R,5858.50000000,0.00000000
L2R,5859.50000000,0.00000000
L2R,5860.50000000,0.00000000
L2R,5861.50000000,0.00000000
L2R,5862.50000000,0.00000000
L2R,5863.50000000,0.00000000
L2R,5864.50000000,0.00000000
L2R,5865.50000000,0.00000000
L2R,5866.50000000,0.00000000
L2R,5867.50000000,0.00000000
L2R,5868.50000000,0.00000000
L2R,5869.50000000,0.00000000
L2R,5870.50000000,0.00000000
L2R,5871.50000000,0.00000000
L2R,5872.50000000,0.00000000
L2R,5873.50000000,0.00000000
L2R,5874.50000000,0.00000000
L2R,5875.50000000,0.00000000
L2R,5876.50000000,0.00000000
L2R,5877.50000000,0.00000000
L2R,5878.50000000,0.00000000
L2R,5879.50000000,0.00000000
L2R,5880.50000000,0.00000000
L2R,5881.50000000,0.00000000
L2R,5882.50000000,0.00000000
L2R,5883.50000000,0.00000000
L2R,5884.50000000,0.00000000
L2R,5885.50000000,0.00000000
L2R,5886.50000000,0.00000000
L2R,5887.50000000,0.00000000
L2R,5888.50000000,0.00000000
L2R,5889.50000000,0.00000000
L2R,5890.50000000,0.00000000
L2R,5891.50000000,0.00000000
L2R,5892.50000000,0.00000000
L2R,5893.50000000,0.00000000
L2R,5894.50000000,0.00000000
L2R,5895.50000000,0.00000000
L2R,5896.50000000,0.00000000
L2R,5897.50000000,0.00000000
L2R,5898.50000000,0.00000000
L2R,5899.50000000,0.00000000
L2R,5900.50000000,0.00000000
L2R,5901.50000000,0.00000000
L2R,5902.50000000,0.00000000
L2R,5903.50000000,0.00000000
L2R,5904.50000000,0.00000000
L2R,5905.50000000,0.00000000
L2R,5906.50000000,0.00000000
L2R,5907.50000000,0.00000000
L2R,5908.50000000,0.00000000
L2R,5909.50000000,0.00000000
L2R,5910.50000000,0.00000000
L2R,5911.50000000,0.00000000
L2R,5912.50000000,0.00000000
L2R,5913.50000000,0.00000000
L2R,5914.50000000,0.00000000
L2R,5915.50000000,0.00000000
L2R,5916.50000000,0.00000000
L2R,5917.50000000,0.00000000
L2R,5918.50000000,0.00000000
L2R,5919.50000000,0.00000000
L2R,5920.50000000,0.00000000
L2R,5921.50000000,0.00000000
L2R,5922.50000000,0.00000000
L2R,5923.50000000,0.00000000
L2R,5924.50000000,0.00000000
L2R,5925.50000000,0.00000000
L2R,5926.50000000,0.00000000
L2R,5927.50000000,0.00000000
L2R,5928.50000000,0.00000000
L2R,5929.50000000,0.00000000
L2R,5930.50000000,0.00000000
L2R,5931.50000000,0.00000000
L2R,5932.50000000,0.00000000
L2R,5933.50000000,0.00000000
L2R,5934.50000000,0.00000000
L2R,5935.50000000,0.00000000
L2R,5936.50000000,0.00000000
L2R,5937.50000000,0.00000000
L2R,5938.50000000,0.00000000
L2R,5939.50000000,0.00000000
L2R,5940.50000000,0.00000000
L2R,5941.50000000,0.00000000
L2R,5942.50000000,0.00000000
L2R,5943.50000000,0.00000000
L2R,5944.50000000,0.00000000
L2R,5945.50000000,0.00000000
L2R,5946.50000000,0.00000000
L2R,5947.50000000,0.00000000
L2R,5948.50000000,0.00000000
L2R,5949.50000000,0.00000000
L2R,5950.50000000,0.00000000
L2R,5951.50000000,0.00000000
L2R,5952.50000000,0.00000000
L2R,5953.50000000,0.00000000
L2R,5954.50000000,0.00000000
L2R,5955.50000000,0.00000000
L2R,5956.50000000,0.00000000
L2R,5957.50000000,0.00000000
L2R,5958.50000000,0.00000000
L2R,5959.50000000,0.00000000
L2R,5960.50000000,0.00000000
L2R,5961.50000000,0.00000000
L2R,5962.50000000,0.00000000
L2R,5963.50000000,0.00000000
L2R,5964.50000000,0.00000000
L2R,5965.50000000,0.00000000
L2R,5966.50000000,0.00000000
L2R,5967.50000000,0.00000000
L2R,5968.50000000,0.00000000
L2R,5969.50000000,0.00000000
L2R,5970.50000000,0.00000000
L2R,5971.50000000,0.00000000
L2R,5972.50000000,0.00000000
L2R,5973.50000000,0.00000000
L2R,5974.50000000,0.00000000
L2R,5975.50000000,0.00000000
L2R,5976.50000000,0.00000000
L2R,5977.50000000,0.00000000
L2R,5978.50000000,0.00000000
L2R,5979.50000000,0.00000000
L2R,5980.50000000,0.00000000
L2R,5981.50000000,0.00000000
L2R,5982.50000000,0.00000000
L2R,5983.50000000,0.00000000
L2R,5984.50000000,0.00000000
L2R,5985.50000000,0.00000000
L2R,5986.50000000,0.00000000
L2R,5987.50000000,0.00000000
L2R,5988.50000000,0.00000000
L2R,5989.50000000,0.00000000
L2R,5990.50000000,0.00000000
L2R,5991.50000000,0.00000000
L2R,5992.50000000,0.00000000
L2R,5993.50000000,0.00000000
L2R,5994.50000000,0.00000000
L2R,5995.50000000,0.00000000
L2R,5996.50000000,0.00000000
L2R,5997.50000000,0.00000000
L2R,5998.50000000,0.00000000
L2R,5999.50000000,0.00000000
L2R,6000.50000000,0.00000000
L2R,6001.50000000,0.00000000
L2R,6002.50000000,0.00000000
L2R,6003.50000000,0.00000000
L2R,6004.50000000,0.00000000
L2R,6005.50000000,0.00000000
L2R,6006.50000000,0.00000000
L2R,6007.50000000,0.00000000
L2R,6008.50000000,0.00000000
L2R,6009.50000000,0.00000000
L2R,6010.50000000,0.00000000
L2R,6011.50000000,0.00000000
L2R,6012.50000000,0.00000000
L2R,6013.50000000,0.00000000
L2R,6014.50000000,0.00000000
L2R,6015.50000000,0.00000000
L2R,6016.50000000,0.00000000
L2R,6017.50000000,0.00000000
L2R,6018.50000000,0.00000000
L2R,6019.50000000,0.00000000
L2R,6020.50000000,0.00000000
L2R,6021.50000000,0.00000000
L2R,6022.50000000,0.00000000
L2R,6023.50000000,0.00000000
L2R,6024.50000000,0.00000000
L2R,6025.50000000,0.00000000
L2R,6026.50000000,0.00000000
L2R,6027.50000000,0.00000000
L2R,6028.50000000,0.00000000
L2R,6029.50000000,0.00000000
L2R,6030.50000000,0.00000000
L2R,6031.50000000,0.00000000
L2R,6032.50000000,0.00000000
L2R,6033.50000000,0.00000000
L2R,6034.50000000,0.00000000
L2R,6035.50000000,0.00000000
L2R,6036.50000000,0.00000000
L2R,6037.50000000,0.00000000
L2R,6038.50000000,0.00000000
L2R,6039.50000000,0.00000000
L2R,6040.50000000,0.00000000
L2R,6041.50000000,0.00000000
L2R,6042.50000000,0.00000000
L2R,6043.50000000,0.00000000
L2R,6044.50000000,0.00000000
L2R,6045.50000000,0.00000000
L2R,6046.50000000,0.00000000
L2R,6047.50000000,0.00000000
L2R,6048.50000000,0.00000000
L2R,6049.50000000,0.00000000
L2R,6050.50000000,0.00000000
L2R,6051.50000000,0.00000000
L2R,6052.50000000,0.00000000
L2R,6053.50000000,0.00000000
L2R,6054.50000000,0.00000000
L2R,6055.50000000,0.00000000
L2R,6056.50000000,0.00000000
L2R,6057.50000000,0.00000000
L2R,6058.50000000,0.00000000
L2R,6059.50000000,0.00000000
L2R,6060.50000000,0.00000000
L2R,6061.50000000,0.00000000
L2R,6062.50000000,0.00000000
L2R,6063.50000000,0.00000000
L2R,6064.50000000,0.00000000
L2R,6065.50000000,0.00000000
L2R,6066.50000000,0.00000000
L2R,6067.50000000,0.00000000
L2R,6068.50000000,0.00000000
L2R,6069.50000000,0.00000000
L2R,6070.50000000,0.00000000
L2R,6071.50000000,0.00000000
L2R,6072.50000000,0.00000000
L2R,6073.50000000,0.00000000
L2R,6074.50000000,0.00000000
L2R,6075.50000000,0.00000000
L2R,6076.50000000,0.00000000
L2R,6077.50000000,0.00000000
L2R,6078.50000000,0.00000000
L2R,6079.50000000,0.00000000
L2R,6080.50000000,0.00000000
L2R,6081.50000000,0.00000000
L2R,6082.50000000,0.00000000
L2R,6083.50000000,0.00000000
L2R,6084.50000000,0.00000000
L2R,6085.50000000,0.00000000
L2R,6086.50000000,0.00000000
L2R,6087.50000000,0.00000000
L2R,6088.50000000,0.00000000
L2R,6089.50000000,0.00000000
L2R,6090.50000000,0.00000000
L2R,6091.50000000,0.00000000
L2R,6092.50000000,0.00000000
L2R,6093.50000000,0.00000000
L2R,6094.50000000,0.00000000
L2R,6095.50000000,0.00000000
L2R,6096.50000000,0.00000000
L2R,6097.50000000,0.00000000
L2R,6098.50000000,0.00000000
L2R,6099.50000000,0.00000000
L2R,6100.50000000,0.00000000
L2R,6101.50000000,0.00000000
L2R,6102.50000000,0.00000000
L2R,6103.50000000,0.00000000
L2R,6104.50000000,0.00000000
L2R,6105.50000000,0.00000000
L2R,6106.50000000,0.00000000
L2R,6107.50000000,0.00000000
L2R,6108.50000000,0.00000000
L2R,6109.50000000,0.00000000
L2R,6110.50000000,0.00000000
L2R,6111.50000000,0.00000000
L2R,6112.50000000,0.00000000
L2R,6113.50000000,0.00000000
L2R,6114.50000000,0.00000000
L2R,6115.50000000,0.00000000
L2R,6116.50000000,0.00000000
L2R,6117.50000000,0.00000000
L2R,6118.50000000,0.00000000
L2R,6119.50000000,0.00000000
L2R,6120.50000000,0.00000000
L2R,6121.50000000,0.00000000
L2R,6122.50000000,0.00000000
L2R,6123.50000000,0.00000000
L2R,6124.50000000,0.00000000
L2R,6125.50000000,0.00000000
L2R,6126.50000000,0.00000000
L2R,6127.50000000,0.00000000
L2R,6128.50000000,0.00000000
L2R,6129.50000000,0.00000000
L2R,6130.50000000,0.00000000
L2R,6131.50000000,0.00000000
L2R,6132.50000000,0.00000000
L2R,6133.50000000,0.00000000
L2R,6134.50000000,0.00000000
L2R,6135.50000000,0.00000000
L2R,6136.50000000,0.00000000
L2R,6137.50000000,0.00000000
L2R,6138.50000000,0.00000000
L2R,6139.50000000,0.00000000
L2R,6140.50000000,0.00000000
L2R,6141.50000000,0.00000000
L2R,6142.50000000,0.00000000
L2R,6143.50000000,0.00000000
L2R,6144.50000000,0.00000000
L2R,6145.50000000,0.00000000
L2R,6146.50000000,0.00000000
L2R,6147.50000000,0.00000000
L2R,6148.50000000,0.00000000
L2R,6149.50000000,0.00000000
L2R,6150.50000000,0.00000000
L2R,6151.50000000,0.00000000
L2R,6152.50000000,0.00000000
L2R,6153.50000000,0.00000000
L2R,6154.50000000,0.00000000
L2R,6155.50000000,0.00000000
L2R,6156.50000000,0.00000000
L2R,6157.50000000,0.00000000
L2R,6158.50000000,0.00000000
L2R,6159.50000000,0.00000000
L2R,6160.50000000,0.00000000
L2R,6161.50000000,0.00000000
L2R,6162.50000000,0.00000000
L2R,6163.50000000,0.00000000
L2R,6164.50000000,0.00000000
L2R,6165.50000000,0.00000000
L2R,6166.50000000,0.00000000
L2R,6167.50000000,0.00000000
L2R,6168.50000000,0.00000000
L2R,6169.50000000,0.00000000
L2R,6170.50000000,0.00000000
L2R,6171.50000000,0.00000000
L2R,6172.50000000,0.00000000
L2R,6173.50000000,0.00000000
L2R,6174.50000000,0.00000000
L2R,6175.50000000,0.00000000
L2R,6176.50000000,0.00000000
L2R,6177.50000000,0.00000000
L2R,6178.50000000,0.00000000
L2R,6179.50000000,0.00000000
L2R,6180.50000000,0.00000000
L2R,6181.50000000,0.00000000
L2R,6182.50000000,0.00000000
L2R,6183.50000000,0.00000000
L2R,6184.50000000,0.00000000
L2R,6185.50000000,0.00000000
L2R,6186.50000000,0.00000000
L2R,6187.50000000,0.00000000
L2R,6188.50000000,0.00000000
L2R,6189.50000000,0.00000000
L2R,6190.50000000,0.00000000
L2R,6191.50000000,0.00000000
L2R,6192.50000000,0.00000000
L2R,6193.50000000,0.00000000
L2R,6194.50000000,0.00000000
L2R,6195.50000000,0.00000000
L2R,6196.50000000,0.00000000
L2R,6197.50000000,0.00000000
L2R,6198.50000000,0.00000000
L2R,6199.50000000,0.00000000
L2R,6200.50000000,0.00000000
L2R,6201.50000000,0.00000000
L2R,6202.50000000,0.00000000
L2R,6203.50000000,0.00000000
L2R,6204.50000000,0.00000000
L2R,6205.50000000,0.00000000
L2R,6206.50000000,0.00000000
L2R,6207.50000000,0.00000000
L2R,6208.50000000,0.00000000
L2R,6209.50000000,0.00000000
L2R,6210.50000000,0.00000000
L2R,6211.50000000,0.00000000
L2R,6212.50000000,0.00000000
L2R,6213.50000000,0.00000000
L2R,6214.50000000,0.00000000
L2R,6215.50000000,0.00000000
L2R,6216.50000000,0.00000000
L2R,6217.50000000,0.00000000
L2R,6218.50000000,0.00000000
L2R,6219.50000000,0.00000000
L2R,6220.50000000,0.00000000
L2R,6221.50000000,0.00000000
L2R,6222.50000000,0.00000000
L2R,6223.50000000,0.00000000
L2R,6224.50000000,0.00000000
L2R,6225.50000000,0.00000000
L2R,6226.50000000,0.00000000
L2R,6227.50000000,0.00000000
L2R,6228.50000000,0.00000000
L2R,6229.50000000,0.00000000
L2R,6230.50000000,0.00000000
L2R,6231.50000000,0.00000000
L2R,6232.50000000,0.00000000
L2R,6233.50000000,0.00000000
L2R,6234.50000000,0.00000000
L2R,6235.50000000,0.00000000
L2R,6236.50000000,0.00000000
L2R,6237.50000000,0.00000000
L2R,6238.50000000,0.00000000
L2R,6239.50000000,0.00000000
L2R,6240.50000000,0.00000000
L2R,6241.50000000,0.00000000
L2R,6242.50000000,0.00000000
L2R,6243.50000000,0.00000000
L2R,6244.50000000,0.00000000
L2R,6245.50000000,0.00000000
L2R,6246.50000000,0.00000000
L2R,6247.50000000,0.00000000
L2R,6248.50000000,0.00000000
L2R,6249.50000000,0.00000000
L2R,6250.50000000,0.00000000
L2R,6251.50000000,16.30468750
L2R,6252.50000000,150.93945312
L2R,6253.50000000,285.63476562
L2R,6254.50000000,420.33007812
L2R,6255.50000000,555.02539062
L2R,6256.50000000,689.72070312
L2R,6257.50000000,706.20703125
L2R,6258.50000000,694.16015625
L2R,6259.50000000,682.11328125
L2R,6260.50000000,670.00585938
L2R,6261.50000000,657.95898438
L2R,6262.50000000,645.91210938
L2R,6263.50000000,633.86523438
L2R,6264.50000000,621.75781250
L2R,6265.50000000,609.71093750
L2R,6266.50000000,597.66406250
L2R,6267.50000000,585.71093750
L2R,6268.50000000,573.74121094
L2R,6269.50000000,561.69433594
L2R,6270.50000000,549.64746094
L2R,6271.50000000,537.60058594
L2R,6272.50000000,525.49316406
L2R,6273.50000000,513.44628906
L2R,6274.50000000,501.39941406
L2R,6275.50000000,489.29199219
L2R,6276.50000000,477.24511719
L2R,6277.50000000,465.19824219
L2R,6278.50000000,453.15136719
L2R,6279.50000000,441.04394531
L2R,6280.50000000,428.99707031
L2R,6281.50000000,416.95019531
L2R,6282.50000000,408.97949219
L2R,6283.50000000,397.08691406
L2R,6284.50000000,385.05664062
L2R,6285.50000000,373.00976562
L2R,6286.50000000,360.96289062
L2R,6287.50000000,348.91601562
L2R,6288.50000000,336.80859375
L2R,6289.50000000,324.76171875
L2R,6290.50000000,312.71484375
L2R,6291.50000000,300.66796875
L2R,6292.50000000,288.56054688
L2R,6293.50000000,276.51367188
L2R,6294.50000000,264.46679688
L2R,6295.50000000,252.41992188
L2R,6296.50000000,240.31250000
L2R,6297.50000000,228.26562500
L2R,6298.50000000,216.21875000
L2R,6299.50000000,204.32617188
L2R,6300.50000000,192.29589844
L2R,6301.50000000,180.24902344
L2R,6302.50000000,168.20214844
L2R,6303.50000000,156.15527344
L2R,6304.50000000,144.04785156
L2R,6305.50000000,132.00097656
L2R,6306.50000000,119.95410156
L2R,6307.50000000,107.90722656
L2R,6308.50000000,95.79980469
L2R,6309.50000000,83.75292969
L2R,6310.50000000,71.70605469
L2R,6311.50000000,59.65917969
L2R,6312.50000000,47.56933594
L2R,6313.50000000,35.44433594
L2R,6314.50000000,23.39746094
L2R,6315.50000000,11.42773438
L2R,6316.50000000,6.74902344
L2R,6317.50000000,0.95800781
L2R,6318.50000000,0.00000000
L2R,6319.50000000,0.00000000
L2R,6320.50000000,0.00000000
L2R,6321.50000000,0.00000000
L2R,6322.50000000,0.00000000
L2R,6323.50000000,0.00000000
L2R,6324.50000000,0.00000000
L2R,6325.50000000,0.00000000
L2R,6326.50000000,0.00000000
L2R,6327.50000000,0.00000000
L2R,6328.50000000,0.00000000
L2R,6329.50000000,0.00000000
L2R,6330.50000000,0.00000000
L2R,6331.50000000,0.00000000
L2R,6332.50000000,0.00000000
L2R,6333.50000000,0.00000000
L2R,6334.50000000,0.00000000
L2R,6335.50000000,0.00000000
L2R,6336.50000000,0.00000000
L2R,6337.50000000,0.00000000
L2R,6338.50000000,0.00000000
L2R,6339.50000000,0.00000000
L2R,6340.50000000,0.00000000
L2R,6341.50000000,0.00000000
L2R,6342.50000000,0.00000000
L2R,6343.50000000,0.00000000
L2R,6344.50000000,0.00000000
L2R,6345.50000000,0.00000000
L2R,6346.50000000,0.00000000
L2R,6347.50000000,0.00000000
L2R,6348.50000000,0.00000000
L2R,6349.50000000,0.00000000
L2R,6350.50000000,0.00000000
L2R,6351.50000000,0.00000000
L2R,6352.50000000,0.00000000
L2R,6353.50000000,0.00000000
L2R,6354.50000000,32.60937500
L2R,6355.50000000,118.39062500
L2R,6356.50000000,204.17187500
L2R,6357.50000000,289.95312500
L2R,6358.50000000,375.73437500
L2R,6359.50000000,453.36328125
L2R,6360.50000000,441.25585938
L2R,6361.50000000,429.20898438
L2R,6362.50000000,417.16210938
L2R,6363.50000000,405.05468750
L2R,6364.50000000,393.00781250
L2R,6365.50000000,381.05468750
L2R,6366.50000000,369.00781250
L2R,6367.50000000,356.90039062
L2R,6368.50000000,344.85351562
L2R,6369.50000000,332.84570312
L2R,6370.50000000,324.77539062
L2R,6371.50000000,312.72851562
L2R,6372.50000000,300.68164062
L2R,6373.50000000,288.57421875
L2R,6374.50000000,276.52734375
L2R,6375.50000000,264.55761719
L2R,6376.50000000,252.52734375
L2R,6377.50000000,240.48046875
L2R,6378.50000000,228.37304688
L2R,6379.50000000,216.32617188
L2R,6380.50000000,204.27929688
L2R,6381.50000000,192.17187500
L2R,6382.50000000,180.12500000
L2R,6383.50000000,168.07812500
L2R,6384.50000000,156.00976562
L2R,6385.50000000,143.92382812
L2R,6386.50000000,131.97070312
L2R,6387.50000000,119.92382812
L2R,6388.50000000,107.87695312
L2R,6389.50000000,95.76953125
L2R,6390.50000000,83.72265625
L2R,6391.50000000,71.67578125
L2R,6392.50000000,59.50781250
L2R,6393.50000000,47.46093750
L2R,6394.50000000,35.35351562
L2R,6395.50000000,23.30664062
L2R,6396.50000000,11.25976562
L2R,6397.50000000,4.51953125
L2R,6398.50000000,8.15234375
L2R,6399.50000000,89.79687500
L2R,6400.50000000,175.57812500
L2R,6401.50000000,261.35937500
L2R,6402.50000000,347.14062500
L2R,6403.50000000,432.92187500
L2R,6404.50000000,445.27148438
L2R,6405.50000000,433.22460938
L2R,6406.50000000,421.11718750
L2R,6407.50000000,409.07031250
L2R,6408.50000000,397.02343750
L2R,6409.50000000,385.13085938
L2R,6410.50000000,373.02343750
L2R,6411.50000000,360.97656250
L2R,6412.50000000,348.86914062
L2R,6413.50000000,336.82226562
L2R,6414.50000000,328.79101562
L2R,6415.50000000,316.74414062
L2R,6416.50000000,304.69726562
L2R,6417.50000000,292.58984375
L2R,6418.50000000,280.54296875
L2R,6419.50000000,268.49609375
L2R,6420.50000000,256.54296875
L2R,6421.50000000,244.49609375
L2R,6422.50000000,232.48828125
L2R,6423.50000000,220.34179688
L2R,6424.50000000,208.29492188
L2R,6425.50000000,196.18750000
L2R,6426.50000000,184.14062500
L2R,6427.50000000,172.09375000
L2R,6428.50000000,159.98632812
L2R,6429.50000000,147.93945312
L2R,6430.50000000,135.96972656
L2R,6431.50000000,123.93945312
L2R,6432.50000000,111.89257812
L2R,6433.50000000,99.78515625
L2R,6434.50000000,87.73828125
L2R,6435.50000000,75.69140625
L2R,6436.50000000,63.58398438
L2R,6437.50000000,51.57617188
L2R,6438.50000000,39.42968750
L2R,6439.50000000,27.32226562
L2R,6440.50000000,15.27539062
L2R,6441.50000000,6.29199219
L2R,6442.50000000,0.63867188
L2R,6443.50000000,0.00000000
L2R,6444.50000000,0.00000000
L2R,6445.50000000,20.38085938
L2R,6446.50000000,106.10156250
L2R,6447.50000000,191.88281250
L2R,6448.50000000,277.66406250
L2R,6449.50000000,363.44531250
L2R,6450.50000000,449.22656250
L2R,6451.50000000,477.88085938
L2R,6452.50000000,465.83398438
L2R,6453.50000000,453.72656250
L2R,6454.50000000,441.67968750
L2R,6455.50000000,429.63281250
L2R,6456.50000000,417.74023438
L2R,6457.50000000,405.63281250
L2R,6458.50000000,393.58593750
L2R,6459.50000000,381.47851562
L2R,6460.50000000,369.43164062
L2R,6461.50000000,357.32421875
L2R,6462.50000000,345.27734375
L2R,6463.50000000,333.23046875
L2R,6464.50000000,321.12304688
L2R,6465.50000000,309.07617188
L2R,6466.50000000,297.02929688
L2R,6467.50000000,285.07617188
L2R,6468.50000000,273.02929688
L2R,6469.50000000,260.92187500
L2R,6470.50000000,248.87500000
L2R,6471.50000000,236.82812500
L2R,6472.50000000,224.72070312
L2R,6473.50000000,212.67382812
L2R,6474.50000000,200.62695312
L2R,6475.50000000,188.51953125
L2R,6476.50000000,176.47265625
L2R,6477.50000000,164.44238281
L2R,6478.50000000,152.47265625
L2R,6479.50000000,140.42578125
L2R,6480.50000000,128.31835938
L2R,6481.50000000,116.27148438
L2R,6482.50000000,104.22460938
L2R,6483.50000000,96.19335938
L2R,6484.50000000,84.14648438
L2R,6485.50000000,72.09960938
L2R,6486.50000000,59.99218750
L2R,6487.50000000,47.94531250
L2R,6488.50000000,35.99218750
L2R,6489.50000000,23.94531250
L2R,6490.50000000,11.89843750
L2R,6491.50000000,4.39843750
L2R,6492.50000000,0.00000000
L2R,6493.50000000,0.00000000
L2R,6494.50000000,0.00000000
L2R,6495.50000000,0.00000000
L2R,6496.50000000,0.00000000
L2R,6497.50000000,0.00000000
L2R,6498.50000000,0.00000000
L2R,6499.50000000,0.00000000
L2R,6500.50000000,0.00000000
L2R,6501.50000000,0.00000000
L2R,6502.50000000,0.00000000
L2R,6503.50000000,0.00000000
L2R,6504.50000000,0.00000000
L2R,6505.50000000,0.00000000
L2R,6506.50000000,0.00000000
L2R,6507.50000000,0.00000000
L2R,6508.50000000,0.00000000
L2R,6509.50000000,0.00000000
L2R,6510.50000000,0.00000000
L2R,6511.50000000,0.00000000
L2R,6512.50000000,0.00000000
L2R,6513.50000000,0.00000000
L2R,6514.50000000,0.00000000
L2R,6515.50000000,0.00000000
L2R,6516.50000000,0.00000000
L2R,6517.50000000,0.00000000
L2R,6518.50000000,0.00000000
L2R,6519.50000000,0.00000000
L2R,6520.50000000,0.00000000
L2R,6521.50000000,0.00000000
L2R,6522.50000000,0.00000000
L2R,6523.50000000,0.00000000
L2R,6524.50000000,0.00000000
L2R,6525.50000000,0.00000000
L2R,6526.50000000,0.00000000
L2R,6527.50000000,0.00000000
L2R,6528.50000000,0.00000000
L2R,6529.50000000,0.00000000
L2R,6530.50000000,0.00000000
L2R,6531.50000000,0.00000000
L2R,6532.50000000,0.00000000
L2R,6533.50000000,0.00000000
L2R,6534.50000000,0.00000000
L2R,6535.50000000,0.00000000
L2R,6536.50000000,0.00000000
L2R,6537.50000000,0.00000000
L2R,6538.50000000,0.00000000
L2R,6539.50000000,0.00000000
L2R,6540.50000000,0.00000000
L2R,6541.50000000,0.00000000
L2R,6542.50000000,0.00000000
L2R,6543.50000000,0.00000000
L2R,6544.50000000,0.00000000
L2R,6545.50000000,0.00000000
L2R,6546.50000000,0.00000000
L2R,6547.50000000,0.00000000
L2R,6548.50000000,0.00000000
L2R,6549.50000000,0.00000000
L2R,6550.50000000,0.00000000
L2R,6551.50000000,0.00000000
L2R,6552.50000000,0.00000000
L2R,6553.50000000,0.00000000
L2R,6554.50000000,0.00000000
L2R,6555.50000000,0.00000000
L2R,6556.50000000,0.00000000
L2R,6557.50000000,0.00000000
L2R,6558.50000000,0.00000000
L2R,6559.50000000,0.00000000
L2R,6560.50000000,0.00000000
L2R,6561.50000000,0.00000000
L2R,6562.50000000,0.00000000
L2R,6563.50000000,0.00000000
L2R,6564.50000000,0.00000000
L2R,6565.50000000,0.00000000
L2R,6566.50000000,0.00000000
L2R,6567.50000000,0.00000000
L2R,6568.50000000,0.00000000
L2R,6569.50000000,0.00000000
L2R,6570.50000000,0.00000000
L2R,6571.50000000,0.00000000
L2R,6572.50000000,0.00000000
L2R,6573.50000000,0.00000000
L2R,6574.50000000,0.00000000
L2R,6575.50000000,0.00000000
L2R,6576.50000000,0.00000000
L2R,6577.50000000,0.00000000
L2R,6578.50000000,0.00000000
L2R,6579.50000000,0.00000000
L2R,6580.50000000,0.00000000
L2R,6581.50000000,0.00000000
L2R,6582.50000000,0.00000000
L2R,6583.50000000,0.00000000
L2R,6584.50000000,0.00000000
L2R,6585.50000000,0.00000000
L2R,6586.50000000,0.00000000
L2R,6587.50000000,0.00000000
L2R,6588.50000000,0.00000000
L2R,6589.50000000,0.00000000
L2R,6590.50000000,0.00000000
L2R,6591.50000000,0.00000000
L2R,6592.50000000,0.00000000
L2R,6593.50000000,0.00000000
L2R,6594.50000000,0.00000000
L2R,6595.50000000,0.00000000
L2R,6596.50000000,0.00000000
L2R,6597.50000000,0.00000000
L2R,6598.50000000,0.00000000
L2R,6599.50000000,0.00000000
L2R,6600.50000000,0.00000000
L2R,6601.50000000,0.00000000
L2R,6602.50000000,0.00000000
L2R,6603.50000000,0.00000000
L2R,6604.50000000,0.00000000
L2R,6605.50000000,0.00000000
L2R,6606.50000000,0.00000000
L2R,6607.50000000,0.00000000
L2R,6608.50000000,0.00000000
L2R,6609.50000000,0.00000000
L2R,6610.50000000,0.00000000
L2R,6611.50000000,0.00000000
L2R,6612.50000000,0.00000000
L2R,6613.50000000,0.00000000
L2R,6614.50000000,0.00000000
L2R,6615.50000000,0.00000000
L2R,6616.50000000,0.00000000
L2R,6617.50000000,0.00000000
L2R,6618.50000000,0.00000000
L2R,6619.50000000,0.00000000
L2R,6620.50000000,0.00000000
L2R,6621.50000000,0.00000000
L2R,6622.50000000,0.00000000
L2R,6623.50000000,0.00000000
L2R,6624.50000000,0.00000000
L2R,6625.50000000,0.00000000
L2R,6626.50000000,0.00000000
L2R,6627.50000000,0.00000000
L2R,6628.50000000,0.00000000
L2R,6629.50000000,0.00000000
L2R,6630.50000000,0.00000000
L2R,6631.50000000,0.00000000
L2R,6632.50000000,0.00000000
L2R,6633.50000000,0.00000000
L2R,6634.50000000,0.00000000
L2R,6635.50000000,0.00000000
L2R,6636.50000000,0.00000000
L2R,6637.50000000,0.00000000
L2R,6638.50000000,0.00000000
L2R,6639.50000000,0.00000000
L2R,6640.50000000,0.00000000
L2R,6641.50000000,0.00000000
L2R,6642.50000000,0.00000000
L2R,6643.50000000,0.00000000
L2R,6644.50000000,0.00000000
L2R,6645.50000000,0.00000000
L2R,6646.50000000,0.00000000
L2R,6647.50000000,0.00000000
L2R,6648.50000000,0.00000000
L2R,6649.50000000,0.00000000
L2R,6650.50000000,0.00000000
L2R,6651.50000000,0.00000000
L2R,6652.50000000,0.00000000
L2R,6653.50000000,0.00000000
L2R,6654.50000000,0.00000000
L2R,6655.50000000,0.00000000
L2R,6656.50000000,0.00000000
L2R,6657.50000000,0.00000000
L2R,6658.50000000,0.00000000
L2R,6659.50000000,0.00000000
L2R,6660.50000000,0.00000000
L2R,6661.50000000,0.00000000
L2R,6662.50000000,0.00000000
L2R,6663.50000000,0.00000000
L2R,6664.50000000,0.00000000
L2R,6665.50000000,0.00000000
L2R,6666.50000000,0.00000000
L2R,6667.50000000,0.00000000
L2R,6668.50000000,0.00000000
L2R,6669.50000000,0.00000000
L2R,6670.50000000,0.00000000
L2R,6671.50000000,0.00000000
L2R,6672.50000000,0.00000000
L2R,6673.50000000,0.00000000
L2R,6674.50000000,0.00000000
L2R,6675.50000000,0.00000000
L2R,6676.50000000,0.00000000
L2R,6677.50000000,0.00000000
L2R,6678.50000000,0.00000000
L2R,6679.50000000,0.00000000
L2R,6680.50000000,0.00000000
L2R,6681.50000000,0.00000000
L2R,6682.50000000,0.00000000
L2R,6683.50000000,0.00000000
L2R,6684.50000000,0.00000000
L2R,6685.50000000,0.00000000
L2R,6686.50000000,0.00000000
L2R,6687.50000000,0.00000000
L2R,6688.50000000,0.00000000
L2R,6689.50000000,0.00000000
L2R,6690.50000000,0.00000000
L2R,6691.50000000,0.00000000
L2R,6692.50000000,0.00000000
L2R,6693.50000000,0.00000000
L2R,6694.50000000,0.00000000
L2R,6695.50000000,0.00000000
L2R,6696.50000000,0.00000000
L2R,6697.50000000,0.00000000
L2R,6698.50000000,0.00000000
L2R,6699.50000000,0.00000000
L2R,6700.50000000,0.00000000
L2R,6701.50000000,0.00000000
L2R,6702.50000000,0.00000000
L2R,6703.50000000,0.00000000
L2R,6704.50000000,0.00000000
L2R,6705.50000000,0.00000000
L2R,6706.50000000,0.00000000
L2R,6707.50000000,0.00000000
L2R,6708.50000000,0.00000000
L2R,6709.50000000,0.00000000
L2R,6710.50000000,0.00000000
L2R,6711.50000000,0.00000000
L2R,6712.50000000,0.00000000
L2R,6713.50000000,0.00000000
L2R,6714.50000000,0.00000000
L2R,6715.50000000,0.00000000
L2R,6716.50000000,0.00000000
L2R,6717.50000000,0.00000000
L2R,6718.50000000,0.00000000
L2R,6719.50000000,0.00000000
L2R,6720.50000000,0.00000000
L2R,6721.50000000,0.00000000
L2R,6722.50000000,0.00000000
L2R,6723.50000000,0.00000000
L2R,6724.50000000,0.00000000
L2R,6725.50000000,0.00000000
L2R,6726.50000000,0.00000000
L2R,6727.50000000,0.00000000
L2R,6728.50000000,0.00000000
L2R,6729.50000000,0.00000000
L2R,6730.50000000,0.00000000
L2R,6731.50000000,0.00000000
L2R,6732.50000000,0.00000000
L2R,6733.50000000,0.00000000
L2R,6734.50000000,0.00000000
L2R,6735.50000000,0.00000000
L2R,6736.50000000,0.00000000
L2R,6737.50000000,0.00000000
L2R,6738.50000000,0.00000000
L2R,6739.50000000,0.00000000
L2R,6740.50000000,0.00000000
L2R,6741.50000000,0.00000000
L2R,6742.50000000,0.00000000
L2R,6743.50000000,0.00000000
L2R,6744.50000000,0.00000000
L2R,6745.50000000,0.00000000
L2R,6746.50000000,0.00000000
L2R,6747.50000000,0.00000000
L2R,6748.50000000,0.00000000
L2R,6749.50000000,0.00000000
L2R,6750.50000000,0.00000000
L2R,6751.50000000,0.00000000
L2R,6752.50000000,0.00000000
L2R,6753.50000000,0.00000000
L2R,6754.50000000,0.00000000
L2R,6755.50000000,0.00000000
L2R,6756.50000000,0.00000000
L2R,6757.50000000,0.00000000
L2R,6758.50000000,0.00000000
L2R,6759.50000000,0.00000000
L2R,6760.50000000,0.00000000
L2R,6761.50000000,0.00000000
L2R,6762.50000000,0.00000000
L2R,6763.50000000,0.00000000
L2R,6764.50000000,0.00000000
L2R,6765.50000000,0.00000000
L2R,6766.50000000,0.00000000
L2R,6767.50000000,0.00000000
L2R,6768.50000000,0.00000000
L2R,6769.50000000,0.00000000
L2R,6770.50000000,0.00000000
L2R,6771.50000000,0.00000000
L2R,6772.50000000,0.00000000
L2R,6773.50000000,0.00000000
L2R,6774.50000000,0.00000000
L2R,6775.50000000,0.00000000
L2R,6776.50000000,0.00000000
L2R,6777.50000000,0.00000000
L2R,6778.50000000,0.00000000
L2R,6779.50000000,0.00000000
L2R,6780.50000000,0.00000000
L2R,6781.50000000,0.00000000
L2R,6782.50000000,0.00000000
L2R,6783.50000000,0.00000000
L2R,6784.50000000,0.00000000
L2R,6785.50000000,0.00000000
L2R,6786.50000000,0.00000000
L2R,6787.50000000,0.00000000
L2R,6788.50000000,0.00000000
L2R,6789.50000000,0.00000000
L2R,6790.50000000,0.00000000
L2R,6791.50000000,0.00000000
L2R,6792.50000000,0.00000000
L2R,6793.50000000,0.00000000
L2R,6794.50000000,0.00000000
L2R,6795.50000000,0.00000000
L2R,6796.50000000,0.00000000
L2R,6797.50000000,0.00000000
L2R,6798.50000000,0.00000000
L2R,6799.50000000,0.00000000
L2R,6800.50000000,0.00000000
L2R,6801.50000000,0.00000000
L2R,6802.50000000,0.00000000
L2R,6803.50000000,0.00000000
L2R,6804.50000000,0.00000000
L2R,6805.50000000,0.00000000
L2R,6806.50000000,0.00000000
L2R,6807.50000000,0.00000000
L2R,6808.50000000,0.00000000
L2R,6809.50000000,0.00000000
L2R,6810.50000000,0.00000000
L2R,6811.50000000,0.00000000
L2R,6812.50000000,0.00000000
L2R,6813.50000000,0.00000000
L2R,6814.50000000,0.00000000
L2R,6815.50000000,0.00000000
L2R,6816.50000000,0.00000000
L2R,6817.50000000,0.00000000
L2R,6818.50000000,0.00000000
L2R,6819.50000000,0.00000000
L2R,6820.50000000,0.00000000
L2R,6821.50000000,0.00000000
L2R,6822.50000000,0.00000000
L2R,6823.50000000,0.00000000
L2R,6824.50000000,0.00000000
L2R,6825.50000000,0.00000000
L2R,6826.50000000,0.00000000
L2R,6827.50000000,0.00000000
L2R,6828.50000000,0.00000000
L2R,6829.50000000,0.00000000
L2R,6830.50000000,0.00000000
L2R,6831.50000000,0.00000000
L2R,6832.50000000,0.00000000
L2R,6833.50000000,0.00000000
L2R,6834.50000000,0.00000000
L2R,6835.50000000,0.00000000
L2R,6836.50000000,0.00000000
L2R,6837.50000000,0.00000000
L2R,6838.50000000,0.00000000
L2R,6839.50000000,0.00000000
L2R,6840.50000000,0.00000000
L2R,6841.50000000,0.00000000
L2R,6842.50000000,0.00000000
L2R,6843.50000000,0.00000000
L2R,6844.50000000,0.00000000
L2R,6845.50000000,0.00000000
L2R,6846.50000000,0.00000000
L2R,6847.50000000,0.00000000
L2R,6848.50000000,0.00000000
L2R,6849.50000000,0.00000000
L2R,6850.50000000,0.00000000
L2R,6851.50000000,0.00000000
L2R,6852.50000000,0.00000000
L2R,6853.50000000,0.00000000
L2R,6854.50000000,0.00000000
L2R,6855.50000000,0.00000000
L2R,6856.50000000,0.00000000
L2R,6857.50000000,0.00000000
L2R,6858.50000000,0.00000000
L2R,6859.50000000,0.00000000
L2R,6860.50000000,0.00000000
L2R,6861.50000000,0.00000000
L2R,6862.50000000,0.00000000
L2R,6863.50000000,0.00000000
L2R,6864.50000000,0.00000000
L2R,6865.50000000,0.00000000
L2R,6866.50000000,0.00000000
L2R,6867.50000000,0.00000000
L2R,6868.50000000,0.00000000
L2R,6869.50000000,0.00000000
L2R,6870.50000000,0.00000000
L2R,6871.50000000,0.00000000
L2R,6872.50000000,0.00000000
L2R,6873.50000000,0.00000000
L2R,6874.50000000,0.00000000
L2R,6875.50000000,0.00000000
L2R,6876.50000000,0.00000000
L2R,6877.50000000,0.00000000
L2R,6878.50000000,0.00000000
L2R,6879.50000000,0.00000000
L2R,6880.50000000,0.00000000
L2R,6881.50000000,0.00000000
L2R,6882.50000000,0.00000000
L2R,6883.50000000,0.00000000
L2R,6884.50000000,0.00000000
L2R,6885.50000000,0.00000000
L2R,6886.50000000,0.00000000
L2R,6887.50000000,0.00000000
L2R,6888.50000000,0.00000000
L2R,6889.50000000,0.00000000
L2R,6890.50000000,0.00000000
L2R,6891.50000000,0.00000000
L2R,6892.50000000,0.00000000
L2R,6893.50000000,0.00000000
L2R,6894.50000000,0.00000000
L2R,6895.50000000,0.00000000
L2R,6896.50000000,0.00000000
L2R,6897.50000000,0.00000000
L2R,6898.50000000,0.00000000
L2R,6899.50000000,0.00000000
L2R,6900.50000000,0.00000000
L2R,6901.50000000,0.00000000
L2R,6902.50000000,0.00000000
L2R,6903.50000000,0.00000000
L2R,6904.50000000,0.00000000
L2R,6905.50000000,0.00000000
L2R,6906.50000000,0.00000000
L2R,6907.50000000,0.00000000
L2R,6908.50000000,0.00000000
L2R,6909.50000000,0.00000000
L2R,6910.50000000,0.00000000
L2R,6911.50000000,0.00000000
L2R,6912.50000000,0.00000000
L2R,6913.50000000,0.00000000
L2R,6914.50000000,0.00000000
L2R,6915.50000000,0.00000000
L2R,6916.50000000,0.00000000
L2R,6917.50000000,0.00000000
L2R,6918.50000000,0.00000000
L2R,6919.50000000,0.00000000
L2R,6920.50000000,0.00000000
L2R,6921.50000000,0.00000000
L2R,6922.50000000,0.00000000
L2R,6923.50000000,0.00000000
L2R,6924.50000000,0.00000000
L2R,6925.50000000,0.00000000
L2R,6926.50000000,0.00000000
L2R,6927.50000000,0.00000000
L2R,6928.50000000,0.00000000
L2R,6929.50000000,0.00000000
L2R,6930.50000000,0.00000000
L2R,6931.50000000,0.00000000
L2R,6932.50000000,0.00000000
L2R,6933.50000000,0.00000000
L2R,6934.50000000,0.00000000
L2R,6935.50000000,0.00000000
L2R,6936.50000000,0.00000000
L2R,6937.50000000,0.00000000
L2R,6938.50000000,0.00000000
L2R,6939.50000000,0.00000000
L2R,6940.50000000,0.00000000
L2R,6941.50000000,0.00000000
L2R,6942.50000000,0.00000000
L2R,6943.50000000,0.00000000
L2R,6944.50000000,0.00000000
L2R,6945.50000000,0.00000000
L2R,6946.50000000,0.00000000
L2R,6947.50000000,0.00000000
L2R,6948.50000000,0.00000000
L2R,6949.50000000,32.60937500
L2R,6950.50000000,118.39062500
L2R,6951.50000000,204.17187500
L2R,6952.50000000,289.95312500
L2R,6953.50000000,371.65820312
L2R,6954.50000000,453.36328125
L2R,6955.50000000,441.25585938
L2R,6956.50000000,429.20898438
L2R,6957.50000000,417.16210938
L2R,6958.50000000,409.13085938
L2R,6959.50000000,397.08398438
L2R,6960.50000000,385.19140625
L2R,6961.50000000,373.08398438
L2R,6962.50000000,361.03710938
L2R,6963.50000000,348.92968750
L2R,6964.50000000,336.92187500
L2R,6965.50000000,324.77539062
L2R,6966.50000000,312.72851562
L2R,6967.50000000,300.68164062
L2R,6968.50000000,288.57421875
L2R,6969.50000000,276.52734375
L2R,6970.50000000,264.55761719
L2R,6971.50000000,252.52734375
L2R,6972.50000000,240.48046875
L2R,6973.50000000,228.37304688
L2R,6974.50000000,216.32617188
L2R,6975.50000000,204.27929688
L2R,6976.50000000,192.17187500
L2R,6977.50000000,180.12500000
L2R,6978.50000000,168.07812500
L2R,6979.50000000,155.97070312
L2R,6980.50000000,143.92382812
L2R,6981.50000000,131.83300781
L2R,6982.50000000,119.86328125
L2R,6983.50000000,107.81640625
L2R,6984.50000000,95.70898438
L2R,6985.50000000,83.66210938
L2R,6986.50000000,71.61523438
L2R,6987.50000000,59.50781250
L2R,6988.50000000,47.46093750
L2R,6989.50000000,35.35351562
L2R,6990.50000000,23.30664062
L2R,6991.50000000,11.25976562
L2R,6992.50000000,4.76171875
L2R,6993.50000000,0.00000000
L2R,6994.50000000,0.00000000
L2R,6995.50000000,0.00000000
L2R,6996.50000000,0.00000000
L2R,6997.50000000,0.00000000
L2R,6998.50000000,0.00000000
L2R,6999.50000000,0.00000000
L2R,7000.50000000,0.00000000
L2R,7001.50000000,0.00000000
L2R,7002.50000000,0.00000000
L2R,7003.50000000,0.00000000
L2R,7004.50000000,0.00000000
L2R,7005.50000000,0.00000000
L2R,7006.50000000,0.00000000
L2R,7007.50000000,0.00000000
L2R,7008.50000000,0.00000000
L2R,7009.50000000,0.00000000
L2R,7010.50000000,0.00000000
L2R,7011.50000000,0.00000000
L2R,7012.50000000,0.00000000
L2R,7013.50000000,0.00000000
L2R,7014.50000000,0.00000000
L2R,7015.50000000,0.00000000
L2R,7016.50000000,0.00000000
L2R,7017.50000000,0.00000000
L2R,7018.50000000,0.00000000
L2R,7019.50000000,0.00000000
L2R,7020.50000000,0.00000000
L2R,7021.50000000,0.00000000
L2R,7022.50000000,0.00000000
L2R,7023.50000000,0.00000000
L2R,7024.50000000,0.00000000
L2R,7025.50000000,0.00000000
L2R,7026.50000000,0.00000000
L2R,7027.50000000,0.00000000
L2R,7028.50000000,0.00000000
L2R,7029.50000000,0.00000000
L2R,7030.50000000,0.00000000
L2R,7031.50000000,0.00000000
L2R,7032.50000000,0.00000000
L2R,7033.50000000,0.00000000
L2R,7034.50000000,0.00000000
L2R,7035.50000000,0.00000000
L2R,7036.50000000,0.00000000
L2R,7037.50000000,0.00000000
L2R,7038.50000000,0.00000000
L2R,7039.50000000,0.00000000
L2R,7040.50000000,0.00000000
L2R,7041.50000000,0.00000000
L2R,7042.50000000,0.00000000
L2R,7043.50000000,0.00000000
L2R,7044.50000000,0.00000000
L2R,7045.50000000,0.00000000
L2R,7046.50000000,0.00000000
L2R,7047.50000000,0.00000000
L2R,7048.50000000,0.00000000
L2R,7049.50000000,0.00000000
L2R,7050.50000000,0.00000000
L2R,7051.50000000,0.00000000
L2R,7052.50000000,0.00000000
L2R,7053.50000000,0.00000000
L2R,7054.50000000,0.00000000
L2R,7055.50000000,0.00000000
L2R,7056.50000000,0.00000000
L2R,7057.50000000,0.00000000
L2R,7058.50000000,0.00000000
L2R,7059.50000000,0.00000000
L2R,7060.50000000,0.00000000
L2R,7061.50000000,0.00000000
L2R,7062.50000000,0.00000000
L2R,7063.50000000,0.00000000
L2R,7064.50000000,0.00000000
L2R,7065.50000000,0.00000000
L2R,7066.50000000,0.00000000
L2R,7067.50000000,0.00000000
L2R,7068.50000000,0.00000000
L2R,7069.50000000,0.00000000
L2R,7070.50000000,0.00000000
L2R,7071.50000000,0.00000000
L2R,7072.50000000,0.00000000
L2R,7073.50000000,0.00000000
L2R,7074.50000000,0.00000000
L2R,7075.50000000,0.00000000
L2R,7076.50000000,0.00000000
L2R,7077.50000000,0.00000000
L2R,7078.50000000,0.00000000
L2R,7079.50000000,0.00000000
L2R,7080.50000000,0.00000000
L2R,7081.50000000,0.00000000
L2R,7082.50000000,0.00000000
L2R,7083.50000000,0.00000000
L2R,7084.50000000,0.00000000
L2R,7085.50000000,0.00000000
L2R,7086.50000000,0.00000000
L2R,7087.50000000,0.00000000
L2R,7088.50000000,0.00000000
L2R,7089.50000000,0.00000000
L2R,7090.50000000,0.00000000
L2R,7091.50000000,0.00000000
L2R,7092.50000000,0.00000000
L2R,7093.50000000,0.00000000
L2R,7094.50000000,0.00000000
L2R,7095.50000000,0.00000000
L2R,7096.50000000,0.00000000
L2R,7097.50000000,0.00000000
L2R,7098.50000000,0.00000000
L2R,7099.50000000,0.00000000
L2R,7100.50000000,0.00000000
L2R,7101.50000000,0.00000000
L2R,7102.50000000,0.00000000
L2R,7103.50000000,0.00000000
L2R,7104.50000000,0.00000000
L2R,7105.50000000,0.00000000
L2R,7106.50000000,0.00000000
L2R,7107.50000000,0.00000000
L2R,7108.50000000,0.00000000
L2R,7109.50000000,0.00000000
L2R,7110.50000000,0.00000000
L2R,7111.50000000,0.00000000
L2R,7112.50000000,0.00000000
L2R,7113.50000000,0.00000000
L2R,7114.50000000,0.00000000
L2R,7115.50000000,0.00000000
L2R,7116.50000000,0.00000000
L2R,7117.50000000,0.00000000
L2R,7118.50000000,0.00000000
L2R,7119.50000000,0.00000000
L2R,7120.50000000,0.00000000
L2R,7121.50000000,0.00000000
L2R,7122.50000000,0.00000000
L2R,7123.50000000,0.00000000
L2R,7124.50000000,0.00000000
L2R,7125.50000000,0.00000000
L2R,7126.50000000,0.00000000
L2R,7127.50000000,0.00000000
L2R,7128.50000000,0.00000000
L2R,7129.50000000,0.00000000
L2R,7130.50000000,0.00000000
L2R,7131.50000000,0.00000000
L2R,7132.50000000,0.00000000
L2R,7133.50000000,0.00000000
L2R,7134.50000000,0.00000000
L2R,7135.50000000,0.00000000
L2R,7136.50000000,0.00000000
L2R,7137.50000000,0.00000000
L2R,7138.50000000,0.00000000
L2R,7139.50000000,0.00000000
L2R,7140.50000000,0.00000000
L2R,7141.50000000,0.00000000
L2R,7142.50000000,0.00000000
L2R,7143.50000000,0.00000000
L2R,7144.50000000,0.00000000
L2R,7145.50000000,0.00000000
L2R,7146.50000000,0.00000000
L2R,7147.50000000,0.00000000
L2R,7148.50000000,0.00000000
L2R,7149.50000000,0.00000000
L2R,7150.50000000,0.00000000
L2R,7151.50000000,0.00000000
L2R,7152.50000000,0.00000000
L2R,7153.50000000,0.00000000
L2R,7154.50000000,0.00000000
L2R,7155.50000000,0.00000000
L2R,7156.50000000,0.00000000
L2R,7157.50000000,0.00000000
L2R,7158.50000000,0.00000000
L2R,7159.50000000,0.00000000
L2R,7160.50000000,0.00000000
L2R,7161.50000000,0.00000000
L2R,7162.50000000,0.00000000
L2R,7163.50000000,0.00000000
L2R,7164.50000000,0.00000000
L2R,7165.50000000,0.00000000
L2R,7166.50000000,0.00000000
L2R,7167.50000000,0.00000000
L2R,7168.50000000,0.00000000
L2R,7169.50000000,0.00000000
L2R,7170.50000000,0.00000000
L2R,7171.50000000,0.00000000
L2R,7172.50000000,0.00000000
L2R,7173.50000000,0.00000000
L2R,7174.50000000,0.00000000
L2R,7175.50000000,0.00000000
L2R,7176.50000000,0.00000000
L2R,7177.50000000,0.00000000
L2R,7178.50000000,0.00000000
L2R,7179.50000000,0.00000000
L2R,7180.50000000,0.00000000
L2R,7181.50000000,0.00000000
L2R,7182.50000000,0.00000000
L2R,7183.50000000,0.00000000
L2R,7184.50000000,0.00000000
L2R,7185.50000000,0.00000000
L2R,7186.50000000,0.00000000
L2R,7187.50000000,0.00000000
L2R,7188.50000000,0.00000000
L2R,7189.50000000,0.00000000
L2R,7190.50000000,0.00000000
L2R,7191.50000000,0.00000000
L2R,7192.50000000,0.00000000
L2R,7193.50000000,0.00000000
L2R,7194.50000000,0.00000000
L2R,7195.50000000,0.00000000
L2R,7196.50000000,0.00000000
L2R,7197.50000000,0.00000000
L2R,7198.50000000,0.00000000
L2R,7199.50000000,0.00000000
L2R,7200.50000000,0.00000000
L2R,7201.50000000,0.00000000
L2R,7202.50000000,0.00000000
L2R,7203.50000000,0.00000000
L2R,7204.50000000,0.00000000
L2R,7205.50000000,0.00000000
L2R,7206.50000000,0.00000000
L2R,7207.50000000,0.00000000
L2R,7208.50000000,0.00000000
L2R,7209.50000000,0.00000000
L2R,7210.50000000,0.00000000
L2R,7211.50000000,0.00000000
L2R,7212.50000000,0.00000000
L2R,7213.50000000,0.00000000
L2R,7214.50000000,0.00000000
L2R,7215.50000000,0.00000000
L2R,7216.50000000,0.00000000
L2R,7217.50000000,0.00000000
L2R,7218.50000000,0.00000000
L2R,7219.50000000,0.00000000
L2R,7220.50000000,0.00000000
L2R,7221.50000000,0.00000000
L2R,7222.50000000,0.00000000
L2R,7223.50000000,0.00000000
L2R,7224.50000000,0.00000000
L2R,7225.50000000,0.00000000
L2R,7226.50000000,0.00000000
L2R,7227.50000000,0.00000000
L2R,7228.50000000,0.00000000
L2R,7229.50000000,0.00000000
L2R,7230.50000000,0.00000000
L2R,7231.50000000,0.00000000
L2R,7232.50000000,0.00000000
L2R,7233.50000000,0.00000000
L2R,7234.50000000,0.00000000
L2R,7235.50000000,0.00000000
L2R,7236.50000000,0.00000000
L2R,7237.50000000,0.00000000
L2R,7238.50000000,0.00000000
L2R,7239.50000000,0.00000000
L2R,7240.50000000,0.00000000
L2R,7241.50000000,0.00000000
L2R,7242.50000000,0.00000000
L2R,7243.50000000,0.00000000
L2R,7244.50000000,0.00000000
L2R,7245.50000000,0.00000000
L2R,7246.50000000,0.00000000
L2R,7247.50000000,0.00000000
L2R,7248.50000000,0.00000000
L2R,7249.50000000,0.00000000
L2R,7250.50000000,0.00000000
L2R,7251.50000000,0.00000000
L2R,7252.50000000,0.00000000
L2R,7253.50000000,0.00000000
L2R,7254.50000000,0.00000000
L2R,7255.50000000,0.00000000
L2R,7256.50000000,0.00000000
L2R,7257.50000000,0.00000000
L2R,7258.50000000,0.00000000
L2R,7259.50000000,0.00000000
L2R,7260.50000000,0.00000000
L2R,7261.50000000,0.00000000
L2R,7262.50000000,0.00000000
L2R,7263.50000000,0.00000000
L2R,7264.50000000,0.00000000
L2R,7265.50000000,0.00000000
L2R,7266.50000000,0.00000000
L2R,7267.50000000,0.00000000
L2R,7268.50000000,0.00000000
L2R,7269.50000000,0.00000000
L2R,7270.50000000,0.00000000
L2R,7271.50000000,0.00000000
L2R,7272.50000000,0.00000000
L2R,7273.50000000,0.00000000
L2R,7274.50000000,0.00000000
L2R,7275.50000000,0.00000000
L2R,7276.50000000,0.00000000
L2R,7277.50000000,0.00000000
L2R,7278.50000000,0.00000000
L2R,7279.50000000,0.00000000
L2R,7280.50000000,0.00000000
L2R,7281.50000000,0.00000000
L2R,7282.50000000,0.00000000
L2R,7283.50000000,0.00000000
L2R,7284.50000000,0.00000000
L2R,7285.50000000,0.00000000
L2R,7286.50000000,0.00000000
L2R,7287.50000000,0.00000000
L2R,7288.50000000,0.00000000
L2R,7289.50000000,0.00000000
L2R,7290.50000000,0.00000000
L2R,7291.50000000,0.00000000
L2R,7292.50000000,0.00000000
L2R,7293.50000000,0.00000000
L2R,7294.50000000,0.00000000
L2R,7295.50000000,0.00000000
L2R,7296.50000000,0.00000000
L2R,7297.50000000,0.00000000
L2R,7298.50000000,0.00000000
L2R,7299.50000000,0.00000000
L2R,7300.50000000,0.00000000
L2R,7301.50000000,0.00000000
L2R,7302.50000000,0.00000000
L2R,7303.50000000,0.00000000
L2R,7304.50000000,0.00000000
L2R,7305.50000000,0.00000000
L2R,7306.50000000,0.00000000
L2R,7307.50000000,0.00000000
L2R,7308.50000000,0.00000000
L2R,7309.50000000,0.00000000
L2R,7310.50000000,0.00000000
L2R,7311.50000000,0.00000000
L2R,7312.50000000,0.00000000
L2R,7313.50000000,0.00000000
L2R,7314.50000000,0.00000000
L2R,7315.50000000,0.00000000
L2R,7316.50000000,0.00000000
L2R,7317.50000000,0.00000000
L2R,7318.50000000,0.00000000
L2R,7319.50000000,0.00000000
L2R,7320.50000000,0.00000000
L2R,7321.50000000,0.00000000
L2R,7322.50000000,0.00000000
L2R,7323.50000000,0.00000000
L2R,7324.50000000,0.00000000
L2R,7325.50000000,0.00000000
L2R,7326.50000000,0.00000000
L2R,7327.50000000,0.00000000
L2R,7328.50000000,0.00000000
L2R,7329.50000000,0.00000000
L2R,7330.50000000,0.00000000
L2R,7331.50000000,0.00000000
L2R,7332.50000000,0.00000000
L2R,7333.50000000,0.00000000
L2R,7334.50000000,0.00000000
L2R,7335.50000000,0.00000000
L2R,7336.50000000,0.00000000
L2R,7337.50000000,0.00000000
L2R,7338.50000000,0.00000000
L2R,7339.50000000,0.00000000
L2R,7340.50000000,0.00000000
L2R,7341.50000000,0.00000000
L2R,7342.50000000,0.00000000
L2R,7343.50000000,0.00000000
L2R,7344.50000000,0.00000000
L2R,7345.50000000,0.00000000
L2R,7346.50000000,0.00000000
L2R,7347.50000000,0.00000000
L2R,7348.50000000,0.00000000
L2R,7349.50000000,0.00000000
L2R,7350.50000000,0.00000000
L2R,7351.50000000,0.00000000
L2R,7352.50000000,0.00000000
L2R,7353.50000000,0.00000000
L2R,7354.50000000,0.00000000
L2R,7355.50000000,0.00000000
L2R,7356.50000000,0.00000000
L2R,7357.50000000,0.00000000
L2R,7358.50000000,0.00000000
L2R,7359.50000000,0.00000000
L2R,7360.50000000,0.00000000
L2R,7361.50000000,0.00000000
L2R,7362.50000000,0.00000000
L2R,7363.50000000,0.00000000
L2R,7364.50000000,0.00000000
L2R,7365.50000000,0.00000000
L2R,7366.50000000,0.00000000
L2R,7367.50000000,0.00000000
L2R,7368.50000000,0.00000000
L2R,7369.50000000,0.00000000
L2R,7370.50000000,0.00000000
L2R,7371.50000000,0.00000000
L2R,7372.50000000,0.00000000
L2R,7373.50000000,0.00000000
L2R,7374.50000000,0.00000000
L2R,7375.50000000,0.00000000
L2R,7376.50000000,0.00000000
L2R,7377.50000000,0.00000000
L2R,7378.50000000,0.00000000
L2R,7379.50000000,0.00000000
L2R,7380.50000000,0.00000000
L2R,7381.50000000,0.00000000
L2R,7382.50000000,0.00000000
L2R,7383.50000000,0.00000000
L2R,7384.50000000,0.00000000
L2R,7385.50000000,0.00000000
L2R,7386.50000000,0.00000000
L2R,7387.50000000,0.00000000
L2R,7388.50000000,0.00000000
L2R,7389.50000000,0.00000000
L2R,7390.50000000,0.00000000
L2R,7391.50000000,0.00000000
L2R,7392.50000000,0.00000000
L2R,7393.50000000,0.00000000
L2R,7394.50000000,0.00000000
L2R,7395.50000000,0.00000000
L2R,7396.50000000,0.00000000
L2R,7397.50000000,0.00000000
L2R,7398.50000000,0.00000000
L2R,7399.50000000,0.00000000
L2R,7400.50000000,0.00000000
L2R,7401.50000000,0.00000000
L2R,7402.50000000,0.00000000
L2R,7403.50000000,0.00000000
L2R,7404.50000000,0.00000000
L2R,7405.50000000,0.00000000
L2R,7406.50000000,0.00000000
L2R,7407.50000000,0.00000000
L2R,7408.50000000,0.00000000
L2R,7409.50000000,0.00000000
L2R,7410.50000000,0.00000000
L2R,7411.50000000,0.00000000
L2R,7412.50000000,0.00000000
L2R,7413.50000000,0.00000000
L2R,7414.50000000,0.00000000
L2R,7415.50000000,0.00000000
L2R,7416.50000000,0.00000000
L2R,7417.50000000,0.00000000
L2R,7418.50000000,0.00000000
L2R,7419.50000000,0.00000000
L2R,7420.50000000,0.00000000
L2R,7421.50000000,0.00000000
L2R,7422.50000000,0.00000000
L2R,7423.50000000,0.00000000
L2R,7424.50000000,0.00000000
L2R,7425.50000000,0.00000000
L2R,7426.50000000,0.00000000
L2R,7427.50000000,0.00000000
L2R,7428.50000000,0.00000000
L2R,7429.50000000,0.00000000
L2R,7430.50000000,0.00000000
L2R,7431.50000000,0.00000000
L2R,7432.50000000,0.00000000
L2R,7433.50000000,0.00000000
L2R,7434.50000000,0.00000000
L2R,7435.50000000,0.00000000
L2R,7436.50000000,0.00000000
L2R,7437.50000000,0.00000000
L2R,7438.50000000,0.00000000
L2R,7439.50000000,0.00000000
L2R,7440.50000000,0.00000000
L2R,7441.50000000,0.00000000
L2R,7442.50000000,0.00000000
L2R,7443.50000000,0.00000000
L2R,7444.50000000,0.00000000
L2R,7445.50000000,0.00000000
L2R,7446.50000000,0.00000000
L2R,7447.50000000,0.00000000
L2R,7448.50000000,0.00000000
L2R,7449.50000000,0.00000000
L2R,7450.50000000,0.00000000
L2R,7451.50000000,0.00000000
L2R,7452.50000000,0.00000000
L2R,7453.50000000,0.00000000
L2R,7454.50000000,0.00000000
L2R,7455.50000000,0.00000000
L2R,7456.50000000,0.00000000
L2R,7457.50000000,0.00000000
L2R,7458.50000000,0.00000000
L2R,7459.50000000,0.00000000
L2R,7460.50000000,0.00000000
L2R,7461.50000000,0.00000000
L2R,7462.50000000,0.00000000
L2R,7463.50000000,0.00000000
L2R,7464.50000000,0.00000000
L2R,7465.50000000,0.00000000
L2R,7466.50000000,0.00000000
L2R,7467.50000000,0.00000000
L2R,7468.50000000,0.00000000
L2R,7469.50000000,0.00000000
L2R,7470.50000000,0.00000000
L2R,7471.50000000,0.00000000
L2R,7472.50000000,0.00000000
L2R,7473.50000000,0.00000000
L2R,7474.50000000,0.00000000
L2R,7475.50000000,0.00000000
L2R,7476.50000000,0.00000000
L2R,7477.50000000,0.00000000
L2R,7478.50000000,0.00000000
L2R,7479.50000000,0.00000000
L2R,7480.50000000,0.00000000
L2R,7481.50000000,0.00000000
L2R,7482.50000000,0.00000000
L2R,7483.50000000,0.00000000
L2R,7484.50000000,0.00000000
L2R,7485.50000000,0.00000000
L2R,7486.50000000,0.00000000
L2R,7487.50000000,0.00000000
L2R,7488.50000000,0.00000000
L2R,7489.50000000,0.00000000
L2R,7490.50000000,0.00000000
L2R,7491.50000000,0.00000000
L2R,7492.50000000,0.00000000
L2R,7493.50000000,0.00000000
L2R,7494.50000000,0.00000000
L2R,7495.50000000,0.00000000
L2R,7496.50000000,0.00000000
L2R,7497.50000000,0.00000000
L2R,7498.50000000,0.00000000
L2R,7499.50000000,0.00000000
L2R,7500.50000000,0.00000000
L2R,7501.50000000,0.00000000
L2R,7502.50000000,0.00000000
L2R,7503.50000000,0.00000000
L2R,7504.50000000,0.00000000
L2R,7505.50000000,0.00000000
L2R,7506.50000000,0.00000000
L2R,7507.50000000,0.00000000
L2R,7508.50000000,0.00000000
L2R,7509.50000000,0.00000000
L2R,7510.50000000,0.00000000
L2R,7511.50000000,0.00000000
L2R,7512.50000000,0.00000000
L2R,7513.50000000,0.00000000
L2R,7514.50000000,0.00000000
L2R,7515.50000000,0.00000000
L2R,7516.50000000,0.00000000
L2R,7517.50000000,0.00000000
L2R,7518.50000000,0.00000000
L2R,7519.50000000,0.00000000
L2R,7520.50000000,0.00000000
L2R,7521.50000000,0.00000000
L2R,7522.50000000,0.00000000
L2R,7523.50000000,0.00000000
L2R,7524.50000000,0.00000000
L2R,7525.50000000,0.00000000
L2R,7526.50000000,0.00000000
L2R,7527.50000000,0.00000000
L2R,7528.50000000,0.00000000
L2R,7529.50000000,0.00000000
L2R,7530.50000000,0.00000000
L2R,7531.50000000,0.00000000
L2R,7532.50000000,0.00000000
L2R,7533.50000000,0.00000000
L2R,7534.50000000,0.00000000
L2R,7535.50000000,0.00000000
L2R,7536.50000000,0.00000000
L2R,7537.50000000,0.00000000
L2R,7538.50000000,0.00000000
L2R,7539.50000000,0.00000000
L2R,7540.50000000,0.00000000
L2R,7541.50000000,0.00000000
L2R,7542.50000000,0.00000000
L2R,7543.50000000,0.00000000
L2R,7544.50000000,0.00000000
L2R,7545.50000000,0.00000000
L2R,7546.50000000,0.00000000
L2R,7547.50000000,0.00000000
L2R,7548.50000000,0.00000000
L2R,7549.50000000,0.00000000
L2R,7550.50000000,0.00000000
L2R,7551.50000000,0.00000000
L2R,7552.50000000,0.00000000
L2R,7553.50000000,0.00000000
L2R,7554.50000000,0.00000000
L2R,7555.50000000,0.00000000
L2R,7556.50000000,0.00000000
L2R,7557.50000000,0.00000000
L2R,7558.50000000,0.00000000
L2R,7559.50000000,0.00000000
L2R,7560.50000000,0.00000000
L2R,7561.50000000,0.00000000
L2R,7562.50000000,0.00000000
L2R,7563.50000000,0.00000000
L2R,7564.50000000,0.00000000
L2R,7565.50000000,0.00000000
L2R,7566.50000000,0.00000000
L2R,7567.50000000,0.00000000
L2R,7568.50000000,0.00000000
L2R,7569.50000000,0.00000000
L2R,7570.50000000,0.00000000
L2R,7571.50000000,0.00000000
L2R,7572.50000000,0.00000000
L2R,7573.50000000,0.00000000
L2R,7574.50000000,0.00000000
L2R,7575.50000000,0.00000000
L2R,7576.50000000,0.00000000
L2R,7577.50000000,0.00000000
L2R,7578.50000000,0.00000000
L2R,7579.50000000,0.00000000
L2R,7580.50000000,0.00000000
L2R,7581.50000000,0.00000000
L2R,7582.50000000,0.00000000
L2R,7583.50000000,0.00000000
L2R,7584.50000000,0.00000000
L2R,7585.50000000,0.00000000
L2R,7586.50000000,0.00000000
L2R,7587.50000000,0.00000000
L2R,7588.50000000,0.00000000
L2R,7589.50000000,0.00000000
L2R,7590.50000000,0.00000000
L2R,7591.50000000,0.00000000
L2R,7592.50000000,0.00000000
L2R,7593.50000000,0.00000000
L2R,7594.50000000,0.00000000
L2R,7595.50000000,0.00000000
L2R,7596.50000000,0.00000000
L2R,7597.50000000,0.00000000
L2R,7598.50000000,0.00000000
L2R,7599.50000000,0.00000000
L2R,7600.50000000,0.00000000
L2R,7601.50000000,0.00000000
L2R,7602.50000000,0.00000000
L2R,7603.50000000,0.00000000
L2R,7604.50000000,0.00000000
L2R,7605.50000000,0.00000000
L2R,7606.50000000,0.00000000
L2R,7607.50000000,0.00000000
L2R,7608.50000000,0.00000000
L2R,7609.50000000,0.00000000
L2R,7610.50000000,0.00000000
L2R,7611.50000000,0.00000000
L2R,7612.50000000,0.00000000
L2R,7613.50000000,0.00000000
L2R,7614.50000000,0.00000000
L2R,7615.50000000,0.00000000
L2R,7616.50000000,0.00000000
L2R,7617.50000000,0.00000000
L2R,7618.50000000,0.00000000
L2R,7619.50000000,0.00000000
L2R,7620.50000000,0.00000000
L2R,7621.50000000,0.00000000
L2R,7622.50000000,0.00000000
L2R,7623.50000000,0.00000000
L2R,7624.50000000,0.00000000
L2R,7625.50000000,0.00000000
L2R,7626.50000000,0.00000000
L2R,7627.50000000,0.00000000
L2R,7628.50000000,0.00000000
L2R,7629.50000000,0.00000000
L2R,7630.50000000,0.00000000
L2R,7631.50000000,0.00000000
L2R,7632.50000000,0.00000000
L2R,7633.50000000,0.00000000
L2R,7634.50000000,0.00000000
L2R,7635.50000000,0.00000000
L2R,7636.50000000,0.00000000
L2R,7637.50000000,0.00000000
L2R,7638.50000000,0.00000000
L2R,7639.50000000,0.00000000
L2R,7640.50000000,0.00000000
L2R,7641.50000000,0.00000000
L2R,7642.50000000,0.00000000
L2R,7643.50000000,0.00000000
L2R,7644.50000000,0.00000000
L2R,7645.50000000,0.00000000
L2R,7646.50000000,0.00000000
L2R,7647.50000000,0.00000000
L2R,7648.50000000,0.00000000
L2R,7649.50000000,0.00000000
L2R,7650.50000000,0.00000000
L2R,7651.50000000,0.00000000
L2R,7652.50000000,0.00000000
L2R,7653.50000000,0.00000000
L2R,7654.50000000,0.00000000
L2R,7655.50000000,0.00000000
L2R,7656.50000000,0.00000000
L2R,7657.50000000,0.00000000
L2R,7658.50000000,0.00000000
L2R,7659.50000000,0.00000000
L2R,7660.50000000,0.00000000
L2R,7661.50000000,0.00000000
L2R,7662.50000000,0.00000000
L2R,7663.50000000,0.00000000
L2R,7664.50000000,0.00000000
L2R,7665.50000000,0.00000000
L2R,7666.50000000,0.00000000
L2R,7667.50000000,0.00000000
L2R,7668.50000000,0.00000000
L2R,7669.50000000,0.00000000
L2R,7670.50000000,0.00000000
L2R,7671.50000000,0.00000000
L2R,7672.50000000,0.00000000
L2R,7673.50000000,0.00000000
L2R,7674.50000000,0.00000000
L2R,7675.50000000,0.00000000
L2R,7676.50000000,0.00000000
L2R,7677.50000000,0.00000000
L2R,7678.50000000,0.00000000
L2R,7679.50000000,0.00000000
L2R,7680.50000000,0.00000000
L2R,7681.50000000,0.00000000
L2R,7682.50000000,0.00000000
L2R,7683.50000000,0.00000000
L2R,7684.50000000,0.00000000
L2R,7685.50000000,0.00000000
L2R,7686.50000000,0.00000000
L2R,7687.50000000,0.00000000
L2R,7688.50000000,0.00000000
L2R,7689.50000000,0.00000000
L2R,7690.50000000,0.00000000
L2R,7691.50000000,0.00000000
L2R,7692.50000000,0.00000000
L2R,7693.50000000,0.00000000
L2R,7694.50000000,0.00000000
L2R,7695.50000000,0.00000000
L2R,7696.50000000,0.00000000
L2R,7697.50000000,0.00000000
L2R,7698.50000000,0.00000000
L2R,7699.50000000,0.00000000
L2R,7700.50000000,0.00000000
L2R,7701.50000000,0.00000000
L2R,7702.50000000,0.00000000
L2R,7703.50000000,0.00000000
L2R,7704.50000000,0.00000000
L2R,7705.50000000,0.00000000
L2R,7706.50000000,0.00000000
L2R,7707.50000000,0.00000000
L2R,7708.50000000,0.00000000
L2R,7709.50000000,0.00000000
L2R,7710.50000000,0.00000000
L2R,7711.50000000,0.00000000
L2R,7712.50000000,0.00000000
L2R,7713.50000000,0.00000000
L2R,7714.50000000,0.00000000
L2R,7715.50000000,0.00000000
L2R,7716.50000000,0.00000000
L2R,7717.50000000,0.00000000
L2R,7718.50000000,0.00000000
L2R,7719.50000000,0.00000000
L2R,7720.50000000,0.00000000
L2R,7721.50000000,0.00000000
L2R,7722.50000000,0.00000000
L2R,7723.50000000,0.00000000
L2R,7724.50000000,0.00000000
L2R,7725.50000000,0.00000000
L2R,7726.50000000,0.00000000
L2R,7727.50000000,0.00000000
L2R,7728.50000000,0.00000000
L2R,7729.50000000,0.00000000
L2R,7730.50000000,0.00000000
L2R,7731.50000000,0.00000000
L2R,7732.50000000,0.00000000
L2R,7733.50000000,0.00000000
L2R,7734.50000000,0.00000000
L2R,7735.50000000,0.00000000
L2R,7736.50000000,0.00000000
L2R,7737.50000000,0.00000000
L2R,7738.50000000,0.00000000
L2R,7739.50000000,0.00000000
L2R,7740.50000000,0.00000000
L2R,7741.50000000,0.00000000
L2R,7742.50000000,0.00000000
L2R,7743.50000000,0.00000000
L2R,7744.50000000,0.00000000
L2R,7745.50000000,0.00000000
L2R,7746.50000000,0.00000000
L2R,7747.50000000,0.00000000
L2R,7748.50000000,0.00000000
L2R,7749.50000000,0.00000000
L2R,7750.50000000,0.00000000
L2R,7751.50000000,0.00000000
L2R,7752.50000000,0.00000000
L2R,7753.50000000,0.00000000
L2R,7754.50000000,0.00000000
L2R,7755.50000000,0.00000000
L2R,7756.50000000,0.00000000
L2R,7757.50000000,0.00000000
L2R,7758.50000000,0.00000000
L2R,7759.50000000,0.00000000
L2R,7760.50000000,0.00000000
L2R,7761.50000000,0.00000000
L2R,7762.50000000,0.00000000
L2R,7763.50000000,0.00000000
L2R,7764.50000000,0.00000000
L2R,7765.50000000,0.00000000
L2R,7766.50000000,0.00000000
L2R,7767.50000000,0.00000000
L2R,7768.50000000,0.00000000
L2R,7769.50000000,0.00000000
L2R,7770.50000000,0.00000000
L2R,7771.50000000,0.00000000
L2R,7772.50000000,0.00000000
L2R,7773.50000000,0.00000000
L2R,7774.50000000,0.00000000
L2R,7775.50000000,0.00000000
L2R,7776.50000000,0.00000000
L2R,7777.50000000,0.00000000
L2R,7778.50000000,0.00000000
L2R,7779.50000000,0.00000000
L2R,7780.50000000,0.00000000
L2R,7781.50000000,0.00000000
L2R,7782.50000000,0.00000000
L2R,7783.50000000,0.00000000
L2R,7784.50000000,0.00000000
L2R,7785.50000000,0.00000000
L2R,7786.50000000,0.00000000
L2R,7787.50000000,0.00000000
L2R,7788.50000000,0.00000000
L2R,7789.50000000,0.00000000
L2R,7790.50000000,0.00000000
L2R,7791.50000000,0.00000000
L2R,7792.50000000,0.00000000
L2R,7793.50000000,0.00000000
L2R,7794.50000000,0.00000000
L2R,7795.50000000,0.00000000
L2R,7796.50000000,0.00000000
L2R,7797.50000000,0.00000000
L2R,7798.50000000,0.00000000
L2R,7799.50000000,0.00000000
L2R,7800.50000000,0.00000000
L2R,7801.50000000,0.00000000
L2R,7802.50000000,0.00000000
L2R,7803.50000000,0.00000000
L2R,7804.50000000,0.00000000
L2R,7805.50000000,0.00000000
L2R,7806.50000000,0.00000000
L2R,7807.50000000,0.00000000
L2R,7808.50000000,0.00000000
L2R,7809.50000000,0.00000000
L2R,7810.50000000,0.00000000
L2R,7811.50000000,0.00000000
L2R,7812.50000000,0.00000000
L2R,7813.50000000,0.00000000
L2R,7814.50000000,0.00000000
L2R,7815.50000000,0.00000000
L2R,7816.50000000,0.00000000
L2R,7817.50000000,0.00000000
L2R,7818.50000000,0.00000000
L2R,7819.50000000,0.00000000
L2R,7820.50000000,0.00000000
L2R,7821.50000000,0.00000000
L2R,7822.50000000,0.00000000
L2R,7823.50000000,0.00000000
L2R,7824.50000000,0.00000000
L2R,7825.50000000,0.00000000
L2R,7826.50000000,0.00000000
L2R,7827.50000000,0.00000000
L2R,7828.50000000,0.00000000
L2R,7829.50000000,0.00000000
L2R,7830.50000000,0.00000000
L2R,7831.50000000,0.00000000
L2R,7832.50000000,0.00000000
L2R,7833.50000000,0.00000000
L2R,7834.50000000,0.00000000
L2R,7835.50000000,0.00000000
L2R,7836.50000000,0.00000000
L2R,7837.50000000,0.00000000
L2R,7838.50000000,0.00000000
L2R,7839.50000000,0.00000000
L2R,7840.50000000,0.00000000
L2R,7841.50000000,0.00000000
L2R,7842.50000000,0.00000000
L2R,7843.50000000,0.00000000
L2R,7844.50000000,0.00000000
L2R,7845.50000000,0.00000000
L2R,7846.50000000,0.00000000
L2R,7847.50000000,0.00000000
L2R,7848.50000000,0.00000000
L2R,7849.50000000,0.00000000
L2R,7850.50000000,0.00000000
L2R,7851.50000000,0.00000000
L2R,7852.50000000,0.00000000
L2R,7853.50000000,0.00000000
L2R,7854.50000000,0.00000000
L2R,7855.50000000,0.00000000
L2R,7856.50000000,0.00000000
L2R,7857.50000000,0.00000000
L2R,7858.50000000,0.00000000
L2R,7859.50000000,0.00000000
L2R,7860.50000000,0.00000000
L2R,7861.50000000,0.00000000
L2R,7862.50000000,0.00000000
L2R,7863.50000000,0.00000000
L2R,7864.50000000,0.00000000
L2R,7865.50000000,0.00000000
L2R,7866.50000000,0.00000000
L2R,7867.50000000,0.00000000
L2R,7868.50000000,0.00000000
L2R,7869.50000000,0.00000000
L2R,7870.50000000,0.00000000
L2R,7871.50000000,0.00000000
L2R,7872.50000000,0.00000000
L2R,7873.50000000,0.00000000
L2R,7874.50000000,0.00000000
L2R,7875.50000000,0.00000000
L2R,7876.50000000,0.00000000
L2R,7877.50000000,0.00000000
L2R,7878.50000000,0.00000000
L2R,7879.50000000,0.00000000
L2R,7880.50000000,0.00000000
L2R,7881.50000000,0.00000000
L2R,7882.50000000,0.00000000
L2R,7883.50000000,0.00000000
L2R,7884.50000000,0.00000000
L2R,7885.50000000,0.00000000
L2R,7886.50000000,0.00000000
L2R,7887.50000000,0.00000000
L2R,7888.50000000,0.00000000
L2R,7889.50000000,0.00000000
L2R,7890.50000000,0.00000000
L2R,7891.50000000,0.00000000
L2R,7892.50000000,0.00000000
L2R,7893.50000000,0.00000000
L2R,7894.50000000,0.00000000
L2R,7895.50000000,0.00000000
L2R,7896.50000000,0.00000000
L2R,7897.50000000,0.00000000
L2R,7898.50000000,0.00000000
L2R,7899.50000000,0.00000000
L2R,7900.50000000,0.00000000
L2R,7901.50000000,0.00000000
L2R,7902.50000000,0.00000000
L2R,7903.50000000,0.00000000
L2R,7904.50000000,0.00000000
L2R,7905.50000000,0.00000000
L2R,7906.50000000,0.00000000
L2R,7907.50000000,0.00000000
L2R,7908.50000000,0.00000000
L2R,7909.50000000,0.00000000
L2R,7910.50000000,0.00000000
L2R,7911.50000000,0.00000000
L2R,7912.50000000,0.00000000
L2R,7913.50000000,0.00000000
L2R,7914.50000000,0.00000000
L2R,7915.50000000,0.00000000
L2R,7916.50000000,0.00000000
L2R,7917.50000000,0.00000000
L2R,7918.50000000,0.00000000
L2R,7919.50000000,0.00000000
L2R,7920.50000000,0.00000000
L2R,7921.50000000,0.00000000
L2R,7922.50000000,0.00000000
L2R,7923.50000000,0.00000000
L2R,7924.50000000,0.00000000
L2R,7925.50000000,0.00000000
L2R,7926.50000000,0.00000000
L2R,7927.50000000,0.00000000
L2R,7928.50000000,0.00000000
L2R,7929.50000000,0.00000000
L2R,7930.50000000,0.00000000
L2R,7931.50000000,0.00000000
L2R,7932.50000000,0.00000000
L2R,7933.50000000,0.00000000
L2R,7934.50000000,0.00000000
L2R,7935.50000000,0.00000000
L2R,7936.50000000,0.00000000
L2R,7937.50000000,0.00000000
L2R,7938.50000000,0.00000000
L2R,7939.50000000,0.00000000
L2R,7940.50000000,0.00000000
L2R,7941.50000000,0.00000000
L2R,7942.50000000,0.00000000
L2R,7943.50000000,0.00000000
L2R,7944.50000000,0.00000000
L2R,7945.50000000,0.00000000
L2R,7946.50000000,0.00000000
L2R,7947.50000000,0.00000000
L2R,7948.50000000,0.00000000
L2R,7949.50000000,0.00000000
L2R,7950.50000000,0.00000000
L2R,7951.50000000,0.00000000
L2R,7952.50000000,0.00000000
L2R,7953.50000000,0.00000000
L2R,7954.50000000,0.00000000
L2R,7955.50000000,0.00000000
L2R,7956.50000000,0.00000000
L2R,7957.50000000,0.00000000
L2R,7958.50000000,0.00000000
L2R,7959.50000000,0.00000000
L2R,7960.50000000,0.00000000
L2R,7961.50000000,0.00000000
L2R,7962.50000000,0.00000000
L2R,7963.50000000,0.00000000
L2R,7964.50000000,0.00000000
L2R,7965.50000000,0.00000000
L2R,7966.50000000,0.00000000
L2R,7967.50000000,0.00000000
L2R,7968.50000000,0.00000000
L2R,7969.50000000,0.00000000
L2R,7970.50000000,0.00000000
L2R,7971.50000000,0.00000000
L2R,7972.50000000,0.00000000
L2R,7973.50000000,0.00000000
L2R,7974.50000000,0.00000000
L2R,7975.50000000,0.00000000
L2R,7976.50000000,0.00000000
L2R,7977.50000000,0.00000000
L2R,7978.50000000,0.00000000
L2R,7979.50000000,0.00000000
L2R,7980.50000000,0.00000000
L2R,7981.50000000,0.00000000
L2R,7982.50000000,0.00000000
L2R,7983.50000000,0.00000000
L2R,7984.50000000,0.00000000
L2R,7985.50000000,0.00000000
L2R,7986.50000000,0.00000000
L2R,7987.50000000,0.00000000
L2R,7988.50000000,0.00000000
L2R,7989.50000000,0.00000000
L2R,7990.50000000,0.00000000
L2R,7991.50000000,0.00000000
L2R,7992.50000000,0.00000000
L2R,7993.50000000,0.00000000
L2R,7994.50000000,0.00000000
L2R,7995.50000000,0.00000000
L2R,7996.50000000,0.00000000
L2R,7997.50000000,0.00000000
L2R,7998.50000000,0.00000000
L2R,7999.50000000,0.00000000
L2R,8000.50000000,0.00000000
L2R,8001.50000000,0.00000000
L2R,8002.50000000,0.00000000
L2R,8003.50000000,0.00000000
L2R,8004.50000000,0.00000000
L2R,8005.50000000,0.00000000
L2R,8006.50000000,0.00000000
L2R,8007.50000000,0.00000000
L2R,8008.50000000,0.00000000
L2R,8009.50000000,0.00000000
L2R,8010.50000000,0.00000000
L2R,8011.50000000,0.00000000
L2R,8012.50000000,0.00000000
L2R,8013.50000000,0.00000000
L2R,8014.50000000,0.00000000
L2R,8015.50000000,0.00000000
L2R,8016.50000000,0.00000000
L2R,8017.50000000,0.00000000
L2R,8018.50000000,0.00000000
L2R,8019.50000000,0.00000000
L2R,8020.50000000,0.00000000
L2R,8021.50000000,0.00000000
L2R,8022.50000000,0.00000000
L2R,8023.50000000,0.00000000
L2R,8024.50000000,0.00000000
L2R,8025.50000000,0.00000000
L2R,8026.50000000,0.00000000
L2R,8027.50000000,0.00000000
L2R,8028.50000000,0.00000000
L2R,8029.50000000,0.00000000
L2R,8030.50000000,0.00000000
L2R,8031.50000000,0.00000000
L2R,8032.50000000,0.00000000
L2R,8033.50000000,0.00000000
L2R,8034.50000000,0.00000000
L2R,8035.50000000,0.00000000
L2R,8036.50000000,0.00000000
L2R,8037.50000000,0.00000000
L2R,8038.50000000,0.00000000
L2R,8039.50000000,0.00000000
L2R,8040.50000000,0.00000000
L2R,8041.50000000,0.00000000
L2R,8042.50000000,0.00000000
L2R,8043.50000000,0.00000000
L2R,8044.50000000,0.00000000
L2R,8045.50000000,0.00000000
L2R,8046.50000000,0.00000000
L2R,8047.50000000,0.00000000
L2R,8048.50000000,0.00000000
L2R,8049.50000000,0.00000000
L2R,8050.50000000,0.00000000
L2R,8051.50000000,0.00000000
L2R,8052.50000000,0.00000000
L2R,8053.50000000,0.00000000
L2R,8054.50000000,0.00000000
L2R,8055.50000000,0.00000000
L2R,8056.50000000,0.00000000
L2R,8057.50000000,0.00000000
L2R,8058.50000000,0.00000000
L2R,8059.50000000,0.00000000
L2R,8060.50000000,0.00000000
L2R,8061.50000000,0.00000000
L2R,8062.50000000,0.00000000
L2R,8063.50000000,0.00000000
L2R,8064.50000000,0.00000000
L2R,8065.50000000,0.00000000
L2R,8066.50000000,0.00000000
L2R,8067.50000000,0.00000000
L2R,8068.50000000,0.00000000
L2R,8069.50000000,0.00000000
L2R,8070.50000000,0.00000000
L2R,8071.50000000,0.00000000
L2R,8072.50000000,0.00000000
L2R,8073.50000000,0.00000000
L2R,8074.50000000,0.00000000
L2R,8075.50000000,0.00000000
L2R,8076.50000000,0.00000000
L2R,8077.50000000,0.00000000
L2R,8078.50000000,0.00000000
L2R,8079.50000000,0.00000000
L2R,8080.50000000,0.00000000
L2R,8081.50000000,0.00000000
L2R,8082.50000000,0.00000000
L2R,8083.50000000,0.00000000
L2R,8084.50000000,0.00000000
L2R,8085.50000000,0.00000000
L2R,8086.50000000,0.00000000
L2R,8087.50000000,0.00000000
L2R,8088.50000000,0.00000000
L2R,8089.50000000,0.00000000
L2R,8090.50000000,0.00000000
L2R,8091.50000000,0.00000000
L2R,8092.50000000,0.00000000
L2R,8093.50000000,0.00000000
L2R,8094.50000000,0.00000000
L2R,8095.50000000,0.00000000
L2R,8096.50000000,0.00000000
L2R,8097.50000000,0.00000000
L2R,8098.50000000,0.00000000
L2R,8099.50000000,0.00000000
L2R,8100.50000000,0.00000000
L2R,8101.50000000,0.00000000
L2R,8102.50000000,0.00000000
L2R,8103.50000000,0.00000000
L2R,8104.50000000,0.00000000
L2R,8105.50000000,0.00000000
L2R,8106.50000000,0.00000000
L2R,8107.50000000,0.00000000
L2R,8108.50000000,0.00000000
L2R,8109.50000000,0.00000000
L2R,8110.50000000,0.00000000
L2R,8111.50000000,0.00000000
L2R,8112.50000000,0.00000000
L2R,8113.50000000,0.00000000
L2R,8114.50000000,0.00000000
L2R,8115.50000000,0.00000000
L2R,8116.50000000,0.00000000
L2R,8117.50000000,0.00000000
L2R,8118.50000000,0.00000000
L2R,8119.50000000,0.00000000
L2R,8120.50000000,0.00000000
L2R,8121.50000000,0.00000000
L2R,8122.50000000,0.00000000
L2R,8123.50000000,0.00000000
L2R,8124.50000000,0.00000000
L2R,8125.50000000,0.00000000
L2R,8126.50000000,0.00000000
L2R,8127.50000000,0.00000000
L2R,8128.50000000,0.00000000
L2R,8129.50000000,0.00000000
L2R,8130.50000000,0.00000000
L2R,8131.50000000,0.00000000
L2R,8132.50000000,0.00000000
L2R,8133.50000000,0.00000000
L2R,8134.50000000,0.00000000
L2R,8135.50000000,0.00000000
L2R,8136.50000000,0.00000000
L2R,8137.50000000,0.00000000
L2R,8138.50000000,0.00000000
L2R,8139.50000000,0.00000000
L2R,8140.50000000,0.00000000
L2R,8141.50000000,0.00000000
L2R,8142.50000000,0.00000000
L2R,8143.50000000,0.00000000
L2R,8144.50000000,0.00000000
L2R,8145.50000000,0.00000000
L2R,8146.50000000,0.00000000
L2R,8147.50000000,0.00000000
L2R,8148.50000000,0.00000000
L2R,8149.50000000,0.00000000
L2R,8150.50000000,0.00000000
L2R,8151.50000000,0.00000000
L2R,8152.50000000,0.00000000
L2R,8153.50000000,0.00000000
L2R,8154.50000000,0.00000000
L2R,8155.50000000,0.00000000
L2R,8156.50000000,0.00000000
L2R,8157.50000000,0.00000000
L2R,8158.50000000,0.00000000
L2R,8159.50000000,0.00000000
L2R,8160.50000000,0.00000000
L2R,8161.50000000,0.00000000
L2R,8162.50000000,0.00000000
L2R,8163.50000000,0.00000000
L2R,8164.50000000,0.00000000
L2R,8165.50000000,0.00000000
L2R,8166.50000000,0.00000000
L2R,8167.50000000,0.00000000
L2R,8168.50000000,0.00000000
L2R,8169.50000000,0.00000000
L2R,8170.50000000,0.00000000
L2R,8171.50000000,0.00000000
L2R,8172.50000000,0.00000000
L2R,8173.50000000,0.00000000
L2R,8174.50000000,0.00000000
L2R,8175.50000000,0.00000000
L2R,8176.50000000,0.00000000
L2R,8177.50000000,0.00000000
L2R,8178.50000000,0.00000000
L2R,8179.50000000,0.00000000
L2R,8180.50000000,0.00000000
L2R,8181.50000000,0.00000000
L2R,8182.50000000,0.00000000
L2R,8183.50000000,0.00000000
L2R,8184.50000000,0.00000000
L2R,8185.50000000,0.00000000
L2R,8186.50000000,0.00000000
L2R,8187.50000000,0.00000000
L2R,8188.50000000,0.00000000
L2R,8189.50000000,0.00000000
L2R,8190.50000000,0.00000000
L2R,8191.50000000,0.00000000
L2R,8192.50000000,0.00000000
L2R,8193.50000000,0.00000000
L2R,8194.50000000,0.00000000
L2R,8195.50000000,0.00000000
L2R,8196.50000000,0.00000000
L2R,8197.50000000,0.00000000
L2R,8198.50000000,0.00000000
L2R,8199.50000000,0.00000000
L2R,8200.50000000,0.00000000
L2R,8201.50000000,0.00000000
L2R,8202.50000000,0.00000000
L2R,8203.50000000,0.00000000
L2R,8204.50000000,0.00000000
L2R,8205.50000000,0.00000000
L2R,8206.50000000,0.00000000
L2R,8207.50000000,0.00000000
L2R,8208.50000000,0.00000000
L2R,8209.50000000,0.00000000
L2R,8210.50000000,0.00000000
L2R,8211.50000000,0.00000000
L2R,8212.50000000,0.00000000
L2R,8213.50000000,0.00000000
L2R,8214.50000000,0.00000000
L2R,8215.50000000,0.00000000
L2R,8216.50000000,0.00000000
L2R,8217.50000000,0.00000000
L2R,8218.50000000,0.00000000
L2R,8219.50000000,0.00000000
L2R,8220.50000000,0.00000000
L2R,8221.50000000,0.00000000
L2R,8222.50000000,0.00000000
L2R,8223.50000000,0.00000000
L2R,8224.50000000,0.00000000
L2R,8225.50000000,0.00000000
L2R,8226.50000000,0.00000000
L2R,8227.50000000,0.00000000
L2R,8228.50000000,0.00000000
L2R,8229.50000000,0.00000000
L2R,8230.50000000,0.00000000
L2R,8231.50000000,0.00000000
L2R,8232.50000000,0.00000000
L2R,8233.50000000,0.00000000
L2R,8234.50000000,0.00000000
L2R,8235.50000000,0.00000000
L2R,8236.50000000,0.00000000
L2R,8237.50000000,0.00000000
L2R,8238.50000000,0.00000000
L2R,8239.50000000,0.00000000
L2R,8240.50000000,0.00000000
L2R,8241.50000000,0.00000000
L2R,8242.50000000,0.00000000
L2R,8243.50000000,0.00000000
L2R,8244.50000000,0.00000000
L2R,8245.50000000,0.00000000
L2R,8246.50000000,0.00000000
L2R,8247.50000000,0.00000000
L2R,8248.50000000,0.00000000
L2R,8249.50000000,0.00000000
L2R,8250.50000000,0.00000000
L2R,8251.50000000,0.00000000
L2R,8252.50000000,0.00000000
L2R,8253.50000000,0.00000000
L2R,8254.50000000,0.00000000
L2R,8255.50000000,0.00000000
L2R,8256.50000000,0.00000000
L2R,8257.50000000,0.00000000
L2R,8258.50000000,0.00000000
L2R,8259.50000000,0.00000000
L2R,8260.50000000,0.00000000
L2R,8261.50000000,0.00000000
L2R,8262.50000000,0.00000000
L2R,8263.50000000,0.00000000
L2R,8264.50000000,0.00000000
L2R,8265.50000000,0.00000000
L2R,8266.50000000,0.00000000
L2R,8267.50000000,0.00000000
L2R,8268.50000000,0.00000000
L2R,8269.50000000,0.00000000
L2R,8270.50000000,0.00000000
L2R,8271.50000000,0.00000000
L2R,8272.50000000,0.00000000
L2R,8273.50000000,0.00000000
L2R,8274.50000000,0.00000000
L2R,8275.50000000,0.00000000
L2R,8276.50000000,0.00000000
L2R,8277.50000000,0.00000000
L2R,8278.50000000,0.00000000
L2R,8279.50000000,0.00000000
L2R,8280.50000000,0.00000000
L2R,8281.50000000,0.00000000
L2R,8282.50000000,0.00000000
L2R,8283.50000000,0.00000000
L2R,8284.50000000,0.00000000
L2R,8285.50000000,0.00000000
L2R,8286.50000000,0.00000000
L2R,8287.50000000,0.00000000
L2R,8288.50000000,0.00000000
L2R,8289.50000000,0.00000000
L2R,8290.50000000,0.00000000
L2R,8291.50000000,0.00000000
L2R,8292.50000000,0.00000000
L2R,8293.50000000,0.00000000
L2R,8294.50000000,0.00000000
L2R,8295.50000000,0.00000000
L2R,8296.50000000,0.00000000
L2R,8297.50000000,0.00000000
L2R,8298.50000000,0.00000000
L2R,8299.50000000,0.00000000
L2R,8300.50000000,0.00000000
L2R,8301.50000000,0.00000000
L2R,8302.50000000,0.00000000
L2R,8303.50000000,0.00000000
L2R,8304.50000000,0.00000000
L2R,8305.50000000,0.00000000
L2R,8306.50000000,0.00000000
L2R,8307.50000000,0.00000000
L2R,8308.50000000,0.00000000
L2R,8309.50000000,0.00000000
L2R,8310.50000000,0.00000000
L2R,8311.50000000,0.00000000
L2R,8312.50000000,0.00000000
L2R,8313.50000000,0.00000000
L2R,8314.50000000,0.00000000
L2R,8315.50000000,0.00000000
L2R,8316.50000000,0.00000000
L2R,8317.50000000,0.00000000
L2R,8318.50000000,0.00000000
L2R,8319.50000000,0.00000000
L2R,8320.50000000,0.00000000
L2R,8321.50000000,0.00000000
L2R,8322.50000000,0.00000000
L2R,8323.50000000,0.00000000
L2R,8324.50000000,0.00000000
L2R,8325.50000000,0.00000000
L2R,8326.50000000,0.00000000
L2R,8327.50000000,0.00000000
L2R,8328.50000000,0.00000000
L2R,8329.50000000,0.00000000
L2R,8330.50000000,0.00000000
L2R,8331.50000000,0.00000000
L2R,8332.50000000,0.00000000
L2R,8333.50000000,0.00000000
L2R,8334.50000000,0.00000000
L2R,8335.50000000,0.00000000
L2R,8336.50000000,0.00000000
L2R,8337.50000000,0.00000000
L2R,8338.50000000,0.00000000
L2R,8339.50000000,0.00000000
L2R,8340.50000000,0.00000000
L2R,8341.50000000,0.00000000
L2R,8342.50000000,0.00000000
L2R,8343.50000000,0.00000000
L2R,8344.50000000,0.00000000
L2R,8345.50000000,0.00000000
L2R,8346.50000000,0.00000000
L2R,8347.50000000,0.00000000
L2R,8348.50000000,0.00000000
L2R,8349.50000000,0.00000000
L2R,8350.50000000,0.00000000
L2R,8351.50000000,0.00000000
L2R,8352.50000000,0.00000000
L2R,8353.50000000,0.00000000
L2R,8354.50000000,0.00000000
L2R,8355.50000000,0.00000000
L2R,8356.50000000,0.00000000
L2R,8357.50000000,0.00000000
L2R,8358.50000000,0.00000000
L2R,8359.50000000,0.00000000
L2R,8360.50000000,0.00000000
L2R,8361.50000000,0.00000000
L2R,8362.50000000,0.00000000
L2R,8363.50000000,0.00000000
L2R,8364.50000000,0.00000000
L2R,8365.50000000,0.00000000
L2R,8366.50000000,0.00000000
L2R,8367.50000000,0.00000000
L2R,8368.50000000,0.00000000
L2R,8369.50000000,0.00000000
L2R,8370.50000000,0.00000000
L2R,8371.50000000,0.00000000
L2R,8372.50000000,0.00000000
L2R,8373.50000000,0.00000000
L2R,8374.50000000,0.00000000
L2R,8375.50000000,0.00000000
L2R,8376.50000000,0.00000000
L2R,8377.50000000,0.00000000
L2R,8378.50000000,0.00000000
L2R,8379.50000000,0.00000000
L2R,8380.50000000,0.00000000
L2R,8381.50000000,0.00000000
L2R,8382.50000000,0.00000000
L2R,8383.50000000,0.00000000
L2R,8384.50000000,0.00000000
L2R,8385.50000000,0.00000000
L2R,8386.50000000,0.00000000
L2R,8387.50000000,0.00000000
L2R,8388.50000000,0.00000000
L2R,8389.50000000,0.00000000
L2R,8390.50000000,0.00000000
L2R,8391.50000000,0.00000000
L2R,8392.50000000,0.00000000
L2R,8393.50000000,0.00000000
L2R,8394.50000000,0.00000000
L2R,8395.50000000,0.00000000
L2R,8396.50000000,0.00000000
L2R,8397.50000000,0.00000000
L2R,8398.50000000,0.00000000
L2R,8399.50000000,0.00000000
R2L,0.50000000,0.00000000
R2L,1.50000000,0.00000000
R2L,2.50000000,0.00000000
R2L,3.50000000,0.00000000
R2L,4.50000000,0.00000000
R2L,5.50000000,0.00000000
R2L,6.50000000,0.00000000
R2L,7.50000000,0.00000000
R2L,8.50000000,0.00000000
R2L,9.50000000,0.00000000
R2L,10.50000000,0.00000000
R2L,11.50000000,0.00000000
R2L,12.50000000,0.00000000
R2L,13.50000000,0.00000000
R2L,14.50000000,0.00000000
R2L,15.50000000,0.00000000
R2L,16.50000000,0.00000000
R2L,17.50000000,0.00000000
R2L,18.50000000,0.00000000
R2L,19.50000000,0.00000000
R2L,20.50000000,0.00000000
R2L,21.50000000,0.00000000
R2L,22.50000000,0.00000000
R2L,23.50000000,0.00000000
R2L,24.50000000,0.00000000
R2L,25.50000000,0.00000000
R2L,26.50000000,0.00000000
R2L,27.50000000,0.00000000
R2L,28.50000000,0.00000000
R2L,29.50000000,0.00000000
R2L,30.50000000,0.00000000
R2L,31.50000000,0.00000000
R2L,32.50000000,0.00000000
R2L,33.50000000,0.00000000
R2L,34.50000000,0.00000000
R2L,35.50000000,0.00000000
R2L,36.50000000,0.00000000
R2L,37.50000000,36.80664062
R2L,38.50000000,73.67382812
R2L,39.50000000,110.48046875
R2L,40.50000000,147.34765625
R2L,41.50000000,184.15429688
R2L,42.50000000,184.35253906
R2L,43.50000000,176.32128906
R2L,44.50000000,164.27441406
R2L,45.50000000,152.16699219
R2L,46.50000000,140.05957031
R2L,47.50000000,128.02929688
R2L,48.50000000,115.98242188
R2L,49.50000000,103.87500000
R2L,50.50000000,91.76757812
R2L,51.50000000,79.66015625
R2L,52.50000000,67.65234375
R2L,53.50000000,55.58300781
R2L,54.50000000,43.47558594
R2L,55.50000000,31.36816406
R2L,56.50000000,19.32128906
R2L,57.50000000,7.21386719
R2L,58.50000000,0.13769531
R2L,59.50000000,24.51757812
R2L,60.50000000,61.38476562
R2L,61.50000000,98.25195312
R2L,62.50000000,135.05859375
R2L,63.50000000,171.86523438
R2L,64.50000000,192.44433594
R2L,65.50000000,180.39746094
R2L,66.50000000,168.29003906
R2L,67.50000000,156.18261719
R2L,68.50000000,144.07519531
R2L,69.50000000,132.02832031
R2L,70.50000000,119.99804688
R2L,71.50000000,107.92968750
R2L,72.50000000,95.78320312
R2L,73.50000000,83.73632812
R2L,74.50000000,71.62890625
R2L,75.50000000,59.59863281
R2L,76.50000000,51.56738281
R2L,77.50000000,88.43457031
R2L,78.50000000,125.18066406
R2L,79.50000000,162.04785156
R2L,80.50000000,198.91503906
R2L,81.50000000,231.70605469
R2L,82.50000000,235.90332031
R2L,83.50000000,223.85644531
R2L,84.50000000,211.82617188
R2L,85.50000000,199.64160156
R2L,86.50000000,187.49023438
R2L,87.50000000,175.14062500
R2L,88.50000000,162.91210938
R2L,89.50000000,154.63867188
R2L,90.50000000,142.51464844
R2L,91.50000000,130.24218750
R2L,92.50000000,118.01367188
R2L,93.50000000,105.78515625
R2L,94.50000000,93.37500000
R2L,95.50000000,81.19042969
R2L,96.50000000,68.84082031
R2L,97.50000000,56.68945312
R2L,98.50000000,44.46093750
R2L,99.50000000,32.11132812
R2L,100.50000000,23.94238281
R2L,101.50000000,11.83496094
R2L,102.50000000,2.03125000
R2L,103.50000000,24.45703125
R2L,104.50000000,110.23828125
R2L,105.50000000,196.01953125
R2L,106.50000000,281.80078125
R2L,107.50000000,367.58203125
R2L,108.50000000,445.21093750
R2L,109.50000000,457.56054688
R2L,110.50000000,445.51367188
R2L,111.50000000,433.46679688
R2L,112.50000000,421.35937500
R2L,113.50000000,413.32812500
R2L,114.50000000,401.43554688
R2L,115.50000000,389.38867188
R2L,116.50000000,381.41796875
R2L,117.50000000,418.22460938
R2L,118.50000000,455.09179688
R2L,119.50000000,491.95898438
R2L,120.50000000,528.76562500
R2L,121.50000000,565.63281250
R2L,122.50000000,565.81445312
R2L,123.50000000,553.80664062
R2L,124.50000000,541.72070312
R2L,125.50000000,529.55273438
R2L,126.50000000,517.50585938
R2L,127.50000000,505.45898438
R2L,128.50000000,493.42871094
R2L,129.50000000,481.45898438
R2L,130.50000000,469.41210938
R2L,131.50000000,457.36523438
R2L,132.50000000,445.39550781
R2L,133.50000000,433.28808594
R2L,134.50000000,421.24121094
R2L,135.50000000,409.13378906
R2L,136.50000000,397.08691406
R2L,137.50000000,384.91894531
R2L,138.50000000,372.97167969
R2L,139.50000000,360.82519531
R2L,140.50000000,348.77832031
R2L,141.50000000,336.67089844
R2L,142.50000000,324.62402344
R2L,143.50000000,312.51660156
R2L,144.50000000,300.46972656
R2L,145.50000000,288.50000000
R2L,146.50000000,276.53027344
R2L,147.50000000,264.56054688
R2L,148.50000000,252.51367188
R2L,149.50000000,240.34570312
R2L,150.50000000,228.29882812
R2L,151.50000000,216.19140625
R2L,152.50000000,204.14453125
R2L,153.50000000,192.09765625
R2L,154.50000000,180.05078125
R2L,155.50000000,168.00390625
R2L,156.50000000,155.95703125
R2L,157.50000000,143.84960938
R2L,158.50000000,131.80273438
R2L,159.50000000,119.75585938
R2L,160.50000000,107.58789062
R2L,161.50000000,95.55761719
R2L,162.50000000,83.52734375
R2L,163.50000000,71.43652344
R2L,164.50000000,63.36132812
R2L,165.50000000,51.07226562
R2L,166.50000000,38.52441406
R2L,167.50000000,26.09765625
R2L,168.50000000,13.68750000
R2L,169.50000000,7.03515625
R2L,170.50000000,1.24414062
R2L,171.50000000,24.45703125
R2L,172.50000000,57.24804688
R2L,173.50000000,118.57226562
R2L,174.50000000,204.35351562
R2L,175.50000000,290.07421875
R2L,176.50000000,363.62695312
R2L,177.50000000,396.47851562
R2L,178.50000000,433.28515625
R2L,179.50000000,433.50585938
R2L,180.50000000,421.37597656
R2L,181.50000000,409.32910156
R2L,182.50000000,397.28222656
R2L,183.50000000,385.19140625
R2L,184.50000000,373.14453125
R2L,185.50000000,361.09765625
R2L,186.50000000,348.99023438
R2L,187.50000000,336.94335938
R2L,188.50000000,324.77539062
R2L,189.50000000,312.72851562
R2L,190.50000000,300.62109375
R2L,191.50000000,288.59082031
R2L,192.50000000,276.54394531
R2L,193.50000000,264.49707031
R2L,194.50000000,252.46679688
R2L,195.50000000,240.35937500
R2L,196.50000000,228.31250000
R2L,197.50000000,216.26562500
R2L,198.50000000,204.21875000
R2L,199.50000000,192.11132812
R2L,200.50000000,180.06445312
R2L,201.50000000,167.95703125
R2L,202.50000000,155.98730469
R2L,203.50000000,143.94042969
R2L,204.50000000,131.97070312
R2L,205.50000000,119.92382812
R2L,206.50000000,107.81640625
R2L,207.50000000,95.70898438
R2L,208.50000000,83.66210938
R2L,209.50000000,75.69140625
R2L,210.50000000,63.68359375
R2L,211.50000000,51.59765625
R2L,212.50000000,39.56738281
R2L,213.50000000,27.33886719
R2L,214.50000000,15.11035156
R2L,215.50000000,5.68652344
R2L,216.50000000,0.00000000
R2L,217.50000000,0.00000000
R2L,218.50000000,0.00000000
R2L,219.50000000,20.38085938
R2L,220.50000000,53.17187500
R2L,221.50000000,90.03906250
R2L,222.50000000,126.84570312
R2L,223.50000000,163.65234375
R2L,224.50000000,200.45898438
R2L,225.50000000,196.64160156
R2L,226.50000000,184.53417969
R2L,227.50000000,172.42675781
R2L,228.50000000,160.31933594
R2L,229.50000000,148.27246094
R2L,230.50000000,136.24218750
R2L,231.50000000,124.13476562
R2L,232.50000000,112.02734375
R2L,233.50000000,99.98046875
R2L,234.50000000,87.87304688
R2L,235.50000000,75.84277344
R2L,236.50000000,63.73535156
R2L,237.50000000,51.68847656
R2L,238.50000000,43.65722656
R2L,239.50000000,31.61035156
R2L,240.50000000,19.50292969
R2L,241.50000000,7.47265625
R2L,242.50000000,0.00000000
R2L,243.50000000,0.00000000
R2L,244.50000000,0.00000000
R2L,245.50000000,0.00000000
R2L,246.50000000,0.00000000
R2L,247.50000000,0.00000000
R2L,248.50000000,0.00000000
R2L,249.50000000,0.00000000
R2L,250.50000000,0.00000000
R2L,251.50000000,0.00000000
R2L,252.50000000,0.00000000
R2L,253.50000000,0.00000000
R2L,254.50000000,0.00000000
R2L,255.50000000,0.00000000
R2L,256.50000000,0.00000000
R2L,257.50000000,0.00000000
R2L,258.50000000,0.00000000
R2L,259.50000000,0.00000000
R2L,260.50000000,0.00000000
R2L,261.50000000,0.00000000
R2L,262.50000000,0.00000000
R2L,263.50000000,0.00000000
R2L,264.50000000,0.00000000
R2L,265.50000000,0.00000000
R2L,266.50000000,0.00000000
R2L,267.50000000,0.00000000
R2L,268.50000000,0.00000000
R2L,269.50000000,0.00000000
R2L,270.50000000,0.00000000
R2L,271.50000000,0.00000000
R2L,272.50000000,0.00000000
R2L,273.50000000,0.00000000
R2L,274.50000000,0.00000000
R2L,275.50000000,0.00000000
R2L,276.50000000,0.00000000
R2L,277.50000000,0.00000000
R2L,278.50000000,0.00000000
R2L,279.50000000,0.00000000
R2L,280.50000000,0.00000000
R2L,281.50000000,0.00000000
R2L,282.50000000,0.00000000
R2L,283.50000000,0.00000000
R2L,284.50000000,0.00000000
R2L,285.50000000,0.00000000
R2L,286.50000000,0.00000000
R2L,287.50000000,0.00000000
R2L,288.50000000,0.00000000
R2L,289.50000000,0.00000000
R2L,290.50000000,0.00000000
R2L,291.50000000,0.00000000
R2L,292.50000000,0.00000000
R2L,293.50000000,0.00000000
R2L,294.50000000,0.00000000
R2L,295.50000000,0.00000000
R2L,296.50000000,0.00000000
R2L,297.50000000,0.00000000
R2L,298.50000000,0.00000000
R2L,299.50000000,0.00000000
R2L,300.50000000,0.00000000
R2L,301.50000000,0.00000000
R2L,302.50000000,0.00000000
R2L,303.50000000,0.00000000
R2L,304.50000000,0.00000000
R2L,305.50000000,0.00000000
R2L,306.50000000,0.00000000
R2L,307.50000000,0.00000000
R2L,308.50000000,0.00000000
R2L,309.50000000,0.00000000
R2L,310.50000000,0.00000000
R2L,311.50000000,0.00000000
R2L,312.50000000,0.00000000
R2L,313.50000000,0.00000000
R2L,314.50000000,0.00000000
R2L,315.50000000,0.00000000
R2L,316.50000000,0.00000000
R2L,317.50000000,0.00000000
R2L,318.50000000,0.00000000
R2L,319.50000000,0.00000000
R2L,320.50000000,0.00000000
R2L,321.50000000,0.00000000
R2L,322.50000000,0.00000000
R2L,323.50000000,0.00000000
R2L,324.50000000,0.00000000
R2L,325.50000000,0.00000000
R2L,326.50000000,0.00000000
R2L,327.50000000,0.00000000
R2L,328.50000000,0.00000000
R2L,329.50000000,0.00000000
R2L,330.50000000,0.00000000
R2L,331.50000000,0.00000000
R2L,332.50000000,0.00000000
R2L,333.50000000,0.00000000
R2L,334.50000000,0.00000000
R2L,335.50000000,0.00000000
R2L,336.50000000,0.00000000
R2L,337.50000000,0.00000000
R2L,338.50000000,0.00000000
R2L,339.50000000,0.00000000
R2L,340.50000000,0.00000000
R2L,341.50000000,0.00000000
R2L,342.50000000,0.00000000
R2L,343.50000000,0.00000000
R2L,344.50000000,0.00000000
R2L,345.50000000,0.00000000
R2L,346.50000000,0.00000000
R2L,347.50000000,0.00000000
R2L,348.50000000,0.00000000
R2L,349.50000000,0.00000000
R2L,350.50000000,0.00000000
R2L,351.50000000,0.00000000
R2L,352.50000000,0.00000000
R2L,353.50000000,0.00000000
R2L,354.50000000,0.00000000
R2L,355.50000000,0.00000000
R2L,356.50000000,0.00000000
R2L,357.50000000,0.00000000
R2L,358.50000000,0.00000000
R2L,359.50000000,0.00000000
R2L,360.50000000,0.00000000
R2L,361.50000000,0.00000000
R2L,362.50000000,0.00000000
R2L,363.50000000,0.00000000
R2L,364.50000000,0.00000000
R2L,365.50000000,0.00000000
R2L,366.50000000,0.00000000
R2L,367.50000000,0.00000000
R2L,368.50000000,0.00000000
R2L,369.50000000,0.00000000
R2L,370.50000000,0.00000000
R2L,371.50000000,0.00000000
R2L,372.50000000,0.00000000
R2L,373.50000000,0.00000000
R2L,374.50000000,0.00000000
R2L,375.50000000,0.00000000
R2L,376.50000000,0.00000000
R2L,377.50000000,0.00000000
R2L,378.50000000,0.00000000
R2L,379.50000000,0.00000000
R2L,380.50000000,0.00000000
R2L,381.50000000,0.00000000
R2L,382.50000000,0.00000000
R2L,383.50000000,0.00000000
R2L,384.50000000,0.00000000
R2L,385.50000000,0.00000000
R2L,386.50000000,0.00000000
R2L,387.50000000,0.00000000
R2L,388.50000000,0.00000000
R2L,389.50000000,0.00000000
R2L,390.50000000,0.00000000
R2L,391.50000000,0.00000000
R2L,392.50000000,0.00000000
R2L,393.50000000,0.00000000
R2L,394.50000000,0.00000000
R2L,395.50000000,0.00000000
R2L,396.50000000,0.00000000
R2L,397.50000000,0.00000000
R2L,398.50000000,0.00000000
R2L,399.50000000,0.00000000
R2L,400.50000000,0.00000000
R2L,401.50000000,0.00000000
R2L,402.50000000,0.00000000
R2L,403.50000000,0.00000000
R2L,404.50000000,0.00000000
R2L,405.50000000,0.00000000
R2L,406.50000000,0.00000000
R2L,407.50000000,0.00000000
R2L,408.50000000,0.00000000
R2L,409.50000000,0.00000000
R2L,410.50000000,0.00000000
R2L,411.50000000,0.00000000
R2L,412.50000000,0.00000000
R2L,413.50000000,0.00000000
R2L,414.50000000,0.00000000
R2L,415.50000000,0.00000000
R2L,416.50000000,0.00000000
R2L,417.50000000,0.00000000
R2L,418.50000000,0.00000000
R2L,419.50000000,0.00000000
R2L,420.50000000,0.00000000
R2L,421.50000000,0.00000000
R2L,422.50000000,0.00000000
R2L,423.50000000,0.00000000
R2L,424.50000000,0.00000000
R2L,425.50000000,0.00000000
R2L,426.50000000,0.00000000
R2L,427.50000000,0.00000000
R2L,428.50000000,0.00000000
R2L,429.50000000,0.00000000
R2L,430.50000000,0.00000000
R2L,431.50000000,0.00000000
R2L,432.50000000,0.00000000
R2L,433.50000000,0.00000000
R2L,434.50000000,0.00000000
R2L,435.50000000,0.00000000
R2L,436.50000000,0.00000000
R2L,437.50000000,0.00000000
R2L,438.50000000,0.00000000
R2L,439.50000000,0.00000000
R2L,440.50000000,0.00000000
R2L,441.50000000,0.00000000
R2L,442.50000000,0.00000000
R2L,443.50000000,0.00000000
R2L,444.50000000,0.00000000
R2L,445.50000000,0.00000000
R2L,446.50000000,0.00000000
R2L,447.50000000,0.00000000
R2L,448.50000000,0.00000000
R2L,449.50000000,0.00000000
R2L,450.50000000,0.00000000
R2L,451.50000000,0.00000000
R2L,452.50000000,0.00000000
R2L,453.50000000,0.00000000
R2L,454.50000000,0.00000000
R2L,455.50000000,0.00000000
R2L,456.50000000,0.00000000
R2L,457.50000000,0.00000000
R2L,458.50000000,0.00000000
R2L,459.50000000,0.00000000
R2L,460.50000000,0.00000000
R2L,461.50000000,0.00000000
R2L,462.50000000,0.00000000
R2L,463.50000000,0.00000000
R2L,464.50000000,0.00000000
R2L,465.50000000,0.00000000
R2L,466.50000000,0.00000000
R2L,467.50000000,0.00000000
R2L,468.50000000,0.00000000
R2L,469.50000000,0.00000000
R2L,470.50000000,0.00000000
R2L,471.50000000,0.00000000
R2L,472.50000000,0.00000000
R2L,473.50000000,0.00000000
R2L,474.50000000,0.00000000
R2L,475.50000000,0.00000000
R2L,476.50000000,0.00000000
R2L,477.50000000,0.00000000
R2L,478.50000000,0.00000000
R2L,479.50000000,0.00000000
R2L,480.50000000,0.00000000
R2L,481.50000000,0.00000000
R2L,482.50000000,0.00000000
R2L,483.50000000,0.00000000
R2L,484.50000000,0.00000000
R2L,485.50000000,0.00000000
R2L,486.50000000,0.00000000
R2L,487.50000000,0.00000000
R2L,488.50000000,0.00000000
R2L,489.50000000,0.00000000
R2L,490.50000000,0.00000000
R2L,491.50000000,0.00000000
R2L,492.50000000,0.00000000
R2L,493.50000000,0.00000000
R2L,494.50000000,0.00000000
R2L,495.50000000,0.00000000
R2L,496.50000000,0.00000000
R2L,497.50000000,0.00000000
R2L,498.50000000,0.00000000
R2L,499.50000000,0.00000000
R2L,500.50000000,0.00000000
R2L,501.50000000,0.00000000
R2L,502.50000000,0.00000000
R2L,503.50000000,0.00000000
R2L,504.50000000,0.00000000
R2L,505.50000000,0.00000000
R2L,506.50000000,0.00000000
R2L,507.50000000,0.00000000
R2L,508.50000000,0.00000000
R2L,509.50000000,0.00000000
R2L,510.50000000,0.00000000
R2L,511.50000000,0.00000000
R2L,512.50000000,0.00000000
R2L,513.50000000,0.00000000
R2L,514.50000000,0.00000000
R2L,515.50000000,0.00000000
R2L,516.50000000,0.00000000
R2L,517.50000000,0.00000000
R2L,518.50000000,0.00000000
R2L,519.50000000,0.00000000
R2L,520.50000000,0.00000000
R2L,521.50000000,0.00000000
R2L,522.50000000,0.00000000
R2L,523.50000000,0.00000000
R2L,524.50000000,0.00000000
R2L,525.50000000,0.00000000
R2L,526.50000000,0.00000000
R2L,527.50000000,0.00000000
R2L,528.50000000,0.00000000
R2L,529.50000000,0.00000000
R2L,530.50000000,0.00000000
R2L,531.50000000,0.00000000
R2L,532.50000000,0.00000000
R2L,533.50000000,0.00000000
R2L,534.50000000,0.00000000
R2L,535.50000000,0.00000000
R2L,536.50000000,0.00000000
R2L,537.50000000,0.00000000
R2L,538.50000000,0.00000000
R2L,539.50000000,0.00000000
R2L,540.50000000,0.00000000
R2L,541.50000000,0.00000000
R2L,542.50000000,0.00000000
R2L,543.50000000,0.00000000
R2L,544.50000000,0.00000000
R2L,545.50000000,0.00000000
R2L,546.50000000,0.00000000
R2L,547.50000000,0.00000000
R2L,548.50000000,0.00000000
R2L,549.50000000,0.00000000
R2L,550.50000000,0.00000000
R2L,551.50000000,0.00000000
R2L,552.50000000,0.00000000
R2L,553.50000000,0.00000000
R2L,554.50000000,0.00000000
R2L,555.50000000,0.00000000
R2L,556.50000000,0.00000000
R2L,557.50000000,0.00000000
R2L,558.50000000,0.00000000
R2L,559.50000000,0.00000000
R2L,560.50000000,0.00000000
R2L,561.50000000,0.00000000
R2L,562.50000000,0.00000000
R2L,563.50000000,0.00000000
R2L,564.50000000,0.00000000
R2L,565.50000000,0.00000000
R2L,566.50000000,0.00000000
R2L,567.50000000,0.00000000
R2L,568.50000000,0.00000000
R2L,569.50000000,0.00000000
R2L,570.50000000,0.00000000
R2L,571.50000000,0.00000000
R2L,572.50000000,0.00000000
R2L,573.50000000,0.00000000
R2L,574.50000000,0.00000000
R2L,575.50000000,0.00000000
R2L,576.50000000,0.00000000
R2L,577.50000000,0.00000000
R2L,578.50000000,0.00000000
R2L,579.50000000,0.00000000
R2L,580.50000000,0.00000000
R2L,581.50000000,0.00000000
R2L,582.50000000,0.00000000
R2L,583.50000000,0.00000000
R2L,584.50000000,0.00000000
R2L,585.50000000,0.00000000
R2L,586.50000000,0.00000000
R2L,587.50000000,0.00000000
R2L,588.50000000,0.00000000
R2L,589.50000000,0.00000000
R2L,590.50000000,0.00000000
R2L,591.50000000,0.00000000
R2L,592.50000000,0.00000000
R2L,593.50000000,0.00000000
R2L,594.50000000,0.00000000
R2L,595.50000000,0.00000000
R2L,596.50000000,0.00000000
R2L,597.50000000,0.00000000
R2L,598.50000000,0.00000000
R2L,599.50000000,0.00000000
R2L,600.50000000,0.00000000
R2L,601.50000000,0.00000000
R2L,602.50000000,0.00000000
R2L,603.50000000,0.00000000
R2L,604.50000000,0.00000000
R2L,605.50000000,0.00000000
R2L,606.50000000,0.00000000
R2L,607.50000000,0.00000000
R2L,608.50000000,0.00000000
R2L,609.50000000,0.00000000
R2L,610.50000000,0.00000000
R2L,611.50000000,0.00000000
R2L,612.50000000,0.00000000
R2L,613.50000000,0.00000000
R2L,614.50000000,0.00000000
R2L,615.50000000,0.00000000
R2L,616.50000000,0.00000000
R2L,617.50000000,0.00000000
R2L,618.50000000,0.00000000
R2L,619.50000000,0.00000000
R2L,620.50000000,0.00000000
R2L,621.50000000,0.00000000
R2L,622.50000000,0.00000000
R2L,623.50000000,0.00000000
R2L,624.50000000,0.00000000
R2L,625.50000000,0.00000000
R2L,626.50000000,0.00000000
R2L,627.50000000,0.00000000
R2L,628.50000000,36.80664062
R2L,629.50000000,69.59765625
R2L,630.50000000,110.48046875
R2L,631.50000000,147.34765625
R2L,632.50000000,184.09375000
R2L,633.50000000,188.42871094
R2L,634.50000000,176.32128906
R2L,635.50000000,164.27441406
R2L,636.50000000,152.16699219
R2L,637.50000000,140.05957031
R2L,638.50000000,128.02929688
R2L,639.50000000,115.98242188
R2L,640.50000000,103.87500000
R2L,641.50000000,91.76757812
R2L,642.50000000,79.66015625
R2L,643.50000000,67.61328125
R2L,644.50000000,55.58300781
R2L,645.50000000,43.41503906
R2L,646.50000000,31.30761719
R2L,647.50000000,19.26074219
R2L,648.50000000,7.15332031
R2L,649.50000000,0.31933594
R2L,650.50000000,0.00000000
R2L,651.50000000,0.00000000
R2L,652.50000000,0.00000000
R2L,653.50000000,0.00000000
R2L,654.50000000,0.00000000
R2L,655.50000000,0.00000000
R2L,656.50000000,0.00000000
R2L,657.50000000,0.00000000
R2L,658.50000000,0.00000000
R2L,659.50000000,0.00000000
R2L,660.50000000,0.00000000
R2L,661.50000000,0.00000000
R2L,662.50000000,0.00000000
R2L,663.50000000,0.00000000
R2L,664.50000000,0.00000000
R2L,665.50000000,0.00000000
R2L,666.50000000,0.00000000
R2L,667.50000000,0.00000000
R2L,668.50000000,0.00000000
R2L,669.50000000,0.00000000
R2L,670.50000000,0.00000000
R2L,671.50000000,0.00000000
R2L,672.50000000,0.00000000
R2L,673.50000000,4.07617188
R2L,674.50000000,40.88281250
R2L,675.50000000,73.67382812
R2L,676.50000000,110.48046875
R2L,677.50000000,147.34765625
R2L,678.50000000,184.15429688
R2L,679.50000000,184.35253906
R2L,680.50000000,172.24511719
R2L,681.50000000,160.13769531
R2L,682.50000000,148.09082031
R2L,683.50000000,135.98339844
R2L,684.50000000,123.95312500
R2L,685.50000000,115.98242188
R2L,686.50000000,124.25585938
R2L,687.50000000,157.04687500
R2L,688.50000000,193.85351562
R2L,689.50000000,230.72070312
R2L,690.50000000,267.58789062
R2L,691.50000000,304.39453125
R2L,692.50000000,292.34765625
R2L,693.50000000,280.37792969
R2L,694.50000000,268.20996094
R2L,695.50000000,256.16308594
R2L,696.50000000,244.17187500
R2L,697.50000000,232.08593750
R2L,698.50000000,220.03906250
R2L,699.50000000,211.94726562
R2L,700.50000000,248.81445312
R2L,701.50000000,285.68164062
R2L,702.50000000,318.47265625
R2L,703.50000000,355.33984375
R2L,704.50000000,392.02539062
R2L,705.50000000,396.28320312
R2L,706.50000000,384.23632812
R2L,707.50000000,372.20605469
R2L,708.50000000,360.09863281
R2L,709.50000000,347.97460938
R2L,710.50000000,335.82324219
R2L,711.50000000,323.71582031
R2L,712.50000000,311.62500000
R2L,713.50000000,299.51757812
R2L,714.50000000,287.28906250
R2L,715.50000000,275.06054688
R2L,716.50000000,267.02929688
R2L,717.50000000,254.86132812
R2L,718.50000000,242.75390625
R2L,719.50000000,230.62988281
R2L,720.50000000,218.52246094
R2L,721.50000000,206.37109375
R2L,722.50000000,194.14257812
R2L,723.50000000,181.99121094
R2L,724.50000000,169.88378906
R2L,725.50000000,157.71582031
R2L,726.50000000,145.48730469
R2L,727.50000000,133.37988281
R2L,728.50000000,121.21191406
R2L,729.50000000,109.10449219
R2L,730.50000000,96.79882812
R2L,731.50000000,84.69140625
R2L,732.50000000,76.61621094
R2L,733.50000000,64.28320312
R2L,734.50000000,51.87304688
R2L,735.50000000,39.26464844
R2L,736.50000000,26.71679688
R2L,737.50000000,14.36718750
R2L,738.50000000,6.15429688
R2L,739.50000000,0.62207031
R2L,740.50000000,41.32324219
R2L,741.50000000,73.87207031
R2L,742.50000000,110.60156250
R2L,743.50000000,143.21093750
R2L,744.50000000,180.01757812
R2L,745.50000000,188.42871094
R2L,746.50000000,176.38183594
R2L,747.50000000,164.27441406
R2L,748.50000000,152.10644531
R2L,749.50000000,139.99902344
R2L,750.50000000,127.95214844
R2L,751.50000000,115.92187500
R2L,752.50000000,103.81445312
R2L,753.50000000,91.70703125
R2L,754.50000000,79.66015625
R2L,755.50000000,67.55273438
R2L,756.50000000,55.52246094
R2L,757.50000000,43.41503906
R2L,758.50000000,31.30761719
R2L,759.50000000,19.26074219
R2L,760.50000000,7.15332031
R2L,761.50000000,0.92480469
R2L,762.50000000,0.00000000
R2L,763.50000000,0.00000000
R2L,764.50000000,0.00000000
R2L,765.50000000,36.80664062
R2L,766.50000000,69.59765625
R2L,767.50000000,106.40429688
R2L,768.50000000,147.34765625
R2L,769.50000000,184.09375000
R2L,770.50000000,204.73339844
R2L,771.50000000,192.62597656
R2L,772.50000000,180.57910156
R2L,773.50000000,213.34863281
R2L,774.50000000,250.17675781
R2L,775.50000000,286.98339844
R2L,776.50000000,323.79003906
R2L,777.50000000,360.79492188
R2L,778.50000000,389.44921875
R2L,779.50000000,426.31640625
R2L,780.50000000,463.18359375
R2L,781.50000000,500.05078125
R2L,782.50000000,536.85742188
R2L,783.50000000,569.64843750
R2L,784.50000000,557.60156250
R2L,785.50000000,545.63183594
R2L,786.50000000,533.58496094
R2L,787.50000000,521.47753906
R2L,788.50000000,509.46972656
R2L,789.50000000,497.38378906
R2L,790.50000000,485.21582031
R2L,791.50000000,473.10839844
R2L,792.50000000,461.00097656
R2L,793.50000000,448.95410156
R2L,794.50000000,436.98437500
R2L,795.50000000,424.95410156
R2L,796.50000000,412.90722656
R2L,797.50000000,400.79980469
R2L,798.50000000,388.75292969
R2L,799.50000000,376.70605469
R2L,800.50000000,364.59863281
R2L,801.50000000,352.62890625
R2L,802.50000000,340.52148438
R2L,803.50000000,328.41406250
R2L,804.50000000,316.30664062
R2L,805.50000000,304.25976562
R2L,806.50000000,292.21289062
R2L,807.50000000,280.16601562
R2L,808.50000000,268.11914062
R2L,809.50000000,256.02832031
R2L,810.50000000,243.98144531
R2L,811.50000000,231.93457031
R2L,812.50000000,219.96484375
R2L,813.50000000,207.85742188
R2L,814.50000000,195.75000000
R2L,815.50000000,183.70312500
R2L,816.50000000,171.65625000
R2L,817.50000000,163.71875000
R2L,818.50000000,151.59472656
R2L,819.50000000,139.52636719
R2L,820.50000000,127.31933594
R2L,821.50000000,115.21191406
R2L,822.50000000,103.12109375
R2L,823.50000000,90.77148438
R2L,824.50000000,78.60351562
R2L,825.50000000,66.49609375
R2L,826.50000000,54.32812500
R2L,827.50000000,42.22070312
R2L,828.50000000,29.85449219
R2L,829.50000000,17.52148438
R2L,830.50000000,9.30859375
R2L,831.50000000,3.63867188
R2L,832.50000000,24.51757812
R2L,833.50000000,110.23828125
R2L,834.50000000,191.94335938
R2L,835.50000000,277.66406250
R2L,836.50000000,363.50585938
R2L,837.50000000,449.22656250
R2L,838.50000000,445.33203125
R2L,839.50000000,433.28515625
R2L,840.50000000,421.23828125
R2L,841.50000000,409.13085938
R2L,842.50000000,397.02343750
R2L,843.50000000,385.13085938
R2L,844.50000000,373.12304688
R2L,845.50000000,361.03710938
R2L,846.50000000,348.92968750
R2L,847.50000000,336.88281250
R2L,848.50000000,324.77539062
R2L,849.50000000,312.72851562
R2L,850.50000000,300.68164062
R2L,851.50000000,288.57421875
R2L,852.50000000,276.52734375
R2L,853.50000000,264.35937500
R2L,854.50000000,252.46679688
R2L,855.50000000,240.41992188
R2L,856.50000000,228.31250000
R2L,857.50000000,216.26562500
R2L,858.50000000,204.15820312
R2L,859.50000000,192.11132812
R2L,860.50000000,180.06445312
R2L,861.50000000,168.01757812
R2L,862.50000000,155.91015625
R2L,863.50000000,143.86328125
R2L,864.50000000,131.83300781
R2L,865.50000000,119.86328125
R2L,866.50000000,107.81640625
R2L,867.50000000,95.70898438
R2L,868.50000000,83.66210938
R2L,869.50000000,71.55468750
R2L,870.50000000,59.50781250
R2L,871.50000000,47.46093750
R2L,872.50000000,35.35351562
R2L,873.50000000,23.30664062
R2L,874.50000000,11.19921875
R2L,875.50000000,5.24609375
R2L,876.50000000,0.00000000
R2L,877.50000000,0.00000000
R2L,878.50000000,0.00000000
R2L,879.50000000,36.68554688
R2L,880.50000000,118.39062500
R2L,881.50000000,204.17187500
R2L,882.50000000,289.95312500
R2L,883.50000000,375.73437500
R2L,884.50000000,457.43945312
R2L,885.50000000,473.86523438
R2L,886.50000000,461.81835938
R2L,887.50000000,449.71093750
R2L,888.50000000,437.66406250
R2L,889.50000000,425.61718750
R2L,890.50000000,413.66406250
R2L,891.50000000,401.61718750
R2L,892.50000000,389.50976562
R2L,893.50000000,377.46289062
R2L,894.50000000,365.49414062
R2L,895.50000000,353.30859375
R2L,896.50000000,341.26171875
R2L,897.50000000,329.21484375
R2L,898.50000000,321.18359375
R2L,899.50000000,309.13671875
R2L,900.50000000,297.16699219
R2L,901.50000000,285.13671875
R2L,902.50000000,273.08984375
R2L,903.50000000,260.98242188
R2L,904.50000000,248.93554688
R2L,905.50000000,236.88867188
R2L,906.50000000,224.78125000
R2L,907.50000000,212.73437500
R2L,908.50000000,200.68750000
R2L,909.50000000,188.58007812
R2L,910.50000000,176.53320312
R2L,911.50000000,164.58007812
R2L,912.50000000,152.53320312
R2L,913.50000000,140.48632812
R2L,914.50000000,128.37890625
R2L,915.50000000,116.33203125
R2L,916.50000000,104.28515625
R2L,917.50000000,92.17773438
R2L,918.50000000,80.13085938
R2L,919.50000000,68.02343750
R2L,920.50000000,55.97656250
R2L,921.50000000,43.92968750
R2L,922.50000000,31.91601562
R2L,923.50000000,19.86914062
R2L,924.50000000,7.76171875
R2L,925.50000000,3.04980469
R2L,926.50000000,0.00000000
R2L,927.50000000,0.00000000
R2L,928.50000000,0.00000000
R2L,929.50000000,0.00000000
R2L,930.50000000,0.00000000
R2L,931.50000000,0.00000000
R2L,932.50000000,0.00000000
R2L,933.50000000,0.00000000
R2L,934.50000000,0.00000000
R2L,935.50000000,0.00000000
R2L,936.50000000,0.00000000
R2L,937.50000000,0.00000000
R2L,938.50000000,0.00000000
R2L,939.50000000,0.00000000
R2L,940.50000000,0.00000000
R2L,941.50000000,0.00000000
R2L,942.50000000,0.00000000
R2L,943.50000000,0.00000000
R2L,944.50000000,0.00000000
R2L,945.50000000,0.00000000
R2L,946.50000000,0.00000000
R2L,947.50000000,0.00000000
R2L,948.50000000,0.00000000
R2L,949.50000000,0.00000000
R2L,950.50000000,0.00000000
R2L,951.50000000,0.00000000
R2L,952.50000000,0.00000000
R2L,953.50000000,0.00000000
R2L,954.50000000,0.00000000
R2L,955.50000000,0.00000000
R2L,956.50000000,0.00000000
R2L,957.50000000,0.00000000
R2L,958.50000000,0.00000000
R2L,959.50000000,0.00000000
R2L,960.50000000,0.00000000
R2L,961.50000000,0.00000000
R2L,962.50000000,0.00000000
R2L,963.50000000,0.00000000
R2L,964.50000000,0.00000000
R2L,965.50000000,0.00000000
R2L,966.50000000,0.00000000
R2L,967.50000000,0.00000000
R2L,968.50000000,0.00000000
R2L,969.50000000,0.00000000
R2L,970.50000000,0.00000000
R2L,971.50000000,0.00000000
R2L,972.50000000,0.00000000
R2L,973.50000000,0.00000000
R2L,974.50000000,0.00000000
R2L,975.50000000,0.00000000
R2L,976.50000000,0.00000000
R2L,977.50000000,0.00000000
R2L,978.50000000,0.00000000
R2L,979.50000000,0.00000000
R2L,980.50000000,0.00000000
R2L,981.50000000,0.00000000
R2L,982.50000000,0.00000000
R2L,983.50000000,0.00000000
R2L,984.50000000,0.00000000
R2L,985.50000000,0.00000000
R2L,986.50000000,0.00000000
R2L,987.50000000,0.00000000
R2L,988.50000000,0.00000000
R2L,989.50000000,0.00000000
R2L,990.50000000,0.00000000
R2L,991.50000000,0.00000000
R2L,992.50000000,0.00000000
R2L,993.50000000,0.00000000
R2L,994.50000000,0.00000000
R2L,995.50000000,0.00000000
R2L,996.50000000,0.00000000
R2L,997.50000000,0.00000000
R2L,998.50000000,0.00000000
R2L,999.50000000,0.00000000
R2L,1000.50000000,0.00000000
R2L,1001.50000000,0.00000000
R2L,1002.50000000,0.00000000
R2L,1003.50000000,0.00000000
R2L,1004.50000000,0.00000000
R2L,1005.50000000,0.00000000
R2L,1006.50000000,0.00000000
R2L,1007.50000000,0.00000000
R2L,1008.50000000,0.00000000
R2L,1009.50000000,0.00000000
R2L,1010.50000000,0.00000000
R2L,1011.50000000,0.00000000
R2L,1012.50000000,0.00000000
R2L,1013.50000000,0.00000000
R2L,1014.50000000,0.00000000
R2L,1015.50000000,0.00000000
R2L,1016.50000000,0.00000000
R2L,1017.50000000,0.00000000
R2L,1018.50000000,0.00000000
R2L,1019.50000000,0.00000000
R2L,1020.50000000,0.00000000
R2L,1021.50000000,0.00000000
R2L,1022.50000000,0.00000000
R2L,1023.50000000,0.00000000
R2L,1024.50000000,0.00000000
R2L,1025.50000000,0.00000000
R2L,1026.50000000,0.00000000
R2L,1027.50000000,0.00000000
R2L,1028.50000000,0.00000000
R2L,1029.50000000,0.00000000
R2L,1030.50000000,0.00000000
R2L,1031.50000000,0.00000000
R2L,1032.50000000,0.00000000
R2L,1033.50000000,0.00000000
R2L,1034.50000000,0.00000000
R2L,1035.50000000,0.00000000
R2L,1036.50000000,0.00000000
R2L,1037.50000000,0.00000000
R2L,1038.50000000,0.00000000
R2L,1039.50000000,0.00000000
R2L,1040.50000000,0.00000000
R2L,1041.50000000,0.00000000
R2L,1042.50000000,0.00000000
R2L,1043.50000000,0.00000000
R2L,1044.50000000,0.00000000
R2L,1045.50000000,0.00000000
R2L,1046.50000000,0.00000000
R2L,1047.50000000,0.00000000
R2L,1048.50000000,0.00000000
R2L,1049.50000000,0.00000000
R2L,1050.50000000,0.00000000
R2L,1051.50000000,0.00000000
R2L,1052.50000000,0.00000000
R2L,1053.50000000,0.00000000
R2L,1054.50000000,0.00000000
R2L,1055.50000000,0.00000000
R2L,1056.50000000,0.00000000
R2L,1057.50000000,0.00000000
R2L,1058.50000000,0.00000000
R2L,1059.50000000,0.00000000
R2L,1060.50000000,0.00000000
R2L,1061.50000000,0.00000000
R2L,1062.50000000,0.00000000
R2L,1063.50000000,0.00000000
R2L,1064.50000000,0.00000000
R2L,1065.50000000,0.00000000
R2L,1066.50000000,0.00000000
R2L,1067.50000000,0.00000000
R2L,1068.50000000,0.00000000
R2L,1069.50000000,0.00000000
R2L,1070.50000000,0.00000000
R2L,1071.50000000,0.00000000
R2L,1072.50000000,0.00000000
R2L,1073.50000000,0.00000000
R2L,1074.50000000,0.00000000
R2L,1075.50000000,0.00000000
R2L,1076.50000000,0.00000000
R2L,1077.50000000,0.00000000
R2L,1078.50000000,0.00000000
R2L,1079.50000000,0.00000000
R2L,1080.50000000,0.00000000
R2L,1081.50000000,0.00000000
R2L,1082.50000000,0.00000000
R2L,1083.50000000,0.00000000
R2L,1084.50000000,0.00000000
R2L,1085.50000000,0.00000000
R2L,1086.50000000,0.00000000
R2L,1087.50000000,0.00000000
R2L,1088.50000000,0.00000000
R2L,1089.50000000,0.00000000
R2L,1090.50000000,0.00000000
R2L,1091.50000000,0.00000000
R2L,1092.50000000,0.00000000
R2L,1093.50000000,0.00000000
R2L,1094.50000000,0.00000000
R2L,1095.50000000,0.00000000
R2L,1096.50000000,0.00000000
R2L,1097.50000000,0.00000000
R2L,1098.50000000,0.00000000
R2L,1099.50000000,0.00000000
R2L,1100.50000000,0.00000000
R2L,1101.50000000,0.00000000
R2L,1102.50000000,0.00000000
R2L,1103.50000000,0.00000000
R2L,1104.50000000,0.00000000
R2L,1105.50000000,0.00000000
R2L,1106.50000000,0.00000000
R2L,1107.50000000,0.00000000
R2L,1108.50000000,0.00000000
R2L,1109.50000000,0.00000000
R2L,1110.50000000,0.00000000
R2L,1111.50000000,0.00000000
R2L,1112.50000000,0.00000000
R2L,1113.50000000,0.00000000
R2L,1114.50000000,0.00000000
R2L,1115.50000000,0.00000000
R2L,1116.50000000,0.00000000
R2L,1117.50000000,0.00000000
R2L,1118.50000000,0.00000000
R2L,1119.50000000,0.00000000
R2L,1120.50000000,0.00000000
R2L,1121.50000000,0.00000000
R2L,1122.50000000,0.00000000
R2L,1123.50000000,0.00000000
R2L,1124.50000000,0.00000000
R2L,1125.50000000,0.00000000
R2L,1126.50000000,0.00000000
R2L,1127.50000000,0.00000000
R2L,1128.50000000,0.00000000
R2L,1129.50000000,0.00000000
R2L,1130.50000000,0.00000000
R2L,1131.50000000,0.00000000
R2L,1132.50000000,0.00000000
R2L,1133.50000000,0.00000000
R2L,1134.50000000,0.00000000
R2L,1135.50000000,0.00000000
R2L,1136.50000000,0.00000000
R2L,1137.50000000,0.00000000
R2L,1138.50000000,0.00000000
R2L,1139.50000000,0.00000000
R2L,1140.50000000,0.00000000
R2L,1141.50000000,0.00000000
R2L,1142.50000000,0.00000000
R2L,1143.50000000,0.00000000
R2L,1144.50000000,0.00000000
R2L,1145.50000000,0.00000000
R2L,1146.50000000,0.00000000
R2L,1147.50000000,0.00000000
R2L,1148.50000000,0.00000000
R2L,1149.50000000,0.00000000
R2L,1150.50000000,0.00000000
R2L,1151.50000000,0.00000000
R2L,1152.50000000,0.00000000
R2L,1153.50000000,0.00000000
R2L,1154.50000000,0.00000000
R2L,1155.50000000,0.00000000
R2L,1156.50000000,0.00000000
R2L,1157.50000000,0.00000000
R2L,1158.50000000,0.00000000
R2L,1159.50000000,0.00000000
R2L,1160.50000000,0.00000000
R2L,1161.50000000,0.00000000
R2L,1162.50000000,0.00000000
R2L,1163.50000000,0.00000000
R2L,1164.50000000,0.00000000
R2L,1165.50000000,0.00000000
R2L,1166.50000000,0.00000000
R2L,1167.50000000,0.00000000
R2L,1168.50000000,0.00000000
R2L,1169.50000000,0.00000000
R2L,1170.50000000,0.00000000
R2L,1171.50000000,0.00000000
R2L,1172.50000000,0.00000000
R2L,1173.50000000,0.00000000
R2L,1174.50000000,0.00000000
R2L,1175.50000000,0.00000000
R2L,1176.50000000,0.00000000
R2L,1177.50000000,0.00000000
R2L,1178.50000000,0.00000000
R2L,1179.50000000,0.00000000
R2L,1180.50000000,0.00000000
R2L,1181.50000000,0.00000000
R2L,1182.50000000,0.00000000
R2L,1183.50000000,0.00000000
R2L,1184.50000000,0.00000000
R2L,1185.50000000,0.00000000
R2L,1186.50000000,0.00000000
R2L,1187.50000000,0.00000000
R2L,1188.50000000,0.00000000
R2L,1189.50000000,0.00000000
R2L,1190.50000000,0.00000000
R2L,1191.50000000,0.00000000
R2L,1192.50000000,0.00000000
R2L,1193.50000000,0.00000000
R2L,1194.50000000,0.00000000
R2L,1195.50000000,0.00000000
R2L,1196.50000000,0.00000000
R2L,1197.50000000,0.00000000
R2L,1198.50000000,0.00000000
R2L,1199.50000000,0.00000000
R2L,1200.50000000,0.00000000
R2L,1201.50000000,0.00000000
R2L,1202.50000000,0.00000000
R2L,1203.50000000,0.00000000
R2L,1204.50000000,0.00000000
R2L,1205.50000000,0.00000000
R2L,1206.50000000,0.00000000
R2L,1207.50000000,0.00000000
R2L,1208.50000000,0.00000000
R2L,1209.50000000,0.00000000
R2L,1210.50000000,0.00000000
R2L,1211.50000000,0.00000000
R2L,1212.50000000,0.00000000
R2L,1213.50000000,0.00000000
R2L,1214.50000000,0.00000000
R2L,1215.50000000,0.00000000
R2L,1216.50000000,0.00000000
R2L,1217.50000000,0.00000000
R2L,1218.50000000,0.00000000
R2L,1219.50000000,0.00000000
R2L,1220.50000000,0.00000000
R2L,1221.50000000,0.00000000
R2L,1222.50000000,0.00000000
R2L,1223.50000000,0.00000000
R2L,1224.50000000,0.00000000
R2L,1225.50000000,0.00000000
R2L,1226.50000000,0.00000000
R2L,1227.50000000,0.00000000
R2L,1228.50000000,0.00000000
R2L,1229.50000000,0.00000000
R2L,1230.50000000,0.00000000
R2L,1231.50000000,0.00000000
R2L,1232.50000000,0.00000000
R2L,1233.50000000,0.00000000
R2L,1234.50000000,0.00000000
R2L,1235.50000000,0.00000000
R2L,1236.50000000,0.00000000
R2L,1237.50000000,0.00000000
R2L,1238.50000000,0.00000000
R2L,1239.50000000,0.00000000
R2L,1240.50000000,0.00000000
R2L,1241.50000000,0.00000000
R2L,1242.50000000,0.00000000
R2L,1243.50000000,0.00000000
R2L,1244.50000000,0.00000000
R2L,1245.50000000,0.00000000
R2L,1246.50000000,0.00000000
R2L,1247.50000000,0.00000000
R2L,1248.50000000,0.00000000
R2L,1249.50000000,0.00000000
R2L,1250.50000000,0.00000000
R2L,1251.50000000,0.00000000
R2L,1252.50000000,0.00000000
R2L,1253.50000000,0.00000000
R2L,1254.50000000,0.00000000
R2L,1255.50000000,0.00000000
R2L,1256.50000000,0.00000000
R2L,1257.50000000,0.00000000
R2L,1258.50000000,0.00000000
R2L,1259.50000000,0.00000000
R2L,1260.50000000,0.00000000
R2L,1261.50000000,0.00000000
R2L,1262.50000000,0.00000000
R2L,1263.50000000,0.00000000
R2L,1264.50000000,0.00000000
R2L,1265.50000000,0.00000000
R2L,1266.50000000,0.00000000
R2L,1267.50000000,0.00000000
R2L,1268.50000000,0.00000000
R2L,1269.50000000,0.00000000
R2L,1270.50000000,0.00000000
R2L,1271.50000000,0.00000000
R2L,1272.50000000,0.00000000
R2L,1273.50000000,0.00000000
R2L,1274.50000000,0.00000000
R2L,1275.50000000,0.00000000
R2L,1276.50000000,0.00000000
R2L,1277.50000000,0.00000000
R2L,1278.50000000,0.00000000
R2L,1279.50000000,0.00000000
R2L,1280.50000000,0.00000000
R2L,1281.50000000,0.00000000
R2L,1282.50000000,0.00000000
R2L,1283.50000000,0.00000000
R2L,1284.50000000,0.00000000
R2L,1285.50000000,0.00000000
R2L,1286.50000000,0.00000000
R2L,1287.50000000,0.00000000
R2L,1288.50000000,0.00000000
R2L,1289.50000000,36.80664062
R2L,1290.50000000,73.67382812
R2L,1291.50000000,110.48046875
R2L,1292.50000000,147.34765625
R2L,1293.50000000,184.15429688
R2L,1294.50000000,184.35253906
R2L,1295.50000000,172.24511719
R2L,1296.50000000,164.21386719
R2L,1297.50000000,152.16699219
R2L,1298.50000000,140.05957031
R2L,1299.50000000,128.02929688
R2L,1300.50000000,115.98242188
R2L,1301.50000000,103.87500000
R2L,1302.50000000,91.76757812
R2L,1303.50000000,79.66015625
R2L,1304.50000000,67.61328125
R2L,1305.50000000,55.58300781
R2L,1306.50000000,43.47558594
R2L,1307.50000000,31.36816406
R2L,1308.50000000,19.32128906
R2L,1309.50000000,7.21386719
R2L,1310.50000000,0.12109375
R2L,1311.50000000,0.00000000
R2L,1312.50000000,0.00000000
R2L,1313.50000000,0.00000000
R2L,1314.50000000,0.00000000
R2L,1315.50000000,0.00000000
R2L,1316.50000000,0.00000000
R2L,1317.50000000,0.00000000
R2L,1318.50000000,0.00000000
R2L,1319.50000000,0.00000000
R2L,1320.50000000,0.00000000
R2L,1321.50000000,0.00000000
R2L,1322.50000000,0.00000000
R2L,1323.50000000,0.00000000
R2L,1324.50000000,0.00000000
R2L,1325.50000000,0.00000000
R2L,1326.50000000,0.00000000
R2L,1327.50000000,0.00000000
R2L,1328.50000000,0.00000000
R2L,1329.50000000,0.00000000
R2L,1330.50000000,0.00000000
R2L,1331.50000000,0.00000000
R2L,1332.50000000,0.00000000
R2L,1333.50000000,0.00000000
R2L,1334.50000000,0.00000000
R2L,1335.50000000,0.00000000
R2L,1336.50000000,0.00000000
R2L,1337.50000000,0.00000000
R2L,1338.50000000,0.00000000
R2L,1339.50000000,0.00000000
R2L,1340.50000000,0.00000000
R2L,1341.50000000,0.00000000
R2L,1342.50000000,0.00000000
R2L,1343.50000000,0.00000000
R2L,1344.50000000,0.00000000
R2L,1345.50000000,0.00000000
R2L,1346.50000000,0.00000000
R2L,1347.50000000,12.22851562
R2L,1348.50000000,49.09570312
R2L,1349.50000000,85.96289062
R2L,1350.50000000,122.76953125
R2L,1351.50000000,159.57617188
R2L,1352.50000000,192.30664062
R2L,1353.50000000,180.33691406
R2L,1354.50000000,172.30566406
R2L,1355.50000000,160.19824219
R2L,1356.50000000,148.15136719
R2L,1357.50000000,136.04394531
R2L,1358.50000000,124.01367188
R2L,1359.50000000,111.90625000
R2L,1360.50000000,99.85937500
R2L,1361.50000000,87.75195312
R2L,1362.50000000,75.64453125
R2L,1363.50000000,63.61425781
R2L,1364.50000000,51.56738281
R2L,1365.50000000,39.49902344
R2L,1366.50000000,27.35253906
R2L,1367.50000000,15.24511719
R2L,1368.50000000,3.13769531
R2L,1369.50000000,0.00000000
R2L,1370.50000000,36.80664062
R2L,1371.50000000,73.67382812
R2L,1372.50000000,106.40429688
R2L,1373.50000000,143.27148438
R2L,1374.50000000,184.09375000
R2L,1375.50000000,188.42871094
R2L,1376.50000000,176.32128906
R2L,1377.50000000,164.27441406
R2L,1378.50000000,152.16699219
R2L,1379.50000000,140.05957031
R2L,1380.50000000,128.02929688
R2L,1381.50000000,115.98242188
R2L,1382.50000000,103.87500000
R2L,1383.50000000,156.92578125
R2L,1384.50000000,238.66992188
R2L,1385.50000000,324.41210938
R2L,1386.50000000,406.11718750
R2L,1387.50000000,491.89843750
R2L,1388.50000000,553.22265625
R2L,1389.50000000,541.17578125
R2L,1390.50000000,529.12890625
R2L,1391.50000000,517.08203125
R2L,1392.50000000,504.93066406
R2L,1393.50000000,492.88378906
R2L,1394.50000000,480.83691406
R2L,1395.50000000,468.72949219
R2L,1396.50000000,456.62207031
R2L,1397.50000000,444.57519531
R2L,1398.50000000,432.68261719
R2L,1399.50000000,420.63574219
R2L,1400.50000000,408.58886719
R2L,1401.50000000,396.48144531
R2L,1402.50000000,384.43457031
R2L,1403.50000000,372.32714844
R2L,1404.50000000,360.28027344
R2L,1405.50000000,348.23339844
R2L,1406.50000000,336.12597656
R2L,1407.50000000,324.01855469
R2L,1408.50000000,311.97167969
R2L,1409.50000000,300.00195312
R2L,1410.50000000,287.83398438
R2L,1411.50000000,275.77050781
R2L,1412.50000000,263.67968750
R2L,1413.50000000,251.52832031
R2L,1414.50000000,239.42089844
R2L,1415.50000000,231.42871094
R2L,1416.50000000,219.16113281
R2L,1417.50000000,206.99316406
R2L,1418.50000000,194.88574219
R2L,1419.50000000,182.71777344
R2L,1420.50000000,170.61035156
R2L,1421.50000000,158.38183594
R2L,1422.50000000,146.19726562
R2L,1423.50000000,134.16699219
R2L,1424.50000000,122.01562500
R2L,1425.50000000,109.84765625
R2L,1426.50000000,97.74023438
R2L,1427.50000000,85.57226562
R2L,1428.50000000,73.46484375
R2L,1429.50000000,61.23632812
R2L,1430.50000000,49.06835938
R2L,1431.50000000,40.91601562
R2L,1432.50000000,28.85253906
R2L,1433.50000000,16.74511719
R2L,1434.50000000,7.11230469
R2L,1435.50000000,1.36523438
R2L,1436.50000000,0.00000000
R2L,1437.50000000,4.07617188
R2L,1438.50000000,36.80664062
R2L,1439.50000000,73.67382812
R2L,1440.50000000,110.48046875
R2L,1441.50000000,147.34765625
R2L,1442.50000000,184.15429688
R2L,1443.50000000,200.65722656
R2L,1444.50000000,188.54980469
R2L,1445.50000000,176.44238281
R2L,1446.50000000,164.39550781
R2L,1447.50000000,152.28808594
R2L,1448.50000000,144.33398438
R2L,1449.50000000,132.28710938
R2L,1450.50000000,120.17968750
R2L,1451.50000000,108.07226562
R2L,1452.50000000,95.96484375
R2L,1453.50000000,83.95703125
R2L,1454.50000000,71.88769531
R2L,1455.50000000,59.78027344
R2L,1456.50000000,47.67285156
R2L,1457.50000000,35.62597656
R2L,1458.50000000,23.51855469
R2L,1459.50000000,11.48828125
R2L,1460.50000000,2.29003906
R2L,1461.50000000,0.00000000
R2L,1462.50000000,0.00000000
R2L,1463.50000000,0.00000000
R2L,1464.50000000,0.00000000
R2L,1465.50000000,0.00000000
R2L,1466.50000000,0.00000000
R2L,1467.50000000,0.00000000
R2L,1468.50000000,0.00000000
R2L,1469.50000000,0.00000000
R2L,1470.50000000,0.00000000
R2L,1471.50000000,0.00000000
R2L,1472.50000000,28.53320312
R2L,1473.50000000,114.25390625
R2L,1474.50000000,200.09570312
R2L,1475.50000000,285.87695312
R2L,1476.50000000,371.65820312
R2L,1477.50000000,457.43945312
R2L,1478.50000000,445.33203125
R2L,1479.50000000,433.28515625
R2L,1480.50000000,421.23828125
R2L,1481.50000000,409.13085938
R2L,1482.50000000,397.08398438
R2L,1483.50000000,385.23046875
R2L,1484.50000000,373.08398438
R2L,1485.50000000,361.03710938
R2L,1486.50000000,348.92968750
R2L,1487.50000000,336.88281250
R2L,1488.50000000,324.77539062
R2L,1489.50000000,312.72851562
R2L,1490.50000000,300.68164062
R2L,1491.50000000,288.57421875
R2L,1492.50000000,276.46679688
R2L,1493.50000000,264.41992188
R2L,1494.50000000,252.46679688
R2L,1495.50000000,240.41992188
R2L,1496.50000000,228.31250000
R2L,1497.50000000,216.26562500
R2L,1498.50000000,204.29687500
R2L,1499.50000000,192.11132812
R2L,1500.50000000,180.06445312
R2L,1501.50000000,168.01757812
R2L,1502.50000000,155.91015625
R2L,1503.50000000,143.86328125
R2L,1504.50000000,131.83300781
R2L,1505.50000000,119.86328125
R2L,1506.50000000,107.81640625
R2L,1507.50000000,95.70898438
R2L,1508.50000000,83.66210938
R2L,1509.50000000,71.61523438
R2L,1510.50000000,59.50781250
R2L,1511.50000000,47.46093750
R2L,1512.50000000,35.35351562
R2L,1513.50000000,23.38476562
R2L,1514.50000000,11.25976562
R2L,1515.50000000,5.18554688
R2L,1516.50000000,0.00000000
R2L,1517.50000000,85.72070312
R2L,1518.50000000,171.50195312
R2L,1519.50000000,257.28320312
R2L,1520.50000000,343.06445312
R2L,1521.50000000,428.84570312
R2L,1522.50000000,449.40820312
R2L,1523.50000000,437.30078125
R2L,1524.50000000,425.25390625
R2L,1525.50000000,413.14648438
R2L,1526.50000000,401.09960938
R2L,1527.50000000,389.20703125
R2L,1528.50000000,377.09960938
R2L,1529.50000000,365.05273438
R2L,1530.50000000,352.94531250
R2L,1531.50000000,340.89843750
R2L,1532.50000000,328.85156250
R2L,1533.50000000,316.74414062
R2L,1534.50000000,304.69726562
R2L,1535.50000000,292.58984375
R2L,1536.50000000,280.54296875
R2L,1537.50000000,268.49609375
R2L,1538.50000000,256.48242188
R2L,1539.50000000,244.43554688
R2L,1540.50000000,232.38867188
R2L,1541.50000000,220.28125000
R2L,1542.50000000,208.23437500
R2L,1543.50000000,196.12695312
R2L,1544.50000000,184.08007812
R2L,1545.50000000,172.03320312
R2L,1546.50000000,159.92578125
R2L,1547.50000000,147.87890625
R2L,1548.50000000,135.83203125
R2L,1549.50000000,123.87890625
R2L,1550.50000000,111.83203125
R2L,1551.50000000,99.72460938
R2L,1552.50000000,87.67773438
R2L,1553.50000000,75.63085938
R2L,1554.50000000,63.52343750
R2L,1555.50000000,51.47656250
R2L,1556.50000000,39.42968750
R2L,1557.50000000,27.32226562
R2L,1558.50000000,15.27539062
R2L,1559.50000000,6.89746094
R2L,1560.50000000,1.24414062
R2L,1561.50000000,0.00000000
R2L,1562.50000000,0.00000000
R2L,1563.50000000,12.22851562
R2L,1564.50000000,97.94921875
R2L,1565.50000000,183.73046875
R2L,1566.50000000,269.51171875
R2L,1567.50000000,347.14062500
R2L,1568.50000000,432.92187500
R2L,1569.50000000,477.88085938
R2L,1570.50000000,465.83398438
R2L,1571.50000000,453.72656250
R2L,1572.50000000,441.67968750
R2L,1573.50000000,429.63281250
R2L,1574.50000000,417.74023438
R2L,1575.50000000,405.63281250
R2L,1576.50000000,393.58593750
R2L,1577.50000000,381.47851562
R2L,1578.50000000,369.43164062
R2L,1579.50000000,357.32421875
R2L,1580.50000000,345.27734375
R2L,1581.50000000,333.23046875
R2L,1582.50000000,321.12304688
R2L,1583.50000000,313.15234375
R2L,1584.50000000,301.10546875
R2L,1585.50000000,289.15234375
R2L,1586.50000000,277.10546875
R2L,1587.50000000,265.09765625
R2L,1588.50000000,252.95117188
R2L,1589.50000000,240.90429688
R2L,1590.50000000,228.79687500
R2L,1591.50000000,216.75000000
R2L,1592.50000000,204.70312500
R2L,1593.50000000,192.59570312
R2L,1594.50000000,180.54882812
R2L,1595.50000000,168.57910156
R2L,1596.50000000,156.54882812
R2L,1597.50000000,144.50195312
R2L,1598.50000000,132.39453125
R2L,1599.50000000,120.34765625
R2L,1600.50000000,108.30078125
R2L,1601.50000000,96.19335938
R2L,1602.50000000,84.18554688
R2L,1603.50000000,72.09960938
R2L,1604.50000000,59.99218750
R2L,1605.50000000,47.88476562
R2L,1606.50000000,35.85449219
R2L,1607.50000000,23.88476562
R2L,1608.50000000,11.83789062
R2L,1609.50000000,5.02050781
R2L,1610.50000000,0.00000000
R2L,1611.50000000,0.00000000
R2L,1612.50000000,0.00000000
R2L,1613.50000000,0.00000000
R2L,1614.50000000,0.00000000
R2L,1615.50000000,0.00000000
R2L,1616.50000000,0.00000000
R2L,1617.50000000,0.00000000
R2L,1618.50000000,0.00000000
R2L,1619.50000000,0.00000000
R2L,1620.50000000,0.00000000
R2L,1621.50000000,0.00000000
R2L,1622.50000000,0.00000000
R2L,1623.50000000,0.00000000
R2L,1624.50000000,0.00000000
R2L,1625.50000000,0.00000000
R2L,1626.50000000,0.00000000
R2L,1627.50000000,0.00000000
R2L,1628.50000000,0.00000000
R2L,1629.50000000,0.00000000
R2L,1630.50000000,0.00000000
R2L,1631.50000000,0.00000000
R2L,1632.50000000,0.00000000
R2L,1633.50000000,0.00000000
R2L,1634.50000000,0.00000000
R2L,1635.50000000,0.00000000
R2L,1636.50000000,0.00000000
R2L,1637.50000000,0.00000000
R2L,1638.50000000,0.00000000
R2L,1639.50000000,0.00000000
R2L,1640.50000000,0.00000000
R2L,1641.50000000,0.00000000
R2L,1642.50000000,0.00000000
R2L,1643.50000000,0.00000000
R2L,1644.50000000,0.00000000
R2L,1645.50000000,0.00000000
R2L,1646.50000000,0.00000000
R2L,1647.50000000,0.00000000
R2L,1648.50000000,0.00000000
R2L,1649.50000000,0.00000000
R2L,1650.50000000,0.00000000
R2L,1651.50000000,0.00000000
R2L,1652.50000000,0.00000000
R2L,1653.50000000,0.00000000
R2L,1654.50000000,0.00000000
R2L,1655.50000000,0.00000000
R2L,1656.50000000,0.00000000
R2L,1657.50000000,0.00000000
R2L,1658.50000000,0.00000000
R2L,1659.50000000,0.00000000
R2L,1660.50000000,0.00000000
R2L,1661.50000000,0.00000000
R2L,1662.50000000,0.00000000
R2L,1663.50000000,0.00000000
R2L,1664.50000000,0.00000000
R2L,1665.50000000,0.00000000
R2L,1666.50000000,0.00000000
R2L,1667.50000000,0.00000000
R2L,1668.50000000,0.00000000
R2L,1669.50000000,0.00000000
R2L,1670.50000000,0.00000000
R2L,1671.50000000,0.00000000
R2L,1672.50000000,0.00000000
R2L,1673.50000000,0.00000000
R2L,1674.50000000,0.00000000
R2L,1675.50000000,0.00000000
R2L,1676.50000000,0.00000000
R2L,1677.50000000,0.00000000
R2L,1678.50000000,0.00000000
R2L,1679.50000000,0.00000000
R2L,1680.50000000,0.00000000
R2L,1681.50000000,0.00000000
R2L,1682.50000000,0.00000000
R2L,1683.50000000,0.00000000
R2L,1684.50000000,0.00000000
R2L,1685.50000000,0.00000000
R2L,1686.50000000,0.00000000
R2L,1687.50000000,0.00000000
R2L,1688.50000000,0.00000000
R2L,1689.50000000,0.00000000
R2L,1690.50000000,0.00000000
R2L,1691.50000000,0.00000000
R2L,1692.50000000,0.00000000
R2L,1693.50000000,0.00000000
R2L,1694.50000000,0.00000000
R2L,1695.50000000,0.00000000
R2L,1696.50000000,0.00000000
R2L,1697.50000000,0.00000000
R2L,1698.50000000,0.00000000
R2L,1699.50000000,0.00000000
R2L,1700.50000000,0.00000000
R2L,1701.50000000,0.00000000
R2L,1702.50000000,0.00000000
R2L,1703.50000000,0.00000000
R2L,1704.50000000,0.00000000
R2L,1705.50000000,0.00000000
R2L,1706.50000000,0.00000000
R2L,1707.50000000,0.00000000
R2L,1708.50000000,0.00000000
R2L,1709.50000000,0.00000000
R2L,1710.50000000,0.00000000
R2L,1711.50000000,0.00000000
R2L,1712.50000000,0.00000000
R2L,1713.50000000,0.00000000
R2L,1714.50000000,0.00000000
R2L,1715.50000000,0.00000000
R2L,1716.50000000,0.00000000
R2L,1717.50000000,0.00000000
R2L,1718.50000000,0.00000000
R2L,1719.50000000,0.00000000
R2L,1720.50000000,0.00000000
R2L,1721.50000000,0.00000000
R2L,1722.50000000,0.00000000
R2L,1723.50000000,0.00000000
R2L,1724.50000000,0.00000000
R2L,1725.50000000,0.00000000
R2L,1726.50000000,0.00000000
R2L,1727.50000000,0.00000000
R2L,1728.50000000,0.00000000
R2L,1729.50000000,0.00000000
R2L,1730.50000000,0.00000000
R2L,1731.50000000,0.00000000
R2L,1732.50000000,0.00000000
R2L,1733.50000000,0.00000000
R2L,1734.50000000,0.00000000
R2L,1735.50000000,0.00000000
R2L,1736.50000000,0.00000000
R2L,1737.50000000,0.00000000
R2L,1738.50000000,0.00000000
R2L,1739.50000000,0.00000000
R2L,1740.50000000,0.00000000
R2L,1741.50000000,0.00000000
R2L,1742.50000000,0.00000000
R2L,1743.50000000,0.00000000
R2L,1744.50000000,0.00000000
R2L,1745.50000000,0.00000000
R2L,1746.50000000,0.00000000
R2L,1747.50000000,0.00000000
R2L,1748.50000000,0.00000000
R2L,1749.50000000,0.00000000
R2L,1750.50000000,0.00000000
R2L,1751.50000000,0.00000000
R2L,1752.50000000,0.00000000
R2L,1753.50000000,0.00000000
R2L,1754.50000000,0.00000000
R2L,1755.50000000,0.00000000
R2L,1756.50000000,0.00000000
R2L,1757.50000000,0.00000000
R2L,1758.50000000,0.00000000
R2L,1759.50000000,0.00000000
R2L,1760.50000000,0.00000000
R2L,1761.50000000,0.00000000
R2L,1762.50000000,0.00000000
R2L,1763.50000000,0.00000000
R2L,1764.50000000,0.00000000
R2L,1765.50000000,0.00000000
R2L,1766.50000000,0.00000000
R2L,1767.50000000,0.00000000
R2L,1768.50000000,0.00000000
R2L,1769.50000000,0.00000000
R2L,1770.50000000,0.00000000
R2L,1771.50000000,0.00000000
R2L,1772.50000000,0.00000000
R2L,1773.50000000,0.00000000
R2L,1774.50000000,0.00000000
R2L,1775.50000000,0.00000000
R2L,1776.50000000,0.00000000
R2L,1777.50000000,0.00000000
R2L,1778.50000000,0.00000000
R2L,1779.50000000,0.00000000
R2L,1780.50000000,0.00000000
R2L,1781.50000000,0.00000000
R2L,1782.50000000,0.00000000
R2L,1783.50000000,0.00000000
R2L,1784.50000000,0.00000000
R2L,1785.50000000,0.00000000
R2L,1786.50000000,0.00000000
R2L,1787.50000000,0.00000000
R2L,1788.50000000,0.00000000
R2L,1789.50000000,0.00000000
R2L,1790.50000000,0.00000000
R2L,1791.50000000,0.00000000
R2L,1792.50000000,0.00000000
R2L,1793.50000000,0.00000000
R2L,1794.50000000,0.00000000
R2L,1795.50000000,0.00000000
R2L,1796.50000000,0.00000000
R2L,1797.50000000,0.00000000
R2L,1798.50000000,0.00000000
R2L,1799.50000000,0.00000000
R2L,1800.50000000,0.00000000
R2L,1801.50000000,0.00000000
R2L,1802.50000000,0.00000000
R2L,1803.50000000,0.00000000
R2L,1804.50000000,0.00000000
R2L,1805.50000000,0.00000000
R2L,1806.50000000,0.00000000
R2L,1807.50000000,0.00000000
R2L,1808.50000000,0.00000000
R2L,1809.50000000,0.00000000
R2L,1810.50000000,0.00000000
R2L,1811.50000000,0.00000000
R2L,1812.50000000,0.00000000
R2L,1813.50000000,0.00000000
R2L,1814.50000000,0.00000000
R2L,1815.50000000,0.00000000
R2L,1816.50000000,0.00000000
R2L,1817.50000000,0.00000000
R2L,1818.50000000,0.00000000
R2L,1819.50000000,0.00000000
R2L,1820.50000000,0.00000000
R2L,1821.50000000,0.00000000
R2L,1822.50000000,0.00000000
R2L,1823.50000000,0.00000000
R2L,1824.50000000,0.00000000
R2L,1825.50000000,0.00000000
R2L,1826.50000000,0.00000000
R2L,1827.50000000,0.00000000
R2L,1828.50000000,0.00000000
R2L,1829.50000000,0.00000000
R2L,1830.50000000,0.00000000
R2L,1831.50000000,0.00000000
R2L,1832.50000000,0.00000000
R2L,1833.50000000,0.00000000
R2L,1834.50000000,0.00000000
R2L,1835.50000000,0.00000000
R2L,1836.50000000,0.00000000
R2L,1837.50000000,0.00000000
R2L,1838.50000000,0.00000000
R2L,1839.50000000,0.00000000
R2L,1840.50000000,0.00000000
R2L,1841.50000000,0.00000000
R2L,1842.50000000,0.00000000
R2L,1843.50000000,0.00000000
R2L,1844.50000000,0.00000000
R2L,1845.50000000,0.00000000
R2L,1846.50000000,0.00000000
R2L,1847.50000000,0.00000000
R2L,1848.50000000,0.00000000
R2L,1849.50000000,0.00000000
R2L,1850.50000000,0.00000000
R2L,1851.50000000,0.00000000
R2L,1852.50000000,0.00000000
R2L,1853.50000000,0.00000000
R2L,1854.50000000,0.00000000
R2L,1855.50000000,0.00000000
R2L,1856.50000000,0.00000000
R2L,1857.50000000,0.00000000
R2L,1858.50000000,0.00000000
R2L,1859.50000000,0.00000000
R2L,1860.50000000,0.00000000
R2L,1861.50000000,0.00000000
R2L,1862.50000000,0.00000000
R2L,1863.50000000,0.00000000
R2L,1864.50000000,0.00000000
R2L,1865.50000000,0.00000000
R2L,1866.50000000,0.00000000
R2L,1867.50000000,0.00000000
R2L,1868.50000000,0.00000000
R2L,1869.50000000,0.00000000
R2L,1870.50000000,0.00000000
R2L,1871.50000000,0.00000000
R2L,1872.50000000,0.00000000
R2L,1873.50000000,0.00000000
R2L,1874.50000000,0.00000000
R2L,1875.50000000,0.00000000
R2L,1876.50000000,0.00000000
R2L,1877.50000000,0.00000000
R2L,1878.50000000,0.00000000
R2L,1879.50000000,0.00000000
R2L,1880.50000000,0.00000000
R2L,1881.50000000,0.00000000
R2L,1882.50000000,0.00000000
R2L,1883.50000000,0.00000000
R2L,1884.50000000,0.00000000
R2L,1885.50000000,0.00000000
R2L,1886.50000000,0.00000000
R2L,1887.50000000,0.00000000
R2L,1888.50000000,0.00000000
R2L,1889.50000000,0.00000000
R2L,1890.50000000,0.00000000
R2L,1891.50000000,0.00000000
R2L,1892.50000000,0.00000000
R2L,1893.50000000,0.00000000
R2L,1894.50000000,0.00000000
R2L,1895.50000000,0.00000000
R2L,1896.50000000,0.00000000
R2L,1897.50000000,0.00000000
R2L,1898.50000000,0.00000000
R2L,1899.50000000,0.00000000
R2L,1900.50000000,0.00000000
R2L,1901.50000000,0.00000000
R2L,1902.50000000,0.00000000
R2L,1903.50000000,0.00000000
R2L,1904.50000000,0.00000000
R2L,1905.50000000,0.00000000
R2L,1906.50000000,0.00000000
R2L,1907.50000000,0.00000000
R2L,1908.50000000,0.00000000
R2L,1909.50000000,0.00000000
R2L,1910.50000000,0.00000000
R2L,1911.50000000,0.00000000
R2L,1912.50000000,0.00000000
R2L,1913.50000000,0.00000000
R2L,1914.50000000,0.00000000
R2L,1915.50000000,0.00000000
R2L,1916.50000000,0.00000000
R2L,1917.50000000,0.00000000
R2L,1918.50000000,24.45703125
R2L,1919.50000000,61.38476562
R2L,1920.50000000,94.11523438
R2L,1921.50000000,130.92187500
R2L,1922.50000000,167.72851562
R2L,1923.50000000,192.44433594
R2L,1924.50000000,180.39746094
R2L,1925.50000000,168.29003906
R2L,1926.50000000,156.18261719
R2L,1927.50000000,144.07519531
R2L,1928.50000000,132.02832031
R2L,1929.50000000,119.93750000
R2L,1930.50000000,107.83007812
R2L,1931.50000000,95.72265625
R2L,1932.50000000,83.67578125
R2L,1933.50000000,71.56835938
R2L,1934.50000000,59.53808594
R2L,1935.50000000,47.43066406
R2L,1936.50000000,35.38378906
R2L,1937.50000000,23.27636719
R2L,1938.50000000,11.16894531
R2L,1939.50000000,2.63671875
R2L,1940.50000000,0.00000000
R2L,1941.50000000,0.00000000
R2L,1942.50000000,0.00000000
R2L,1943.50000000,0.00000000
R2L,1944.50000000,0.00000000
R2L,1945.50000000,0.00000000
R2L,1946.50000000,0.00000000
R2L,1947.50000000,0.00000000
R2L,1948.50000000,0.00000000
R2L,1949.50000000,0.00000000
R2L,1950.50000000,0.00000000
R2L,1951.50000000,0.00000000
R2L,1952.50000000,0.00000000
R2L,1953.50000000,0.00000000
R2L,1954.50000000,0.00000000
R2L,1955.50000000,0.00000000
R2L,1956.50000000,0.00000000
R2L,1957.50000000,0.00000000
R2L,1958.50000000,0.00000000
R2L,1959.50000000,0.00000000
R2L,1960.50000000,0.00000000
R2L,1961.50000000,0.00000000
R2L,1962.50000000,0.00000000
R2L,1963.50000000,0.00000000
R2L,1964.50000000,0.00000000
R2L,1965.50000000,0.00000000
R2L,1966.50000000,0.00000000
R2L,1967.50000000,0.00000000
R2L,1968.50000000,0.00000000
R2L,1969.50000000,0.00000000
R2L,1970.50000000,0.00000000
R2L,1971.50000000,0.00000000
R2L,1972.50000000,0.00000000
R2L,1973.50000000,0.00000000
R2L,1974.50000000,0.00000000
R2L,1975.50000000,0.00000000
R2L,1976.50000000,0.00000000
R2L,1977.50000000,32.66992188
R2L,1978.50000000,69.53710938
R2L,1979.50000000,106.40429688
R2L,1980.50000000,143.21093750
R2L,1981.50000000,180.01757812
R2L,1982.50000000,188.42871094
R2L,1983.50000000,176.32128906
R2L,1984.50000000,164.27441406
R2L,1985.50000000,152.10644531
R2L,1986.50000000,139.99902344
R2L,1987.50000000,127.89160156
R2L,1988.50000000,115.92187500
R2L,1989.50000000,103.81445312
R2L,1990.50000000,91.70703125
R2L,1991.50000000,79.59960938
R2L,1992.50000000,67.55273438
R2L,1993.50000000,55.52246094
R2L,1994.50000000,43.41503906
R2L,1995.50000000,31.30761719
R2L,1996.50000000,19.26074219
R2L,1997.50000000,7.15332031
R2L,1998.50000000,0.92480469
R2L,1999.50000000,20.38085938
R2L,2000.50000000,57.24804688
R2L,2001.50000000,94.11523438
R2L,2002.50000000,130.92187500
R2L,2003.50000000,167.72851562
R2L,2004.50000000,192.44433594
R2L,2005.50000000,180.39746094
R2L,2006.50000000,168.22949219
R2L,2007.50000000,156.12207031
R2L,2008.50000000,144.01464844
R2L,2009.50000000,131.96777344
R2L,2010.50000000,119.93750000
R2L,2011.50000000,107.83007812
R2L,2012.50000000,95.72265625
R2L,2013.50000000,83.67578125
R2L,2014.50000000,71.56835938
R2L,2015.50000000,59.53808594
R2L,2016.50000000,47.43066406
R2L,2017.50000000,35.38378906
R2L,2018.50000000,23.27636719
R2L,2019.50000000,11.16894531
R2L,2020.50000000,2.81835938
R2L,2021.50000000,0.00000000
R2L,2022.50000000,0.00000000
R2L,2023.50000000,0.00000000
R2L,2024.50000000,28.59375000
R2L,2025.50000000,61.38476562
R2L,2026.50000000,98.25195312
R2L,2027.50000000,135.05859375
R2L,2028.50000000,171.86523438
R2L,2029.50000000,208.74902344
R2L,2030.50000000,196.70214844
R2L,2031.50000000,184.59472656
R2L,2032.50000000,172.48730469
R2L,2033.50000000,160.37988281
R2L,2034.50000000,148.33300781
R2L,2035.50000000,136.30273438
R2L,2036.50000000,124.19531250
R2L,2037.50000000,112.08789062
R2L,2038.50000000,100.04101562
R2L,2039.50000000,87.87304688
R2L,2040.50000000,75.84277344
R2L,2041.50000000,63.73535156
R2L,2042.50000000,51.68847656
R2L,2043.50000000,39.58105469
R2L,2044.50000000,27.47363281
R2L,2045.50000000,15.42675781
R2L,2046.50000000,3.39648438
R2L,2047.50000000,0.00000000
R2L,2048.50000000,0.00000000
R2L,2049.50000000,0.00000000
R2L,2050.50000000,0.00000000
R2L,2051.50000000,0.00000000
R2L,2052.50000000,0.00000000
R2L,2053.50000000,0.00000000
R2L,2054.50000000,0.00000000
R2L,2055.50000000,0.00000000
R2L,2056.50000000,0.00000000
R2L,2057.50000000,0.00000000
R2L,2058.50000000,0.00000000
R2L,2059.50000000,0.00000000
R2L,2060.50000000,0.00000000
R2L,2061.50000000,0.00000000
R2L,2062.50000000,0.00000000
R2L,2063.50000000,0.00000000
R2L,2064.50000000,0.00000000
R2L,2065.50000000,0.00000000
R2L,2066.50000000,0.00000000
R2L,2067.50000000,28.53320312
R2L,2068.50000000,114.25390625
R2L,2069.50000000,191.88281250
R2L,2070.50000000,277.66406250
R2L,2071.50000000,363.44531250
R2L,2072.50000000,449.22656250
R2L,2073.50000000,445.33203125
R2L,2074.50000000,433.28515625
R2L,2075.50000000,421.23828125
R2L,2076.50000000,409.13085938
R2L,2077.50000000,397.08398438
R2L,2078.50000000,385.19140625
R2L,2079.50000000,373.02343750
R2L,2080.50000000,361.03710938
R2L,2081.50000000,348.92968750
R2L,2082.50000000,336.82226562
R2L,2083.50000000,324.71484375
R2L,2084.50000000,312.66796875
R2L,2085.50000000,300.62109375
R2L,2086.50000000,288.51367188
R2L,2087.50000000,276.46679688
R2L,2088.50000000,264.41992188
R2L,2089.50000000,252.46679688
R2L,2090.50000000,240.41992188
R2L,2091.50000000,228.31250000
R2L,2092.50000000,216.26562500
R2L,2093.50000000,204.21875000
R2L,2094.50000000,192.11132812
R2L,2095.50000000,180.06445312
R2L,2096.50000000,168.01757812
R2L,2097.50000000,155.98828125
R2L,2098.50000000,143.86328125
R2L,2099.50000000,131.83300781
R2L,2100.50000000,119.86328125
R2L,2101.50000000,107.81640625
R2L,2102.50000000,95.70898438
R2L,2103.50000000,83.66210938
R2L,2104.50000000,71.61523438
R2L,2105.50000000,59.50781250
R2L,2106.50000000,47.46093750
R2L,2107.50000000,35.35351562
R2L,2108.50000000,23.30664062
R2L,2109.50000000,11.25976562
R2L,2110.50000000,5.42773438
R2L,2111.50000000,0.00000000
R2L,2112.50000000,0.00000000
R2L,2113.50000000,0.00000000
R2L,2114.50000000,0.00000000
R2L,2115.50000000,0.00000000
R2L,2116.50000000,0.00000000
R2L,2117.50000000,0.00000000
R2L,2118.50000000,0.00000000
R2L,2119.50000000,0.00000000
R2L,2120.50000000,0.00000000
R2L,2121.50000000,0.00000000
R2L,2122.50000000,0.00000000
R2L,2123.50000000,0.00000000
R2L,2124.50000000,0.00000000
R2L,2125.50000000,0.00000000
R2L,2126.50000000,0.00000000
R2L,2127.50000000,0.00000000
R2L,2128.50000000,0.00000000
R2L,2129.50000000,0.00000000
R2L,2130.50000000,0.00000000
R2L,2131.50000000,0.00000000
R2L,2132.50000000,0.00000000
R2L,2133.50000000,0.00000000
R2L,2134.50000000,0.00000000
R2L,2135.50000000,0.00000000
R2L,2136.50000000,0.00000000
R2L,2137.50000000,0.00000000
R2L,2138.50000000,0.00000000
R2L,2139.50000000,0.00000000
R2L,2140.50000000,0.00000000
R2L,2141.50000000,0.00000000
R2L,2142.50000000,0.00000000
R2L,2143.50000000,0.00000000
R2L,2144.50000000,0.00000000
R2L,2145.50000000,0.00000000
R2L,2146.50000000,0.00000000
R2L,2147.50000000,0.00000000
R2L,2148.50000000,57.06640625
R2L,2149.50000000,142.90820312
R2L,2150.50000000,228.68945312
R2L,2151.50000000,310.33398438
R2L,2152.50000000,392.03906250
R2L,2153.50000000,453.42382812
R2L,2154.50000000,441.31640625
R2L,2155.50000000,429.26953125
R2L,2156.50000000,417.16210938
R2L,2157.50000000,405.11523438
R2L,2158.50000000,393.14550781
R2L,2159.50000000,381.11523438
R2L,2160.50000000,369.06835938
R2L,2161.50000000,356.96093750
R2L,2162.50000000,344.85351562
R2L,2163.50000000,332.80664062
R2L,2164.50000000,320.69921875
R2L,2165.50000000,308.65234375
R2L,2166.50000000,296.60546875
R2L,2167.50000000,284.49804688
R2L,2168.50000000,272.45117188
R2L,2169.50000000,260.42089844
R2L,2170.50000000,248.45117188
R2L,2171.50000000,236.40429688
R2L,2172.50000000,224.29687500
R2L,2173.50000000,212.25000000
R2L,2174.50000000,200.20312500
R2L,2175.50000000,188.09570312
R2L,2176.50000000,176.04882812
R2L,2177.50000000,163.94140625
R2L,2178.50000000,151.89453125
R2L,2179.50000000,139.84765625
R2L,2180.50000000,127.89453125
R2L,2181.50000000,115.84765625
R2L,2182.50000000,103.80078125
R2L,2183.50000000,91.69335938
R2L,2184.50000000,79.64648438
R2L,2185.50000000,67.53906250
R2L,2186.50000000,55.49218750
R2L,2187.50000000,43.44531250
R2L,2188.50000000,31.33789062
R2L,2189.50000000,19.29101562
R2L,2190.50000000,7.24414062
R2L,2191.50000000,3.45703125
R2L,2192.50000000,28.53320312
R2L,2193.50000000,114.25390625
R2L,2194.50000000,200.09570312
R2L,2195.50000000,285.81640625
R2L,2196.50000000,363.44531250
R2L,2197.50000000,449.22656250
R2L,2198.50000000,445.33203125
R2L,2199.50000000,433.28515625
R2L,2200.50000000,421.17773438
R2L,2201.50000000,409.13085938
R2L,2202.50000000,397.08398438
R2L,2203.50000000,385.19140625
R2L,2204.50000000,373.08398438
R2L,2205.50000000,361.03710938
R2L,2206.50000000,348.92968750
R2L,2207.50000000,336.92187500
R2L,2208.50000000,324.71484375
R2L,2209.50000000,312.66796875
R2L,2210.50000000,300.62109375
R2L,2211.50000000,288.51367188
R2L,2212.50000000,276.46679688
R2L,2213.50000000,264.41992188
R2L,2214.50000000,252.46679688
R2L,2215.50000000,240.41992188
R2L,2216.50000000,228.31250000
R2L,2217.50000000,216.26562500
R2L,2218.50000000,204.21875000
R2L,2219.50000000,192.11132812
R2L,2220.50000000,180.06445312
R2L,2221.50000000,168.01757812
R2L,2222.50000000,155.91015625
R2L,2223.50000000,143.86328125
R2L,2224.50000000,131.83300781
R2L,2225.50000000,119.86328125
R2L,2226.50000000,107.81640625
R2L,2227.50000000,95.70898438
R2L,2228.50000000,83.66210938
R2L,2229.50000000,71.61523438
R2L,2230.50000000,59.50781250
R2L,2231.50000000,47.46093750
R2L,2232.50000000,35.35351562
R2L,2233.50000000,23.30664062
R2L,2234.50000000,11.25976562
R2L,2235.50000000,5.30664062
R2L,2236.50000000,0.00000000
R2L,2237.50000000,0.00000000
R2L,2238.50000000,0.00000000
R2L,2239.50000000,32.60937500
R2L,2240.50000000,118.39062500
R2L,2241.50000000,204.17187500
R2L,2242.50000000,289.95312500
R2L,2243.50000000,375.73437500
R2L,2244.50000000,461.51562500
R2L,2245.50000000,473.86523438
R2L,2246.50000000,461.81835938
R2L,2247.50000000,449.71093750
R2L,2248.50000000,437.66406250
R2L,2249.50000000,425.61718750
R2L,2250.50000000,413.66406250
R2L,2251.50000000,401.61718750
R2L,2252.50000000,393.58593750
R2L,2253.50000000,381.53906250
R2L,2254.50000000,369.49218750
R2L,2255.50000000,357.38476562
R2L,2256.50000000,345.33789062
R2L,2257.50000000,333.29101562
R2L,2258.50000000,321.18359375
R2L,2259.50000000,309.13671875
R2L,2260.50000000,297.16699219
R2L,2261.50000000,285.13671875
R2L,2262.50000000,273.08984375
R2L,2263.50000000,260.98242188
R2L,2264.50000000,248.93554688
R2L,2265.50000000,236.88867188
R2L,2266.50000000,224.78125000
R2L,2267.50000000,212.73437500
R2L,2268.50000000,200.68750000
R2L,2269.50000000,188.58007812
R2L,2270.50000000,176.53320312
R2L,2271.50000000,164.58007812
R2L,2272.50000000,152.53320312
R2L,2273.50000000,140.48632812
R2L,2274.50000000,128.37890625
R2L,2275.50000000,116.33203125
R2L,2276.50000000,104.28515625
R2L,2277.50000000,92.11718750
R2L,2278.50000000,80.07031250
R2L,2279.50000000,67.96289062
R2L,2280.50000000,55.91601562
R2L,2281.50000000,43.86914062
R2L,2282.50000000,31.91601562
R2L,2283.50000000,19.86914062
R2L,2284.50000000,7.82226562
R2L,2285.50000000,3.36914062
R2L,2286.50000000,0.00000000
R2L,2287.50000000,0.00000000
R2L,2288.50000000,0.00000000
R2L,2289.50000000,0.00000000
R2L,2290.50000000,0.00000000
R2L,2291.50000000,0.00000000
R2L,2292.50000000,0.00000000
R2L,2293.50000000,0.00000000
R2L,2294.50000000,0.00000000
R2L,2295.50000000,0.00000000
R2L,2296.50000000,0.00000000
R2L,2297.50000000,0.00000000
R2L,2298.50000000,0.00000000
R2L,2299.50000000,0.00000000
R2L,2300.50000000,0.00000000
R2L,2301.50000000,0.00000000
R2L,2302.50000000,0.00000000
R2L,2303.50000000,0.00000000
R2L,2304.50000000,0.00000000
R2L,2305.50000000,0.00000000
R2L,2306.50000000,0.00000000
R2L,2307.50000000,0.00000000
R2L,2308.50000000,0.00000000
R2L,2309.50000000,0.00000000
R2L,2310.50000000,0.00000000
R2L,2311.50000000,0.00000000
R2L,2312.50000000,0.00000000
R2L,2313.50000000,0.00000000
R2L,2314.50000000,0.00000000
R2L,2315.50000000,0.00000000
R2L,2316.50000000,0.00000000
R2L,2317.50000000,0.00000000
R2L,2318.50000000,0.00000000
R2L,2319.50000000,0.00000000
R2L,2320.50000000,0.00000000
R2L,2321.50000000,0.00000000
R2L,2322.50000000,0.00000000
R2L,2323.50000000,0.00000000
R2L,2324.50000000,0.00000000
R2L,2325.50000000,0.00000000
R2L,2326.50000000,0.00000000
R2L,2327.50000000,0.00000000
R2L,2328.50000000,0.00000000
R2L,2329.50000000,0.00000000
R2L,2330.50000000,0.00000000
R2L,2331.50000000,0.00000000
R2L,2332.50000000,0.00000000
R2L,2333.50000000,0.00000000
R2L,2334.50000000,0.00000000
R2L,2335.50000000,0.00000000
R2L,2336.50000000,0.00000000
R2L,2337.50000000,0.00000000
R2L,2338.50000000,0.00000000
R2L,2339.50000000,0.00000000
R2L,2340.50000000,0.00000000
R2L,2341.50000000,0.00000000
R2L,2342.50000000,0.00000000
R2L,2343.50000000,0.00000000
R2L,2344.50000000,0.00000000
R2L,2345.50000000,0.00000000
R2L,2346.50000000,0.00000000
R2L,2347.50000000,0.00000000
R2L,2348.50000000,0.00000000
R2L,2349.50000000,0.00000000
R2L,2350.50000000,0.00000000
R2L,2351.50000000,0.00000000
R2L,2352.50000000,0.00000000
R2L,2353.50000000,0.00000000
R2L,2354.50000000,0.00000000
R2L,2355.50000000,0.00000000
R2L,2356.50000000,0.00000000
R2L,2357.50000000,0.00000000
R2L,2358.50000000,0.00000000
R2L,2359.50000000,0.00000000
R2L,2360.50000000,0.00000000
R2L,2361.50000000,0.00000000
R2L,2362.50000000,0.00000000
R2L,2363.50000000,0.00000000
R2L,2364.50000000,0.00000000
R2L,2365.50000000,0.00000000
R2L,2366.50000000,0.00000000
R2L,2367.50000000,0.00000000
R2L,2368.50000000,0.00000000
R2L,2369.50000000,0.00000000
R2L,2370.50000000,0.00000000
R2L,2371.50000000,0.00000000
R2L,2372.50000000,0.00000000
R2L,2373.50000000,0.00000000
R2L,2374.50000000,0.00000000
R2L,2375.50000000,0.00000000
R2L,2376.50000000,0.00000000
R2L,2377.50000000,0.00000000
R2L,2378.50000000,0.00000000
R2L,2379.50000000,0.00000000
R2L,2380.50000000,0.00000000
R2L,2381.50000000,0.00000000
R2L,2382.50000000,0.00000000
R2L,2383.50000000,0.00000000
R2L,2384.50000000,0.00000000
R2L,2385.50000000,0.00000000
R2L,2386.50000000,0.00000000
R2L,2387.50000000,0.00000000
R2L,2388.50000000,0.00000000
R2L,2389.50000000,0.00000000
R2L,2390.50000000,0.00000000
R2L,2391.50000000,0.00000000
R2L,2392.50000000,0.00000000
R2L,2393.50000000,0.00000000
R2L,2394.50000000,0.00000000
R2L,2395.50000000,0.00000000
R2L,2396.50000000,0.00000000
R2L,2397.50000000,0.00000000
R2L,2398.50000000,0.00000000
R2L,2399.50000000,0.00000000
R2L,2400.50000000,0.00000000
R2L,2401.50000000,0.00000000
R2L,2402.50000000,0.00000000
R2L,2403.50000000,0.00000000
R2L,2404.50000000,0.00000000
R2L,2405.50000000,0.00000000
R2L,2406.50000000,0.00000000
R2L,2407.50000000,0.00000000
R2L,2408.50000000,0.00000000
R2L,2409.50000000,0.00000000
R2L,2410.50000000,0.00000000
R2L,2411.50000000,0.00000000
R2L,2412.50000000,0.00000000
R2L,2413.50000000,0.00000000
R2L,2414.50000000,0.00000000
R2L,2415.50000000,0.00000000
R2L,2416.50000000,0.00000000
R2L,2417.50000000,0.00000000
R2L,2418.50000000,0.00000000
R2L,2419.50000000,0.00000000
R2L,2420.50000000,0.00000000
R2L,2421.50000000,0.00000000
R2L,2422.50000000,0.00000000
R2L,2423.50000000,0.00000000
R2L,2424.50000000,0.00000000
R2L,2425.50000000,0.00000000
R2L,2426.50000000,0.00000000
R2L,2427.50000000,0.00000000
R2L,2428.50000000,0.00000000
R2L,2429.50000000,0.00000000
R2L,2430.50000000,0.00000000
R2L,2431.50000000,0.00000000
R2L,2432.50000000,0.00000000
R2L,2433.50000000,0.00000000
R2L,2434.50000000,0.00000000
R2L,2435.50000000,0.00000000
R2L,2436.50000000,0.00000000
R2L,2437.50000000,0.00000000
R2L,2438.50000000,0.00000000
R2L,2439.50000000,0.00000000
R2L,2440.50000000,0.00000000
R2L,2441.50000000,0.00000000
R2L,2442.50000000,0.00000000
R2L,2443.50000000,0.00000000
R2L,2444.50000000,0.00000000
R2L,2445.50000000,0.00000000
R2L,2446.50000000,0.00000000
R2L,2447.50000000,0.00000000
R2L,2448.50000000,0.00000000
R2L,2449.50000000,0.00000000
R2L,2450.50000000,0.00000000
R2L,2451.50000000,0.00000000
R2L,2452.50000000,0.00000000
R2L,2453.50000000,0.00000000
R2L,2454.50000000,0.00000000
R2L,2455.50000000,0.00000000
R2L,2456.50000000,0.00000000
R2L,2457.50000000,0.00000000
R2L,2458.50000000,0.00000000
R2L,2459.50000000,0.00000000
R2L,2460.50000000,0.00000000
R2L,2461.50000000,0.00000000
R2L,2462.50000000,0.00000000
R2L,2463.50000000,0.00000000
R2L,2464.50000000,0.00000000
R2L,2465.50000000,0.00000000
R2L,2466.50000000,0.00000000
R2L,2467.50000000,0.00000000
R2L,2468.50000000,0.00000000
R2L,2469.50000000,0.00000000
R2L,2470.50000000,0.00000000
R2L,2471.50000000,0.00000000
R2L,2472.50000000,0.00000000
R2L,2473.50000000,0.00000000
R2L,2474.50000000,0.00000000
R2L,2475.50000000,0.00000000
R2L,2476.50000000,0.00000000
R2L,2477.50000000,0.00000000
R2L,2478.50000000,0.00000000
R2L,2479.50000000,0.00000000
R2L,2480.50000000,0.00000000
R2L,2481.50000000,0.00000000
R2L,2482.50000000,0.00000000
R2L,2483.50000000,0.00000000
R2L,2484.50000000,0.00000000
R2L,2485.50000000,0.00000000
R2L,2486.50000000,0.00000000
R2L,2487.50000000,0.00000000
R2L,2488.50000000,0.00000000
R2L,2489.50000000,0.00000000
R2L,2490.50000000,0.00000000
R2L,2491.50000000,0.00000000
R2L,2492.50000000,0.00000000
R2L,2493.50000000,0.00000000
R2L,2494.50000000,0.00000000
R2L,2495.50000000,0.00000000
R2L,2496.50000000,0.00000000
R2L,2497.50000000,0.00000000
R2L,2498.50000000,0.00000000
R2L,2499.50000000,0.00000000
R2L,2500.50000000,0.00000000
R2L,2501.50000000,0.00000000
R2L,2502.50000000,0.00000000
R2L,2503.50000000,0.00000000
R2L,2504.50000000,8.15234375
R2L,2505.50000000,40.88281250
R2L,2506.50000000,77.75000000
R2L,2507.50000000,114.55664062
R2L,2508.50000000,151.42382812
R2L,2509.50000000,188.23046875
R2L,2510.50000000,184.35253906
R2L,2511.50000000,172.24511719
R2L,2512.50000000,160.13769531
R2L,2513.50000000,148.09082031
R2L,2514.50000000,135.98339844
R2L,2515.50000000,123.95312500
R2L,2516.50000000,111.84570312
R2L,2517.50000000,99.79882812
R2L,2518.50000000,87.69140625
R2L,2519.50000000,75.62304688
R2L,2520.50000000,63.47656250
R2L,2521.50000000,51.50683594
R2L,2522.50000000,39.39941406
R2L,2523.50000000,27.29199219
R2L,2524.50000000,15.24511719
R2L,2525.50000000,7.21386719
R2L,2526.50000000,0.00000000
R2L,2527.50000000,0.00000000
R2L,2528.50000000,0.00000000
R2L,2529.50000000,0.00000000
R2L,2530.50000000,0.00000000
R2L,2531.50000000,0.00000000
R2L,2532.50000000,0.00000000
R2L,2533.50000000,0.00000000
R2L,2534.50000000,0.00000000
R2L,2535.50000000,0.00000000
R2L,2536.50000000,0.00000000
R2L,2537.50000000,0.00000000
R2L,2538.50000000,0.00000000
R2L,2539.50000000,0.00000000
R2L,2540.50000000,0.00000000
R2L,2541.50000000,0.00000000
R2L,2542.50000000,0.00000000
R2L,2543.50000000,0.00000000
R2L,2544.50000000,0.00000000
R2L,2545.50000000,0.00000000
R2L,2546.50000000,0.00000000
R2L,2547.50000000,0.00000000
R2L,2548.50000000,0.00000000
R2L,2549.50000000,0.00000000
R2L,2550.50000000,0.00000000
R2L,2551.50000000,0.00000000
R2L,2552.50000000,0.00000000
R2L,2553.50000000,0.00000000
R2L,2554.50000000,0.00000000
R2L,2555.50000000,0.00000000
R2L,2556.50000000,0.00000000
R2L,2557.50000000,0.00000000
R2L,2558.50000000,0.00000000
R2L,2559.50000000,0.00000000
R2L,2560.50000000,0.00000000
R2L,2561.50000000,0.00000000
R2L,2562.50000000,0.00000000
R2L,2563.50000000,20.38085938
R2L,2564.50000000,53.17187500
R2L,2565.50000000,90.03906250
R2L,2566.50000000,126.84570312
R2L,2567.50000000,163.65234375
R2L,2568.50000000,192.30664062
R2L,2569.50000000,180.33691406
R2L,2570.50000000,168.22949219
R2L,2571.50000000,156.12207031
R2L,2572.50000000,144.01464844
R2L,2573.50000000,131.96777344
R2L,2574.50000000,120.01562500
R2L,2575.50000000,107.83007812
R2L,2576.50000000,95.72265625
R2L,2577.50000000,83.67578125
R2L,2578.50000000,71.56835938
R2L,2579.50000000,59.53808594
R2L,2580.50000000,47.43066406
R2L,2581.50000000,35.38378906
R2L,2582.50000000,27.35253906
R2L,2583.50000000,15.30566406
R2L,2584.50000000,3.19824219
R2L,2585.50000000,4.07617188
R2L,2586.50000000,40.88281250
R2L,2587.50000000,77.75000000
R2L,2588.50000000,114.55664062
R2L,2589.50000000,151.42382812
R2L,2590.50000000,188.23046875
R2L,2591.50000000,184.35253906
R2L,2592.50000000,172.24511719
R2L,2593.50000000,160.13769531
R2L,2594.50000000,148.09082031
R2L,2595.50000000,135.98339844
R2L,2596.50000000,123.95312500
R2L,2597.50000000,111.84570312
R2L,2598.50000000,99.79882812
R2L,2599.50000000,87.69140625
R2L,2600.50000000,75.58398438
R2L,2601.50000000,63.47656250
R2L,2602.50000000,51.50683594
R2L,2603.50000000,43.47558594
R2L,2604.50000000,31.36816406
R2L,2605.50000000,19.32128906
R2L,2606.50000000,7.21386719
R2L,2607.50000000,0.00000000
R2L,2608.50000000,0.00000000
R2L,2609.50000000,0.00000000
R2L,2610.50000000,12.22851562
R2L,2611.50000000,44.95898438
R2L,2612.50000000,81.82617188
R2L,2613.50000000,118.63281250
R2L,2614.50000000,155.53906250
R2L,2615.50000000,192.30664062
R2L,2616.50000000,200.65722656
R2L,2617.50000000,188.54980469
R2L,2618.50000000,176.44238281
R2L,2619.50000000,164.39550781
R2L,2620.50000000,152.28808594
R2L,2621.50000000,140.25781250
R2L,2622.50000000,128.15039062
R2L,2623.50000000,116.10351562
R2L,2624.50000000,103.99609375
R2L,2625.50000000,91.88867188
R2L,2626.50000000,79.78125000
R2L,2627.50000000,67.81152344
R2L,2628.50000000,55.70410156
R2L,2629.50000000,43.59667969
R2L,2630.50000000,31.54980469
R2L,2631.50000000,19.44238281
R2L,2632.50000000,7.41210938
R2L,2633.50000000,1.36523438
R2L,2634.50000000,0.00000000
R2L,2635.50000000,0.00000000
R2L,2636.50000000,0.00000000
R2L,2637.50000000,0.00000000
R2L,2638.50000000,0.00000000
R2L,2639.50000000,0.00000000
R2L,2640.50000000,0.00000000
R2L,2641.50000000,0.00000000
R2L,2642.50000000,0.00000000
R2L,2643.50000000,0.00000000
R2L,2644.50000000,0.00000000
R2L,2645.50000000,0.00000000
R2L,2646.50000000,0.00000000
R2L,2647.50000000,0.00000000
R2L,2648.50000000,0.00000000
R2L,2649.50000000,0.00000000
R2L,2650.50000000,0.00000000
R2L,2651.50000000,0.00000000
R2L,2652.50000000,0.00000000
R2L,2653.50000000,0.00000000
R2L,2654.50000000,0.00000000
R2L,2655.50000000,0.00000000
R2L,2656.50000000,0.00000000
R2L,2657.50000000,0.00000000
R2L,2658.50000000,0.00000000
R2L,2659.50000000,0.00000000
R2L,2660.50000000,0.00000000
R2L,2661.50000000,0.00000000
R2L,2662.50000000,0.00000000
R2L,2663.50000000,0.00000000
R2L,2664.50000000,0.00000000
R2L,2665.50000000,0.00000000
R2L,2666.50000000,0.00000000
R2L,2667.50000000,0.00000000
R2L,2668.50000000,0.00000000
R2L,2669.50000000,0.00000000
R2L,2670.50000000,0.00000000
R2L,2671.50000000,0.00000000
R2L,2672.50000000,0.00000000
R2L,2673.50000000,0.00000000
R2L,2674.50000000,0.00000000
R2L,2675.50000000,0.00000000
R2L,2676.50000000,0.00000000
R2L,2677.50000000,0.00000000
R2L,2678.50000000,0.00000000
R2L,2679.50000000,0.00000000
R2L,2680.50000000,0.00000000
R2L,2681.50000000,0.00000000
R2L,2682.50000000,0.00000000
R2L,2683.50000000,0.00000000
R2L,2684.50000000,0.00000000
R2L,2685.50000000,0.00000000
R2L,2686.50000000,0.00000000
R2L,2687.50000000,0.00000000
R2L,2688.50000000,0.00000000
R2L,2689.50000000,0.00000000
R2L,2690.50000000,0.00000000
R2L,2691.50000000,0.00000000
R2L,2692.50000000,0.00000000
R2L,2693.50000000,0.00000000
R2L,2694.50000000,0.00000000
R2L,2695.50000000,0.00000000
R2L,2696.50000000,0.00000000
R2L,2697.50000000,0.00000000
R2L,2698.50000000,0.00000000
R2L,2699.50000000,0.00000000
R2L,2700.50000000,0.00000000
R2L,2701.50000000,0.00000000
R2L,2702.50000000,0.00000000
R2L,2703.50000000,0.00000000
R2L,2704.50000000,0.00000000
R2L,2705.50000000,0.00000000
R2L,2706.50000000,0.00000000
R2L,2707.50000000,0.00000000
R2L,2708.50000000,0.00000000
R2L,2709.50000000,0.00000000
R2L,2710.50000000,0.00000000
R2L,2711.50000000,0.00000000
R2L,2712.50000000,0.00000000
R2L,2713.50000000,0.00000000
R2L,2714.50000000,0.00000000
R2L,2715.50000000,0.00000000
R2L,2716.50000000,0.00000000
R2L,2717.50000000,0.00000000
R2L,2718.50000000,0.00000000
R2L,2719.50000000,0.00000000
R2L,2720.50000000,0.00000000
R2L,2721.50000000,0.00000000
R2L,2722.50000000,0.00000000
R2L,2723.50000000,0.00000000
R2L,2724.50000000,0.00000000
R2L,2725.50000000,0.00000000
R2L,2726.50000000,0.00000000
R2L,2727.50000000,0.00000000
R2L,2728.50000000,0.00000000
R2L,2729.50000000,0.00000000
R2L,2730.50000000,0.00000000
R2L,2731.50000000,0.00000000
R2L,2732.50000000,0.00000000
R2L,2733.50000000,0.00000000
R2L,2734.50000000,0.00000000
R2L,2735.50000000,0.00000000
R2L,2736.50000000,0.00000000
R2L,2737.50000000,0.00000000
R2L,2738.50000000,0.00000000
R2L,2739.50000000,0.00000000
R2L,2740.50000000,0.00000000
R2L,2741.50000000,0.00000000
R2L,2742.50000000,0.00000000
R2L,2743.50000000,48.91406250
R2L,2744.50000000,134.69531250
R2L,2745.50000000,220.47656250
R2L,2746.50000000,306.25781250
R2L,2747.50000000,392.03906250
R2L,2748.50000000,453.42382812
R2L,2749.50000000,441.31640625
R2L,2750.50000000,429.26953125
R2L,2751.50000000,417.22265625
R2L,2752.50000000,405.05468750
R2L,2753.50000000,393.00781250
R2L,2754.50000000,381.05468750
R2L,2755.50000000,369.00781250
R2L,2756.50000000,356.96093750
R2L,2757.50000000,344.85351562
R2L,2758.50000000,332.80664062
R2L,2759.50000000,320.69921875
R2L,2760.50000000,308.65234375
R2L,2761.50000000,296.60546875
R2L,2762.50000000,284.49804688
R2L,2763.50000000,272.45117188
R2L,2764.50000000,260.42089844
R2L,2765.50000000,248.45117188
R2L,2766.50000000,236.40429688
R2L,2767.50000000,224.29687500
R2L,2768.50000000,212.25000000
R2L,2769.50000000,200.20312500
R2L,2770.50000000,188.09570312
R2L,2771.50000000,176.04882812
R2L,2772.50000000,163.94140625
R2L,2773.50000000,151.89453125
R2L,2774.50000000,139.84765625
R2L,2775.50000000,127.89453125
R2L,2776.50000000,115.84765625
R2L,2777.50000000,103.80078125
R2L,2778.50000000,91.69335938
R2L,2779.50000000,79.64648438
R2L,2780.50000000,67.53906250
R2L,2781.50000000,55.49218750
R2L,2782.50000000,43.44531250
R2L,2783.50000000,35.41406250
R2L,2784.50000000,23.36718750
R2L,2785.50000000,11.32031250
R2L,2786.50000000,3.69921875
R2L,2787.50000000,0.00000000
R2L,2788.50000000,0.00000000
R2L,2789.50000000,0.00000000
R2L,2790.50000000,0.00000000
R2L,2791.50000000,0.00000000
R2L,2792.50000000,0.00000000
R2L,2793.50000000,0.00000000
R2L,2794.50000000,0.00000000
R2L,2795.50000000,0.00000000
R2L,2796.50000000,0.00000000
R2L,2797.50000000,0.00000000
R2L,2798.50000000,0.00000000
R2L,2799.50000000,0.00000000
R2L,2800.50000000,0.00000000
R2L,2801.50000000,0.00000000
R2L,2802.50000000,0.00000000
R2L,2803.50000000,0.00000000
R2L,2804.50000000,0.00000000
R2L,2805.50000000,0.00000000
R2L,2806.50000000,0.00000000
R2L,2807.50000000,0.00000000
R2L,2808.50000000,0.00000000
R2L,2809.50000000,0.00000000
R2L,2810.50000000,0.00000000
R2L,2811.50000000,0.00000000
R2L,2812.50000000,0.00000000
R2L,2813.50000000,0.00000000
R2L,2814.50000000,0.00000000
R2L,2815.50000000,0.00000000
R2L,2816.50000000,0.00000000
R2L,2817.50000000,0.00000000
R2L,2818.50000000,0.00000000
R2L,2819.50000000,0.00000000
R2L,2820.50000000,0.00000000
R2L,2821.50000000,0.00000000
R2L,2822.50000000,0.00000000
R2L,2823.50000000,0.00000000
R2L,2824.50000000,77.50781250
R2L,2825.50000000,163.28906250
R2L,2826.50000000,249.07031250
R2L,2827.50000000,334.85156250
R2L,2828.50000000,420.63281250
R2L,2829.50000000,449.40820312
R2L,2830.50000000,437.30078125
R2L,2831.50000000,425.29296875
R2L,2832.50000000,413.08593750
R2L,2833.50000000,401.03906250
R2L,2834.50000000,389.06933594
R2L,2835.50000000,377.03906250
R2L,2836.50000000,364.99218750
R2L,2837.50000000,352.88476562
R2L,2838.50000000,340.83789062
R2L,2839.50000000,328.79101562
R2L,2840.50000000,316.68359375
R2L,2841.50000000,304.63671875
R2L,2842.50000000,292.52929688
R2L,2843.50000000,280.48242188
R2L,2844.50000000,268.43554688
R2L,2845.50000000,256.48242188
R2L,2846.50000000,244.43554688
R2L,2847.50000000,232.38867188
R2L,2848.50000000,220.28125000
R2L,2849.50000000,208.23437500
R2L,2850.50000000,196.12695312
R2L,2851.50000000,184.08007812
R2L,2852.50000000,172.03320312
R2L,2853.50000000,159.92578125
R2L,2854.50000000,147.87890625
R2L,2855.50000000,135.83203125
R2L,2856.50000000,123.87890625
R2L,2857.50000000,111.83203125
R2L,2858.50000000,99.72460938
R2L,2859.50000000,87.67773438
R2L,2860.50000000,75.63085938
R2L,2861.50000000,63.52343750
R2L,2862.50000000,51.47656250
R2L,2863.50000000,39.42968750
R2L,2864.50000000,31.39843750
R2L,2865.50000000,19.35156250
R2L,2866.50000000,7.38183594
R2L,2867.50000000,1.78906250
R2L,2868.50000000,48.91406250
R2L,2869.50000000,134.69531250
R2L,2870.50000000,220.47656250
R2L,2871.50000000,306.25781250
R2L,2872.50000000,392.03906250
R2L,2873.50000000,453.42382812
R2L,2874.50000000,441.31640625
R2L,2875.50000000,429.26953125
R2L,2876.50000000,417.16210938
R2L,2877.50000000,405.11523438
R2L,2878.50000000,393.06835938
R2L,2879.50000000,381.05468750
R2L,2880.50000000,369.00781250
R2L,2881.50000000,356.90039062
R2L,2882.50000000,344.85351562
R2L,2883.50000000,332.88476562
R2L,2884.50000000,320.69921875
R2L,2885.50000000,308.65234375
R2L,2886.50000000,296.60546875
R2L,2887.50000000,284.49804688
R2L,2888.50000000,272.45117188
R2L,2889.50000000,260.42089844
R2L,2890.50000000,248.45117188
R2L,2891.50000000,236.40429688
R2L,2892.50000000,224.29687500
R2L,2893.50000000,212.25000000
R2L,2894.50000000,200.20312500
R2L,2895.50000000,188.09570312
R2L,2896.50000000,176.04882812
R2L,2897.50000000,163.94140625
R2L,2898.50000000,151.97265625
R2L,2899.50000000,139.84765625
R2L,2900.50000000,127.89453125
R2L,2901.50000000,115.84765625
R2L,2902.50000000,103.80078125
R2L,2903.50000000,91.69335938
R2L,2904.50000000,79.64648438
R2L,2905.50000000,67.53906250
R2L,2906.50000000,55.49218750
R2L,2907.50000000,43.44531250
R2L,2908.50000000,31.33789062
R2L,2909.50000000,19.29101562
R2L,2910.50000000,7.24414062
R2L,2911.50000000,3.57812500
R2L,2912.50000000,0.00000000
R2L,2913.50000000,0.00000000
R2L,2914.50000000,0.00000000
R2L,2915.50000000,61.20312500
R2L,2916.50000000,146.98437500
R2L,2917.50000000,232.76562500
R2L,2918.50000000,318.54687500
R2L,2919.50000000,404.32812500
R2L,2920.50000000,481.95703125
R2L,2921.50000000,469.84960938
R2L,2922.50000000,457.80273438
R2L,2923.50000000,449.81054688
R2L,2924.50000000,437.72460938
R2L,2925.50000000,425.75488281
R2L,2926.50000000,413.72460938
R2L,2927.50000000,401.67773438
R2L,2928.50000000,389.57031250
R2L,2929.50000000,377.52343750
R2L,2930.50000000,365.47656250
R2L,2931.50000000,353.36914062
R2L,2932.50000000,341.32226562
R2L,2933.50000000,329.27539062
R2L,2934.50000000,317.16796875
R2L,2935.50000000,305.12109375
R2L,2936.50000000,293.16796875
R2L,2937.50000000,281.12109375
R2L,2938.50000000,269.11328125
R2L,2939.50000000,256.96679688
R2L,2940.50000000,244.91992188
R2L,2941.50000000,232.87304688
R2L,2942.50000000,220.76562500
R2L,2943.50000000,208.71875000
R2L,2944.50000000,196.61132812
R2L,2945.50000000,184.50390625
R2L,2946.50000000,172.45703125
R2L,2947.50000000,160.50390625
R2L,2948.50000000,148.45703125
R2L,2949.50000000,136.41015625
R2L,2950.50000000,124.30273438
R2L,2951.50000000,112.25585938
R2L,2952.50000000,100.14843750
R2L,2953.50000000,88.10156250
R2L,2954.50000000,76.05468750
R2L,2955.50000000,63.94726562
R2L,2956.50000000,51.90039062
R2L,2957.50000000,39.85351562
R2L,2958.50000000,27.90039062
R2L,2959.50000000,15.85351562
R2L,2960.50000000,7.29394531
R2L,2961.50000000,1.64062500
R2L,2962.50000000,0.00000000
R2L,2963.50000000,0.00000000
R2L,2964.50000000,0.00000000
R2L,2965.50000000,0.00000000
R2L,2966.50000000,0.00000000
R2L,2967.50000000,0.00000000
R2L,2968.50000000,0.00000000
R2L,2969.50000000,0.00000000
R2L,2970.50000000,0.00000000
R2L,2971.50000000,0.00000000
R2L,2972.50000000,0.00000000
R2L,2973.50000000,0.00000000
R2L,2974.50000000,0.00000000
R2L,2975.50000000,0.00000000
R2L,2976.50000000,0.00000000
R2L,2977.50000000,0.00000000
R2L,2978.50000000,0.00000000
R2L,2979.50000000,0.00000000
R2L,2980.50000000,0.00000000
R2L,2981.50000000,0.00000000
R2L,2982.50000000,0.00000000
R2L,2983.50000000,0.00000000
R2L,2984.50000000,0.00000000
R2L,2985.50000000,0.00000000
R2L,2986.50000000,0.00000000
R2L,2987.50000000,0.00000000
R2L,2988.50000000,0.00000000
R2L,2989.50000000,0.00000000
R2L,2990.50000000,0.00000000
R2L,2991.50000000,0.00000000
R2L,2992.50000000,0.00000000
R2L,2993.50000000,0.00000000
R2L,2994.50000000,0.00000000
R2L,2995.50000000,0.00000000
R2L,2996.50000000,0.00000000
R2L,2997.50000000,0.00000000
R2L,2998.50000000,0.00000000
R2L,2999.50000000,0.00000000
R2L,3000.50000000,0.00000000
R2L,3001.50000000,0.00000000
R2L,3002.50000000,0.00000000
R2L,3003.50000000,0.00000000
R2L,3004.50000000,0.00000000
R2L,3005.50000000,0.00000000
R2L,3006.50000000,0.00000000
R2L,3007.50000000,0.00000000
R2L,3008.50000000,0.00000000
R2L,3009.50000000,0.00000000
R2L,3010.50000000,0.00000000
R2L,3011.50000000,0.00000000
R2L,3012.50000000,0.00000000
R2L,3013.50000000,0.00000000
R2L,3014.50000000,0.00000000
R2L,3015.50000000,0.00000000
R2L,3016.50000000,0.00000000
R2L,3017.50000000,0.00000000
R2L,3018.50000000,0.00000000
R2L,3019.50000000,0.00000000
R2L,3020.50000000,0.00000000
R2L,3021.50000000,0.00000000
R2L,3022.50000000,0.00000000
R2L,3023.50000000,0.00000000
R2L,3024.50000000,0.00000000
R2L,3025.50000000,0.00000000
R2L,3026.50000000,0.00000000
R2L,3027.50000000,0.00000000
R2L,3028.50000000,0.00000000
R2L,3029.50000000,0.00000000
R2L,3030.50000000,0.00000000
R2L,3031.50000000,0.00000000
R2L,3032.50000000,0.00000000
R2L,3033.50000000,0.00000000
R2L,3034.50000000,0.00000000
R2L,3035.50000000,0.00000000
R2L,3036.50000000,0.00000000
R2L,3037.50000000,0.00000000
R2L,3038.50000000,0.00000000
R2L,3039.50000000,0.00000000
R2L,3040.50000000,0.00000000
R2L,3041.50000000,0.00000000
R2L,3042.50000000,0.00000000
R2L,3043.50000000,0.00000000
R2L,3044.50000000,0.00000000
R2L,3045.50000000,0.00000000
R2L,3046.50000000,0.00000000
R2L,3047.50000000,0.00000000
R2L,3048.50000000,0.00000000
R2L,3049.50000000,0.00000000
R2L,3050.50000000,0.00000000
R2L,3051.50000000,0.00000000
R2L,3052.50000000,0.00000000
R2L,3053.50000000,0.00000000
R2L,3054.50000000,0.00000000
R2L,3055.50000000,0.00000000
R2L,3056.50000000,0.00000000
R2L,3057.50000000,0.00000000
R2L,3058.50000000,0.00000000
R2L,3059.50000000,0.00000000
R2L,3060.50000000,0.00000000
R2L,3061.50000000,0.00000000
R2L,3062.50000000,0.00000000
R2L,3063.50000000,0.00000000
R2L,3064.50000000,0.00000000
R2L,3065.50000000,0.00000000
R2L,3066.50000000,0.00000000
R2L,3067.50000000,0.00000000
R2L,3068.50000000,0.00000000
R2L,3069.50000000,0.00000000
R2L,3070.50000000,0.00000000
R2L,3071.50000000,0.00000000
R2L,3072.50000000,0.00000000
R2L,3073.50000000,0.00000000
R2L,3074.50000000,0.00000000
R2L,3075.50000000,0.00000000
R2L,3076.50000000,0.00000000
R2L,3077.50000000,0.00000000
R2L,3078.50000000,0.00000000
R2L,3079.50000000,0.00000000
R2L,3080.50000000,0.00000000
R2L,3081.50000000,0.00000000
R2L,3082.50000000,0.00000000
R2L,3083.50000000,0.00000000
R2L,3084.50000000,0.00000000
R2L,3085.50000000,0.00000000
R2L,3086.50000000,0.00000000
R2L,3087.50000000,0.00000000
R2L,3088.50000000,0.00000000
R2L,3089.50000000,0.00000000
R2L,3090.50000000,0.00000000
R2L,3091.50000000,28.59375000
R2L,3092.50000000,61.38476562
R2L,3093.50000000,98.25195312
R2L,3094.50000000,135.05859375
R2L,3095.50000000,171.86523438
R2L,3096.50000000,188.36816406
R2L,3097.50000000,176.26074219
R2L,3098.50000000,164.21386719
R2L,3099.50000000,152.10644531
R2L,3100.50000000,139.99902344
R2L,3101.50000000,127.89160156
R2L,3102.50000000,115.92187500
R2L,3103.50000000,107.89062500
R2L,3104.50000000,95.78320312
R2L,3105.50000000,83.77539062
R2L,3106.50000000,71.62890625
R2L,3107.50000000,59.59863281
R2L,3108.50000000,47.49121094
R2L,3109.50000000,35.44433594
R2L,3110.50000000,23.33691406
R2L,3111.50000000,11.22949219
R2L,3112.50000000,1.91015625
R2L,3113.50000000,0.00000000
R2L,3114.50000000,0.00000000
R2L,3115.50000000,0.00000000
R2L,3116.50000000,0.00000000
R2L,3117.50000000,0.00000000
R2L,3118.50000000,0.00000000
R2L,3119.50000000,0.00000000
R2L,3120.50000000,0.00000000
R2L,3121.50000000,0.00000000
R2L,3122.50000000,0.00000000
R2L,3123.50000000,0.00000000
R2L,3124.50000000,0.00000000
R2L,3125.50000000,0.00000000
R2L,3126.50000000,0.00000000
R2L,3127.50000000,0.00000000
R2L,3128.50000000,0.00000000
R2L,3129.50000000,0.00000000
R2L,3130.50000000,0.00000000
R2L,3131.50000000,0.00000000
R2L,3132.50000000,0.00000000
R2L,3133.50000000,0.00000000
R2L,3134.50000000,0.00000000
R2L,3135.50000000,0.00000000
R2L,3136.50000000,0.00000000
R2L,3137.50000000,0.00000000
R2L,3138.50000000,0.00000000
R2L,3139.50000000,0.00000000
R2L,3140.50000000,0.00000000
R2L,3141.50000000,0.00000000
R2L,3142.50000000,0.00000000
R2L,3143.50000000,0.00000000
R2L,3144.50000000,0.00000000
R2L,3145.50000000,0.00000000
R2L,3146.50000000,0.00000000
R2L,3147.50000000,0.00000000
R2L,3148.50000000,0.00000000
R2L,3149.50000000,0.00000000
R2L,3150.50000000,36.80664062
R2L,3151.50000000,73.67382812
R2L,3152.50000000,110.48046875
R2L,3153.50000000,147.34765625
R2L,3154.50000000,184.15429688
R2L,3155.50000000,184.35253906
R2L,3156.50000000,172.24511719
R2L,3157.50000000,160.13769531
R2L,3158.50000000,148.09082031
R2L,3159.50000000,140.05957031
R2L,3160.50000000,128.02929688
R2L,3161.50000000,115.98242188
R2L,3162.50000000,103.87500000
R2L,3163.50000000,91.76757812
R2L,3164.50000000,79.66015625
R2L,3165.50000000,67.61328125
R2L,3166.50000000,55.58300781
R2L,3167.50000000,43.47558594
R2L,3168.50000000,31.36816406
R2L,3169.50000000,19.32128906
R2L,3170.50000000,7.21386719
R2L,3171.50000000,0.06054688
R2L,3172.50000000,24.51757812
R2L,3173.50000000,61.38476562
R2L,3174.50000000,98.25195312
R2L,3175.50000000,135.05859375
R2L,3176.50000000,171.86523438
R2L,3177.50000000,188.36816406
R2L,3178.50000000,176.26074219
R2L,3179.50000000,164.25292969
R2L,3180.50000000,156.18261719
R2L,3181.50000000,144.07519531
R2L,3182.50000000,132.02832031
R2L,3183.50000000,119.99804688
R2L,3184.50000000,107.89062500
R2L,3185.50000000,95.78320312
R2L,3186.50000000,83.73632812
R2L,3187.50000000,71.62890625
R2L,3188.50000000,59.59863281
R2L,3189.50000000,47.49121094
R2L,3190.50000000,35.44433594
R2L,3191.50000000,23.33691406
R2L,3192.50000000,11.22949219
R2L,3193.50000000,2.01464844
R2L,3194.50000000,0.00000000
R2L,3195.50000000,0.00000000
R2L,3196.50000000,0.00000000
R2L,3197.50000000,28.59375000
R2L,3198.50000000,65.46093750
R2L,3199.50000000,102.32812500
R2L,3200.50000000,139.13476562
R2L,3201.50000000,175.94140625
R2L,3202.50000000,204.67285156
R2L,3203.50000000,192.56542969
R2L,3204.50000000,180.51855469
R2L,3205.50000000,168.41113281
R2L,3206.50000000,156.30371094
R2L,3207.50000000,144.19628906
R2L,3208.50000000,132.22656250
R2L,3209.50000000,120.11914062
R2L,3210.50000000,108.01171875
R2L,3211.50000000,95.90429688
R2L,3212.50000000,83.85742188
R2L,3213.50000000,71.82714844
R2L,3214.50000000,63.79589844
R2L,3215.50000000,51.74902344
R2L,3216.50000000,39.68066406
R2L,3217.50000000,27.53417969
R2L,3218.50000000,15.56445312
R2L,3219.50000000,3.45703125
R2L,3220.50000000,0.00000000
R2L,3221.50000000,0.00000000
R2L,3222.50000000,0.00000000
R2L,3223.50000000,0.00000000
R2L,3224.50000000,0.00000000
R2L,3225.50000000,0.00000000
R2L,3226.50000000,0.00000000
R2L,3227.50000000,0.00000000
R2L,3228.50000000,0.00000000
R2L,3229.50000000,0.00000000
R2L,3230.50000000,0.00000000
R2L,3231.50000000,0.00000000
R2L,3232.50000000,0.00000000
R2L,3233.50000000,0.00000000
R2L,3234.50000000,0.00000000
R2L,3235.50000000,0.00000000
R2L,3236.50000000,0.00000000
R2L,3237.50000000,0.00000000
R2L,3238.50000000,0.00000000
R2L,3239.50000000,0.00000000
R2L,3240.50000000,0.00000000
R2L,3241.50000000,0.00000000
R2L,3242.50000000,0.00000000
R2L,3243.50000000,0.00000000
R2L,3244.50000000,0.00000000
R2L,3245.50000000,0.00000000
R2L,3246.50000000,0.00000000
R2L,3247.50000000,0.00000000
R2L,3248.50000000,0.00000000
R2L,3249.50000000,0.00000000
R2L,3250.50000000,0.00000000
R2L,3251.50000000,0.00000000
R2L,3252.50000000,0.00000000
R2L,3253.50000000,0.00000000
R2L,3254.50000000,0.00000000
R2L,3255.50000000,0.00000000
R2L,3256.50000000,0.00000000
R2L,3257.50000000,0.00000000
R2L,3258.50000000,0.00000000
R2L,3259.50000000,0.00000000
R2L,3260.50000000,0.00000000
R2L,3261.50000000,0.00000000
R2L,3262.50000000,0.00000000
R2L,3263.50000000,0.00000000
R2L,3264.50000000,0.00000000
R2L,3265.50000000,0.00000000
R2L,3266.50000000,0.00000000
R2L,3267.50000000,0.00000000
R2L,3268.50000000,0.00000000
R2L,3269.50000000,0.00000000
R2L,3270.50000000,0.00000000
R2L,3271.50000000,0.00000000
R2L,3272.50000000,0.00000000
R2L,3273.50000000,0.00000000
R2L,3274.50000000,0.00000000
R2L,3275.50000000,0.00000000
R2L,3276.50000000,0.00000000
R2L,3277.50000000,0.00000000
R2L,3278.50000000,0.00000000
R2L,3279.50000000,0.00000000
R2L,3280.50000000,0.00000000
R2L,3281.50000000,0.00000000
R2L,3282.50000000,0.00000000
R2L,3283.50000000,0.00000000
R2L,3284.50000000,0.00000000
R2L,3285.50000000,0.00000000
R2L,3286.50000000,0.00000000
R2L,3287.50000000,0.00000000
R2L,3288.50000000,0.00000000
R2L,3289.50000000,0.00000000
R2L,3290.50000000,0.00000000
R2L,3291.50000000,0.00000000
R2L,3292.50000000,0.00000000
R2L,3293.50000000,0.00000000
R2L,3294.50000000,0.00000000
R2L,3295.50000000,0.00000000
R2L,3296.50000000,0.00000000
R2L,3297.50000000,0.00000000
R2L,3298.50000000,0.00000000
R2L,3299.50000000,0.00000000
R2L,3300.50000000,0.00000000
R2L,3301.50000000,0.00000000
R2L,3302.50000000,0.00000000
R2L,3303.50000000,0.00000000
R2L,3304.50000000,0.00000000
R2L,3305.50000000,0.00000000
R2L,3306.50000000,0.00000000
R2L,3307.50000000,0.00000000
R2L,3308.50000000,0.00000000
R2L,3309.50000000,0.00000000
R2L,3310.50000000,0.00000000
R2L,3311.50000000,0.00000000
R2L,3312.50000000,0.00000000
R2L,3313.50000000,0.00000000
R2L,3314.50000000,0.00000000
R2L,3315.50000000,0.00000000
R2L,3316.50000000,0.00000000
R2L,3317.50000000,0.00000000
R2L,3318.50000000,0.00000000
R2L,3319.50000000,0.00000000
R2L,3320.50000000,0.00000000
R2L,3321.50000000,0.00000000
R2L,3322.50000000,0.00000000
R2L,3323.50000000,0.00000000
R2L,3324.50000000,0.00000000
R2L,3325.50000000,0.00000000
R2L,3326.50000000,0.00000000
R2L,3327.50000000,0.00000000
R2L,3328.50000000,0.00000000
R2L,3329.50000000,0.00000000
R2L,3330.50000000,0.00000000
R2L,3331.50000000,0.00000000
R2L,3332.50000000,0.00000000
R2L,3333.50000000,0.00000000
R2L,3334.50000000,0.00000000
R2L,3335.50000000,0.00000000
R2L,3336.50000000,0.00000000
R2L,3337.50000000,0.00000000
R2L,3338.50000000,0.00000000
R2L,3339.50000000,0.00000000
R2L,3340.50000000,0.00000000
R2L,3341.50000000,0.00000000
R2L,3342.50000000,0.00000000
R2L,3343.50000000,0.00000000
R2L,3344.50000000,0.00000000
R2L,3345.50000000,0.00000000
R2L,3346.50000000,0.00000000
R2L,3347.50000000,0.00000000
R2L,3348.50000000,0.00000000
R2L,3349.50000000,0.00000000
R2L,3350.50000000,0.00000000
R2L,3351.50000000,0.00000000
R2L,3352.50000000,0.00000000
R2L,3353.50000000,0.00000000
R2L,3354.50000000,0.00000000
R2L,3355.50000000,0.00000000
R2L,3356.50000000,0.00000000
R2L,3357.50000000,0.00000000
R2L,3358.50000000,0.00000000
R2L,3359.50000000,0.00000000
R2L,3360.50000000,0.00000000
R2L,3361.50000000,0.00000000
R2L,3362.50000000,0.00000000
R2L,3363.50000000,0.00000000
R2L,3364.50000000,0.00000000
R2L,3365.50000000,0.00000000
R2L,3366.50000000,0.00000000
R2L,3367.50000000,0.00000000
R2L,3368.50000000,0.00000000
R2L,3369.50000000,0.00000000
R2L,3370.50000000,0.00000000
R2L,3371.50000000,0.00000000
R2L,3372.50000000,0.00000000
R2L,3373.50000000,0.00000000
R2L,3374.50000000,0.00000000
R2L,3375.50000000,0.00000000
R2L,3376.50000000,0.00000000
R2L,3377.50000000,0.00000000
R2L,3378.50000000,0.00000000
R2L,3379.50000000,0.00000000
R2L,3380.50000000,0.00000000
R2L,3381.50000000,0.00000000
R2L,3382.50000000,0.00000000
R2L,3383.50000000,0.00000000
R2L,3384.50000000,0.00000000
R2L,3385.50000000,0.00000000
R2L,3386.50000000,0.00000000
R2L,3387.50000000,0.00000000
R2L,3388.50000000,0.00000000
R2L,3389.50000000,0.00000000
R2L,3390.50000000,0.00000000
R2L,3391.50000000,0.00000000
R2L,3392.50000000,0.00000000
R2L,3393.50000000,0.00000000
R2L,3394.50000000,0.00000000
R2L,3395.50000000,0.00000000
R2L,3396.50000000,0.00000000
R2L,3397.50000000,0.00000000
R2L,3398.50000000,0.00000000
R2L,3399.50000000,0.00000000
R2L,3400.50000000,0.00000000
R2L,3401.50000000,0.00000000
R2L,3402.50000000,0.00000000
R2L,3403.50000000,0.00000000
R2L,3404.50000000,0.00000000
R2L,3405.50000000,0.00000000
R2L,3406.50000000,0.00000000
R2L,3407.50000000,0.00000000
R2L,3408.50000000,0.00000000
R2L,3409.50000000,0.00000000
R2L,3410.50000000,0.00000000
R2L,3411.50000000,0.00000000
R2L,3412.50000000,0.00000000
R2L,3413.50000000,0.00000000
R2L,3414.50000000,0.00000000
R2L,3415.50000000,0.00000000
R2L,3416.50000000,0.00000000
R2L,3417.50000000,0.00000000
R2L,3418.50000000,0.00000000
R2L,3419.50000000,77.50781250
R2L,3420.50000000,163.28906250
R2L,3421.50000000,244.99414062
R2L,3422.50000000,326.69921875
R2L,3423.50000000,412.48046875
R2L,3424.50000000,449.34765625
R2L,3425.50000000,437.24023438
R2L,3426.50000000,425.19335938
R2L,3427.50000000,413.08593750
R2L,3428.50000000,401.03906250
R2L,3429.50000000,389.06933594
R2L,3430.50000000,377.03906250
R2L,3431.50000000,364.99218750
R2L,3432.50000000,352.94531250
R2L,3433.50000000,340.91601562
R2L,3434.50000000,328.79101562
R2L,3435.50000000,316.68359375
R2L,3436.50000000,304.63671875
R2L,3437.50000000,292.52929688
R2L,3438.50000000,280.48242188
R2L,3439.50000000,268.43554688
R2L,3440.50000000,256.48242188
R2L,3441.50000000,244.43554688
R2L,3442.50000000,232.38867188
R2L,3443.50000000,220.28125000
R2L,3444.50000000,208.23437500
R2L,3445.50000000,196.12695312
R2L,3446.50000000,184.08007812
R2L,3447.50000000,172.03320312
R2L,3448.50000000,159.92578125
R2L,3449.50000000,147.87890625
R2L,3450.50000000,135.83203125
R2L,3451.50000000,127.95507812
R2L,3452.50000000,115.90820312
R2L,3453.50000000,103.86132812
R2L,3454.50000000,91.75390625
R2L,3455.50000000,79.70703125
R2L,3456.50000000,67.59960938
R2L,3457.50000000,55.55273438
R2L,3458.50000000,43.50585938
R2L,3459.50000000,31.39843750
R2L,3460.50000000,19.35156250
R2L,3461.50000000,7.38183594
R2L,3462.50000000,1.91015625
R2L,3463.50000000,0.00000000
R2L,3464.50000000,0.00000000
R2L,3465.50000000,0.00000000
R2L,3466.50000000,0.00000000
R2L,3467.50000000,0.00000000
R2L,3468.50000000,0.00000000
R2L,3469.50000000,0.00000000
R2L,3470.50000000,0.00000000
R2L,3471.50000000,0.00000000
R2L,3472.50000000,0.00000000
R2L,3473.50000000,0.00000000
R2L,3474.50000000,0.00000000
R2L,3475.50000000,0.00000000
R2L,3476.50000000,0.00000000
R2L,3477.50000000,0.00000000
R2L,3478.50000000,0.00000000
R2L,3479.50000000,0.00000000
R2L,3480.50000000,0.00000000
R2L,3481.50000000,0.00000000
R2L,3482.50000000,0.00000000
R2L,3483.50000000,0.00000000
R2L,3484.50000000,0.00000000
R2L,3485.50000000,0.00000000
R2L,3486.50000000,0.00000000
R2L,3487.50000000,0.00000000
R2L,3488.50000000,0.00000000
R2L,3489.50000000,0.00000000
R2L,3490.50000000,0.00000000
R2L,3491.50000000,0.00000000
R2L,3492.50000000,0.00000000
R2L,3493.50000000,0.00000000
R2L,3494.50000000,0.00000000
R2L,3495.50000000,0.00000000
R2L,3496.50000000,0.00000000
R2L,3497.50000000,0.00000000
R2L,3498.50000000,0.00000000
R2L,3499.50000000,20.38085938
R2L,3500.50000000,106.10156250
R2L,3501.50000000,191.88281250
R2L,3502.50000000,277.66406250
R2L,3503.50000000,363.44531250
R2L,3504.50000000,449.22656250
R2L,3505.50000000,445.27148438
R2L,3506.50000000,433.22460938
R2L,3507.50000000,421.11718750
R2L,3508.50000000,409.07031250
R2L,3509.50000000,397.02343750
R2L,3510.50000000,385.13085938
R2L,3511.50000000,373.02343750
R2L,3512.50000000,360.97656250
R2L,3513.50000000,348.86914062
R2L,3514.50000000,336.82226562
R2L,3515.50000000,324.71484375
R2L,3516.50000000,312.66796875
R2L,3517.50000000,300.62109375
R2L,3518.50000000,288.51367188
R2L,3519.50000000,276.46679688
R2L,3520.50000000,264.41992188
R2L,3521.50000000,252.46679688
R2L,3522.50000000,240.49804688
R2L,3523.50000000,228.31250000
R2L,3524.50000000,216.26562500
R2L,3525.50000000,204.21875000
R2L,3526.50000000,192.11132812
R2L,3527.50000000,180.06445312
R2L,3528.50000000,168.01757812
R2L,3529.50000000,155.91015625
R2L,3530.50000000,143.86328125
R2L,3531.50000000,131.83300781
R2L,3532.50000000,119.86328125
R2L,3533.50000000,107.81640625
R2L,3534.50000000,99.78515625
R2L,3535.50000000,87.73828125
R2L,3536.50000000,75.69140625
R2L,3537.50000000,63.62304688
R2L,3538.50000000,51.53710938
R2L,3539.50000000,39.49023438
R2L,3540.50000000,27.38281250
R2L,3541.50000000,15.33593750
R2L,3542.50000000,5.73046875
R2L,3543.50000000,0.00000000
R2L,3544.50000000,77.50781250
R2L,3545.50000000,163.28906250
R2L,3546.50000000,249.07031250
R2L,3547.50000000,334.85156250
R2L,3548.50000000,420.63281250
R2L,3549.50000000,449.34765625
R2L,3550.50000000,437.24023438
R2L,3551.50000000,425.19335938
R2L,3552.50000000,413.08593750
R2L,3553.50000000,401.03906250
R2L,3554.50000000,389.06933594
R2L,3555.50000000,377.03906250
R2L,3556.50000000,364.99218750
R2L,3557.50000000,352.88476562
R2L,3558.50000000,340.83789062
R2L,3559.50000000,328.79101562
R2L,3560.50000000,316.68359375
R2L,3561.50000000,304.63671875
R2L,3562.50000000,292.52929688
R2L,3563.50000000,280.48242188
R2L,3564.50000000,268.43554688
R2L,3565.50000000,256.48242188
R2L,3566.50000000,244.43554688
R2L,3567.50000000,232.38867188
R2L,3568.50000000,220.28125000
R2L,3569.50000000,208.23437500
R2L,3570.50000000,196.12695312
R2L,3571.50000000,184.08007812
R2L,3572.50000000,172.03320312
R2L,3573.50000000,159.92578125
R2L,3574.50000000,147.87890625
R2L,3575.50000000,135.83203125
R2L,3576.50000000,123.87890625
R2L,3577.50000000,111.83203125
R2L,3578.50000000,99.72460938
R2L,3579.50000000,87.67773438
R2L,3580.50000000,79.70703125
R2L,3581.50000000,67.59960938
R2L,3582.50000000,55.55273438
R2L,3583.50000000,43.50585938
R2L,3584.50000000,31.39843750
R2L,3585.50000000,19.35156250
R2L,3586.50000000,7.38183594
R2L,3587.50000000,1.78906250
R2L,3588.50000000,0.00000000
R2L,3589.50000000,0.00000000
R2L,3590.50000000,4.07617188
R2L,3591.50000000,85.72070312
R2L,3592.50000000,171.50195312
R2L,3593.50000000,257.28320312
R2L,3594.50000000,343.06445312
R2L,3595.50000000,428.84570312
R2L,3596.50000000,482.01757812
R2L,3597.50000000,469.91015625
R2L,3598.50000000,457.86328125
R2L,3599.50000000,445.79492188
R2L,3600.50000000,433.70898438
R2L,3601.50000000,421.81640625
R2L,3602.50000000,409.70898438
R2L,3603.50000000,397.66210938
R2L,3604.50000000,385.55468750
R2L,3605.50000000,373.50781250
R2L,3606.50000000,361.46093750
R2L,3607.50000000,349.35351562
R2L,3608.50000000,337.30664062
R2L,3609.50000000,325.19921875
R2L,3610.50000000,313.15234375
R2L,3611.50000000,301.10546875
R2L,3612.50000000,289.15234375
R2L,3613.50000000,277.10546875
R2L,3614.50000000,265.09765625
R2L,3615.50000000,252.89062500
R2L,3616.50000000,240.84375000
R2L,3617.50000000,228.73632812
R2L,3618.50000000,216.68945312
R2L,3619.50000000,204.64257812
R2L,3620.50000000,192.53515625
R2L,3621.50000000,180.48828125
R2L,3622.50000000,168.44140625
R2L,3623.50000000,156.48828125
R2L,3624.50000000,144.44140625
R2L,3625.50000000,132.33398438
R2L,3626.50000000,120.28710938
R2L,3627.50000000,108.24023438
R2L,3628.50000000,96.13281250
R2L,3629.50000000,84.16406250
R2L,3630.50000000,72.03906250
R2L,3631.50000000,59.93164062
R2L,3632.50000000,47.88476562
R2L,3633.50000000,35.85449219
R2L,3634.50000000,23.88476562
R2L,3635.50000000,11.83789062
R2L,3636.50000000,5.70312500
R2L,3637.50000000,0.00000000
R2L,3638.50000000,0.00000000
R2L,3639.50000000,0.00000000
R2L,3640.50000000,0.00000000
R2L,3641.50000000,0.00000000
R2L,3642.50000000,0.00000000
R2L,3643.50000000,0.00000000
R2L,3644.50000000,0.00000000
R2L,3645.50000000,0.00000000
R2L,3646.50000000,0.00000000
R2L,3647.50000000,0.00000000
R2L,3648.50000000,0.00000000
R2L,3649.50000000,0.00000000
R2L,3650.50000000,0.00000000
R2L,3651.50000000,0.00000000
R2L,3652.50000000,0.00000000
R2L,3653.50000000,0.00000000
R2L,3654.50000000,0.00000000
R2L,3655.50000000,0.00000000
R2L,3656.50000000,0.00000000
R2L,3657.50000000,0.00000000
R2L,3658.50000000,0.00000000
R2L,3659.50000000,0.00000000
R2L,3660.50000000,0.00000000
R2L,3661.50000000,0.00000000
R2L,3662.50000000,0.00000000
R2L,3663.50000000,0.00000000
R2L,3664.50000000,0.00000000
R2L,3665.50000000,0.00000000
R2L,3666.50000000,0.00000000
R2L,3667.50000000,0.00000000
R2L,3668.50000000,0.00000000
R2L,3669.50000000,0.00000000
R2L,3670.50000000,0.00000000
R2L,3671.50000000,0.00000000
R2L,3672.50000000,0.00000000
R2L,3673.50000000,0.00000000
R2L,3674.50000000,0.00000000
R2L,3675.50000000,0.00000000
R2L,3676.50000000,0.00000000
R2L,3677.50000000,16.30468750
R2L,3678.50000000,49.09570312
R2L,3679.50000000,85.96289062
R2L,3680.50000000,122.76953125
R2L,3681.50000000,159.63671875
R2L,3682.50000000,196.44335938
R2L,3683.50000000,184.41308594
R2L,3684.50000000,172.30566406
R2L,3685.50000000,160.19824219
R2L,3686.50000000,148.15136719
R2L,3687.50000000,136.04394531
R2L,3688.50000000,124.01367188
R2L,3689.50000000,111.90625000
R2L,3690.50000000,99.85937500
R2L,3691.50000000,87.75195312
R2L,3692.50000000,75.68359375
R2L,3693.50000000,63.53710938
R2L,3694.50000000,51.50683594
R2L,3695.50000000,39.39941406
R2L,3696.50000000,27.29199219
R2L,3697.50000000,15.24511719
R2L,3698.50000000,3.13769531
R2L,3699.50000000,0.00000000
R2L,3700.50000000,0.00000000
R2L,3701.50000000,0.00000000
R2L,3702.50000000,0.00000000
R2L,3703.50000000,0.00000000
R2L,3704.50000000,0.00000000
R2L,3705.50000000,0.00000000
R2L,3706.50000000,0.00000000
R2L,3707.50000000,0.00000000
R2L,3708.50000000,0.00000000
R2L,3709.50000000,0.00000000
R2L,3710.50000000,0.00000000
R2L,3711.50000000,0.00000000
R2L,3712.50000000,0.00000000
R2L,3713.50000000,0.00000000
R2L,3714.50000000,0.00000000
R2L,3715.50000000,0.00000000
R2L,3716.50000000,0.00000000
R2L,3717.50000000,0.00000000
R2L,3718.50000000,0.00000000
R2L,3719.50000000,0.00000000
R2L,3720.50000000,0.00000000
R2L,3721.50000000,0.00000000
R2L,3722.50000000,0.00000000
R2L,3723.50000000,0.00000000
R2L,3724.50000000,0.00000000
R2L,3725.50000000,0.00000000
R2L,3726.50000000,0.00000000
R2L,3727.50000000,0.00000000
R2L,3728.50000000,0.00000000
R2L,3729.50000000,0.00000000
R2L,3730.50000000,0.00000000
R2L,3731.50000000,0.00000000
R2L,3732.50000000,0.00000000
R2L,3733.50000000,0.00000000
R2L,3734.50000000,0.00000000
R2L,3735.50000000,0.00000000
R2L,3736.50000000,24.45703125
R2L,3737.50000000,61.38476562
R2L,3738.50000000,98.25195312
R2L,3739.50000000,135.05859375
R2L,3740.50000000,171.86523438
R2L,3741.50000000,192.44433594
R2L,3742.50000000,180.39746094
R2L,3743.50000000,168.29003906
R2L,3744.50000000,156.18261719
R2L,3745.50000000,144.07519531
R2L,3746.50000000,132.02832031
R2L,3747.50000000,120.03710938
R2L,3748.50000000,107.89062500
R2L,3749.50000000,95.78320312
R2L,3750.50000000,83.73632812
R2L,3751.50000000,71.56835938
R2L,3752.50000000,59.53808594
R2L,3753.50000000,47.43066406
R2L,3754.50000000,35.38378906
R2L,3755.50000000,23.27636719
R2L,3756.50000000,11.16894531
R2L,3757.50000000,2.33398438
R2L,3758.50000000,12.22851562
R2L,3759.50000000,49.09570312
R2L,3760.50000000,85.96289062
R2L,3761.50000000,122.76953125
R2L,3762.50000000,159.63671875
R2L,3763.50000000,196.44335938
R2L,3764.50000000,184.41308594
R2L,3765.50000000,172.30566406
R2L,3766.50000000,160.19824219
R2L,3767.50000000,148.15136719
R2L,3768.50000000,136.04394531
R2L,3769.50000000,124.01367188
R2L,3770.50000000,111.90625000
R2L,3771.50000000,99.79882812
R2L,3772.50000000,87.69140625
R2L,3773.50000000,75.58398438
R2L,3774.50000000,63.47656250
R2L,3775.50000000,51.50683594
R2L,3776.50000000,39.39941406
R2L,3777.50000000,27.29199219
R2L,3778.50000000,15.24511719
R2L,3779.50000000,3.13769531
R2L,3780.50000000,0.00000000
R2L,3781.50000000,0.00000000
R2L,3782.50000000,0.00000000
R2L,3783.50000000,12.22851562
R2L,3784.50000000,49.09570312
R2L,3785.50000000,85.96289062
R2L,3786.50000000,122.76953125
R2L,3787.50000000,159.57617188
R2L,3788.50000000,196.38281250
R2L,3789.50000000,196.64160156
R2L,3790.50000000,188.61035156
R2L,3791.50000000,176.50292969
R2L,3792.50000000,164.45605469
R2L,3793.50000000,152.34863281
R2L,3794.50000000,140.31835938
R2L,3795.50000000,128.21093750
R2L,3796.50000000,116.16406250
R2L,3797.50000000,104.05664062
R2L,3798.50000000,91.94921875
R2L,3799.50000000,79.91894531
R2L,3800.50000000,67.87207031
R2L,3801.50000000,55.76464844
R2L,3802.50000000,43.65722656
R2L,3803.50000000,31.61035156
R2L,3804.50000000,19.50292969
R2L,3805.50000000,7.41210938
R2L,3806.50000000,0.44042969
R2L,3807.50000000,0.00000000
R2L,3808.50000000,0.00000000
R2L,3809.50000000,0.00000000
R2L,3810.50000000,0.00000000
R2L,3811.50000000,0.00000000
R2L,3812.50000000,0.00000000
R2L,3813.50000000,0.00000000
R2L,3814.50000000,0.00000000
R2L,3815.50000000,0.00000000
R2L,3816.50000000,0.00000000
R2L,3817.50000000,0.00000000
R2L,3818.50000000,0.00000000
R2L,3819.50000000,0.00000000
R2L,3820.50000000,0.00000000
R2L,3821.50000000,0.00000000
R2L,3822.50000000,0.00000000
R2L,3823.50000000,0.00000000
R2L,3824.50000000,0.00000000
R2L,3825.50000000,0.00000000
R2L,3826.50000000,0.00000000
R2L,3827.50000000,0.00000000
R2L,3828.50000000,0.00000000
R2L,3829.50000000,0.00000000
R2L,3830.50000000,0.00000000
R2L,3831.50000000,0.00000000
R2L,3832.50000000,0.00000000
R2L,3833.50000000,0.00000000
R2L,3834.50000000,0.00000000
R2L,3835.50000000,0.00000000
R2L,3836.50000000,0.00000000
R2L,3837.50000000,0.00000000
R2L,3838.50000000,0.00000000
R2L,3839.50000000,0.00000000
R2L,3840.50000000,0.00000000
R2L,3841.50000000,0.00000000
R2L,3842.50000000,0.00000000
R2L,3843.50000000,0.00000000
R2L,3844.50000000,0.00000000
R2L,3845.50000000,0.00000000
R2L,3846.50000000,0.00000000
R2L,3847.50000000,0.00000000
R2L,3848.50000000,0.00000000
R2L,3849.50000000,0.00000000
R2L,3850.50000000,0.00000000
R2L,3851.50000000,0.00000000
R2L,3852.50000000,0.00000000
R2L,3853.50000000,0.00000000
R2L,3854.50000000,0.00000000
R2L,3855.50000000,0.00000000
R2L,3856.50000000,0.00000000
R2L,3857.50000000,0.00000000
R2L,3858.50000000,0.00000000
R2L,3859.50000000,0.00000000
R2L,3860.50000000,0.00000000
R2L,3861.50000000,0.00000000
R2L,3862.50000000,0.00000000
R2L,3863.50000000,0.00000000
R2L,3864.50000000,0.00000000
R2L,3865.50000000,0.00000000
R2L,3866.50000000,0.00000000
R2L,3867.50000000,0.00000000
R2L,3868.50000000,0.00000000
R2L,3869.50000000,0.00000000
R2L,3870.50000000,0.00000000
R2L,3871.50000000,0.00000000
R2L,3872.50000000,0.00000000
R2L,3873.50000000,0.00000000
R2L,3874.50000000,0.00000000
R2L,3875.50000000,0.00000000
R2L,3876.50000000,0.00000000
R2L,3877.50000000,0.00000000
R2L,3878.50000000,0.00000000
R2L,3879.50000000,0.00000000
R2L,3880.50000000,0.00000000
R2L,3881.50000000,0.00000000
R2L,3882.50000000,0.00000000
R2L,3883.50000000,0.00000000
R2L,3884.50000000,0.00000000
R2L,3885.50000000,0.00000000
R2L,3886.50000000,0.00000000
R2L,3887.50000000,0.00000000
R2L,3888.50000000,0.00000000
R2L,3889.50000000,0.00000000
R2L,3890.50000000,0.00000000
R2L,3891.50000000,0.00000000
R2L,3892.50000000,0.00000000
R2L,3893.50000000,0.00000000
R2L,3894.50000000,0.00000000
R2L,3895.50000000,0.00000000
R2L,3896.50000000,0.00000000
R2L,3897.50000000,0.00000000
R2L,3898.50000000,0.00000000
R2L,3899.50000000,0.00000000
R2L,3900.50000000,0.00000000
R2L,3901.50000000,0.00000000
R2L,3902.50000000,0.00000000
R2L,3903.50000000,0.00000000
R2L,3904.50000000,0.00000000
R2L,3905.50000000,0.00000000
R2L,3906.50000000,0.00000000
R2L,3907.50000000,0.00000000
R2L,3908.50000000,0.00000000
R2L,3909.50000000,0.00000000
R2L,3910.50000000,0.00000000
R2L,3911.50000000,0.00000000
R2L,3912.50000000,0.00000000
R2L,3913.50000000,0.00000000
R2L,3914.50000000,0.00000000
R2L,3915.50000000,0.00000000
R2L,3916.50000000,0.00000000
R2L,3917.50000000,0.00000000
R2L,3918.50000000,0.00000000
R2L,3919.50000000,0.00000000
R2L,3920.50000000,0.00000000
R2L,3921.50000000,0.00000000
R2L,3922.50000000,0.00000000
R2L,3923.50000000,0.00000000
R2L,3924.50000000,0.00000000
R2L,3925.50000000,0.00000000
R2L,3926.50000000,0.00000000
R2L,3927.50000000,0.00000000
R2L,3928.50000000,0.00000000
R2L,3929.50000000,0.00000000
R2L,3930.50000000,0.00000000
R2L,3931.50000000,0.00000000
R2L,3932.50000000,0.00000000
R2L,3933.50000000,0.00000000
R2L,3934.50000000,0.00000000
R2L,3935.50000000,0.00000000
R2L,3936.50000000,0.00000000
R2L,3937.50000000,0.00000000
R2L,3938.50000000,0.00000000
R2L,3939.50000000,0.00000000
R2L,3940.50000000,0.00000000
R2L,3941.50000000,0.00000000
R2L,3942.50000000,0.00000000
R2L,3943.50000000,0.00000000
R2L,3944.50000000,0.00000000
R2L,3945.50000000,0.00000000
R2L,3946.50000000,0.00000000
R2L,3947.50000000,0.00000000
R2L,3948.50000000,0.00000000
R2L,3949.50000000,0.00000000
R2L,3950.50000000,0.00000000
R2L,3951.50000000,0.00000000
R2L,3952.50000000,0.00000000
R2L,3953.50000000,0.00000000
R2L,3954.50000000,0.00000000
R2L,3955.50000000,0.00000000
R2L,3956.50000000,0.00000000
R2L,3957.50000000,0.00000000
R2L,3958.50000000,0.00000000
R2L,3959.50000000,0.00000000
R2L,3960.50000000,0.00000000
R2L,3961.50000000,0.00000000
R2L,3962.50000000,0.00000000
R2L,3963.50000000,0.00000000
R2L,3964.50000000,0.00000000
R2L,3965.50000000,0.00000000
R2L,3966.50000000,0.00000000
R2L,3967.50000000,0.00000000
R2L,3968.50000000,0.00000000
R2L,3969.50000000,0.00000000
R2L,3970.50000000,0.00000000
R2L,3971.50000000,0.00000000
R2L,3972.50000000,0.00000000
R2L,3973.50000000,0.00000000
R2L,3974.50000000,0.00000000
R2L,3975.50000000,0.00000000
R2L,3976.50000000,0.00000000
R2L,3977.50000000,0.00000000
R2L,3978.50000000,0.00000000
R2L,3979.50000000,0.00000000
R2L,3980.50000000,0.00000000
R2L,3981.50000000,0.00000000
R2L,3982.50000000,0.00000000
R2L,3983.50000000,0.00000000
R2L,3984.50000000,0.00000000
R2L,3985.50000000,0.00000000
R2L,3986.50000000,0.00000000
R2L,3987.50000000,0.00000000
R2L,3988.50000000,0.00000000
R2L,3989.50000000,0.00000000
R2L,3990.50000000,0.00000000
R2L,3991.50000000,0.00000000
R2L,3992.50000000,0.00000000
R2L,3993.50000000,0.00000000
R2L,3994.50000000,0.00000000
R2L,3995.50000000,0.00000000
R2L,3996.50000000,0.00000000
R2L,3997.50000000,0.00000000
R2L,3998.50000000,0.00000000
R2L,3999.50000000,0.00000000
R2L,4000.50000000,0.00000000
R2L,4001.50000000,0.00000000
R2L,4002.50000000,0.00000000
R2L,4003.50000000,0.00000000
R2L,4004.50000000,0.00000000
R2L,4005.50000000,0.00000000
R2L,4006.50000000,0.00000000
R2L,4007.50000000,0.00000000
R2L,4008.50000000,0.00000000
R2L,4009.50000000,0.00000000
R2L,4010.50000000,0.00000000
R2L,4011.50000000,0.00000000
R2L,4012.50000000,0.00000000
R2L,4013.50000000,0.00000000
R2L,4014.50000000,0.00000000
R2L,4015.50000000,0.00000000
R2L,4016.50000000,0.00000000
R2L,4017.50000000,0.00000000
R2L,4018.50000000,0.00000000
R2L,4019.50000000,0.00000000
R2L,4020.50000000,0.00000000
R2L,4021.50000000,0.00000000
R2L,4022.50000000,0.00000000
R2L,4023.50000000,0.00000000
R2L,4024.50000000,0.00000000
R2L,4025.50000000,0.00000000
R2L,4026.50000000,0.00000000
R2L,4027.50000000,0.00000000
R2L,4028.50000000,0.00000000
R2L,4029.50000000,0.00000000
R2L,4030.50000000,0.00000000
R2L,4031.50000000,0.00000000
R2L,4032.50000000,0.00000000
R2L,4033.50000000,0.00000000
R2L,4034.50000000,0.00000000
R2L,4035.50000000,0.00000000
R2L,4036.50000000,0.00000000
R2L,4037.50000000,0.00000000
R2L,4038.50000000,0.00000000
R2L,4039.50000000,0.00000000
R2L,4040.50000000,0.00000000
R2L,4041.50000000,0.00000000
R2L,4042.50000000,0.00000000
R2L,4043.50000000,0.00000000
R2L,4044.50000000,0.00000000
R2L,4045.50000000,0.00000000
R2L,4046.50000000,0.00000000
R2L,4047.50000000,0.00000000
R2L,4048.50000000,0.00000000
R2L,4049.50000000,0.00000000
R2L,4050.50000000,0.00000000
R2L,4051.50000000,0.00000000
R2L,4052.50000000,0.00000000
R2L,4053.50000000,0.00000000
R2L,4054.50000000,0.00000000
R2L,4055.50000000,0.00000000
R2L,4056.50000000,0.00000000
R2L,4057.50000000,0.00000000
R2L,4058.50000000,0.00000000
R2L,4059.50000000,0.00000000
R2L,4060.50000000,0.00000000
R2L,4061.50000000,0.00000000
R2L,4062.50000000,0.00000000
R2L,4063.50000000,0.00000000
R2L,4064.50000000,0.00000000
R2L,4065.50000000,0.00000000
R2L,4066.50000000,0.00000000
R2L,4067.50000000,0.00000000
R2L,4068.50000000,0.00000000
R2L,4069.50000000,0.00000000
R2L,4070.50000000,0.00000000
R2L,4071.50000000,0.00000000
R2L,4072.50000000,0.00000000
R2L,4073.50000000,0.00000000
R2L,4074.50000000,0.00000000
R2L,4075.50000000,0.00000000
R2L,4076.50000000,0.00000000
R2L,4077.50000000,0.00000000
R2L,4078.50000000,0.00000000
R2L,4079.50000000,0.00000000
R2L,4080.50000000,0.00000000
R2L,4081.50000000,0.00000000
R2L,4082.50000000,0.00000000
R2L,4083.50000000,0.00000000
R2L,4084.50000000,0.00000000
R2L,4085.50000000,0.00000000
R2L,4086.50000000,0.00000000
R2L,4087.50000000,0.00000000
R2L,4088.50000000,0.00000000
R2L,4089.50000000,0.00000000
R2L,4090.50000000,0.00000000
R2L,4091.50000000,0.00000000
R2L,4092.50000000,0.00000000
R2L,4093.50000000,0.00000000
R2L,4094.50000000,12.22851562
R2L,4095.50000000,97.94921875
R2L,4096.50000000,183.73046875
R2L,4097.50000000,269.51171875
R2L,4098.50000000,355.29296875
R2L,4099.50000000,441.07421875
R2L,4100.50000000,445.27148438
R2L,4101.50000000,433.22460938
R2L,4102.50000000,421.17773438
R2L,4103.50000000,409.07031250
R2L,4104.50000000,397.02343750
R2L,4105.50000000,385.13085938
R2L,4106.50000000,373.02343750
R2L,4107.50000000,360.97656250
R2L,4108.50000000,348.86914062
R2L,4109.50000000,336.90039062
R2L,4110.50000000,324.71484375
R2L,4111.50000000,312.66796875
R2L,4112.50000000,300.62109375
R2L,4113.50000000,288.51367188
R2L,4114.50000000,276.46679688
R2L,4115.50000000,264.41992188
R2L,4116.50000000,252.46679688
R2L,4117.50000000,240.41992188
R2L,4118.50000000,228.31250000
R2L,4119.50000000,216.26562500
R2L,4120.50000000,204.21875000
R2L,4121.50000000,192.11132812
R2L,4122.50000000,184.14062500
R2L,4123.50000000,172.09375000
R2L,4124.50000000,160.02539062
R2L,4125.50000000,147.93945312
R2L,4126.50000000,135.96972656
R2L,4127.50000000,123.93945312
R2L,4128.50000000,111.89257812
R2L,4129.50000000,99.78515625
R2L,4130.50000000,87.73828125
R2L,4131.50000000,75.69140625
R2L,4132.50000000,63.58398438
R2L,4133.50000000,51.53710938
R2L,4134.50000000,39.49023438
R2L,4135.50000000,27.38281250
R2L,4136.50000000,15.33593750
R2L,4137.50000000,5.97265625
R2L,4138.50000000,0.18164062
R2L,4139.50000000,0.00000000
R2L,4140.50000000,0.00000000
R2L,4141.50000000,0.00000000
R2L,4142.50000000,0.00000000
R2L,4143.50000000,0.00000000
R2L,4144.50000000,0.00000000
R2L,4145.50000000,0.00000000
R2L,4146.50000000,0.00000000
R2L,4147.50000000,0.00000000
R2L,4148.50000000,0.00000000
R2L,4149.50000000,0.00000000
R2L,4150.50000000,0.00000000
R2L,4151.50000000,0.00000000
R2L,4152.50000000,0.00000000
R2L,4153.50000000,0.00000000
R2L,4154.50000000,0.00000000
R2L,4155.50000000,0.00000000
R2L,4156.50000000,0.00000000
R2L,4157.50000000,0.00000000
R2L,4158.50000000,0.00000000
R2L,4159.50000000,0.00000000
R2L,4160.50000000,0.00000000
R2L,4161.50000000,0.00000000
R2L,4162.50000000,0.00000000
R2L,4163.50000000,0.00000000
R2L,4164.50000000,0.00000000
R2L,4165.50000000,0.00000000
R2L,4166.50000000,0.00000000
R2L,4167.50000000,0.00000000
R2L,4168.50000000,0.00000000
R2L,4169.50000000,0.00000000
R2L,4170.50000000,0.00000000
R2L,4171.50000000,0.00000000
R2L,4172.50000000,0.00000000
R2L,4173.50000000,0.00000000
R2L,4174.50000000,0.00000000
R2L,4175.50000000,44.83789062
R2L,4176.50000000,126.54296875
R2L,4177.50000000,212.32421875
R2L,4178.50000000,298.10546875
R2L,4179.50000000,383.88671875
R2L,4180.50000000,453.36328125
R2L,4181.50000000,441.25585938
R2L,4182.50000000,429.20898438
R2L,4183.50000000,417.10156250
R2L,4184.50000000,405.05468750
R2L,4185.50000000,393.00781250
R2L,4186.50000000,381.05468750
R2L,4187.50000000,369.00781250
R2L,4188.50000000,356.90039062
R2L,4189.50000000,344.85351562
R2L,4190.50000000,332.80664062
R2L,4191.50000000,320.69921875
R2L,4192.50000000,308.65234375
R2L,4193.50000000,296.60546875
R2L,4194.50000000,284.49804688
R2L,4195.50000000,272.45117188
R2L,4196.50000000,260.42089844
R2L,4197.50000000,248.45117188
R2L,4198.50000000,236.40429688
R2L,4199.50000000,224.29687500
R2L,4200.50000000,212.25000000
R2L,4201.50000000,200.20312500
R2L,4202.50000000,188.09570312
R2L,4203.50000000,176.04882812
R2L,4204.50000000,168.01757812
R2L,4205.50000000,155.97070312
R2L,4206.50000000,143.92382812
R2L,4207.50000000,131.97070312
R2L,4208.50000000,119.92382812
R2L,4209.50000000,107.87695312
R2L,4210.50000000,95.76953125
R2L,4211.50000000,83.72265625
R2L,4212.50000000,71.67578125
R2L,4213.50000000,59.60742188
R2L,4214.50000000,47.52148438
R2L,4215.50000000,35.41406250
R2L,4216.50000000,23.36718750
R2L,4217.50000000,11.32031250
R2L,4218.50000000,4.00195312
R2L,4219.50000000,16.30468750
R2L,4220.50000000,97.94921875
R2L,4221.50000000,183.73046875
R2L,4222.50000000,269.51171875
R2L,4223.50000000,355.29296875
R2L,4224.50000000,441.07421875
R2L,4225.50000000,445.27148438
R2L,4226.50000000,433.22460938
R2L,4227.50000000,421.11718750
R2L,4228.50000000,409.07031250
R2L,4229.50000000,397.02343750
R2L,4230.50000000,385.13085938
R2L,4231.50000000,373.02343750
R2L,4232.50000000,360.97656250
R2L,4233.50000000,348.86914062
R2L,4234.50000000,336.82226562
R2L,4235.50000000,324.71484375
R2L,4236.50000000,312.66796875
R2L,4237.50000000,300.62109375
R2L,4238.50000000,288.51367188
R2L,4239.50000000,276.46679688
R2L,4240.50000000,264.41992188
R2L,4241.50000000,252.46679688
R2L,4242.50000000,240.41992188
R2L,4243.50000000,228.31250000
R2L,4244.50000000,216.26562500
R2L,4245.50000000,204.21875000
R2L,4246.50000000,192.11132812
R2L,4247.50000000,180.06445312
R2L,4248.50000000,168.01757812
R2L,4249.50000000,155.91015625
R2L,4250.50000000,147.93945312
R2L,4251.50000000,135.96972656
R2L,4252.50000000,123.93945312
R2L,4253.50000000,111.89257812
R2L,4254.50000000,99.78515625
R2L,4255.50000000,87.73828125
R2L,4256.50000000,75.69140625
R2L,4257.50000000,63.58398438
R2L,4258.50000000,51.53710938
R2L,4259.50000000,39.49023438
R2L,4260.50000000,27.38281250
R2L,4261.50000000,15.33593750
R2L,4262.50000000,5.85156250
R2L,4263.50000000,0.06054688
R2L,4264.50000000,32.66992188
R2L,4265.50000000,69.53710938
R2L,4266.50000000,139.01367188
R2L,4267.50000000,273.64843750
R2L,4268.50000000,408.34375000
R2L,4269.50000000,514.56640625
R2L,4270.50000000,596.27148438
R2L,4271.50000000,677.85546875
R2L,4272.50000000,706.66992188
R2L,4273.50000000,694.58398438
R2L,4274.50000000,682.53710938
R2L,4275.50000000,670.56738281
R2L,4276.50000000,658.39941406
R2L,4277.50000000,646.35253906
R2L,4278.50000000,634.30566406
R2L,4279.50000000,622.19824219
R2L,4280.50000000,610.09082031
R2L,4281.50000000,598.12109375
R2L,4282.50000000,586.09082031
R2L,4283.50000000,574.04394531
R2L,4284.50000000,561.93652344
R2L,4285.50000000,549.88964844
R2L,4286.50000000,537.78222656
R2L,4287.50000000,525.81347656
R2L,4288.50000000,513.68847656
R2L,4289.50000000,501.58105469
R2L,4290.50000000,489.47363281
R2L,4291.50000000,477.42675781
R2L,4292.50000000,465.37988281
R2L,4293.50000000,453.34960938
R2L,4294.50000000,441.30273438
R2L,4295.50000000,429.25585938
R2L,4296.50000000,417.20898438
R2L,4297.50000000,405.31640625
R2L,4298.50000000,393.14843750
R2L,4299.50000000,381.10156250
R2L,4300.50000000,369.05468750
R2L,4301.50000000,357.00781250
R2L,4302.50000000,344.91796875
R2L,4303.50000000,336.86914062
R2L,4304.50000000,324.82226562
R2L,4305.50000000,312.77539062
R2L,4306.50000000,300.72851562
R2L,4307.50000000,288.68164062
R2L,4308.50000000,276.63476562
R2L,4309.50000000,264.58789062
R2L,4310.50000000,252.55761719
R2L,4311.50000000,240.51074219
R2L,4312.50000000,228.54101562
R2L,4313.50000000,216.57128906
R2L,4314.50000000,204.46386719
R2L,4315.50000000,192.41699219
R2L,4316.50000000,180.37011719
R2L,4317.50000000,168.36230469
R2L,4318.50000000,156.27636719
R2L,4319.50000000,144.22949219
R2L,4320.50000000,132.18261719
R2L,4321.50000000,120.13574219
R2L,4322.50000000,107.96777344
R2L,4323.50000000,95.92089844
R2L,4324.50000000,83.87402344
R2L,4325.50000000,71.82714844
R2L,4326.50000000,59.73632812
R2L,4327.50000000,47.56835938
R2L,4328.50000000,35.55468750
R2L,4329.50000000,23.32617188
R2L,4330.50000000,11.20214844
R2L,4331.50000000,6.64453125
R2L,4332.50000000,0.82031250
R2L,4333.50000000,0.00000000
R2L,4334.50000000,0.00000000
R2L,4335.50000000,0.00000000
R2L,4336.50000000,0.00000000
R2L,4337.50000000,0.00000000
R2L,4338.50000000,0.00000000
R2L,4339.50000000,0.00000000
R2L,4340.50000000,0.00000000
R2L,4341.50000000,0.00000000
R2L,4342.50000000,0.00000000
R2L,4343.50000000,0.00000000
R2L,4344.50000000,0.00000000
R2L,4345.50000000,0.00000000
R2L,4346.50000000,0.00000000
R2L,4347.50000000,0.00000000
R2L,4348.50000000,0.00000000
R2L,4349.50000000,0.00000000
R2L,4350.50000000,0.00000000
R2L,4351.50000000,0.00000000
R2L,4352.50000000,0.00000000
R2L,4353.50000000,0.00000000
R2L,4354.50000000,0.00000000
R2L,4355.50000000,0.00000000
R2L,4356.50000000,0.00000000
R2L,4357.50000000,0.00000000
R2L,4358.50000000,0.00000000
R2L,4359.50000000,0.00000000
R2L,4360.50000000,0.00000000
R2L,4361.50000000,0.00000000
R2L,4362.50000000,0.00000000
R2L,4363.50000000,0.00000000
R2L,4364.50000000,0.00000000
R2L,4365.50000000,0.00000000
R2L,4366.50000000,0.00000000
R2L,4367.50000000,0.00000000
R2L,4368.50000000,0.00000000
R2L,4369.50000000,28.59375000
R2L,4370.50000000,65.46093750
R2L,4371.50000000,98.25195312
R2L,4372.50000000,135.05859375
R2L,4373.50000000,171.86523438
R2L,4374.50000000,188.36816406
R2L,4375.50000000,176.26074219
R2L,4376.50000000,164.21386719
R2L,4377.50000000,152.10644531
R2L,4378.50000000,139.99902344
R2L,4379.50000000,127.89160156
R2L,4380.50000000,115.92187500
R2L,4381.50000000,103.81445312
R2L,4382.50000000,95.78320312
R2L,4383.50000000,83.73632812
R2L,4384.50000000,71.62890625
R2L,4385.50000000,59.59863281
R2L,4386.50000000,47.49121094
R2L,4387.50000000,35.44433594
R2L,4388.50000000,23.33691406
R2L,4389.50000000,11.22949219
R2L,4390.50000000,1.78906250
R2L,4391.50000000,16.30468750
R2L,4392.50000000,49.09570312
R2L,4393.50000000,85.96289062
R2L,4394.50000000,122.76953125
R2L,4395.50000000,159.57617188
R2L,4396.50000000,192.30664062
R2L,4397.50000000,180.33691406
R2L,4398.50000000,168.22949219
R2L,4399.50000000,156.12207031
R2L,4400.50000000,144.01464844
R2L,4401.50000000,131.96777344
R2L,4402.50000000,124.01367188
R2L,4403.50000000,111.90625000
R2L,4404.50000000,99.85937500
R2L,4405.50000000,87.75195312
R2L,4406.50000000,75.64453125
R2L,4407.50000000,63.61425781
R2L,4408.50000000,51.56738281
R2L,4409.50000000,39.45996094
R2L,4410.50000000,27.35253906
R2L,4411.50000000,15.30566406
R2L,4412.50000000,3.19824219
R2L,4413.50000000,0.00000000
R2L,4414.50000000,0.00000000
R2L,4415.50000000,0.00000000
R2L,4416.50000000,20.38085938
R2L,4417.50000000,57.24804688
R2L,4418.50000000,90.03906250
R2L,4419.50000000,126.84570312
R2L,4420.50000000,163.65234375
R2L,4421.50000000,200.45898438
R2L,4422.50000000,196.64160156
R2L,4423.50000000,184.53417969
R2L,4424.50000000,172.42675781
R2L,4425.50000000,160.31933594
R2L,4426.50000000,148.27246094
R2L,4427.50000000,136.24218750
R2L,4428.50000000,124.13476562
R2L,4429.50000000,112.02734375
R2L,4430.50000000,99.98046875
R2L,4431.50000000,87.87304688
R2L,4432.50000000,75.84277344
R2L,4433.50000000,63.73535156
R2L,4434.50000000,51.68847656
R2L,4435.50000000,39.58105469
R2L,4436.50000000,31.61035156
R2L,4437.50000000,19.50292969
R2L,4438.50000000,7.47265625
R2L,4439.50000000,0.00000000
R2L,4440.50000000,0.00000000
R2L,4441.50000000,0.00000000
R2L,4442.50000000,0.00000000
R2L,4443.50000000,0.00000000
R2L,4444.50000000,0.00000000
R2L,4445.50000000,0.00000000
R2L,4446.50000000,0.00000000
R2L,4447.50000000,0.00000000
R2L,4448.50000000,0.00000000
R2L,4449.50000000,0.00000000
R2L,4450.50000000,0.00000000
R2L,4451.50000000,0.00000000
R2L,4452.50000000,0.00000000
R2L,4453.50000000,0.00000000
R2L,4454.50000000,0.00000000
R2L,4455.50000000,0.00000000
R2L,4456.50000000,0.00000000
R2L,4457.50000000,0.00000000
R2L,4458.50000000,0.00000000
R2L,4459.50000000,0.00000000
R2L,4460.50000000,0.00000000
R2L,4461.50000000,0.00000000
R2L,4462.50000000,0.00000000
R2L,4463.50000000,0.00000000
R2L,4464.50000000,0.00000000
R2L,4465.50000000,0.00000000
R2L,4466.50000000,0.00000000
R2L,4467.50000000,0.00000000
R2L,4468.50000000,0.00000000
R2L,4469.50000000,0.00000000
R2L,4470.50000000,0.00000000
R2L,4471.50000000,0.00000000
R2L,4472.50000000,0.00000000
R2L,4473.50000000,0.00000000
R2L,4474.50000000,0.00000000
R2L,4475.50000000,0.00000000
R2L,4476.50000000,0.00000000
R2L,4477.50000000,0.00000000
R2L,4478.50000000,0.00000000
R2L,4479.50000000,0.00000000
R2L,4480.50000000,0.00000000
R2L,4481.50000000,0.00000000
R2L,4482.50000000,0.00000000
R2L,4483.50000000,0.00000000
R2L,4484.50000000,0.00000000
R2L,4485.50000000,0.00000000
R2L,4486.50000000,0.00000000
R2L,4487.50000000,0.00000000
R2L,4488.50000000,0.00000000
R2L,4489.50000000,0.00000000
R2L,4490.50000000,0.00000000
R2L,4491.50000000,0.00000000
R2L,4492.50000000,0.00000000
R2L,4493.50000000,0.00000000
R2L,4494.50000000,0.00000000
R2L,4495.50000000,0.00000000
R2L,4496.50000000,0.00000000
R2L,4497.50000000,0.00000000
R2L,4498.50000000,0.00000000
R2L,4499.50000000,0.00000000
R2L,4500.50000000,0.00000000
R2L,4501.50000000,0.00000000
R2L,4502.50000000,0.00000000
R2L,4503.50000000,0.00000000
R2L,4504.50000000,0.00000000
R2L,4505.50000000,0.00000000
R2L,4506.50000000,0.00000000
R2L,4507.50000000,0.00000000
R2L,4508.50000000,0.00000000
R2L,4509.50000000,0.00000000
R2L,4510.50000000,0.00000000
R2L,4511.50000000,0.00000000
R2L,4512.50000000,0.00000000
R2L,4513.50000000,0.00000000
R2L,4514.50000000,0.00000000
R2L,4515.50000000,0.00000000
R2L,4516.50000000,0.00000000
R2L,4517.50000000,0.00000000
R2L,4518.50000000,0.00000000
R2L,4519.50000000,0.00000000
R2L,4520.50000000,0.00000000
R2L,4521.50000000,0.00000000
R2L,4522.50000000,0.00000000
R2L,4523.50000000,0.00000000
R2L,4524.50000000,0.00000000
R2L,4525.50000000,0.00000000
R2L,4526.50000000,0.00000000
R2L,4527.50000000,0.00000000
R2L,4528.50000000,0.00000000
R2L,4529.50000000,0.00000000
R2L,4530.50000000,0.00000000
R2L,4531.50000000,0.00000000
R2L,4532.50000000,0.00000000
R2L,4533.50000000,0.00000000
R2L,4534.50000000,0.00000000
R2L,4535.50000000,0.00000000
R2L,4536.50000000,0.00000000
R2L,4537.50000000,0.00000000
R2L,4538.50000000,0.00000000
R2L,4539.50000000,0.00000000
R2L,4540.50000000,0.00000000
R2L,4541.50000000,0.00000000
R2L,4542.50000000,0.00000000
R2L,4543.50000000,0.00000000
R2L,4544.50000000,0.00000000
R2L,4545.50000000,0.00000000
R2L,4546.50000000,0.00000000
R2L,4547.50000000,0.00000000
R2L,4548.50000000,0.00000000
R2L,4549.50000000,0.00000000
R2L,4550.50000000,0.00000000
R2L,4551.50000000,0.00000000
R2L,4552.50000000,0.00000000
R2L,4553.50000000,0.00000000
R2L,4554.50000000,0.00000000
R2L,4555.50000000,0.00000000
R2L,4556.50000000,0.00000000
R2L,4557.50000000,0.00000000
R2L,4558.50000000,0.00000000
R2L,4559.50000000,0.00000000
R2L,4560.50000000,0.00000000
R2L,4561.50000000,0.00000000
R2L,4562.50000000,0.00000000
R2L,4563.50000000,0.00000000
R2L,4564.50000000,0.00000000
R2L,4565.50000000,0.00000000
R2L,4566.50000000,0.00000000
R2L,4567.50000000,0.00000000
R2L,4568.50000000,0.00000000
R2L,4569.50000000,0.00000000
R2L,4570.50000000,0.00000000
R2L,4571.50000000,0.00000000
R2L,4572.50000000,0.00000000
R2L,4573.50000000,0.00000000
R2L,4574.50000000,0.00000000
R2L,4575.50000000,0.00000000
R2L,4576.50000000,0.00000000
R2L,4577.50000000,0.00000000
R2L,4578.50000000,0.00000000
R2L,4579.50000000,0.00000000
R2L,4580.50000000,0.00000000
R2L,4581.50000000,0.00000000
R2L,4582.50000000,0.00000000
R2L,4583.50000000,0.00000000
R2L,4584.50000000,0.00000000
R2L,4585.50000000,0.00000000
R2L,4586.50000000,0.00000000
R2L,4587.50000000,0.00000000
R2L,4588.50000000,0.00000000
R2L,4589.50000000,0.00000000
R2L,4590.50000000,0.00000000
R2L,4591.50000000,0.00000000
R2L,4592.50000000,0.00000000
R2L,4593.50000000,0.00000000
R2L,4594.50000000,0.00000000
R2L,4595.50000000,0.00000000
R2L,4596.50000000,0.00000000
R2L,4597.50000000,0.00000000
R2L,4598.50000000,0.00000000
R2L,4599.50000000,0.00000000
R2L,4600.50000000,0.00000000
R2L,4601.50000000,0.00000000
R2L,4602.50000000,0.00000000
R2L,4603.50000000,0.00000000
R2L,4604.50000000,0.00000000
R2L,4605.50000000,0.00000000
R2L,4606.50000000,0.00000000
R2L,4607.50000000,0.00000000
R2L,4608.50000000,0.00000000
R2L,4609.50000000,0.00000000
R2L,4610.50000000,0.00000000
R2L,4611.50000000,0.00000000
R2L,4612.50000000,0.00000000
R2L,4613.50000000,0.00000000
R2L,4614.50000000,0.00000000
R2L,4615.50000000,0.00000000
R2L,4616.50000000,0.00000000
R2L,4617.50000000,0.00000000
R2L,4618.50000000,0.00000000
R2L,4619.50000000,0.00000000
R2L,4620.50000000,0.00000000
R2L,4621.50000000,0.00000000
R2L,4622.50000000,0.00000000
R2L,4623.50000000,0.00000000
R2L,4624.50000000,0.00000000
R2L,4625.50000000,0.00000000
R2L,4626.50000000,0.00000000
R2L,4627.50000000,0.00000000
R2L,4628.50000000,0.00000000
R2L,4629.50000000,0.00000000
R2L,4630.50000000,0.00000000
R2L,4631.50000000,0.00000000
R2L,4632.50000000,0.00000000
R2L,4633.50000000,0.00000000
R2L,4634.50000000,0.00000000
R2L,4635.50000000,0.00000000
R2L,4636.50000000,0.00000000
R2L,4637.50000000,0.00000000
R2L,4638.50000000,0.00000000
R2L,4639.50000000,0.00000000
R2L,4640.50000000,0.00000000
R2L,4641.50000000,0.00000000
R2L,4642.50000000,0.00000000
R2L,4643.50000000,0.00000000
R2L,4644.50000000,0.00000000
R2L,4645.50000000,0.00000000
R2L,4646.50000000,0.00000000
R2L,4647.50000000,0.00000000
R2L,4648.50000000,0.00000000
R2L,4649.50000000,0.00000000
R2L,4650.50000000,0.00000000
R2L,4651.50000000,0.00000000
R2L,4652.50000000,0.00000000
R2L,4653.50000000,0.00000000
R2L,4654.50000000,0.00000000
R2L,4655.50000000,0.00000000
R2L,4656.50000000,0.00000000
R2L,4657.50000000,0.00000000
R2L,4658.50000000,0.00000000
R2L,4659.50000000,0.00000000
R2L,4660.50000000,0.00000000
R2L,4661.50000000,0.00000000
R2L,4662.50000000,0.00000000
R2L,4663.50000000,0.00000000
R2L,4664.50000000,0.00000000
R2L,4665.50000000,0.00000000
R2L,4666.50000000,0.00000000
R2L,4667.50000000,0.00000000
R2L,4668.50000000,0.00000000
R2L,4669.50000000,0.00000000
R2L,4670.50000000,0.00000000
R2L,4671.50000000,0.00000000
R2L,4672.50000000,0.00000000
R2L,4673.50000000,0.00000000
R2L,4674.50000000,0.00000000
R2L,4675.50000000,0.00000000
R2L,4676.50000000,0.00000000
R2L,4677.50000000,0.00000000
R2L,4678.50000000,0.00000000
R2L,4679.50000000,0.00000000
R2L,4680.50000000,0.00000000
R2L,4681.50000000,0.00000000
R2L,4682.50000000,0.00000000
R2L,4683.50000000,0.00000000
R2L,4684.50000000,0.00000000
R2L,4685.50000000,0.00000000
R2L,4686.50000000,0.00000000
R2L,4687.50000000,0.00000000
R2L,4688.50000000,0.00000000
R2L,4689.50000000,0.00000000
R2L,4690.50000000,0.00000000
R2L,4691.50000000,0.00000000
R2L,4692.50000000,0.00000000
R2L,4693.50000000,0.00000000
R2L,4694.50000000,0.00000000
R2L,4695.50000000,0.00000000
R2L,4696.50000000,0.00000000
R2L,4697.50000000,0.00000000
R2L,4698.50000000,0.00000000
R2L,4699.50000000,0.00000000
R2L,4700.50000000,0.00000000
R2L,4701.50000000,0.00000000
R2L,4702.50000000,0.00000000
R2L,4703.50000000,0.00000000
R2L,4704.50000000,0.00000000
R2L,4705.50000000,0.00000000
R2L,4706.50000000,0.00000000
R2L,4707.50000000,0.00000000
R2L,4708.50000000,0.00000000
R2L,4709.50000000,0.00000000
R2L,4710.50000000,0.00000000
R2L,4711.50000000,0.00000000
R2L,4712.50000000,0.00000000
R2L,4713.50000000,0.00000000
R2L,4714.50000000,0.00000000
R2L,4715.50000000,0.00000000
R2L,4716.50000000,0.00000000
R2L,4717.50000000,0.00000000
R2L,4718.50000000,0.00000000
R2L,4719.50000000,0.00000000
R2L,4720.50000000,0.00000000
R2L,4721.50000000,0.00000000
R2L,4722.50000000,0.00000000
R2L,4723.50000000,0.00000000
R2L,4724.50000000,0.00000000
R2L,4725.50000000,0.00000000
R2L,4726.50000000,0.00000000
R2L,4727.50000000,0.00000000
R2L,4728.50000000,0.00000000
R2L,4729.50000000,0.00000000
R2L,4730.50000000,0.00000000
R2L,4731.50000000,0.00000000
R2L,4732.50000000,0.00000000
R2L,4733.50000000,0.00000000
R2L,4734.50000000,0.00000000
R2L,4735.50000000,0.00000000
R2L,4736.50000000,0.00000000
R2L,4737.50000000,0.00000000
R2L,4738.50000000,0.00000000
R2L,4739.50000000,0.00000000
R2L,4740.50000000,0.00000000
R2L,4741.50000000,0.00000000
R2L,4742.50000000,0.00000000
R2L,4743.50000000,0.00000000
R2L,4744.50000000,0.00000000
R2L,4745.50000000,0.00000000
R2L,4746.50000000,0.00000000
R2L,4747.50000000,0.00000000
R2L,4748.50000000,0.00000000
R2L,4749.50000000,0.00000000
R2L,4750.50000000,0.00000000
R2L,4751.50000000,0.00000000
R2L,4752.50000000,0.00000000
R2L,4753.50000000,0.00000000
R2L,4754.50000000,0.00000000
R2L,4755.50000000,0.00000000
R2L,4756.50000000,0.00000000
R2L,4757.50000000,0.00000000
R2L,4758.50000000,0.00000000
R2L,4759.50000000,0.00000000
R2L,4760.50000000,0.00000000
R2L,4761.50000000,0.00000000
R2L,4762.50000000,0.00000000
R2L,4763.50000000,0.00000000
R2L,4764.50000000,0.00000000
R2L,4765.50000000,0.00000000
R2L,4766.50000000,0.00000000
R2L,4767.50000000,0.00000000
R2L,4768.50000000,0.00000000
R2L,4769.50000000,0.00000000
R2L,4770.50000000,0.00000000
R2L,4771.50000000,0.00000000
R2L,4772.50000000,0.00000000
R2L,4773.50000000,0.00000000
R2L,4774.50000000,0.00000000
R2L,4775.50000000,0.00000000
R2L,4776.50000000,0.00000000
R2L,4777.50000000,0.00000000
R2L,4778.50000000,0.00000000
R2L,4779.50000000,0.00000000
R2L,4780.50000000,0.00000000
R2L,4781.50000000,0.00000000
R2L,4782.50000000,0.00000000
R2L,4783.50000000,0.00000000
R2L,4784.50000000,0.00000000
R2L,4785.50000000,0.00000000
R2L,4786.50000000,0.00000000
R2L,4787.50000000,0.00000000
R2L,4788.50000000,0.00000000
R2L,4789.50000000,0.00000000
R2L,4790.50000000,85.66015625
R2L,4791.50000000,171.50195312
R2L,4792.50000000,257.28320312
R2L,4793.50000000,343.06445312
R2L,4794.50000000,428.84570312
R2L,4795.50000000,449.40820312
R2L,4796.50000000,437.30078125
R2L,4797.50000000,425.25390625
R2L,4798.50000000,413.14648438
R2L,4799.50000000,401.09960938
R2L,4800.50000000,389.20703125
R2L,4801.50000000,377.09960938
R2L,4802.50000000,365.05273438
R2L,4803.50000000,352.94531250
R2L,4804.50000000,340.93750000
R2L,4805.50000000,328.85156250
R2L,4806.50000000,316.74414062
R2L,4807.50000000,304.69726562
R2L,4808.50000000,292.58984375
R2L,4809.50000000,280.54296875
R2L,4810.50000000,268.49609375
R2L,4811.50000000,256.54296875
R2L,4812.50000000,244.49609375
R2L,4813.50000000,232.44921875
R2L,4814.50000000,220.28125000
R2L,4815.50000000,208.23437500
R2L,4816.50000000,196.12695312
R2L,4817.50000000,184.08007812
R2L,4818.50000000,172.03320312
R2L,4819.50000000,159.92578125
R2L,4820.50000000,147.87890625
R2L,4821.50000000,135.83203125
R2L,4822.50000000,123.87890625
R2L,4823.50000000,111.83203125
R2L,4824.50000000,99.72460938
R2L,4825.50000000,87.67773438
R2L,4826.50000000,75.63085938
R2L,4827.50000000,63.52343750
R2L,4828.50000000,51.47656250
R2L,4829.50000000,39.42968750
R2L,4830.50000000,27.32226562
R2L,4831.50000000,15.27539062
R2L,4832.50000000,6.83691406
R2L,4833.50000000,1.18359375
R2L,4834.50000000,0.00000000
R2L,4835.50000000,0.00000000
R2L,4836.50000000,0.00000000
R2L,4837.50000000,0.00000000
R2L,4838.50000000,0.00000000
R2L,4839.50000000,0.00000000
R2L,4840.50000000,0.00000000
R2L,4841.50000000,0.00000000
R2L,4842.50000000,0.00000000
R2L,4843.50000000,0.00000000
R2L,4844.50000000,0.00000000
R2L,4845.50000000,0.00000000
R2L,4846.50000000,0.00000000
R2L,4847.50000000,0.00000000
R2L,4848.50000000,0.00000000
R2L,4849.50000000,0.00000000
R2L,4850.50000000,0.00000000
R2L,4851.50000000,0.00000000
R2L,4852.50000000,0.00000000
R2L,4853.50000000,0.00000000
R2L,4854.50000000,0.00000000
R2L,4855.50000000,0.00000000
R2L,4856.50000000,0.00000000
R2L,4857.50000000,0.00000000
R2L,4858.50000000,0.00000000
R2L,4859.50000000,0.00000000
R2L,4860.50000000,0.00000000
R2L,4861.50000000,0.00000000
R2L,4862.50000000,0.00000000
R2L,4863.50000000,0.00000000
R2L,4864.50000000,0.00000000
R2L,4865.50000000,0.00000000
R2L,4866.50000000,0.00000000
R2L,4867.50000000,0.00000000
R2L,4868.50000000,0.00000000
R2L,4869.50000000,0.00000000
R2L,4870.50000000,32.60937500
R2L,4871.50000000,114.25390625
R2L,4872.50000000,200.09570312
R2L,4873.50000000,285.87695312
R2L,4874.50000000,371.65820312
R2L,4875.50000000,457.43945312
R2L,4876.50000000,445.33203125
R2L,4877.50000000,433.28515625
R2L,4878.50000000,421.17773438
R2L,4879.50000000,409.13085938
R2L,4880.50000000,397.08398438
R2L,4881.50000000,385.19140625
R2L,4882.50000000,373.08398438
R2L,4883.50000000,361.03710938
R2L,4884.50000000,348.92968750
R2L,4885.50000000,336.88281250
R2L,4886.50000000,324.77539062
R2L,4887.50000000,312.72851562
R2L,4888.50000000,300.68164062
R2L,4889.50000000,288.57421875
R2L,4890.50000000,276.52734375
R2L,4891.50000000,264.55761719
R2L,4892.50000000,252.52734375
R2L,4893.50000000,240.51953125
R2L,4894.50000000,228.37304688
R2L,4895.50000000,216.26562500
R2L,4896.50000000,208.29492188
R2L,4897.50000000,245.10156250
R2L,4898.50000000,281.96875000
R2L,4899.50000000,318.83593750
R2L,4900.50000000,351.62695312
R2L,4901.50000000,388.43359375
R2L,4902.50000000,392.69140625
R2L,4903.50000000,380.64453125
R2L,4904.50000000,368.59765625
R2L,4905.50000000,356.62792969
R2L,4906.50000000,344.59765625
R2L,4907.50000000,332.55078125
R2L,4908.50000000,320.58203125
R2L,4909.50000000,308.45703125
R2L,4910.50000000,296.34960938
R2L,4911.50000000,284.24218750
R2L,4912.50000000,272.27246094
R2L,4913.50000000,260.22558594
R2L,4914.50000000,248.11816406
R2L,4915.50000000,236.07128906
R2L,4916.50000000,224.02441406
R2L,4917.50000000,211.97753906
R2L,4918.50000000,199.87011719
R2L,4919.50000000,187.76269531
R2L,4920.50000000,175.71582031
R2L,4921.50000000,163.74609375
R2L,4922.50000000,155.48925781
R2L,4923.50000000,143.20019531
R2L,4924.50000000,130.86718750
R2L,4925.50000000,118.30273438
R2L,4926.50000000,105.89257812
R2L,4927.50000000,93.48242188
R2L,4928.50000000,81.07226562
R2L,4929.50000000,72.67773438
R2L,4930.50000000,60.43261719
R2L,4931.50000000,48.02246094
R2L,4932.50000000,35.55175781
R2L,4933.50000000,22.95996094
R2L,4934.50000000,10.54980469
R2L,4935.50000000,4.50292969
R2L,4936.50000000,50.94531250
R2L,4937.50000000,136.60546875
R2L,4938.50000000,222.32617188
R2L,4939.50000000,307.98632812
R2L,4940.50000000,385.55468750
R2L,4941.50000000,454.91015625
R2L,4942.50000000,442.68164062
R2L,4943.50000000,430.57421875
R2L,4944.50000000,418.40625000
R2L,4945.50000000,406.22167969
R2L,4946.50000000,394.11425781
R2L,4947.50000000,382.04003906
R2L,4948.50000000,374.04785156
R2L,4949.50000000,361.84082031
R2L,4950.50000000,349.61230469
R2L,4951.50000000,337.50488281
R2L,4952.50000000,325.33691406
R2L,4953.50000000,313.10839844
R2L,4954.50000000,301.00097656
R2L,4955.50000000,288.81640625
R2L,4956.50000000,276.58789062
R2L,4957.50000000,264.48046875
R2L,4958.50000000,252.46679688
R2L,4959.50000000,240.41992188
R2L,4960.50000000,228.37304688
R2L,4961.50000000,216.26562500
R2L,4962.50000000,204.21875000
R2L,4963.50000000,192.17187500
R2L,4964.50000000,180.14257812
R2L,4965.50000000,168.01757812
R2L,4966.50000000,155.91015625
R2L,4967.50000000,143.86328125
R2L,4968.50000000,131.89355469
R2L,4969.50000000,119.86328125
R2L,4970.50000000,107.81640625
R2L,4971.50000000,95.76953125
R2L,4972.50000000,83.66210938
R2L,4973.50000000,71.61523438
R2L,4974.50000000,59.50781250
R2L,4975.50000000,47.46093750
R2L,4976.50000000,35.41406250
R2L,4977.50000000,23.30664062
R2L,4978.50000000,11.25976562
R2L,4979.50000000,5.60937500
R2L,4980.50000000,0.00000000
R2L,4981.50000000,0.00000000
R2L,4982.50000000,0.00000000
R2L,4983.50000000,32.60937500
R2L,4984.50000000,118.39062500
R2L,4985.50000000,204.17187500
R2L,4986.50000000,289.95312500
R2L,4987.50000000,367.58203125
R2L,4988.50000000,453.36328125
R2L,4989.50000000,473.86523438
R2L,4990.50000000,465.89453125
R2L,4991.50000000,453.78710938
R2L,4992.50000000,474.34960938
R2L,4993.50000000,511.21679688
R2L,4994.50000000,548.16113281
R2L,4995.50000000,585.10546875
R2L,4996.50000000,621.91210938
R2L,4997.50000000,642.47460938
R2L,4998.50000000,630.46679688
R2L,4999.50000000,618.32031250
R2L,5000.50000000,606.27343750
R2L,5001.50000000,594.22656250
R2L,5002.50000000,582.17968750
R2L,5003.50000000,570.07226562
R2L,5004.50000000,558.02539062
R2L,5005.50000000,545.97851562
R2L,5006.50000000,533.93164062
R2L,5007.50000000,521.84082031
R2L,5008.50000000,509.79394531
R2L,5009.50000000,497.74707031
R2L,5010.50000000,485.70019531
R2L,5011.50000000,473.74707031
R2L,5012.50000000,461.70019531
R2L,5013.50000000,449.69238281
R2L,5014.50000000,437.60644531
R2L,5015.50000000,425.49902344
R2L,5016.50000000,413.39160156
R2L,5017.50000000,401.34472656
R2L,5018.50000000,389.29785156
R2L,5019.50000000,377.12988281
R2L,5020.50000000,365.08300781
R2L,5021.50000000,353.03613281
R2L,5022.50000000,340.98925781
R2L,5023.50000000,328.95898438
R2L,5024.50000000,316.91210938
R2L,5025.50000000,304.86523438
R2L,5026.50000000,292.81835938
R2L,5027.50000000,280.84863281
R2L,5028.50000000,268.81835938
R2L,5029.50000000,256.77148438
R2L,5030.50000000,244.72460938
R2L,5031.50000000,232.55664062
R2L,5032.50000000,220.50976562
R2L,5033.50000000,208.46289062
R2L,5034.50000000,196.41601562
R2L,5035.50000000,184.36914062
R2L,5036.50000000,172.26171875
R2L,5037.50000000,160.21484375
R2L,5038.50000000,148.16796875
R2L,5039.50000000,136.19824219
R2L,5040.50000000,124.09082031
R2L,5041.50000000,112.04394531
R2L,5042.50000000,99.99707031
R2L,5043.50000000,87.96679688
R2L,5044.50000000,76.01464844
R2L,5045.50000000,63.88964844
R2L,5046.50000000,51.84277344
R2L,5047.50000000,39.87304688
R2L,5048.50000000,31.79785156
R2L,5049.50000000,19.20605469
R2L,5050.50000000,9.76562500
R2L,5051.50000000,3.97460938
R2L,5052.50000000,4.07617188
R2L,5053.50000000,40.88281250
R2L,5054.50000000,77.75000000
R2L,5055.50000000,114.55664062
R2L,5056.50000000,147.34765625
R2L,5057.50000000,184.15429688
R2L,5058.50000000,184.35253906
R2L,5059.50000000,172.24511719
R2L,5060.50000000,160.13769531
R2L,5061.50000000,148.09082031
R2L,5062.50000000,135.98339844
R2L,5063.50000000,123.95312500
R2L,5064.50000000,111.84570312
R2L,5065.50000000,99.79882812
R2L,5066.50000000,87.69140625
R2L,5067.50000000,79.66015625
R2L,5068.50000000,67.65234375
R2L,5069.50000000,55.58300781
R2L,5070.50000000,43.47558594
R2L,5071.50000000,31.36816406
R2L,5072.50000000,19.32128906
R2L,5073.50000000,7.21386719
R2L,5074.50000000,0.00000000
R2L,5075.50000000,0.00000000
R2L,5076.50000000,0.00000000
R2L,5077.50000000,8.15234375
R2L,5078.50000000,44.95898438
R2L,5079.50000000,81.82617188
R2L,5080.50000000,118.63281250
R2L,5081.50000000,155.50000000
R2L,5082.50000000,188.23046875
R2L,5083.50000000,200.65722656
R2L,5084.50000000,188.54980469
R2L,5085.50000000,176.44238281
R2L,5086.50000000,164.39550781
R2L,5087.50000000,152.28808594
R2L,5088.50000000,140.25781250
R2L,5089.50000000,128.15039062
R2L,5090.50000000,116.10351562
R2L,5091.50000000,103.99609375
R2L,5092.50000000,91.88867188
R2L,5093.50000000,79.78125000
R2L,5094.50000000,67.81152344
R2L,5095.50000000,55.70410156
R2L,5096.50000000,43.59667969
R2L,5097.50000000,31.54980469
R2L,5098.50000000,19.44238281
R2L,5099.50000000,7.41210938
R2L,5100.50000000,1.50292969
R2L,5101.50000000,0.00000000
R2L,5102.50000000,0.00000000
R2L,5103.50000000,0.00000000
R2L,5104.50000000,0.00000000
R2L,5105.50000000,0.00000000
R2L,5106.50000000,0.00000000
R2L,5107.50000000,0.00000000
R2L,5108.50000000,0.00000000
R2L,5109.50000000,0.00000000
R2L,5110.50000000,0.00000000
R2L,5111.50000000,0.00000000
R2L,5112.50000000,0.00000000
R2L,5113.50000000,0.00000000
R2L,5114.50000000,0.00000000
R2L,5115.50000000,0.00000000
R2L,5116.50000000,0.00000000
R2L,5117.50000000,0.00000000
R2L,5118.50000000,0.00000000
R2L,5119.50000000,0.00000000
R2L,5120.50000000,0.00000000
R2L,5121.50000000,0.00000000
R2L,5122.50000000,0.00000000
R2L,5123.50000000,0.00000000
R2L,5124.50000000,0.00000000
R2L,5125.50000000,0.00000000
R2L,5126.50000000,0.00000000
R2L,5127.50000000,0.00000000
R2L,5128.50000000,0.00000000
R2L,5129.50000000,0.00000000
R2L,5130.50000000,0.00000000
R2L,5131.50000000,0.00000000
R2L,5132.50000000,0.00000000
R2L,5133.50000000,0.00000000
R2L,5134.50000000,0.00000000
R2L,5135.50000000,0.00000000
R2L,5136.50000000,0.00000000
R2L,5137.50000000,0.00000000
R2L,5138.50000000,0.00000000
R2L,5139.50000000,0.00000000
R2L,5140.50000000,0.00000000
R2L,5141.50000000,0.00000000
R2L,5142.50000000,0.00000000
R2L,5143.50000000,0.00000000
R2L,5144.50000000,0.00000000
R2L,5145.50000000,0.00000000
R2L,5146.50000000,0.00000000
R2L,5147.50000000,0.00000000
R2L,5148.50000000,0.00000000
R2L,5149.50000000,0.00000000
R2L,5150.50000000,0.00000000
R2L,5151.50000000,0.00000000
R2L,5152.50000000,0.00000000
R2L,5153.50000000,0.00000000
R2L,5154.50000000,0.00000000
R2L,5155.50000000,0.00000000
R2L,5156.50000000,0.00000000
R2L,5157.50000000,0.00000000
R2L,5158.50000000,0.00000000
R2L,5159.50000000,0.00000000
R2L,5160.50000000,0.00000000
R2L,5161.50000000,0.00000000
R2L,5162.50000000,0.00000000
R2L,5163.50000000,0.00000000
R2L,5164.50000000,0.00000000
R2L,5165.50000000,0.00000000
R2L,5166.50000000,0.00000000
R2L,5167.50000000,0.00000000
R2L,5168.50000000,0.00000000
R2L,5169.50000000,0.00000000
R2L,5170.50000000,0.00000000
R2L,5171.50000000,0.00000000
R2L,5172.50000000,0.00000000
R2L,5173.50000000,0.00000000
R2L,5174.50000000,0.00000000
R2L,5175.50000000,0.00000000
R2L,5176.50000000,0.00000000
R2L,5177.50000000,0.00000000
R2L,5178.50000000,0.00000000
R2L,5179.50000000,0.00000000
R2L,5180.50000000,0.00000000
R2L,5181.50000000,0.00000000
R2L,5182.50000000,0.00000000
R2L,5183.50000000,0.00000000
R2L,5184.50000000,0.00000000
R2L,5185.50000000,0.00000000
R2L,5186.50000000,0.00000000
R2L,5187.50000000,0.00000000
R2L,5188.50000000,0.00000000
R2L,5189.50000000,0.00000000
R2L,5190.50000000,0.00000000
R2L,5191.50000000,0.00000000
R2L,5192.50000000,0.00000000
R2L,5193.50000000,0.00000000
R2L,5194.50000000,0.00000000
R2L,5195.50000000,0.00000000
R2L,5196.50000000,0.00000000
R2L,5197.50000000,0.00000000
R2L,5198.50000000,0.00000000
R2L,5199.50000000,0.00000000
R2L,5200.50000000,0.00000000
R2L,5201.50000000,0.00000000
R2L,5202.50000000,0.00000000
R2L,5203.50000000,0.00000000
R2L,5204.50000000,0.00000000
R2L,5205.50000000,0.00000000
R2L,5206.50000000,0.00000000
R2L,5207.50000000,0.00000000
R2L,5208.50000000,0.00000000
R2L,5209.50000000,0.00000000
R2L,5210.50000000,0.00000000
R2L,5211.50000000,0.00000000
R2L,5212.50000000,0.00000000
R2L,5213.50000000,0.00000000
R2L,5214.50000000,0.00000000
R2L,5215.50000000,0.00000000
R2L,5216.50000000,0.00000000
R2L,5217.50000000,0.00000000
R2L,5218.50000000,0.00000000
R2L,5219.50000000,0.00000000
R2L,5220.50000000,0.00000000
R2L,5221.50000000,0.00000000
R2L,5222.50000000,0.00000000
R2L,5223.50000000,0.00000000
R2L,5224.50000000,0.00000000
R2L,5225.50000000,0.00000000
R2L,5226.50000000,0.00000000
R2L,5227.50000000,0.00000000
R2L,5228.50000000,0.00000000
R2L,5229.50000000,0.00000000
R2L,5230.50000000,0.00000000
R2L,5231.50000000,0.00000000
R2L,5232.50000000,0.00000000
R2L,5233.50000000,0.00000000
R2L,5234.50000000,0.00000000
R2L,5235.50000000,0.00000000
R2L,5236.50000000,0.00000000
R2L,5237.50000000,0.00000000
R2L,5238.50000000,0.00000000
R2L,5239.50000000,0.00000000
R2L,5240.50000000,0.00000000
R2L,5241.50000000,0.00000000
R2L,5242.50000000,0.00000000
R2L,5243.50000000,0.00000000
R2L,5244.50000000,0.00000000
R2L,5245.50000000,0.00000000
R2L,5246.50000000,0.00000000
R2L,5247.50000000,0.00000000
R2L,5248.50000000,0.00000000
R2L,5249.50000000,0.00000000
R2L,5250.50000000,0.00000000
R2L,5251.50000000,0.00000000
R2L,5252.50000000,0.00000000
R2L,5253.50000000,0.00000000
R2L,5254.50000000,0.00000000
R2L,5255.50000000,0.00000000
R2L,5256.50000000,0.00000000
R2L,5257.50000000,0.00000000
R2L,5258.50000000,0.00000000
R2L,5259.50000000,0.00000000
R2L,5260.50000000,0.00000000
R2L,5261.50000000,0.00000000
R2L,5262.50000000,0.00000000
R2L,5263.50000000,0.00000000
R2L,5264.50000000,0.00000000
R2L,5265.50000000,0.00000000
R2L,5266.50000000,0.00000000
R2L,5267.50000000,0.00000000
R2L,5268.50000000,0.00000000
R2L,5269.50000000,0.00000000
R2L,5270.50000000,0.00000000
R2L,5271.50000000,0.00000000
R2L,5272.50000000,0.00000000
R2L,5273.50000000,0.00000000
R2L,5274.50000000,0.00000000
R2L,5275.50000000,0.00000000
R2L,5276.50000000,0.00000000
R2L,5277.50000000,0.00000000
R2L,5278.50000000,0.00000000
R2L,5279.50000000,0.00000000
R2L,5280.50000000,0.00000000
R2L,5281.50000000,0.00000000
R2L,5282.50000000,0.00000000
R2L,5283.50000000,0.00000000
R2L,5284.50000000,0.00000000
R2L,5285.50000000,0.00000000
R2L,5286.50000000,0.00000000
R2L,5287.50000000,0.00000000
R2L,5288.50000000,0.00000000
R2L,5289.50000000,0.00000000
R2L,5290.50000000,0.00000000
R2L,5291.50000000,0.00000000
R2L,5292.50000000,0.00000000
R2L,5293.50000000,0.00000000
R2L,5294.50000000,0.00000000
R2L,5295.50000000,0.00000000
R2L,5296.50000000,0.00000000
R2L,5297.50000000,0.00000000
R2L,5298.50000000,0.00000000
R2L,5299.50000000,0.00000000
R2L,5300.50000000,0.00000000
R2L,5301.50000000,0.00000000
R2L,5302.50000000,0.00000000
R2L,5303.50000000,0.00000000
R2L,5304.50000000,0.00000000
R2L,5305.50000000,0.00000000
R2L,5306.50000000,0.00000000
R2L,5307.50000000,0.00000000
R2L,5308.50000000,0.00000000
R2L,5309.50000000,0.00000000
R2L,5310.50000000,0.00000000
R2L,5311.50000000,0.00000000
R2L,5312.50000000,0.00000000
R2L,5313.50000000,0.00000000
R2L,5314.50000000,0.00000000
R2L,5315.50000000,0.00000000
R2L,5316.50000000,0.00000000
R2L,5317.50000000,0.00000000
R2L,5318.50000000,0.00000000
R2L,5319.50000000,0.00000000
R2L,5320.50000000,0.00000000
R2L,5321.50000000,0.00000000
R2L,5322.50000000,0.00000000
R2L,5323.50000000,0.00000000
R2L,5324.50000000,0.00000000
R2L,5325.50000000,0.00000000
R2L,5326.50000000,0.00000000
R2L,5327.50000000,0.00000000
R2L,5328.50000000,0.00000000
R2L,5329.50000000,0.00000000
R2L,5330.50000000,0.00000000
R2L,5331.50000000,0.00000000
R2L,5332.50000000,0.00000000
R2L,5333.50000000,0.00000000
R2L,5334.50000000,0.00000000
R2L,5335.50000000,0.00000000
R2L,5336.50000000,0.00000000
R2L,5337.50000000,0.00000000
R2L,5338.50000000,0.00000000
R2L,5339.50000000,0.00000000
R2L,5340.50000000,0.00000000
R2L,5341.50000000,0.00000000
R2L,5342.50000000,0.00000000
R2L,5343.50000000,0.00000000
R2L,5344.50000000,0.00000000
R2L,5345.50000000,0.00000000
R2L,5346.50000000,0.00000000
R2L,5347.50000000,0.00000000
R2L,5348.50000000,0.00000000
R2L,5349.50000000,0.00000000
R2L,5350.50000000,0.00000000
R2L,5351.50000000,0.00000000
R2L,5352.50000000,0.00000000
R2L,5353.50000000,0.00000000
R2L,5354.50000000,0.00000000
R2L,5355.50000000,0.00000000
R2L,5356.50000000,0.00000000
R2L,5357.50000000,0.00000000
R2L,5358.50000000,0.00000000
R2L,5359.50000000,0.00000000
R2L,5360.50000000,0.00000000
R2L,5361.50000000,0.00000000
R2L,5362.50000000,0.00000000
R2L,5363.50000000,0.00000000
R2L,5364.50000000,0.00000000
R2L,5365.50000000,0.00000000
R2L,5366.50000000,0.00000000
R2L,5367.50000000,0.00000000
R2L,5368.50000000,0.00000000
R2L,5369.50000000,0.00000000
R2L,5370.50000000,0.00000000
R2L,5371.50000000,0.00000000
R2L,5372.50000000,0.00000000
R2L,5373.50000000,0.00000000
R2L,5374.50000000,0.00000000
R2L,5375.50000000,0.00000000
R2L,5376.50000000,0.00000000
R2L,5377.50000000,0.00000000
R2L,5378.50000000,0.00000000
R2L,5379.50000000,0.00000000
R2L,5380.50000000,0.00000000
R2L,5381.50000000,0.00000000
R2L,5382.50000000,0.00000000
R2L,5383.50000000,0.00000000
R2L,5384.50000000,0.00000000
R2L,5385.50000000,0.00000000
R2L,5386.50000000,0.00000000
R2L,5387.50000000,0.00000000
R2L,5388.50000000,0.00000000
R2L,5389.50000000,0.00000000
R2L,5390.50000000,0.00000000
R2L,5391.50000000,0.00000000
R2L,5392.50000000,0.00000000
R2L,5393.50000000,0.00000000
R2L,5394.50000000,0.00000000
R2L,5395.50000000,0.00000000
R2L,5396.50000000,0.00000000
R2L,5397.50000000,0.00000000
R2L,5398.50000000,0.00000000
R2L,5399.50000000,0.00000000
R2L,5400.50000000,0.00000000
R2L,5401.50000000,0.00000000
R2L,5402.50000000,0.00000000
R2L,5403.50000000,0.00000000
R2L,5404.50000000,0.00000000
R2L,5405.50000000,0.00000000
R2L,5406.50000000,0.00000000
R2L,5407.50000000,0.00000000
R2L,5408.50000000,0.00000000
R2L,5409.50000000,0.00000000
R2L,5410.50000000,0.00000000
R2L,5411.50000000,0.00000000
R2L,5412.50000000,0.00000000
R2L,5413.50000000,0.00000000
R2L,5414.50000000,0.00000000
R2L,5415.50000000,0.00000000
R2L,5416.50000000,0.00000000
R2L,5417.50000000,0.00000000
R2L,5418.50000000,0.00000000
R2L,5419.50000000,0.00000000
R2L,5420.50000000,0.00000000
R2L,5421.50000000,0.00000000
R2L,5422.50000000,0.00000000
R2L,5423.50000000,0.00000000
R2L,5424.50000000,0.00000000
R2L,5425.50000000,0.00000000
R2L,5426.50000000,0.00000000
R2L,5427.50000000,0.00000000
R2L,5428.50000000,0.00000000
R2L,5429.50000000,0.00000000
R2L,5430.50000000,0.00000000
R2L,5431.50000000,0.00000000
R2L,5432.50000000,0.00000000
R2L,5433.50000000,0.00000000
R2L,5434.50000000,0.00000000
R2L,5435.50000000,0.00000000
R2L,5436.50000000,0.00000000
R2L,5437.50000000,0.00000000
R2L,5438.50000000,0.00000000
R2L,5439.50000000,0.00000000
R2L,5440.50000000,0.00000000
R2L,5441.50000000,0.00000000
R2L,5442.50000000,0.00000000
R2L,5443.50000000,0.00000000
R2L,5444.50000000,0.00000000
R2L,5445.50000000,0.00000000
R2L,5446.50000000,0.00000000
R2L,5447.50000000,0.00000000
R2L,5448.50000000,0.00000000
R2L,5449.50000000,0.00000000
R2L,5450.50000000,0.00000000
R2L,5451.50000000,0.00000000
R2L,5452.50000000,0.00000000
R2L,5453.50000000,0.00000000
R2L,5454.50000000,0.00000000
R2L,5455.50000000,0.00000000
R2L,5456.50000000,0.00000000
R2L,5457.50000000,0.00000000
R2L,5458.50000000,0.00000000
R2L,5459.50000000,0.00000000
R2L,5460.50000000,0.00000000
R2L,5461.50000000,0.00000000
R2L,5462.50000000,0.00000000
R2L,5463.50000000,0.00000000
R2L,5464.50000000,0.00000000
R2L,5465.50000000,0.00000000
R2L,5466.50000000,0.00000000
R2L,5467.50000000,0.00000000
R2L,5468.50000000,0.00000000
R2L,5469.50000000,0.00000000
R2L,5470.50000000,0.00000000
R2L,5471.50000000,0.00000000
R2L,5472.50000000,0.00000000
R2L,5473.50000000,0.00000000
R2L,5474.50000000,0.00000000
R2L,5475.50000000,0.00000000
R2L,5476.50000000,0.00000000
R2L,5477.50000000,0.00000000
R2L,5478.50000000,0.00000000
R2L,5479.50000000,0.00000000
R2L,5480.50000000,0.00000000
R2L,5481.50000000,0.00000000
R2L,5482.50000000,0.00000000
R2L,5483.50000000,0.00000000
R2L,5484.50000000,0.00000000
R2L,5485.50000000,0.00000000
R2L,5486.50000000,0.00000000
R2L,5487.50000000,0.00000000
R2L,5488.50000000,0.00000000
R2L,5489.50000000,0.00000000
R2L,5490.50000000,0.00000000
R2L,5491.50000000,0.00000000
R2L,5492.50000000,0.00000000
R2L,5493.50000000,0.00000000
R2L,5494.50000000,0.00000000
R2L,5495.50000000,0.00000000
R2L,5496.50000000,0.00000000
R2L,5497.50000000,0.00000000
R2L,5498.50000000,0.00000000
R2L,5499.50000000,0.00000000
R2L,5500.50000000,0.00000000
R2L,5501.50000000,0.00000000
R2L,5502.50000000,0.00000000
R2L,5503.50000000,0.00000000
R2L,5504.50000000,0.00000000
R2L,5505.50000000,0.00000000
R2L,5506.50000000,0.00000000
R2L,5507.50000000,0.00000000
R2L,5508.50000000,0.00000000
R2L,5509.50000000,48.91406250
R2L,5510.50000000,134.69531250
R2L,5511.50000000,220.47656250
R2L,5512.50000000,306.25781250
R2L,5513.50000000,392.03906250
R2L,5514.50000000,453.42382812
R2L,5515.50000000,441.25585938
R2L,5516.50000000,429.20898438
R2L,5517.50000000,417.16210938
R2L,5518.50000000,405.05468750
R2L,5519.50000000,393.00781250
R2L,5520.50000000,381.05468750
R2L,5521.50000000,369.00781250
R2L,5522.50000000,356.90039062
R2L,5523.50000000,344.85351562
R2L,5524.50000000,332.80664062
R2L,5525.50000000,320.69921875
R2L,5526.50000000,308.65234375
R2L,5527.50000000,296.60546875
R2L,5528.50000000,284.49804688
R2L,5529.50000000,272.45117188
R2L,5530.50000000,260.42089844
R2L,5531.50000000,248.45117188
R2L,5532.50000000,236.40429688
R2L,5533.50000000,224.29687500
R2L,5534.50000000,212.25000000
R2L,5535.50000000,200.20312500
R2L,5536.50000000,188.09570312
R2L,5537.50000000,176.04882812
R2L,5538.50000000,163.94140625
R2L,5539.50000000,151.89453125
R2L,5540.50000000,139.84765625
R2L,5541.50000000,127.89453125
R2L,5542.50000000,115.84765625
R2L,5543.50000000,103.80078125
R2L,5544.50000000,91.69335938
R2L,5545.50000000,79.64648438
R2L,5546.50000000,71.61523438
R2L,5547.50000000,59.60742188
R2L,5548.50000000,47.52148438
R2L,5549.50000000,35.41406250
R2L,5550.50000000,23.36718750
R2L,5551.50000000,11.32031250
R2L,5552.50000000,3.75976562
R2L,5553.50000000,0.00000000
R2L,5554.50000000,0.00000000
R2L,5555.50000000,0.00000000
R2L,5556.50000000,0.00000000
R2L,5557.50000000,0.00000000
R2L,5558.50000000,24.51757812
R2L,5559.50000000,61.38476562
R2L,5560.50000000,98.25195312
R2L,5561.50000000,135.05859375
R2L,5562.50000000,171.86523438
R2L,5563.50000000,188.36816406
R2L,5564.50000000,176.26074219
R2L,5565.50000000,164.21386719
R2L,5566.50000000,152.10644531
R2L,5567.50000000,144.07519531
R2L,5568.50000000,132.02832031
R2L,5569.50000000,119.99804688
R2L,5570.50000000,107.89062500
R2L,5571.50000000,95.78320312
R2L,5572.50000000,83.73632812
R2L,5573.50000000,71.66796875
R2L,5574.50000000,59.59863281
R2L,5575.50000000,47.49121094
R2L,5576.50000000,35.44433594
R2L,5577.50000000,23.33691406
R2L,5578.50000000,11.22949219
R2L,5579.50000000,2.03125000
R2L,5580.50000000,0.00000000
R2L,5581.50000000,0.00000000
R2L,5582.50000000,0.00000000
R2L,5583.50000000,0.00000000
R2L,5584.50000000,0.00000000
R2L,5585.50000000,0.00000000
R2L,5586.50000000,0.00000000
R2L,5587.50000000,0.00000000
R2L,5588.50000000,0.00000000
R2L,5589.50000000,0.00000000
R2L,5590.50000000,77.50781250
R2L,5591.50000000,163.28906250
R2L,5592.50000000,249.07031250
R2L,5593.50000000,334.85156250
R2L,5594.50000000,420.63281250
R2L,5595.50000000,449.40820312
R2L,5596.50000000,437.24023438
R2L,5597.50000000,425.19335938
R2L,5598.50000000,413.08593750
R2L,5599.50000000,401.03906250
R2L,5600.50000000,389.06933594
R2L,5601.50000000,377.03906250
R2L,5602.50000000,364.99218750
R2L,5603.50000000,352.88476562
R2L,5604.50000000,340.83789062
R2L,5605.50000000,328.79101562
R2L,5606.50000000,316.68359375
R2L,5607.50000000,304.63671875
R2L,5608.50000000,292.52929688
R2L,5609.50000000,280.48242188
R2L,5610.50000000,268.43554688
R2L,5611.50000000,256.48242188
R2L,5612.50000000,244.43554688
R2L,5613.50000000,232.38867188
R2L,5614.50000000,220.28125000
R2L,5615.50000000,208.23437500
R2L,5616.50000000,200.20312500
R2L,5617.50000000,237.07031250
R2L,5618.50000000,273.93750000
R2L,5619.50000000,310.80468750
R2L,5620.50000000,347.61132812
R2L,5621.50000000,384.47851562
R2L,5622.50000000,384.66015625
R2L,5623.50000000,372.61328125
R2L,5624.50000000,360.64355469
R2L,5625.50000000,348.61328125
R2L,5626.50000000,336.56640625
R2L,5627.50000000,324.51953125
R2L,5628.50000000,312.35156250
R2L,5629.50000000,300.30468750
R2L,5630.50000000,288.25781250
R2L,5631.50000000,276.21093750
R2L,5632.50000000,268.31738281
R2L,5633.50000000,256.20996094
R2L,5634.50000000,244.16308594
R2L,5635.50000000,232.11621094
R2L,5636.50000000,220.06933594
R2L,5637.50000000,207.96191406
R2L,5638.50000000,195.91503906
R2L,5639.50000000,183.86816406
R2L,5640.50000000,171.83789062
R2L,5641.50000000,159.62597656
R2L,5642.50000000,147.21582031
R2L,5643.50000000,134.74511719
R2L,5644.50000000,122.50000000
R2L,5645.50000000,109.90820312
R2L,5646.50000000,101.69531250
R2L,5647.50000000,89.28515625
R2L,5648.50000000,76.87500000
R2L,5649.50000000,64.38769531
R2L,5650.50000000,51.97753906
R2L,5651.50000000,39.56738281
R2L,5652.50000000,31.17285156
R2L,5653.50000000,18.76269531
R2L,5654.50000000,6.35253906
R2L,5655.50000000,14.32031250
R2L,5656.50000000,99.98046875
R2L,5657.50000000,185.64062500
R2L,5658.50000000,271.36132812
R2L,5659.50000000,348.86914062
R2L,5660.50000000,434.58984375
R2L,5661.50000000,446.81835938
R2L,5662.50000000,434.65039062
R2L,5663.50000000,426.61914062
R2L,5664.50000000,414.39062500
R2L,5665.50000000,402.32714844
R2L,5666.50000000,390.31347656
R2L,5667.50000000,378.08496094
R2L,5668.50000000,365.97753906
R2L,5669.50000000,353.80957031
R2L,5670.50000000,341.52050781
R2L,5671.50000000,329.41308594
R2L,5672.50000000,317.18457031
R2L,5673.50000000,305.01660156
R2L,5674.50000000,292.90917969
R2L,5675.50000000,292.95312500
R2L,5676.50000000,329.69921875
R2L,5677.50000000,366.66015625
R2L,5678.50000000,403.40625000
R2L,5679.50000000,440.27343750
R2L,5680.50000000,473.06445312
R2L,5681.50000000,469.16992188
R2L,5682.50000000,461.13867188
R2L,5683.50000000,449.09179688
R2L,5684.50000000,437.04492188
R2L,5685.50000000,424.99804688
R2L,5686.50000000,412.89062500
R2L,5687.50000000,400.88281250
R2L,5688.50000000,388.79687500
R2L,5689.50000000,376.75000000
R2L,5690.50000000,364.64257812
R2L,5691.50000000,352.59570312
R2L,5692.50000000,340.54882812
R2L,5693.50000000,328.73339844
R2L,5694.50000000,316.68652344
R2L,5695.50000000,304.57910156
R2L,5696.50000000,292.53222656
R2L,5697.50000000,280.48535156
R2L,5698.50000000,268.43847656
R2L,5699.50000000,256.33105469
R2L,5700.50000000,244.28417969
R2L,5701.50000000,232.23730469
R2L,5702.50000000,220.22949219
R2L,5703.50000000,208.08300781
R2L,5704.50000000,196.03613281
R2L,5705.50000000,183.98925781
R2L,5706.50000000,171.94238281
R2L,5707.50000000,159.91210938
R2L,5708.50000000,147.86523438
R2L,5709.50000000,135.81835938
R2L,5710.50000000,123.80468750
R2L,5711.50000000,111.33398438
R2L,5712.50000000,98.92382812
R2L,5713.50000000,86.41992188
R2L,5714.50000000,78.20703125
R2L,5715.50000000,65.87402344
R2L,5716.50000000,53.46386719
R2L,5717.50000000,40.81152344
R2L,5718.50000000,28.40136719
R2L,5719.50000000,16.07910156
R2L,5720.50000000,7.68457031
R2L,5721.50000000,1.97070312
R2L,5722.50000000,0.00000000
R2L,5723.50000000,0.00000000
R2L,5724.50000000,32.60937500
R2L,5725.50000000,167.30468750
R2L,5726.50000000,297.92382812
R2L,5727.50000000,432.61914062
R2L,5728.50000000,567.31445312
R2L,5729.50000000,702.00976562
R2L,5730.50000000,751.18359375
R2L,5731.50000000,739.05859375
R2L,5732.50000000,727.01171875
R2L,5733.50000000,714.90429688
R2L,5734.50000000,702.85742188
R2L,5735.50000000,690.81054688
R2L,5736.50000000,682.83984375
R2L,5737.50000000,670.73242188
R2L,5738.50000000,658.68554688
R2L,5739.50000000,646.63867188
R2L,5740.50000000,634.82324219
R2L,5741.50000000,622.71582031
R2L,5742.50000000,610.66894531
R2L,5743.50000000,598.62207031
R2L,5744.50000000,586.45410156
R2L,5745.50000000,574.40722656
R2L,5746.50000000,562.36035156
R2L,5747.50000000,550.31347656
R2L,5748.50000000,538.26660156
R2L,5749.50000000,526.21972656
R2L,5750.50000000,514.17285156
R2L,5751.50000000,502.12597656
R2L,5752.50000000,490.01855469
R2L,5753.50000000,477.97167969
R2L,5754.50000000,465.92480469
R2L,5755.50000000,453.87792969
R2L,5756.50000000,441.94140625
R2L,5757.50000000,429.89453125
R2L,5758.50000000,417.84765625
R2L,5759.50000000,405.80078125
R2L,5760.50000000,393.75390625
R2L,5761.50000000,381.70703125
R2L,5762.50000000,369.66015625
R2L,5763.50000000,357.61328125
R2L,5764.50000000,345.50585938
R2L,5765.50000000,333.39843750
R2L,5766.50000000,321.35156250
R2L,5767.50000000,309.30468750
R2L,5768.50000000,297.13671875
R2L,5769.50000000,285.08984375
R2L,5770.50000000,273.04296875
R2L,5771.50000000,260.99609375
R2L,5772.50000000,249.10351562
R2L,5773.50000000,237.13378906
R2L,5774.50000000,225.08691406
R2L,5775.50000000,213.04003906
R2L,5776.50000000,200.93261719
R2L,5777.50000000,188.88574219
R2L,5778.50000000,176.83886719
R2L,5779.50000000,164.79199219
R2L,5780.50000000,152.62402344
R2L,5781.50000000,140.57714844
R2L,5782.50000000,128.53027344
R2L,5783.50000000,116.48339844
R2L,5784.50000000,104.43652344
R2L,5785.50000000,92.38964844
R2L,5786.50000000,80.34277344
R2L,5787.50000000,68.29589844
R2L,5788.50000000,56.34277344
R2L,5789.50000000,44.37304688
R2L,5790.50000000,32.32617188
R2L,5791.50000000,20.27929688
R2L,5792.50000000,11.85742188
R2L,5793.50000000,6.20410156
R2L,5794.50000000,0.36328125
R2L,5795.50000000,0.00000000
R2L,5796.50000000,0.00000000
R2L,5797.50000000,0.00000000
R2L,5798.50000000,0.00000000
R2L,5799.50000000,0.00000000
R2L,5800.50000000,0.00000000
R2L,5801.50000000,0.00000000
R2L,5802.50000000,0.00000000
R2L,5803.50000000,0.00000000
R2L,5804.50000000,0.00000000
R2L,5805.50000000,0.00000000
R2L,5806.50000000,0.00000000
R2L,5807.50000000,0.00000000
R2L,5808.50000000,0.00000000
R2L,5809.50000000,0.00000000
R2L,5810.50000000,0.00000000
R2L,5811.50000000,0.00000000
R2L,5812.50000000,0.00000000
R2L,5813.50000000,0.00000000
R2L,5814.50000000,0.00000000
R2L,5815.50000000,0.00000000
R2L,5816.50000000,0.00000000
R2L,5817.50000000,0.00000000
R2L,5818.50000000,0.00000000
R2L,5819.50000000,0.00000000
R2L,5820.50000000,0.00000000
R2L,5821.50000000,0.00000000
R2L,5822.50000000,0.00000000
R2L,5823.50000000,0.00000000
R2L,5824.50000000,0.00000000
R2L,5825.50000000,0.00000000
R2L,5826.50000000,0.00000000
R2L,5827.50000000,0.00000000
R2L,5828.50000000,0.00000000
R2L,5829.50000000,0.00000000
R2L,5830.50000000,0.00000000
R2L,5831.50000000,0.00000000
R2L,5832.50000000,0.00000000
R2L,5833.50000000,0.00000000
R2L,5834.50000000,0.00000000
R2L,5835.50000000,0.00000000
R2L,5836.50000000,0.00000000
R2L,5837.50000000,0.00000000
R2L,5838.50000000,0.00000000
R2L,5839.50000000,0.00000000
R2L,5840.50000000,0.00000000
R2L,5841.50000000,0.00000000
R2L,5842.50000000,0.00000000
R2L,5843.50000000,0.00000000
R2L,5844.50000000,0.00000000
R2L,5845.50000000,0.00000000
R2L,5846.50000000,0.00000000
R2L,5847.50000000,0.00000000
R2L,5848.50000000,0.00000000
R2L,5849.50000000,0.00000000
R2L,5850.50000000,0.00000000
R2L,5851.50000000,0.00000000
R2L,5852.50000000,0.00000000
R2L,5853.50000000,0.00000000
R2L,5854.50000000,0.00000000
R2L,5855.50000000,0.00000000
R2L,5856.50000000,0.00000000
R2L,5857.50000000,0.00000000
R2L,5858.50000000,0.00000000
R2L,5859.50000000,0.00000000
R2L,5860.50000000,0.00000000
R2L,5861.50000000,0.00000000
R2L,5862.50000000,0.00000000
R2L,5863.50000000,0.00000000
R2L,5864.50000000,0.00000000
R2L,5865.50000000,0.00000000
R2L,5866.50000000,0.00000000
R2L,5867.50000000,0.00000000
R2L,5868.50000000,0.00000000
R2L,5869.50000000,0.00000000
R2L,5870.50000000,0.00000000
R2L,5871.50000000,0.00000000
R2L,5872.50000000,0.00000000
R2L,5873.50000000,0.00000000
R2L,5874.50000000,0.00000000
R2L,5875.50000000,0.00000000
R2L,5876.50000000,0.00000000
R2L,5877.50000000,0.00000000
R2L,5878.50000000,0.00000000
R2L,5879.50000000,0.00000000
R2L,5880.50000000,0.00000000
R2L,5881.50000000,0.00000000
R2L,5882.50000000,0.00000000
R2L,5883.50000000,0.00000000
R2L,5884.50000000,0.00000000
R2L,5885.50000000,0.00000000
R2L,5886.50000000,0.00000000
R2L,5887.50000000,0.00000000
R2L,5888.50000000,0.00000000
R2L,5889.50000000,0.00000000
R2L,5890.50000000,0.00000000
R2L,5891.50000000,0.00000000
R2L,5892.50000000,0.00000000
R2L,5893.50000000,0.00000000
R2L,5894.50000000,0.00000000
R2L,5895.50000000,0.00000000
R2L,5896.50000000,0.00000000
R2L,5897.50000000,0.00000000
R2L,5898.50000000,0.00000000
R2L,5899.50000000,0.00000000
R2L,5900.50000000,0.00000000
R2L,5901.50000000,0.00000000
R2L,5902.50000000,0.00000000
R2L,5903.50000000,0.00000000
R2L,5904.50000000,0.00000000
R2L,5905.50000000,0.00000000
R2L,5906.50000000,0.00000000
R2L,5907.50000000,0.00000000
R2L,5908.50000000,0.00000000
R2L,5909.50000000,0.00000000
R2L,5910.50000000,0.00000000
R2L,5911.50000000,0.00000000
R2L,5912.50000000,0.00000000
R2L,5913.50000000,0.00000000
R2L,5914.50000000,0.00000000
R2L,5915.50000000,0.00000000
R2L,5916.50000000,0.00000000
R2L,5917.50000000,0.00000000
R2L,5918.50000000,0.00000000
R2L,5919.50000000,0.00000000
R2L,5920.50000000,0.00000000
R2L,5921.50000000,0.00000000
R2L,5922.50000000,0.00000000
R2L,5923.50000000,0.00000000
R2L,5924.50000000,0.00000000
R2L,5925.50000000,0.00000000
R2L,5926.50000000,0.00000000
R2L,5927.50000000,0.00000000
R2L,5928.50000000,0.00000000
R2L,5929.50000000,0.00000000
R2L,5930.50000000,0.00000000
R2L,5931.50000000,0.00000000
R2L,5932.50000000,0.00000000
R2L,5933.50000000,0.00000000
R2L,5934.50000000,0.00000000
R2L,5935.50000000,0.00000000
R2L,5936.50000000,0.00000000
R2L,5937.50000000,0.00000000
R2L,5938.50000000,0.00000000
R2L,5939.50000000,0.00000000
R2L,5940.50000000,0.00000000
R2L,5941.50000000,0.00000000
R2L,5942.50000000,0.00000000
R2L,5943.50000000,0.00000000
R2L,5944.50000000,0.00000000
R2L,5945.50000000,0.00000000
R2L,5946.50000000,0.00000000
R2L,5947.50000000,0.00000000
R2L,5948.50000000,0.00000000
R2L,5949.50000000,0.00000000
R2L,5950.50000000,0.00000000
R2L,5951.50000000,0.00000000
R2L,5952.50000000,0.00000000
R2L,5953.50000000,0.00000000
R2L,5954.50000000,0.00000000
R2L,5955.50000000,0.00000000
R2L,5956.50000000,0.00000000
R2L,5957.50000000,0.00000000
R2L,5958.50000000,0.00000000
R2L,5959.50000000,0.00000000
R2L,5960.50000000,0.00000000
R2L,5961.50000000,0.00000000
R2L,5962.50000000,0.00000000
R2L,5963.50000000,0.00000000
R2L,5964.50000000,0.00000000
R2L,5965.50000000,0.00000000
R2L,5966.50000000,0.00000000
R2L,5967.50000000,0.00000000
R2L,5968.50000000,0.00000000
R2L,5969.50000000,0.00000000
R2L,5970.50000000,0.00000000
R2L,5971.50000000,0.00000000
R2L,5972.50000000,0.00000000
R2L,5973.50000000,0.00000000
R2L,5974.50000000,0.00000000
R2L,5975.50000000,0.00000000
R2L,5976.50000000,0.00000000
R2L,5977.50000000,0.00000000
R2L,5978.50000000,0.00000000
R2L,5979.50000000,0.00000000
R2L,5980.50000000,0.00000000
R2L,5981.50000000,0.00000000
R2L,5982.50000000,0.00000000
R2L,5983.50000000,0.00000000
R2L,5984.50000000,0.00000000
R2L,5985.50000000,0.00000000
R2L,5986.50000000,0.00000000
R2L,5987.50000000,0.00000000
R2L,5988.50000000,0.00000000
R2L,5989.50000000,0.00000000
R2L,5990.50000000,0.00000000
R2L,5991.50000000,0.00000000
R2L,5992.50000000,0.00000000
R2L,5993.50000000,0.00000000
R2L,5994.50000000,0.00000000
R2L,5995.50000000,0.00000000
R2L,5996.50000000,0.00000000
R2L,5997.50000000,0.00000000
R2L,5998.50000000,0.00000000
R2L,5999.50000000,0.00000000
R2L,6000.50000000,0.00000000
R2L,6001.50000000,0.00000000
R2L,6002.50000000,0.00000000
R2L,6003.50000000,0.00000000
R2L,6004.50000000,0.00000000
R2L,6005.50000000,0.00000000
R2L,6006.50000000,0.00000000
R2L,6007.50000000,0.00000000
R2L,6008.50000000,0.00000000
R2L,6009.50000000,0.00000000
R2L,6010.50000000,0.00000000
R2L,6011.50000000,0.00000000
R2L,6012.50000000,0.00000000
R2L,6013.50000000,0.00000000
R2L,6014.50000000,0.00000000
R2L,6015.50000000,0.00000000
R2L,6016.50000000,0.00000000
R2L,6017.50000000,0.00000000
R2L,6018.50000000,0.00000000
R2L,6019.50000000,0.00000000
R2L,6020.50000000,0.00000000
R2L,6021.50000000,0.00000000
R2L,6022.50000000,0.00000000
R2L,6023.50000000,0.00000000
R2L,6024.50000000,0.00000000
R2L,6025.50000000,0.00000000
R2L,6026.50000000,0.00000000
R2L,6027.50000000,0.00000000
R2L,6028.50000000,0.00000000
R2L,6029.50000000,0.00000000
R2L,6030.50000000,0.00000000
R2L,6031.50000000,0.00000000
R2L,6032.50000000,0.00000000
R2L,6033.50000000,0.00000000
R2L,6034.50000000,0.00000000
R2L,6035.50000000,0.00000000
R2L,6036.50000000,0.00000000
R2L,6037.50000000,0.00000000
R2L,6038.50000000,0.00000000
R2L,6039.50000000,0.00000000
R2L,6040.50000000,0.00000000
R2L,6041.50000000,0.00000000
R2L,6042.50000000,0.00000000
R2L,6043.50000000,0.00000000
R2L,6044.50000000,0.00000000
R2L,6045.50000000,0.00000000
R2L,6046.50000000,0.00000000
R2L,6047.50000000,0.00000000
R2L,6048.50000000,0.00000000
R2L,6049.50000000,0.00000000
R2L,6050.50000000,0.00000000
R2L,6051.50000000,0.00000000
R2L,6052.50000000,0.00000000
R2L,6053.50000000,0.00000000
R2L,6054.50000000,0.00000000
R2L,6055.50000000,0.00000000
R2L,6056.50000000,0.00000000
R2L,6057.50000000,0.00000000
R2L,6058.50000000,0.00000000
R2L,6059.50000000,0.00000000
R2L,6060.50000000,0.00000000
R2L,6061.50000000,0.00000000
R2L,6062.50000000,0.00000000
R2L,6063.50000000,0.00000000
R2L,6064.50000000,0.00000000
R2L,6065.50000000,0.00000000
R2L,6066.50000000,0.00000000
R2L,6067.50000000,0.00000000
R2L,6068.50000000,0.00000000
R2L,6069.50000000,0.00000000
R2L,6070.50000000,0.00000000
R2L,6071.50000000,0.00000000
R2L,6072.50000000,0.00000000
R2L,6073.50000000,0.00000000
R2L,6074.50000000,0.00000000
R2L,6075.50000000,0.00000000
R2L,6076.50000000,0.00000000
R2L,6077.50000000,0.00000000
R2L,6078.50000000,0.00000000
R2L,6079.50000000,0.00000000
R2L,6080.50000000,0.00000000
R2L,6081.50000000,0.00000000
R2L,6082.50000000,0.00000000
R2L,6083.50000000,0.00000000
R2L,6084.50000000,0.00000000
R2L,6085.50000000,0.00000000
R2L,6086.50000000,0.00000000
R2L,6087.50000000,0.00000000
R2L,6088.50000000,0.00000000
R2L,6089.50000000,0.00000000
R2L,6090.50000000,0.00000000
R2L,6091.50000000,0.00000000
R2L,6092.50000000,0.00000000
R2L,6093.50000000,0.00000000
R2L,6094.50000000,0.00000000
R2L,6095.50000000,0.00000000
R2L,6096.50000000,0.00000000
R2L,6097.50000000,0.00000000
R2L,6098.50000000,0.00000000
R2L,6099.50000000,0.00000000
R2L,6100.50000000,0.00000000
R2L,6101.50000000,0.00000000
R2L,6102.50000000,0.00000000
R2L,6103.50000000,0.00000000
R2L,6104.50000000,0.00000000
R2L,6105.50000000,0.00000000
R2L,6106.50000000,0.00000000
R2L,6107.50000000,0.00000000
R2L,6108.50000000,0.00000000
R2L,6109.50000000,0.00000000
R2L,6110.50000000,0.00000000
R2L,6111.50000000,0.00000000
R2L,6112.50000000,0.00000000
R2L,6113.50000000,0.00000000
R2L,6114.50000000,0.00000000
R2L,6115.50000000,0.00000000
R2L,6116.50000000,0.00000000
R2L,6117.50000000,0.00000000
R2L,6118.50000000,0.00000000
R2L,6119.50000000,0.00000000
R2L,6120.50000000,0.00000000
R2L,6121.50000000,0.00000000
R2L,6122.50000000,0.00000000
R2L,6123.50000000,0.00000000
R2L,6124.50000000,0.00000000
R2L,6125.50000000,0.00000000
R2L,6126.50000000,0.00000000
R2L,6127.50000000,0.00000000
R2L,6128.50000000,0.00000000
R2L,6129.50000000,0.00000000
R2L,6130.50000000,0.00000000
R2L,6131.50000000,0.00000000
R2L,6132.50000000,0.00000000
R2L,6133.50000000,0.00000000
R2L,6134.50000000,0.00000000
R2L,6135.50000000,0.00000000
R2L,6136.50000000,0.00000000
R2L,6137.50000000,0.00000000
R2L,6138.50000000,0.00000000
R2L,6139.50000000,0.00000000
R2L,6140.50000000,0.00000000
R2L,6141.50000000,0.00000000
R2L,6142.50000000,0.00000000
R2L,6143.50000000,0.00000000
R2L,6144.50000000,0.00000000
R2L,6145.50000000,0.00000000
R2L,6146.50000000,0.00000000
R2L,6147.50000000,0.00000000
R2L,6148.50000000,0.00000000
R2L,6149.50000000,0.00000000
R2L,6150.50000000,0.00000000
R2L,6151.50000000,0.00000000
R2L,6152.50000000,0.00000000
R2L,6153.50000000,0.00000000
R2L,6154.50000000,0.00000000
R2L,6155.50000000,0.00000000
R2L,6156.50000000,0.00000000
R2L,6157.50000000,0.00000000
R2L,6158.50000000,0.00000000
R2L,6159.50000000,0.00000000
R2L,6160.50000000,0.00000000
R2L,6161.50000000,0.00000000
R2L,6162.50000000,0.00000000
R2L,6163.50000000,0.00000000
R2L,6164.50000000,0.00000000
R2L,6165.50000000,0.00000000
R2L,6166.50000000,0.00000000
R2L,6167.50000000,0.00000000
R2L,6168.50000000,0.00000000
R2L,6169.50000000,0.00000000
R2L,6170.50000000,0.00000000
R2L,6171.50000000,0.00000000
R2L,6172.50000000,0.00000000
R2L,6173.50000000,0.00000000
R2L,6174.50000000,0.00000000
R2L,6175.50000000,0.00000000
R2L,6176.50000000,0.00000000
R2L,6177.50000000,0.00000000
R2L,6178.50000000,0.00000000
R2L,6179.50000000,0.00000000
R2L,6180.50000000,0.00000000
R2L,6181.50000000,0.00000000
R2L,6182.50000000,0.00000000
R2L,6183.50000000,0.00000000
R2L,6184.50000000,0.00000000
R2L,6185.50000000,0.00000000
R2L,6186.50000000,0.00000000
R2L,6187.50000000,0.00000000
R2L,6188.50000000,0.00000000
R2L,6189.50000000,0.00000000
R2L,6190.50000000,0.00000000
R2L,6191.50000000,0.00000000
R2L,6192.50000000,0.00000000
R2L,6193.50000000,0.00000000
R2L,6194.50000000,0.00000000
R2L,6195.50000000,0.00000000
R2L,6196.50000000,0.00000000
R2L,6197.50000000,0.00000000
R2L,6198.50000000,0.00000000
R2L,6199.50000000,0.00000000
R2L,6200.50000000,0.00000000
R2L,6201.50000000,0.00000000
R2L,6202.50000000,0.00000000
R2L,6203.50000000,0.00000000
R2L,6204.50000000,0.00000000
R2L,6205.50000000,0.00000000
R2L,6206.50000000,0.00000000
R2L,6207.50000000,0.00000000
R2L,6208.50000000,0.00000000
R2L,6209.50000000,0.00000000
R2L,6210.50000000,0.00000000
R2L,6211.50000000,0.00000000
R2L,6212.50000000,0.00000000
R2L,6213.50000000,0.00000000
R2L,6214.50000000,0.00000000
R2L,6215.50000000,0.00000000
R2L,6216.50000000,0.00000000
R2L,6217.50000000,0.00000000
R2L,6218.50000000,0.00000000
R2L,6219.50000000,0.00000000
R2L,6220.50000000,0.00000000
R2L,6221.50000000,0.00000000
R2L,6222.50000000,0.00000000
R2L,6223.50000000,0.00000000
R2L,6224.50000000,0.00000000
R2L,6225.50000000,0.00000000
R2L,6226.50000000,0.00000000
R2L,6227.50000000,0.00000000
R2L,6228.50000000,0.00000000
R2L,6229.50000000,0.00000000
R2L,6230.50000000,0.00000000
R2L,6231.50000000,0.00000000
R2L,6232.50000000,0.00000000
R2L,6233.50000000,0.00000000
R2L,6234.50000000,0.00000000
R2L,6235.50000000,0.00000000
R2L,6236.50000000,0.00000000
R2L,6237.50000000,0.00000000
R2L,6238.50000000,0.00000000
R2L,6239.50000000,0.00000000
R2L,6240.50000000,0.00000000
R2L,6241.50000000,0.00000000
R2L,6242.50000000,0.00000000
R2L,6243.50000000,0.00000000
R2L,6244.50000000,0.00000000
R2L,6245.50000000,0.00000000
R2L,6246.50000000,0.00000000
R2L,6247.50000000,0.00000000
R2L,6248.50000000,0.00000000
R2L,6249.50000000,0.00000000
R2L,6250.50000000,0.00000000
R2L,6251.50000000,16.30468750
R2L,6252.50000000,150.93945312
R2L,6253.50000000,285.63476562
R2L,6254.50000000,420.33007812
R2L,6255.50000000,555.02539062
R2L,6256.50000000,689.72070312
R2L,6257.50000000,706.20703125
R2L,6258.50000000,694.16015625
R2L,6259.50000000,682.11328125
R2L,6260.50000000,670.00585938
R2L,6261.50000000,657.95898438
R2L,6262.50000000,645.91210938
R2L,6263.50000000,633.86523438
R2L,6264.50000000,621.75781250
R2L,6265.50000000,609.71093750
R2L,6266.50000000,597.66406250
R2L,6267.50000000,585.71093750
R2L,6268.50000000,573.74121094
R2L,6269.50000000,561.69433594
R2L,6270.50000000,549.64746094
R2L,6271.50000000,537.60058594
R2L,6272.50000000,525.49316406
R2L,6273.50000000,513.44628906
R2L,6274.50000000,501.39941406
R2L,6275.50000000,489.29199219
R2L,6276.50000000,477.24511719
R2L,6277.50000000,465.19824219
R2L,6278.50000000,453.15136719
R2L,6279.50000000,441.04394531
R2L,6280.50000000,428.99707031
R2L,6281.50000000,416.95019531
R2L,6282.50000000,408.97949219
R2L,6283.50000000,397.08691406
R2L,6284.50000000,385.05664062
R2L,6285.50000000,373.00976562
R2L,6286.50000000,360.96289062
R2L,6287.50000000,348.91601562
R2L,6288.50000000,336.80859375
R2L,6289.50000000,324.76171875
R2L,6290.50000000,312.71484375
R2L,6291.50000000,300.66796875
R2L,6292.50000000,288.56054688
R2L,6293.50000000,276.51367188
R2L,6294.50000000,264.46679688
R2L,6295.50000000,252.41992188
R2L,6296.50000000,240.31250000
R2L,6297.50000000,228.26562500
R2L,6298.50000000,216.21875000
R2L,6299.50000000,204.32617188
R2L,6300.50000000,192.29589844
R2L,6301.50000000,180.24902344
R2L,6302.50000000,168.20214844
R2L,6303.50000000,156.15527344
R2L,6304.50000000,144.04785156
R2L,6305.50000000,132.00097656
R2L,6306.50000000,119.95410156
R2L,6307.50000000,107.90722656
R2L,6308.50000000,95.79980469
R2L,6309.50000000,83.75292969
R2L,6310.50000000,71.70605469
R2L,6311.50000000,59.65917969
R2L,6312.50000000,47.56933594
R2L,6313.50000000,35.44433594
R2L,6314.50000000,23.39746094
R2L,6315.50000000,11.42773438
R2L,6316.50000000,6.74902344
R2L,6317.50000000,0.95800781
R2L,6318.50000000,0.00000000
R2L,6319.50000000,0.00000000
R2L,6320.50000000,0.00000000
R2L,6321.50000000,0.00000000
R2L,6322.50000000,0.00000000
R2L,6323.50000000,0.00000000
R2L,6324.50000000,0.00000000
R2L,6325.50000000,0.00000000
R2L,6326.50000000,0.00000000
R2L,6327.50000000,0.00000000
R2L,6328.50000000,0.00000000
R2L,6329.50000000,0.00000000
R2L,6330.50000000,0.00000000
R2L,6331.50000000,0.00000000
R2L,6332.50000000,0.00000000
R2L,6333.50000000,0.00000000
R2L,6334.50000000,0.00000000
R2L,6335.50000000,0.00000000
R2L,6336.50000000,0.00000000
R2L,6337.50000000,0.00000000
R2L,6338.50000000,0.00000000
R2L,6339.50000000,0.00000000
R2L,6340.50000000,0.00000000
R2L,6341.50000000,0.00000000
R2L,6342.50000000,0.00000000
R2L,6343.50000000,0.00000000
R2L,6344.50000000,0.00000000
R2L,6345.50000000,0.00000000
R2L,6346.50000000,0.00000000
R2L,6347.50000000,0.00000000
R2L,6348.50000000,0.00000000
R2L,6349.50000000,0.00000000
R2L,6350.50000000,0.00000000
R2L,6351.50000000,0.00000000
R2L,6352.50000000,0.00000000
R2L,6353.50000000,0.00000000
R2L,6354.50000000,32.60937500
R2L,6355.50000000,118.39062500
R2L,6356.50000000,204.17187500
R2L,6357.50000000,289.95312500
R2L,6358.50000000,375.73437500
R2L,6359.50000000,453.36328125
R2L,6360.50000000,441.25585938
R2L,6361.50000000,429.20898438
R2L,6362.50000000,417.16210938
R2L,6363.50000000,405.05468750
R2L,6364.50000000,393.00781250
R2L,6365.50000000,381.05468750
R2L,6366.50000000,369.00781250
R2L,6367.50000000,356.90039062
R2L,6368.50000000,344.85351562
R2L,6369.50000000,332.84570312
R2L,6370.50000000,324.77539062
R2L,6371.50000000,312.72851562
R2L,6372.50000000,300.68164062
R2L,6373.50000000,288.57421875
R2L,6374.50000000,276.52734375
R2L,6375.50000000,264.55761719
R2L,6376.50000000,252.52734375
R2L,6377.50000000,240.48046875
R2L,6378.50000000,228.37304688
R2L,6379.50000000,216.32617188
R2L,6380.50000000,204.27929688
R2L,6381.50000000,192.17187500
R2L,6382.50000000,180.12500000
R2L,6383.50000000,168.07812500
R2L,6384.50000000,156.00976562
R2L,6385.50000000,143.92382812
R2L,6386.50000000,131.97070312
R2L,6387.50000000,119.92382812
R2L,6388.50000000,107.87695312
R2L,6389.50000000,95.76953125
R2L,6390.50000000,83.72265625
R2L,6391.50000000,71.67578125
R2L,6392.50000000,59.50781250
R2L,6393.50000000,47.46093750
R2L,6394.50000000,35.35351562
R2L,6395.50000000,23.30664062
R2L,6396.50000000,11.25976562
R2L,6397.50000000,4.51953125
R2L,6398.50000000,8.15234375
R2L,6399.50000000,89.79687500
R2L,6400.50000000,175.57812500
R2L,6401.50000000,261.35937500
R2L,6402.50000000,347.14062500
R2L,6403.50000000,432.92187500
R2L,6404.50000000,445.27148438
R2L,6405.50000000,433.22460938
R2L,6406.50000000,421.11718750
R2L,6407.50000000,409.07031250
R2L,6408.50000000,397.02343750
R2L,6409.50000000,385.13085938
R2L,6410.50000000,373.02343750
R2L,6411.50000000,360.97656250
R2L,6412.50000000,348.86914062
R2L,6413.50000000,336.82226562
R2L,6414.50000000,328.79101562
R2L,6415.50000000,316.74414062
R2L,6416.50000000,304.69726562
R2L,6417.50000000,292.58984375
R2L,6418.50000000,280.54296875
R2L,6419.50000000,268.49609375
R2L,6420.50000000,256.54296875
R2L,6421.50000000,244.49609375
R2L,6422.50000000,232.48828125
R2L,6423.50000000,220.34179688
R2L,6424.50000000,208.29492188
R2L,6425.50000000,196.18750000
R2L,6426.50000000,184.14062500
R2L,6427.50000000,172.09375000
R2L,6428.50000000,159.98632812
R2L,6429.50000000,147.93945312
R2L,6430.50000000,135.96972656
R2L,6431.50000000,123.93945312
R2L,6432.50000000,111.89257812
R2L,6433.50000000,99.78515625
R2L,6434.50000000,87.73828125
R2L,6435.50000000,75.69140625
R2L,6436.50000000,63.58398438
R2L,6437.50000000,51.57617188
R2L,6438.50000000,39.42968750
R2L,6439.50000000,27.32226562
R2L,6440.50000000,15.27539062
R2L,6441.50000000,6.29199219
R2L,6442.50000000,0.63867188
R2L,6443.50000000,0.00000000
R2L,6444.50000000,0.00000000
R2L,6445.50000000,20.38085938
R2L,6446.50000000,106.10156250
R2L,6447.50000000,191.88281250
R2L,6448.50000000,277.66406250
R2L,6449.50000000,363.44531250
R2L,6450.50000000,449.22656250
R2L,6451.50000000,477.88085938
R2L,6452.50000000,465.83398438
R2L,6453.50000000,453.72656250
R2L,6454.50000000,441.67968750
R2L,6455.50000000,429.63281250
R2L,6456.50000000,417.74023438
R2L,6457.50000000,405.63281250
R2L,6458.50000000,393.58593750
R2L,6459.50000000,381.47851562
R2L,6460.50000000,369.43164062
R2L,6461.50000000,357.32421875
R2L,6462.50000000,345.27734375
R2L,6463.50000000,333.23046875
R2L,6464.50000000,321.12304688
R2L,6465.50000000,309.07617188
R2L,6466.50000000,297.02929688
R2L,6467.50000000,285.07617188
R2L,6468.50000000,273.02929688
R2L,6469.50000000,260.92187500
R2L,6470.50000000,248.87500000
R2L,6471.50000000,236.82812500
R2L,6472.50000000,224.72070312
R2L,6473.50000000,212.67382812
R2L,6474.50000000,200.62695312
R2L,6475.50000000,188.51953125
R2L,6476.50000000,176.47265625
R2L,6477.50000000,164.44238281
R2L,6478.50000000,152.47265625
R2L,6479.50000000,140.42578125
R2L,6480.50000000,128.31835938
R2L,6481.50000000,116.27148438
R2L,6482.50000000,104.22460938
R2L,6483.50000000,96.19335938
R2L,6484.50000000,84.14648438
R2L,6485.50000000,72.09960938
R2L,6486.50000000,59.99218750
R2L,6487.50000000,47.94531250
R2L,6488.50000000,35.99218750
R2L,6489.50000000,23.94531250
R2L,6490.50000000,11.89843750
R2L,6491.50000000,4.39843750
R2L,6492.50000000,0.00000000
R2L,6493.50000000,0.00000000
R2L,6494.50000000,0.00000000
R2L,6495.50000000,0.00000000
R2L,6496.50000000,0.00000000
R2L,6497.50000000,0.00000000
R2L,6498.50000000,0.00000000
R2L,6499.50000000,0.00000000
R2L,6500.50000000,0.00000000
R2L,6501.50000000,0.00000000
R2L,6502.50000000,0.00000000
R2L,6503.50000000,0.00000000
R2L,6504.50000000,0.00000000
R2L,6505.50000000,0.00000000
R2L,6506.50000000,0.00000000
R2L,6507.50000000,0.00000000
R2L,6508.50000000,0.00000000
R2L,6509.50000000,0.00000000
R2L,6510.50000000,0.00000000
R2L,6511.50000000,0.00000000
R2L,6512.50000000,0.00000000
R2L,6513.50000000,0.00000000
R2L,6514.50000000,0.00000000
R2L,6515.50000000,0.00000000
R2L,6516.50000000,0.00000000
R2L,6517.50000000,0.00000000
R2L,6518.50000000,0.00000000
R2L,6519.50000000,0.00000000
R2L,6520.50000000,0.00000000
R2L,6521.50000000,0.00000000
R2L,6522.50000000,0.00000000
R2L,6523.50000000,0.00000000
R2L,6524.50000000,0.00000000
R2L,6525.50000000,0.00000000
R2L,6526.50000000,0.00000000
R2L,6527.50000000,0.00000000
R2L,6528.50000000,0.00000000
R2L,6529.50000000,0.00000000
R2L,6530.50000000,0.00000000
R2L,6531.50000000,0.00000000
R2L,6532.50000000,0.00000000
R2L,6533.50000000,0.00000000
R2L,6534.50000000,0.00000000
R2L,6535.50000000,0.00000000
R2L,6536.50000000,0.00000000
R2L,6537.50000000,0.00000000
R2L,6538.50000000,0.00000000
R2L,6539.50000000,0.00000000
R2L,6540.50000000,0.00000000
R2L,6541.50000000,0.00000000
R2L,6542.50000000,0.00000000
R2L,6543.50000000,0.00000000
R2L,6544.50000000,0.00000000
R2L,6545.50000000,0.00000000
R2L,6546.50000000,0.00000000
R2L,6547.50000000,0.00000000
R2L,6548.50000000,0.00000000
R2L,6549.50000000,0.00000000
R2L,6550.50000000,0.00000000
R2L,6551.50000000,0.00000000
R2L,6552.50000000,0.00000000
R2L,6553.50000000,0.00000000
R2L,6554.50000000,0.00000000
R2L,6555.50000000,0.00000000
R2L,6556.50000000,0.00000000
R2L,6557.50000000,0.00000000
R2L,6558.50000000,0.00000000
R2L,6559.50000000,0.00000000
R2L,6560.50000000,0.00000000
R2L,6561.50000000,0.00000000
R2L,6562.50000000,0.00000000
R2L,6563.50000000,0.00000000
R2L,6564.50000000,0.00000000
R2L,6565.50000000,0.00000000
R2L,6566.50000000,0.00000000
R2L,6567.50000000,0.00000000
R2L,6568.50000000,0.00000000
R2L,6569.50000000,0.00000000
R2L,6570.50000000,0.00000000
R2L,6571.50000000,0.00000000
R2L,6572.50000000,0.00000000
R2L,6573.50000000,0.00000000
R2L,6574.50000000,0.00000000
R2L,6575.50000000,0.00000000
R2L,6576.50000000,0.00000000
R2L,6577.50000000,0.00000000
R2L,6578.50000000,0.00000000
R2L,6579.50000000,0.00000000
R2L,6580.50000000,0.00000000
R2L,6581.50000000,0.00000000
R2L,6582.50000000,0.00000000
R2L,6583.50000000,0.00000000
R2L,6584.50000000,0.00000000
R2L,6585.50000000,0.00000000
R2L,6586.50000000,0.00000000
R2L,6587.50000000,0.00000000
R2L,6588.50000000,0.00000000
R2L,6589.50000000,0.00000000
R2L,6590.50000000,0.00000000
R2L,6591.50000000,0.00000000
R2L,6592.50000000,0.00000000
R2L,6593.50000000,0.00000000
R2L,6594.50000000,0.00000000
R2L,6595.50000000,0.00000000
R2L,6596.50000000,0.00000000
R2L,6597.50000000,0.00000000
R2L,6598.50000000,0.00000000
R2L,6599.50000000,0.00000000
R2L,6600.50000000,0.00000000
R2L,6601.50000000,0.00000000
R2L,6602.50000000,0.00000000
R2L,6603.50000000,0.00000000
R2L,6604.50000000,0.00000000
R2L,6605.50000000,0.00000000
R2L,6606.50000000,0.00000000
R2L,6607.50000000,0.00000000
R2L,6608.50000000,0.00000000
R2L,6609.50000000,0.00000000
R2L,6610.50000000,0.00000000
R2L,6611.50000000,0.00000000
R2L,6612.50000000,0.00000000
R2L,6613.50000000,0.00000000
R2L,6614.50000000,0.00000000
R2L,6615.50000000,0.00000000
R2L,6616.50000000,0.00000000
R2L,6617.50000000,0.00000000
R2L,6618.50000000,0.00000000
R2L,6619.50000000,0.00000000
R2L,6620.50000000,0.00000000
R2L,6621.50000000,0.00000000
R2L,6622.50000000,0.00000000
R2L,6623.50000000,0.00000000
R2L,6624.50000000,0.00000000
R2L,6625.50000000,0.00000000
R2L,6626.50000000,0.00000000
R2L,6627.50000000,0.00000000
R2L,6628.50000000,0.00000000
R2L,6629.50000000,0.00000000
R2L,6630.50000000,0.00000000
R2L,6631.50000000,0.00000000
R2L,6632.50000000,0.00000000
R2L,6633.50000000,0.00000000
R2L,6634.50000000,0.00000000
R2L,6635.50000000,0.00000000
R2L,6636.50000000,0.00000000
R2L,6637.50000000,0.00000000
R2L,6638.50000000,0.00000000
R2L,6639.50000000,0.00000000
R2L,6640.50000000,0.00000000
R2L,6641.50000000,0.00000000
R2L,6642.50000000,0.00000000
R2L,6643.50000000,0.00000000
R2L,6644.50000000,0.00000000
R2L,6645.50000000,0.00000000
R2L,6646.50000000,0.00000000
R2L,6647.50000000,0.00000000
R2L,6648.50000000,0.00000000
R2L,6649.50000000,0.00000000
R2L,6650.50000000,0.00000000
R2L,6651.50000000,0.00000000
R2L,6652.50000000,0.00000000
R2L,6653.50000000,0.00000000
R2L,6654.50000000,0.00000000
R2L,6655.50000000,0.00000000
R2L,6656.50000000,0.00000000
R2L,6657.50000000,0.00000000
R2L,6658.50000000,0.00000000
R2L,6659.50000000,0.00000000
R2L,6660.50000000,0.00000000
R2L,6661.50000000,0.00000000
R2L,6662.50000000,0.00000000
R2L,6663.50000000,0.00000000
R2L,6664.50000000,0.00000000
R2L,6665.50000000,0.00000000
R2L,6666.50000000,0.00000000
R2L,6667.50000000,0.00000000
R2L,6668.50000000,0.00000000
R2L,6669.50000000,0.00000000
R2L,6670.50000000,0.00000000
R2L,6671.50000000,0.00000000
R2L,6672.50000000,0.00000000
R2L,6673.50000000,0.00000000
R2L,6674.50000000,0.00000000
R2L,6675.50000000,0.00000000
R2L,6676.50000000,0.00000000
R2L,6677.50000000,0.00000000
R2L,6678.50000000,0.00000000
R2L,6679.50000000,0.00000000
R2L,6680.50000000,0.00000000
R2L,6681.50000000,0.00000000
R2L,6682.50000000,0.00000000
R2L,6683.50000000,0.00000000
R2L,6684.50000000,0.00000000
R2L,6685.50000000,0.00000000
R2L,6686.50000000,0.00000000
R2L,6687.50000000,0.00000000
R2L,6688.50000000,0.00000000
R2L,6689.50000000,0.00000000
R2L,6690.50000000,0.00000000
R2L,6691.50000000,0.00000000
R2L,6692.50000000,0.00000000
R2L,6693.50000000,0.00000000
R2L,6694.50000000,0.00000000
R2L,6695.50000000,0.00000000
R2L,6696.50000000,0.00000000
R2L,6697.50000000,0.00000000
R2L,6698.50000000,0.00000000
R2L,6699.50000000,0.00000000
R2L,6700.50000000,0.00000000
R2L,6701.50000000,0.00000000
R2L,6702.50000000,0.00000000
R2L,6703.50000000,0.00000000
R2L,6704.50000000,0.00000000
R2L,6705.50000000,0.00000000
R2L,6706.50000000,0.00000000
R2L,6707.50000000,0.00000000
R2L,6708.50000000,0.00000000
R2L,6709.50000000,0.00000000
R2L,6710.50000000,0.00000000
R2L,6711.50000000,0.00000000
R2L,6712.50000000,0.00000000
R2L,6713.50000000,0.00000000
R2L,6714.50000000,0.00000000
R2L,6715.50000000,0.00000000
R2L,6716.50000000,0.00000000
R2L,6717.50000000,0.00000000
R2L,6718.50000000,0.00000000
R2L,6719.50000000,0.00000000
R2L,6720.50000000,0.00000000
R2L,6721.50000000,0.00000000
R2L,6722.50000000,0.00000000
R2L,6723.50000000,0.00000000
R2L,6724.50000000,0.00000000
R2L,6725.50000000,0.00000000
R2L,6726.50000000,0.00000000
R2L,6727.50000000,0.00000000
R2L,6728.50000000,0.00000000
R2L,6729.50000000,0.00000000
R2L,6730.50000000,0.00000000
R2L,6731.50000000,0.00000000
R2L,6732.50000000,0.00000000
R2L,6733.50000000,0.00000000
R2L,6734.50000000,0.00000000
R2L,6735.50000000,0.00000000
R2L,6736.50000000,0.00000000
R2L,6737.50000000,0.00000000
R2L,6738.50000000,0.00000000
R2L,6739.50000000,0.00000000
R2L,6740.50000000,0.00000000
R2L,6741.50000000,0.00000000
R2L,6742.50000000,0.00000000
R2L,6743.50000000,0.00000000
R2L,6744.50000000,0.00000000
R2L,6745.50000000,0.00000000
R2L,6746.50000000,0.00000000
R2L,6747.50000000,0.00000000
R2L,6748.50000000,0.00000000
R2L,6749.50000000,0.00000000
R2L,6750.50000000,0.00000000
R2L,6751.50000000,0.00000000
R2L,6752.50000000,0.00000000
R2L,6753.50000000,0.00000000
R2L,6754.50000000,0.00000000
R2L,6755.50000000,0.00000000
R2L,6756.50000000,0.00000000
R2L,6757.50000000,0.00000000
R2L,6758.50000000,0.00000000
R2L,6759.50000000,0.00000000
R2L,6760.50000000,0.00000000
R2L,6761.50000000,0.00000000
R2L,6762.50000000,0.00000000
R2L,6763.50000000,0.00000000
R2L,6764.50000000,0.00000000
R2L,6765.50000000,0.00000000
R2L,6766.50000000,0.00000000
R2L,6767.50000000,0.00000000
R2L,6768.50000000,0.00000000
R2L,6769.50000000,0.00000000
R2L,6770.50000000,0.00000000
R2L,6771.50000000,0.00000000
R2L,6772.50000000,0.00000000
R2L,6773.50000000,0.00000000
R2L,6774.50000000,0.00000000
R2L,6775.50000000,0.00000000
R2L,6776.50000000,0.00000000
R2L,6777.50000000,0.00000000
R2L,6778.50000000,0.00000000
R2L,6779.50000000,0.00000000
R2L,6780.50000000,0.00000000
R2L,6781.50000000,0.00000000
R2L,6782.50000000,0.00000000
R2L,6783.50000000,0.00000000
R2L,6784.50000000,0.00000000
R2L,6785.50000000,0.00000000
R2L,6786.50000000,0.00000000
R2L,6787.50000000,0.00000000
R2L,6788.50000000,0.00000000
R2L,6789.50000000,0.00000000
R2L,6790.50000000,0.00000000
R2L,6791.50000000,0.00000000
R2L,6792.50000000,0.00000000
R2L,6793.50000000,0.00000000
R2L,6794.50000000,0.00000000
R2L,6795.50000000,0.00000000
R2L,6796.50000000,0.00000000
R2L,6797.50000000,0.00000000
R2L,6798.50000000,0.00000000
R2L,6799.50000000,0.00000000
R2L,6800.50000000,0.00000000
R2L,6801.50000000,0.00000000
R2L,6802.50000000,0.00000000
R2L,6803.50000000,0.00000000
R2L,6804.50000000,0.00000000
R2L,6805.50000000,0.00000000
R2L,6806.50000000,0.00000000
R2L,6807.50000000,0.00000000
R2L,6808.50000000,0.00000000
R2L,6809.50000000,0.00000000
R2L,6810.50000000,0.00000000
R2L,6811.50000000,0.00000000
R2L,6812.50000000,0.00000000
R2L,6813.50000000,0.00000000
R2L,6814.50000000,0.00000000
R2L,6815.50000000,0.00000000
R2L,6816.50000000,0.00000000
R2L,6817.50000000,0.00000000
R2L,6818.50000000,0.00000000
R2L,6819.50000000,0.00000000
R2L,6820.50000000,0.00000000
R2L,6821.50000000,0.00000000
R2L,6822.50000000,0.00000000
R2L,6823.50000000,0.00000000
R2L,6824.50000000,0.00000000
R2L,6825.50000000,0.00000000
R2L,6826.50000000,0.00000000
R2L,6827.50000000,0.00000000
R2L,6828.50000000,0.00000000
R2L,6829.50000000,0.00000000
R2L,6830.50000000,0.00000000
R2L,6831.50000000,0.00000000
R2L,6832.50000000,0.00000000
R2L,6833.50000000,0.00000000
R2L,6834.50000000,0.00000000
R2L,6835.50000000,0.00000000
R2L,6836.50000000,0.00000000
R2L,6837.50000000,0.00000000
R2L,6838.50000000,0.00000000
R2L,6839.50000000,0.00000000
R2L,6840.50000000,0.00000000
R2L,6841.50000000,0.00000000
R2L,6842.50000000,0.00000000
R2L,6843.50000000,0.00000000
R2L,6844.50000000,0.00000000
R2L,6845.50000000,0.00000000
R2L,6846.50000000,0.00000000
R2L,6847.50000000,0.00000000
R2L,6848.50000000,0.00000000
R2L,6849.50000000,0.00000000
R2L,6850.50000000,0.00000000
R2L,6851.50000000,0.00000000
R2L,6852.50000000,0.00000000
R2L,6853.50000000,0.00000000
R2L,6854.50000000,0.00000000
R2L,6855.50000000,0.00000000
R2L,6856.50000000,0.00000000
R2L,6857.50000000,0.00000000
R2L,6858.50000000,0.00000000
R2L,6859.50000000,0.00000000
R2L,6860.50000000,0.00000000
R2L,6861.50000000,0.00000000
R2L,6862.50000000,0.00000000
R2L,6863.50000000,0.00000000
R2L,6864.50000000,0.00000000
R2L,6865.50000000,0.00000000
R2L,6866.50000000,0.00000000
R2L,6867.50000000,0.00000000
R2L,6868.50000000,0.00000000
R2L,6869.50000000,0.00000000
R2L,6870.50000000,0.00000000
R2L,6871.50000000,0.00000000
R2L,6872.50000000,0.00000000
R2L,6873.50000000,0.00000000
R2L,6874.50000000,0.00000000
R2L,6875.50000000,0.00000000
R2L,6876.50000000,0.00000000
R2L,6877.50000000,0.00000000
R2L,6878.50000000,0.00000000
R2L,6879.50000000,0.00000000
R2L,6880.50000000,0.00000000
R2L,6881.50000000,0.00000000
R2L,6882.50000000,0.00000000
R2L,6883.50000000,0.00000000
R2L,6884.50000000,0.00000000
R2L,6885.50000000,0.00000000
R2L,6886.50000000,0.00000000
R2L,6887.50000000,0.00000000
R2L,6888.50000000,0.00000000
R2L,6889.50000000,0.00000000
R2L,6890.50000000,0.00000000
R2L,6891.50000000,0.00000000
R2L,6892.50000000,0.00000000
R2L,6893.50000000,0.00000000
R2L,6894.50000000,0.00000000
R2L,6895.50000000,0.00000000
R2L,6896.50000000,0.00000000
R2L,6897.50000000,0.00000000
R2L,6898.50000000,0.00000000
R2L,6899.50000000,0.00000000
R2L,6900.50000000,0.00000000
R2L,6901.50000000,0.00000000
R2L,6902.50000000,0.00000000
R2L,6903.50000000,0.00000000
R2L,6904.50000000,0.00000000
R2L,6905.50000000,0.00000000
R2L,6906.50000000,0.00000000
R2L,6907.50000000,0.00000000
R2L,6908.50000000,0.00000000
R2L,6909.50000000,0.00000000
R2L,6910.50000000,0.00000000
R2L,6911.50000000,0.00000000
R2L,6912.50000000,0.00000000
R2L,6913.50000000,0.00000000
R2L,6914.50000000,0.00000000
R2L,6915.50000000,0.00000000
R2L,6916.50000000,0.00000000
R2L,6917.50000000,0.00000000
R2L,6918.50000000,0.00000000
R2L,6919.50000000,0.00000000
R2L,6920.50000000,0.00000000
R2L,6921.50000000,0.00000000
R2L,6922.50000000,0.00000000
R2L,6923.50000000,0.00000000
R2L,6924.50000000,0.00000000
R2L,6925.50000000,0.00000000
R2L,6926.50000000,0.00000000
R2L,6927.50000000,0.00000000
R2L,6928.50000000,0.00000000
R2L,6929.50000000,0.00000000
R2L,6930.50000000,0.00000000
R2L,6931.50000000,0.00000000
R2L,6932.50000000,0.00000000
R2L,6933.50000000,0.00000000
R2L,6934.50000000,0.00000000
R2L,6935.50000000,0.00000000
R2L,6936.50000000,0.00000000
R2L,6937.50000000,0.00000000
R2L,6938.50000000,0.00000000
R2L,6939.50000000,0.00000000
R2L,6940.50000000,0.00000000
R2L,6941.50000000,0.00000000
R2L,6942.50000000,0.00000000
R2L,6943.50000000,0.00000000
R2L,6944.50000000,0.00000000
R2L,6945.50000000,0.00000000
R2L,6946.50000000,0.00000000
R2L,6947.50000000,0.00000000
R2L,6948.50000000,0.00000000
R2L,6949.50000000,32.60937500
R2L,6950.50000000,118.39062500
R2L,6951.50000000,204.17187500
R2L,6952.50000000,289.95312500
R2L,6953.50000000,371.65820312
R2L,6954.50000000,453.36328125
R2L,6955.50000000,441.25585938
R2L,6956.50000000,429.20898438
R2L,6957.50000000,417.16210938
R2L,6958.50000000,409.13085938
R2L,6959.50000000,397.08398438
R2L,6960.50000000,385.19140625
R2L,6961.50000000,373.08398438
R2L,6962.50000000,361.03710938
R2L,6963.50000000,348.92968750
R2L,6964.50000000,336.92187500
R2L,6965.50000000,324.77539062
R2L,6966.50000000,312.72851562
R2L,6967.50000000,300.68164062
R2L,6968.50000000,288.57421875
R2L,6969.50000000,276.52734375
R2L,6970.50000000,264.55761719
R2L,6971.50000000,252.52734375
R2L,6972.50000000,240.48046875
R2L,6973.50000000,228.37304688
R2L,6974.50000000,216.32617188
R2L,6975.50000000,204.27929688
R2L,6976.50000000,192.17187500
R2L,6977.50000000,180.12500000
R2L,6978.50000000,168.07812500
R2L,6979.50000000,155.97070312
R2L,6980.50000000,143.92382812
R2L,6981.50000000,131.83300781
R2L,6982.50000000,119.86328125
R2L,6983.50000000,107.81640625
R2L,6984.50000000,95.70898438
R2L,6985.50000000,83.66210938
R2L,6986.50000000,71.61523438
R2L,6987.50000000,59.50781250
R2L,6988.50000000,47.46093750
R2L,6989.50000000,35.35351562
R2L,6990.50000000,23.30664062
R2L,6991.50000000,11.25976562
R2L,6992.50000000,4.76171875
R2L,6993.50000000,0.00000000
R2L,6994.50000000,0.00000000
R2L,6995.50000000,0.00000000
R2L,6996.50000000,0.00000000
R2L,6997.50000000,0.00000000
R2L,6998.50000000,0.00000000
R2L,6999.50000000,0.00000000
R2L,7000.50000000,0.00000000
R2L,7001.50000000,0.00000000
R2L,7002.50000000,0.00000000
R2L,7003.50000000,0.00000000
R2L,7004.50000000,0.00000000
R2L,7005.50000000,0.00000000
R2L,7006.50000000,0.00000000
R2L,7007.50000000,0.00000000
R2L,7008.50000000,0.00000000
R2L,7009.50000000,0.00000000
R2L,7010.50000000,0.00000000
R2L,7011.50000000,0.00000000
R2L,7012.50000000,0.00000000
R2L,7013.50000000,0.00000000
R2L,7014.50000000,0.00000000
R2L,7015.50000000,0.00000000
R2L,7016.50000000,0.00000000
R2L,7017.50000000,0.00000000
R2L,7018.50000000,0.00000000
R2L,7019.50000000,0.00000000
R2L,7020.50000000,0.00000000
R2L,7021.50000000,0.00000000
R2L,7022.50000000,0.00000000
R2L,7023.50000000,0.00000000
R2L,7024.50000000,0.00000000
R2L,7025.50000000,0.00000000
R2L,7026.50000000,0.00000000
R2L,7027.50000000,0.00000000
R2L,7028.50000000,0.00000000
R2L,7029.50000000,0.00000000
R2L,7030.50000000,0.00000000
R2L,7031.50000000,0.00000000
R2L,7032.50000000,0.00000000
R2L,7033.50000000,0.00000000
R2L,7034.50000000,0.00000000
R2L,7035.50000000,0.00000000
R2L,7036.50000000,0.00000000
R2L,7037.50000000,0.00000000
R2L,7038.50000000,0.00000000
R2L,7039.50000000,0.00000000
R2L,7040.50000000,0.00000000
R2L,7041.50000000,0.00000000
R2L,7042.50000000,0.00000000
R2L,7043.50000000,0.00000000
R2L,7044.50000000,0.00000000
R2L,7045.50000000,0.00000000
R2L,7046.50000000,0.00000000
R2L,7047.50000000,0.00000000
R2L,7048.50000000,0.00000000
R2L,7049.50000000,0.00000000
R2L,7050.50000000,0.00000000
R2L,7051.50000000,0.00000000
R2L,7052.50000000,0.00000000
R2L,7053.50000000,0.00000000
R2L,7054.50000000,0.00000000
R2L,7055.50000000,0.00000000
R2L,7056.50000000,0.00000000
R2L,7057.50000000,0.00000000
R2L,7058.50000000,0.00000000
R2L,7059.50000000,0.00000000
R2L,7060.50000000,0.00000000
R2L,7061.50000000,0.00000000
R2L,7062.50000000,0.00000000
R2L,7063.50000000,0.00000000
R2L,7064.50000000,0.00000000
R2L,7065.50000000,0.00000000
R2L,7066.50000000,0.00000000
R2L,7067.50000000,0.00000000
R2L,7068.50000000,0.00000000
R2L,7069.50000000,0.00000000
R2L,7070.50000000,0.00000000
R2L,7071.50000000,0.00000000
R2L,7072.50000000,0.00000000
R2L,7073.50000000,0.00000000
R2L,7074.50000000,0.00000000
R2L,7075.50000000,0.00000000
R2L,7076.50000000,0.00000000
R2L,7077.50000000,0.00000000
R2L,7078.50000000,0.00000000
R2L,7079.50000000,0.00000000
R2L,7080.50000000,0.00000000
R2L,7081.50000000,0.00000000
R2L,7082.50000000,0.00000000
R2L,7083.50000000,0.00000000
R2L,7084.50000000,0.00000000
R2L,7085.50000000,0.00000000
R2L,7086.50000000,0.00000000
R2L,7087.50000000,0.00000000
R2L,7088.50000000,0.00000000
R2L,7089.50000000,0.00000000
R2L,7090.50000000,0.00000000
R2L,7091.50000000,0.00000000
R2L,7092.50000000,0.00000000
R2L,7093.50000000,0.00000000
R2L,7094.50000000,0.00000000
R2L,7095.50000000,0.00000000
R2L,7096.50000000,0.00000000
R2L,7097.50000000,0.00000000
R2L,7098.50000000,0.00000000
R2L,7099.50000000,0.00000000
R2L,7100.50000000,0.00000000
R2L,7101.50000000,0.00000000
R2L,7102.50000000,0.00000000
R2L,7103.50000000,0.00000000
R2L,7104.50000000,0.00000000
R2L,7105.50000000,0.00000000
R2L,7106.50000000,0.00000000
R2L,7107.50000000,0.00000000
R2L,7108.50000000,0.00000000
R2L,7109.50000000,0.00000000
R2L,7110.50000000,0.00000000
R2L,7111.50000000,0.00000000
R2L,7112.50000000,0.00000000
R2L,7113.50000000,0.00000000
R2L,7114.50000000,0.00000000
R2L,7115.50000000,0.00000000
R2L,7116.50000000,0.00000000
R2L,7117.50000000,0.00000000
R2L,7118.50000000,0.00000000
R2L,7119.50000000,0.00000000
R2L,7120.50000000,0.00000000
R2L,7121.50000000,0.00000000
R2L,7122.50000000,0.00000000
R2L,7123.50000000,0.00000000
R2L,7124.50000000,0.00000000
R2L,7125.50000000,0.00000000
R2L,7126.50000000,0.00000000
R2L,7127.50000000,0.00000000
R2L,7128.50000000,0.00000000
R2L,7129.50000000,0.00000000
R2L,7130.50000000,0.00000000
R2L,7131.50000000,0.00000000
R2L,7132.50000000,0.00000000
R2L,7133.50000000,0.00000000
R2L,7134.50000000,0.00000000
R2L,7135.50000000,0.00000000
R2L,7136.50000000,0.00000000
R2L,7137.50000000,0.00000000
R2L,7138.50000000,0.00000000
R2L,7139.50000000,0.00000000
R2L,7140.50000000,0.00000000
R2L,7141.50000000,0.00000000
R2L,7142.50000000,0.00000000
R2L,7143.50000000,0.00000000
R2L,7144.50000000,0.00000000
R2L,7145.50000000,0.00000000
R2L,7146.50000000,0.00000000
R2L,7147.50000000,0.00000000
R2L,7148.50000000,0.00000000
R2L,7149.50000000,0.00000000
R2L,7150.50000000,0.00000000
R2L,7151.50000000,0.00000000
R2L,7152.50000000,0.00000000
R2L,7153.50000000,0.00000000
R2L,7154.50000000,0.00000000
R2L,7155.50000000,0.00000000
R2L,7156.50000000,0.00000000
R2L,7157.50000000,0.00000000
R2L,7158.50000000,0.00000000
R2L,7159.50000000,0.00000000
R2L,7160.50000000,0.00000000
R2L,7161.50000000,0.00000000
R2L,7162.50000000,0.00000000
R2L,7163.50000000,0.00000000
R2L,7164.50000000,0.00000000
R2L,7165.50000000,0.00000000
R2L,7166.50000000,0.00000000
R2L,7167.50000000,0.00000000
R2L,7168.50000000,0.00000000
R2L,7169.50000000,0.00000000
R2L,7170.50000000,0.00000000
R2L,7171.50000000,0.00000000
R2L,7172.50000000,0.00000000
R2L,7173.50000000,0.00000000
R2L,7174.50000000,0.00000000
R2L,7175.50000000,0.00000000
R2L,7176.50000000,0.00000000
R2L,7177.50000000,0.00000000
R2L,7178.50000000,0.00000000
R2L,7179.50000000,0.00000000
R2L,7180.50000000,0.00000000
R2L,7181.50000000,0.00000000
R2L,7182.50000000,0.00000000
R2L,7183.50000000,0.00000000
R2L,7184.50000000,0.00000000
R2L,7185.50000000,0.00000000
R2L,7186.50000000,0.00000000
R2L,7187.50000000,0.00000000
R2L,7188.50000000,0.00000000
R2L,7189.50000000,0.00000000
R2L,7190.50000000,0.00000000
R2L,7191.50000000,0.00000000
R2L,7192.50000000,0.00000000
R2L,7193.50000000,0.00000000
R2L,7194.50000000,0.00000000
R2L,7195.50000000,0.00000000
R2L,7196.50000000,0.00000000
R2L,7197.50000000,0.00000000
R2L,7198.50000000,0.00000000
R2L,7199.50000000,0.00000000
R2L,7200.50000000,0.00000000
R2L,7201.50000000,0.00000000
R2L,7202.50000000,0.00000000
R2L,7203.50000000,0.00000000
R2L,7204.50000000,0.00000000
R2L,7205.50000000,0.00000000
R2L,7206.50000000,0.00000000
R2L,7207.50000000,0.00000000
R2L,7208.50000000,0.00000000
R2L,7209.50000000,0.00000000
R2L,7210.50000000,0.00000000
R2L,7211.50000000,0.00000000
R2L,7212.50000000,0.00000000
R2L,7213.50000000,0.00000000
R2L,7214.50000000,0.00000000
R2L,7215.50000000,0.00000000
R2L,7216.50000000,0.00000000
R2L,7217.50000000,0.00000000
R2L,7218.50000000,0.00000000
R2L,7219.50000000,0.00000000
R2L,7220.50000000,0.00000000
R2L,7221.50000000,0.00000000
R2L,7222.50000000,0.00000000
R2L,7223.50000000,0.00000000
R2L,7224.50000000,0.00000000
R2L,7225.50000000,0.00000000
R2L,7226.50000000,0.00000000
R2L,7227.50000000,0.00000000
R2L,7228.50000000,0.00000000
R2L,7229.50000000,0.00000000
R2L,7230.50000000,0.00000000
R2L,7231.50000000,0.00000000
R2L,7232.50000000,0.00000000
R2L,7233.50000000,0.00000000
R2L,7234.50000000,0.00000000
R2L,7235.50000000,0.00000000
R2L,7236.50000000,0.00000000
R2L,7237.50000000,0.00000000
R2L,7238.50000000,0.00000000
R2L,7239.50000000,0.00000000
R2L,7240.50000000,0.00000000
R2L,7241.50000000,0.00000000
R2L,7242.50000000,0.00000000
R2L,7243.50000000,0.00000000
R2L,7244.50000000,0.00000000
R2L,7245.50000000,0.00000000
R2L,7246.50000000,0.00000000
R2L,7247.50000000,0.00000000
R2L,7248.50000000,0.00000000
R2L,7249.50000000,0.00000000
R2L,7250.50000000,0.00000000
R2L,7251.50000000,0.00000000
R2L,7252.50000000,0.00000000
R2L,7253.50000000,0.00000000
R2L,7254.50000000,0.00000000
R2L,7255.50000000,0.00000000
R2L,7256.50000000,0.00000000
R2L,7257.50000000,0.00000000
R2L,7258.50000000,0.00000000
R2L,7259.50000000,0.00000000
R2L,7260.50000000,0.00000000
R2L,7261.50000000,0.00000000
R2L,7262.50000000,0.00000000
R2L,7263.50000000,0.00000000
R2L,7264.50000000,0.00000000
R2L,7265.50000000,0.00000000
R2L,7266.50000000,0.00000000
R2L,7267.50000000,0.00000000
R2L,7268.50000000,0.00000000
R2L,7269.50000000,0.00000000
R2L,7270.50000000,0.00000000
R2L,7271.50000000,0.00000000
R2L,7272.50000000,0.00000000
R2L,7273.50000000,0.00000000
R2L,7274.50000000,0.00000000
R2L,7275.50000000,0.00000000
R2L,7276.50000000,0.00000000
R2L,7277.50000000,0.00000000
R2L,7278.50000000,0.00000000
R2L,7279.50000000,0.00000000
R2L,7280.50000000,0.00000000
R2L,7281.50000000,0.00000000
R2L,7282.50000000,0.00000000
R2L,7283.50000000,0.00000000
R2L,7284.50000000,0.00000000
R2L,7285.50000000,0.00000000
R2L,7286.50000000,0.00000000
R2L,7287.50000000,0.00000000
R2L,7288.50000000,0.00000000
R2L,7289.50000000,0.00000000
R2L,7290.50000000,0.00000000
R2L,7291.50000000,0.00000000
R2L,7292.50000000,0.00000000
R2L,7293.50000000,0.00000000
R2L,7294.50000000,0.00000000
R2L,7295.50000000,0.00000000
R2L,7296.50000000,0.00000000
R2L,7297.50000000,0.00000000
R2L,7298.50000000,0.00000000
R2L,7299.50000000,0.00000000
R2L,7300.50000000,0.00000000
R2L,7301.50000000,0.00000000
R2L,7302.50000000,0.00000000
R2L,7303.50000000,0.00000000
R2L,7304.50000000,0.00000000
R2L,7305.50000000,0.00000000
R2L,7306.50000000,0.00000000
R2L,7307.50000000,0.00000000
R2L,7308.50000000,0.00000000
R2L,7309.50000000,0.00000000
R2L,7310.50000000,0.00000000
R2L,7311.50000000,0.00000000
R2L,7312.50000000,0.00000000
R2L,7313.50000000,0.00000000
R2L,7314.50000000,0.00000000
R2L,7315.50000000,0.00000000
R2L,7316.50000000,0.00000000
R2L,7317.50000000,0.00000000
R2L,7318.50000000,0.00000000
R2L,7319.50000000,0.00000000
R2L,7320.50000000,0.00000000
R2L,7321.50000000,0.00000000
R2L,7322.50000000,0.00000000
R2L,7323.50000000,0.00000000
R2L,7324.50000000,0.00000000
R2L,7325.50000000,0.00000000
R2L,7326.50000000,0.00000000
R2L,7327.50000000,0.00000000
R2L,7328.50000000,0.00000000
R2L,7329.50000000,0.00000000
R2L,7330.50000000,0.00000000
R2L,7331.50000000,0.00000000
R2L,7332.50000000,0.00000000
R2L,7333.50000000,0.00000000
R2L,7334.50000000,0.00000000
R2L,7335.50000000,0.00000000
R2L,7336.50000000,0.00000000
R2L,7337.50000000,0.00000000
R2L,7338.50000000,0.00000000
R2L,7339.50000000,0.00000000
R2L,7340.50000000,0.00000000
R2L,7341.50000000,0.00000000
R2L,7342.50000000,0.00000000
R2L,7343.50000000,0.00000000
R2L,7344.50000000,0.00000000
R2L,7345.50000000,0.00000000
R2L,7346.50000000,0.00000000
R2L,7347.50000000,0.00000000
R2L,7348.50000000,0.00000000
R2L,7349.50000000,0.00000000
R2L,7350.50000000,0.00000000
R2L,7351.50000000,0.00000000
R2L,7352.50000000,0.00000000
R2L,7353.50000000,0.00000000
R2L,7354.50000000,0.00000000
R2L,7355.50000000,0.00000000
R2L,7356.50000000,0.00000000
R2L,7357.50000000,0.00000000
R2L,7358.50000000,0.00000000
R2L,7359.50000000,0.00000000
R2L,7360.50000000,0.00000000
R2L,7361.50000000,0.00000000
R2L,7362.50000000,0.00000000
R2L,7363.50000000,0.00000000
R2L,7364.50000000,0.00000000
R2L,7365.50000000,0.00000000
R2L,7366.50000000,0.00000000
R2L,7367.50000000,0.00000000
R2L,7368.50000000,0.00000000
R2L,7369.50000000,0.00000000
R2L,7370.50000000,0.00000000
R2L,7371.50000000,0.00000000
R2L,7372.50000000,0.00000000
R2L,7373.50000000,0.00000000
R2L,7374.50000000,0.00000000
R2L,7375.50000000,0.00000000
R2L,7376.50000000,0.00000000
R2L,7377.50000000,0.00000000
R2L,7378.50000000,0.00000000
R2L,7379.50000000,0.00000000
R2L,7380.50000000,0.00000000
R2L,7381.50000000,0.00000000
R2L,7382.50000000,0.00000000
R2L,7383.50000000,0.00000000
R2L,7384.50000000,0.00000000
R2L,7385.50000000,0.00000000
R2L,7386.50000000,0.00000000
R2L,7387.50000000,0.00000000
R2L,7388.50000000,0.00000000
R2L,7389.50000000,0.00000000
R2L,7390.50000000,0.00000000
R2L,7391.50000000,0.00000000
R2L,7392.50000000,0.00000000
R2L,7393.50000000,0.00000000
R2L,7394.50000000,0.00000000
R2L,7395.50000000,0.00000000
R2L,7396.50000000,0.00000000
R2L,7397.50000000,0.00000000
R2L,7398.50000000,0.00000000
R2L,7399.50000000,0.00000000
R2L,7400.50000000,0.00000000
R2L,7401.50000000,0.00000000
R2L,7402.50000000,0.00000000
R2L,7403.50000000,0.00000000
R2L,7404.50000000,0.00000000
R2L,7405.50000000,0.00000000
R2L,7406.50000000,0.00000000
R2L,7407.50000000,0.00000000
R2L,7408.50000000,0.00000000
R2L,7409.50000000,0.00000000
R2L,7410.50000000,0.00000000
R2L,7411.50000000,0.00000000
R2L,7412.50000000,0.00000000
R2L,7413.50000000,0.00000000
R2L,7414.50000000,0.00000000
R2L,7415.50000000,0.00000000
R2L,7416.50000000,0.00000000
R2L,7417.50000000,0.00000000
R2L,7418.50000000,0.00000000
R2L,7419.50000000,0.00000000
R2L,7420.50000000,0.00000000
R2L,7421.50000000,0.00000000
R2L,7422.50000000,0.00000000
R2L,7423.50000000,0.00000000
R2L,7424.50000000,0.00000000
R2L,7425.50000000,0.00000000
R2L,7426.50000000,0.00000000
R2L,7427.50000000,0.00000000
R2L,7428.50000000,0.00000000
R2L,7429.50000000,0.00000000
R2L,7430.50000000,0.00000000
R2L,7431.50000000,0.00000000
R2L,7432.50000000,0.00000000
R2L,7433.50000000,0.00000000
R2L,7434.50000000,0.00000000
R2L,7435.50000000,0.00000000
R2L,7436.50000000,0.00000000
R2L,7437.50000000,0.00000000
R2L,7438.50000000,0.00000000
R2L,7439.50000000,0.00000000
R2L,7440.50000000,0.00000000
R2L,7441.50000000,0.00000000
R2L,7442.50000000,0.00000000
R2L,7443.50000000,0.00000000
R2L,7444.50000000,0.00000000
R2L,7445.50000000,0.00000000
R2L,7446.50000000,0.00000000
R2L,7447.50000000,0.00000000
R2L,7448.50000000,0.00000000
R2L,7449.50000000,0.00000000
R2L,7450.50000000,0.00000000
R2L,7451.50000000,0.00000000
R2L,7452.50000000,0.00000000
R2L,7453.50000000,0.00000000
R2L,7454.50000000,0.00000000
R2L,7455.50000000,0.00000000
R2L,7456.50000000,0.00000000
R2L,7457.50000000,0.00000000
R2L,7458.50000000,0.00000000
R2L,7459.50000000,0.00000000
R2L,7460.50000000,0.00000000
R2L,7461.50000000,0.00000000
R2L,7462.50000000,0.00000000
R2L,7463.50000000,0.00000000
R2L,7464.50000000,0.00000000
R2L,7465.50000000,0.00000000
R2L,7466.50000000,0.00000000
R2L,7467.50000000,0.00000000
R2L,7468.50000000,0.00000000
R2L,7469.50000000,0.00000000
R2L,7470.50000000,0.00000000
R2L,7471.50000000,0.00000000
R2L,7472.50000000,0.00000000
R2L,7473.50000000,0.00000000
R2L,7474.50000000,0.00000000
R2L,7475.50000000,0.00000000
R2L,7476.50000000,0.00000000
R2L,7477.50000000,0.00000000
R2L,7478.50000000,0.00000000
R2L,7479.50000000,0.00000000
R2L,7480.50000000,0.00000000
R2L,7481.50000000,0.00000000
R2L,7482.50000000,0.00000000
R2L,7483.50000000,0.00000000
R2L,7484.50000000,0.00000000
R2L,7485.50000000,0.00000000
R2L,7486.50000000,0.00000000
R2L,7487.50000000,0.00000000
R2L,7488.50000000,0.00000000
R2L,7489.50000000,0.00000000
R2L,7490.50000000,0.00000000
R2L,7491.50000000,0.00000000
R2L,7492.50000000,0.00000000
R2L,7493.50000000,0.00000000
R2L,7494.50000000,0.00000000
R2L,7495.50000000,0.00000000
R2L,7496.50000000,0.00000000
R2L,7497.50000000,0.00000000
R2L,7498.50000000,0.00000000
R2L,7499.50000000,0.00000000
R2L,7500.50000000,0.00000000
R2L,7501.50000000,0.00000000
R2L,7502.50000000,0.00000000
R2L,7503.50000000,0.00000000
R2L,7504.50000000,0.00000000
R2L,7505.50000000,0.00000000
R2L,7506.50000000,0.00000000
R2L,7507.50000000,0.00000000
R2L,7508.50000000,0.00000000
R2L,7509.50000000,0.00000000
R2L,7510.50000000,0.00000000
R2L,7511.50000000,0.00000000
R2L,7512.50000000,0.00000000
R2L,7513.50000000,0.00000000
R2L,7514.50000000,0.00000000
R2L,7515.50000000,0.00000000
R2L,7516.50000000,0.00000000
R2L,7517.50000000,0.00000000
R2L,7518.50000000,0.00000000
R2L,7519.50000000,0.00000000
R2L,7520.50000000,0.00000000
R2L,7521.50000000,0.00000000
R2L,7522.50000000,0.00000000
R2L,7523.50000000,0.00000000
R2L,7524.50000000,0.00000000
R2L,7525.50000000,0.00000000
R2L,7526.50000000,0.00000000
R2L,7527.50000000,0.00000000
R2L,7528.50000000,0.00000000
R2L,7529.50000000,0.00000000
R2L,7530.50000000,0.00000000
R2L,7531.50000000,0.00000000
R2L,7532.50000000,0.00000000
R2L,7533.50000000,0.00000000
R2L,7534.50000000,0.00000000
R2L,7535.50000000,0.00000000
R2L,7536.50000000,0.00000000
R2L,7537.50000000,0.00000000
R2L,7538.50000000,0.00000000
R2L,7539.50000000,0.00000000
R2L,7540.50000000,0.00000000
R2L,7541.50000000,0.00000000
R2L,7542.50000000,0.00000000
R2L,7543.50000000,0.00000000
R2L,7544.50000000,0.00000000
R2L,7545.50000000,0.00000000
R2L,7546.50000000,0.00000000
R2L,7547.50000000,0.00000000
R2L,7548.50000000,0.00000000
R2L,7549.50000000,0.00000000
R2L,7550.50000000,0.00000000
R2L,7551.50000000,0.00000000
R2L,7552.50000000,0.00000000
R2L,7553.50000000,0.00000000
R2L,7554.50000000,0.00000000
R2L,7555.50000000,0.00000000
R2L,7556.50000000,0.00000000
R2L,7557.50000000,0.00000000
R2L,7558.50000000,0.00000000
R2L,7559.50000000,0.00000000
R2L,7560.50000000,0.00000000
R2L,7561.50000000,0.00000000
R2L,7562.50000000,0.00000000
R2L,7563.50000000,0.00000000
R2L,7564.50000000,0.00000000
R2L,7565.50000000,0.00000000
R2L,7566.50000000,0.00000000
R2L,7567.50000000,0.00000000
R2L,7568.50000000,0.00000000
R2L,7569.50000000,0.00000000
R2L,7570.50000000,0.00000000
R2L,7571.50000000,0.00000000
R2L,7572.50000000,0.00000000
R2L,7573.50000000,0.00000000
R2L,7574.50000000,0.00000000
R2L,7575.50000000,0.00000000
R2L,7576.50000000,0.00000000
R2L,7577.50000000,0.00000000
R2L,7578.50000000,0.00000000
R2L,7579.50000000,0.00000000
R2L,7580.50000000,0.00000000
R2L,7581.50000000,0.00000000
R2L,7582.50000000,0.00000000
R2L,7583.50000000,0.00000000
R2L,7584.50000000,0.00000000
R2L,7585.50000000,0.00000000
R2L,7586.50000000,0.00000000
R2L,7587.50000000,0.00000000
R2L,7588.50000000,0.00000000
R2L,7589.50000000,0.00000000
R2L,7590.50000000,0.00000000
R2L,7591.50000000,0.00000000
R2L,7592.50000000,0.00000000
R2L,7593.50000000,0.00000000
R2L,7594.50000000,0.00000000
R2L,7595.50000000,0.00000000
R2L,7596.50000000,0.00000000
R2L,7597.50000000,0.00000000
R2L,7598.50000000,0.00000000
R2L,7599.50000000,0.00000000
R2L,7600.50000000,0.00000000
R2L,7601.50000000,0.00000000
R2L,7602.50000000,0.00000000
R2L,7603.50000000,0.00000000
R2L,7604.50000000,0.00000000
R2L,7605.50000000,0.00000000
R2L,7606.50000000,0.00000000
R2L,7607.50000000,0.00000000
R2L,7608.50000000,0.00000000
R2L,7609.50000000,0.00000000
R2L,7610.50000000,0.00000000
R2L,7611.50000000,0.00000000
R2L,7612.50000000,0.00000000
R2L,7613.50000000,0.00000000
R2L,7614.50000000,0.00000000
R2L,7615.50000000,0.00000000
R2L,7616.50000000,0.00000000
R2L,7617.50000000,0.00000000
R2L,7618.50000000,0.00000000
R2L,7619.50000000,0.00000000
R2L,7620.50000000,0.00000000
R2L,7621.50000000,0.00000000
R2L,7622.50000000,0.00000000
R2L,7623.50000000,0.00000000
R2L,7624.50000000,0.00000000
R2L,7625.50000000,0.00000000
R2L,7626.50000000,0.00000000
R2L,7627.50000000,0.00000000
R2L,7628.50000000,0.00000000
R2L,7629.50000000,0.00000000
R2L,7630.50000000,0.00000000
R2L,7631.50000000,0.00000000
R2L,7632.50000000,0.00000000
R2L,7633.50000000,0.00000000
R2L,7634.50000000,0.00000000
R2L,7635.50000000,0.00000000
R2L,7636.50000000,0.00000000
R2L,7637.50000000,0.00000000
R2L,7638.50000000,0.00000000
R2L,7639.50000000,0.00000000
R2L,7640.50000000,0.00000000
R2L,7641.50000000,0.00000000
R2L,7642.50000000,0.00000000
R2L,7643.50000000,0.00000000
R2L,7644.50000000,0.00000000
R2L,7645.50000000,0.00000000
R2L,7646.50000000,0.00000000
R2L,7647.50000000,0.00000000
R2L,7648.50000000,0.00000000
R2L,7649.50000000,0.00000000
R2L,7650.50000000,0.00000000
R2L,7651.50000000,0.00000000
R2L,7652.50000000,0.00000000
R2L,7653.50000000,0.00000000
R2L,7654.50000000,0.00000000
R2L,7655.50000000,0.00000000
R2L,7656.50000000,0.00000000
R2L,7657.50000000,0.00000000
R2L,7658.50000000,0.00000000
R2L,7659.50000000,0.00000000
R2L,7660.50000000,0.00000000
R2L,7661.50000000,0.00000000
R2L,7662.50000000,0.00000000
R2L,7663.50000000,0.00000000
R2L,7664.50000000,0.00000000
R2L,7665.50000000,0.00000000
R2L,7666.50000000,0.00000000
R2L,7667.50000000,0.00000000
R2L,7668.50000000,0.00000000
R2L,7669.50000000,0.00000000
R2L,7670.50000000,0.00000000
R2L,7671.50000000,0.00000000
R2L,7672.50000000,0.00000000
R2L,7673.50000000,0.00000000
R2L,7674.50000000,0.00000000
R2L,7675.50000000,0.00000000
R2L,7676.50000000,0.00000000
R2L,7677.50000000,0.00000000
R2L,7678.50000000,0.00000000
R2L,7679.50000000,0.00000000
R2L,7680.50000000,0.00000000
R2L,7681.50000000,0.00000000
R2L,7682.50000000,0.00000000
R2L,7683.50000000,0.00000000
R2L,7684.50000000,0.00000000
R2L,7685.50000000,0.00000000
R2L,7686.50000000,0.00000000
R2L,7687.50000000,0.00000000
R2L,7688.50000000,0.00000000
R2L,7689.50000000,0.00000000
R2L,7690.50000000,0.00000000
R2L,7691.50000000,0.00000000
R2L,7692.50000000,0.00000000
R2L,7693.50000000,0.00000000
R2L,7694.50000000,0.00000000
R2L,7695.50000000,0.00000000
R2L,7696.50000000,0.00000000
R2L,7697.50000000,0.00000000
R2L,7698.50000000,0.00000000
R2L,7699.50000000,0.00000000
R2L,7700.50000000,0.00000000
R2L,7701.50000000,0.00000000
R2L,7702.50000000,0.00000000
R2L,7703.50000000,0.00000000
R2L,7704.50000000,0.00000000
R2L,7705.50000000,0.00000000
R2L,7706.50000000,0.00000000
R2L,7707.50000000,0.00000000
R2L,7708.50000000,0.00000000
R2L,7709.50000000,0.00000000
R2L,7710.50000000,0.00000000
R2L,7711.50000000,0.00000000
R2L,7712.50000000,0.00000000
R2L,7713.50000000,0.00000000
R2L,7714.50000000,0.00000000
R2L,7715.50000000,0.00000000
R2L,7716.50000000,0.00000000
R2L,7717.50000000,0.00000000
R2L,7718.50000000,0.00000000
R2L,7719.50000000,0.00000000
R2L,7720.50000000,0.00000000
R2L,7721.50000000,0.00000000
R2L,7722.50000000,0.00000000
R2L,7723.50000000,0.00000000
R2L,7724.50000000,0.00000000
R2L,7725.50000000,0.00000000
R2L,7726.50000000,0.00000000
R2L,7727.50000000,0.00000000
R2L,7728.50000000,0.00000000
R2L,7729.50000000,0.00000000
R2L,7730.50000000,0.00000000
R2L,7731.50000000,0.00000000
R2L,7732.50000000,0.00000000
R2L,7733.50000000,0.00000000
R2L,7734.50000000,0.00000000
R2L,7735.50000000,0.00000000
R2L,7736.50000000,0.00000000
R2L,7737.50000000,0.00000000
R2L,7738.50000000,0.00000000
R2L,7739.50000000,0.00000000
R2L,7740.50000000,0.00000000
R2L,7741.50000000,0.00000000
R2L,7742.50000000,0.00000000
R2L,7743.50000000,0.00000000
R2L,7744.50000000,0.00000000
R2L,7745.50000000,0.00000000
R2L,7746.50000000,0.00000000
R2L,7747.50000000,0.00000000
R2L,7748.50000000,0.00000000
R2L,7749.50000000,0.00000000
R2L,7750.50000000,0.00000000
R2L,7751.50000000,0.00000000
R2L,7752.50000000,0.00000000
R2L,7753.50000000,0.00000000
R2L,7754.50000000,0.00000000
R2L,7755.50000000,0.00000000
R2L,7756.50000000,0.00000000
R2L,7757.50000000,0.00000000
R2L,7758.50000000,0.00000000
R2L,7759.50000000,0.00000000
R2L,7760.50000000,0.00000000
R2L,7761.50000000,0.00000000
R2L,7762.50000000,0.00000000
R2L,7763.50000000,0.00000000
R2L,7764.50000000,0.00000000
R2L,7765.50000000,0.00000000
R2L,7766.50000000,0.00000000
R2L,7767.50000000,0.00000000
R2L,7768.50000000,0.00000000
R2L,7769.50000000,0.00000000
R2L,7770.50000000,0.00000000
R2L,7771.50000000,0.00000000
R2L,7772.50000000,0.00000000
R2L,7773.50000000,0.00000000
R2L,7774.50000000,0.00000000
R2L,7775.50000000,0.00000000
R2L,7776.50000000,0.00000000
R2L,7777.50000000,0.00000000
R2L,7778.50000000,0.00000000
R2L,7779.50000000,0.00000000
R2L,7780.50000000,0.00000000
R2L,7781.50000000,0.00000000
R2L,7782.50000000,0.00000000
R2L,7783.50000000,0.00000000
R2L,7784.50000000,0.00000000
R2L,7785.50000000,0.00000000
R2L,7786.50000000,0.00000000
R2L,7787.50000000,0.00000000
R2L,7788.50000000,0.00000000
R2L,7789.50000000,0.00000000
R2L,7790.50000000,0.00000000
R2L,7791.50000000,0.00000000
R2L,7792.50000000,0.00000000
R2L,7793.50000000,0.00000000
R2L,7794.50000000,0.00000000
R2L,7795.50000000,0.00000000
R2L,7796.50000000,0.00000000
R2L,7797.50000000,0.00000000
R2L,7798.50000000,0.00000000
R2L,7799.50000000,0.00000000
R2L,7800.50000000,0.00000000
R2L,7801.50000000,0.00000000
R2L,7802.50000000,0.00000000
R2L,7803.50000000,0.00000000
R2L,7804.50000000,0.00000000
R2L,7805.50000000,0.00000000
R2L,7806.50000000,0.00000000
R2L,7807.50000000,0.00000000
R2L,7808.50000000,0.00000000
R2L,7809.50000000,0.00000000
R2L,7810.50000000,0.00000000
R2L,7811.50000000,0.00000000
R2L,7812.50000000,0.00000000
R2L,7813.50000000,0.00000000
R2L,7814.50000000,0.00000000
R2L,7815.50000000,0.00000000
R2L,7816.50000000,0.00000000
R2L,7817.50000000,0.00000000
R2L,7818.50000000,0.00000000
R2L,7819.50000000,0.00000000
R2L,7820.50000000,0.00000000
R2L,7821.50000000,0.00000000
R2L,7822.50000000,0.00000000
R2L,7823.50000000,0.00000000
R2L,7824.50000000,0.00000000
R2L,7825.50000000,0.00000000
R2L,7826.50000000,0.00000000
R2L,7827.50000000,0.00000000
R2L,7828.50000000,0.00000000
R2L,7829.50000000,0.00000000
R2L,7830.50000000,0.00000000
R2L,7831.50000000,0.00000000
R2L,7832.50000000,0.00000000
R2L,7833.50000000,0.00000000
R2L,7834.50000000,0.00000000
R2L,7835.50000000,0.00000000
R2L,7836.50000000,0.00000000
R2L,7837.50000000,0.00000000
R2L,7838.50000000,0.00000000
R2L,7839.50000000,0.00000000
R2L,7840.50000000,0.00000000
R2L,7841.50000000,0.00000000
R2L,7842.50000000,0.00000000
R2L,7843.50000000,0.00000000
R2L,7844.50000000,0.00000000
R2L,7845.50000000,0.00000000
R2L,7846.50000000,0.00000000
R2L,7847.50000000,0.00000000
R2L,7848.50000000,0.00000000
R2L,7849.50000000,0.00000000
R2L,7850.50000000,0.00000000
R2L,7851.50000000,0.00000000
R2L,7852.50000000,0.00000000
R2L,7853.50000000,0.00000000
R2L,7854.50000000,0.00000000
R2L,7855.50000000,0.00000000
R2L,7856.50000000,0.00000000
R2L,7857.50000000,0.00000000
R2L,7858.50000000,0.00000000
R2L,7859.50000000,0.00000000
R2L,7860.50000000,0.00000000
R2L,7861.50000000,0.00000000
R2L,7862.50000000,0.00000000
R2L,7863.50000000,0.00000000
R2L,7864.50000000,0.00000000
R2L,7865.50000000,0.00000000
R2L,7866.50000000,0.00000000
R2L,7867.50000000,0.00000000
R2L,7868.50000000,0.00000000
R2L,7869.50000000,0.00000000
R2L,7870.50000000,0.00000000
R2L,7871.50000000,0.00000000
R2L,7872.50000000,0.00000000
R2L,7873.50000000,0.00000000
R2L,7874.50000000,0.00000000
R2L,7875.50000000,0.00000000
R2L,7876.50000000,0.00000000
R2L,7877.50000000,0.00000000
R2L,7878.50000000,0.00000000
R2L,7879.50000000,0.00000000
R2L,7880.50000000,0.00000000
R2L,7881.50000000,0.00000000
R2L,7882.50000000,0.00000000
R2L,7883.50000000,0.00000000
R2L,7884.50000000,0.00000000
R2L,7885.50000000,0.00000000
R2L,7886.50000000,0.00000000
R2L,7887.50000000,0.00000000
R2L,7888.50000000,0.00000000
R2L,7889.50000000,0.00000000
R2L,7890.50000000,0.00000000
R2L,7891.50000000,0.00000000
R2L,7892.50000000,0.00000000
R2L,7893.50000000,0.00000000
R2L,7894.50000000,0.00000000
R2L,7895.50000000,0.00000000
R2L,7896.50000000,0.00000000
R2L,7897.50000000,0.00000000
R2L,7898.50000000,0.00000000
R2L,7899.50000000,0.00000000
R2L,7900.50000000,0.00000000
R2L,7901.50000000,0.00000000
R2L,7902.50000000,0.00000000
R2L,7903.50000000,0.00000000
R2L,7904.50000000,0.00000000
R2L,7905.50000000,0.00000000
R2L,7906.50000000,0.00000000
R2L,7907.50000000,0.00000000
R2L,7908.50000000,0.00000000
R2L,7909.50000000,0.00000000
R2L,7910.50000000,0.00000000
R2L,7911.50000000,0.00000000
R2L,7912.50000000,0.00000000
R2L,7913.50000000,0.00000000
R2L,7914.50000000,0.00000000
R2L,7915.50000000,0.00000000
R2L,7916.50000000,0.00000000
R2L,7917.50000000,0.00000000
R2L,7918.50000000,0.00000000
R2L,7919.50000000,0.00000000
R2L,7920.50000000,0.00000000
R2L,7921.50000000,0.00000000
R2L,7922.50000000,0.00000000
R2L,7923.50000000,0.00000000
R2L,7924.50000000,0.00000000
R2L,7925.50000000,0.00000000
R2L,7926.50000000,0.00000000
R2L,7927.50000000,0.00000000
R2L,7928.50000000,0.00000000
R2L,7929.50000000,0.00000000
R2L,7930.50000000,0.00000000
R2L,7931.50000000,0.00000000
R2L,7932.50000000,0.00000000
R2L,7933.50000000,0.00000000
R2L,7934.50000000,0.00000000
R2L,7935.50000000,0.00000000
R2L,7936.50000000,0.00000000
R2L,7937.50000000,0.00000000
R2L,7938.50000000,0.00000000
R2L,7939.50000000,0.00000000
R2L,7940.50000000,0.00000000
R2L,7941.50000000,0.00000000
R2L,7942.50000000,0.00000000
R2L,7943.50000000,0.00000000
R2L,7944.50000000,0.00000000
R2L,7945.50000000,0.00000000
R2L,7946.50000000,0.00000000
R2L,7947.50000000,0.00000000
R2L,7948.50000000,0.00000000
R2L,7949.50000000,0.00000000
R2L,7950.50000000,0.00000000
R2L,7951.50000000,0.00000000
R2L,7952.50000000,0.00000000
R2L,7953.50000000,0.00000000
R2L,7954.50000000,0.00000000
R2L,7955.50000000,0.00000000
R2L,7956.50000000,0.00000000
R2L,7957.50000000,0.00000000
R2L,7958.50000000,0.00000000
R2L,7959.50000000,0.00000000
R2L,7960.50000000,0.00000000
R2L,7961.50000000,0.00000000
R2L,7962.50000000,0.00000000
R2L,7963.50000000,0.00000000
R2L,7964.50000000,0.00000000
R2L,7965.50000000,0.00000000
R2L,7966.50000000,0.00000000
R2L,7967.50000000,0.00000000
R2L,7968.50000000,0.00000000
R2L,7969.50000000,0.00000000
R2L,7970.50000000,0.00000000
R2L,7971.50000000,0.00000000
R2L,7972.50000000,0.00000000
R2L,7973.50000000,0.00000000
R2L,7974.50000000,0.00000000
R2L,7975.50000000,0.00000000
R2L,7976.50000000,0.00000000
R2L,7977.50000000,0.00000000
R2L,7978.50000000,0.00000000
R2L,7979.50000000,0.00000000
R2L,7980.50000000,0.00000000
R2L,7981.50000000,0.00000000
R2L,7982.50000000,0.00000000
R2L,7983.50000000,0.00000000
R2L,7984.50000000,0.00000000
R2L,7985.50000000,0.00000000
R2L,7986.50000000,0.00000000
R2L,7987.50000000,0.00000000
R2L,7988.50000000,0.00000000
R2L,7989.50000000,0.00000000
R2L,7990.50000000,0.00000000
R2L,7991.50000000,0.00000000
R2L,7992.50000000,0.00000000
R2L,7993.50000000,0.00000000
R2L,7994.50000000,0.00000000
R2L,7995.50000000,0.00000000
R2L,7996.50000000,0.00000000
R2L,7997.50000000,0.00000000
R2L,7998.50000000,0.00000000
R2L,7999.50000000,0.00000000
R2L,8000.50000000,0.00000000
R2L,8001.50000000,0.00000000
R2L,8002.50000000,0.00000000
R2L,8003.50000000,0.00000000
R2L,8004.50000000,0.00000000
R2L,8005.50000000,0.00000000
R2L,8006.50000000,0.00000000
R2L,8007.50000000,0.00000000
R2L,8008.50000000,0.00000000
R2L,8009.50000000,0.00000000
R2L,8010.50000000,0.00000000
R2L,8011.50000000,0.00000000
R2L,8012.50000000,0.00000000
R2L,8013.50000000,0.00000000
R2L,8014.50000000,0.00000000
R2L,8015.50000000,0.00000000
R2L,8016.50000000,0.00000000
R2L,8017.50000000,0.00000000
R2L,8018.50000000,0.00000000
R2L,8019.50000000,0.00000000
R2L,8020.50000000,0.00000000
R2L,8021.50000000,0.00000000
R2L,8022.50000000,0.00000000
R2L,8023.50000000,0.00000000
R2L,8024.50000000,0.00000000
R2L,8025.50000000,0.00000000
R2L,8026.50000000,0.00000000
R2L,8027.50000000,0.00000000
R2L,8028.50000000,0.00000000
R2L,8029.50000000,0.00000000
R2L,8030.50000000,0.00000000
R2L,8031.50000000,0.00000000
R2L,8032.50000000,0.00000000
R2L,8033.50000000,0.00000000
R2L,8034.50000000,0.00000000
R2L,8035.50000000,0.00000000
R2L,8036.50000000,0.00000000
R2L,8037.50000000,0.00000000
R2L,8038.50000000,0.00000000
R2L,8039.50000000,0.00000000
R2L,8040.50000000,0.00000000
R2L,8041.50000000,0.00000000
R2L,8042.50000000,0.00000000
R2L,8043.50000000,0.00000000
R2L,8044.50000000,0.00000000
R2L,8045.50000000,0.00000000
R2L,8046.50000000,0.00000000
R2L,8047.50000000,0.00000000
R2L,8048.50000000,0.00000000
R2L,8049.50000000,0.00000000
R2L,8050.50000000,0.00000000
R2L,8051.50000000,0.00000000
R2L,8052.50000000,0.00000000
R2L,8053.50000000,0.00000000
R2L,8054.50000000,0.00000000
R2L,8055.50000000,0.00000000
R2L,8056.50000000,0.00000000
R2L,8057.50000000,0.00000000
R2L,8058.50000000,0.00000000
R2L,8059.50000000,0.00000000
R2L,8060.50000000,0.00000000
R2L,8061.50000000,0.00000000
R2L,8062.50000000,0.00000000
R2L,8063.50000000,0.00000000
R2L,8064.50000000,0.00000000
R2L,8065.50000000,0.00000000
R2L,8066.50000000,0.00000000
R2L,8067.50000000,0.00000000
R2L,8068.50000000,0.00000000
R2L,8069.50000000,0.00000000
R2L,8070.50000000,0.00000000
R2L,8071.50000000,0.00000000
R2L,8072.50000000,0.00000000
R2L,8073.50000000,0.00000000
R2L,8074.50000000,0.00000000
R2L,8075.50000000,0.00000000
R2L,8076.50000000,0.00000000
R2L,8077.50000000,0.00000000
R2L,8078.50000000,0.00000000
R2L,8079.50000000,0.00000000
R2L,8080.50000000,0.00000000
R2L,8081.50000000,0.00000000
R2L,8082.50000000,0.00000000
R2L,8083.50000000,0.00000000
R2L,8084.50000000,0.00000000
R2L,8085.50000000,0.00000000
R2L,8086.50000000,0.00000000
R2L,8087.50000000,0.00000000
R2L,8088.50000000,0.00000000
R2L,8089.50000000,0.00000000
R2L,8090.50000000,0.00000000
R2L,8091.50000000,0.00000000
R2L,8092.50000000,0.00000000
R2L,8093.50000000,0.00000000
R2L,8094.50000000,0.00000000
R2L,8095.50000000,0.00000000
R2L,8096.50000000,0.00000000
R2L,8097.50000000,0.00000000
R2L,8098.50000000,0.00000000
R2L,8099.50000000,0.00000000
R2L,8100.50000000,0.00000000
R2L,8101.50000000,0.00000000
R2L,8102.50000000,0.00000000
R2L,8103.50000000,0.00000000
R2L,8104.50000000,0.00000000
R2L,8105.50000000,0.00000000
R2L,8106.50000000,0.00000000
R2L,8107.50000000,0.00000000
R2L,8108.50000000,0.00000000
R2L,8109.50000000,0.00000000
R2L,8110.50000000,0.00000000
R2L,8111.50000000,0.00000000
R2L,8112.50000000,0.00000000
R2L,8113.50000000,0.00000000
R2L,8114.50000000,0.00000000
R2L,8115.50000000,0.00000000
R2L,8116.50000000,0.00000000
R2L,8117.50000000,0.00000000
R2L,8118.50000000,0.00000000
R2L,8119.50000000,0.00000000
R2L,8120.50000000,0.00000000
R2L,8121.50000000,0.00000000
R2L,8122.50000000,0.00000000
R2L,8123.50000000,0.00000000
R2L,8124.50000000,0.00000000
R2L,8125.50000000,0.00000000
R2L,8126.50000000,0.00000000
R2L,8127.50000000,0.00000000
R2L,8128.50000000,0.00000000
R2L,8129.50000000,0.00000000
R2L,8130.50000000,0.00000000
R2L,8131.50000000,0.00000000
R2L,8132.50000000,0.00000000
R2L,8133.50000000,0.00000000
R2L,8134.50000000,0.00000000
R2L,8135.50000000,0.00000000
R2L,8136.50000000,0.00000000
R2L,8137.50000000,0.00000000
R2L,8138.50000000,0.00000000
R2L,8139.50000000,0.00000000
R2L,8140.50000000,0.00000000
R2L,8141.50000000,0.00000000
R2L,8142.50000000,0.00000000
R2L,8143.50000000,0.00000000
R2L,8144.50000000,0.00000000
R2L,8145.50000000,0.00000000
R2L,8146.50000000,0.00000000
R2L,8147.50000000,0.00000000
R2L,8148.50000000,0.00000000
R2L,8149.50000000,0.00000000
R2L,8150.50000000,0.00000000
R2L,8151.50000000,0.00000000
R2L,8152.50000000,0.00000000
R2L,8153.50000000,0.00000000
R2L,8154.50000000,0.00000000
R2L,8155.50000000,0.00000000
R2L,8156.50000000,0.00000000
R2L,8157.50000000,0.00000000
R2L,8158.50000000,0.00000000
R2L,8159.50000000,0.00000000
R2L,8160.50000000,0.00000000
R2L,8161.50000000,0.00000000
R2L,8162.50000000,0.00000000
R2L,8163.50000000,0.00000000
R2L,8164.50000000,0.00000000
R2L,8165.50000000,0.00000000
R2L,8166.50000000,0.00000000
R2L,8167.50000000,0.00000000
R2L,8168.50000000,0.00000000
R2L,8169.50000000,0.00000000
R2L,8170.50000000,0.00000000
R2L,8171.50000000,0.00000000
R2L,8172.50000000,0.00000000
R2L,8173.50000000,0.00000000
R2L,8174.50000000,0.00000000
R2L,8175.50000000,0.00000000
R2L,8176.50000000,0.00000000
R2L,8177.50000000,0.00000000
R2L,8178.50000000,0.00000000
R2L,8179.50000000,0.00000000
R2L,8180.50000000,0.00000000
R2L,8181.50000000,0.00000000
R2L,8182.50000000,0.00000000
R2L,8183.50000000,0.00000000
R2L,8184.50000000,0.00000000
R2L,8185.50000000,0.00000000
R2L,8186.50000000,0.00000000
R2L,8187.50000000,0.00000000
R2L,8188.50000000,0.00000000
R2L,8189.50000000,0.00000000
R2L,8190.50000000,0.00000000
R2L,8191.50000000,0.00000000
R2L,8192.50000000,0.00000000
R2L,8193.50000000,0.00000000
R2L,8194.50000000,0.00000000
R2L,8195.50000000,0.00000000
R2L,8196.50000000,0.00000000
R2L,8197.50000000,0.00000000
R2L,8198.50000000,0.00000000
R2L,8199.50000000,0.00000000
R2L,8200.50000000,0.00000000
R2L,8201.50000000,0.00000000
R2L,8202.50000000,0.00000000
R2L,8203.50000000,0.00000000
R2L,8204.50000000,0.00000000
R2L,8205.50000000,0.00000000
R2L,8206.50000000,0.00000000
R2L,8207.50000000,0.00000000
R2L,8208.50000000,0.00000000
R2L,8209.50000000,0.00000000
R2L,8210.50000000,0.00000000
R2L,8211.50000000,0.00000000
R2L,8212.50000000,0.00000000
R2L,8213.50000000,0.00000000
R2L,8214.50000000,0.00000000
R2L,8215.50000000,0.00000000
R2L,8216.50000000,0.00000000
R2L,8217.50000000,0.00000000
R2L,8218.50000000,0.00000000
R2L,8219.50000000,0.00000000
R2L,8220.50000000,0.00000000
R2L,8221.50000000,0.00000000
R2L,8222.50000000,0.00000000
R2L,8223.50000000,0.00000000
R2L,8224.50000000,0.00000000
R2L,8225.50000000,0.00000000
R2L,8226.50000000,0.00000000
R2L,8227.50000000,0.00000000
R2L,8228.50000000,0.00000000
R2L,8229.50000000,0.00000000
R2L,8230.50000000,0.00000000
R2L,8231.50000000,0.00000000
R2L,8232.50000000,0.00000000
R2L,8233.50000000,0.00000000
R2L,8234.50000000,0.00000000
R2L,8235.50000000,0.00000000
R2L,8236.50000000,0.00000000
R2L,8237.50000000,0.00000000
R2L,8238.50000000,0.00000000
R2L,8239.50000000,0.00000000
R2L,8240.50000000,0.00000000
R2L,8241.50000000,0.00000000
R2L,8242.50000000,0.00000000
R2L,8243.50000000,0.00000000
R2L,8244.50000000,0.00000000
R2L,8245.50000000,0.00000000
R2L,8246.50000000,0.00000000
R2L,8247.50000000,0.00000000
R2L,8248.50000000,0.00000000
R2L,8249.50000000,0.00000000
R2L,8250.50000000,0.00000000
R2L,8251.50000000,0.00000000
R2L,8252.50000000,0.00000000
R2L,8253.50000000,0.00000000
R2L,8254.50000000,0.00000000
R2L,8255.50000000,0.00000000
R2L,8256.50000000,0.00000000
R2L,8257.50000000,0.00000000
R2L,8258.50000000,0.00000000
R2L,8259.50000000,0.00000000
R2L,8260.50000000,0.00000000
R2L,8261.50000000,0.00000000
R2L,8262.50000000,0.00000000
R2L,8263.50000000,0.00000000
R2L,8264.50000000,0.00000000
R2L,8265.50000000,0.00000000
R2L,8266.50000000,0.00000000
R2L,8267.50000000,0.00000000
R2L,8268.50000000,0.00000000
R2L,8269.50000000,0.00000000
R2L,8270.50000000,0.00000000
R2L,8271.50000000,0.00000000
R2L,8272.50000000,0.00000000
R2L,8273.50000000,0.00000000
R2L,8274.50000000,0.00000000
R2L,8275.50000000,0.00000000
R2L,8276.50000000,0.00000000
R2L,8277.50000000,0.00000000
R2L,8278.50000000,0.00000000
R2L,8279.50000000,0.00000000
R2L,8280.50000000,0.00000000
R2L,8281.50000000,0.00000000
R2L,8282.50000000,0.00000000
R2L,8283.50000000,0.00000000
R2L,8284.50000000,0.00000000
R2L,8285.50000000,0.00000000
R2L,8286.50000000,0.00000000
R2L,8287.50000000,0.00000000
R2L,8288.50000000,0.00000000
R2L,8289.50000000,0.00000000
R2L,8290.50000000,0.00000000
R2L,8291.50000000,0.00000000
R2L,8292.50000000,0.00000000
R2L,8293.50000000,0.00000000
R2L,8294.50000000,0.00000000
R2L,8295.50000000,0.00000000
R2L,8296.50000000,0.00000000
R2L,8297.50000000,0.00000000
R2L,8298.50000000,0.00000000
R2L,8299.50000000,0.00000000
R2L,8300.50000000,0.00000000
R2L,8301.50000000,0.00000000
R2L,8302.50000000,0.00000000
R2L,8303.50000000,0.00000000
R2L,8304.50000000,0.00000000
R2L,8305.50000000,0.00000000
R2L,8306.50000000,0.00000000
R2L,8307.50000000,0.00000000
R2L,8308.50000000,0.00000000
R2L,8309.50000000,0.00000000
R2L,8310.50000000,0.00000000
R2L,8311.50000000,0.00000000
R2L,8312.50000000,0.00000000
R2L,8313.50000000,0.00000000
R2L,8314.50000000,0.00000000
R2L,8315.50000000,0.00000000
R2L,8316.50000000,0.00000000
R2L,8317.50000000,0.00000000
R2L,8318.50000000,0.00000000
R2L,8319.50000000,0.00000000
R2L,8320.50000000,0.00000000
R2L,8321.50000000,0.00000000
R2L,8322.50000000,0.00000000
R2L,8323.50000000,0.00000000
R2L,8324.50000000,0.00000000
R2L,8325.50000000,0.00000000
R2L,8326.50000000,0.00000000
R2L,8327.50000000,0.00000000
R2L,8328.50000000,0.00000000
R2L,8329.50000000,0.00000000
R2L,8330.50000000,0.00000000
R2L,8331.50000000,0.00000000
R2L,8332.50000000,0.00000000
R2L,8333.50000000,0.00000000
R2L,8334.50000000,0.00000000
R2L,8335.50000000,0.00000000
R2L,8336.50000000,0.00000000
R2L,8337.50000000,0.00000000
R2L,8338.50000000,0.00000000
R2L,8339.50000000,0.00000000
R2L,8340.50000000,0.00000000
R2L,8341.50000000,0.00000000
R2L,8342.50000000,0.00000000
R2L,8343.50000000,0.00000000
R2L,8344.50000000,0.00000000
R2L,8345.50000000,0.00000000
R2L,8346.50000000,0.00000000
R2L,8347.50000000,0.00000000
R2L,8348.50000000,0.00000000
R2L,8349.50000000,0.00000000
R2L,8350.50000000,0.00000000
R2L,8351.50000000,0.00000000
R2L,8352.50000000,0.00000000
R2L,8353.50000000,0.00000000
R2L,8354.50000000,0.00000000
R2L,8355.50000000,0.00000000
R2L,8356.50000000,0.00000000
R2L,8357.50000000,0.00000000
R2L,8358.50000000,0.00000000
R2L,8359.50000000,0.00000000
R2L,8360.50000000,0.00000000
R2L,8361.50000000,0.00000000
R2L,8362.50000000,0.00000000
R2L,8363.50000000,0.00000000
R2L,8364.50000000,0.00000000
R2L,8365.50000000,0.00000000
R2L,8366.50000000,0.00000000
R2L,8367.50000000,0.00000000
R2L,8368.50000000,0.00000000
R2L,8369.50000000,0.00000000
R2L,8370.50000000,0.00000000
R2L,8371.50000000,0.00000000
R2L,8372.50000000,0.00000000
R2L,8373.50000000,0.00000000
R2L,8374.50000000,0.00000000
R2L,8375.50000000,0.00000000
R2L,8376.50000000,0.00000000
R2L,8377.50000000,0.00000000
R2L,8378.50000000,0.00000000
R2L,8379.50000000,0.00000000
R2L,8380.50000000,0.00000000
R2L,8381.50000000,0.00000000
R2L,8382.50000000,0.00000000
R2L,8383.50000000,0.00000000
R2L,8384.50000000,0.00000000
R2L,8385.50000000,0.00000000
R2L,8386.50000000,0.00000000
R2L,8387.50000000,0.00000000
R2L,8388.50000000,0.00000000
R2L,8389.50000000,0.00000000
R2L,8390.50000000,0.00000000
R2L,8391.50000000,0.00000000
R2L,8392.50000000,0.00000000
R2L,8393.50000000,0.00000000
R2L,8394.50000000,0.00000000
R2L,8395.50000000,0.00000000
R2L,8396.50000000,0.00000000
R2L,8397.50000000,0.00000000
R2L,8398.50000000,0.00000000
R2L,8399.50000000,0.00000000
